RAW,NORMALIZED,IDENTITY,BRAND,IS_SERVICE,IS_FOOD,IS_MEAT
Preliminares,preliminares,preliminares,,False,False,False
Demolicion,demolicion,demolicion,,True,False,False
Bote de Material,bote de material,bote|material,,True,False,False
Construccion de Rampa p/Puerta principal,construccion de rampa p/puerta principal,construccion|rampa|p/puerta|principal,,False,False,False
Rampa en Hormigon 210 kg/cm2-h:0.20  con malla electrosoldada,rampa en hormigon 210 kg/cm2-h 0.20 con malla electrosoldada,rampa|hormigon|210|kg/cm2-h|0.20|malla|electrosoldada|210 kg,,False,False,False
Construccion Acera,construccion acera,construccion|acera,,False,False,False
Acera e=0.10m malla electrosold. D2.3 10x10 (Violinada),acera e 0.10m malla electrosold. d2.3 10x10 violinada,acera|e|0.10m|malla|electrosold.|d2.3|10x10|violinada,,False,False,False
Conten pulido de  h=0.20m,conten pulido de h 0.20m,conten|pulido|h|0.20m,,False,False,False
Pisos,pisos,pisos,,False,False,False
Porcelanato 60x60 Español,porcelanato 60x60 espanol,porcelanato|60x60|espanol,,False,False,False
Socalo,socalo,socalo,,False,False,False
DIRECCION TECNICA,direccion tecnica,direccion|tecnica,,False,False,False
TRANSPORTE,transporte,transporte,,False,False,False
Preliminares,preliminares,preliminares,,False,False,False
Demolicion,demolicion,demolicion,,True,False,False
Bote de Material,bote de material,bote|material,,True,False,False
Construccion de Rampa p/Puerta principal,construccion de rampa p/puerta principal,construccion|rampa|p/puerta|principal,,False,False,False
Rampa en Hormigon 210 kg/cm2-h:0.20  con malla electrosoldada,rampa en hormigon 210 kg/cm2-h 0.20 con malla electrosoldada,rampa|hormigon|210|kg/cm2-h|0.20|malla|electrosoldada|210 kg,,False,False,False
Construccion Acera,construccion acera,construccion|acera,,False,False,False
Acera e=0.10m malla electrosold. D2.3 10x10 (Violinada),acera e 0.10m malla electrosold. d2.3 10x10 violinada,acera|e|0.10m|malla|electrosold.|d2.3|10x10|violinada,,False,False,False
Conten pulido de  h=0.20m,conten pulido de h 0.20m,conten|pulido|h|0.20m,,False,False,False
Pisos,pisos,pisos,,False,False,False
Porcelanato 60x60 Español,porcelanato 60x60 espanol,porcelanato|60x60|espanol,,False,False,False
Socalo,socalo,socalo,,False,False,False
DIRECCION TECNICA,direccion tecnica,direccion|tecnica,,False,False,False
TRANSPORTE,transporte,transporte,,False,False,False
Volumen Análisis,volumen analisis,volumen|analisis,,False,False,False
Materiales y Equipos,materiales y equipos,materiales|equipos,,False,False,False
Malla Electrosoldada D2.3 10x10mm + 10% desp.,malla electrosoldada d2.3 10x10mm 10% desp.,malla|electrosoldada|d2.3|10x10|mm|10%|desp.,,False,False,False
Hormigón industrial 210Kg/cm2 - 10% desp,hormigon industrial 210kg/cm2 - 10% desp,hormigon|industrial|210|kg/cm2|-|10%|desp|210 kg,,False,False,False
Alambre Dulce No. 18,alambre dulce no. 18,alambre|dulce|no.|18,,False,False,False
Mano de Obra,mano de obra,mano|obra,,True,False,False
Preparación superficie - Ayudante AY,preparacion superficie - ayudante ay,preparacion|superficie|-|ayudante|ay,,True,False,False
Mano de Obra colocación malla,mano de obra colocacion malla,mano|obra|colocacion|malla,,True,False,False
Mano de obra frotado y violinado,mano de obra frotado y violinado,mano|obra|frotado|violinado,,True,False,False
Total/UND,total/und,total/und,,False,False,False
TOTAL/M3,total/m3,total/m3,,False,False,False
Preliminares,preliminares,preliminares,,False,False,False
Demolicion,demolicion,demolicion,,True,False,False
Preparacion de terreno,preparacion de terreno,preparacion|terreno,,True,False,False
Bote de Material,bote de material,bote|material,,True,False,False
Brigada topografica,brigada topografica,brigada|topografica,,True,False,False
Construccion de Rampa y platea p/parqueos  en Hormigon Asfaltico E:0.07,construccion de rampa y platea p/parqueos en hormigon asfaltico e 0.07,construccion|rampa|platea|p/parqueos|hormigon|asfaltico|e|0.07,,False,False,False
Hormigon Asfaltico,hormigon asfaltico,hormigon|asfaltico,,False,False,False
"Construccion Conten, Acera y Platea",construccion conten acera y platea,construccion|conten|acera|platea,,False,False,False
Acera en Hormigon 210 kg/cm2- e=0.10m   (Violinada),acera en hormigon 210 kg/cm2- e 0.10m violinada,acera|hormigon|210|kg/cm2-|e|0.10m|violinada|210 kg,,False,False,False
Conten pulido de  h=0.20m,conten pulido de h 0.20m,conten|pulido|h|0.20m,,False,False,False
Platea en Hormigon 210 kg/cm2-h:0.10  con malla electrosold. D2.3 20x20,platea en hormigon 210 kg/cm2-h 0.10 con malla electrosold. d2.3 20x20,platea|hormigon|210|kg/cm2-h|0.10|malla|electrosold.|d2.3|210 kg,,False,False,False
Construccion Pandereta p/division en Sheetrock,construccion pandereta p/division en sheetrock,construccion|pandereta|p/division|sheetrock,,False,False,False
Pandereta en Sheetrock,pandereta en sheetrock,pandereta|sheetrock,,False,False,False
DIRECCION TECNICA,direccion tecnica,direccion|tecnica,,False,False,False
TRANSPORTE,transporte,transporte,,False,False,False
Preliminares,preliminares,preliminares,,False,False,False
Demolicion,demolicion,demolicion,,True,False,False
Preparacion de terreno,preparacion de terreno,preparacion|terreno,,True,False,False
Bote de Material,bote de material,bote|material,,True,False,False
Brigada topografica,brigada topografica,brigada|topografica,,True,False,False
Construccion de Rampa y platea p/parqueos  en Hormigon Asfaltico E:0.07,construccion de rampa y platea p/parqueos en hormigon asfaltico e 0.07,construccion|rampa|platea|p/parqueos|hormigon|asfaltico|e|0.07,,False,False,False
Hormigon Asfaltico,hormigon asfaltico,hormigon|asfaltico,,False,False,False
"Construccion Conten, Acera y Platea",construccion conten acera y platea,construccion|conten|acera|platea,,False,False,False
Acera en Hormigon 210 kg/cm2- e=0.10m   (Violinada),acera en hormigon 210 kg/cm2- e 0.10m violinada,acera|hormigon|210|kg/cm2-|e|0.10m|violinada|210 kg,,False,False,False
Conten pulido de  h=0.20m,conten pulido de h 0.20m,conten|pulido|h|0.20m,,False,False,False
Platea en Hormigon 210 kg/cm2-h:0.10  con malla electrosold. D2.3 20x20,platea en hormigon 210 kg/cm2-h 0.10 con malla electrosold. d2.3 20x20,platea|hormigon|210|kg/cm2-h|0.10|malla|electrosold.|d2.3|210 kg,,False,False,False
Construccion Pandereta p/division en Sheetrock,construccion pandereta p/division en sheetrock,construccion|pandereta|p/division|sheetrock,,False,False,False
Pandereta en Sheetrock,pandereta en sheetrock,pandereta|sheetrock,,False,False,False
TRANSPORTE,transporte,transporte,,False,False,False
Volumen Análisis,volumen analisis,volumen|analisis,,False,False,False
Materiales y Equipos,materiales y equipos,materiales|equipos,,False,False,False
Malla Electrosoldada D2.3 10x10mm + 10% desp.,malla electrosoldada d2.3 10x10mm 10% desp.,malla|electrosoldada|d2.3|10x10|mm|10%|desp.,,False,False,False
Hormigón industrial 210Kg/cm2 - 10% desp,hormigon industrial 210kg/cm2 - 10% desp,hormigon|industrial|210|kg/cm2|-|10%|desp|210 kg,,False,False,False
Alambre Dulce No. 18,alambre dulce no. 18,alambre|dulce|no.|18,,False,False,False
Mano de Obra,mano de obra,mano|obra,,True,False,False
Preparación superficie - Ayudante AY,preparacion superficie - ayudante ay,preparacion|superficie|-|ayudante|ay,,True,False,False
Mano de Obra colocación malla,mano de obra colocacion malla,mano|obra|colocacion|malla,,True,False,False
Mano de obra frotado y violinado,mano de obra frotado y violinado,mano|obra|frotado|violinado,,True,False,False
Total/UND,total/und,total/und,,False,False,False
TOTAL/M3,total/m3,total/m3,,False,False,False
Preliminares,preliminares,preliminares,,False,False,False
Verificacion y analisis de ploblemas en sistema de congelador y cuarto frio,verificacion y analisis de ploblemas en sistema de congelador y cuarto frio,verificacion|analisis|ploblemas|sistema|congelador|cuarto|frio,,True,False,False
Suministro de limpiador de humedad y limpieza de tuberia de refrigeracion,suministro de limpiador de humedad y limpieza de tuberia de refrigeracion,suministro|limpiador|humedad|limpieza|tuberia|refrigeracion,,True,False,False
Desintalacion y desponte de condensador  de 3 Ton,desintalacion y desponte de condensador de 3 ton,desintalacion|desponte|condensador|3|ton,,True,False,False
Desintacion de compresor de 5 ton,desintacion de compresor de 5 ton,desintacion|compresor|5|ton,,False,False,False
Sistema de Cuarto frio y Congelador,sistema de cuarto frio y congelador,sistema|cuarto|frio|congelador,,False,False,False
"Reparacion,Cambios, Instalaciones, Vacio y  Suministro",reparacion cambios instalaciones vacio y suministro,reparacion|cambios|instalaciones|vacio|suministro,,True,False,False
Cambio de filtro,cambio de filtro,cambio|filtro,,True,False,False
Cambio de Visor,cambio de visor,cambio|visor,,True,False,False
Instalacion de Valvula selenoide,instalacion de valvula selenoide,instalacion|valvula|selenoide,,True,False,False
"Instalacion de sistema digital de termometro, alarma y tiempo de entrada de compresor",instalacion de sistema digital de termometro alarma y tiempo de entrada de compresor,instalacion|sistema|digital|termometro|alarma|tiempo|entrada|compresor,,True,False,False
Instalacion de Luz led p/cuatro de congelador e interruptor,instalacion de luz led p/cuatro de congelador e interruptor,instalacion|luz|led|p/cuatro|congelador|e|interruptor,,True,False,False
Instalacion de cortina en Puerta,instalacion de cortina en puerta,instalacion|cortina|puerta,,True,False,False
Instalacion de temporizador electronico digital Defrost c/6hrs,instalacion de temporizador electronico digital defrost c/6hrs,instalacion|temporizador|electronico|digital|defrost|c/6hrs,,True,False,False
Intalacion de resistencias de descongelamiento de evaporador de cuarto congelador,intalacion de resistencias de descongelamiento de evaporador de cuarto congelador,intalacion|resistencias|descongelamiento|evaporador|cuarto|congelador,,False,False,False
Instalacion de Valvula de expansion,instalacion de valvula de expansion,instalacion|valvula|expansion,,True,False,False
Vacio a sistema de refrigeracion de congelador,vacio a sistema de refrigeracion de congelador,vacio|a|sistema|refrigeracion|congelador,,True,False,False
Suministro de Refigerante R-404,suministro de refigerante r-404,suministro|refigerante|r-404|R-404,,False,False,False
Instalacion  de Aislante tipo bascosel con cinta negra,instalacion de aislante tipo bascosel con cinta negra,instalacion|aislante|tipo|bascosel|cinta|negra,,True,False,False
A/C,a/c,a/c,,False,False,False
Mantenimiento/Hidrolavado,mantenimiento/hidrolavado,mantenimiento/hidrolavado,,False,False,False
A/C split 12 btu,a/c split 12 btu,a/c|split|12|btu,,False,False,False
A/C split 24 btu,a/c split 24 btu,a/c|split|24|btu,,False,False,False
Manejadora de 5ton,manejadora de 5ton,manejadora|5ton,,False,False,False
A/C,a/c,a/c,,False,False,False
Reparacion/Instalacion/Vacio-Suministro,reparacion/instalacion/vacio-suministro,reparacion/instalacion/vacio-suministro,,False,False,False
A/C tipo paquete de 10 Ton,a/c tipo paquete de 10 ton,a/c|tipo|paquete|10|ton,,False,False,False
A/C split 24 btu,a/c split 24 btu,a/c|split|24|btu,,False,False,False
Instalacion de Condensador 3 Ton,instalacion de condensador 3 ton,instalacion|condensador|3|ton,,True,False,False
Instalacion de Compresor de 5 Ton,instalacion de compresor de 5 ton,instalacion|compresor|5|ton,,True,False,False
Vacio a sistema de refrigeracion de Aires,vacio a sistema de refrigeracion de aires,vacio|a|sistema|refrigeracion|aires,,True,False,False
Suministro de Refigerante R-404,suministro de refigerante r-404,suministro|refigerante|r-404|R-404,,False,False,False
Suministro de Refigerante R-22,suministro de refigerante r-22,suministro|refigerante|r-22,,False,False,False
DIRECCION TECNICA,direccion tecnica,direccion|tecnica,,False,False,False
Preliminares,preliminares,preliminares,,False,False,False
Verificacion y analisis de ploblemas en sistema de congelador y cuarto frio,verificacion y analisis de ploblemas en sistema de congelador y cuarto frio,verificacion|analisis|ploblemas|sistema|congelador|cuarto|frio,,True,False,False
Suministro de limpiador de humedad y limpieza de tuberia de refrigeracion,suministro de limpiador de humedad y limpieza de tuberia de refrigeracion,suministro|limpiador|humedad|limpieza|tuberia|refrigeracion,,True,False,False
Desintalacion y desponte de condensador  de 3 Ton,desintalacion y desponte de condensador de 3 ton,desintalacion|desponte|condensador|3|ton,,True,False,False
Desintacion de compresor de 5 ton,desintacion de compresor de 5 ton,desintacion|compresor|5|ton,,False,False,False
Sistema de Cuarto frio y Congelador,sistema de cuarto frio y congelador,sistema|cuarto|frio|congelador,,False,False,False
"Reparacion,Cambios, Instalaciones, Vacio y  Suministro",reparacion cambios instalaciones vacio y suministro,reparacion|cambios|instalaciones|vacio|suministro,,True,False,False
Cambio de filtro,cambio de filtro,cambio|filtro,,True,False,False
Cambio de Visor,cambio de visor,cambio|visor,,True,False,False
Instalacion de Valvula selenoide,instalacion de valvula selenoide,instalacion|valvula|selenoide,,True,False,False
"Instalacion de sistema digital de termometro, alarma y tiempo de entrada de compresor",instalacion de sistema digital de termometro alarma y tiempo de entrada de compresor,instalacion|sistema|digital|termometro|alarma|tiempo|entrada|compresor,,True,False,False
Instalacion de Luz led p/cuatro de congelador e interruptor,instalacion de luz led p/cuatro de congelador e interruptor,instalacion|luz|led|p/cuatro|congelador|e|interruptor,,True,False,False
Instalacion de cortina en Puerta,instalacion de cortina en puerta,instalacion|cortina|puerta,,True,False,False
Instalacion de temporizador electronico digital Defrost c/6hrs,instalacion de temporizador electronico digital defrost c/6hrs,instalacion|temporizador|electronico|digital|defrost|c/6hrs,,True,False,False
Intalacion de resistencias de descongelamiento de evaporador de cuarto congelador,intalacion de resistencias de descongelamiento de evaporador de cuarto congelador,intalacion|resistencias|descongelamiento|evaporador|cuarto|congelador,,False,False,False
Instalacion de Valvula de expansion,instalacion de valvula de expansion,instalacion|valvula|expansion,,True,False,False
Vacio a sistema de refrigeracion de congelador,vacio a sistema de refrigeracion de congelador,vacio|a|sistema|refrigeracion|congelador,,True,False,False
Suministro de Refigerante R-404,suministro de refigerante r-404,suministro|refigerante|r-404|R-404,,False,False,False
Instalacion  de Aislante tipo bascosel con cinta negra,instalacion de aislante tipo bascosel con cinta negra,instalacion|aislante|tipo|bascosel|cinta|negra,,True,False,False
A/C,a/c,a/c,,False,False,False
Mantenimiento/Hidrolavado,mantenimiento/hidrolavado,mantenimiento/hidrolavado,,False,False,False
A/C split 12 btu,a/c split 12 btu,a/c|split|12|btu,,False,False,False
A/C split 24 btu,a/c split 24 btu,a/c|split|24|btu,,False,False,False
Manejadora de 5ton,manejadora de 5ton,manejadora|5ton,,False,False,False
A/C,a/c,a/c,,False,False,False
Reparacion/Instalacion/Vacio-Suministro,reparacion/instalacion/vacio-suministro,reparacion/instalacion/vacio-suministro,,False,False,False
A/C tipo paquete de 10 Ton,a/c tipo paquete de 10 ton,a/c|tipo|paquete|10|ton,,False,False,False
A/C split 24 btu,a/c split 24 btu,a/c|split|24|btu,,False,False,False
Instalacion de Condensador 3 Ton,instalacion de condensador 3 ton,instalacion|condensador|3|ton,,True,False,False
Instalacion de Compresor de 5 Ton,instalacion de compresor de 5 ton,instalacion|compresor|5|ton,,True,False,False
Vacio a sistema de refrigeracion de Aires,vacio a sistema de refrigeracion de aires,vacio|a|sistema|refrigeracion|aires,,True,False,False
Suministro de Refigerante R-404,suministro de refigerante r-404,suministro|refigerante|r-404|R-404,,False,False,False
Suministro de Refigerante R-22,suministro de refigerante r-22,suministro|refigerante|r-22,,False,False,False
DIRECCION TECNICA,direccion tecnica,direccion|tecnica,,False,False,False
A/C PISO TECHO,a/c piso techo,a/c|piso|techo,,False,False,False
"CONSOLA PISO TECHO INVERTE 60,000 BTU",consola piso techo inverte 60 000 btu,consola|piso|techo|inverte|60|000|btu,,False,False,False
"CONDENSADOR INVERTER 60,000 BTU 220/1/60",condensador inverter 60 000 btu 220/1/60,condensador|inverter|60|000|btu|220/1/60|220/1,,False,False,False
A/C SPLIT,a/c split,a/c|split,,False,False,False
LENNOX I3 SEER 12 K BTU,lennox i3 seer 12 k btu,lennox|i3|seer|12|k|btu,,False,False,False
INSTALACION ELECTRICA,instalacion electrica,instalacion|electrica,,True,False,False
A/C DE 5 TON DUCTIABLE,a/c de 5 ton ductiable,a/c|5|ton|ductiable,,False,False,False
"MANEJADORA INVERTER 60,000 BTU",manejadora inverter 60 000 btu,manejadora|inverter|60|000|btu,,False,False,False
"CONDENSADOR INVERTER 60,000 BTU",condensador inverter 60 000 btu,condensador|inverter|60|000|btu,,False,False,False
DISEÑO Y CONSTRUCCION DE DUCTERIA,diseno y construccion de ducteria,diseno|construccion|ducteria,,False,False,False
DIRECCION TECNICA,direccion tecnica,direccion|tecnica,,False,False,False
TRANSPORTE,transporte,transporte,,False,False,False
A/C SPLIT,a/c split,a/c|split,,False,False,False
LENNOX I3 SEER 12 K BTU,lennox i3 seer 12 k btu,lennox|i3|seer|12|k|btu,,False,False,False
INSTALACION ELECTRICA,instalacion electrica,instalacion|electrica,,True,False,False
"REPARACION DE BOMBA E INSTALACION ELECTRICA, CAMBIO DE TUBERIA P/AIRE Y SUSTITUCION DE CABLE ELECTRICO",reparacion de bomba e instalacion electrica cambio de tuberia p/aire y sustitucion de cable electrico,reparacion|bomba|e|instalacion|electrica|cambio|tuberia|p/aire,,True,False,False
EMBOBINADO DE MOTOR DE BOMBA DE AGUA PEDROLLO MOD. CP-680A     10 HP 220 VOLTIOS 3 PHASES 60 HZ.  CON ALAMBRE DE COBRE AMERICANO MARCA BNTECHGO NEMA MW-80C,embobinado de motor de bomba de agua pedrollo mod. cp-680a 10 hp 220 voltios 3 phases 60 hz. con alambre de cobre americano marca bntechgo nema mw-80c,embobinado|motor|bomba|agua|pedrollo|mod.|cp-680a|10|CP-680A,Cano,False,False,False
RODAMIENTO C-6206 Z DE ALTA TEMPERATURA SKF,rodamiento c-6206 z de alta temperatura skf,rodamiento|c-6206|z|alta|temperatura|skf|C-6206,,False,False,False
CAMBIO DE IMPELLER,cambio de impeller,cambio|impeller,,True,False,False
ABANICO DE BOMBA PEDROLLO CP-680A,abanico de bomba pedrollo cp-680a,abanico|bomba|pedrollo|cp-680a|CP-680A,,False,False,False
ACONDICIONAMIENTO DE BOMBA DE AGUA CON PINTURA INDUSTRIAL,acondicionamiento de bomba de agua con pintura industrial,acondicionamiento|bomba|agua|pintura|industrial,,False,False,False
INSTALACION DE SISTEMA DE ELECTRICIDAD EN PANEL PARA ENERGIZAR  LAS BOMBAS DE AGUA,instalacion de sistema de electricidad en panel para energizar las bombas de agua,instalacion|sistema|electricidad|panel|para|energizar|bombas|agua,,True,False,False
CAMBIO DE TUBERIAS  Y FILTRO PARA AIRE DE 5 TON,cambio de tuberias y filtro para aire de 5 ton,cambio|tuberias|filtro|para|aire|5|ton,,True,False,False
SUSTITUCION DE CALBLES ELECTRICO #4 POR 1/0 EN LINEA DE ALIMENTACION DEL EDIF DE VIH,sustitucion de calbles electrico 4 por 1/0 en linea de alimentacion del edif de vih,sustitucion|calbles|electrico|4|por|1/0|linea|alimentacion|1/0,,False,False,False
DIRECCION TECNICA,direccion tecnica,direccion|tecnica,,False,False,False
TRANSPORTE,transporte,transporte,,False,False,False
A/C SPLIT,a/c split,a/c|split,,False,False,False
LENNOX I3 SEER 12 K BTU,lennox i3 seer 12 k btu,lennox|i3|seer|12|k|btu,,False,False,False
INSTALACION ELECTRICA,instalacion electrica,instalacion|electrica,,True,False,False
"REPARACION DE BOMBA E INSTALACION ELECTRICA, CAMBIO DE TUBERIA P/AIRE Y SUSTITUCION DE CABLE ELECTRICO",reparacion de bomba e instalacion electrica cambio de tuberia p/aire y sustitucion de cable electrico,reparacion|bomba|e|instalacion|electrica|cambio|tuberia|p/aire,,True,False,False
EMBOBINADO DE MOTOR DE BOMBA DE AGUA PEDROLLO MOD. CP-680A     10 HP 220 VOLTIOS 3 PHASES 60 HZ.  CON ALAMBRE DE COBRE AMERICANO MARCA BNTECHGO NEMA MW-80C,embobinado de motor de bomba de agua pedrollo mod. cp-680a 10 hp 220 voltios 3 phases 60 hz. con alambre de cobre americano marca bntechgo nema mw-80c,embobinado|motor|bomba|agua|pedrollo|mod.|cp-680a|10|CP-680A,Cano,False,False,False
RODAMIENTO C-6206 Z DE ALTA TEMPERATURA SKF,rodamiento c-6206 z de alta temperatura skf,rodamiento|c-6206|z|alta|temperatura|skf|C-6206,,False,False,False
CAMBIO DE IMPELLER,cambio de impeller,cambio|impeller,,True,False,False
ABANICO DE BOMBA PEDROLLO CP-680A,abanico de bomba pedrollo cp-680a,abanico|bomba|pedrollo|cp-680a|CP-680A,,False,False,False
ACONDICIONAMIENTO DE BOMBA DE AGUA CON PINTURA INDUSTRIAL,acondicionamiento de bomba de agua con pintura industrial,acondicionamiento|bomba|agua|pintura|industrial,,False,False,False
INSTALACION DE SISTEMA DE ELECTRICIDAD EN PANEL PARA ENERGIZAR  LAS BOMBAS DE AGUA,instalacion de sistema de electricidad en panel para energizar las bombas de agua,instalacion|sistema|electricidad|panel|para|energizar|bombas|agua,,True,False,False
CAMBIO DE TUBERIAS  Y FILTRO PARA AIRE DE 5 TON,cambio de tuberias y filtro para aire de 5 ton,cambio|tuberias|filtro|para|aire|5|ton,,True,False,False
SUSTITUCION DE CALBLES ELECTRICO #4 POR 1/0 EN LINEA DE ALIMENTACION DEL EDIF DE VIH,sustitucion de calbles electrico 4 por 1/0 en linea de alimentacion del edif de vih,sustitucion|calbles|electrico|4|por|1/0|linea|alimentacion|1/0,,False,False,False
DIRECCION TECNICA,direccion tecnica,direccion|tecnica,,False,False,False
TRANSPORTE,transporte,transporte,,False,False,False
ENTREGADO POR,entregado por,entregado|por,,False,False,False
Preliminares,preliminares,preliminares,,False,False,False
Demolicion,demolicion,demolicion,,True,False,False
Bote de Material,bote de material,bote|material,,True,False,False
Porcelanato 60x60,porcelanato 60x60,porcelanato|60x60,,False,False,False
"Instalacion de mezcladora mono ducha, fluxometro y llave de lavamano en baño",instalacion de mezcladora mono ducha fluxometro y llave de lavamano en bano,instalacion|mezcladora|mono|ducha|fluxometro|llave|lavamano|bano,,True,False,False
Instalacion de Lavamano metalico,instalacion de lavamano metalico,instalacion|lavamano|metalico,,True,False,False
Construccion de tapa P/Registro sanitario,construccion de tapa p/registro sanitario,construccion|tapa|p/registro|sanitario,,False,False,False
Resane de pared y hueco en distribucion red agua potable,resane de pared y hueco en distribucion red agua potable,resane|pared|hueco|distribucion|red|agua|potable,,False,False,False
Division en sheetrock,division en sheetrock,division|sheetrock,,False,False,False
Construccion de drenaje en planta de Oxigeno Medico,construccion de drenaje en planta de oxigeno medico,construccion|drenaje|planta|oxigeno|medico,,False,False,False
DIRECCION TECNICA,direccion tecnica,direccion|tecnica,,False,False,False
TRANSPORTE,transporte,transporte,,False,False,False
Tubo led 18w 48'' 6000k,tubo led 18w 48 6000k,tubo|led|18|w|48|6000k|18W,,False,False,False
Tape scotch super 33 3m,tape scotch super 33 3m,tape|scotch|super|33|3m,,False,False,False
Roseta porcelana leviton,roseta porcelana leviton,roseta|porcelana|leviton,,False,False,False
Cable #14 AWG thhn negro,cable 14 awg thhn negro,cable|14|awg|thhn|negro,,False,False,False
Candado Yale 70 mm 110-70,candado yale 70 mm 110-70,candado|yale|70|mm|110-70,,False,False,False
Bombillo led 20w sylvania 20w-6500k,bombillo led 20w sylvania 20w-6500k,bombillo|led|20|w|sylvania|20|w-6500k|W-6500K|20W,,False,False,False
PINTURA POPULAR EXT-INT PRO BLANCO 50,pintura popular ext-int pro blanco 50,pintura|popular|ext-int|pro|blanco|50,,False,False,False
PINTURA POPULAR EXT-INT PRO  ARENA 23,pintura popular ext-int pro arena 23,pintura|popular|ext-int|pro|arena|23,,False,False,False
PINTURA TROPICAL CONTRACTOR NEGRO 53 POSITIVO,pintura tropical contractor negro 53 positivo,pintura|tropical|contractor|negro|53|positivo,Tropical,False,False,False
VARILLA DE 1/2'',varilla de 1/2,varilla|1/2|1/2,,False,False,False
BLOCK DE 8''  FRABRICA P.108,block de 8 frabrica p.108,block|8|frabrica|p.108,,False,False,False
PINTURA ACRILICA ROJO POSITVO POPULAR,pintura acrilica rojo positvo popular,pintura|acrilica|rojo|positvo|popular,,False,False,False
PINTURA ACRILICA AZUL POSITVO POPULAR,pintura acrilica azul positvo popular,pintura|acrilica|azul|positvo|popular,,False,False,False
PINTURA ACRILICA BLANCA POPULAR 50,pintura acrilica blanca popular 50,pintura|acrilica|blanca|popular|50,,False,False,False
PINTURA ALTO TRANSITO (AMARILLO TRAFICO) POPULAR,pintura alto transito amarillo trafico popular,pintura|alto|transito|amarillo|trafico|popular,,False,False,False
ALAMBRE #8 AWG,alambre 8 awg,alambre|8|awg,,False,False,False
ALAMBRE #10 AWG,alambre 10 awg,alambre|10|awg,,False,False,False
ALAMBRE DE GOMA 12/3,alambre de goma 12/3,alambre|goma|12/3|12/3,,False,False,False
TAPE VINIL SCOTCH 3M SUPER33+,tape vinil scotch 3m super33,tape|vinil|scotch|3m|super33|SUPER33,,False,False,False
ALAMBRE 12/2 AWG PHELPS DODGE,alambre 12/2 awg phelps dodge,alambre|12/2|awg|phelps|dodge|12/2,,False,False,False
CANDADO DE BRONCE YALE ITALY 70MM,candado de bronce yale italy 70mm,candado|bronce|yale|italy|70|mm,,False,False,False
CAJA DE BREAKER  PLASTICO EUROPEO DE 12 CIRCUITO,caja de breaker plastico europeo de 12 circuito,caja|breaker|plastico|europeo|12|circuito,,False,False,False
CIRCUITO BREAKER DE 20 AMP,circuito breaker de 20 amp,circuito|breaker|20|amp,,False,False,False
BOMBILLOS DE COLOR ROJO MODALIDAD ESCUNFE ESTANADAR,bombillos de color rojo modalidad escunfe estanadar,bombillos|color|rojo|modalidad|escunfe|estanadar,,False,False,False
BOMBILLOS DE COLOR AZUL MODALIDAD ESCUNFE ESTANADAR,bombillos de color azul modalidad escunfe estanadar,bombillos|color|azul|modalidad|escunfe|estanadar,,False,False,False
BOMBILLOS DE COLOR BLANCO MODALIDAD ESCUNFE ESTANADAR,bombillos de color blanco modalidad escunfe estanadar,bombillos|color|blanco|modalidad|escunfe|estanadar,,False,False,False
CONTACTOR MAGNETICO DE 65 AMP,contactor magnetico de 65 amp,contactor|magnetico|65|amp,,False,False,False
SALIDA CENITAL (Roseta porcelana leviton),salida cenital roseta porcelana leviton,salida|cenital|roseta|porcelana|leviton,,False,False,False
TOMA CORRIENTE  DOBLE HOME SOLUTION 110 V,toma corriente doble home solution 110 v,toma|corriente|doble|home|solution|110|v,,False,False,False
TOMACORRIENTE 220V KOLNY,tomacorriente 220v kolny,tomacorriente|220v|kolny,,False,False,False
CAJA BREAKER GE 2 A 4,caja breaker ge 2 a 4,caja|breaker|ge|2|a|4,,False,False,False
BREAKER GE 1P 20A GRUESO,breaker ge 1p 20a grueso,breaker|ge|1p|20a|grueso,,False,False,False
CABLE GOMA 8/3 SJTW NEGRO,cable goma 8/3 sjtw negro,cable|goma|8/3|sjtw|negro|8/3,,False,False,False
ALAMBRE ELECT. AWG  #12 NEGRO,alambre elect. awg 12 negro,alambre|elect.|awg|12|negro,,False,False,False
ALAMBRE ELECT. AWG  #12 BLANCO,alambre elect. awg 12 blanco,alambre|elect.|awg|12|blanco,,False,False,False
PINTURA SHERWIN WILLIAMS DE 1/4 (SW 7558),pintura sherwin williams de 1/4 sw 7558,pintura|sherwin|williams|1/4|sw|7558|1/4,,False,False,False
TROPICAL ACRILICA US SATINADA BLANCO 00,tropical acrilica us satinada blanco 00,tropical|acrilica|us|satinada|blanco|00,Tropical,False,False,False
PINTURA TROPICAL CONTRACTOR NEGRO 53 POSITIVO,pintura tropical contractor negro 53 positivo,pintura|tropical|contractor|negro|53|positivo,Tropical,False,False,False
MOTAS ANTIGOTAS 9'' EM,motas antigotas 9 em,motas|antigotas|9|em,,False,False,False
BROCHAS DE 1'' EMTOP,brochas de 1 emtop,brochas|1|emtop,,False,False,False
BROCHAS DE 2'' EMTOP,brochas de 2 emtop,brochas|2|emtop,,False,False,False
BROCHAS DE 3'' EMTOP,brochas de 3 emtop,brochas|3|emtop,,False,False,False
BROCHAS DE 4'''EMTOP,brochas de 4 emtop,brochas|4|emtop,,False,False,False
PORTA ROLO PINTAR SML,porta rolo pintar sml,porta|rolo|pintar|sml,,False,False,False
CHINA CUPS GRANDES 32 OZ,china cups grandes 32 oz,china|cups|grandes|32|oz,,False,False,False
EXTENSION P/ PINTAR  REMIER 6''-12'',extension p/ pintar remier 6 -12,extension|p/|pintar|remier|6|-12,,False,False,False
"PINCELES WINDSOR & NEWTON, ROYAL Y LANGNIKEL Y  PRICENTON (16 UND)",pinceles windsor newton royal y langnikel y pricenton 16 und,pinceles|windsor|newton|royal|langnikel|pricenton|16|und,,False,False,False
ALAMBRE #8 AWG,alambre 8 awg,alambre|8|awg,,False,False,False
TORNILLO  HEXAGONAL 5/16X2,tornillo hexagonal 5/16x2,tornillo|hexagonal|5/16x2,,False,False,False
LAMPRA LED 150 W TIPO COBRA,lampra led 150 w tipo cobra,lampra|led|150|w|tipo|cobra|150W,,False,False,False
CONECTOR KIT,conector kit,conector|kit,,False,False,False
TARUGO PLOMO 1/2X5/16X11/4,tarugo plomo 1/2x5/16x11/4,tarugo|plomo|1/2x5/16x11/4,,False,False,False
TAPE NEGRO DE GOMA ELECTRICO  SCOTCH  3M,tape negro de goma electrico scotch 3m,tape|negro|goma|electrico|scotch|3m,,False,False,False
TALADROS PROFESIONALES DEWALT,taladros profesionales dewalt,taladros|profesionales|dewalt,Dewalt,False,False,False
LAMPRA LED 150 W TIPO COBRA,lampra led 150 w tipo cobra,lampra|led|150|w|tipo|cobra|150W,,False,False,False
CONECTOR KIT,conector kit,conector|kit,,False,False,False
TARUGO PLOMO 1/2X5/16X11/4,tarugo plomo 1/2x5/16x11/4,tarugo|plomo|1/2x5/16x11/4,,False,False,False
TAPE NEGRO DE GOMA ELECTRICO  SCOTCH  3M,tape negro de goma electrico scotch 3m,tape|negro|goma|electrico|scotch|3m,,False,False,False
TALADROS PROFESIONALES DEWALT,taladros profesionales dewalt,taladros|profesionales|dewalt,Dewalt,False,False,False
Tabla madera de pino 1x10x10 cepillada,tabla madera de pino 1x10x10 cepillada,tabla|madera|pino|1x10x10|cepillada,,False,False,False
Tabla madera de pino 1x10x12 bandeada,tabla madera de pino 1x10x12 bandeada,tabla|madera|pino|1x10x12|bandeada,,False,False,False
Pl mdf 1/2 hidrofugo brazil Duratex,pl mdf 1/2 hidrofugo brazil duratex,pl|mdf|1/2|hidrofugo|brazil|duratex|1/2,,False,False,False
Barra agarradera para ataud 6 1/2 pies,barra agarradera para ataud 6 1/2 pies,barra|agarradera|para|ataud|6|1/2|pies|1/2|2 pies,,False,False,False
Cola amarilla universal (105 oz),cola amarilla universal 105 oz,cola|amarilla|universal|105|oz,,False,False,False
Cristal 16x12 de 3/16,cristal 16x12 de 3/16,cristal|16x12|3/16|3/16,,False,False,False
Primer para madera blanco /Relleno POWER RIDER 2014 GL,primer para madera blanco /relleno power rider 2014 gl,primer|para|madera|blanco|/relleno|power|rider|2014|2014 gl,,False,False,False
Laca para madera blanca terminacion power rider,laca para madera blanca terminacion power rider,laca|para|madera|blanca|terminacion|power|rider,,False,False,False
Sealer Tropical (6158),sealer tropical 6158,sealer|tropical|6158,Tropical,False,False,False
Barpicolor 605 1LT caoba #2 MD barpimo,barpicolor 605 1lt caoba 2 md barpimo,barpicolor|605|1lt|caoba|2|md|barpimo,,False,False,False
Barpicolor 605 1LT caoba #3 MD barpimo,barpicolor 605 1lt caoba 3 md barpimo,barpicolor|605|1lt|caoba|3|md|barpimo,,False,False,False
GL DE THINNER TH-900 TROPICAL,gl de thinner th-900 tropical,gal|thinner|th-900|tropical|TH-900,Tropical,False,False,False
1/4 masilla p/madera wood f caoba WF-828-,1/4 masilla p/madera wood f caoba wf-828-,1/4|masilla|p/madera|wood|f|caoba|wf-828-|1/4|WF-828,,False,False,False
1/4 pasta acrilica cano (32 OZ),1/4 pasta acrilica cano 32 oz,1/4|pasta|acrilica|cano|32|oz|1/4,Cano,False,False,False
Tornillo diablito 6x 1 1/2 pulgada,tornillo diablito 6x 1 1/2 pulgada,"tornillo|diablito|6x|1|1/2|pulgada|1/2|2""",LG,False,False,False
Tornillo diablito 6x 2 pulgada,tornillo diablito 6x 2 pulgada,"tornillo|diablito|6x|2|pulgada|2""",LG,False,False,False
"Disco lija de pulidora  (Norton) F227 7"" #50","disco lija de pulidora norton f227 7"" 50","disco|lija|pulidora|norton|f227|7""|50|F227|7""",,False,False,False
Disco lija de pulidora #60 (Norton),disco lija de pulidora 60 norton,disco|lija|pulidora|60|norton,,False,False,False
Disco lija de pulidora #80 (Norton),disco lija de pulidora 80 norton,disco|lija|pulidora|80|norton,,False,False,False
Disco lija de pulidora #100 (Norton),disco lija de pulidora 100 norton,disco|lija|pulidora|100|norton,,False,False,False
Disco lija de pulidora #120 (Norton),disco lija de pulidora 120 norton,disco|lija|pulidora|120|norton,,False,False,False
Disco lija pulidora #50 (Norton),disco lija pulidora 50 norton,disco|lija|pulidora|50|norton,,False,False,False
Pliego de lija #60 SILOX LIJA ESMERIL,pliego de lija 60 silox lija esmeril,pliego|lija|60|silox|lija|esmeril,,False,False,False
Pliego de lija #80 SILOX LIJA ESMERIL,pliego de lija 80 silox lija esmeril,pliego|lija|80|silox|lija|esmeril,,False,False,False
Pliego de lija #100 SILOX LIJA ESMERIL,pliego de lija 100 silox lija esmeril,pliego|lija|100|silox|lija|esmeril,,False,False,False
Pliego de lija #120 SILOX LIJA ESMERIL,pliego de lija 120 silox lija esmeril,pliego|lija|120|silox|lija|esmeril,,False,False,False
Pliego de lija #240  SILOX LIJA ESMERIL,pliego de lija 240 silox lija esmeril,pliego|lija|240|silox|lija|esmeril,,False,False,False
Pliego de lija #120 de agua GRINCO,pliego de lija 120 de agua grinco,pliego|lija|120|agua|grinco,,False,False,False
Pliego de lija #220 de agua GRINCO,pliego de lija 220 de agua grinco,pliego|lija|220|agua|grinco,,False,False,False
Sustache dorado Yute 5 metros,sustache dorado yute 5 metros,sustache|dorado|yute|5|metros,,False,False,False
Goma de 1/2 blanca,goma de 1/2 blanca,goma|1/2|blanca|1/2,,False,False,False
Cemento  spray web adhesive MULT-PURPOS,cemento spray web adhesive mult-purpos,cemento|spray|web|adhesive|mult-purpos,,False,False,False
Grapadora neumatica,grapadora neumatica,grapadora|neumatica,,False,False,False
Lampara led 150 W Tipo cobra,lampara led 150 w tipo cobra,lampara|led|150|w|tipo|cobra|150W,,False,False,False
Tape negro de goma electrico  SCOTCH  3M,tape negro de goma electrico scotch 3m,tape|negro|goma|electrico|scotch|3m,,False,False,False
Alambre elect. AWG  #12,alambre elect. awg 12,alambre|elect.|awg|12,,False,False,False
ALAMBRE DE GOMA #12/2 AWG,alambre de goma 12/2 awg,alambre|goma|12/2|awg|12/2,,False,False,False
ALAMBRE DE GOMA #10/2 AWG,alambre de goma 10/2 awg,alambre|goma|10/2|awg|10/2,,False,False,False
SPRAY DORADO,spray dorado,spray|dorado,,False,False,False
SPRAY DECORATIVO NARANJA,spray decorativo naranja,spray|decorativo|naranja,,False,False,False
SPRAY DECORATIVO AZUL,spray decorativo azul,spray|decorativo|azul,,False,False,False
SPRAY DECORATIVO MARRON,spray decorativo marron,spray|decorativo|marron,,False,False,False
SPRAY DECORATIVO BLANCO,spray decorativo blanco,spray|decorativo|blanco,,False,False,False
SPRAY DECORATIVO NEGRO,spray decorativo negro,spray|decorativo|negro,,False,False,False
SPRAY DECORATIVO CREMA,spray decorativo crema,spray|decorativo|crema,,False,False,False
DRISA PARA BANDERA TIPO BANDERA DE ESCUELA,drisa para bandera tipo bandera de escuela,drisa|para|bandera|tipo|bandera|escuela,,False,False,False
CONTACTORES DE 30 AMP,contactores de 30 amp,contactores|30|amp,,False,False,False
CONTACTORES DE 32 AMP,contactores de 32 amp,contactores|32|amp,,False,False,False
ALAMBRE DUPLO #12 AWG,alambre duplo 12 awg,alambre|duplo|12|awg,,False,False,False
TAPE NEGRO ELECTRICO  SCOTCH  SUPER 33 +,tape negro electrico scotch super 33,tape|negro|electrico|scotch|super|33,,False,False,False
FOTO CELDA,foto celda,foto|celda,,False,False,False
BASE P/ FOTO CELDA,base p/ foto celda,base|p/|foto|celda,,False,False,False
GRAPA DE ALAMBRE,grapa de alambre,grapa|alambre,,False,False,False
TAPA WATERPROOF DOBLE 110 V LEVITON,tapa waterproof doble 110 v leviton,tapa|waterproof|doble|110|v|leviton,,False,False,False
PIE DE ALAMBRE STR No.10 AWG THHN,pie de alambre str no.10 awg thhn,pie|alambre|str|no.10|awg|thhn,,False,False,False
PIE DE ALAMBRE STR No.12 AWG THHN,pie de alambre str no.12 awg thhn,pie|alambre|str|no.12|awg|thhn,,False,False,False
CANALETAS CUADRADAS C/ADH 1/2,canaletas cuadradas c/adh 1/2,canaletas|cuadradas|c/adh|1/2|1/2,,False,False,False
TOMA CORRIENTE DOBLE 20 AMP LEVITON,toma corriente doble 20 amp leviton,toma|corriente|doble|20|amp|leviton,,False,False,False
TAPE TENFLEX 1600 GRAN,tape tenflex 1600 gran,tape|tenflex|1600|gran,,False,False,False
PANEL 6-12 CIR  TL612 G.E,panel 6-12 cir tl612 g.e,panel|6-12|cir|tl612|g.e|TL612,,False,False,False
BREAKER SENCILLO G.E 30 AMP,breaker sencillo g.e 30 amp,breaker|sencillo|g.e|30|amp,,False,False,False
BREAKER SENCILLO G.E 20 AMP,breaker sencillo g.e 20 amp,breaker|sencillo|g.e|20|amp,,False,False,False
CLAVO DE 4 PULGADAS ACERO CAJA DE 50 LIBRA,clavo de 4 pulgadas acero caja de 50 libra,"clavo|4|pulgadas|acero|caja|50|libra|4""",LG,False,False,False
CLAVO DE 4 PULGADAS DULCE CAJA DE 50 LIBRA,clavo de 4 pulgadas dulce caja de 50 libra,"clavo|4|pulgadas|dulce|caja|50|libra|4""",LG,False,False,False
CLAVO DE 3 PULGADAS ACERO KOREANO CAJA DE 50 LIBRA,clavo de 3 pulgadas acero koreano caja de 50 libra,"clavo|3|pulgadas|acero|koreano|caja|50|libra|3""",LG,False,False,False
CLAVO DE 3 PULGADA DULCE CAJA DE 50 LIBRA,clavo de 3 pulgada dulce caja de 50 libra,"clavo|3|pulgada|dulce|caja|50|libra|3""",LG,False,False,False
CLAVO DE  2 1/2PULGADA DE ACERO KOREANO CAJA DE 50 LIBRA,clavo de 2 1/2pulgada de acero koreano caja de 50 libra,"clavo|2|1/2pulgada|acero|koreano|caja|50|libra|2""",LG,False,False,False
CLAVO DE ZINC CAJA DE 50 LIBRA,clavo de zinc caja de 50 libra,clavo|zinc|caja|50|libra,,False,False,False
TRANSFORMADOR LED DRIVER MODELO SS M 13648 600 IMPUT AC85 265V 50/60,transformador led driver modelo ss m 13648 600 imput ac85 265v 50/60,transformador|led|driver|modelo|ss|m|13648|600|50/60|AC85,,False,False,False
TUBOS SKTG4F-18 T8 18W 10% 100-265V 25000 H,tubos sktg4f-18 t8 18w 10% 100-265v 25000 h,tubos|sktg4f-18|t8|18|w|10%|100-265v|25000|SKTG4F-18|18W,,False,False,False
UND.,und.,und.,,False,False,False
CEMENTO GRIS SANTO DOMINGO  94 LB,cemento gris santo domingo 94 lb,cemento|gris|santo|domingo|94|lb|94 lb,,False,False,False
VARILLA DE 3/4,varilla de 3/4,varilla|3/4|3/4,,False,False,False
ARENA LAVADA,arena lavada,arena|lavada,,False,False,False
GRAVA 3/4,grava 3/4,grava|3/4|3/4,,False,False,False
ARENA ITABO,arena itabo,arena|itabo,,False,False,False
PINTURA SHERWIN WILLIAMS DE 1/4 (SW 7558),pintura sherwin williams de 1/4 sw 7558,pintura|sherwin|williams|1/4|sw|7558|1/4,,False,False,False
TROPICAL ACRILICA US SATINADA BLANCO 00,tropical acrilica us satinada blanco 00,tropical|acrilica|us|satinada|blanco|00,Tropical,False,False,False
PINTURA TROPICAL CONTRACTOR NEGRO 53 POSITIVO,pintura tropical contractor negro 53 positivo,pintura|tropical|contractor|negro|53|positivo,Tropical,False,False,False
MOTAS ANTIGOTAS 9'' EM,motas antigotas 9 em,motas|antigotas|9|em,,False,False,False
BROCHAS DE 1'' EMTOP,brochas de 1 emtop,brochas|1|emtop,,False,False,False
BROCHAS DE 2'' EMTOP,brochas de 2 emtop,brochas|2|emtop,,False,False,False
BROCHAS DE 3'' EMTOP,brochas de 3 emtop,brochas|3|emtop,,False,False,False
BROCHAS DE 4'''EMTOP,brochas de 4 emtop,brochas|4|emtop,,False,False,False
PORTA ROLO PINTAR SML,porta rolo pintar sml,porta|rolo|pintar|sml,,False,False,False
CHINA CUPS GRANDES 32 OZ,china cups grandes 32 oz,china|cups|grandes|32|oz,,False,False,False
EXTENSION P/ PINTAR  REMIER 6''-12'',extension p/ pintar remier 6 -12,extension|p/|pintar|remier|6|-12,,False,False,False
"PINCELES WINDSOR & NEWTON, ROYAL Y LANGNIKEL Y  PRICENTON (16 UND)",pinceles windsor newton royal y langnikel y pricenton 16 und,pinceles|windsor|newton|royal|langnikel|pricenton|16|und,,False,False,False
ALAMBRE #8 AWG,alambre 8 awg,alambre|8|awg,,False,False,False
TORNILLO  HEXAGONAL 5/16X2,tornillo hexagonal 5/16x2,tornillo|hexagonal|5/16x2,,False,False,False
LAMPRA LED 150 W TIPO COBRA,lampra led 150 w tipo cobra,lampra|led|150|w|tipo|cobra|150W,,False,False,False
CONECTOR KIT,conector kit,conector|kit,,False,False,False
TARUGO PLOMO 1/2X5/16X11/4,tarugo plomo 1/2x5/16x11/4,tarugo|plomo|1/2x5/16x11/4,,False,False,False
TAPE NEGRO DE GOMA ELECTRICO  SCOTCH  3M,tape negro de goma electrico scotch 3m,tape|negro|goma|electrico|scotch|3m,,False,False,False
TALADROS PROFESIONALES DEWALT,taladros profesionales dewalt,taladros|profesionales|dewalt,Dewalt,False,False,False
ENCHUFE LEVITON 120 VAMARILLO 515PV,enchufe leviton 120 vamarillo 515pv,enchufe|leviton|120|vamarillo|515pv,,False,False,False
TAPE NEGRO DE GOMA ELECTRICO  SCOTCH  3M,tape negro de goma electrico scotch 3m,tape|negro|goma|electrico|scotch|3m,,False,False,False
FOTO CELDA  FISHER,foto celda fisher,foto|celda|fisher,,False,False,False
BASE P/ FOTO CELDA VOLTECK,base p/ foto celda volteck,base|p/|foto|celda|volteck,,False,False,False
BASE P/ FOTO CELDA,base p/ foto celda,base|p/|foto|celda,,False,False,False
ALAMBRE GOMA 8/3,alambre goma 8/3,alambre|goma|8/3|8/3,,False,False,False
ALAMBRE GOMA 10/3,alambre goma 10/3,alambre|goma|10/3|10/3,,False,False,False
ALAMBRE ELECTRICO #12 STD NEGRO,alambre electrico 12 std negro,alambre|electrico|12|std|negro,,False,False,False
ALAMBRE GOMA 14/2,alambre goma 14/2,alambre|goma|14/2|14/2,,False,False,False
CAJA DE BREAKER GE 6 A 12,caja de breaker ge 6 a 12,caja|breaker|ge|6|a|12,,False,False,False
BREAKER GE 1P 30A GRUESO,breaker ge 1p 30a grueso,breaker|ge|1p|30a|grueso,,False,False,False
CAJA DE BREAKER 4/8,caja de breaker 4/8,caja|breaker|4/8|4/8,,False,False,False
CAJA DE BREAKER 8/16,caja de breaker 8/16,caja|breaker|8/16|8/16,,False,False,False
BREAKER GRUESO DE 30 AMP,breaker grueso de 30 amp,breaker|grueso|30|amp,,False,False,False
FOTOCELDA,fotocelda,fotocelda,,False,False,False
VARILLA DE 1/4'',varilla de 1/4,varilla|1/4|1/4,,False,False,False
VARILLA DE 3/8'',varilla de 3/8,varilla|3/8|3/8,,False,False,False
BLOCK DE 6'' BISONO,block de 6 bisono,block|6|bisono,,False,False,False
ALAMBRE CAL 18 GALVANIZADO ASTM A641,alambre cal 18 galvanizado astm a641,alambre|cal|18|galvanizado|astm|a641|A641,,False,False,False
DRIZA NYLON 1/4,driza nylon 1/4,driza|nylon|1/4|1/4,,False,False,False
ALAMBRE DE GOMA #10/3 AWG,alambre de goma 10/3 awg,alambre|goma|10/3|awg|10/3,,False,False,False
ALAMBRE DE GOMA #8/3 AWG,alambre de goma 8/3 awg,alambre|goma|8/3|awg|8/3,,False,False,False
TUBO LED 18w 48'' 6000k,tubo led 18w 48 6000k,tubo|led|18|w|48|6000k|18W,,False,False,False
ROSETA PORSELANA LEVITON,roseta porselana leviton,roseta|porselana|leviton,,False,False,False
CABLE #14 AWG THHN NEGRO,cable 14 awg thhn negro,cable|14|awg|thhn|negro,,False,False,False
BOMBILLO LED  20w SYLVANIA20w-6500k,bombillo led 20w sylvania20w-6500k,bombillo|led|20|w|sylvania20|w-6500k|SYLVANIA20|20W,,False,False,False
PINTURA POPULAR EXT-INT PRO BLANCO 50,pintura popular ext-int pro blanco 50,pintura|popular|ext-int|pro|blanco|50,,False,False,False
PINTURA POPULAR EXT-INT PRO  ARENA 23,pintura popular ext-int pro arena 23,pintura|popular|ext-int|pro|arena|23,,False,False,False
PINTURA TROPICAL CONTRACTOR NEGRO 53 POSITIVO,pintura tropical contractor negro 53 positivo,pintura|tropical|contractor|negro|53|positivo,Tropical,False,False,False
VARILLA DE 1/2'',varilla de 1/2,varilla|1/2|1/2,,False,False,False
BLOCK DE 8''  FRABRICA P.108,block de 8 frabrica p.108,block|8|frabrica|p.108,,False,False,False
ALAMBRE #8 AWG,alambre 8 awg,alambre|8|awg,,False,False,False
ALAMBRE #10 AWG,alambre 10 awg,alambre|10|awg,,False,False,False
ALAMBRE DE GOMA 12/3,alambre de goma 12/3,alambre|goma|12/3|12/3,,False,False,False
TAPE VINIL SCOTCH 3M SUPER33+,tape vinil scotch 3m super33,tape|vinil|scotch|3m|super33|SUPER33,,False,False,False
ALAMBRE 12/2 AWG PHELPS DODGE,alambre 12/2 awg phelps dodge,alambre|12/2|awg|phelps|dodge|12/2,,False,False,False
CANDADO DE BRONCE YALE ITALY 70MM,candado de bronce yale italy 70mm,candado|bronce|yale|italy|70|mm,,False,False,False
CAJA DE BREAKER  PLASTICO EUROPEO DE 12 CIRCUITO,caja de breaker plastico europeo de 12 circuito,caja|breaker|plastico|europeo|12|circuito,,False,False,False
CIRCUITO BREAKER DE 20 AMP,circuito breaker de 20 amp,circuito|breaker|20|amp,,False,False,False
BOMBILLOS DE COLOR ROJO MODALIDAD ESCUNFE ESTANADAR,bombillos de color rojo modalidad escunfe estanadar,bombillos|color|rojo|modalidad|escunfe|estanadar,,False,False,False
BOMBILLOS DE COLOR AZUL MODALIDAD ESCUNFE ESTANADAR,bombillos de color azul modalidad escunfe estanadar,bombillos|color|azul|modalidad|escunfe|estanadar,,False,False,False
BOMBILLOS DE COLOR BLANCO MODALIDAD ESCUNFE ESTANADAR,bombillos de color blanco modalidad escunfe estanadar,bombillos|color|blanco|modalidad|escunfe|estanadar,,False,False,False
CONTACTOR MAGNETICO DE 65 AMP,contactor magnetico de 65 amp,contactor|magnetico|65|amp,,False,False,False
ARCHIVO ARCORDEON,archivo arcordeon,archivo|arcordeon,,False,False,False
RESMA DE PAPEL OFI-NOTA  8 1/2 X11,resma de papel ofi-nota 8 1/2 x11,resma|papel|ofi-nota|8|1/2|x11|1/2,,False,False,False
CINTA EPSON FX- 890,cinta epson fx- 890,cinta|epson|fx-|890,Epson,False,False,False
BANDAS DE GOMA ARTESCO #32,bandas de goma artesco 32,bandas|goma|artesco|32,,False,False,False
CAJA DE GRAPA ESTANDAR,caja de grapa estandar,caja|grapa|estandar,,False,False,False
POST-IT AMARILLOS 12/1,post-it amarillos 12/1,post-it|amarillos|12/1|12/1,,False,False,False
POST-IT DE COLORES 12/1,post-it de colores 12/1,post-it|colores|12/1|12/1,,False,False,False
GLADE SPRAY AMBIENTADOR PARAISO AZUL,glade spray ambientador paraiso azul,glade|spray|ambientador|paraiso|azul,,False,False,False
GLADE  SPRAY AMBIENTADOR LAVANDA LAVANDA Y VAINILLA,glade spray ambientador lavanda lavanda y vainilla,glade|spray|ambientador|lavanda|lavanda|vainilla,,False,False,False
GLADE SPRAY AMBIENTADOR MANZANA Y CANELA,glade spray ambientador manzana y canela,glade|spray|ambientador|manzana|canela,,False,False,False
LIBRETA RAYADA MARILLA 50 HOJAS ARTESCO  8½x 11,libreta rayada marilla 50 hojas artesco 81 2x 11,libreta|rayada|marilla|50|hojas|artesco|81|2x,,False,False,False
LIBRETA RAYADA AMARILLA 50 HOJAS ARTESCO 5x8,libreta rayada amarilla 50 hojas artesco 5x8,libreta|rayada|amarilla|50|hojas|artesco|5x8,,False,False,False
ZAFACON 200 LT,zafacon 200 lt,zafacon|200|lt,,False,False,False
PICO TRUPER M H,pico truper m h,pico|truper|m|h,Truper,False,False,False
PALA CUADRADA TRUPER 17161,pala cuadrada truper 17161,pala|cuadrada|truper|17161,Truper,False,False,False
PALA REDONDA TRUPER,pala redonda truper,pala|redonda|truper,Truper,False,False,False
PALA DE CORTE TRUPER 17162,pala de corte truper 17162,pala|corte|truper|17162,Truper,False,False,False
GENRADOR DIESEL,genrador diesel,genrador|diesel,,False,False,False
PULIDORA 41/2 TRUPER 16452,pulidora 41/2 truper 16452,pulidora|41/2|truper|16452|41/2,Truper,False,False,False
PULIDORA 41/2 TRUPER GRANDE,pulidora 41/2 truper grande,pulidora|41/2|truper|grande|41/2,Truper,False,False,False
BOTAS DE GOMA,botas de goma,botas|goma,,False,False,False
GUANTE GOMA NEGRO IND,guante goma negro ind,guante|goma|negro|ind,,False,False,False
MACETA TRUPER 4LB MD-4 16536,maceta truper 4lb md-4 16536,maceta|truper|4|lb|md-4|16536|4 lb,Truper,False,False,False
CASCO DE SEGURIDAD AMARILLO PRETUL,casco de seguridad amarillo pretul,casco|seguridad|amarillo|pretul,,False,False,False
CASCO DE SEGURIDAD AZUL CON AJUSTE,casco de seguridad azul con ajuste,casco|seguridad|azul|ajuste,,False,False,False
CASCO DE SEGURIDAD BLANCO CON AJUSTE,casco de seguridad blanco con ajuste,casco|seguridad|blanco|ajuste,,False,False,False
TALADRO BOSCH PROFESIONAL GBH2-24D,taladro bosch profesional gbh2-24d,taladro|bosch|profesional|gbh2-24d|GBH2-24D,Bosch,False,False,False
SIERRA ELECTRICA,sierra electrica,sierra|electrica,,False,False,False
CARRETILLA TRUPER CAT-50,carretilla truper cat-50,carretilla|truper|cat-50,Truper,False,False,False
SISTEMA DE SEGURIDAD PARA CHOQUES,sistema de seguridad para choques,sistema|seguridad|para|choques,,False,False,False
IMPRESIONES SERIGRAFIADAS A UN COLOR ESPALDA Y TETILLA,impresiones serigrafiadas a un color espalda y tetilla,impresiones|serigrafiadas|a|un|color|espalda|tetilla,,False,False,False
CHALECOS DE SEGURIDAD VERDES CON EL LOGO D,chalecos de seguridad verdes con el logo d,chalecos|seguridad|verdes|logo|d,,False,False,False
CHALECO CON CINTA VERDE 14425,chaleco con cinta verde 14425,chaleco|cinta|verde|14425,,False,False,False
CAPA AMARILLA,capa amarilla,capa|amarilla,,False,False,False
MAQUINA PARA SOLDAR,maquina para soldar,maquina|para|soldar,,False,False,False
TOMA CORRIENTE  DOBLE HOME SOLUTION 110 V,toma corriente doble home solution 110 v,toma|corriente|doble|home|solution|110|v,,False,False,False
TOMACORRIENTE 220V KOLNY,tomacorriente 220v kolny,tomacorriente|220v|kolny,,False,False,False
CAJA BREAKER GE 2 A 4,caja breaker ge 2 a 4,caja|breaker|ge|2|a|4,,False,False,False
CIRCUITO BREAKER DE 20 AMP,circuito breaker de 20 amp,circuito|breaker|20|amp,,False,False,False
CABLE GOMA 8/3 SJTW NEGRO,cable goma 8/3 sjtw negro,cable|goma|8/3|sjtw|negro|8/3,,False,False,False
ALAMBRE ELECT. AWG  #12 NEGRO,alambre elect. awg 12 negro,alambre|elect.|awg|12|negro,,False,False,False
ALAMBRE ELECT. AWG  #12 BLANCO,alambre elect. awg 12 blanco,alambre|elect.|awg|12|blanco,,False,False,False
CEMENTO PVC LANCO AZUL 1/4,cemento pvc lanco azul 1/4,cemento|pvc|lanco|azul|1/4|1/4,,False,False,False
ROSETA DE PORCELANA LEVITON,roseta de porcelana leviton,roseta|porcelana|leviton,,False,False,False
TUBO PVC SDR-26 X 1/2,tubo pvc sdr-26 x 1/2,tubo|pvc|sdr-26|x|1/2|1/2,,False,False,False
CAJA OCTAGONAL 3/4 METAL,caja octagonal 3/4 metal,caja|octagonal|3/4|metal|3/4,,False,False,False
CAJA 2X4,caja 2x4,caja|2x4,,False,False,False
SALIDA CENITAL (Roseta porcelana leviton),salida cenital roseta porcelana leviton,salida|cenital|roseta|porcelana|leviton,,False,False,False
TOMA CORRIENTE  DOBLE HOME SOLUTION 110 V,toma corriente doble home solution 110 v,toma|corriente|doble|home|solution|110|v,,False,False,False
TOMACORRIENTE 220V KOLNY,tomacorriente 220v kolny,tomacorriente|220v|kolny,,False,False,False
CAJA BREAKER GE 2 A 4,caja breaker ge 2 a 4,caja|breaker|ge|2|a|4,,False,False,False
BREAKER GE 1P 20A GRUESO,breaker ge 1p 20a grueso,breaker|ge|1p|20a|grueso,,False,False,False
CABLE GOMA 8/3 SJTW NEGRO,cable goma 8/3 sjtw negro,cable|goma|8/3|sjtw|negro|8/3,,False,False,False
ALAMBRE ELECT. AWG  #12 NEGRO,alambre elect. awg 12 negro,alambre|elect.|awg|12|negro,,False,False,False
ALAMBRE ELECT. AWG  #12 BLANCO,alambre elect. awg 12 blanco,alambre|elect.|awg|12|blanco,,False,False,False
PINTURA ACRILICA ROJO POSITVO POPULAR,pintura acrilica rojo positvo popular,pintura|acrilica|rojo|positvo|popular,,False,False,False
PINTURA ACRILICA AZUL POSITVO POPULAR,pintura acrilica azul positvo popular,pintura|acrilica|azul|positvo|popular,,False,False,False
PINTURA ACRILICA BLANCA POPULAR 50,pintura acrilica blanca popular 50,pintura|acrilica|blanca|popular|50,,False,False,False
PINTURA ALTO TRANSITO (AMARILLO TRAFICO) POPULAR,pintura alto transito amarillo trafico popular,pintura|alto|transito|amarillo|trafico|popular,,False,False,False
PINTURA AMARILLO TRAFICO POPULAR,pintura amarillo trafico popular,pintura|amarillo|trafico|popular,,False,False,False
PINTURA BLANCO TRAFICO TROPICAL,pintura blanco trafico tropical,pintura|blanco|trafico|tropical,Tropical,False,False,False
PINTURA ACRILICA AZUL POSITVO POPULAR,pintura acrilica azul positvo popular,pintura|acrilica|azul|positvo|popular,,False,False,False
PINTURA GRIS INDUSTRIAL,pintura gris industrial,pintura|gris|industrial,,False,False,False
GL DE THINNER TH-900 TROPICAL,gl de thinner th-900 tropical,gal|thinner|th-900|tropical|TH-900,Tropical,False,False,False
MOTAS DE ROLO PARA PINTAR 9'',motas de rolo para pintar 9,motas|rolo|para|pintar|9,,False,False,False
BROCHA DE 3'' ATLAS,brocha de 3 atlas,brocha|3|atlas,,False,False,False
BROCHA DE 4'' ATLAS,brocha de 4 atlas,brocha|4|atlas,,False,False,False
MINIROLO CON MOTA 2,minirolo con mota 2,minirolo|mota|2,,False,False,False
MOTA ROLO ANTIGOTA 4,mota rolo antigota 4,mota|rolo|antigota|4,,False,False,False
VARA PARA EXTENSION BYP,vara para extension byp,vara|para|extension|byp,,False,False,False
SACOS 45X74 CM,sacos 45x74 cm,sacos|45x74|cm,,False,False,False
SERIGRAFIA A COLOR,serigrafia a color,serigrafia|a|color,,False,False,False
PICO TRUPER M H,pico truper m h,pico|truper|m|h,Truper,False,False,False
PALA CUADRADA TRUPER 17161,pala cuadrada truper 17161,pala|cuadrada|truper|17161,Truper,False,False,False
PULIDORA 41/2 TRUPER 16452,pulidora 41/2 truper 16452,pulidora|41/2|truper|16452|41/2,Truper,False,False,False
PULIDORA 41/2 TRUPER GRANDE,pulidora 41/2 truper grande,pulidora|41/2|truper|grande|41/2,Truper,False,False,False
BOTAS DE GOMA,botas de goma,botas|goma,,False,False,False
GUANTE GOMA NEGRO IND,guante goma negro ind,guante|goma|negro|ind,,False,False,False
SIERRA ELECTRICA,sierra electrica,sierra|electrica,,False,False,False
CARRETILLA TRUPER CAT-50,carretilla truper cat-50,carretilla|truper|cat-50,Truper,False,False,False
SISTEMA DE SEGURIDAD PARA CHOQUES,sistema de seguridad para choques,sistema|seguridad|para|choques,,False,False,False
CHALECO CON CINTA VERDE 14425,chaleco con cinta verde 14425,chaleco|cinta|verde|14425,,False,False,False
CAPA AMARILLA,capa amarilla,capa|amarilla,,False,False,False
GAFAS DE PROTECCION,gafas de proteccion,gafas|proteccion,,False,False,False
ING-UMMA1605 SOLDADORA INVERTER 160A 110/220V 40% MMA INGCO<4> SUSTITUCION DE ING-UMMAC1602,ing-umma1605 soldadora inverter 160a 110/220v 40% mma ingco 4 sustitucion de ing-ummac1602,ing-umma1605|soldadora|inverter|160a|110/220v|40%|mma|ingco|ING-UMMA1605,,False,False,False
ING-UMMAC2502 SOLDADORA 250A 110/220V 10% MMA INGCO<1>,ing-ummac2502 soldadora 250a 110/220v 10% mma ingco 1,ing-ummac2502|soldadora|250a|110/220v|10%|mma|ingco|1|ING-UMMAC2502,,False,False,False
ING-UMMAC3002 SOLDADORA 300A 110/220V 10% MMA INGCO<1>,ing-ummac3002 soldadora 300a 110/220v 10% mma ingco 1,ing-ummac3002|soldadora|300a|110/220v|10%|mma|ingco|1|ING-UMMAC3002,,False,False,False
PULIDORA STANLEY 7'' (180MM) 110-120V,pulidora stanley 7 180mm 110-120v,pulidora|stanley|7|180|mm|110-120v,,False,False,False
PULIDORA ANGULAR  STANLEY 9'' (2200W)  110-120V,pulidora angular stanley 9 2200w 110-120v,pulidora|angular|stanley|9|2200|w|110-120v|2200W,,False,False,False
ARENA LAVADA,arena lavada,arena|lavada,,False,False,False
ARENA ESTADO NATURAL,arena estado natural,arena|estado|natural,,False,False,False
CEMENTO GRIS SANTO DOMINGO  94 LB,cemento gris santo domingo 94 lb,cemento|gris|santo|domingo|94|lb|94 lb,,False,False,False
GRAVA 3/4,grava 3/4,grava|3/4|3/4,,False,False,False
ARENA ITABO,arena itabo,arena|itabo,,False,False,False
"HIDROLAVADORA KARCHER K4 1,800 PSI 1,500 W ELECTRICA",hidrolavadora karcher k4 1 800 psi 1 500 w electrica,hidrolavadora|karcher|k4|1|800|psi|1|500|500W,,False,False,False
HIDROLAVADORA TRUPER 2000 PSI ELECTRICA,hidrolavadora truper 2000 psi electrica,hidrolavadora|truper|2000|psi|electrica,Truper,False,False,False
ESCALERA CUPRUM C-3217-06 TIJERA FIBRA VIDRIO 6' VERDE 175 KG,escalera cuprum c-3217-06 tijera fibra vidrio 6 verde 175 kg,escalera|cuprum|c-3217-06|tijera|fibra|vidrio|6|verde|C-3217-06|175 kg,,False,False,False
ESCALERA CUPRUM C-2213-10N TIJERA ALUMINIO 10' 175 KG,escalera cuprum c-2213-10n tijera aluminio 10 175 kg,escalera|cuprum|c-2213-10n|tijera|aluminio|10|175|kg|C-2213-10N|175 kg,,False,False,False
"TALADRO TOTAL UTH1153256 ROTOMARTILLO SDS PLUS 1-1/4"" 1500W","taladro total uth1153256 rotomartillo sds plus 1-1/4"" 1500w","taladro|total|uth1153256|rotomartillo|sds|plus|1-1/4""|1500|1/4|UTH1153256|1500W|4""",,False,False,False
ESCALERA CUPRUM C-2224-40PG EXTENSION ALUMINIO 40' 175 KG,escalera cuprum c-2224-40pg extension aluminio 40 175 kg,escalera|cuprum|c-2224-40pg|extension|aluminio|40|175|kg|C-2224-40PG|175 kg,,False,False,False
GUANTES DE CARNAZA,guantes de carnaza,guantes|carnaza,,False,False,False
CHALECOS REFLECTIVOS  NARANJA,chalecos reflectivos naranja,chalecos|reflectivos|naranja,,False,False,False
MASCARILLA CON FILTRO DOBLE RES-PP P/ PINTURA TRUPER,mascarilla con filtro doble res-pp p/ pintura truper,mascarilla|filtro|doble|res-pp|p/|pintura|truper,Truper,False,False,False
MASCARILLA KN95,mascarilla kn95,mascarilla|kn95|KN95,,False,False,False
CAPA AMARILLA IMPEABLE,capa amarilla impeable,capa|amarilla|impeable,,False,False,False
GUANTES DE CARNAZA,guantes de carnaza,guantes|carnaza,,False,False,False
CHALECOS REFLECTIVOS  NARANJA,chalecos reflectivos naranja,chalecos|reflectivos|naranja,,False,False,False
MASCARILLA CON FILTRO DOBLE RES-PP P/ PINTURA TRUPER,mascarilla con filtro doble res-pp p/ pintura truper,mascarilla|filtro|doble|res-pp|p/|pintura|truper,Truper,False,False,False
MASCARILLA KN95,mascarilla kn95,mascarilla|kn95|KN95,,False,False,False
CAPA AMARILLA IMPEABLE,capa amarilla impeable,capa|amarilla|impeable,,False,False,False
BOTAS DE GOMA,botas de goma,botas|goma,,False,False,False
CONO PVC 70 CM CON REFLECTIVO,cono pvc 70 cm con reflectivo,cono|pvc|70|cm|reflectivo,,False,False,False
PALA CUADRADA TRUPER 17161,pala cuadrada truper 17161,pala|cuadrada|truper|17161,Truper,False,False,False
RECOGEDOR PLASTICO,recogedor plastico,recogedor|plastico,,False,False,False
RASTRILLO PLASTICO,rastrillo plastico,rastrillo|plastico,,False,False,False
BOTAS DE GOMA,botas de goma,botas|goma,,False,False,False
CAPA AMARILLA,capa amarilla,capa|amarilla,,False,False,False
CASCO DE SEGURIDAD BLANCO CON AJUSTE,casco de seguridad blanco con ajuste,casco|seguridad|blanco|ajuste,,False,False,False
CHALECOS REFLECTIVOS  NARANJA,chalecos reflectivos naranja,chalecos|reflectivos|naranja,,False,False,False
GUANTES DE CUERO (CARNAZA),guantes de cuero carnaza,guantes|cuero|carnaza,,False,False,False
GUANTES PLASTICOS DESECHABLES 100PCS/1,guantes plasticos desechables 100pcs/1,guantes|plasticos|desechables|100pcs/1,,False,False,False
LIMA TRIANGULADA TRUPER,lima triangulada truper,lima|triangulada|truper,Truper,False,False,False
GAFAS DE PROTECCION,gafas de proteccion,gafas|proteccion,,False,False,False
ARENA DE EMPAÑETE,arena de empanete,arena|empanete,,False,False,False
ACRLICO AZUL NAVY EXT-INT PRO POPULAR,acrlico azul navy ext-int pro popular,acrlico|azul|navy|ext-int|pro|popular,,False,False,False
SEMIGLOS BLANCO HUESO EXT-INT PRO TROPICAL,semiglos blanco hueso ext-int pro tropical,semiglos|blanco|hueso|ext-int|pro|tropical,Tropical,False,False,False
PINTURA ACRILICA PARA EXTERIOR BLANCA  MATE  POPULAR/50  EXT-INT PRO,pintura acrilica para exterior blanca mate popular/50 ext-int pro,pintura|acrilica|para|exterior|blanca|mate|popular/50|ext-int,,False,False,False
PINTURA POPULAR  ESMALTE GRIS PLATA,pintura popular esmalte gris plata,pintura|popular|esmalte|gris|plata,,False,False,False
PINTURA TROPICAL ULTRA ESMALTE NEGRO MATE,pintura tropical ultra esmalte negro mate,pintura|tropical|ultra|esmalte|negro|mate,Tropical,False,False,False
RONDANA DE 3'',rondana de 3,rondana|3,,False,False,False
PERFIL 2X3 GALV.,perfil 2x3 galv.,perfil|2x3|galv.,,False,False,False
TOLA 1/16 GALVANIZ 4X8,tola 1/16 galvaniz 4x8,tola|1/16|galvaniz|4x8|1/16,,False,False,False
PERFIL 1 1/2 H.GALV.1.6,perfil 1 1/2 h.galv.1.6,perfil|1|1/2|h.galv.1.6|1/2,,False,False,False
PINTURA ANTIOXIDO,pintura antioxido,pintura|antioxido,,False,False,False
GUIAS PLAST- 40X60MM,guias plast- 40x60mm,guias|plast-|40x60|mm,,False,False,False
PLANCHA PLAYWOOD DE 1/2,plancha playwood de 1/2,plancha|playwood|1/2|1/2,,False,False,False
BLOCK DE 6'' BISONO,block de 6 bisono,block|6|bisono,,False,False,False
PUERTA DE POLIMETAL BLANCA 0.90 X 2.10M,puerta de polimetal blanca 0.90 x 2.10m,puerta|polimetal|blanca|0.90|x|2.10m,,False,False,False
TAPAS DE METAL PARA CISTERNA 33X33 PULG,tapas de metal para cisterna 33x33 pulg,"tapas|metal|para|cisterna|33x33|pulg|33""",LG,False,False,False
TINACO DE 400GL,tinaco de 400gl,tinaco|400|gal|400 gl,,False,False,False
ALAMBRE #8 AWG,alambre 8 awg,alambre|8|awg,,False,False,False
TOMACORRIENTE 220V 15A BTICINO NOBILE,tomacorriente 220v 15a bticino nobile,tomacorriente|220v|15a|bticino|nobile,,False,False,False
TOMACORRIENTE 110V BTICINO NOBILE,tomacorriente 110v bticino nobile,tomacorriente|110v|bticino|nobile,,False,False,False
ROSETA DE PORCELANA LEVITON,roseta de porcelana leviton,roseta|porcelana|leviton,,False,False,False
LAMPARA LED 2X4,lampara led 2x4,lampara|led|2x4,,False,False,False
INTERRUPTOR TRIPLE BTICINO NOBILE BCO,interruptor triple bticino nobile bco,interruptor|triple|bticino|nobile|bco,,False,False,False
ABANICO DE PARED DAIWA,abanico de pared daiwa,abanico|pared|daiwa,Daiwa,False,False,False
ALAMBRE #10 AWG,alambre 10 awg,alambre|10|awg,,False,False,False
REFLECTOR LED 50W,reflector led 50w,reflector|led|50|w|50W,,False,False,False
ABANICO DE TECHO HUNTER,abanico de techo hunter,abanico|techo|hunter,,False,False,False
BOMBA PEDROLLO 3/4 HP 110V / 220V,bomba pedrollo 3/4 hp 110v / 220v,bomba|pedrollo|3/4|hp|110v|/|220v|3/4,HP,False,False,False
TANQUE PRESURISADO METAL 30GL I/f,tanque presurisado metal 30gl i/f,tanque|presurisado|metal|30|gal|i/f|30 gl,,False,False,False
MANOMETRO P/BOMBA DE AGUA 0-100PSI,manometro p/bomba de agua 0-100psi,manometro|p/bomba|agua|0-100psi,,False,False,False
T DE 5 VIAS,t de 5 vias,t|5|vias,,False,False,False
CONTROL D/AIRE,control d/aire,control|d/aire,,False,False,False
CONTROL AUTOMATICO LEO,control automatico leo,control|automatico|leo,,False,False,False
CONECTOR DE MANGUERA,conector de manguera,conector|manguera,,False,False,False
ARENA DE EMPAÑETE,arena de empanete,arena|empanete,,False,False,False
ABANICO DE PARED,abanico de pared,abanico|pared,,False,False,False
ABANICO DE TECHO,abanico de techo,abanico|techo,,False,False,False
ACRLICO AZUL NAVY EXT-INT PRO,acrlico azul navy ext-int pro,acrlico|azul|navy|ext-int|pro,,False,False,False
ALAMBRE #10 AWG,alambre 10 awg,alambre|10|awg,,False,False,False
ALAMBRE #8 AWG,alambre 8 awg,alambre|8|awg,,False,False,False
BLOCK DE 6'' BISONO,block de 6 bisono,block|6|bisono,,False,False,False
BOMBA TRUPER 3/4 HP 110V / 220V,bomba truper 3/4 hp 110v / 220v,bomba|truper|3/4|hp|110v|/|220v|3/4,Truper,False,False,False
CONECTOR DE MANGUERA TRUPER,conector de manguera truper,conector|manguera|truper,Truper,False,False,False
CONTROL AUTOMATICO,control automatico,control|automatico,,False,False,False
CONTROL D/AIRE,control d/aire,control|d/aire,,False,False,False
GUIAS PLAST- 40X60MM,guias plast- 40x60mm,guias|plast-|40x60|mm,,False,False,False
INTERRUPTOR TRIPLE BTICINO NOBILE BCO,interruptor triple bticino nobile bco,interruptor|triple|bticino|nobile|bco,,False,False,False
LAMPARA LED 2X4,lampara led 2x4,lampara|led|2x4,,False,False,False
MANOMETRO P/BOMBA DE AGUA 0-100PSI,manometro p/bomba de agua 0-100psi,manometro|p/bomba|agua|0-100psi,,False,False,False
PERFIL 1 1/2 H.GALV.1.6,perfil 1 1/2 h.galv.1.6,perfil|1|1/2|h.galv.1.6|1/2,,False,False,False
PERFIL 2X3 GALV.,perfil 2x3 galv.,perfil|2x3|galv.,,False,False,False
PINTURA ACRILICA PARA EXTERIOR BLANCA  MATE  POPULAR/50  EXT-INT PRO,pintura acrilica para exterior blanca mate popular/50 ext-int pro,pintura|acrilica|para|exterior|blanca|mate|popular/50|ext-int,,False,False,False
PINTURA ANTIOXIDO,pintura antioxido,pintura|antioxido,,False,False,False
PINTURA POPULAR  ESMALTE GRIS PLATA,pintura popular esmalte gris plata,pintura|popular|esmalte|gris|plata,,False,False,False
PINTURATROPICAL ULTRA ESMALTE NEGRO MATE,pinturatropical ultra esmalte negro mate,pinturatropical|ultra|esmalte|negro|mate,Tropical,False,False,False
PLANCHA PLAYWOOD DE 1/2,plancha playwood de 1/2,plancha|playwood|1/2|1/2,,False,False,False
PUERTA DE POLIMETAL BLANCA 0.90 X 2.10M,puerta de polimetal blanca 0.90 x 2.10m,puerta|polimetal|blanca|0.90|x|2.10m,,False,False,False
REFLECTOR LED 50W,reflector led 50w,reflector|led|50|w|50W,,False,False,False
RONDANA DE 3'',rondana de 3,rondana|3,,False,False,False
ROSETA DE PORCELANA LEVITON,roseta de porcelana leviton,roseta|porcelana|leviton,,False,False,False
SEMIGLOS BLANCO HUESO EXT-INT PRO TROPICAL,semiglos blanco hueso ext-int pro tropical,semiglos|blanco|hueso|ext-int|pro|tropical,Tropical,False,False,False
T DE 5 VIAS,t de 5 vias,t|5|vias,,False,False,False
TANQUE PRESURISADO METAL 30GL I/f,tanque presurisado metal 30gl i/f,tanque|presurisado|metal|30|gal|i/f|30 gl,,False,False,False
TAPAS DE METAL PARA CISTERNA 33X33 PULG,tapas de metal para cisterna 33x33 pulg,"tapas|metal|para|cisterna|33x33|pulg|33""",LG,False,False,False
TINACO DE 400GL,tinaco de 400gl,tinaco|400|gal|400 gl,,False,False,False
TOLA 1/16 GALVANIZ 4X8,tola 1/16 galvaniz 4x8,tola|1/16|galvaniz|4x8|1/16,,False,False,False
TOMACORRIENTE 110V BTICINO NOBILE,tomacorriente 110v bticino nobile,tomacorriente|110v|bticino|nobile,,False,False,False
TOMACORRIENTE 220V 15A BTICINO NOBILE,tomacorriente 220v 15a bticino nobile,tomacorriente|220v|15a|bticino|nobile,,False,False,False
MADERA BRUTA AMERICANA 1 X 10 X 14,madera bruta americana 1 x 10 x 14,madera|bruta|americana|1|x|10|x|14,,False,False,False
PL MDF 1/2  HIDROFUGO BRAZIL DURATEX,pl mdf 1/2 hidrofugo brazil duratex,pl|mdf|1/2|hidrofugo|brazil|duratex|1/2,,False,False,False
PL MDF 3/8 HIDROFUGO BRAZIL,pl mdf 3/8 hidrofugo brazil,pl|mdf|3/8|hidrofugo|brazil|3/8,,False,False,False
PL PLYWOOD 1/2 PINO S/CARA,pl plywood 1/2 pino s/cara,pl|plywood|1/2|pino|s/cara|1/2,,False,False,False
PL PLYWOOD 3/8 PINO S/CARA,pl plywood 3/8 pino s/cara,pl|plywood|3/8|pino|s/cara|3/8,,False,False,False
COLA AMARILLA UNIVERSAL (105 oz),cola amarilla universal 105 oz,cola|amarilla|universal|105|oz,,False,False,False
TROPICAL LACA NATURAL BRILLO,tropical laca natural brillo,tropical|laca|natural|brillo,Tropical,False,False,False
THINNER  TH-900 TROPICAL,thinner th-900 tropical,thinner|th-900|tropical|TH-900,Tropical,False,False,False
RETARDADOR TROPICAL,retardador tropical,retardador|tropical,Tropical,False,False,False
PRIMER PARA MADERA BLANCO  /RELLENO POWER RIDER 2014,primer para madera blanco /relleno power rider 2014,primer|para|madera|blanco|/relleno|power|rider|2014,,False,False,False
LACA PIGMENTADA BLANCA TROPICAL (6159),laca pigmentada blanca tropical 6159,laca|pigmentada|blanca|tropical|6159,Tropical,False,False,False
SEALER TROPICAL  (6158),sealer tropical 6158,sealer|tropical|6158,Tropical,False,False,False
BARPICOLOR  605 1LT CAOBA  #2 MD BARPIMO,barpicolor 605 1lt caoba 2 md barpimo,barpicolor|605|1lt|caoba|2|md|barpimo,,False,False,False
BARPICOLOR 605 1LT CAOBA  #3 MD BARPIMO,barpicolor 605 1lt caoba 3 md barpimo,barpicolor|605|1lt|caoba|3|md|barpimo,,False,False,False
CAJA DE CLAVOS F-25 (1),caja de clavos f-25 1,caja|clavos|f-25|1,,False,False,False
GRAPAS PARA GRAPADORA NEUMATICA 7/10,grapas para grapadora neumatica 7/10,grapas|para|grapadora|neumatica|7/10|7/10,,False,False,False
PAR BISAGRAS DE PRESION CAOBA AC,par bisagras de presion caoba ac,par|bisagras|presion|caoba|ac,,False,False,False
DISCO DE PULIDORA NORTON #50,disco de pulidora norton 50,disco|pulidora|norton|50,,False,False,False
DISCO DE PULIDORA NORTON #60,disco de pulidora norton 60,disco|pulidora|norton|60,,False,False,False
DISCO DE PULIDORA NORTON #80,disco de pulidora norton 80,disco|pulidora|norton|80,,False,False,False
DISCO DE PULIDORA NORTON #100,disco de pulidora norton 100,disco|pulidora|norton|100,,False,False,False
PLIEGO DE LIJA ESMERIL NORTON #100,pliego de lija esmeril norton 100,pliego|lija|esmeril|norton|100,,False,False,False
LIJA AGUA DEERFOS #240 AC768,lija agua deerfos 240 ac768,lija|agua|deerfos|240|ac768|AC768,,False,False,False
LIJA AGUA DEERFOS #120 CC768,lija agua deerfos 120 cc768,lija|agua|deerfos|120|cc768|CC768,,False,False,False
GOMA DE 1/2 BLANCA,goma de 1/2 blanca,goma|1/2|blanca|1/2,,False,False,False
TORNILLOS 8X1 FMB P/DIABLITO,tornillos 8x1 fmb p/diablito,tornillos|8x1|fmb|p/diablito,,False,False,False
TORNILLO DIABLITO 6x 1 1/2 PULGADA,tornillo diablito 6x 1 1/2 pulgada,"tornillo|diablito|6x|1|1/2|pulgada|1/2|2""",LG,False,False,False
TORNILLO DIABLITO 6x 2 PULGADA,tornillo diablito 6x 2 pulgada,"tornillo|diablito|6x|2|pulgada|2""",LG,False,False,False
MANIJA TIPO PUNO PARA ATAUD,manija tipo puno para ataud,manija|tipo|puno|para|ataud,,False,False,False
1/4 PASTA ACRILICA CANO BLANCA  (32 OZ),1/4 pasta acrilica cano blanca 32 oz,1/4|pasta|acrilica|cano|blanca|32|oz|1/4,Cano,False,False,False
1/4 PASTA ACRILICA CANO CAOBA (32 OZ),1/4 pasta acrilica cano caoba 32 oz,1/4|pasta|acrilica|cano|caoba|32|oz|1/4,Cano,False,False,False
MASCARILLA RESPIRADOR PARA PARTICULAS,mascarilla respirador para particulas,mascarilla|respirador|para|particulas,,False,False,False
PROTECTOR AUDITIVO 100/1,protector auditivo 100/1,protector|auditivo|100/1|100/1,,False,False,False
PAPEL PLASTICO EN ROLLO 18X15000 STRETCH FILM,papel plastico en rollo 18x15000 stretch film,papel|plastico|rollo|18x15000|stretch|film,,False,False,False
CRISTAL 16x12 de 3/16,cristal 16x12 de 3/16,cristal|16x12|3/16|3/16,,False,False,False
BARRA AGARRADERA PARA ATAUD 6 1/2 pies,barra agarradera para ataud 6 1/2 pies,barra|agarradera|para|ataud|6|1/2|pies|1/2|2 pies,,False,False,False
ESTOPA DE LUSTRE LB,estopa de lustre lb,estopa|lustre|lb,,False,False,False
UNIFORME TIPO OVEROL SIZE (8 L Y 4 M),uniforme tipo overol size 8 l y 4 m,uniforme|tipo|overol|size|8|l|4|m|8 l,,False,False,False
"PUNTA P/ DES. #3  2""  5/1 TRUPER  COD.12149","punta p/ des. 3 2"" 5/1 truper cod.12149","punta|p/|des.|3|2""|5/1|truper|cod.12149|5/1|2""",Truper,False,False,False
"PUNTA PARA DES #2 2"" TRUPER 5/1 COD.12147","punta para des 2 2"" truper 5/1 cod.12147","punta|para|des|2|2""|truper|5/1|cod.12147|5/1|2""",Truper,False,False,False
PINZA DE CORTE DIAGONAL 8,pinza de corte diagonal 8,pinza|corte|diagonal|8,,False,False,False
DESTOR. PLANO 1/4X4 TRUPER 13998,destor. plano 1/4x4 truper 13998,destor.|plano|1/4x4|truper|13998,Truper,False,False,False
DESTOR. STRIA 1/4X4 TRUPER 14076,destor. stria 1/4x4 truper 14076,destor.|stria|1/4x4|truper|14076,Truper,False,False,False
MARTILLO TRUPER 16OZ MAR-16 19710,martillo truper 16oz mar-16 19710,martillo|truper|16oz|mar-16|19710,Truper,False,False,False
MARTILLO TRUPER 07OZ MA-7 16750,martillo truper 07oz ma-7 16750,martillo|truper|07oz|ma-7|16750,Truper,False,False,False
"ALICATE DE PRESION 10"" TRUPER","alicate de presion 10"" truper","alicate|presion|10""|truper|10""",Truper,False,False,False
JUEGO DE LLAVE ALLEN TRUPER 15556,juego de llave allen truper 15556,juego|llave|allen|truper|15556,Truper,False,False,False
MARCO DE SEGUETA TRUPER,marco de segueta truper,marco|segueta|truper,Truper,False,False,False
"DISCO DE CORTE MADERA STANLEY 10""  40T","disco de corte madera stanley 10"" 40t","disco|corte|madera|stanley|10""|40t|10""",,False,False,False
"DISCO DE CORTE STANLEY 12""  40T","disco de corte stanley 12"" 40t","disco|corte|stanley|12""|40t|12""",,False,False,False
ADAPTADOE DE RUTER DE 1/2 A UN 1/4,adaptadoe de ruter de 1/2 a un 1/4,adaptadoe|ruter|1/2|a|un|1/4|1/2,,False,False,False
PISTOLA PARA PINTAR TRUPER COD.1900,pistola para pintar truper cod.1900,pistola|para|pintar|truper|cod.1900,Truper,False,False,False
CINTA METRICA 5MTS TRUPER 15388,cinta metrica 5mts truper 15388,cinta|metrica|5mts|truper|15388,Truper,False,False,False
GUANTE GOMA NEGRO IND (10L Y 10M),guante goma negro ind 10l y 10m,guante|goma|negro|ind|10l|10m|10 l,,False,False,False
GUANTE OBRERO NARANJA TRUPER 14246,guante obrero naranja truper 14246,guante|obrero|naranja|truper|14246,Truper,False,False,False
PROTECCION AUDITIVA TRUPER 14257,proteccion auditiva truper 14257,proteccion|auditiva|truper|14257,Truper,False,False,False
Preliminares,preliminares,preliminares,,False,False,False
Limpieza de Techo,limpieza de techo,limpieza|techo,,True,False,False
Bote de Material,bote de material,bote|material,,True,False,False
Acondicionamiento de techo con mortero,acondicionamiento de techo con mortero,acondicionamiento|techo|mortero,,False,False,False
Impermiabilizante,impermiabilizante,impermiabilizante,,False,False,False
"Impermiabilizacion de techo, a base de Lona Asfaltica 4kg granular (5mm) de espesor y terminado",impermiabilizacion de techo a base de lona asfaltica 4kg granular 5mm de espesor y terminado,impermiabilizacion|techo|a|base|lona|asfaltica|4|kg|4 kg,,False,False,False
Ventana y puerta,ventana y puerta,ventana|puerta,,False,False,False
Puerta comercial 2.10X2 m con Dintel y panos fijo laterales,puerta comercial 2.10x2 m con dintel y panos fijo laterales,puerta|comercial|2.10x2|m|dintel|panos|fijo|laterales,,False,False,False
Puerta polimetal 2.10x1 m,puerta polimetal 2.10x1 m,puerta|polimetal|2.10x1|m,,False,False,False
Puerta polimetal 2.10x0.90 m,puerta polimetal 2.10x0.90 m,puerta|polimetal|2.10x0.90|m,,False,False,False
Ventana Salomonica AA 1.10X1.30 m,ventana salomonica aa 1.10x1.30 m,ventana|salomonica|aa|1.10x1.30|m,,False,False,False
Ventana Salomonica AA 1.50X1.60 m,ventana salomonica aa 1.50x1.60 m,ventana|salomonica|aa|1.50x1.60|m,,False,False,False
Ventana Salomonica AA 1X1.60 m,ventana salomonica aa 1x1.60 m,ventana|salomonica|aa|1x1.60|m,,False,False,False
Ventana Salomonica AA 1.50X1.50 m,ventana salomonica aa 1.50x1.50 m,ventana|salomonica|aa|1.50x1.50|m,,False,False,False
Ventana Salomonica AA 1.60X1.60 m,ventana salomonica aa 1.60x1.60 m,ventana|salomonica|aa|1.60x1.60|m,,False,False,False
Construccion Pandereta p/division en Sheetrock,construccion pandereta p/division en sheetrock,construccion|pandereta|p/division|sheetrock,,False,False,False
Muro (Pandereta) en Sheetrock,muro pandereta en sheetrock,muro|pandereta|sheetrock,,False,False,False
Mocheta y canto Muro (Pandereta) en Sheetrock,mocheta y canto muro pandereta en sheetrock,mocheta|canto|muro|pandereta|sheetrock,,False,False,False
Pintura,pintura,pintura,,False,False,False
Pintura semi-Gloss (Dos Manos),pintura semi-gloss dos manos,pintura|semi-gloss|dos|manos,,False,False,False
DIRECCION TECNICA,direccion tecnica,direccion|tecnica,,False,False,False
SUPERVISION,supervision,supervision,,False,False,False
CODIA,codia,codia,,False,False,False
LEY 686,ley 686,ley|686,,False,False,False
TRANSPORTE,transporte,transporte,,False,False,False
PALA CUADRADA TRUPER 17161,pala cuadrada truper 17161,pala|cuadrada|truper|17161,Truper,False,False,False
2812013 RECOGEDOR LINDA C/PALO  PALOS 32 PULG LINDA,2812013 recogedor linda c/palo palos 32 pulg linda,"2812013|recogedor|linda|c/palo|palos|32|pulg|linda|32""",LG,False,False,False
RASTRILLO PLASTICO,rastrillo plastico,rastrillo|plastico,,False,False,False
BOTA DE GOMA DEL #39 AL #45 LARGA NEGRA DINOSAURIO,bota de goma del 39 al 45 larga negra dinosaurio,bota|goma|39|al|45|larga|negra|dinosaurio,,False,False,False
CAPA P/AGUA 1 PZA AMARILLA,capa p/agua 1 pza amarilla,capa|p/agua|1|pza|amarilla,,False,False,False
CASCO SEGURIDAD BLANCO  201758 CLIMAX,casco seguridad blanco 201758 climax,casco|seguridad|blanco|201758|climax,,False,False,False
CHALECO REFLEC SEG MAMEY (L),chaleco reflec seg mamey l,chaleco|reflec|seg|mamey|l,,False,False,False
GUANTES DE CUERO (CARNAZA),guantes de cuero carnaza,guantes|cuero|carnaza,,False,False,False
GUANTES PLASTICOS DESECHABLES 100PCS/1,guantes plasticos desechables 100pcs/1,guantes|plasticos|desechables|100pcs/1,,False,False,False
LIMA TRIANG P/SIERRA DE 8  4081 BELLOTA 10/1,lima triang p/sierra de 8 4081 bellota 10/1,lima|triang|p/sierra|8|4081|bellota|10/1|10/1,,False,False,False
LENTE SEGURIDAD TRANSPARENTE,lente seguridad transparente,lente|seguridad|transparente,,False,False,False
"HILO PARA CORTAGRAMA 15 MTS  HTA-80(1153) 
TRUPER",hilo para cortagrama 15 mts hta-80 1153 truper,hilo|para|cortagrama|15|mts|hta-80|1153|truper,Truper,False,False,False
CABLE #10 AWG THHN NEGRO,cable 10 awg thhn negro,cable|10|awg|thhn|negro,,False,False,False
CABLE #10 AWG THHN BLANCO,cable 10 awg thhn blanco,cable|10|awg|thhn|blanco,,False,False,False
CABLE #10 AWG THHN VERDE,cable 10 awg thhn verde,cable|10|awg|thhn|verde,,False,False,False
CABLE #12 AWG THHN BLANCO,cable 12 awg thhn blanco,cable|12|awg|thhn|blanco,,False,False,False
CABLE #12 AWG THHN RO JO,cable 12 awg thhn ro jo,cable|12|awg|thhn|ro|jo,,False,False,False
PL MDF 1/2  HIDROFUGO BRAZIL DURATEX,pl mdf 1/2 hidrofugo brazil duratex,pl|mdf|1/2|hidrofugo|brazil|duratex|1/2,,False,False,False
PL MDF 3/8 HIDROFUGO BRAZIL,pl mdf 3/8 hidrofugo brazil,pl|mdf|3/8|hidrofugo|brazil|3/8,,False,False,False
PL PLYWOOD 1/2 PINO S/CARA,pl plywood 1/2 pino s/cara,pl|plywood|1/2|pino|s/cara|1/2,,False,False,False
PL PLYWOOD 3/8 PINO S/CARA,pl plywood 3/8 pino s/cara,pl|plywood|3/8|pino|s/cara|3/8,,False,False,False
COLA AMARILLA UNIVERSAL (105 oz),cola amarilla universal 105 oz,cola|amarilla|universal|105|oz,,False,False,False
TROPICAL LACA NATURAL BRILLO,tropical laca natural brillo,tropical|laca|natural|brillo,Tropical,False,False,False
THINNER  TH-900 TROPICAL,thinner th-900 tropical,thinner|th-900|tropical|TH-900,Tropical,False,False,False
RETARDADOR TROPICAL,retardador tropical,retardador|tropical,Tropical,False,False,False
PRIMER PARA MADERA BLANCO  /RELLENO POWER RIDER 2014,primer para madera blanco /relleno power rider 2014,primer|para|madera|blanco|/relleno|power|rider|2014,,False,False,False
LACA PIGMENTADA BLANCA TROPICAL (6159),laca pigmentada blanca tropical 6159,laca|pigmentada|blanca|tropical|6159,Tropical,False,False,False
SEALER TROPICAL  (6158),sealer tropical 6158,sealer|tropical|6158,Tropical,False,False,False
BARPICOLOR  605 1LT CAOBA  #2 MD BARPIMO,barpicolor 605 1lt caoba 2 md barpimo,barpicolor|605|1lt|caoba|2|md|barpimo,,False,False,False
BARPICOLOR 605 1LT CAOBA  #3 MD BARPIMO,barpicolor 605 1lt caoba 3 md barpimo,barpicolor|605|1lt|caoba|3|md|barpimo,,False,False,False
CAJA DE CLAVOS F-25 (1),caja de clavos f-25 1,caja|clavos|f-25|1,,False,False,False
PAR BISAGRAS DE PRESION CAOBA AC,par bisagras de presion caoba ac,par|bisagras|presion|caoba|ac,,False,False,False
DISCO DE PULIDORA NORTON #50,disco de pulidora norton 50,disco|pulidora|norton|50,,False,False,False
DISCO DE PULIDORA NORTON #60,disco de pulidora norton 60,disco|pulidora|norton|60,,False,False,False
DISCO DE PULIDORA NORTON #80,disco de pulidora norton 80,disco|pulidora|norton|80,,False,False,False
DISCO DE PULIDORA NORTON #100,disco de pulidora norton 100,disco|pulidora|norton|100,,False,False,False
PLIEGO DE LIJA ESMERIL NORTON #60,pliego de lija esmeril norton 60,pliego|lija|esmeril|norton|60,,False,False,False
PLIEGO DE LIJA ESMERIL NORTON #100,pliego de lija esmeril norton 100,pliego|lija|esmeril|norton|100,,False,False,False
PLIEGO DE LIJA ESMERIL NORTON #120,pliego de lija esmeril norton 120,pliego|lija|esmeril|norton|120,,False,False,False
LIJA AGUA DEERFOS #240 AC768,lija agua deerfos 240 ac768,lija|agua|deerfos|240|ac768|AC768,,False,False,False
LIJA AGUA DEERFOS #120 CC768,lija agua deerfos 120 cc768,lija|agua|deerfos|120|cc768|CC768,,False,False,False
LIJA AGUA DEERFOS #220 AC768,lija agua deerfos 220 ac768,lija|agua|deerfos|220|ac768|AC768,,False,False,False
SUSTACHE BLANCO 54 Y/D,sustache blanco 54 y/d,sustache|blanco|54|y/d,,False,False,False
GOMA DE 1/2 BLANCA,goma de 1/2 blanca,goma|1/2|blanca|1/2,,False,False,False
TORNILLO DIABLITO 6x 1 1/2 PULGADA,tornillo diablito 6x 1 1/2 pulgada,"tornillo|diablito|6x|1|1/2|pulgada|1/2|2""",LG,False,False,False
TORNILLO DIABLITO 6x 2 PULGADA,tornillo diablito 6x 2 pulgada,"tornillo|diablito|6x|2|pulgada|2""",LG,False,False,False
MANIJA TIPO PUNO PARA ATAUD,manija tipo puno para ataud,manija|tipo|puno|para|ataud,,False,False,False
1/4 PASTA ACRILICA CANO  (32 OZ),1/4 pasta acrilica cano 32 oz,1/4|pasta|acrilica|cano|32|oz|1/4,Cano,False,False,False
EXTRACTOR DAIWA 25A VEW 10'' PARED,extractor daiwa 25a vew 10 pared,extractor|daiwa|25a|vew|10|pared,Daiwa,False,False,False
BOMBILLO INFRAROJO 250W 120V,bombillo infrarojo 250w 120v,bombillo|infrarojo|250|w|120v|250W,,False,False,False
PENETRANTE (9.6ONZ) WD-40,penetrante 9.6onz wd-40,penetrante|9.6onz|wd-40,,False,False,False
MASCARILLA CON FILTRO DOBLE TRUPER,mascarilla con filtro doble truper,mascarilla|filtro|doble|truper,Truper,False,False,False
MASCARILLA RESPIRADOR PARA PARTICULAS,mascarilla respirador para particulas,mascarilla|respirador|para|particulas,,False,False,False
GAFAS DE PROTECCION,gafas de proteccion,gafas|proteccion,,False,False,False
PROTECTOR AUDITIVO 100/1,protector auditivo 100/1,protector|auditivo|100/1|100/1,,False,False,False
PISTOLA MECANICA PARA SOPLETEAR PISO-1 TRUPER,pistola mecanica para sopletear piso-1 truper,pistola|mecanica|para|sopletear|piso-1|truper,Truper,False,False,False
CEPILLO DE ALAMBRE TRUPER 4 X 16 CEA-54,cepillo de alambre truper 4 x 16 cea-54,cepillo|alambre|truper|4|x|16|cea-54,Truper,False,False,False
CEMENTO P/CERAMICA 50LBS  GRIS PEGAFORTE,cemento p/ceramica 50lbs gris pegaforte,cemento|p/ceramica|50|lb|gris|pegaforte|50 lbs,,False,False,False
ALAMBRE CAL 18 GALVANIZADO ASTM A641,alambre cal 18 galvanizado astm a641,alambre|cal|18|galvanizado|astm|a641|A641,,False,False,False
ALAMBRE GALVANIZADO C-18  C-18 GENERICO,alambre galvanizado c-18 c-18 generico,alambre|galvanizado|c-18|c-18|generico,Generico,False,False,False
CABLE #10 AWG THHN NEGRO,cable 10 awg thhn negro,cable|10|awg|thhn|negro,,False,False,False
CABLE #12 AWG THHN BLANCO,cable 12 awg thhn blanco,cable|12|awg|thhn|blanco,,False,False,False
CABLE VINYL 10/2 UF TW GRIS CORDIFLEX,cable vinyl 10/2 uf tw gris cordiflex,cable|vinyl|10/2|uf|tw|gris|cordiflex|10/2,,False,False,False
ALAMBRE DE VINIL 12/2 AWG PHELPS DODGE,alambre de vinil 12/2 awg phelps dodge,alambre|vinil|12/2|awg|phelps|dodge|12/2,,False,False,False
ALAMBRE DE GOMA 12/2,alambre de goma 12/2,alambre|goma|12/2|12/2,,False,False,False
ALAMBRE DE GOMA #10/2 AWG,alambre de goma 10/2 awg,alambre|goma|10/2|awg|10/2,,False,False,False
ALAMBRE DE VINIL 14/2 AWG PHELPS DODGE,alambre de vinil 14/2 awg phelps dodge,alambre|vinil|14/2|awg|phelps|dodge|14/2,,False,False,False
CABLE GOMA 14/2 SJTW NEGRO,cable goma 14/2 sjtw negro,cable|goma|14/2|sjtw|negro|14/2,,False,False,False
CABLE GOMA 8/3 SJTW NEGRO,cable goma 8/3 sjtw negro,cable|goma|8/3|sjtw|negro|8/3,,False,False,False
PINZA DE CORTE PICO LARGO 8  10306 KENDO,pinza de corte pico largo 8 10306 kendo,pinza|corte|pico|largo|8|10306|kendo,,False,False,False
ALICATE P/ELECTRICISTA 8''  10113 KENDO,alicate p/electricista 8 10113 kendo,alicate|p/electricista|8|10113|kendo,,False,False,False
ANGULAR DE 1-1/2* 1/4,angular de 1-1/2 1/4,angular|1-1/2|1/4|1/2,,False,False,False
ARMARIO DE METAL DE 2 PUERTAS 15x33x72,armario de metal de 2 puertas 15x33x72,armario|metal|2|puertas|15x33x72,,False,False,False
BARRA P/HACER HOYO 1''x6'  BAP-175 TRUPER,barra p/hacer hoyo 1 x6 bap-175 truper,barra|p/hacer|hoyo|1|x6|bap-175|truper|BAP-175,Truper,False,False,False
BARRA REDONDA 5/8''x20'  ATADO-106 UD) GENERICO,barra redonda 5/8 x20 atado-106 ud generico,barra|redonda|5/8|x20|atado-106|ud|generico|5/8,Generico,False,False,False
BASE P/ FOTO CELDA VOLTECK,base p/ foto celda volteck,base|p/|foto|celda|volteck,,False,False,False
BOMBILLO LUZ BLANCA 65W VOLTECK,bombillo luz blanca 65w volteck,bombillo|luz|blanca|65|w|volteck|65W,,False,False,False
BOMBILLO METAL HALIDE 1500W,bombillo metal halide 1500w,bombillo|metal|halide|1500|w|1500W,,False,False,False
BOMBILLO METAL HALIDE 1000W,bombillo metal halide 1000w,bombillo|metal|halide|1000|w|1000W,,False,False,False
BOMBILLO HALOGENO 250W 120V,bombillo halogeno 250w 120v,bombillo|halogeno|250|w|120v|250W,,False,False,False
"BOMBILLAS DE 150 W ,HPS (HIGH PRESSURE SODIUM)",bombillas de 150 w hps high pressure sodium,bombillas|150|w|hps|high|pressure|sodium|150W,HP,False,False,False
BRAZO GALV. 6FT,brazo galv. 6ft,brazo|galv.|6ft|6 pies,,False,False,False
BREAKER GE 1P 20A GRUESO,breaker ge 1p 20a grueso,breaker|ge|1p|20a|grueso,,False,False,False
BREAKER GE 1P 30A GRUESO,breaker ge 1p 30a grueso,breaker|ge|1p|30a|grueso,,False,False,False
BOTA DE GOMA DEL #39 AL #45 LARGA NEGRA DINOSAURIO,bota de goma del 39 al 45 larga negra dinosaurio,bota|goma|39|al|45|larga|negra|dinosaurio,,False,False,False
BOLSAS DE BASURA,bolsas de basura,bolsas|basura,,False,False,False
BROCHA DE 2 1/2'' ATLAS,brocha de 2 1/2 atlas,brocha|2|1/2|atlas|1/2,,False,False,False
BROCHA DE 3'' EMTOP,brocha de 3 emtop,brocha|3|emtop,,False,False,False
BROCHA DE 4'''EMTOP,brocha de 4 emtop,brocha|4|emtop,,False,False,False
BLOCK DE 6'' BISONO,block de 6 bisono,block|6|bisono,,False,False,False
TIZA DE CERA P/MARCAR ROJA  ROJA GENERICO,tiza de cera p/marcar roja roja generico,tiza|cera|p/marcar|roja|roja|generico,Generico,False,False,False
CAJA BREAKER GE 2 A 4,caja breaker ge 2 a 4,caja|breaker|ge|2|a|4,,False,False,False
CAJA DE BREAKER 4/8,caja de breaker 4/8,caja|breaker|4/8|4/8,,False,False,False
CARRETILLA TRUPER,carretilla truper,carretilla|truper,Truper,False,False,False
CARRETILLLA REFORZADA PARA ASFALTO TRAMOTINA,carretillla reforzada para asfalto tramotina,carretillla|reforzada|para|asfalto|tramotina,,False,False,False
CEDAZO DE ARENA,cedazo de arena,cedazo|arena,,False,False,False
CHALECO REFLEC SEG MAMEY,chaleco reflec seg mamey,chaleco|reflec|seg|mamey,,False,False,False
CINCEL PLANO 3/4x12 (18x300)  5825 BELLOTA,cincel plano 3/4x12 18x300 5825 bellota,cincel|plano|3/4x12|18x300|5825|bellota,,False,False,False
CINCEL PUNTA 3/4x12'' (18x300)  5821 BELLOTA,cincel punta 3/4x12 18x300 5821 bellota,cincel|punta|3/4x12|18x300|5821|bellota,,False,False,False
CINTA DE MEDIR ELECTRICA GUIA-30 DE TRUPER,cinta de medir electrica guia-30 de truper,cinta|medir|electrica|guia-30|truper,Truper,False,False,False
CINTA METRICA 30MT  35166 KENDO,cinta metrica 30mt 35166 kendo,cinta|metrica|30|mt|35166|kendo,,False,False,False
CINTA METRICA 8MTS  14579-FH-8M TRUPER,cinta metrica 8mts 14579-fh-8m truper,cinta|metrica|8mts|14579-fh-8m|truper,Truper,False,False,False
CIZALLA PROF 36'' (CP-36X)  12835 TRUPER,cizalla prof 36 cp-36x 12835 truper,cizalla|prof|36|cp-36x|12835|truper,Truper,False,False,False
CLAVO ACERO 2 1/2''  ACERO GENERICO,clavo acero 2 1/2 acero generico,clavo|acero|2|1/2|acero|generico|1/2,Generico,False,False,False
CLAVO ACERO 3''  ACERO GENERICO,clavo acero 3 acero generico,clavo|acero|3|acero|generico,Generico,False,False,False
CLAVO CORRIENTE 2 1/2X10  2999 GENERICO,clavo corriente 2 1/2x10 2999 generico,clavo|corriente|2|1/2x10|2999|generico,Generico,False,False,False
CLAVO CORRIENTE 3X9  2816 GENERICO,clavo corriente 3x9 2816 generico,clavo|corriente|3x9|2816|generico,Generico,False,False,False
CONECTORES PARA TRIPLEX 2/0 GENERICO,conectores para triplex 2/0 generico,conectores|para|triplex|2/0|generico|2/0,Generico,False,False,False
CONO PVC 70 CM CON REFLECTIVO,cono pvc 70 cm con reflectivo,cono|pvc|70|cm|reflectivo,,False,False,False
CUBO DE GOMA #10,cubo de goma 10,cubo|goma|10,,False,False,False
DISCO CORTE METAL INOX 7x1/16  7x1/16 METABO,disco corte metal inox 7x1/16 7x1/16 metabo,disco|corte|metal|inox|7x1/16|7x1/16|metabo,,False,False,False
DISCO CORTE METAL INOX 9x5/64  9x5/64 METABO,disco corte metal inox 9x5/64 9x5/64 metabo,disco|corte|metal|inox|9x5/64|9x5/64|metabo,,False,False,False
ESCUADRA DE 24  45-600 STANLEY,escuadra de 24 45-600 stanley,escuadra|24|45-600|stanley,,False,False,False
"ESCALERA F/ VIDRIO T/TIJERA 12  FTR-12 MAMEY 
ESCALUMEX",escalera f/ vidrio t/tijera 12 ftr-12 mamey escalumex,escalera|f/|vidrio|t/tijera|12|ftr-12|mamey|escalumex,,False,False,False
"ESCALERA F/ VIDRIO T/TIJERA 8  FTS-8 VERDE 
ESCALUMEX",escalera f/ vidrio t/tijera 8 fts-8 verde escalumex,escalera|f/|vidrio|t/tijera|8|fts-8|verde|escalumex,,False,False,False
ESCOBA PLASTICA MEDIANA  600026 LAMARIA,escoba plastica mediana 600026 lamaria,escoba|plastica|mediana|600026|lamaria,,False,False,False
ESCOBILLON PLASTICO FIBRA LEOPARDO,escobillon plastico fibra leopardo,escobillon|plastico|fibra|leopardo,,False,False,False
FOTO CELDA  FISHER,foto celda fisher,foto|celda|fisher,,False,False,False
GUANTES PARA ELECTRICOS,guantes para electricos,guantes|para|electricos,,False,False,False
GUANTES DE NITRILO MANGA CORTA,guantes de nitrilo manga corta,guantes|nitrilo|manga|corta,,False,False,False
GUANTE EXTRA GRIP  XL  400XL GRX,guante extra grip xl 400xl grx,guante|extra|grip|xl|400xl|grx,,False,False,False
GUANTES PUNTO PVC 10  76133 KENDO,guantes punto pvc 10 76133 kendo,guantes|punto|pvc|10|76133|kendo,,False,False,False
"JUEGO DE DESTORNILLADORES 8 EN 1  85115 
KENDO",juego de destornilladores 8 en 1 85115 kendo,juego|destornilladores|8|1|85115|kendo,,False,False,False
JUEGO DE LLAVE ALLEN TRUPER 15556,juego de llave allen truper 15556,juego|llave|allen|truper|15556,Truper,False,False,False
LLAVE STILSON 12''  50183 KENDO,llave stilson 12 50183 kendo,llave|stilson|12|50183|kendo,,False,False,False
LAMPARA LED T/COBRA 100W EMSOL,lampara led t/cobra 100w emsol,lampara|led|t/cobra|100|w|emsol|100W,,False,False,False
LAMPARA TIPO COBRA 150 W,lampara tipo cobra 150 w,lampara|tipo|cobra|150|w|150W,,False,False,False
LAMPARA LED T/COBRA 200W EMSOL,lampara led t/cobra 200w emsol,lampara|led|t/cobra|200|w|emsol|200W,,False,False,False
REFLECTOR DE 500 W LED,reflector de 500 w led,reflector|500|w|led|500W,,False,False,False
LLANA LISA M/MADERA (LLM-6L)  15406 TRUPER,llana lisa m/madera llm-6l 15406 truper,llana|lisa|m/madera|llm-6l|15406|truper|6 l,Truper,False,False,False
MALLA 6X50-C9,malla 6x50-c9,malla|6x50-c9,,False,False,False
MANDARRIA C/MANGO 16 LBS  MD-16M TRUPER,mandarria c/mango 16 lbs md-16m truper,mandarria|c/mango|16|lb|md-16m|truper|16 lbs,Truper,False,False,False
"MORTERO P/PANETE NORMAL100L P.50  NORMAL 
(A-12) ANTILLANA",mortero p/panete normal100l p.50 normal a-12 antillana,mortero|p/panete|normal100l|p.50|normal|a-12|antillana|NORMAL100L|100 l,,False,False,False
MARTILLO TRUPER 16OZ MAR-16 19710,martillo truper 16oz mar-16 19710,martillo|truper|16oz|mar-16|19710,Truper,False,False,False
BARRENA 1/2X6 CONCRETO IRWIN 14169,barrena 1/2x6 concreto irwin 14169,barrena|1/2x6|concreto|irwin|14169,,False,False,False
BARRENA 1/4X6 CONCRETO IRWIN 14153 T/H,barrena 1/4x6 concreto irwin 14153 t/h,barrena|1/4x6|concreto|irwin|14153|t/h,,False,False,False
BARRENA 3/16 X 3 1/2 CONCRETO IRWIN IW977,barrena 3/16 x 3 1/2 concreto irwin iw977,barrena|3/16|x|3|1/2|concreto|irwin|iw977|3/16|IW977,,False,False,False
BARRENA 3/8 CONCRETO IRWIN,barrena 3/8 concreto irwin,barrena|3/8|concreto|irwin|3/8,,False,False,False
MEDIDOR DISTANCIA LASER 60MT  35532 KENDO,medidor distancia laser 60mt 35532 kendo,medidor|distancia|laser|60|mt|35532|kendo,,False,False,False
MOTAS ANTIGOTAS 9'' EM,motas antigotas 9 em,motas|antigotas|9|em,,False,False,False
"NIVEL MEDIANO KENDO MODELO 35256 DE 32""","nivel mediano kendo modelo 35256 de 32""","nivel|mediano|kendo|modelo|35256|32""|32""",,False,False,False
"ODOMETRO MEDIR DISTANCIA METRO  15830 
TRUPER",odometro medir distancia metro 15830 truper,odometro|medir|distancia|metro|15830|truper,Truper,False,False,False
PALA CUADRADA TRUPER 17161,pala cuadrada truper 17161,pala|cuadrada|truper|17161,Truper,False,False,False
PALA DE CORTE C/MANGO  77424/404 TRAMONTINA,pala de corte c/mango 77424/404 tramontina,pala|corte|c/mango|77424/404|tramontina|77424/404,,False,False,False
PALA REDONDA C/MANGO  17160PRY-P TRUPER,pala redonda c/mango 17160pry-p truper,pala|redonda|c/mango|17160pry-p|truper,Truper,False,False,False
"ZAPAPICO CON MANGO 5LBS  77303/553 
TRAMONTINA",zapapico con mango 5lbs 77303/553 tramontina,zapapico|mango|5|lb|77303/553|tramontina|77303/553|5 lbs,,False,False,False
PALO P/PARA PICO,palo p/para pico,palo|p/para|pico,,False,False,False
PALA DE CORTE TRUPER 17162,pala de corte truper 17162,pala|corte|truper|17162,Truper,False,False,False
PINZA DE PUNTA 8 PRETUL 22627,pinza de punta 8 pretul 22627,pinza|punta|8|pretul|22627,,False,False,False
PORTA ROLO PA-576-19 LANCO,porta rolo pa-576-19 lanco,porta|rolo|pa-576-19|lanco|PA-576-19,,False,False,False
THINNER  TH-900 TROPICAL,thinner th-900 tropical,thinner|th-900|tropical|TH-900,Tropical,False,False,False
VARA PARA EXTENSION BYP,vara para extension byp,vara|para|extension|byp,,False,False,False
PLANA P/ALBAÑIL 7''  45204 KENDO,plana p/albanil 7 45204 kendo,plana|p/albanil|7|45204|kendo,,False,False,False
PULIDORA  4 1/2 - 1 000W  STGS1011 STANLEY,pulidora 4 1/2 - 1 000w stgs1011 stanley,pulidora|4|1/2|-|1|000|w|stgs1011|1/2|STGS1011|000W,,False,False,False
RASTRILLO DE ASFALTO PRETUL,rastrillo de asfalto pretul,rastrillo|asfalto|pretul,,False,False,False
DISLUIDO ASFALTICO RC2 5GL,disluido asfaltico rc2 5gl,disluido|asfaltico|rc2|5|gal|5 gl,,False,False,False
ROSETA DE PORCELANA LEVITON,roseta de porcelana leviton,roseta|porcelana|leviton,,False,False,False
SIERRA CIRCULAR 7-1/4 1500W  10A  DWE.5615,sierra circular 7-1/4 1500w 10a dwe.5615,sierra|circular|7-1/4|1500|w|10a|dwe.5615|1/4|1500W,,False,False,False
VARILLA P/SOLDAR 3/32 C/10LBS  E-6013 UNIVERSAL,varilla p/soldar 3/32 c/10lbs e-6013 universal,varilla|p/soldar|3/32|c/10|lb|e-6013|universal|3/32|E-6013|10 lbs,,False,False,False
VARILLA P/SOLDAR 1/8 C/10LBS  E-7018 UNIVERSAL,varilla p/soldar 1/8 c/10lbs e-7018 universal,varilla|p/soldar|1/8|c/10|lb|e-7018|universal|1/8|E-7018|10 lbs,,False,False,False
"PINTURA SPRAY ROJO CHINO 23   SCARLATA 
SMARTLIFE",pintura spray rojo chino 23 scarlata smartlife,pintura|spray|rojo|chino|23|scarlata|smartlife,,False,False,False
TALADRO ROTAMARTILLO 1/2 1200W,taladro rotamartillo 1/2 1200w,taladro|rotamartillo|1/2|1200|w|1/2|1200W,,False,False,False
TALADRO TRUPER 1/2 600W,taladro truper 1/2 600w,taladro|truper|1/2|600|w|1/2|600W,Truper,False,False,False
TAPE DE VINIL 3M-33 SCOTCH,tape de vinil 3m-33 scotch,tape|vinil|3m-33|scotch,,False,False,False
TAPE NEGRO DE GOMA ELECTRICO  SCOTCH  3M,tape negro de goma electrico scotch 3m,tape|negro|goma|electrico|scotch|3m,,False,False,False
TORNILLO HEXAGONAL 5/8X2,tornillo hexagonal 5/8x2,tornillo|hexagonal|5/8x2,,False,False,False
TUERCA DE 5/8,tuerca de 5/8,tuerca|5/8|5/8,,False,False,False
ARANDELA PLANA 5/8,arandela plana 5/8,arandela|plana|5/8|5/8,,False,False,False
AMPERIMETRO DIGITAL  MUT-202 TRUPER,amperimetro digital mut-202 truper,amperimetro|digital|mut-202|truper|MUT-202,Truper,False,False,False
TUBO PVC 12X19  SDR41 CORVI,tubo pvc 12x19 sdr41 corvi,tubo|pvc|12x19|sdr41|corvi|SDR41,,False,False,False
TUBO PVC 8X19  SDR41 CORVI,tubo pvc 8x19 sdr41 corvi,tubo|pvc|8x19|sdr41|corvi|SDR41,,False,False,False
VALLA DE SENALIZACION EN METAL (HOMBRES TRABAJANDO),valla de senalizacion en metal hombres trabajando,valla|senalizacion|metal|hombres|trabajando,,False,False,False
VARILLA 1/2'',varilla 1/2,varilla|1/2|1/2,,False,False,False
VARILLA 3/8'',varilla 3/8,varilla|3/8|3/8,,False,False,False
VARILLA 1/4'',varilla 1/4,varilla|1/4|1/4,,False,False,False
BLOCK DE 8''  FRABRICA P.108,block de 8 frabrica p.108,block|8|frabrica|p.108,,False,False,False
"PINO AMER BRUTO 1680 PIES 1.0x04x12 
AMERICAN",pino amer bruto 1680 pies 1.0x04x12 american,pino|amer|bruto|1680|pies|1.0x04x12|american|1680 pies,,False,False,False
MADERA 2X4X12,madera 2x4x12,madera|2x4x12,,False,False,False
PAB2612 PINO AMER BRUTO 336 PIES 2.0x06x12 AMERICAN,pab2612 pino amer bruto 336 pies 2.0x06x12 american,pab2612|pino|amer|bruto|336|pies|2.0x06x12|american|336 pies|PAB2612,,False,False,False
GRANZOTE GRUESO,granzote grueso,granzote|grueso,,False,False,False
ANDAMIOS 6X3 COMPLETOS,andamios 6x3 completos,andamios|6x3|completos,,False,False,False
CINTA PRECAUCION AMAR  3''X1000'  BTCC31000G GRIPITE,cinta precaucion amar 3 x1000 btcc31000g gripite,cinta|precaucion|amar|3|x1000|btcc31000g|gripite|X1000,,False,False,False
"MALLA SENALIZACION MAMEY 4'X100'  BFW4100E 
GRIPRITE",malla senalizacion mamey 4 x100 bfw4100e griprite,malla|senalizacion|mamey|4|x100|bfw4100e|griprite|X100,,False,False,False
CASCO SEGURIDAD BLANCO  201758 CLIMAX,casco seguridad blanco 201758 climax,casco|seguridad|blanco|201758|climax,,False,False,False
TUBO PARA MALLA 1 1/2 x 15  S/ROSCA GENERICO,tubo para malla 1 1/2 x 15 s/rosca generico,tubo|para|malla|1|1/2|x|15|s/rosca|1/2,Generico,False,False,False
TUBO PARA MALLA 1 1/4 x20  S/ROSCA GENERICO,tubo para malla 1 1/4 x20 s/rosca generico,tubo|para|malla|1|1/4|x20|s/rosca|generico|1/4,Generico,False,False,False
"MALLA ELECT/S D2.5X D2.5X20X20  ROLLO 40MT/ 2.74
QQ GENERICO",malla elect/s d2.5x d2.5x20x20 rollo 40mt/ 2.74 qq generico,malla|elect/s|d2.5x|d2.5x20x20|rollo|40|mt/|2.74,Generico,False,False,False
CEPILLO DE ALAMBRE TRUPER 4 X 16 CEA-54,cepillo de alambre truper 4 x 16 cea-54,cepillo|alambre|truper|4|x|16|cea-54,Truper,False,False,False
BANDEJA P/PINTAR PROFESIONAL 9  CPR9 BYP,bandeja p/pintar profesional 9 cpr9 byp,bandeja|p/pintar|profesional|9|cpr9|byp|CPR9,,False,False,False
ROTULOS DE CALLE,rotulos de calle,rotulos|calle,,False,False,False
BOYAS REDUCTORAS DE VELOCIDAD 2 OJOS,boyas reductoras de velocidad 2 ojos,boyas|reductoras|velocidad|2|ojos,,False,False,False
HILO NYLON BLANCO NO.18  NO.18 BALLENA,hilo nylon blanco no.18 no.18 ballena,hilo|nylon|blanco|no.18|no.18|ballena,,False,False,False
ESPATULA METAL 4''  PA-2292-19 LANCO,espatula metal 4 pa-2292-19 lanco,espatula|metal|4|pa-2292-19|lanco|PA-2292-19,,False,False,False
ENCHUFE LEVITON 120 VAMARILLO 515PV,enchufe leviton 120 vamarillo 515pv,enchufe|leviton|120|vamarillo|515pv,,False,False,False
TAPE NEGRO DE GOMA ELECTRICO  SCOTCH  3M,tape negro de goma electrico scotch 3m,tape|negro|goma|electrico|scotch|3m,,False,False,False
FOTO CELDA  FISHER,foto celda fisher,foto|celda|fisher,,False,False,False
BASE P/ FOTO CELDA VOLTECK,base p/ foto celda volteck,base|p/|foto|celda|volteck,,False,False,False
BASE P/ FOTO CELDA,base p/ foto celda,base|p/|foto|celda,,False,False,False
ALAMBRE GOMA 8/3,alambre goma 8/3,alambre|goma|8/3|8/3,,False,False,False
ALAMBRE GOMA 10/3,alambre goma 10/3,alambre|goma|10/3|10/3,,False,False,False
ALAMBRE ELECTRICO #12 STD NEGRO,alambre electrico 12 std negro,alambre|electrico|12|std|negro,,False,False,False
ALAMBRE GOMA 14/2,alambre goma 14/2,alambre|goma|14/2|14/2,,False,False,False
CAJA DE BREAKER GE 6 A 12,caja de breaker ge 6 a 12,caja|breaker|ge|6|a|12,,False,False,False
BREAKER GE 1P 30A GRUESO,breaker ge 1p 30a grueso,breaker|ge|1p|30a|grueso,,False,False,False
CAJA DE BREAKER 4/8,caja de breaker 4/8,caja|breaker|4/8|4/8,,False,False,False
CAJA DE BREAKER 8/16,caja de breaker 8/16,caja|breaker|8/16|8/16,,False,False,False
BREAKER GRUESO DE 30 AMP,breaker grueso de 30 amp,breaker|grueso|30|amp,,False,False,False
FOTOCELDA,fotocelda,fotocelda,,False,False,False
VARILLA DE 1/4'',varilla de 1/4,varilla|1/4|1/4,,False,False,False
VARILLA DE 3/8'',varilla de 3/8,varilla|3/8|3/8,,False,False,False
BLOCK DE 6'' BISONO,block de 6 bisono,block|6|bisono,,False,False,False
ALAMBRE CAL 18 GALVANIZADO ASTM A641,alambre cal 18 galvanizado astm a641,alambre|cal|18|galvanizado|astm|a641|A641,,False,False,False
DRIZA NYLON 1/4,driza nylon 1/4,driza|nylon|1/4|1/4,,False,False,False
ALAMBRE DE GOMA #10/3 AWG,alambre de goma 10/3 awg,alambre|goma|10/3|awg|10/3,,False,False,False
ALAMBRE DE GOMA #8/3 AWG,alambre de goma 8/3 awg,alambre|goma|8/3|awg|8/3,,False,False,False
TUBO LED 18w 48'' 6000k,tubo led 18w 48 6000k,tubo|led|18|w|48|6000k|18W,,False,False,False
ROSETA PORSELANA LEVITON,roseta porselana leviton,roseta|porselana|leviton,,False,False,False
CABLE #14 AWG THHN NEGRO,cable 14 awg thhn negro,cable|14|awg|thhn|negro,,False,False,False
BOMBILLO LED  20w SYLVANIA20w-6500k,bombillo led 20w sylvania20w-6500k,bombillo|led|20|w|sylvania20|w-6500k|SYLVANIA20|20W,,False,False,False
PINTURA POPULAR EXT-INT PRO BLANCO 50,pintura popular ext-int pro blanco 50,pintura|popular|ext-int|pro|blanco|50,,False,False,False
PINTURA POPULAR EXT-INT PRO  ARENA 23,pintura popular ext-int pro arena 23,pintura|popular|ext-int|pro|arena|23,,False,False,False
PINTURA TROPICAL CONTRACTOR NEGRO 53 POSITIVO,pintura tropical contractor negro 53 positivo,pintura|tropical|contractor|negro|53|positivo,Tropical,False,False,False
VARILLA DE 1/2'',varilla de 1/2,varilla|1/2|1/2,,False,False,False
BLOCK DE 8''  FRABRICA P.108,block de 8 frabrica p.108,block|8|frabrica|p.108,,False,False,False
ALAMBRE #8 AWG,alambre 8 awg,alambre|8|awg,,False,False,False
ALAMBRE #10 AWG,alambre 10 awg,alambre|10|awg,,False,False,False
ALAMBRE DE GOMA 12/3,alambre de goma 12/3,alambre|goma|12/3|12/3,,False,False,False
TAPE VINIL SCOTCH 3M SUPER33+,tape vinil scotch 3m super33,tape|vinil|scotch|3m|super33|SUPER33,,False,False,False
ALAMBRE 12/2 AWG PHELPS DODGE,alambre 12/2 awg phelps dodge,alambre|12/2|awg|phelps|dodge|12/2,,False,False,False
CANDADO DE BRONCE YALE ITALY 70MM,candado de bronce yale italy 70mm,candado|bronce|yale|italy|70|mm,,False,False,False
CAJA DE BREAKER  PLASTICO EUROPEO DE 12 CIRCUITO,caja de breaker plastico europeo de 12 circuito,caja|breaker|plastico|europeo|12|circuito,,False,False,False
CIRCUITO BREAKER DE 20 AMP,circuito breaker de 20 amp,circuito|breaker|20|amp,,False,False,False
BOMBILLOS DE COLOR ROJO MODALIDAD ESCUNFE ESTANADAR,bombillos de color rojo modalidad escunfe estanadar,bombillos|color|rojo|modalidad|escunfe|estanadar,,False,False,False
BOMBILLOS DE COLOR AZUL MODALIDAD ESCUNFE ESTANADAR,bombillos de color azul modalidad escunfe estanadar,bombillos|color|azul|modalidad|escunfe|estanadar,,False,False,False
BOMBILLOS DE COLOR BLANCO MODALIDAD ESCUNFE ESTANADAR,bombillos de color blanco modalidad escunfe estanadar,bombillos|color|blanco|modalidad|escunfe|estanadar,,False,False,False
CONTACTOR MAGNETICO DE 65 AMP,contactor magnetico de 65 amp,contactor|magnetico|65|amp,,False,False,False
PROA LA URENA- AYUNTAMIENTO SANTO DOMINGO ESTE,proa la urena- ayuntamiento santo domingo este,proa|urena-|ayuntamiento|santo|domingo|este,,False,False,False
CONSTRUCCIÓN PANDERETA DE SHEETROCK,construccion pandereta de sheetrock,construccion|pandereta|sheetrock,,False,False,False
Mocheta y canto (1 Hueco),mocheta y canto 1 hueco,mocheta|canto|1|hueco,,False,False,False
Plancha Sheetrock,plancha sheetrock,plancha|sheetrock,,False,False,False
Paral de metal 2 1/2,paral de metal 2 1/2,paral|metal|2|1/2|1/2,,False,False,False
Madera bruta pino americano 1x2'' de 2.10 mt,madera bruta pino americano 1x2 de 2.10 mt,madera|bruta|pino|americano|1x2|2.10|mt,Cano,False,False,False
Esquinero,esquinero,esquinero,,False,False,False
Tornillo de 2'',tornillo de 2,tornillo|2,,False,False,False
Cinta de Papel,cinta de papel,cinta|papel,,False,False,False
Material,material,material,,False,False,False
Lija de agua,lija de agua,lija|agua,,False,False,False
Ayudante (AY),ayudante ay,ayudante|ay,,False,False,False
Trabajador de 2da Categoría (T2),trabajador de 2da categoria t2,trabajador|2da|categoria|t2,,False,False,False
Factor herramienta y seguridad de mano de obra,factor herramienta y seguridad de mano de obra,factor|herramienta|seguridad|mano|obra,,True,False,False
Total 22,total 22,total|22,,False,False,False
ALAMBRE VINIL 10/2,alambre vinil 10/2,alambre|vinil|10/2|10/2,,False,False,False
ALAMBRE DE GOMA 14/2,alambre de goma 14/2,alambre|goma|14/2|14/2,,False,False,False
ANGULAR DE 1/2X1/4,angular de 1/2x1/4,angular|1/2x1/4,,False,False,False
ARMARIO DE OFICINA,armario de oficina,armario|oficina,,False,False,False
BOMBILLA 65 W,bombilla 65 w,bombilla|65|w|65W,,False,False,False
BOMBILLAS MH 1500W,bombillas mh 1500w,bombillas|mh|1500|w|1500W,,False,False,False
BOMBILLAS MH 1000W,bombillas mh 1000w,bombillas|mh|1000|w|1000W,,False,False,False
BOMBILLAS MH 250W,bombillas mh 250w,bombillas|mh|250|w|250W,,False,False,False
BRAZOS DE 6 HG PARA LAMPARA,brazos de 6 hg para lampara,brazos|6|hg|para|lampara,,False,False,False
BOLSAS DE BASURA,bolsas de basura,bolsas|basura,,False,False,False
CEDAZO DE CONSTRUCCION,cedazo de construccion,cedazo|construccion,,False,False,False
GUANTES PARA ELECTRICOS,guantes para electricos,guantes|para|electricos,,False,False,False
GUANTES DE NITRILO MANGA CORTA,guantes de nitrilo manga corta,guantes|nitrilo|manga|corta,,False,False,False
LAMPRA LED TIPO COBRA 200 W,lampra led tipo cobra 200 w,lampra|led|tipo|cobra|200|w|200W,,False,False,False
REFLECTOR DE 500 W LED,reflector de 500 w led,reflector|500|w|led|500W,,False,False,False
MECHAS DE 1/2,mechas de 1/2,mechas|1/2|1/2,,False,False,False
MECHAS DE 1/4,mechas de 1/4,mechas|1/4|1/4,,False,False,False
MECHAS DE 3/16,mechas de 3/16,mechas|3/16|3/16,,False,False,False
MECHAS DE 3/8,mechas de 3/8,mechas|3/8|3/8,,False,False,False
PALA DE PICO,pala de pico,pala|pico,,False,False,False
PINZA DE CORTE,pinza de corte,pinza|corte,,False,False,False
PINZA DE AGARRE,pinza de agarre,pinza|agarre,,False,False,False
RC2 (DISLUIDO ASFALTICO ),rc2 disluido asfaltico,rc2|disluido|asfaltico,,False,False,False
TALADRO 1 HP,taladro 1 hp,taladro|1|hp,HP,False,False,False
TALADRO DE 500 W,taladro de 500 w,taladro|500|w|500W,,False,False,False
TORNILLO DE 5/8,tornillo de 5/8,tornillo|5/8|5/8,,False,False,False
TUERCA DE 5/8,tuerca de 5/8,tuerca|5/8|5/8,,False,False,False
ARANDELA 5/8,arandela 5/8,arandela|5/8|5/8,,False,False,False
VALLA DE SENALIZACION EN METAL (HOMBRES TRABAJANDO),valla de senalizacion en metal hombres trabajando,valla|senalizacion|metal|hombres|trabajando,,False,False,False
MADERA 2X4X12,madera 2x4x12,madera|2x4x12,,False,False,False
GRANZOTE (RELLENO),granzote relleno,granzote|relleno,,False,False,False
ANDAMIOS 6X3 COMPLETOS,andamios 6x3 completos,andamios|6x3|completos,,False,False,False
ROTULOS DE CALLE,rotulos de calle,rotulos|calle,,False,False,False
REDUCTORES DE VELOCIDAD (BOYAS),reductores de velocidad boyas,reductores|velocidad|boyas,,False,False,False
ARENA LAVADA,arena lavada,arena|lavada,,False,False,False
ARENA DE EMPAÑETE,arena de empanete,arena|empanete,,False,False,False
GRAVA 3/4,grava 3/4,grava|3/4|3/4,,False,False,False
ARENA ITABO,arena itabo,arena|itabo,,False,False,False
ALAMBRE DE GOMA #12/2 AWG,alambre de goma 12/2 awg,alambre|goma|12/2|awg|12/2,,False,False,False
ALAMBRE DE GOMA #10/2 AWG,alambre de goma 10/2 awg,alambre|goma|10/2|awg|10/2,,False,False,False
SPRAY DORADO,spray dorado,spray|dorado,,False,False,False
SPRAY DECORATIVO NARANJA,spray decorativo naranja,spray|decorativo|naranja,,False,False,False
SPRAY DECORATIVO AZUL,spray decorativo azul,spray|decorativo|azul,,False,False,False
SPRAY DECORATIVO MARRON,spray decorativo marron,spray|decorativo|marron,,False,False,False
SPRAY DECORATIVO BLANCO,spray decorativo blanco,spray|decorativo|blanco,,False,False,False
SPRAY DECORATIVO NEGRO,spray decorativo negro,spray|decorativo|negro,,False,False,False
SPRAY DECORATIVO CREMA,spray decorativo crema,spray|decorativo|crema,,False,False,False
DRISA PARA BANDERA TIPO BANDERA DE ESCUELA,drisa para bandera tipo bandera de escuela,drisa|para|bandera|tipo|bandera|escuela,,False,False,False
CONTACTORES DE 30 AMP,contactores de 30 amp,contactores|30|amp,,False,False,False
CONTACTORES DE 32 AMP,contactores de 32 amp,contactores|32|amp,,False,False,False
ALAMBRE DUPLO #12 AWG,alambre duplo 12 awg,alambre|duplo|12|awg,,False,False,False
TAPE NEGRO ELECTRICO  SCOTCH  SUPER 33 +,tape negro electrico scotch super 33,tape|negro|electrico|scotch|super|33,,False,False,False
FOTO CELDA,foto celda,foto|celda,,False,False,False
BASE P/ FOTO CELDA,base p/ foto celda,base|p/|foto|celda,,False,False,False
GRAPA DE ALAMBRE,grapa de alambre,grapa|alambre,,False,False,False
TAPA WATERPROOF DOBLE 110 V LEVITON,tapa waterproof doble 110 v leviton,tapa|waterproof|doble|110|v|leviton,,False,False,False
PIE DE ALAMBRE STR No.10 AWG THHN,pie de alambre str no.10 awg thhn,pie|alambre|str|no.10|awg|thhn,,False,False,False
PIE DE ALAMBRE STR No.12 AWG THHN,pie de alambre str no.12 awg thhn,pie|alambre|str|no.12|awg|thhn,,False,False,False
CANALETAS CUADRADAS C/ADH 1/2,canaletas cuadradas c/adh 1/2,canaletas|cuadradas|c/adh|1/2|1/2,,False,False,False
TOMA CORRIENTE DOBLE 20 AMP LEVITON,toma corriente doble 20 amp leviton,toma|corriente|doble|20|amp|leviton,,False,False,False
TAPE TENFLEX 1600 GRAN,tape tenflex 1600 gran,tape|tenflex|1600|gran,,False,False,False
PANEL 6-12 CIR  TL612 G.E,panel 6-12 cir tl612 g.e,panel|6-12|cir|tl612|g.e|TL612,,False,False,False
BREAKER SENCILLO G.E 30 AMP,breaker sencillo g.e 30 amp,breaker|sencillo|g.e|30|amp,,False,False,False
BREAKER SENCILLO G.E 20 AMP,breaker sencillo g.e 20 amp,breaker|sencillo|g.e|20|amp,,False,False,False
CLAVO DE 4 PULGADAS ACERO CAJA DE 50 LIBRA,clavo de 4 pulgadas acero caja de 50 libra,"clavo|4|pulgadas|acero|caja|50|libra|4""",LG,False,False,False
CLAVO DE 4 PULGADAS DULCE CAJA DE 50 LIBRA,clavo de 4 pulgadas dulce caja de 50 libra,"clavo|4|pulgadas|dulce|caja|50|libra|4""",LG,False,False,False
CLAVO DE 3 PULGADAS ACERO KOREANO CAJA DE 50 LIBRA,clavo de 3 pulgadas acero koreano caja de 50 libra,"clavo|3|pulgadas|acero|koreano|caja|50|libra|3""",LG,False,False,False
CLAVO DE 3 PULGADA DULCE CAJA DE 50 LIBRA,clavo de 3 pulgada dulce caja de 50 libra,"clavo|3|pulgada|dulce|caja|50|libra|3""",LG,False,False,False
CLAVO DE  2 1/2PULGADA DE ACERO KOREANO CAJA DE 50 LIBRA,clavo de 2 1/2pulgada de acero koreano caja de 50 libra,"clavo|2|1/2pulgada|acero|koreano|caja|50|libra|2""",LG,False,False,False
CLAVO DE ZINC CAJA DE 50 LIBRA,clavo de zinc caja de 50 libra,clavo|zinc|caja|50|libra,,False,False,False
TRANSFORMADOR LED DRIVER MODELO SS M 13648 600 IMPUT AC85 265V 50/60,transformador led driver modelo ss m 13648 600 imput ac85 265v 50/60,transformador|led|driver|modelo|ss|m|13648|600|50/60|AC85,,False,False,False
TUBOS SKTG4F-18 T8 18W 10% 100-265V 25000 H,tubos sktg4f-18 t8 18w 10% 100-265v 25000 h,tubos|sktg4f-18|t8|18|w|10%|100-265v|25000|SKTG4F-18|18W,,False,False,False
UND.,und.,und.,,False,False,False
CEMENTO GRIS SANTO DOMINGO  94 LB,cemento gris santo domingo 94 lb,cemento|gris|santo|domingo|94|lb|94 lb,,False,False,False
VARILLA DE 3/4,varilla de 3/4,varilla|3/4|3/4,,False,False,False
ARENA LAVADA,arena lavada,arena|lavada,,False,False,False
GRAVA 3/4,grava 3/4,grava|3/4|3/4,,False,False,False
ARENA ITABO,arena itabo,arena|itabo,,False,False,False
PINTURA SHERWIN WILLIAMS DE 1/4 (SW 7558),pintura sherwin williams de 1/4 sw 7558,pintura|sherwin|williams|1/4|sw|7558|1/4,,False,False,False
TROPICAL ACRILICA US SATINADA BLANCO 00,tropical acrilica us satinada blanco 00,tropical|acrilica|us|satinada|blanco|00,Tropical,False,False,False
PINTURA TROPICAL CONTRACTOR NEGRO 53 POSITIVO,pintura tropical contractor negro 53 positivo,pintura|tropical|contractor|negro|53|positivo,Tropical,False,False,False
MOTAS ANTIGOTAS 9'' EM,motas antigotas 9 em,motas|antigotas|9|em,,False,False,False
BROCHAS DE 1'' EMTOP,brochas de 1 emtop,brochas|1|emtop,,False,False,False
BROCHAS DE 2'' EMTOP,brochas de 2 emtop,brochas|2|emtop,,False,False,False
BROCHAS DE 3'' EMTOP,brochas de 3 emtop,brochas|3|emtop,,False,False,False
BROCHAS DE 4'''EMTOP,brochas de 4 emtop,brochas|4|emtop,,False,False,False
PORTA ROLO PINTAR SML,porta rolo pintar sml,porta|rolo|pintar|sml,,False,False,False
CHINA CUPS GRANDES 32 OZ,china cups grandes 32 oz,china|cups|grandes|32|oz,,False,False,False
EXTENSION P/ PINTAR  REMIER 6''-12'',extension p/ pintar remier 6 -12,extension|p/|pintar|remier|6|-12,,False,False,False
"PINCELES WINDSOR & NEWTON, ROYAL Y LANGNIKEL Y  PRICENTON (16 UND)",pinceles windsor newton royal y langnikel y pricenton 16 und,pinceles|windsor|newton|royal|langnikel|pricenton|16|und,,False,False,False
ALAMBRE #8 AWG,alambre 8 awg,alambre|8|awg,,False,False,False
TORNILLO  HEXAGONAL 5/16X2,tornillo hexagonal 5/16x2,tornillo|hexagonal|5/16x2,,False,False,False
LAMPRA LED 150 W TIPO COBRA,lampra led 150 w tipo cobra,lampra|led|150|w|tipo|cobra|150W,,False,False,False
CONECTOR KIT,conector kit,conector|kit,,False,False,False
TARUGO PLOMO 1/2X5/16X11/4,tarugo plomo 1/2x5/16x11/4,tarugo|plomo|1/2x5/16x11/4,,False,False,False
TAPE NEGRO DE GOMA ELECTRICO  SCOTCH  3M,tape negro de goma electrico scotch 3m,tape|negro|goma|electrico|scotch|3m,,False,False,False
TALADROS PROFESIONALES DEWALT,taladros profesionales dewalt,taladros|profesionales|dewalt,Dewalt,False,False,False
ARENA LAVADA,arena lavada,arena|lavada,,False,False,False
ARENA DE EMPAÑETE,arena de empanete,arena|empanete,,False,False,False
GRAVA 3/4,grava 3/4,grava|3/4|3/4,,False,False,False
ARENA ITABO,arena itabo,arena|itabo,,False,False,False
CEMENTO GRIS (AGLOMERANTE PORTLAND) SANTO DOMINGO/TITAN-CEMEX FDA 94LB,cemento gris aglomerante portland santo domingo/titan-cemex fda 94lb,cemento|gris|aglomerante|portland|santo|domingo/titan-cemex|fda|94|94 lb,,False,False,False
MALLA 6X50-C9,malla 6x50-c9,malla|6x50-c9,,False,False,False
TUBO DE 2X20  P/MALLA,tubo de 2x20 p/malla,tubo|2x20|p/malla,,False,False,False
CEMENTO GRIS (AGLOMERANTE PORTLAND) SANTO DOMINGO/TITAN-CEMEX FDA 94LB,cemento gris aglomerante portland santo domingo/titan-cemex fda 94lb,cemento|gris|aglomerante|portland|santo|domingo/titan-cemex|fda|94|94 lb,,False,False,False
MATERIALES,materiales,materiales,,False,False,False
C AJAS DE PLAFONES,c ajas de plafones,c|ajas|plafones,,False,False,False
BRAZOS DE PUERTAS,brazos de puertas,brazos|puertas,,False,False,False
LLAVES DE LAVAMANOS,llaves de lavamanos,llaves|lavamanos,,False,False,False
JUNTAS DE CERA,juntas de cera,juntas|cera,,False,False,False
CHUPONES DE ORINALES DE  1/2,chupones de orinales de 1/2,chupones|orinales|1/2|1/2,,False,False,False
CHUPONES DE ORINALES DE  3/4,chupones de orinales de 3/4,chupones|orinales|3/4|3/4,,False,False,False
LLAVES  PARA ORINARIO,llaves para orinario,llaves|para|orinario,,False,False,False
JUNTAS PARA ORINAL,juntas para orinal,juntas|para|orinal,,False,False,False
EXTENCIONES DE LAVAMANO 1-1 1/4,extenciones de lavamano 1-1 1/4,extenciones|lavamano|1-1|1/4|1/4,,False,False,False
LLAVES FUXOMERTO,llaves fuxomerto,llaves|fuxomerto,,False,False,False
PINTURAS,pinturas,pinturas,,False,False,False
PINTURA DE ACEITE GRIS,pintura de aceite gris,pintura|aceite|gris,,False,False,False
PINTURA BLANCO COLONIAL,pintura blanco colonial,pintura|blanco|colonial,,False,False,False
SPRAY NEGRO,spray negro,spray|negro,,False,False,False
ELECTRICIDAD,electricidad,electricidad,,False,False,False
CAJAS DE TUBO DE 32,cajas de tubo de 32,cajas|tubo|32,,False,False,False
CAJAS DE TUBO DE 40,cajas de tubo de 40,cajas|tubo|40,,False,False,False
TAPE NEGRO 3 M,tape negro 3 m,tape|negro|3|m,,False,False,False
EBANISTERIA,ebanisteria,ebanisteria,,False,False,False
SILICON BLANCO,silicon blanco,silicon|blanco,,False,False,False
GALONES DE CERA,galones de cera,galones|cera,,False,False,False
BRILLO,brillo,brillo,,False,False,False
PLANCHA MDF 4X8 X 12 MM,plancha mdf 4x8 x 12 mm,plancha|mdf|4x8|x|12|mm,,False,False,False
BISAGRA INVISIBLE RECTA LARGA,bisagra invisible recta larga,bisagra|invisible|recta|larga,,False,False,False
CERRADURA PARA GAVETAS TIRI LARGO,cerradura para gavetas tiri largo,cerradura|para|gavetas|tiri|largo,,False,False,False
CORREDERAS FULL No. 18,correderas full no. 18,correderas|full|no.|18,,False,False,False
LACA,laca,laca,,False,False,False
TNINNER LACA,tninner laca,tninner|laca,,False,False,False
LIJAS DE AGUA No. 240,lijas de agua no. 240,lijas|agua|no.|240,,False,False,False
LIJAS DE AGUA No. 120,lijas de agua no. 120,lijas|agua|no.|120,,False,False,False
OLEO No. 2 GRANDE,oleo no. 2 grande,oleo|no.|2|grande,,False,False,False
COLA,cola,cola,,False,False,False
MASKINTAPE DE 1,maskintape de 1,maskintape|1,,False,False,False
PISTOLA BAJO PRESISON,pistola bajo presison,pistola|bajo|presison,,False,False,False
MASCARILLA AUTO FILTRANATE,mascarilla auto filtranate,mascarilla|auto|filtranate,,False,False,False
TORNILLOS DIABLITO 3/4 X 8,tornillos diablito 3/4 x 8,tornillos|diablito|3/4|x|8|3/4,,False,False,False
TORNILLOS DIABLITO 11/2 X 8,tornillos diablito 11/2 x 8,tornillos|diablito|11/2|x|8|11/2,,False,False,False
CLAVOS DE 1 CON CABEZA,clavos de 1 con cabeza,clavos|1|cabeza,,False,False,False
TORNILLOS DIABLITO DE 2 1/2 X 10,tornillos diablito de 2 1/2 x 10,tornillos|diablito|2|1/2|x|10|1/2,,False,False,False
TORNILLOS DIABLITO 3 X 10,tornillos diablito 3 x 10,tornillos|diablito|3|x|10,,False,False,False
VINAGRE BLANCO,vinagre blanco,vinagre|blanco,,False,False,False
BICARBONATO DE SODA,bicarbonato de soda,bicarbonato|soda,,False,False,False
PALA CUADRADA TRUPER 17161,pala cuadrada truper 17161,pala|cuadrada|truper|17161,Truper,False,False,False
2812013 RECOGEDOR LINDA C/PALO  PALOS 32 PULG LINDA,2812013 recogedor linda c/palo palos 32 pulg linda,"2812013|recogedor|linda|c/palo|palos|32|pulg|linda|32""",LG,False,False,False
RASTRILLO PLASTICO,rastrillo plastico,rastrillo|plastico,,False,False,False
BOTA DE GOMA DEL #39 AL #45 LARGA NEGRA DINOSAURIO,bota de goma del 39 al 45 larga negra dinosaurio,bota|goma|39|al|45|larga|negra|dinosaurio,,False,False,False
CAPA P/AGUA 1 PZA AMARILLA,capa p/agua 1 pza amarilla,capa|p/agua|1|pza|amarilla,,False,False,False
CASCO SEGURIDAD BLANCO  201758 CLIMAX,casco seguridad blanco 201758 climax,casco|seguridad|blanco|201758|climax,,False,False,False
CHALECO REFLEC SEG MAMEY (L),chaleco reflec seg mamey l,chaleco|reflec|seg|mamey|l,,False,False,False
GUANTES DE CUERO (CARNAZA),guantes de cuero carnaza,guantes|cuero|carnaza,,False,False,False
GUANTES PLASTICOS DESECHABLES 100PCS/1,guantes plasticos desechables 100pcs/1,guantes|plasticos|desechables|100pcs/1,,False,False,False
LIMA TRIANG P/SIERRA DE 8  4081 BELLOTA 10/1,lima triang p/sierra de 8 4081 bellota 10/1,lima|triang|p/sierra|8|4081|bellota|10/1|10/1,,False,False,False
LENTE SEGURIDAD TRANSPARENTE,lente seguridad transparente,lente|seguridad|transparente,,False,False,False
"HILO PARA CORTAGRAMA 15 MTS  HTA-80(1153) 
TRUPER",hilo para cortagrama 15 mts hta-80 1153 truper,hilo|para|cortagrama|15|mts|hta-80|1153|truper,Truper,False,False,False
BROCHAS DE 2'' EMTOP,brochas de 2 emtop,brochas|2|emtop,,False,False,False
BROCHAS DE 3'' EMTOP,brochas de 3 emtop,brochas|3|emtop,,False,False,False
MOTAS ANTIGOTAS 9'' EM,motas antigotas 9 em,motas|antigotas|9|em,,False,False,False
MOTA ROLO ANTIGOTA 4,mota rolo antigota 4,mota|rolo|antigota|4,,False,False,False
VARILLA DE 1/2'',varilla de 1/2,varilla|1/2|1/2,,False,False,False
Viga H 6X6 de 30'',viga h 6x6 de 30,viga|h|6x6|30,,False,False,False
PINTURA ACRILICA PARA EXTERIOR BLANCA 50   POPULAR/00 TROPICAL  PRO,pintura acrilica para exterior blanca 50 popular/00 tropical pro,pintura|acrilica|para|exterior|blanca|50|popular/00|tropical,Tropical,False,False,False
PINTURA ACRILICA AZUL POSITIVO POPULAR/TROPICAL,pintura acrilica azul positivo popular/tropical,pintura|acrilica|azul|positivo|popular/tropical,Tropical,False,False,False
PINTURA ACRILICA ROJO POSITVO POPULAR/TROPICAL,pintura acrilica rojo positvo popular/tropical,pintura|acrilica|rojo|positvo|popular/tropical,Tropical,False,False,False
PINTURA ACRILICA VERDE POSITIVO TROPICAL/POPULAR,pintura acrilica verde positivo tropical/popular,pintura|acrilica|verde|positivo|tropical/popular,Tropical,False,False,False
PINTURA ACRILICA AMARILLO POSITIVO TROPICAL/POPULAR,pintura acrilica amarillo positivo tropical/popular,pintura|acrilica|amarillo|positivo|tropical/popular,Tropical,False,False,False
PINTURA TROPICAL CONTRACTOR NEGRO 53 POSITIVO,pintura tropical contractor negro 53 positivo,pintura|tropical|contractor|negro|53|positivo,Tropical,False,False,False
PINTURA ALTO TRANSITO (AMARILLO TRAFICO) POPULAR/TROPICAL,pintura alto transito amarillo trafico popular/tropical,pintura|alto|transito|amarillo|trafico|popular/tropical,Tropical,False,False,False
PINTURA ALTO TRANSITO (BLANCO TRAFICO) TROPICAL/POPULAR,pintura alto transito blanco trafico tropical/popular,pintura|alto|transito|blanco|trafico|tropical/popular,Tropical,False,False,False
PINTURA ACRILICA PARA EXTERIOR BLANCA 50   POPULAR,pintura acrilica para exterior blanca 50 popular,pintura|acrilica|para|exterior|blanca|50|popular,,False,False,False
BROCHA DE 2'',brocha de 2,brocha|2,,False,False,False
BROCHA DE 3'',brocha de 3,brocha|3,,False,False,False
BROCHA DE 4'',brocha de 4,brocha|4,,False,False,False
MOTA  9'',mota 9,mota|9,,False,False,False
PINTURA ACRILICA AMARILLO POSITIVO POPULAR,pintura acrilica amarillo positivo popular,pintura|acrilica|amarillo|positivo|popular,,False,False,False
PINTURA ACRILICA AZUL POSITIVO POPULAR,pintura acrilica azul positivo popular,pintura|acrilica|azul|positivo|popular,,False,False,False
PINTURA ACRILICA ROJO POSITVO POPULAR,pintura acrilica rojo positvo popular,pintura|acrilica|rojo|positvo|popular,,False,False,False
PINTURA ACRILICA VERDE POSITIVO POPULAR,pintura acrilica verde positivo popular,pintura|acrilica|verde|positivo|popular,,False,False,False
PINTURA ALTO TRANSITO (AMARILLO TRAFICO) POPULAR,pintura alto transito amarillo trafico popular,pintura|alto|transito|amarillo|trafico|popular,,False,False,False
PINTURA ALTO TRANSITO (BLANCO TRAFICO) POPULAR,pintura alto transito blanco trafico popular,pintura|alto|transito|blanco|trafico|popular,,False,False,False
PINTURA NEGRO POSITIVO,pintura negro positivo,pintura|negro|positivo,,False,False,False
PORTA ROLO,porta rolo,porta|rolo,,False,False,False
THINNER  TROPICAL,thinner tropical,thinner|tropical,Tropical,False,False,False
PINTURA ALTO TRANSITO (AMARILLO TRAFICO) POPULAR PRO /TROPICAL,pintura alto transito amarillo trafico popular pro /tropical,pintura|alto|transito|amarillo|trafico|popular|pro|/tropical,Tropical,False,False,False
PINTURA ACRILICA NARANJA POSITIVO POPULAR PRO/TROPICAL,pintura acrilica naranja positivo popular pro/tropical,pintura|acrilica|naranja|positivo|popular|pro/tropical,Tropical,False,False,False
PINTURA ACRILICA ROJO POSITVO POPULAR PRO/TROPICAL,pintura acrilica rojo positvo popular pro/tropical,pintura|acrilica|rojo|positvo|popular|pro/tropical,Tropical,False,False,False
PINTURA ACRILICA VERDE POSITIVO TROPICAL/POPULAR PRO,pintura acrilica verde positivo tropical/popular pro,pintura|acrilica|verde|positivo|tropical/popular|pro,Tropical,False,False,False
PINTURA ACRILICA AZUL POSITIVO POPULAR PRO /TROPICAL,pintura acrilica azul positivo popular pro /tropical,pintura|acrilica|azul|positivo|popular|pro|/tropical,Tropical,False,False,False
PINTURA ACRILICA AMARILLO POSITIVO POPULAR PRO/TROPICAL,pintura acrilica amarillo positivo popular pro/tropical,pintura|acrilica|amarillo|positivo|popular|pro/tropical,Tropical,False,False,False
PINTURA CONTRACTOR ACRILICA ROJO TEJA 18 POPULAR PRO/TROPICAL,pintura contractor acrilica rojo teja 18 popular pro/tropical,pintura|contractor|acrilica|rojo|teja|18|popular|pro/tropical,Tropical,False,False,False
PINTURA ACRILICA CONTRACTOR GRIS CLARO 26 POPULAR PRO/TROPICAL,pintura acrilica contractor gris claro 26 popular pro/tropical,pintura|acrilica|contractor|gris|claro|26|popular|pro/tropical,Tropical,False,False,False
PINTURA ACRILICA PARA EXTERIOR BLANCA 50   POPULAR PRO/00 TROPICAL,pintura acrilica para exterior blanca 50 popular pro/00 tropical,pintura|acrilica|para|exterior|blanca|50|popular|pro/00,Tropical,False,False,False
PINTURA ESMALTE PLUS AZUL 54  TROPICA/ POPULAR PRO,pintura esmalte plus azul 54 tropica/ popular pro,pintura|esmalte|plus|azul|54|tropica/|popular|pro,,False,False,False
PINTURA ACRILICA VERDE LIMON 25 POPULAR PRO/TROPICAL,pintura acrilica verde limon 25 popular pro/tropical,pintura|acrilica|verde|limon|25|popular|pro/tropical,Tropical,False,False,False
VARILLA DE 1/2'',varilla de 1/2,varilla|1/2|1/2,,False,False,False
VARILLA DE 3/8'',varilla de 3/8,varilla|3/8|3/8,,False,False,False
MADERA BRUTA AMERICANA 1 X 10 X 14,madera bruta americana 1 x 10 x 14,madera|bruta|americana|1|x|10|x|14,,False,False,False
PL MDF 3/8 HIDROFUGO BRAZIL,pl mdf 3/8 hidrofugo brazil,pl|mdf|3/8|hidrofugo|brazil|3/8,,False,False,False
PL PLYWOOD 1/2 PINO S/CARA,pl plywood 1/2 pino s/cara,pl|plywood|1/2|pino|s/cara|1/2,,False,False,False
PL PLYWOOD 3/8 PINO S/CARA,pl plywood 3/8 pino s/cara,pl|plywood|3/8|pino|s/cara|3/8,,False,False,False
TROPICAL LACA NATURAL BRILLO,tropical laca natural brillo,tropical|laca|natural|brillo,Tropical,False,False,False
THINNER  TH-900 TROPICAL,thinner th-900 tropical,thinner|th-900|tropical|TH-900,Tropical,False,False,False
RETARDADOR TROPICAL,retardador tropical,retardador|tropical,Tropical,False,False,False
PRIMER PARA MADERA BLANCO  /RELLENO POWER RIDER 2014,primer para madera blanco /relleno power rider 2014,primer|para|madera|blanco|/relleno|power|rider|2014,,False,False,False
LACA PIGMENTADA BLANCA TROPICAL (6159),laca pigmentada blanca tropical 6159,laca|pigmentada|blanca|tropical|6159,Tropical,False,False,False
SEALER TROPICAL  (6158),sealer tropical 6158,sealer|tropical|6158,Tropical,False,False,False
BARPICOLOR  605 1LT CAOBA  #2 MD BARPIMO,barpicolor 605 1lt caoba 2 md barpimo,barpicolor|605|1lt|caoba|2|md|barpimo,,False,False,False
BARPICOLOR 605 1LT CAOBA  #3 MD BARPIMO,barpicolor 605 1lt caoba 3 md barpimo,barpicolor|605|1lt|caoba|3|md|barpimo,,False,False,False
CAJA DE CLAVOS F-20 (1),caja de clavos f-20 1,caja|clavos|f-20|1,,False,False,False
CAJA DE CLAVOS F-25 (1),caja de clavos f-25 1,caja|clavos|f-25|1,,False,False,False
GRAPAS PARA GRAPADORA NEUMATICA 7/10,grapas para grapadora neumatica 7/10,grapas|para|grapadora|neumatica|7/10|7/10,,False,False,False
PAR BISAGRAS DE PRESION CAOBA AC,par bisagras de presion caoba ac,par|bisagras|presion|caoba|ac,,False,False,False
DISCO DE PULIDORA NORTON #50,disco de pulidora norton 50,disco|pulidora|norton|50,,False,False,False
DISCO DE PULIDORA NORTON #60,disco de pulidora norton 60,disco|pulidora|norton|60,,False,False,False
DISCO DE PULIDORA NORTON #80,disco de pulidora norton 80,disco|pulidora|norton|80,,False,False,False
DISCO DE PULIDORA NORTON #100,disco de pulidora norton 100,disco|pulidora|norton|100,,False,False,False
GOMA DE 1/2 BLANCA,goma de 1/2 blanca,goma|1/2|blanca|1/2,,False,False,False
TORNILLOS 8X1 FMB P/DIABLITO,tornillos 8x1 fmb p/diablito,tornillos|8x1|fmb|p/diablito,,False,False,False
TORNILLO DIABLITO 6x 1 1/2 PULGADA,tornillo diablito 6x 1 1/2 pulgada,"tornillo|diablito|6x|1|1/2|pulgada|1/2|2""",LG,False,False,False
TORNILLO DIABLITO 6x 2 PULGADA,tornillo diablito 6x 2 pulgada,"tornillo|diablito|6x|2|pulgada|2""",LG,False,False,False
MANIJA TIPO PUNO PARA ATAUD,manija tipo puno para ataud,manija|tipo|puno|para|ataud,,False,False,False
1/4 PASTA ACRILICA CANO BLANCA  (32 OZ),1/4 pasta acrilica cano blanca 32 oz,1/4|pasta|acrilica|cano|blanca|32|oz|1/4,Cano,False,False,False
1/4 PASTA ACRILICA CANO MARRON  (32 OZ),1/4 pasta acrilica cano marron 32 oz,1/4|pasta|acrilica|cano|marron|32|oz|1/4,Cano,False,False,False
CRISTAL 16x12 de 3/16,cristal 16x12 de 3/16,cristal|16x12|3/16|3/16,,False,False,False
PAPEL PLASTICO EN ROLLO 18X15000 STRETCH FILM,papel plastico en rollo 18x15000 stretch film,papel|plastico|rollo|18x15000|stretch|film,,False,False,False
SPRAY ADHESIVO SUPER 77,spray adhesivo super 77,spray|adhesivo|super|77,,False,False,False
TELA GUATA,tela guata,tela|guata,,False,False,False
PENETRANTE (9.6ONZ) WD-40,penetrante 9.6onz wd-40,penetrante|9.6onz|wd-40,,False,False,False
PINTURA ACRILICA PARA EXTERIOR BLANCA 50   POPULAR/00 TROPICAL,pintura acrilica para exterior blanca 50 popular/00 tropical,pintura|acrilica|para|exterior|blanca|50|popular/00|tropical,Tropical,False,False,False
"PUNTA P/ DES. #3  2""  5/1 TRUPER  COD.12149","punta p/ des. 3 2"" 5/1 truper cod.12149","punta|p/|des.|3|2""|5/1|truper|cod.12149|5/1|2""",Truper,False,False,False
"PUNTA PARA DES #2 2"" TRUPER 5/1 COD.12147","punta para des 2 2"" truper 5/1 cod.12147","punta|para|des|2|2""|truper|5/1|cod.12147|5/1|2""",Truper,False,False,False
"DISCO DE CORTE MADERA STANLEY 10""  40T","disco de corte madera stanley 10"" 40t","disco|corte|madera|stanley|10""|40t|10""",,False,False,False
"DISCO DE CORTE STANLEY 12""  40T","disco de corte stanley 12"" 40t","disco|corte|stanley|12""|40t|12""",,False,False,False
COMPRESOR AIRE PUMA PE30100 3HP CORREA 100LTS,compresor aire puma pe30100 3hp correa 100lts,compresor|aire|puma|pe30100|3hp|correa|100lts|PE30100,HP,False,False,False
EXTRACTOR DAIWA 25A VEW 10'' PARED,extractor daiwa 25a vew 10 pared,extractor|daiwa|25a|vew|10|pared,Daiwa,False,False,False
LAPIZ CARPINTERO,lapiz carpintero,lapiz|carpintero,,False,False,False
MADERA BRUTA AMERICANA 1 X 10 X 14,madera bruta americana 1 x 10 x 14,madera|bruta|americana|1|x|10|x|14,,False,False,False
PL MDF 1/2  HIDROFUGO BRAZIL DURATEX,pl mdf 1/2 hidrofugo brazil duratex,pl|mdf|1/2|hidrofugo|brazil|duratex|1/2,,False,False,False
PL MDF 3/8 HIDROFUGO BRAZIL,pl mdf 3/8 hidrofugo brazil,pl|mdf|3/8|hidrofugo|brazil|3/8,,False,False,False
PL PLYWOOD 1/2 PINO S/CARA,pl plywood 1/2 pino s/cara,pl|plywood|1/2|pino|s/cara|1/2,,False,False,False
PL PLYWOOD 3/8 PINO S/CARA,pl plywood 3/8 pino s/cara,pl|plywood|3/8|pino|s/cara|3/8,,False,False,False
COLA AMARILLA UNIVERSAL (105 oz),cola amarilla universal 105 oz,cola|amarilla|universal|105|oz,,False,False,False
TROPICAL LACA NATURAL BRILLO,tropical laca natural brillo,tropical|laca|natural|brillo,Tropical,False,False,False
THINNER  TH-900 TROPICAL,thinner th-900 tropical,thinner|th-900|tropical|TH-900,Tropical,False,False,False
RETARDADOR TROPICAL,retardador tropical,retardador|tropical,Tropical,False,False,False
PRIMER PARA MADERA BLANCO  /RELLENO POWER RIDER 2014,primer para madera blanco /relleno power rider 2014,primer|para|madera|blanco|/relleno|power|rider|2014,,False,False,False
LACA PIGMENTADA BLANCA TROPICAL (6159),laca pigmentada blanca tropical 6159,laca|pigmentada|blanca|tropical|6159,Tropical,False,False,False
SEALER TROPICAL  (6158),sealer tropical 6158,sealer|tropical|6158,Tropical,False,False,False
BARPICOLOR  605 1LT CAOBA  #2 MD BARPIMO,barpicolor 605 1lt caoba 2 md barpimo,barpicolor|605|1lt|caoba|2|md|barpimo,,False,False,False
BARPICOLOR 605 1LT CAOBA  #3 MD BARPIMO,barpicolor 605 1lt caoba 3 md barpimo,barpicolor|605|1lt|caoba|3|md|barpimo,,False,False,False
CAJA DE CLAVOS F-25 (1),caja de clavos f-25 1,caja|clavos|f-25|1,,False,False,False
GRAPAS PARA GRAPADORA NEUMATICA 7/10,grapas para grapadora neumatica 7/10,grapas|para|grapadora|neumatica|7/10|7/10,,False,False,False
PAR BISAGRAS DE PRESION CAOBA AC,par bisagras de presion caoba ac,par|bisagras|presion|caoba|ac,,False,False,False
DISCO DE PULIDORA NORTON #50,disco de pulidora norton 50,disco|pulidora|norton|50,,False,False,False
DISCO DE PULIDORA NORTON #60,disco de pulidora norton 60,disco|pulidora|norton|60,,False,False,False
DISCO DE PULIDORA NORTON #80,disco de pulidora norton 80,disco|pulidora|norton|80,,False,False,False
DISCO DE PULIDORA NORTON #100,disco de pulidora norton 100,disco|pulidora|norton|100,,False,False,False
PLIEGO DE LIJA ESMERIL NORTON #100,pliego de lija esmeril norton 100,pliego|lija|esmeril|norton|100,,False,False,False
LIJA AGUA DEERFOS #240 AC768,lija agua deerfos 240 ac768,lija|agua|deerfos|240|ac768|AC768,,False,False,False
LIJA AGUA DEERFOS #120 CC768,lija agua deerfos 120 cc768,lija|agua|deerfos|120|cc768|CC768,,False,False,False
GOMA DE 1/2 BLANCA,goma de 1/2 blanca,goma|1/2|blanca|1/2,,False,False,False
TORNILLOS 8X1 FMB P/DIABLITO,tornillos 8x1 fmb p/diablito,tornillos|8x1|fmb|p/diablito,,False,False,False
TORNILLO DIABLITO 6x 1 1/2 PULGADA,tornillo diablito 6x 1 1/2 pulgada,"tornillo|diablito|6x|1|1/2|pulgada|1/2|2""",LG,False,False,False
TORNILLO DIABLITO 6x 2 PULGADA,tornillo diablito 6x 2 pulgada,"tornillo|diablito|6x|2|pulgada|2""",LG,False,False,False
MANIJA TIPO PUNO PARA ATAUD,manija tipo puno para ataud,manija|tipo|puno|para|ataud,,False,False,False
1/4 PASTA ACRILICA CANO BLANCA  (32 OZ),1/4 pasta acrilica cano blanca 32 oz,1/4|pasta|acrilica|cano|blanca|32|oz|1/4,Cano,False,False,False
1/4 PASTA ACRILICA CANO CAOBA (32 OZ),1/4 pasta acrilica cano caoba 32 oz,1/4|pasta|acrilica|cano|caoba|32|oz|1/4,Cano,False,False,False
MASCARILLA RESPIRADOR PARA PARTICULAS,mascarilla respirador para particulas,mascarilla|respirador|para|particulas,,False,False,False
PROTECTOR AUDITIVO 100/1,protector auditivo 100/1,protector|auditivo|100/1|100/1,,False,False,False
PAPEL PLASTICO EN ROLLO 18X15000 STRETCH FILM,papel plastico en rollo 18x15000 stretch film,papel|plastico|rollo|18x15000|stretch|film,,False,False,False
CRISTAL 16x12 de 3/16,cristal 16x12 de 3/16,cristal|16x12|3/16|3/16,,False,False,False
BARRA AGARRADERA PARA ATAUD 6 1/2 pies,barra agarradera para ataud 6 1/2 pies,barra|agarradera|para|ataud|6|1/2|pies|1/2|2 pies,,False,False,False
ESTOPA DE LUSTRE LB,estopa de lustre lb,estopa|lustre|lb,,False,False,False
UNIFORME TIPO OVEROL SIZE (8 L Y 4 M),uniforme tipo overol size 8 l y 4 m,uniforme|tipo|overol|size|8|l|4|m|8 l,,False,False,False
"PUNTA P/ DES. #3  2""  5/1 TRUPER  COD.12149","punta p/ des. 3 2"" 5/1 truper cod.12149","punta|p/|des.|3|2""|5/1|truper|cod.12149|5/1|2""",Truper,False,False,False
"PUNTA PARA DES #2 2"" TRUPER 5/1 COD.12147","punta para des 2 2"" truper 5/1 cod.12147","punta|para|des|2|2""|truper|5/1|cod.12147|5/1|2""",Truper,False,False,False
PINZA DE CORTE DIAGONAL 8,pinza de corte diagonal 8,pinza|corte|diagonal|8,,False,False,False
DESTOR. PLANO 1/4X4 TRUPER 13998,destor. plano 1/4x4 truper 13998,destor.|plano|1/4x4|truper|13998,Truper,False,False,False
DESTOR. STRIA 1/4X4 TRUPER 14076,destor. stria 1/4x4 truper 14076,destor.|stria|1/4x4|truper|14076,Truper,False,False,False
MARTILLO TRUPER 16OZ MAR-16 19710,martillo truper 16oz mar-16 19710,martillo|truper|16oz|mar-16|19710,Truper,False,False,False
MARTILLO TRUPER 07OZ MA-7 16750,martillo truper 07oz ma-7 16750,martillo|truper|07oz|ma-7|16750,Truper,False,False,False
"ALICATE DE PRESION 10"" TRUPER","alicate de presion 10"" truper","alicate|presion|10""|truper|10""",Truper,False,False,False
JUEGO DE LLAVE ALLEN TRUPER 15556,juego de llave allen truper 15556,juego|llave|allen|truper|15556,Truper,False,False,False
MARCO DE SEGUETA TRUPER,marco de segueta truper,marco|segueta|truper,Truper,False,False,False
"DISCO DE CORTE MADERA STANLEY 10""  40T","disco de corte madera stanley 10"" 40t","disco|corte|madera|stanley|10""|40t|10""",,False,False,False
"DISCO DE CORTE STANLEY 12""  40T","disco de corte stanley 12"" 40t","disco|corte|stanley|12""|40t|12""",,False,False,False
ADAPTADOE DE RUTER DE 1/2 A UN 1/4,adaptadoe de ruter de 1/2 a un 1/4,adaptadoe|ruter|1/2|a|un|1/4|1/2,,False,False,False
PISTOLA PARA PINTAR TRUPER COD.1900,pistola para pintar truper cod.1900,pistola|para|pintar|truper|cod.1900,Truper,False,False,False
CINTA METRICA 5MTS TRUPER 15388,cinta metrica 5mts truper 15388,cinta|metrica|5mts|truper|15388,Truper,False,False,False
GUANTE GOMA NEGRO IND (10L Y 10M),guante goma negro ind 10l y 10m,guante|goma|negro|ind|10l|10m|10 l,,False,False,False
GUANTE OBRERO NARANJA TRUPER 14246,guante obrero naranja truper 14246,guante|obrero|naranja|truper|14246,Truper,False,False,False
PROTECCION AUDITIVA TRUPER 14257,proteccion auditiva truper 14257,proteccion|auditiva|truper|14257,Truper,False,False,False
MADERA AMERICANA 1 X 10 X 14,madera americana 1 x 10 x 14,madera|americana|1|x|10|x|14,,False,False,False
PL MDF 3/8 HIDROFUGO BRAZIL,pl mdf 3/8 hidrofugo brazil,pl|mdf|3/8|hidrofugo|brazil|3/8,,False,False,False
PL PLYWOOD 1/2 PINO,pl plywood 1/2 pino,pl|plywood|1/2|pino|1/2,,False,False,False
PL PLYWOOD 3/8 PINO,pl plywood 3/8 pino,pl|plywood|3/8|pino|3/8,,False,False,False
LACA NATURAL TROPICAL,laca natural tropical,laca|natural|tropical,Tropical,False,False,False
RETARDADOR TROPICAL TODO USO,retardador tropical todo uso,retardador|tropical|todo|uso,Tropical,False,False,False
THINNER  TH TROPICAL,thinner th tropical,thinner|th|tropical,Tropical,False,False,False
PRIMER PARA MADERA BLANCO  /RELLENO POWER RIDER 2014,primer para madera blanco /relleno power rider 2014,primer|para|madera|blanco|/relleno|power|rider|2014,,False,False,False
LACA TROPICAL PIGMENTADA BLANCA,laca tropical pigmentada blanca,laca|tropical|pigmentada|blanca,Tropical,False,False,False
SANDING SEALER TROPICAL,sanding sealer tropical,sanding|sealer|tropical,Tropical,False,False,False
TINTA P/MADERA CAOBA  #2 MD,tinta p/madera caoba 2 md,tinta|p/madera|caoba|2|md,,False,False,False
TINTA P/MADERA CAOBA  #3 MD,tinta p/madera caoba 3 md,tinta|p/madera|caoba|3|md,,False,False,False
CLAVOS F-20,clavos f-20,clavos|f-20,,False,False,False
CLAVOS F-25,clavos f-25,clavos|f-25,,False,False,False
GRAPAS  7/10,grapas 7/10,grapas|7/10|7/10,,False,False,False
BISAGRAS,bisagras,bisagras,,False,False,False
DISCO DE PULIDORA NORTON #50,disco de pulidora norton 50,disco|pulidora|norton|50,,False,False,False
DISCO DE PULIDORA NORTON #60,disco de pulidora norton 60,disco|pulidora|norton|60,,False,False,False
DISCO DE PULIDORA NORTON #80,disco de pulidora norton 80,disco|pulidora|norton|80,,False,False,False
DISCO DE PULIDORA NORTON #100,disco de pulidora norton 100,disco|pulidora|norton|100,,False,False,False
GOMA DE 1/2 BLANCA,goma de 1/2 blanca,goma|1/2|blanca|1/2,,False,False,False
TORNILLOS 8X1 FMB P/DIABLITO,tornillos 8x1 fmb p/diablito,tornillos|8x1|fmb|p/diablito,,False,False,False
TORNILLO DIABLITO 6x 1 1/2 PULGADA,tornillo diablito 6x 1 1/2 pulgada,"tornillo|diablito|6x|1|1/2|pulgada|1/2|2""",LG,False,False,False
TORNILLO DIABLITO 6x 2 PULGADA,tornillo diablito 6x 2 pulgada,"tornillo|diablito|6x|2|pulgada|2""",LG,False,False,False
MANUBRIO P/ ATAUD,manubrio p/ ataud,manubrio|p/|ataud,,False,False,False
PASTA ACRILICA CANO BLANCA  (32 OZ) 1/4,pasta acrilica cano blanca 32 oz 1/4,pasta|acrilica|cano|blanca|32|oz|1/4|1/4,Cano,False,False,False
PASTA ACRILICA CANO MARRON  (32 OZ) 1/4,pasta acrilica cano marron 32 oz 1/4,pasta|acrilica|cano|marron|32|oz|1/4|1/4,Cano,False,False,False
CRISTALES 16x12 DE 3/16,cristales 16x12 de 3/16,cristales|16x12|3/16|3/16,,False,False,False
PAPEL PLASTICO 18X15000 STRETCH FILM,papel plastico 18x15000 stretch film,papel|plastico|18x15000|stretch|film,,False,False,False
ADHESIVO EN AEROSOL,adhesivo en aerosol,adhesivo|aerosol,,False,False,False
DACRON,dacron,dacron,,False,False,False
PENETRANTE WD-40,penetrante wd-40,penetrante|wd-40,,False,False,False
PINTURA ACRILICA BLANCO 00 TROPICAL,pintura acrilica blanco 00 tropical,pintura|acrilica|blanco|00|tropical,Tropical,False,False,False
"PUNTA P/ DES. #3  2""  5/1 TRUPER","punta p/ des. 3 2"" 5/1 truper","punta|p/|des.|3|2""|5/1|truper|5/1|2""",Truper,False,False,False
"PUNTA PARA DES #2 2"" TRUPER 5/1","punta para des 2 2"" truper 5/1","punta|para|des|2|2""|truper|5/1|5/1|2""",Truper,False,False,False
"DISCO DE CORTE P/ MADERA STANLEY 10""  40T","disco de corte p/ madera stanley 10"" 40t","disco|corte|p/|madera|stanley|10""|40t|10""",,False,False,False
"DISCO DE CORTE STANLEY 12""  40T","disco de corte stanley 12"" 40t","disco|corte|stanley|12""|40t|12""",,False,False,False
COMPRESOR AIRE PUMA PE30100 3HP CORREA 100LTS,compresor aire puma pe30100 3hp correa 100lts,compresor|aire|puma|pe30100|3hp|correa|100lts|PE30100,HP,False,False,False
EXTRACTOR DE AIRE KDK Kdk M-30auht,extractor de aire kdk kdk m-30auht,extractor|aire|kdk|kdk|m-30auht,,False,False,False
LAPIZ P/ CARPINTERO,lapiz p/ carpintero,lapiz|p/|carpintero,,False,False,False
CABLE 12 AWG THHN-500 PIE,cable 12 awg thhn-500 pie,cable|12|awg|thhn-500|pie|500 pies|THHN-500,,False,False,False
CEMENTO GRIS (AGLOMERANTE PORTLAND) SANTO DOMINGO/TITAN-CEMEX FDA 94LB,cemento gris aglomerante portland santo domingo/titan-cemex fda 94lb,cemento|gris|aglomerante|portland|santo|domingo/titan-cemex|fda|94|94 lb,,False,False,False
CABLE #10 AWG THHN NEGRO,cable 10 awg thhn negro,cable|10|awg|thhn|negro,,False,False,False
TAPE GOMA SCOTCH 3M,tape goma scotch 3m,tape|goma|scotch|3m,,False,False,False
CAJA 2X4 3/4 SUPLEMENTO,caja 2x4 3/4 suplemento,caja|2x4|3/4|suplemento|3/4,,False,False,False
CABLE #10 AWG THHN NEGRO,cable 10 awg thhn negro,cable|10|awg|thhn|negro,,False,False,False
CABLE #12 AWG THHN BLANCO,cable 12 awg thhn blanco,cable|12|awg|thhn|blanco,,False,False,False
BOMBILLO 18W 120V,bombillo 18w 120v,bombillo|18|w|120v|18W,,False,False,False
LLAVE LAVAMANOS VIKINGO CROMADA,llave lavamanos vikingo cromada,llave|lavamanos|vikingo|cromada,,False,False,False
MANGUERA LAVAMANOS EASTAM 1/2''X30,manguera lavamanos eastam 1/2 x30,manguera|lavamanos|eastam|1/2|x30|1/2,,False,False,False
ADAPTADOR MACHO PVC1,adaptador macho pvc1,adaptador|macho|pvc1|PVC1,,False,False,False
TUBO SCH-40 1'',tubo sch-40 1,tubo|sch-40|1,,False,False,False
TUBO PRESION 3/4''X 19 SCH 40,tubo presion 3/4 x 19 sch 40,tubo|presion|3/4|x|19|sch|40|3/4,,False,False,False
TUBO SCH-40 DE 1/2'',tubo sch-40 de 1/2,tubo|sch-40|1/2|1/2,,False,False,False
"REDUCCION PVC 1 X 3/4""","reduccion pvc 1 x 3/4""","reduccion|pvc|1|x|3/4""|3/4|4""",,False,False,False
"REDUCCION PVC 1/2 X 3/4""","reduccion pvc 1/2 x 3/4""","reduccion|pvc|1/2|x|3/4""|1/2|4""",,False,False,False
CODO DE PRESION DE 1'',codo de presion de 1,codo|presion|1,,False,False,False
CODO DE PRESION DE 3/4'',codo de presion de 3/4,codo|presion|3/4|3/4,,False,False,False
CODO DE PRESION DE 1/2'',codo de presion de 1/2,codo|presion|1/2|1/2,,False,False,False
HOJA DE SEGUETA BEYOTA,hoja de segueta beyota,hoja|segueta|beyota,,False,False,False
LLAVE ANGULAR DE 1/2 X 3/8 EASTMAN,llave angular de 1/2 x 3/8 eastman,llave|angular|1/2|x|3/8|eastman|1/2,,False,False,False
LLAVE ANGULAR DE 1/2 X 3/8 DOBLE EASTMAN,llave angular de 1/2 x 3/8 doble eastman,llave|angular|1/2|x|3/8|doble|eastman|1/2,,False,False,False
"CINTA DE TEFLÓN INDUSTRIAL, TRUPER EXPERT 13M X 3/4""","cinta de teflon industrial truper expert 13m x 3/4""","cinta|teflon|industrial|truper|expert|13m|x|3/4""|3/4|4""",Truper,False,False,False
LLAVE DE CHORRO 3/4 URREAS,llave de chorro 3/4 urreas,llave|chorro|3/4|urreas|3/4,,False,False,False
LLAVE DE CHORRO 1/2 URREAS,llave de chorro 1/2 urreas,llave|chorro|1/2|urreas|1/2,,False,False,False
ARENA LAVADA,arena lavada,arena|lavada,,False,False,False
CEMENTO GRIS (AGLOMERANTE PORTLAND) SANTO DOMINGO/TITAN-CEMEX FDA 94LB,cemento gris aglomerante portland santo domingo/titan-cemex fda 94lb,cemento|gris|aglomerante|portland|santo|domingo/titan-cemex|fda|94|94 lb,,False,False,False
PEGATOD PEGAMENTO GRIS,pegatod pegamento gris,pegatod|pegamento|gris,,False,False,False
CEMENTO BLANCO,cemento blanco,cemento|blanco,,False,False,False
ESTOPA DE LUSTRE,estopa de lustre,estopa|lustre,,False,False,False
TUBO SCH-40 DE 1/2'',tubo sch-40 de 1/2,tubo|sch-40|1/2|1/2,,False,False,False
CODO DE PRESION DE 1/2'',codo de presion de 1/2,codo|presion|1/2|1/2,,False,False,False
TUBO SCH-40 2'',tubo sch-40 2,tubo|sch-40|2,,False,False,False
LLAVE ANGULAR DE 1/2 X 3/8 EASTMAN,llave angular de 1/2 x 3/8 eastman,llave|angular|1/2|x|3/8|eastman|1/2,,False,False,False
ARENA ITABO,arena itabo,arena|itabo,,False,False,False
"CINTA DE TEFLÓN INDUSTRIAL, TRUPER EXPERT 13M X 3/4""","cinta de teflon industrial truper expert 13m x 3/4""","cinta|teflon|industrial|truper|expert|13m|x|3/4""|3/4|4""",Truper,False,False,False
MADERA AMERICANA 1 X 10 X 14,madera americana 1 x 10 x 14,madera|americana|1|x|10|x|14,,False,False,False
PL MDF 3/8 HIDROFUGO BRAZIL,pl mdf 3/8 hidrofugo brazil,pl|mdf|3/8|hidrofugo|brazil|3/8,,False,False,False
PL PLYWOOD 1/2 PINO,pl plywood 1/2 pino,pl|plywood|1/2|pino|1/2,,False,False,False
PL PLYWOOD 3/8 PINO,pl plywood 3/8 pino,pl|plywood|3/8|pino|3/8,,False,False,False
LACA NATURAL TROPICAL,laca natural tropical,laca|natural|tropical,Tropical,False,False,False
RETARDADOR TROPICAL TODO USO,retardador tropical todo uso,retardador|tropical|todo|uso,Tropical,False,False,False
THINNER  TH TROPICAL,thinner th tropical,thinner|th|tropical,Tropical,False,False,False
PRIMER PARA MADERA BLANCO  /RELLENO POWER RIDER 2014,primer para madera blanco /relleno power rider 2014,primer|para|madera|blanco|/relleno|power|rider|2014,,False,False,False
LACA TROPICAL PIGMENTADA BLANCA,laca tropical pigmentada blanca,laca|tropical|pigmentada|blanca,Tropical,False,False,False
SANDING SEALER TROPICAL,sanding sealer tropical,sanding|sealer|tropical,Tropical,False,False,False
TINTA P/MADERA CAOBA  #2 MD,tinta p/madera caoba 2 md,tinta|p/madera|caoba|2|md,,False,False,False
TINTA P/MADERA CAOBA  #3 MD,tinta p/madera caoba 3 md,tinta|p/madera|caoba|3|md,,False,False,False
CLAVOS F-20,clavos f-20,clavos|f-20,,False,False,False
CLAVOS F-25,clavos f-25,clavos|f-25,,False,False,False
GRAPAS  7/10,grapas 7/10,grapas|7/10|7/10,,False,False,False
BISAGRAS,bisagras,bisagras,,False,False,False
DISCO DE PULIDORA NORTON #50,disco de pulidora norton 50,disco|pulidora|norton|50,,False,False,False
DISCO DE PULIDORA NORTON #60,disco de pulidora norton 60,disco|pulidora|norton|60,,False,False,False
DISCO DE PULIDORA NORTON #80,disco de pulidora norton 80,disco|pulidora|norton|80,,False,False,False
DISCO DE PULIDORA NORTON #100,disco de pulidora norton 100,disco|pulidora|norton|100,,False,False,False
GOMA DE 1/2 BLANCA,goma de 1/2 blanca,goma|1/2|blanca|1/2,,False,False,False
TORNILLOS 8X1 FMB P/DIABLITO,tornillos 8x1 fmb p/diablito,tornillos|8x1|fmb|p/diablito,,False,False,False
TORNILLO DIABLITO 6x 1 1/2 PULGADA,tornillo diablito 6x 1 1/2 pulgada,"tornillo|diablito|6x|1|1/2|pulgada|1/2|2""",LG,False,False,False
TORNILLO DIABLITO 6x 2 PULGADA,tornillo diablito 6x 2 pulgada,"tornillo|diablito|6x|2|pulgada|2""",LG,False,False,False
MANUBRIO P/ ATAUD,manubrio p/ ataud,manubrio|p/|ataud,,False,False,False
PASTA ACRILICA CANO BLANCA  (32 OZ) 1/4,pasta acrilica cano blanca 32 oz 1/4,pasta|acrilica|cano|blanca|32|oz|1/4|1/4,Cano,False,False,False
PASTA ACRILICA CANO MARRON  (32 OZ) 1/4,pasta acrilica cano marron 32 oz 1/4,pasta|acrilica|cano|marron|32|oz|1/4|1/4,Cano,False,False,False
CRISTALES 16x12 DE 3/16,cristales 16x12 de 3/16,cristales|16x12|3/16|3/16,,False,False,False
PAPEL PLASTICO 18X15000 STRETCH FILM,papel plastico 18x15000 stretch film,papel|plastico|18x15000|stretch|film,,False,False,False
ADHESIVO EN AEROSOL,adhesivo en aerosol,adhesivo|aerosol,,False,False,False
DACRON,dacron,dacron,,False,False,False
PENETRANTE WD-40,penetrante wd-40,penetrante|wd-40,,False,False,False
PINTURA ACRILICA BLANCO 00 TROPICAL,pintura acrilica blanco 00 tropical,pintura|acrilica|blanco|00|tropical,Tropical,False,False,False
"PUNTA P/ DES. #3  2""  5/1 TRUPER","punta p/ des. 3 2"" 5/1 truper","punta|p/|des.|3|2""|5/1|truper|5/1|2""",Truper,False,False,False
"PUNTA PARA DES #2 2"" TRUPER 5/1","punta para des 2 2"" truper 5/1","punta|para|des|2|2""|truper|5/1|5/1|2""",Truper,False,False,False
"DISCO DE CORTE P/ MADERA STANLEY 10""  40T","disco de corte p/ madera stanley 10"" 40t","disco|corte|p/|madera|stanley|10""|40t|10""",,False,False,False
"DISCO DE CORTE STANLEY 12""  40T","disco de corte stanley 12"" 40t","disco|corte|stanley|12""|40t|12""",,False,False,False
COMPRESOR AIRE PUMA PE30100 3HP CORREA 100LTS,compresor aire puma pe30100 3hp correa 100lts,compresor|aire|puma|pe30100|3hp|correa|100lts|PE30100,HP,False,False,False
EXTRACTOR DE AIRE KDK Kdk M-30auht,extractor de aire kdk kdk m-30auht,extractor|aire|kdk|kdk|m-30auht,,False,False,False
LAPIZ P/ CARPINTERO,lapiz p/ carpintero,lapiz|p/|carpintero,,False,False,False
ROST OFF SPRAY 300 ML WURTH,rost off spray 300 ml wurth,rost|off|spray|300|ml|wurth,,False,False,False
MALLA 6X50-C9,malla 6x50-c9,malla|6x50-c9,,False,False,False
TUBO DE 2X20 P/MALLA,tubo de 2x20 p/malla,tubo|2x20|p/malla,,False,False,False
HILO PARA CORTADORA DE GRAMA  3.3MM X 237M htr5/podar truper,hilo para cortadora de grama 3.3mm x 237m htr5/podar truper,hilo|para|cortadora|grama|3.3|mm|x|237m|HTR5,Truper,False,False,False
ANGULAR DE 2 X 1/8,angular de 2 x 1/8,angular|2|x|1/8|1/8,,False,False,False
ANGULAR DE 3 X 3/16,angular de 3 x 3/16,angular|3|x|3/16|3/16,,False,False,False
DISCO DE 14 X 3/32 DEWALT,disco de 14 x 3/32 dewalt,disco|14|x|3/32|dewalt|3/32,Dewalt,False,False,False
THINNER  TH-900 TROPICAL,thinner th-900 tropical,thinner|th-900|tropical|TH-900,Tropical,False,False,False
OXIDO NEGRO GL DOM,oxido negro gl dom,oxido|negro|gal|dom,,False,False,False
SOLDADURA 3/32 UNIVERSAL 6013,soldadura 3/32 universal 6013,soldadura|3/32|universal|6013|3/32,,False,False,False
VIGA H 6X6X30 15 LB/P,viga h 6x6x30 15 lb/p,viga|h|6x6x30|15|lb/p|15 lb,,False,False,False
INODORO FLUX BALTICO ENT SUP BLANCO / CORONA,inodoro flux baltico ent sup blanco / corona,inodoro|flux|baltico|ent|sup|blanco|/|corona,,False,False,False
"VALVULA FLUXOMETRO P/INODORO  Z6000-WS1-YB
YC ZURN",valvula fluxometro p/inodoro z6000-ws1-yb yc zurn,valvula|fluxometro|p/inodoro|z6000-ws1-yb|yc|zurn|Z6000-WS1-YB,,False,False,False
ORINAL ARRECIFE ENT SUP BLANCO,orinal arrecife ent sup blanco,orinal|arrecife|ent|sup|blanco,,False,False,False
BOQUILLA P/LAV PUSH BOT C/REBOSE 100206 45 GENEBRE,boquilla p/lav push bot c/rebose 100206 45 genebre,boquilla|p/lav|push|bot|c/rebose|100206|45|genebre,,False,False,False
MEZCLADORA P/LAV MONOMANDO 1H T-4119 AQUAVITA,mezcladora p/lav monomando 1h t-4119 aquavita,mezcladora|p/lav|monomando|1h|t-4119|aquavita|T-4119,,False,False,False
JUNTA DE CERA P/INODORO 40143 EASTMAN,junta de cera p/inodoro 40143 eastman,junta|cera|p/inodoro|40143|eastman,,False,False,False
CEMENTO BLANCO 2kg (4.4LBS) 2KG PEGAFORTE,cemento blanco 2kg 4.4lbs 2kg pegaforte,cemento|blanco|2|kg|4.4|lb|2|kg|2 kg,,False,False,False
SIFON PARA LAVAMANO PVC 1 1/2'' 35376 EASTMAN,sifon para lavamano pvc 1 1/2 35376 eastman,sifon|para|lavamano|pvc|1|1/2|35376|eastman|1/2,,False,False,False
PORTA PAPEL TOALLA,porta papel toalla,porta|papel|toalla,,False,False,False
ZAFACONES DE BAÑO,zafacones de bano,zafacones|bano,,False,False,False
ZAFACONES DE BAÑO GRANDES,zafacones de bano grandes,zafacones|bano|grandes,,False,False,False
SILICON 100% RTV CLEAR TUBO 10.3 SS-888-18 LANCO,silicon 100% rtv clear tubo 10.3 ss-888-18 lanco,silicon|100%|rtv|clear|tubo|10.3|ss-888-18|lanco|SS-888-18,,False,False,False
LLAVE ANGULAR DOBLE 1/2x3/8x3/8 04326 EASTMAN,llave angular doble 1/2x3/8x3/8 04326 eastman,llave|angular|doble|1/2x3/8x3/8|04326|eastman,,False,False,False
LLAVE SENCILLA P/LAV NIQ 1/2'' VK-0380 VIKINGO,llave sencilla p/lav niq 1/2 vk-0380 vikingo,llave|sencilla|p/lav|niq|1/2|vk-0380|vikingo|1/2|VK-0380,,False,False,False
NIPLE COBRE NIQ 1/2'' X 3'' 25866 EASTMAN,niple cobre niq 1/2 x 3 25866 eastman,niple|cobre|niq|1/2|x|3|25866|eastman|1/2,,False,False,False
6 TEFLON 3/4x0.075mmx10mts ESTUCHE GENERICO,6 teflon 3/4x0.075mmx10mts estuche generico,6|teflon|3/4x0.075mmx10mts|estuche|generico,Generico,False,False,False
PINTURA ACRIL PORCELANA 90 (5GL) ACRI PORCELA 90 POPULAR,pintura acril porcelana 90 5gl acri porcela 90 popular,pintura|acril|porcelana|90|5|gal|acri|porcela|5 gl,,False,False,False
PINTURA ACRILICA BLANCO 00 TROPICAL 5GL,pintura acrilica blanco 00 tropical 5gl,pintura|acrilica|blanco|00|tropical|5|gal|5 gl,Tropical,False,False,False
MOTA MICROFIBRA 9'' X 3/8'' FAN89 BYP,mota microfibra 9 x 3/8 fan89 byp,mota|microfibra|9|x|3/8|fan89|byp|3/8|FAN89,,False,False,False
BROCHA M/BCO PELO GRIS 2'' BCM20 BYP,brocha m/bco pelo gris 2 bcm20 byp,brocha|m/bco|pelo|gris|2|bcm20|byp|BCM20,,False,False,False
ESPEJO DE BAÑO 66X36'',espejo de bano 66x36,espejo|bano|66x36,,False,False,False
TANQUE PRECARGADO FIBRA 120 GAL  C2N-120GV GLOBAL WATER,tanque precargado fibra 120 gal c2n-120gv global water,tanque|precargado|fibra|120|gal|c2n-120gv|global|water|120 gal,,False,False,False
"GUANTE GOMA NEGRO IND (SIZE S,MY L)",guante goma negro ind size s my l,guante|goma|negro|ind|size|s|my|l,,False,False,False
HILO PARA CORTADORA DE GRAMA  3.3MM X 237M htr5/podar truper,hilo para cortadora de grama 3.3mm x 237m htr5/podar truper,hilo|para|cortadora|grama|3.3|mm|x|237m|HTR5,Truper,False,False,False
ROTOMARTILLO SDS MAX  1050 W  1 9 / 16 DEWALT,rotomartillo sds max 1050 w 1 9 / 16 dewalt,rotomartillo|sds|max|1050|w|1|9|/|1050W,Dewalt,False,False,False
ROTOMARTILLO SDS PLUS  800 W  DEWALT,rotomartillo sds plus 800 w dewalt,rotomartillo|sds|plus|800|w|dewalt|800W,Dewalt,False,False,False
"DEWALT TALADRO DE MARTILLO,1/2 '' 7.8 AMPERIOS RANGO DUAL (DW505) 900W",dewalt taladro de martillo 1/2 7.8 amperios rango dual dw505 900w,dewalt|taladro|martillo|1/2|7.8|amperios|rango|dual|1/2|DW505|900W,Dewalt,False,False,False
TALADRO DESTORNILLADOR 20 V MAX DEWALT 500 W,taladro destornillador 20 v max dewalt 500 w,taladro|destornillador|20|v|max|dewalt|500|w|500W,Dewalt,False,False,False
ROTOMARTILLO SDS MAX  1050 W  1 9 / 16 DEWALT,rotomartillo sds max 1050 w 1 9 / 16 dewalt,rotomartillo|sds|max|1050|w|1|9|/|1050W,Dewalt,False,False,False
"DEWALT TALADRO DE MARTILLO,1/2 '' 7.8 AMPERIOS RANGO DUAL (DW505) 900W",dewalt taladro de martillo 1/2 7.8 amperios rango dual dw505 900w,dewalt|taladro|martillo|1/2|7.8|amperios|rango|dual|1/2|DW505|900W,Dewalt,False,False,False
HILO PARA CORTADORA DE GRAMA  3.3MM X 237M htr5/podar truper,hilo para cortadora de grama 3.3mm x 237m htr5/podar truper,hilo|para|cortadora|grama|3.3|mm|x|237m|HTR5,Truper,False,False,False
HILO PARA CORTADORA DE GRAMA  3.3MM X 237M htr5/podar truper,hilo para cortadora de grama 3.3mm x 237m htr5/podar truper,hilo|para|cortadora|grama|3.3|mm|x|237m|HTR5,Truper,False,False,False
PINTURA ALTO TRANSITO (AMARILLO TRAFICO) POPULAR PRO /TROPICAL,pintura alto transito amarillo trafico popular pro /tropical,pintura|alto|transito|amarillo|trafico|popular|pro|/tropical,Tropical,False,False,False
PINTURA ACRILICA NARANJA POSITIVO POPULAR PRO/TROPICAL,pintura acrilica naranja positivo popular pro/tropical,pintura|acrilica|naranja|positivo|popular|pro/tropical,Tropical,False,False,False
PINTURA ACRILICA ROJO POSITVO POPULAR PRO/TROPICAL,pintura acrilica rojo positvo popular pro/tropical,pintura|acrilica|rojo|positvo|popular|pro/tropical,Tropical,False,False,False
PINTURA ACRILICA VERDE POSITIVO TROPICAL/POPULAR PRO,pintura acrilica verde positivo tropical/popular pro,pintura|acrilica|verde|positivo|tropical/popular|pro,Tropical,False,False,False
PINTURA ACRILICA AZUL POSITIVO POPULAR PRO /TROPICAL,pintura acrilica azul positivo popular pro /tropical,pintura|acrilica|azul|positivo|popular|pro|/tropical,Tropical,False,False,False
PINTURA ACRILICA AMARILLO POSITIVO POPULAR PRO/TROPICAL,pintura acrilica amarillo positivo popular pro/tropical,pintura|acrilica|amarillo|positivo|popular|pro/tropical,Tropical,False,False,False
PINTURA CONTRACTOR ACRILICA ROJO TEJA 18 POPULAR PRO/TROPICAL,pintura contractor acrilica rojo teja 18 popular pro/tropical,pintura|contractor|acrilica|rojo|teja|18|popular|pro/tropical,Tropical,False,False,False
PINTURA ACRILICA CONTRACTOR GRIS CLARO 26 POPULAR PRO/TROPICAL,pintura acrilica contractor gris claro 26 popular pro/tropical,pintura|acrilica|contractor|gris|claro|26|popular|pro/tropical,Tropical,False,False,False
PINTURA ACRILICA PARA EXTERIOR BLANCA 50   POPULAR PRO/00 TROPICAL,pintura acrilica para exterior blanca 50 popular pro/00 tropical,pintura|acrilica|para|exterior|blanca|50|popular|pro/00,Tropical,False,False,False
PINTURA ESMALTE PLUS AZUL 54  TROPICA/ POPULAR PRO,pintura esmalte plus azul 54 tropica/ popular pro,pintura|esmalte|plus|azul|54|tropica/|popular|pro,,False,False,False
PINTURA ACRILICA VERDE LIMON 25 POPULAR PRO/TROPICAL,pintura acrilica verde limon 25 popular pro/tropical,pintura|acrilica|verde|limon|25|popular|pro/tropical,Tropical,False,False,False
PERFIL 2X3 GALV.,perfil 2x3 galv.,perfil|2x3|galv.,,False,False,False
GUIAS PLAST- 40X60MM,guias plast- 40x60mm,guias|plast-|40x60|mm,,False,False,False
KIT DE INSTALACION DE BOMBA,kit de instalacion de bomba,kit|instalacion|bomba,,True,False,False
PERFIL 1 1/2 H.GALV.1.6,perfil 1 1/2 h.galv.1.6,perfil|1|1/2|h.galv.1.6|1/2,,False,False,False
CEMENTO BLANCO FUNDA 40KG,cemento blanco funda 40kg,cemento|blanco|funda|40|kg|40 kg,,False,False,False
PINTURA ALTO TRANSITO (AMARILLO TRAFICO) POPULAR PRO /TROPICAL,pintura alto transito amarillo trafico popular pro /tropical,pintura|alto|transito|amarillo|trafico|popular|pro|/tropical,Tropical,False,False,False
PINTURA ACRILICA NARANJA POSITIVO POPULAR PRO/TROPICAL,pintura acrilica naranja positivo popular pro/tropical,pintura|acrilica|naranja|positivo|popular|pro/tropical,Tropical,False,False,False
PINTURA ACRILICA ROJO POSITVO POPULAR PRO/TROPICAL,pintura acrilica rojo positvo popular pro/tropical,pintura|acrilica|rojo|positvo|popular|pro/tropical,Tropical,False,False,False
PINTURA ACRILICA VERDE POSITIVO TROPICAL/POPULAR PRO,pintura acrilica verde positivo tropical/popular pro,pintura|acrilica|verde|positivo|tropical/popular|pro,Tropical,False,False,False
PINTURA ACRILICA AZUL POSITIVO POPULAR PRO /TROPICAL,pintura acrilica azul positivo popular pro /tropical,pintura|acrilica|azul|positivo|popular|pro|/tropical,Tropical,False,False,False
PINTURA ACRILICA AMARILLO POSITIVO POPULAR PRO/TROPICAL,pintura acrilica amarillo positivo popular pro/tropical,pintura|acrilica|amarillo|positivo|popular|pro/tropical,Tropical,False,False,False
PINTURA CONTRACTOR ACRILICA ROJO TEJA 18 POPULAR PRO/TROPICAL,pintura contractor acrilica rojo teja 18 popular pro/tropical,pintura|contractor|acrilica|rojo|teja|18|popular|pro/tropical,Tropical,False,False,False
PINTURA ACRILICA CONTRACTOR GRIS CLARO 26 POPULAR PRO/TROPICAL,pintura acrilica contractor gris claro 26 popular pro/tropical,pintura|acrilica|contractor|gris|claro|26|popular|pro/tropical,Tropical,False,False,False
PINTURA ACRILICA PARA EXTERIOR BLANCA 50   POPULAR PRO/00 TROPICAL,pintura acrilica para exterior blanca 50 popular pro/00 tropical,pintura|acrilica|para|exterior|blanca|50|popular|pro/00,Tropical,False,False,False
PINTURA ESMALTE PLUS AZUL 54  TROPICA/ POPULAR PRO,pintura esmalte plus azul 54 tropica/ popular pro,pintura|esmalte|plus|azul|54|tropica/|popular|pro,,False,False,False
PINTURA ACRILICA VERDE LIMON 25 POPULAR PRO/TROPICAL,pintura acrilica verde limon 25 popular pro/tropical,pintura|acrilica|verde|limon|25|popular|pro/tropical,Tropical,False,False,False
PINTURA ACRILICA ARENA 24 POPULAR PRO,pintura acrilica arena 24 popular pro,pintura|acrilica|arena|24|popular|pro,,False,False,False
PINTURA ACRILICA BLANCO COLONIAL POPULAR PRO,pintura acrilica blanco colonial popular pro,pintura|acrilica|blanco|colonial|popular|pro,,False,False,False
PINTURA ACRILICA PARA EXTERIOR BLANCA 50   POPULAR PRO/00 TROPICAL,pintura acrilica para exterior blanca 50 popular pro/00 tropical,pintura|acrilica|para|exterior|blanca|50|popular|pro/00,Tropical,False,False,False
PINTURA ACRILICA BLANCO GRIS PERLA POPULAR PRO,pintura acrilica blanco gris perla popular pro,pintura|acrilica|blanco|gris|perla|popular|pro,,False,False,False
PINTURA ACRILICA ORANGE POPULAR PRO,pintura acrilica orange popular pro,pintura|acrilica|orange|popular|pro,,False,False,False
PINTURA ACRILICA AZUL POSITIVO POPULAR PRO,pintura acrilica azul positivo popular pro,pintura|acrilica|azul|positivo|popular|pro,,False,False,False
PINTURA ACRILICA ROJO POSITVO POPULAR PRO,pintura acrilica rojo positvo popular pro,pintura|acrilica|rojo|positvo|popular|pro,,False,False,False
PINTURA ACRILICA VERDE POSITIVO  POPULAR PRO,pintura acrilica verde positivo popular pro,pintura|acrilica|verde|positivo|popular|pro,,False,False,False
PINTURA ACRILICA AMARILLO POSITIVO POPULAR PRO,pintura acrilica amarillo positivo popular pro,pintura|acrilica|amarillo|positivo|popular|pro,,False,False,False
PINTURA ACRILICA NEGRO POPULAR PRO,pintura acrilica negro popular pro,pintura|acrilica|negro|popular|pro,,False,False,False
CUBETA DE BARNIZ,cubeta de barniz,cubeta|barniz,,False,False,False
ACRILICA CARAMELO SUAVE 21,acrilica caramelo suave 21,acrilica|caramelo|suave|21,,False,False,False
PINTURA ESMALTE SUPERIOR GRIS PLATA 65,pintura esmalte superior gris plata 65,pintura|esmalte|superior|gris|plata|65,,False,False,False
PINTURA ESMALTE SUPERIOR BLANCO,pintura esmalte superior blanco,pintura|esmalte|superior|blanco,,False,False,False
PINTURA ESMALTE SUPERIOR ROJO,pintura esmalte superior rojo,pintura|esmalte|superior|rojo,,False,False,False
PINTURA ESMALTE SUPERIOR AMARILLO,pintura esmalte superior amarillo,pintura|esmalte|superior|amarillo,,False,False,False
PINTURA ESMALTE SUPERIOR AZUL,pintura esmalte superior azul,pintura|esmalte|superior|azul,,False,False,False
PINTURA ESMALTE SUPERIOR LIMON,pintura esmalte superior limon,pintura|esmalte|superior|limon,,False,False,False
PINTURA ACRILICA AMARILLO MAIZ 70 POPULAR PRO,pintura acrilica amarillo maiz 70 popular pro,pintura|acrilica|amarillo|maiz|70|popular|pro,,False,False,False
PINTURA AMARILLO TRAFICO POPULAR,pintura amarillo trafico popular,pintura|amarillo|trafico|popular,,False,False,False
PINTURA BLANCO TRAFICO POPULAR,pintura blanco trafico popular,pintura|blanco|trafico|popular,,False,False,False
PINTURA ACRILICA AZUL CIELO POPULAR PRO,pintura acrilica azul cielo popular pro,pintura|acrilica|azul|cielo|popular|pro,,False,False,False
PINTURA ACRILICA ROJO LADRILLO POPULAR,pintura acrilica rojo ladrillo popular,pintura|acrilica|rojo|ladrillo|popular,,False,False,False
THINNER TH-900 TROPICAL,thinner th-900 tropical,thinner|th-900|tropical|TH-900,Tropical,False,False,False
SELLADOR P/ TECHO URETHANIZER ROOF SEALER LANCO 5GL,sellador p/ techo urethanizer roof sealer lanco 5gl,sellador|p/|techo|urethanizer|roof|sealer|lanco|5|5 gl,,False,False,False
PINTURA ANTICORROSIVA ROJO OXIDO,pintura anticorrosiva rojo oxido,pintura|anticorrosiva|rojo|oxido,,False,False,False
PINTURA ANTICORROSIVA ROJO NEGRO,pintura anticorrosiva rojo negro,pintura|anticorrosiva|rojo|negro,,False,False,False
SPRAY NEGRO,spray negro,spray|negro,,False,False,False
SPRAY BLANCO,spray blanco,spray|blanco,,False,False,False
BROCHA ATLAS DE 1'',brocha atlas de 1,brocha|atlas|1,,False,False,False
BROCHA ATLAS DE 2'',brocha atlas de 2,brocha|atlas|2,,False,False,False
BROCHA ATLAS DE 3'',brocha atlas de 3,brocha|atlas|3,,False,False,False
BROCHA ATLAS DE 4'',brocha atlas de 4,brocha|atlas|4,,False,False,False
MOTA  9'',mota 9,mota|9,,False,False,False
MOTA GRUESA,mota gruesa,mota|gruesa,,False,False,False
CARRETE PORTA MOTAS,carrete porta motas,carrete|porta|motas,,False,False,False
PORTA ROLO DE 6,porta rolo de 6,porta|rolo|6,,False,False,False
PORTA ROLO DE 4,porta rolo de 4,porta|rolo|4,,False,False,False
ESPATULA,espatula,espatula,,False,False,False
MASILLA,masilla,masilla,,False,False,False
PINTURA ALTO TRANSITO (AMARILLO TRAFICO) POPULAR PRO /TROPICAL,pintura alto transito amarillo trafico popular pro /tropical,pintura|alto|transito|amarillo|trafico|popular|pro|/tropical,Tropical,False,False,False
PINTURA ACRILICA NARANJA POSITIVO POPULAR PRO/TROPICAL,pintura acrilica naranja positivo popular pro/tropical,pintura|acrilica|naranja|positivo|popular|pro/tropical,Tropical,False,False,False
PINTURA ACRILICA ROJO POSITVO POPULAR PRO/TROPICAL,pintura acrilica rojo positvo popular pro/tropical,pintura|acrilica|rojo|positvo|popular|pro/tropical,Tropical,False,False,False
PINTURA ACRILICA VERDE POSITIVO TROPICAL/POPULAR PRO,pintura acrilica verde positivo tropical/popular pro,pintura|acrilica|verde|positivo|tropical/popular|pro,Tropical,False,False,False
PINTURA ACRILICA AZUL POSITIVO POPULAR PRO /TROPICAL,pintura acrilica azul positivo popular pro /tropical,pintura|acrilica|azul|positivo|popular|pro|/tropical,Tropical,False,False,False
PINTURA ACRILICA AMARILLO POSITIVO POPULAR PRO/TROPICAL,pintura acrilica amarillo positivo popular pro/tropical,pintura|acrilica|amarillo|positivo|popular|pro/tropical,Tropical,False,False,False
PINTURA CONTRACTOR ACRILICA ROJO TEJA 18 POPULAR PRO/TROPICAL,pintura contractor acrilica rojo teja 18 popular pro/tropical,pintura|contractor|acrilica|rojo|teja|18|popular|pro/tropical,Tropical,False,False,False
PINTURA ACRILICA CONTRACTOR GRIS CLARO 26 POPULAR PRO/TROPICAL,pintura acrilica contractor gris claro 26 popular pro/tropical,pintura|acrilica|contractor|gris|claro|26|popular|pro/tropical,Tropical,False,False,False
PINTURA ACRILICA PARA EXTERIOR BLANCA 50   POPULAR PRO/00 TROPICAL,pintura acrilica para exterior blanca 50 popular pro/00 tropical,pintura|acrilica|para|exterior|blanca|50|popular|pro/00,Tropical,False,False,False
PINTURA ESMALTE PLUS AZUL 54  TROPICA/ POPULAR PRO,pintura esmalte plus azul 54 tropica/ popular pro,pintura|esmalte|plus|azul|54|tropica/|popular|pro,,False,False,False
PINTURA ACRILICA VERDE LIMON 25 POPULAR PRO/TROPICAL,pintura acrilica verde limon 25 popular pro/tropical,pintura|acrilica|verde|limon|25|popular|pro/tropical,Tropical,False,False,False
VARILLA 1/2'',varilla 1/2,varilla|1/2|1/2,,False,False,False
VARILLA 3/4'',varilla 3/4,varilla|3/4|3/4,,False,False,False
VARILLA 3/8'',varilla 3/8,varilla|3/8|3/8,,False,False,False
VARILLA 1/4'',varilla 1/4,varilla|1/4|1/4,,False,False,False
VARILLA 3/8'',varilla 3/8,varilla|3/8|3/8,,False,False,False
VARILLA 1/2'',varilla 1/2,varilla|1/2|1/2,,False,False,False
VARILLA 3/4'',varilla 3/4,varilla|3/4|3/4,,False,False,False
VARILLA 3/8'',varilla 3/8,varilla|3/8|3/8,,False,False,False
CEMENTO GRIS (AGLOMERANTE PORTLAND) SANTO DOMINGO/TITAN-CEMEX FDA 94LB,cemento gris aglomerante portland santo domingo/titan-cemex fda 94lb,cemento|gris|aglomerante|portland|santo|domingo/titan-cemex|fda|94|94 lb,,False,False,False
ARENA LAVADA,arena lavada,arena|lavada,,False,False,False
ARENA DE EMPAÑETE,arena de empanete,arena|empanete,,False,False,False
GRAVA 3/4,grava 3/4,grava|3/4|3/4,,False,False,False
CABLE #10 AWG THHN NEGRO,cable 10 awg thhn negro,cable|10|awg|thhn|negro,,False,False,False
CABLE #12 AWG THHN BLANCO,cable 12 awg thhn blanco,cable|12|awg|thhn|blanco,,False,False,False
BOMBILLO 18W 120V,bombillo 18w 120v,bombillo|18|w|120v|18W,,False,False,False
LLAVE LAVAMANOS VIKINGO CROMADA,llave lavamanos vikingo cromada,llave|lavamanos|vikingo|cromada,,False,False,False
MANGUERA LAVAMANOS EASTAM 1/2''X30,manguera lavamanos eastam 1/2 x30,manguera|lavamanos|eastam|1/2|x30|1/2,,False,False,False
ADAPTADOR MACHO PVC1,adaptador macho pvc1,adaptador|macho|pvc1|PVC1,,False,False,False
TUBO SCH-40 1'',tubo sch-40 1,tubo|sch-40|1,,False,False,False
TUBO PRESION 3/4''X 19 SCH 40,tubo presion 3/4 x 19 sch 40,tubo|presion|3/4|x|19|sch|40|3/4,,False,False,False
TUBO SCH-40 DE 1/2'',tubo sch-40 de 1/2,tubo|sch-40|1/2|1/2,,False,False,False
"REDUCCION PVC 1 X 3/4""","reduccion pvc 1 x 3/4""","reduccion|pvc|1|x|3/4""|3/4|4""",,False,False,False
"REDUCCION PVC 1/2 X 3/4""","reduccion pvc 1/2 x 3/4""","reduccion|pvc|1/2|x|3/4""|1/2|4""",,False,False,False
CODO DE PRESION DE 1'',codo de presion de 1,codo|presion|1,,False,False,False
CODO DE PRESION DE 3/4'',codo de presion de 3/4,codo|presion|3/4|3/4,,False,False,False
CODO DE PRESION DE 1/2'',codo de presion de 1/2,codo|presion|1/2|1/2,,False,False,False
HOJA DE SEGUETA BEYOTA,hoja de segueta beyota,hoja|segueta|beyota,,False,False,False
LLAVE ANGULAR DE 1/2 X 3/8 EASTMAN,llave angular de 1/2 x 3/8 eastman,llave|angular|1/2|x|3/8|eastman|1/2,,False,False,False
LLAVE ANGULAR DE 1/2 X 3/8 DOBLE EASTMAN,llave angular de 1/2 x 3/8 doble eastman,llave|angular|1/2|x|3/8|doble|eastman|1/2,,False,False,False
"CINTA DE TEFLÓN INDUSTRIAL, TRUPER EXPERT 13M X 3/4""","cinta de teflon industrial truper expert 13m x 3/4""","cinta|teflon|industrial|truper|expert|13m|x|3/4""|3/4|4""",Truper,False,False,False
LLAVE DE CHORRO 3/4 URREAS,llave de chorro 3/4 urreas,llave|chorro|3/4|urreas|3/4,,False,False,False
LLAVE DE CHORRO 1/2 URREAS,llave de chorro 1/2 urreas,llave|chorro|1/2|urreas|1/2,,False,False,False
PORTA ROLO LANCO HEAVY DUTY ROLLER FRAME,porta rolo lanco heavy duty roller frame,porta|rolo|lanco|heavy|duty|roller|frame,,False,False,False
MOTA LANCO 9''X1 1/4'',mota lanco 9 x1 1/4,mota|lanco|9|x1|1/4|1/4,,False,False,False
SELLATODO SILBOND CANO,sellatodo silbond cano,sellatodo|silbond|cano,Cano,False,False,False
IMPERMIABILIZANTE TROPICAL GOMA LIQUIDA ALUMINIO,impermiabilizante tropical goma liquida aluminio,impermiabilizante|tropical|goma|liquida|aluminio,Tropical,False,False,False
MEMBRANA ASFALTICA ITALIANA FIBRA VIDRIO  2.5MM,membrana asfaltica italiana fibra vidrio 2.5mm,membrana|asfaltica|italiana|fibra|vidrio|2.5|mm,,False,False,False
LONA ASFALTICA 3MM 1X10 MT,lona asfaltica 3mm 1x10 mt,lona|asfaltica|3|mm|1x10|mt,,False,False,False
PRIMER P/LONA ASFALTICA,primer p/lona asfaltica,primer|p/lona|asfaltica,,False,False,False
IMPERMIABILIZANTE TROPICAL GOMA LIQ. ALUM,impermiabilizante tropical goma liq. alum,impermiabilizante|tropical|goma|liq.|alum,Tropical,False,False,False
CEMENTO PLASTICO POLYPLUS 2.8,cemento plastico polyplus 2.8,cemento|plastico|polyplus|2.8,,False,False,False
MOTA ATLAS 1 1/4 BLANCA 723/200,mota atlas 1 1/4 blanca 723/200,mota|atlas|1|1/4|blanca|723/200|1/4,,False,False,False
PORTA ROLO CANO REFORZADO,porta rolo cano reforzado,porta|rolo|cano|reforzado,Cano,False,False,False
HILO PARA CORTADORA DE GRAMA  3.3MM X 237M htr5/podar truper,hilo para cortadora de grama 3.3mm x 237m htr5/podar truper,hilo|para|cortadora|grama|3.3|mm|x|237m|HTR5,Truper,False,False,False
PINTURA ALTO TRANSITO (AMARILLO TRAFICO) POPULAR PRO /TROPICAL,pintura alto transito amarillo trafico popular pro /tropical,pintura|alto|transito|amarillo|trafico|popular|pro|/tropical,Tropical,False,False,False
PINTURA ACRILICA NARANJA POSITIVO POPULAR PRO/TROPICAL,pintura acrilica naranja positivo popular pro/tropical,pintura|acrilica|naranja|positivo|popular|pro/tropical,Tropical,False,False,False
PINTURA ACRILICA ROJO POSITVO POPULAR PRO/TROPICAL,pintura acrilica rojo positvo popular pro/tropical,pintura|acrilica|rojo|positvo|popular|pro/tropical,Tropical,False,False,False
PINTURA ACRILICA VERDE POSITIVO TROPICAL/POPULAR PRO,pintura acrilica verde positivo tropical/popular pro,pintura|acrilica|verde|positivo|tropical/popular|pro,Tropical,False,False,False
PINTURA ACRILICA AZUL POSITIVO POPULAR PRO /TROPICAL,pintura acrilica azul positivo popular pro /tropical,pintura|acrilica|azul|positivo|popular|pro|/tropical,Tropical,False,False,False
PINTURA ACRILICA AMARILLO POSITIVO POPULAR PRO/TROPICAL,pintura acrilica amarillo positivo popular pro/tropical,pintura|acrilica|amarillo|positivo|popular|pro/tropical,Tropical,False,False,False
PINTURA CONTRACTOR ACRILICA ROJO TEJA 18 POPULAR PRO/TROPICAL,pintura contractor acrilica rojo teja 18 popular pro/tropical,pintura|contractor|acrilica|rojo|teja|18|popular|pro/tropical,Tropical,False,False,False
PINTURA ACRILICA CONTRACTOR GRIS CLARO 26 POPULAR PRO/TROPICAL,pintura acrilica contractor gris claro 26 popular pro/tropical,pintura|acrilica|contractor|gris|claro|26|popular|pro/tropical,Tropical,False,False,False
PINTURA ACRILICA PARA EXTERIOR BLANCA 50   POPULAR PRO/00 TROPICAL,pintura acrilica para exterior blanca 50 popular pro/00 tropical,pintura|acrilica|para|exterior|blanca|50|popular|pro/00,Tropical,False,False,False
PINTURA ESMALTE PLUS AZUL 54  TROPICA/ POPULAR PRO,pintura esmalte plus azul 54 tropica/ popular pro,pintura|esmalte|plus|azul|54|tropica/|popular|pro,,False,False,False
PINTURA ACRILICA VERDE LIMON 25 POPULAR PRO/TROPICAL,pintura acrilica verde limon 25 popular pro/tropical,pintura|acrilica|verde|limon|25|popular|pro/tropical,Tropical,False,False,False
PERFIL 2X3 GALV.,perfil 2x3 galv.,perfil|2x3|galv.,,False,False,False
GUIAS PLAST- 40X60MM,guias plast- 40x60mm,guias|plast-|40x60|mm,,False,False,False
KIT DE INSTALACION DE BOMBA,kit de instalacion de bomba,kit|instalacion|bomba,,True,False,False
PERFIL 1 1/2 H.GALV.1.6,perfil 1 1/2 h.galv.1.6,perfil|1|1/2|h.galv.1.6|1/2,,False,False,False
CEMENTO BLANCO FUNDA 40KG,cemento blanco funda 40kg,cemento|blanco|funda|40|kg|40 kg,,False,False,False
ARTISTA,artista,artista,,False,False,False
FUEGOS ARTIFICIALES,fuegos artificiales,fuegos|artificiales,,False,False,False
TARIMA 24X20,tarima 24x20,tarima|24x20,,False,False,False
TARIMA VIP 16X16 CON SILLAS P/50 PERSONAS,tarima vip 16x16 con sillas p/50 personas,tarima|vip|16x16|sillas|p/50|personas,,False,False,False
BANNER,banner,banner,,False,False,False
TECHO 29X22,techo 29x22,techo|29x22,,False,False,False
LUCES,luces,luces,,False,False,False
EQUIPOS DE SONIDO Y MICROFONO,equipos de sonido y microfono,equipos|sonido|microfono,,False,False,False
PLANTA ELECTRICA 25KW,planta electrica 25kw,planta|electrica|25kw,,False,False,False
PRESENTADORA,presentadora,presentadora,,False,False,False
COORDINACION ARTISTICA,coordinacion artistica,coordinacion|artistica,,False,False,False
PERIFONEO 5 DIAS PREVIO A LA ACTIVIDAD,perifoneo 5 dias previo a la actividad,perifoneo|5|dias|previo|a|actividad,,False,False,False
SEGURIDAD,seguridad,seguridad,,False,False,False
CEMENTO GRIS (AGLOMERANTE PORTLAND) SANTO DOMINGO/TITAN-CEMEX FDA 94LB,cemento gris aglomerante portland santo domingo/titan-cemex fda 94lb,cemento|gris|aglomerante|portland|santo|domingo/titan-cemex|fda|94|94 lb,,False,False,False
ENLATE BRUTO AMERICANO 2 X 4 X 16,enlate bruto americano 2 x 4 x 16,enlate|bruto|americano|2|x|4|x|16,Cano,False,False,False
PL PLYWOOD 1/2 PINO S/CARA,pl plywood 1/2 pino s/cara,pl|plywood|1/2|pino|s/cara|1/2,,False,False,False
CONO PVC 70 CM CON REFLECTIVO,cono pvc 70 cm con reflectivo,cono|pvc|70|cm|reflectivo,,False,False,False
BROCHA ATLAS DE 2'',brocha atlas de 2,brocha|atlas|2,,False,False,False
BROCHA ATLAS DE 3'',brocha atlas de 3,brocha|atlas|3,,False,False,False
MOTA  9'',mota 9,mota|9,,False,False,False
PORTA ROLO CANO REFORZADO,porta rolo cano reforzado,porta|rolo|cano|reforzado,Cano,False,False,False
MOTA ANTIGOTA NO. 4'',mota antigota no. 4,mota|antigota|no.|4,,False,False,False
MINI PORTA ROLO CON JAULA,mini porta rolo con jaula,mini|porta|rolo|jaula,,False,False,False
EXTENSION P/PINTAR 3.6M DE FRIBRA DE VIDRIO TRUPER,extension p/pintar 3.6m de fribra de vidrio truper,extension|p/pintar|3.6m|fribra|vidrio|truper,Truper,False,False,False
ESPATULA 2'',espatula 2,espatula|2,,False,False,False
"CINTA AISLANTE 19MM X 18 MT BLANCO ""TRUPER"" 96/1","cinta aislante 19mm x 18 mt blanco ""truper"" 96/1",cinta|aislante|19|mm|x|18|mt|blanco|96/1,Truper,False,False,False
PERFIL 2X3 GALV.,perfil 2x3 galv.,perfil|2x3|galv.,,False,False,False
GUIAS PLAST- 40X60MM,guias plast- 40x60mm,guias|plast-|40x60|mm,,False,False,False
KIT DE INSTALACION DE BOMBA,kit de instalacion de bomba,kit|instalacion|bomba,,True,False,False
PERFIL 1 1/2 H.GALV.1.6,perfil 1 1/2 h.galv.1.6,perfil|1|1/2|h.galv.1.6|1/2,,False,False,False
CEMENTO BLANCO FUNDA 40KG,cemento blanco funda 40kg,cemento|blanco|funda|40|kg|40 kg,,False,False,False
CEMENTO GRIS SANTO DOMINGO 94LB,cemento gris santo domingo 94lb,cemento|gris|santo|domingo|94|lb|94 lb,,False,False,False
ARENA LAVADA,arena lavada,arena|lavada,,False,False,False
GRAVA 3/4,grava 3/4,grava|3/4|3/4,,False,False,False
ALAMBRE CAL 12,alambre cal 12,alambre|cal|12,,False,False,False
ALAMBRE CAL 10,alambre cal 10,alambre|cal|10,,False,False,False
TAPE NEGRO VOLECK,tape negro voleck,tape|negro|voleck,,False,False,False
KIT DE CONECTORES,kit de conectores,kit|conectores,,False,False,False
BREAKER DE 30,breaker de 30,breaker|30,,False,False,False
BREAKER DE 60,breaker de 60,breaker|60,,False,False,False
GUANTE DE PROTECCION TRUPER,guante de proteccion truper,guante|proteccion|truper,Truper,False,False,False
CINTA ELECTRICA TEMFLEX,cinta electrica temflex,cinta|electrica|temflex,,False,False,False
ENLATE 2x4,enlate 2x4,enlate|2x4,,False,False,False
PLAYWOOD 1/2 FERREMIX,playwood 1/2 ferremix,playwood|1/2|ferremix|1/2,,False,False,False
CONOS TRUPER,conos truper,conos|truper,Truper,False,False,False
"INODOROS COMPLETOS INCLUYENDO FLUXOMETRO, TAPAS Y VALVULAS ULTRA",inodoros completos incluyendo fluxometro tapas y valvulas ultra,inodoros|completos|incluyendo|fluxometro|tapas|valvulas|ultra,,False,False,False
VALVULA TIPO FLUXOMETRO PARA INODORO,valvula tipo fluxometro para inodoro,valvula|tipo|fluxometro|para|inodoro,,False,False,False
VIGA H 6X6X30' (15.0# LB/P)-450 Lbs,viga h 6x6x30 15.0 lb/p -450 lbs,viga|h|6x6x30|15.0|lb/p|-450|lb|15.0 lb,,False,False,False
VIGA H 6X6X30' (25.0# LB/P)-750 Lbs,viga h 6x6x30 25.0 lb/p -750 lbs,viga|h|6x6x30|25.0|lb/p|-750|lb|25.0 lb,,False,False,False
VIGA H 6X4X30' (16.0# LB/P)-480 Lbs,viga h 6x4x30 16.0 lb/p -480 lbs,viga|h|6x4x30|16.0|lb/p|-480|lb|16.0 lb,,False,False,False
CANALES 6X30'-8.20#'Lb/P- 246 Lbs,canales 6x30 -8.20 lb/p- 246 lbs,canales|6x30|-8.20|lb/p-|246|lb|8.20 lb,,False,False,False
MALLA CICLONICA 6X50″  C-29,malla ciclonica 6x50 c-29,malla|ciclonica|6x50|c-29,,False,False,False
TUBO DE 20X20″ P/MALLA,tubo de 20x20 p/malla,tubo|20x20|p/malla,,False,False,False
MEZCLADORA P/LAVAMANOS MONOMANDO UREA,mezcladora p/lavamanos monomando urea,mezcladora|p/lavamanos|monomando|urea,,False,False,False
LLAVE ANGULAR EASTAM 1/2'' X 3/8'',llave angular eastam 1/2 x 3/8,llave|angular|eastam|1/2|x|3/8|1/2,,False,False,False
LLAVE EMPOTRAR NIBCO 1/2'' DE UN PUÑO URREA ORIGINAL,llave empotrar nibco 1/2 de un puno urrea original,llave|empotrar|nibco|1/2|un|puno|urrea|original|1/2,,False,False,False
LLAVE LAVAMANOS VIKINGO CROMADA,llave lavamanos vikingo cromada,llave|lavamanos|vikingo|cromada,,False,False,False
LLAVE ANGULAR EASTAM 1/2'' X 3/8'' X 13/8'',llave angular eastam 1/2 x 3/8 x 13/8,llave|angular|eastam|1/2|x|3/8|x|13/8|1/2,,False,False,False
DUCHA C/BRAZO CUADRADA LUKAN,ducha c/brazo cuadrada lukan,ducha|c/brazo|cuadrada|lukan,,False,False,False
"REJILLA P/PISO DECORATIVA 11/2""","rejilla p/piso decorativa 11/2""","rejilla|p/piso|decorativa|11/2""|11/2|2""",,False,False,False
JUEGO DE VALVULA FAMA ECONOMAX,juego de valvula fama economax,juego|valvula|fama|economax,,False,False,False
BOQUILLA PUSH BOTTON LAVAMANOS KAROS 11/4''X8,boquilla push botton lavamanos karos 11/4 x8,boquilla|push|botton|lavamanos|karos|11/4|x8|11/4,,False,False,False
MANGUERA LAVAMANOS EASTAM 1/2''X30,manguera lavamanos eastam 1/2 x30,manguera|lavamanos|eastam|1/2|x30|1/2,,False,False,False
MANGUERA INODORO EASTAM 320'',manguera inodoro eastam 320,manguera|inodoro|eastam|320,,False,False,False
NIPLE HG GALV.1/2'' X 21/2'',niple hg galv.1/2 x 21/2,niple|hg|galv.1/2|x|21/2|1/2,,False,False,False
CUBREFALTA NIQUELADO 1/2'',cubrefalta niquelado 1/2,cubrefalta|niquelado|1/2|1/2,,False,False,False
SIFON SENCILLO AMERICANO EASTAM 11/2'',sifon sencillo americano eastam 11/2,sifon|sencillo|americano|eastam|11/2|11/2,Cano,False,False,False
REDUCCION BUSHING PVC 2'' X11/2'',reduccion bushing pvc 2 x11/2,reduccion|bushing|pvc|2|x11/2,,False,False,False
T DE 5 VIAS AQUAVITA,t de 5 vias aquavita,t|5|vias|aquavita,,False,False,False
MANOMETRO G/GLICERINA GENEBRE 1/4'',manometro g/glicerina genebre 1/4,manometro|g/glicerina|genebre|1/4|1/4,,False,False,False
AUTOMATICO BOMBA SQUARED 20-40 PSI,automatico bomba squared 20-40 psi,automatico|bomba|squared|20-40|psi,,False,False,False
ADAPTADOR MACHO PVC1,adaptador macho pvc1,adaptador|macho|pvc1|PVC1,,False,False,False
TEE PRESION PVC 1'',tee presion pvc 1,tee|presion|pvc|1,,False,False,False
"REDUCCION PVC 1 X 3/4""","reduccion pvc 1 x 3/4""","reduccion|pvc|1|x|3/4""|3/4|4""",,False,False,False
UNION UNIVERSAL PVC 1'',union universal pvc 1,union|universal|pvc|1,,False,False,False
CEMENTO PVC LANCO WET DRY 8 OZ,cemento pvc lanco wet dry 8 oz,cemento|pvc|lanco|wet|dry|8|oz,,False,False,False
SILICON LANCO TRANSPARENTE INDUSTRIAL,silicon lanco transparente industrial,silicon|lanco|transparente|industrial,,False,False,False
TEFLON AQUAFLEX AMARILLO 1'',teflon aquaflex amarillo 1,teflon|aquaflex|amarillo|1,,False,False,False
SILICON URETANO WEST NEGRO 310 ML,silicon uretano west negro 310 ml,silicon|uretano|west|negro|310|ml,,False,False,False
MEZCLADORA FREGADERO URREA T/NIBCO,mezcladora fregadero urrea t/nibco,mezcladora|fregadero|urrea|t/nibco,,False,False,False
MEZCLADORA BAÑERA MONOMANDO AQUAVITA,mezcladora banera monomando aquavita,mezcladora|banera|monomando|aquavita,,False,False,False
BOQUILLA FREGADERO AQUAVITA,boquilla fregadero aquavita,boquilla|fregadero|aquavita,,False,False,False
BOQUILLA LAVAMANOS PUSH AQUAVITA 11/4'',boquilla lavamanos push aquavita 11/4,boquilla|lavamanos|push|aquavita|11/4|11/4,,False,False,False
COLA DE EXTENCION PARA LAVAMANOS 11/4''X8,cola de extencion para lavamanos 11/4 x8,cola|extencion|para|lavamanos|11/4|x8|11/4,,False,False,False
REDUCCION PVC 2X11/2'',reduccion pvc 2x11/2,reduccion|pvc|2x11/2,,False,False,False
LLAVE PASO BOLA 3/4'',llave paso bola 3/4,llave|paso|bola|3/4|3/4,,False,False,False
LLAVE PASO BOLA 1'',llave paso bola 1,llave|paso|bola|1,,False,False,False
TUBO PRESION 3/4''X 19 SCH 40,tubo presion 3/4 x 19 sch 40,tubo|presion|3/4|x|19|sch|40|3/4,,False,False,False
ADAPTADOR MACHO PVC1'',adaptador macho pvc1,adaptador|macho|pvc1|PVC1,,False,False,False
ADAPTADOR MACHO PVC 3/4'',adaptador macho pvc 3/4,adaptador|macho|pvc|3/4|3/4,,False,False,False
FREGADERO TRAMONTINA SENCILLO,fregadero tramontina sencillo,fregadero|tramontina|sencillo,,False,False,False
CEMENTO BLANCO PORTLAND 94LB,cemento blanco portland 94lb,cemento|blanco|portland|94|lb|94 lb,,False,False,False
Credito a 60 dias,credito a 60 dias,credito|a|60|dias,,False,False,False
Entrega inmediata una vez sea enviada la orden de compras,entrega inmediata una vez sea enviada la orden de compras,entrega|inmediata|una|vez|sea|enviada|orden|compras,,False,False,False
FIRMA AUTORIZADA,firma autorizada,firma|autorizada,,False,False,False
"Resma de papel tamaño carta calibre 20, 8 1/2 * 11 pulgadas.",resma de papel tamano carta calibre 20 8 1/2 11 pulgadas.,"resma|papel|tamano|carta|calibre|20|8|1/2|1/2|11""",LG,False,False,False
"Resma de papel tamaño carta calibre 20, 8 1/2 * 14 pulgadas.",resma de papel tamano carta calibre 20 8 1/2 14 pulgadas.,"resma|papel|tamano|carta|calibre|20|8|1/2|1/2|14""",LG,False,False,False
Libretas rayadas amarillas 5x8.,libretas rayadas amarillas 5x8.,libretas|rayadas|amarillas|5x8.,,False,False,False
Libretas rayadas amarillas 8 1/2 x 11.,libretas rayadas amarillas 8 1/2 x 11.,libretas|rayadas|amarillas|8|1/2|x|11.|1/2,,False,False,False
"Libro récord 200 páginas numeradas, tapa dura.",libro record 200 paginas numeradas tapa dura.,libro|record|200|paginas|numeradas|tapa|dura.,,False,False,False
"Notas adhesivas 3 pulgadas * 5 pulgadas, colores neón.",notas adhesivas 3 pulgadas 5 pulgadas colores neon.,"notas|adhesivas|3|pulgadas|5|pulgadas|colores|neon.|3""",LG,False,False,False
"Notas adhesivas 3 pulgadas * 2 pulgadas, colores neón.",notas adhesivas 3 pulgadas 2 pulgadas colores neon.,"notas|adhesivas|3|pulgadas|2|pulgadas|colores|neon.|3""",LG,False,False,False
"Notas adhesivas 3 pulgadas * 3 pulgadas, colores neón.",notas adhesivas 3 pulgadas 3 pulgadas colores neon.,"notas|adhesivas|3|pulgadas|3|pulgadas|colores|neon.|3""",LG,False,False,False
"Bandejas de escritorios de tres compartimentos, altura 24.5 cm, anchura 29 cm, con carga delantera, color negro.",bandejas de escritorios de tres compartimentos altura 24.5 cm anchura 29 cm con carga delantera color negro.,bandejas|escritorios|tres|compartimentos|altura|24.5|cm|anchura,,False,False,False
"Cera para contar de 14 gr, 5.6 cm diámetro.",cera para contar de 14 gr 5.6 cm diametro.,cera|para|contar|14|gr|5.6|cm|diametro.,,False,False,False
"Cinta de embalar 2"", Transparente.","cinta de embalar 2"" transparente.","cinta|embalar|2""|transparente.|2""",,False,False,False
"Cinta adhesiva invisible, 3/4 in x 1296 in, 36 yd.",cinta adhesiva invisible 3/4 in x 1296 in 36 yd.,cinta|adhesiva|invisible|3/4|in|x|1296|in|3/4,,False,False,False
"Clip de Billeteros negros, 55mm, 12/1.",clip de billeteros negros 55mm 12/1.,clip|billeteros|negros|55|mm|12/1.|12/1,,False,False,False
"Clip de Billeteros negros, 25mm, 12/1.",clip de billeteros negros 25mm 12/1.,clip|billeteros|negros|25|mm|12/1.|12/1,,False,False,False
"Clip de Billeteros negros, 15mm, 12/1.",clip de billeteros negros 15mm 12/1.,clip|billeteros|negros|15|mm|12/1.|12/1,,False,False,False
Clips pequeños 33mm 100/1,clips pequenos 33mm 100/1,clips|pequenos|33|mm|100/1|100/1,,False,False,False
Clips Grandes 50mm 100/1,clips grandes 50mm 100/1,clips|grandes|50|mm|100/1|100/1,,False,False,False
"Dispensador de cintas adhesiva de escritorio negro, base antideslizante, para usar con tape 3/4",dispensador de cintas adhesiva de escritorio negro base antideslizante para usar con tape 3/4,dispensador|cintas|adhesiva|escritorio|negro|base|antideslizante|para|3/4,,False,False,False
"Folder Manila 8 1/2 x 11, caja 100/1",folder manila 8 1/2 x 11 caja 100/1,folder|manila|8|1/2|x|11|caja|100/1|1/2,,False,False,False
"Grapas estándar 6 mm, 26/6, 5000/1",grapas estandar 6 mm 26/6 5000/1,grapas|estandar|6|mm|26/6|5000/1|26/6,,False,False,False
"Bolígrafo retráctil de punta fina 0,7mm, color azul caja de 12/1",boligrafo retractil de punta fina 0 7mm color azul caja de 12/1,boligrafo|retractil|punta|fina|0|7|mm|color|12/1,,False,False,False
"Bolígrafo retráctil de punta fina 0,7mm, color negro caja de 12/1.",boligrafo retractil de punta fina 0 7mm color negro caja de 12/1.,boligrafo|retractil|punta|fina|0|7|mm|color|12/1,,False,False,False
"Bolígrafo retráctil de punta fina 0,7mm, color rojo caja de 12/1.",boligrafo retractil de punta fina 0 7mm color rojo caja de 12/1.,boligrafo|retractil|punta|fina|0|7|mm|color|12/1,,False,False,False
"Bolígrafo en gel retráctil, punta de aguja 0,7mm, agarre con textura suave, color azul.",boligrafo en gel retractil punta de aguja 0 7mm agarre con textura suave color azul.,boligrafo|gel|retractil|punta|aguja|0|7|mm,,False,False,False
"Bolígrafo en gel retráctil, punta de aguja 0,7mm, agarre con textura suave, color negro.",boligrafo en gel retractil punta de aguja 0 7mm agarre con textura suave color negro.,boligrafo|gel|retractil|punta|aguja|0|7|mm,,False,False,False
"Pegamento en barra de 40gr, adhesivo sin solventes, tapa rosca, adherencia instantánea.",pegamento en barra de 40gr adhesivo sin solventes tapa rosca adherencia instantanea.,pegamento|barra|40gr|adhesivo|sin|solventes|tapa|rosca,,False,False,False
Pegamento de resina sintética transparente para aplicación universal de 35ml.,pegamento de resina sintetica transparente para aplicacion universal de 35ml.,pegamento|resina|sintetica|transparente|para|aplicacion|universal|35ml.,,False,False,False
"Perforadora de 2 orificios en metal, color negro, capacidad de perforación 10 hojas.",perforadora de 2 orificios en metal color negro capacidad de perforacion 10 hojas.,perforadora|2|orificios|metal|color|negro|capacidad|perforacion,,False,False,False
"Perforadora de 3 orificios en metal, color negro, capacidad de perforación 10 hojas.",perforadora de 3 orificios en metal color negro capacidad de perforacion 10 hojas.,perforadora|3|orificios|metal|color|negro|capacidad|perforacion,,False,False,False
"Tinta superfluorescente, Trazos de 1 mm, 2 mm y 5 mm (Resaltadores azules).",tinta superfluorescente trazos de 1 mm 2 mm y 5 mm resaltadores azules .,tinta|superfluorescente|trazos|1|mm|2|mm|5,,False,False,False
"Tinta superfluorescente, Trazos de 1 mm, 2 mm y 5 mm (Resaltadores verdes).",tinta superfluorescente trazos de 1 mm 2 mm y 5 mm resaltadores verdes .,tinta|superfluorescente|trazos|1|mm|2|mm|5,,False,False,False
"Tinta superfluorescente, Trazos de 1 mm, 2 mm y 5 mm (Resaltadores mamey).",tinta superfluorescente trazos de 1 mm 2 mm y 5 mm resaltadores mamey .,tinta|superfluorescente|trazos|1|mm|2|mm|5,,False,False,False
"Tinta superfluorescente, Trazos de 1 mm, 2 mm y 5 mm (Resaltadores amarillo).",tinta superfluorescente trazos de 1 mm 2 mm y 5 mm resaltadores amarillo .,tinta|superfluorescente|trazos|1|mm|2|mm|5,,False,False,False
"Rollo de cinta para sumadora, colores negro y rojo.",rollo de cinta para sumadora colores negro y rojo.,rollo|cinta|para|sumadora|colores|negro|rojo.,,False,False,False
Rollo de cinta tricolor fina en poliester de 1cm.,rollo de cinta tricolor fina en poliester de 1cm.,rollo|cinta|tricolor|fina|poliester|1|cm.,,False,False,False
Rollo de cinta tricolor gruesa en poliester de 8cm.,rollo de cinta tricolor gruesa en poliester de 8cm.,rollo|cinta|tricolor|gruesa|poliester|8|cm.,,False,False,False
Rollo grande de papel burbuja con 75 metros de largo y 60 cm de ancho.,rollo grande de papel burbuja con 75 metros de largo y 60 cm de ancho.,rollo|grande|papel|burbuja|75|metros|largo|60,,False,False,False
"Etiqueta (Labels) tamaño 5.1x10.2cm / 2""x4"", transparentes, Adhesivo permanente, 10 etiquetas por hoja, 25 hojas, 250 etiquetas.","etiqueta labels tamano 5.1x10.2cm / 2""x4"" transparentes adhesivo permanente 10 etiquetas por hoja 25 hojas 250 etiquetas.","etiqueta|labels|tamano|5.1x10.2|cm|/|2""x4""|transparentes|2""",,False,False,False
"Etiqueta (Labels) tamaño 3.4x10.2cm / 3""x4"", transparentes, Adhesivo permanente, 14 etiquetas por hoja, 25 hojas, 350 etiquetas.","etiqueta labels tamano 3.4x10.2cm / 3""x4"" transparentes adhesivo permanente 14 etiquetas por hoja 25 hojas 350 etiquetas.","etiqueta|labels|tamano|3.4x10.2|cm|/|3""x4""|transparentes|3""",,False,False,False
"Etiqueta (Labels) tamaño 5.1x10.2cm / 2""x4"", blancas, Adhesivo permanente, 10 etiquetas por hoja, 25 hojas, 250 etiquetas.","etiqueta labels tamano 5.1x10.2cm / 2""x4"" blancas adhesivo permanente 10 etiquetas por hoja 25 hojas 250 etiquetas.","etiqueta|labels|tamano|5.1x10.2|cm|/|2""x4""|blancas|2""",,False,False,False
"Etiqueta (Labels) tamaño 3.4x10.2cm / 3""x4"", blancas, Adhesivo permanente, 14 etiquetas por hoja, 25 hojas, 350 etiquetas.","etiqueta labels tamano 3.4x10.2cm / 3""x4"" blancas adhesivo permanente 14 etiquetas por hoja 25 hojas 350 etiquetas.","etiqueta|labels|tamano|3.4x10.2|cm|/|3""x4""|blancas|3""",,False,False,False
"Separadores de hojas p/carpeta 5/1 de tres argollas, color amarillo, con 5 divisiones de carton y pestaña plasticas de colores transparentes.",separadores de hojas p/carpeta 5/1 de tres argollas color amarillo con 5 divisiones de carton y pestana plasticas de colores transparentes.,separadores|hojas|p/carpeta|5/1|tres|argollas|color|amarillo|5/1,,False,False,False
"Carpetas de 1/2 pulgada de tres aros, de color blanco, con bolsillo en el interior y con plástico frontal.",carpetas de 1/2 pulgada de tres aros de color blanco con bolsillo en el interior y con plastico frontal.,"carpetas|1/2|pulgada|tres|aros|color|blanco|bolsillo|1/2|2""",LG,False,False,False
"Carpetas de 1 pulgada de tres aros, de color blanco, con bolsillo en el interior y con plástico frontal.",carpetas de 1 pulgada de tres aros de color blanco con bolsillo en el interior y con plastico frontal.,"carpetas|1|pulgada|tres|aros|color|blanco|bolsillo|1""",LG,False,False,False
"Carpetas de 2 pulgada de tres aros, de color blanco, con bolsillo en el interior y con plástico frontal.",carpetas de 2 pulgada de tres aros de color blanco con bolsillo en el interior y con plastico frontal.,"carpetas|2|pulgada|tres|aros|color|blanco|bolsillo|2""",LG,False,False,False
"Carpetas de 3 pulgada de tres aros, de color blanco, con bolsillo en el interior y con plástico frontal.",carpetas de 3 pulgada de tres aros de color blanco con bolsillo en el interior y con plastico frontal.,"carpetas|3|pulgada|tres|aros|color|blanco|bolsillo|3""",LG,False,False,False
"Sobres manila, papel grueso, tamaño 9 x 12 Pulgadas.",sobres manila papel grueso tamano 9 x 12 pulgadas.,"sobres|manila|papel|grueso|tamano|9|x|12|12""",LG,False,False,False
Tinta para sellos pretintados color azul de 30ml.,tinta para sellos pretintados color azul de 30ml.,tinta|para|sellos|pretintados|color|azul|30ml.,,False,False,False
Tinta para sellos pretintados color rojo de 30ml.,tinta para sellos pretintados color rojo de 30ml.,tinta|para|sellos|pretintados|color|rojo|30ml.,,False,False,False
"Cinta adhesiva (Tape) doble cara grande rollo de espuma, 19 mm de ancho y 66 metros de largo.",cinta adhesiva tape doble cara grande rollo de espuma 19 mm de ancho y 66 metros de largo.,cinta|adhesiva|tape|doble|cara|grande|rollo|espuma,,False,False,False
Cinta adhesiva (Tape) gris de 5 cm de ancho y 50 metros de largo.,cinta adhesiva tape gris de 5 cm de ancho y 50 metros de largo.,cinta|adhesiva|tape|gris|5|cm|ancho|50,,False,False,False
"Cinta Adhesiva (Tape) Fluorescente 15mm x 5 m, colore  luminico Verde rollo.",cinta adhesiva tape fluorescente 15mm x 5 m colore luminico verde rollo.,cinta|adhesiva|tape|fluorescente|15|mm|x|5,,False,False,False
"Cinta Adhesiva Fluorescente 15mm x 5 m, colore luminico Naranja rollo.",cinta adhesiva fluorescente 15mm x 5 m colore luminico naranja rollo.,cinta|adhesiva|fluorescente|15|mm|x|5|m,,False,False,False
"Lápiz HB No. 2, cuerpo hexagonal con borrador suave que no mancha.",lapiz hb no. 2 cuerpo hexagonal con borrador suave que no mancha.,lapiz|hb|no.|2|cuerpo|hexagonal|borrador|suave,,False,False,False
"Grapadora estandar de metal, color negro, compatible con grapas estándar 24/6 y 26/6",grapadora estandar de metal color negro compatible con grapas estandar 24/6 y 26/6,grapadora|estandar|metal|color|negro|compatible|grapas|estandar|24/6,,False,False,False
"Grapadora industrial de metal, con base antideslizante, con capacidad de 100 hojas de papel, guía ajustable de margen de engrapado.",grapadora industrial de metal con base antideslizante con capacidad de 100 hojas de papel guia ajustable de margen de engrapado.,grapadora|industrial|metal|base|antideslizante|capacidad|100|hojas,,False,False,False
"Marcadores permanentes, punta biselada de 2.0 50 mm, Tinta permanente a base de alcohol, Secado instantáneo, colores negro, azul, rojo y verde",marcadores permanentes punta biselada de 2.0 50 mm tinta permanente a base de alcohol secado instantaneo colores negro azul rojo y verde,marcadores|permanentes|punta|biselada|2.0|50|mm|tinta,,False,False,False
"Porta lápiz metálico color negro, tipo malla",porta lapiz metalico color negro tipo malla,porta|lapiz|metalico|color|negro|tipo|malla,,False,False,False
"Reglas plásticas de 30 cm, transparentes",reglas plasticas de 30 cm transparentes,reglas|plasticas|30|cm|transparentes,,False,False,False
"Pegatinas ( Stickers) redondas transparentes de 1.5 in, selladoras de pestañas de sobres y paquete, 1000 pegatinas por rollo",pegatinas stickers redondas transparentes de 1.5 in selladoras de pestanas de sobres y paquete 1000 pegatinas por rollo,pegatinas|stickers|redondas|transparentes|1.5|in|selladoras|pestanas,,False,False,False
"Sacagrapas con mango plástico ergonómico, con seguro para mantenerlo plegado",sacagrapas con mango plastico ergonomico con seguro para mantenerlo plegado,sacagrapas|mango|plastico|ergonomico|seguro|para|mantenerlo|plegado,,False,False,False
"Tijeras para tela de acero, mango grueso, Acero inoxidable.",tijeras para tela de acero mango grueso acero inoxidable.,tijeras|para|tela|acero|mango|grueso|acero|inoxidable.,,False,False,False
"Tijeras de oficina de 7 pulgadas, mango grueso, dimensión 8.5 pulgadas",tijeras de oficina de 7 pulgadas mango grueso dimension 8.5 pulgadas,"tijeras|oficina|7|pulgadas|mango|grueso|dimension|8.5|7""",LG,False,False,False
"Bandas (Banditas) de gomas elásticas #18, 500/1",bandas banditas de gomas elasticas 18 500/1,bandas|banditas|gomas|elasticas|18|500/1|500/1,,False,False,False
Protector de Hojas (Paquetes de 100 protectores de páginas 8.5 x 11 pulgadas en color transparente).,protector de hojas paquetes de 100 protectores de paginas 8.5 x 11 pulgadas en color transparente .,"protector|hojas|paquetes|100|protectores|paginas|8.5|x|11""",LG,False,False,False
"Carpetas de 1 pulgada de tres aros, con bolsillo en el interior y con plástico frontal, 60 color blanco y 5 color azul marino",carpetas de 1 pulgada de tres aros con bolsillo en el interior y con plastico frontal 60 color blanco y 5 color azul marino,"carpetas|1|pulgada|tres|aros|bolsillo|interior|plastico|1""",LG,False,False,False
Cartonite blanco (Paquetes de 250 hojas c/u de Cartonite 8.5 x 11 pulgadas).,cartonite blanco paquetes de 250 hojas c/u de cartonite 8.5 x 11 pulgadas .,"cartonite|blanco|paquetes|250|hojas|c/u|cartonite|8.5|11""",LG,False,False,False
Opalina 8.5 x 11 pulgadas blanco (100 und. c/u).,opalina 8.5 x 11 pulgadas blanco 100 und. c/u .,"opalina|8.5|x|11|pulgadas|blanco|100|und.|11""",LG,False,False,False
"Barra de silicón caliente (barras finas, 10 unidades en 1).",barra de silicon caliente barras finas 10 unidades en 1 .,barra|silicon|caliente|barras|finas|10|unidades|1,,False,False,False
"Tijeras de escritorio 5 pulgadas, mango grueso",tijeras de escritorio 5 pulgadas mango grueso,"tijeras|escritorio|5|pulgadas|mango|grueso|5""",LG,False,False,False
"Pizarra metálica color blanco, borde de aluminio color plata con cajetón para apoyo de marcador y borrador, tamaño 35” de ancho x 47” de largo.",pizarra metalica color blanco borde de aluminio color plata con cajeton para apoyo de marcador y borrador tamano 35 de ancho x 47 de largo.,pizarra|metalica|color|blanco|borde|aluminio|color|plata,,False,False,False
"Pizarra metálica color blanco, borde de aluminio color plata con cajetón para apoyo de marcador y borrador, tamaño 40” de ancho x 47” de largo.",pizarra metalica color blanco borde de aluminio color plata con cajeton para apoyo de marcador y borrador tamano 40 de ancho x 47 de largo.,pizarra|metalica|color|blanco|borde|aluminio|color|plata,,False,False,False
Borrador de pizarra.,borrador de pizarra.,borrador|pizarra.,,False,False,False
"Marcadores de pizarra. (9 color negro, 9 color azul, 9 color rojo y 9 color verde).",marcadores de pizarra. 9 color negro 9 color azul 9 color rojo y 9 color verde .,marcadores|pizarra.|9|color|negro|9|color|azul,,False,False,False
Chinchetas magnéticas. 60 color azul y 60 transparente.,chinchetas magneticas. 60 color azul y 60 transparente.,chinchetas|magneticas.|60|color|azul|60|transparente.,,False,False,False
"Sobres manila, papel grueso, tamaño 10 x 13 Pulgadas.",sobres manila papel grueso tamano 10 x 13 pulgadas.,"sobres|manila|papel|grueso|tamano|10|x|13|13""",LG,False,False,False
Sobre Manila de pago No. 7.,sobre manila de pago no. 7.,sobre|manila|pago|no.|7.,,False,False,False
"Corrector líquido, con aplicador de pincel. Botella de 18 ml. Secado rápido.",corrector liquido con aplicador de pincel. botella de 18 ml. secado rapido.,corrector|liquido|aplicador|pincel.|botella|18|ml.|secado,,False,False,False
"Borra blanca, no mancha",borra blanca no mancha,borra|blanca|no|mancha,,False,False,False
Broche (yoyo) para el carnet retráctil con clip color negro.,broche yoyo para el carnet retractil con clip color negro.,broche|yoyo|para|carnet|retractil|clip|color|negro.,,False,False,False
Porta carnet en policarbonato rígido transparente en medidas 2.1” X 3.3”.,porta carnet en policarbonato rigido transparente en medidas 2.1 x 3.3 .,porta|carnet|policarbonato|rigido|transparente|medidas|2.1|x,,False,False,False
Volumen Análisis,volumen analisis,volumen|analisis,,False,False,False
Materiales y Equipos,materiales y equipos,materiales|equipos,,False,False,False
Malla Electrosoldada D2.3 10x10mm + 10% desp.,malla electrosoldada d2.3 10x10mm 10% desp.,malla|electrosoldada|d2.3|10x10|mm|10%|desp.,,False,False,False
Hormigón industrial 210Kg/cm2 - 10% desp,hormigon industrial 210kg/cm2 - 10% desp,hormigon|industrial|210|kg/cm2|-|10%|desp|210 kg,,False,False,False
Alambre Dulce No. 18,alambre dulce no. 18,alambre|dulce|no.|18,,False,False,False
Mano de Obra,mano de obra,mano|obra,,True,False,False
Preparación superficie - Ayudante AY,preparacion superficie - ayudante ay,preparacion|superficie|-|ayudante|ay,,True,False,False
Mano de Obra colocación malla,mano de obra colocacion malla,mano|obra|colocacion|malla,,True,False,False
Mano de obra frotado y violinado,mano de obra frotado y violinado,mano|obra|frotado|violinado,,True,False,False
Total/UND,total/und,total/und,,False,False,False
TOTAL/M3,total/m3,total/m3,,False,False,False
Binder Size 14 7/8 x 11,binder size 14 7/8 x 11,binder|size|14|7/8|x|11|7/8,,False,False,False
Folders Manila Tamaño 8 1/2 x 11,folders manila tamano 8 1/2 x 11,folders|manila|tamano|8|1/2|x|11|1/2,,False,False,False
44122011 - Folders,44122011 - folders,44122011|-|folders,,False,False,False
Sobres Manila Tamaño 9 x 12,sobres manila tamano 9 x 12,sobres|manila|tamano|9|x|12,,False,False,False
Sobres Manila Tamaño 10 x 13,sobres manila tamano 10 x 13,sobres|manila|tamano|10|x|13,,False,False,False
Sobres Manila Tamaño #7 de Pago Amarillo,sobres manila tamano 7 de pago amarillo,sobres|manila|tamano|7|pago|amarillo,,False,False,False
Sobres Manila Tamaño #7 de Pago Blanco,sobres manila tamano 7 de pago blanco,sobres|manila|tamano|7|pago|blanco,,False,False,False
Sobres Manila Tamaño 6 1/2 x 9 1/2,sobres manila tamano 6 1/2 x 9 1/2,sobres|manila|tamano|6|1/2|x|9|1/2|1/2,,False,False,False
Cajas de Ganchos Macho y Hembra 50/1,cajas de ganchos macho y hembra 50/1,cajas|ganchos|macho|hembra|50/1|50/1,,False,False,False
44103111 - Rollos de tint(...),44103111 - rollos de tint ...,44103111|-|rollos|tint|...,,False,False,False
Cajas de gomas bandas no. 18,cajas de gomas bandas no. 18,cajas|gomas|bandas|no.|18,,False,False,False
Cajas de Grapas Estándar,cajas de grapas estandar,cajas|grapas|estandar,,False,False,False
Cajas de Grapas Grandes,cajas de grapas grandes,cajas|grapas|grandes,,False,False,False
Grapadoras grandes 250 páginas,grapadoras grandes 250 paginas,grapadoras|grandes|250|paginas,,False,False,False
44121615 - Grapadoras,44121615 - grapadoras,44121615|-|grapadoras,,False,False,False
43202001 - Discos compact(...),43202001 - discos compact ...,43202001|-|discos|compact|...,,False,False,False
44121905 - Almohadillas d(...),44121905 - almohadillas d ...,44121905|-|almohadillas|d|...,,False,False,False
Cajas de Lapiceros Azules 12/1,cajas de lapiceros azules 12/1,cajas|lapiceros|azules|12/1|12/1,,False,False,False
Cajas de Lapiceros Negros 12/1,cajas de lapiceros negros 12/1,cajas|lapiceros|negros|12/1|12/1,,False,False,False
44122104 - Clips para pap(...),44122104 - clips para pap ...,44122104|-|clips|para|pap|...,,False,False,False
44122104 - Clips para pap(...),44122104 - clips para pap ...,44122104|-|clips|para|pap|...,,False,False,False
44121708 - Marcadores,44121708 - marcadores,44121708|-|marcadores,,False,False,False
Cajas de marcadores para pizarra azul,cajas de marcadores para pizarra azul,cajas|marcadores|para|pizarra|azul,,False,False,False
Cajas de marcadores para pizarra negro,cajas de marcadores para pizarra negro,cajas|marcadores|para|pizarra|negro,,False,False,False
Cajas de marcadores para pizarra rojo,cajas de marcadores para pizarra rojo,cajas|marcadores|para|pizarra|rojo,,False,False,False
Cajas de marcadores para pizarra verde,cajas de marcadores para pizarra verde,cajas|marcadores|para|pizarra|verde,,False,False,False
44121716 - Resaltadores,44121716 - resaltadores,44121716|-|resaltadores,,False,False,False
43201811 - Disco versátil(...),43201811 - disco versatil ...,43201811|-|disco|versatil|...,,False,False,False
44121802 - Fluido de corr(...),44121802 - fluido de corr ...,44121802|-|fluido|corr|...,,False,False,False
44121706 - Lápices de mad(...),44121706 - lapices de mad ...,44121706|-|lapices|mad|...,,False,False,False
44111515 - Cajas u organi(...),44111515 - cajas u organi ...,44111515|-|cajas|u|organi|...,,False,False,False
Cajas de Clips Billeteros 3/4 (19mm) 12/1,cajas de clips billeteros 3/4 19mm 12/1,cajas|clips|billeteros|3/4|19|mm|12/1|3/4,,False,False,False
Cajas de Clips Billeteros 1 1/4 (32mm) 12/2,cajas de clips billeteros 1 1/4 32mm 12/2,cajas|clips|billeteros|1|1/4|32|mm|12/2|1/4,,False,False,False
Cajas de Clips Billeteros 2 (51mm) 12/3,cajas de clips billeteros 2 51mm 12/3,cajas|clips|billeteros|2|51|mm|12/3|12/3,,False,False,False
44121622 - Humectante o c(...),44121622 - humectante o c ...,44121622|-|humectante|o|c|...,,False,False,False
"Cajas de Felpa Tinta de Gel Azul punto audaz 1,0 mm 12/1",cajas de felpa tinta de gel azul punto audaz 1 0 mm 12/1,cajas|felpa|tinta|gel|azul|punto|audaz|1|12/1,,False,False,False
44101602 - Máquinas perfo(...),44101602 - maquinas perfo ...,44101602|-|maquinas|perfo|...,,False,False,False
44101602 - Máquinas perfo(...),44101602 - maquinas perfo ...,44101602|-|maquinas|perfo|...,,False,False,False
Saca Grapas,saca grapas,saca|grapas,,False,False,False
Marcadores de Páginas Set de colores varios (44x12MM),marcadores de paginas set de colores varios 44x12mm,marcadores|paginas|set|colores|varios|44x12|mm,,False,False,False
14111530 - Papel de notas(...),14111530 - papel de notas ...,14111530|-|papel|notas|...,,False,False,False
14111530 - Papel de notas(...),14111530 - papel de notas ...,14111530|-|papel|notas|...,,False,False,False
14111530 - Papel de notas(...),14111530 - papel de notas ...,14111530|-|papel|notas|...,,False,False,False
60121701 - Sellos de esta(...),60121701 - sellos de esta ...,60121701|-|sellos|esta|...,,False,False,False
CERAMICA LISA 50X50,ceramica lisa 50x50,ceramica|lisa|50x50,,False,False,False
OREGON GRIS 45X45,oregon gris 45x45,oregon|gris|45x45,,False,False,False
DERRETIDOS ARENA,derretidos arena,derretidos|arena,,False,False,False
TOROBON AZUL,torobon azul,torobon|azul,,False,False,False
PEGA FORTE BLANCO,pega forte blanco,pega|forte|blanco,,False,False,False
ALAMBRE ELECT 4.0MM(#10),alambre elect 4.0mm 10,alambre|elect|4.0|mm|10,,False,False,False
TAPE VINIL SCOTCH 3M SUPER33,tape vinil scotch 3m super33,tape|vinil|scotch|3m|super33|SUPER33,,False,False,False
ALAMBRE GOMA 10/2 (4.0/2),alambre goma 10/2 4.0/2,alambre|goma|10/2|4.0/2|10/2,,False,False,False
CRUCETA P/AZUL T 1MM 300/1,cruceta p/azul t 1mm 300/1,cruceta|p/azul|t|1|mm|300/1|300/1,,False,False,False
Credito a 60 dias,credito a 60 dias,credito|a|60|dias,,False,False,False
Entrega inmediata una vez sea enviada la orden de compras,entrega inmediata una vez sea enviada la orden de compras,entrega|inmediata|una|vez|sea|enviada|orden|compras,,False,False,False
FIRMA AUTORIZADA,firma autorizada,firma|autorizada,,False,False,False
TUBERIA MT 3 PULGADAS,tuberia mt 3 pulgadas,"tuberia|mt|3|pulgadas|3""",LG,False,False,False
Credito a 60 dias,credito a 60 dias,credito|a|60|dias,,False,False,False
Entrega inmediata una vez sea enviada la orden de compras,entrega inmediata una vez sea enviada la orden de compras,entrega|inmediata|una|vez|sea|enviada|orden|compras,,False,False,False
FIRMA AUTORIZADA,firma autorizada,firma|autorizada,,False,False,False
PLY-MEL MDP HDR Teca limo SW 6x8-18mm(3/4),ply-mel mdp hdr teca limo sw 6x8-18mm 3/4,ply-mel|mdp|hdr|teca|limo|sw|6x8-18|mm|3/4,,False,False,False
Canto PVC teca lino SW 22x0.4mm pies L,canto pvc teca lino sw 22x0.4mm pies l,canto|pvc|teca|lino|sw|22x0.4|mm|pies,,False,False,False
Bisagra corta 52 gr MAD,bisagra corta 52 gr mad,bisagra|corta|52|gr|mad,,False,False,False
Tirador inox barra 96mm 9609 SS201,tirador inox barra 96mm 9609 ss201,tirador|inox|barra|96|mm|9609|ss201|SS201,,False,False,False
Cerradura P/Gaveta tallo Largo MIPECKER,cerradura p/gaveta tallo largo mipecker,cerradura|p/gaveta|tallo|largo|mipecker,,False,False,False
Tornillo Diab. Negro 2.5' 'x8 MIPECKER,tornillo diab. negro 2.5 x8 mipecker,tornillo|diab.|negro|2.5|x8|mipecker,,False,False,False
Punta Ph 2 X 50mm - Bianditz 239202,punta ph 2 x 50mm - bianditz 239202,punta|ph|2|x|50|mm|-|bianditz,,False,False,False
Punta Ph 2 X 75mm - Bianditz 240205,punta ph 2 x 75mm - bianditz 240205,punta|ph|2|x|75|mm|-|bianditz,,False,False,False
Resbalardores Blanco/Negro C/Goma 1,resbalardores blanco/negro c/goma 1,resbalardores|blanco/negro|c/goma|1,,False,False,False
Cubre tornillo Ligth Grey 14mm Box 50 uds,cubre tornillo ligth grey 14mm box 50 uds,cubre|tornillo|ligth|grey|14|mm|box|50,,False,False,False
Cola poliuretano universal 1 GL,cola poliuretano universal 1 gl,cola|poliuretano|universal|1|gal|1 gl,,False,False,False
Credito a 60 dias,credito a 60 dias,credito|a|60|dias,,False,False,False
Entrega inmediata una vez sea enviada la orden de compras,entrega inmediata una vez sea enviada la orden de compras,entrega|inmediata|una|vez|sea|enviada|orden|compras,,False,False,False
FIRMA AUTORIZADA,firma autorizada,firma|autorizada,,False,False,False
"(LONA PARA CUBRIR AREA ENTRE FURGONES DE
ELECTRONICA Y MECANICA PARA SOMBRA EN AREA DE
PRACTICAS DE MECANICA. INCLUYE HERRAJES, MATERIALES
Y ACCESORIOS. ).",lona para cubrir area entre furgones de electronica y mecanica para sombra en area de practicas de mecanica. incluye herrajes materiales y accesorios. .,lona|para|cubrir|area|entre|furgones|electronica|mecanica,,False,False,False
Credito a 60 dias,credito a 60 dias,credito|a|60|dias,,False,False,False
Entrega inmediata una vez sea enviada la orden de compras,entrega inmediata una vez sea enviada la orden de compras,entrega|inmediata|una|vez|sea|enviada|orden|compras,,False,False,False
FIRMA AUTORIZADA,firma autorizada,firma|autorizada,,False,False,False
BREAKER MONOPOLAR DE 2 AMPERE,breaker monopolar de 2 ampere,breaker|monopolar|2|ampere,,False,False,False
BREAKER BIPOLAR DE 6 AMPERE,breaker bipolar de 6 ampere,breaker|bipolar|6|ampere,,False,False,False
BREAKER BIPOLAR DE 20 AMPERE,breaker bipolar de 20 ampere,breaker|bipolar|20|ampere,,False,False,False
CONTACTO AUXILIAR PARA BREAKER,contacto auxiliar para breaker,contacto|auxiliar|para|breaker,,False,False,False
Credito a 60 dias,credito a 60 dias,credito|a|60|dias,,False,False,False
Entrega inmediata una vez sea enviada la orden de compras,entrega inmediata una vez sea enviada la orden de compras,entrega|inmediata|una|vez|sea|enviada|orden|compras,,False,False,False
FIRMA AUTORIZADA,firma autorizada,firma|autorizada,,False,False,False
Hilo htr5-130 0.1x23/mp/podar truper,hilo htr5-130 0.1x23/mp/podar truper,hilo|htr5-130|0.1x23/mp/podar|truper|HTR5-130,Truper,False,False,False
Credito a 60 dias,credito a 60 dias,credito|a|60|dias,,False,False,False
Entrega inmediata una vez sea enviada la orden de compras,entrega inmediata una vez sea enviada la orden de compras,entrega|inmediata|una|vez|sea|enviada|orden|compras,,False,False,False
FIRMA AUTORIZADA,firma autorizada,firma|autorizada,,False,False,False
REGISTRO 12 X 12 X 4 NEMA 1,registro 12 x 12 x 4 nema 1,registro|12|x|12|x|4|nema|1,,False,False,False
TUBO EMT 3/4,tubo emt 3/4,tubo|emt|3/4|3/4,,False,False,False
COUPLINT EMT 3/4,couplint emt 3/4,couplint|emt|3/4|3/4,,False,False,False
CONECTORE EMT 3/4,conectore emt 3/4,conectore|emt|3/4|3/4,,False,False,False
BARRA UNITRON DE 3/4,barra unitron de 3/4,barra|unitron|3/4|3/4,,False,False,False
TORNILLO HEXAGONAL 11/2,tornillo hexagonal 11/2,tornillo|hexagonal|11/2|11/2,,False,False,False
TARUGO DE PLOMO 5/6 X 11/2,tarugo de plomo 5/6 x 11/2,tarugo|plomo|5/6|x|11/2|5/6,,False,False,False
PECHA DE COMETIDA,pecha de cometida,pecha|cometida,,False,False,False
PERCHA DE METAL 2/0,percha de metal 2/0,percha|metal|2/0|2/0,,False,False,False
ENCLOUSE NR3  BREAKER 250 AMP 3 POLO,enclouse nr3 breaker 250 amp 3 polo,enclouse|nr3|breaker|250|amp|3|polo,,False,False,False
"TAPE PLASTICO 3 M, AMARILLO",tape plastico 3 m amarillo,tape|plastico|3|m|amarillo,,False,False,False
"TAPE PLASTICO 3 M,  AZUL",tape plastico 3 m azul,tape|plastico|3|m|azul,,False,False,False
"TAPE PLASTICO 3 M, ROJO",tape plastico 3 m rojo,tape|plastico|3|m|rojo,,False,False,False
"TAPE PLATICO SUPER 33, 3M",tape platico super 33 3m,tape|platico|super|33|3m,,False,False,False
ABRAZADERA UNITRON DE  3/4,abrazadera unitron de 3/4,abrazadera|unitron|3/4|3/4,,False,False,False
Credito a 60 dias,credito a 60 dias,credito|a|60|dias,,False,False,False
Entrega inmediata una vez sea enviada la orden de compras,entrega inmediata una vez sea enviada la orden de compras,entrega|inmediata|una|vez|sea|enviada|orden|compras,,False,False,False
FIRMA AUTORIZADA,firma autorizada,firma|autorizada,,False,False,False
ALAMBRE AWG  NO.6 NEGRO,alambre awg no.6 negro,alambre|awg|no.6|negro,,False,False,False
ALAMBRE AWG NO. 6 BLANCO,alambre awg no. 6 blanco,alambre|awg|no.|6|blanco,,False,False,False
ALAMBRE DE GOMA 8/2,alambre de goma 8/2,alambre|goma|8/2|8/2,,False,False,False
ALAMBRE DE GOMA 10/2 .,alambre de goma 10/2 .,alambre|goma|10/2|.|10/2,,False,False,False
Credito a 60 dias,credito a 60 dias,credito|a|60|dias,,False,False,False
Entrega inmediata una vez sea enviada la orden de compras,entrega inmediata una vez sea enviada la orden de compras,entrega|inmediata|una|vez|sea|enviada|orden|compras,,False,False,False
FIRMA AUTORIZADA,firma autorizada,firma|autorizada,,False,False,False
"INSTALACION PASAMANOS DE ACERO INOXIDABLE EN ESCALERA EXTERIOR """"13 MTS""""","instalacion pasamanos de acero inoxidable en escalera exterior """"13 mts""""","instalacion|pasamanos|acero|inoxidable|escalera|exterior|""""13|mts""""",,True,False,False
FIRMA AUTORIZADA,firma autorizada,firma|autorizada,,False,False,False
"ACONDICIONADOR DE AIRE A/C INVERTE DE 12MIL  BTU, EFICIENCIA 16",acondicionador de aire a/c inverte de 12mil btu eficiencia 16,acondicionador|aire|a/c|inverte|12mil|btu|eficiencia|16,,False,False,False
FIRMA AUTORIZADA,firma autorizada,firma|autorizada,,False,False,False
REETRUCTURACION PASAMANOS DE ACERO INOXIDABLE EN RAMPAS Y ESCALONES,reetructuracion pasamanos de acero inoxidable en rampas y escalones,reetructuracion|pasamanos|acero|inoxidable|rampas|escalones,,False,False,False
INSTALACION  BRAZO DE ACERO INOXIDABLE EN BANO,instalacion brazo de acero inoxidable en bano,instalacion|brazo|acero|inoxidable|bano,,True,False,False
CAMBIO DE MARCO PARA PUERTA COMERCIAL 2.10MX1M CON  JUEGO DE PIBOTE,cambio de marco para puerta comercial 2.10mx1m con juego de pibote,cambio|marco|para|puerta|comercial|2.10mx1m|juego|pibote,,True,False,False
DEMOLICION Y CONSTRUCCION DE PANDERETAS DE SHEETROCK EN DIVICION DE BANO,demolicion y construccion de panderetas de sheetrock en divicion de bano,demolicion|construccion|panderetas|sheetrock|divicion|bano,,True,False,False
TRANSPORTE,transporte,transporte,,False,False,False
FIRMA AUTORIZADA,firma autorizada,firma|autorizada,,False,False,False
"Hilo redondo htr5 3,3 x 237 mts/mp/podar truper",hilo redondo htr5 3 3 x 237 mts/mp/podar truper,hilo|redondo|htr5|3|3|x|237|mts/mp/podar|HTR5,Truper,False,False,False
FIRMA AUTORIZADA,firma autorizada,firma|autorizada,,False,False,False
HILO PARA CORTADORA DE GRAMA  3.3MM X 237M        htr5/podar truper,hilo para cortadora de grama 3.3mm x 237m htr5/podar truper,hilo|para|cortadora|grama|3.3|mm|x|237m|HTR5,Truper,False,False,False
Credito a 60 dias,credito a 60 dias,credito|a|60|dias,,False,False,False
Entrega inmediata una vez sea enviada la orden de compras,entrega inmediata una vez sea enviada la orden de compras,entrega|inmediata|una|vez|sea|enviada|orden|compras,,False,False,False
FIRMA AUTORIZADA,firma autorizada,firma|autorizada,,False,False,False
ESTRUCTURA METALICA CON PERFIL GALVAN,estructura metalica con perfil galvan,estructura|metalica|perfil|galvan,,False,False,False
TECHADO EN ALUZINC TEJA CAL 26-1m UTIL,techado en aluzinc teja cal 26-1m util,techado|aluzinc|teja|cal|26-1m|util,,False,False,False
FIRMA AUTORIZADA,firma autorizada,firma|autorizada,,False,False,False
BLOCK DE 8 BISONO,block de 8 bisono,block|8|bisono,,False,False,False
BLOCK DE 6 BISONO,block de 6 bisono,block|6|bisono,,False,False,False
FUNDA DE CEMENTO GRIS TITAN 94 LB,funda de cemento gris titan 94 lb,funda|cemento|gris|titan|94|lb|94 lb,,False,False,False
ARENA TRITURADA AZUL LAVADA,arena triturada azul lavada,arena|triturada|azul|lavada,,False,False,False
GRAVA 3/4 A 1/2,grava 3/4 a 1/2,grava|3/4|a|1/2|3/4,,False,False,False
ARENA ITABO,arena itabo,arena|itabo,,False,False,False
Credito a 60 dias,credito a 60 dias,credito|a|60|dias,,False,False,False
Entrega inmediata una vez sea enviada la orden de compras,entrega inmediata una vez sea enviada la orden de compras,entrega|inmediata|una|vez|sea|enviada|orden|compras,,False,False,False
FIRMA AUTORIZADA,firma autorizada,firma|autorizada,,False,False,False
"PAPEL HIGIENICO NATURA BLANCO PARA BAÑO JUMBO 700 FTS, FARDOS DE 12/1 (1 ESPLIEGO SIN AROMA) PARA DISPENSADOR",papel higienico natura blanco para bano jumbo 700 fts fardos de 12/1 1 espliego sin aroma para dispensador,papel|higienico|natura|blanco|para|bano|jumbo|700|12/1,,False,False,False
"PAPEL TOALLA SLIM ROLL 6/580""1, SCOOT","papel toalla slim roll 6/580""1 scoot","papel|toalla|slim|roll|6/580""1|scoot|6/580|580""",,False,False,False
SERVILLETAS DE MESA 500/1 VELVET PLUS,servilletas de mesa 500/1 velvet plus,servilletas|mesa|500/1|velvet|plus|500/1,,False,False,False
Credito a 120 dias,credito a 120 dias,credito|a|120|dias,,False,False,False
Entrega inmediata una vez sea enviada la orden de compras firmada y sellada por las autoridades competentes,entrega inmediata una vez sea enviada la orden de compras firmada y sellada por las autoridades competentes,entrega|inmediata|una|vez|sea|enviada|orden|compras,,False,False,False
FIRMA AUTORIZADA,firma autorizada,firma|autorizada,,False,False,False
ALAMBRE DE GOMA #12/2 AWG,alambre de goma 12/2 awg,alambre|goma|12/2|awg|12/2,,False,False,False
ALAMBRE DE GOMA #10/2 AWG,alambre de goma 10/2 awg,alambre|goma|10/2|awg|10/2,,False,False,False
SPRAY DORADO,spray dorado,spray|dorado,,False,False,False
SPRAY DECORATIVO NARANJA,spray decorativo naranja,spray|decorativo|naranja,,False,False,False
SPRAY DECORATIVO AZUL,spray decorativo azul,spray|decorativo|azul,,False,False,False
SPRAY DECORATIVO MARRON,spray decorativo marron,spray|decorativo|marron,,False,False,False
SPRAY DECORATIVO BLANCO,spray decorativo blanco,spray|decorativo|blanco,,False,False,False
SPRAY DECORATIVO NEGRO,spray decorativo negro,spray|decorativo|negro,,False,False,False
SPRAY DECORATIVO CREMA,spray decorativo crema,spray|decorativo|crema,,False,False,False
DRISA PARA BANDERA TIPO BANDERA DE ESCUELA,drisa para bandera tipo bandera de escuela,drisa|para|bandera|tipo|bandera|escuela,,False,False,False
CONTACTORES DE 30 AMP,contactores de 30 amp,contactores|30|amp,,False,False,False
CONTACTORES DE 32 AMP,contactores de 32 amp,contactores|32|amp,,False,False,False
FIRMA AUTORIZADA,firma autorizada,firma|autorizada,,False,False,False
ALAMBRE DUPLO #12 AWG,alambre duplo 12 awg,alambre|duplo|12|awg,,False,False,False
TAPE NEGRO ELECTRICO  SCOTCH  SUPER 33 +,tape negro electrico scotch super 33,tape|negro|electrico|scotch|super|33,,False,False,False
FOTO CELDA,foto celda,foto|celda,,False,False,False
BASE P/ FOTO CELDA,base p/ foto celda,base|p/|foto|celda,,False,False,False
GRAPA DE ALAMBRE,grapa de alambre,grapa|alambre,,False,False,False
FIRMA AUTORIZADA,firma autorizada,firma|autorizada,,False,False,False
"Resma de papel Abby tamaño carta calibre 20, 8 1/2 * 11 pulgadas.",resma de papel abby tamano carta calibre 20 8 1/2 11 pulgadas.,"resma|papel|abby|tamano|carta|calibre|20|8|1/2|11""",LG,False,False,False
"Resma de papel Abby tamaño carta calibre 20, 8 1/2 * 14 pulgadas.",resma de papel abby tamano carta calibre 20 8 1/2 14 pulgadas.,"resma|papel|abby|tamano|carta|calibre|20|8|1/2|14""",LG,False,False,False
Label Para Folders 200/1 Pointer,label para folders 200/1 pointer,label|para|folders|200/1|pointer|200/1,,False,False,False
"Grapas estándar Artesco 6 mm, 26/6, 5000/1",grapas estandar artesco 6 mm 26/6 5000/1,grapas|estandar|artesco|6|mm|26/6|5000/1|26/6,,False,False,False
"Bolígrafo retráctil Stabilo de punta fina 0,7mm, color azul caja de 12/1",boligrafo retractil stabilo de punta fina 0 7mm color azul caja de 12/1,boligrafo|retractil|stabilo|punta|fina|0|7|mm|12/1,,False,False,False
"Sacagrapas Artesco con mango plástico ergonómico, con seguro para mantenerlo plegado",sacagrapas artesco con mango plastico ergonomico con seguro para mantenerlo plegado,sacagrapas|artesco|mango|plastico|ergonomico|seguro|para|mantenerlo,,False,False,False
"Folder Manila Ofi-Folder 8 1/2 x 11, caja 100/1",folder manila ofi-folder 8 1/2 x 11 caja 100/1,folder|manila|ofi-folder|8|1/2|x|11|caja|1/2,,False,False,False
"Folders Manila 8.5"" x 14"" Legal, 100 pcs - AS Folders Plus","folders manila 8.5"" x 14"" legal 100 pcs - as folders plus","folders|manila|8.5""|x|14""|legal|100|pcs|8.5""",,False,False,False
Ganchos Metálicos Macho/Hembra 70mm 50 sets ACCO #12992,ganchos metalicos macho/hembra 70mm 50 sets acco 12992,ganchos|metalicos|macho/hembra|70|mm|50|sets|acco,,False,False,False
"Grapadora estandar Talbot de metal, color negro, compatible con grapas estándar 24/6 y 26/6",grapadora estandar talbot de metal color negro compatible con grapas estandar 24/6 y 26/6,grapadora|estandar|talbot|metal|color|negro|compatible|grapas|24/6,,False,False,False
Clips Grandes Talbot 50mm 100/1,clips grandes talbot 50mm 100/1,clips|grandes|talbot|50|mm|100/1|100/1,,False,False,False
Clips pequeños Talbot 33mm 100/1,clips pequenos talbot 33mm 100/1,clips|pequenos|talbot|33|mm|100/1|100/1,,False,False,False
Corrector Líquido de 7ml. Caja con 12 piezas Pelikan,corrector liquido de 7ml. caja con 12 piezas pelikan,corrector|liquido|7ml.|caja|12|piezas|pelikan,,False,False,False
Saca puntas manual de metal,saca puntas manual de metal,saca|puntas|manual|metal,,False,False,False
Sacapunta electrico Bostitch,sacapunta electrico bostitch,sacapunta|electrico|bostitch,,False,False,False
Borrador de goma P30 Artesco,borrador de goma p30 artesco,borrador|goma|p30|artesco,,False,False,False
"Bolígrafo retráctil Stabilo de punta fina 0,7mm, color negro caja de 12/1.",boligrafo retractil stabilo de punta fina 0 7mm color negro caja de 12/1.,boligrafo|retractil|stabilo|punta|fina|0|7|mm|12/1,,False,False,False
"Tijeras de escritorio Pelikan 5 pulgadas, mango grueso",tijeras de escritorio pelikan 5 pulgadas mango grueso,"tijeras|escritorio|pelikan|5|pulgadas|mango|grueso|5""",LG,False,False,False
"Cinta adhesiva invisible Talbot, 3/4 in x 1296 in, 36 yd.",cinta adhesiva invisible talbot 3/4 in x 1296 in 36 yd.,cinta|adhesiva|invisible|talbot|3/4|in|x|1296|3/4,,False,False,False
Caja de gomitas OBIS No. 18,caja de gomitas obis no. 18,caja|gomitas|obis|no.|18,,False,False,False
"Grapadora industrial de metal Swingline, con base antideslizante, con capacidad de 100 hojas de papel, guía ajustable de margen de engrapado.",grapadora industrial de metal swingline con base antideslizante con capacidad de 100 hojas de papel guia ajustable de margen de engrapado.,grapadora|industrial|metal|swingline|base|antideslizante|capacidad|100,,False,False,False
Marcadores de pizarra Stabilo NEGRO 24X12,marcadores de pizarra stabilo negro 24x12,marcadores|pizarra|stabilo|negro|24x12,,False,False,False
Marcadores de pizarra Stabilo AZUL 24X12,marcadores de pizarra stabilo azul 24x12,marcadores|pizarra|stabilo|azul|24x12,,False,False,False
Marcadores de pizarra Stabilo ROJO 24X12,marcadores de pizarra stabilo rojo 24x12,marcadores|pizarra|stabilo|rojo|24x12,,False,False,False
Credito a 120 dias,credito a 120 dias,credito|a|120|dias,,False,False,False
Entrega inmediata una vez sea enviada la orden de compras firmada y sellada por las autoridades competentes,entrega inmediata una vez sea enviada la orden de compras firmada y sellada por las autoridades competentes,entrega|inmediata|una|vez|sea|enviada|orden|compras,,False,False,False
FIRMA AUTORIZADA,firma autorizada,firma|autorizada,,False,False,False
TAPA WATERPROOF DOBLE 110 V LEVITON,tapa waterproof doble 110 v leviton,tapa|waterproof|doble|110|v|leviton,,False,False,False
PIE DE ALAMBRE STR No.10 AWG THHN,pie de alambre str no.10 awg thhn,pie|alambre|str|no.10|awg|thhn,,False,False,False
PIE DE ALAMBRE STR No.12 AWG THHN,pie de alambre str no.12 awg thhn,pie|alambre|str|no.12|awg|thhn,,False,False,False
CANALETAS CUADRADAS C/ADH 1/2,canaletas cuadradas c/adh 1/2,canaletas|cuadradas|c/adh|1/2|1/2,,False,False,False
TOMA CORRIENTE DOBLE 20 AMP LEVITON,toma corriente doble 20 amp leviton,toma|corriente|doble|20|amp|leviton,,False,False,False
TAPE TENFLEX 1600 GRAN,tape tenflex 1600 gran,tape|tenflex|1600|gran,,False,False,False
PANEL 6-12 CIR  TL612 G.E,panel 6-12 cir tl612 g.e,panel|6-12|cir|tl612|g.e|TL612,,False,False,False
BREAKER SENCILLO G.E 30 AMP,breaker sencillo g.e 30 amp,breaker|sencillo|g.e|30|amp,,False,False,False
BREAKER SENCILLO G.E 20 AMP,breaker sencillo g.e 20 amp,breaker|sencillo|g.e|20|amp,,False,False,False
Credito a 120 dias,credito a 120 dias,credito|a|120|dias,,False,False,False
Entrega inmediata una vez sea enviada la orden de compras firmada y sellada por las autoridades competentes,entrega inmediata una vez sea enviada la orden de compras firmada y sellada por las autoridades competentes,entrega|inmediata|una|vez|sea|enviada|orden|compras,,False,False,False
FIRMA AUTORIZADA,firma autorizada,firma|autorizada,,False,False,False
Tabla madera de pino 1x10x10 cepillada,tabla madera de pino 1x10x10 cepillada,tabla|madera|pino|1x10x10|cepillada,,False,False,False
Tabla madera de pino 1x10x12 bandeada,tabla madera de pino 1x10x12 bandeada,tabla|madera|pino|1x10x12|bandeada,,False,False,False
Pl mdf 1/2 hidrofugo brazil Duratex,pl mdf 1/2 hidrofugo brazil duratex,pl|mdf|1/2|hidrofugo|brazil|duratex|1/2,,False,False,False
Barra agarradera para ataud 6 1/2 pies,barra agarradera para ataud 6 1/2 pies,barra|agarradera|para|ataud|6|1/2|pies|1/2|2 pies,,False,False,False
Cola amarilla universal (105 oz),cola amarilla universal 105 oz,cola|amarilla|universal|105|oz,,False,False,False
Cristal 16x12 de 3/16,cristal 16x12 de 3/16,cristal|16x12|3/16|3/16,,False,False,False
Primer para madera blanco /Relleno POWER RIDER 2014 GL,primer para madera blanco /relleno power rider 2014 gl,primer|para|madera|blanco|/relleno|power|rider|2014|2014 gl,,False,False,False
Laca para madera blanca terminacion power rider,laca para madera blanca terminacion power rider,laca|para|madera|blanca|terminacion|power|rider,,False,False,False
Sealer Tropical (6158),sealer tropical 6158,sealer|tropical|6158,Tropical,False,False,False
Barpicolor 605 1LT caoba #2 MD barpimo,barpicolor 605 1lt caoba 2 md barpimo,barpicolor|605|1lt|caoba|2|md|barpimo,,False,False,False
Barpicolor 605 1LT caoba #3 MD barpimo,barpicolor 605 1lt caoba 3 md barpimo,barpicolor|605|1lt|caoba|3|md|barpimo,,False,False,False
GL DE THINNER TH-900 TROPICAL,gl de thinner th-900 tropical,gal|thinner|th-900|tropical|TH-900,Tropical,False,False,False
1/4 masilla p/madera wood f caoba WF-828-,1/4 masilla p/madera wood f caoba wf-828-,1/4|masilla|p/madera|wood|f|caoba|wf-828-|1/4|WF-828,,False,False,False
1/4 pasta acrilica cano (32 OZ),1/4 pasta acrilica cano 32 oz,1/4|pasta|acrilica|cano|32|oz|1/4,Cano,False,False,False
Tornillo diablito 6x 1 1/2 pulgada,tornillo diablito 6x 1 1/2 pulgada,"tornillo|diablito|6x|1|1/2|pulgada|1/2|2""",LG,False,False,False
Tornillo diablito 6x 2 pulgada,tornillo diablito 6x 2 pulgada,"tornillo|diablito|6x|2|pulgada|2""",LG,False,False,False
"Disco lija de pulidora  (Norton) F227 7"" #50","disco lija de pulidora norton f227 7"" 50","disco|lija|pulidora|norton|f227|7""|50|F227|7""",,False,False,False
Disco lija de pulidora #60 (Norton),disco lija de pulidora 60 norton,disco|lija|pulidora|60|norton,,False,False,False
Disco lija de pulidora #80 (Norton),disco lija de pulidora 80 norton,disco|lija|pulidora|80|norton,,False,False,False
Disco lija de pulidora #100 (Norton),disco lija de pulidora 100 norton,disco|lija|pulidora|100|norton,,False,False,False
Disco lija de pulidora #120 (Norton),disco lija de pulidora 120 norton,disco|lija|pulidora|120|norton,,False,False,False
Disco lija pulidora #50 (Norton),disco lija pulidora 50 norton,disco|lija|pulidora|50|norton,,False,False,False
Pliego de lija #60 SILOX LIJA ESMERIL,pliego de lija 60 silox lija esmeril,pliego|lija|60|silox|lija|esmeril,,False,False,False
Pliego de lija #80 SILOX LIJA ESMERIL,pliego de lija 80 silox lija esmeril,pliego|lija|80|silox|lija|esmeril,,False,False,False
Pliego de lija #100 SILOX LIJA ESMERIL,pliego de lija 100 silox lija esmeril,pliego|lija|100|silox|lija|esmeril,,False,False,False
Pliego de lija #120 SILOX LIJA ESMERIL,pliego de lija 120 silox lija esmeril,pliego|lija|120|silox|lija|esmeril,,False,False,False
Pliego de lija #240  SILOX LIJA ESMERIL,pliego de lija 240 silox lija esmeril,pliego|lija|240|silox|lija|esmeril,,False,False,False
Pliego de lija #120 de agua GRINCO,pliego de lija 120 de agua grinco,pliego|lija|120|agua|grinco,,False,False,False
Pliego de lija #220 de agua GRINCO,pliego de lija 220 de agua grinco,pliego|lija|220|agua|grinco,,False,False,False
Sustache dorado Yute 5 metros,sustache dorado yute 5 metros,sustache|dorado|yute|5|metros,,False,False,False
Goma de 1/2 blanca,goma de 1/2 blanca,goma|1/2|blanca|1/2,,False,False,False
Cemento  spray web adhesive MULT-PURPOS,cemento spray web adhesive mult-purpos,cemento|spray|web|adhesive|mult-purpos,,False,False,False
Grapadora neumatica,grapadora neumatica,grapadora|neumatica,,False,False,False
Credito a 120 dias,credito a 120 dias,credito|a|120|dias,,False,False,False
Entrega inmediata una vez sea enviada la orden de compras firmada y sellada por las autoridades competentes,entrega inmediata una vez sea enviada la orden de compras firmada y sellada por las autoridades competentes,entrega|inmediata|una|vez|sea|enviada|orden|compras,,False,False,False
FIRMA AUTORIZADA,firma autorizada,firma|autorizada,,False,False,False
Clavo de 4 pulgadas acero Caja de 50 libra,clavo de 4 pulgadas acero caja de 50 libra,"clavo|4|pulgadas|acero|caja|50|libra|4""",LG,False,False,False
Clavo de 4 pulgadas dulce Caja de 50 libra,clavo de 4 pulgadas dulce caja de 50 libra,"clavo|4|pulgadas|dulce|caja|50|libra|4""",LG,False,False,False
Clavo de 3 pulgadas de acero koreano Caja de 50 libra,clavo de 3 pulgadas de acero koreano caja de 50 libra,"clavo|3|pulgadas|acero|koreano|caja|50|libra|3""",LG,False,False,False
Clavo de 3 pulgadas dulce Caja de 50 libra,clavo de 3 pulgadas dulce caja de 50 libra,"clavo|3|pulgadas|dulce|caja|50|libra|3""",LG,False,False,False
Clavo de 2 1/2 pulgadas de acero koreano Caja de 50 libra,clavo de 2 1/2 pulgadas de acero koreano caja de 50 libra,"clavo|2|1/2|pulgadas|acero|koreano|caja|50|1/2|2""",LG,False,False,False
Clavo de zinc Caja de 50 libra,clavo de zinc caja de 50 libra,clavo|zinc|caja|50|libra,,False,False,False
Credito a 120 dias,credito a 120 dias,credito|a|120|dias,,False,False,False
Entrega inmediata una vez sea enviada la orden de compras firmada y sellada por las autoridades competentes,entrega inmediata una vez sea enviada la orden de compras firmada y sellada por las autoridades competentes,entrega|inmediata|una|vez|sea|enviada|orden|compras,,False,False,False
FIRMA AUTORIZADA,firma autorizada,firma|autorizada,,False,False,False
PINTURA ACRILICA PARA EXTERIOR BLANCA 50   POPULAR  PRO,pintura acrilica para exterior blanca 50 popular pro,pintura|acrilica|para|exterior|blanca|50|popular|pro,,False,False,False
TUBOS DE OLEO MARRON,tubos de oleo marron,tubos|oleo|marron,,False,False,False
CLAUDETTE TREMENTINA 1/2 LT,claudette trementina 1/2 lt,claudette|trementina|1/2|lt|1/2,,False,False,False
PINTURA ACRILICA PARA EXTERIOR NARANJA OSCURO POPULAR  PRO,pintura acrilica para exterior naranja oscuro popular pro,pintura|acrilica|para|exterior|naranja|oscuro|popular|pro,,False,False,False
LATA DE PINTURA POPULAR ULTRA ESMALTE NEGRO MATE 800 1 GL,lata de pintura popular ultra esmalte negro mate 800 1 gl,lata|pintura|popular|ultra|esmalte|negro|mate|800|1 gl,,False,False,False
TROPICAL BARNIZ NATURAL CON BRILLO GL,tropical barniz natural con brillo gl,tropical|barniz|natural|brillo|gal,Tropical,False,False,False
Credito a 120 dias,credito a 120 dias,credito|a|120|dias,,False,False,False
Entrega inmediata una vez sea enviada la orden de compras firmada y sellada por las autoridades competentes,entrega inmediata una vez sea enviada la orden de compras firmada y sellada por las autoridades competentes,entrega|inmediata|una|vez|sea|enviada|orden|compras,,False,False,False
FIRMA AUTORIZADA,firma autorizada,firma|autorizada,,False,False,False
PINTURA ACRILICA BLANCA 50   POPULAR  PRO,pintura acrilica blanca 50 popular pro,pintura|acrilica|blanca|50|popular|pro,,False,False,False
PINTURA CREMA ACRLICO,pintura crema acrlico,pintura|crema|acrlico,,False,False,False
PINTURA ACRILICA  NARANJA OSCURO POPULAR  PRO,pintura acrilica naranja oscuro popular pro,pintura|acrilica|naranja|oscuro|popular|pro,,False,False,False
LATA DE PINTURA POPULAR ULTRA ESMALTE NEGRO MATE 800 1 GL,lata de pintura popular ultra esmalte negro mate 800 1 gl,lata|pintura|popular|ultra|esmalte|negro|mate|800|1 gl,,False,False,False
CANDADO DE BRONCE YALE ITALY 70MM,candado de bronce yale italy 70mm,candado|bronce|yale|italy|70|mm,,False,False,False
BREAKER OMNIUM 040E12F 12 MODULOS EMPOTRABLE EUROPEO,breaker omnium 040e12f 12 modulos empotrable europeo,breaker|omnium|040e12f|12|modulos|empotrable|europeo,,False,False,False
POWER ROYAL BREAKER EUROPEO 2P 20 AMP C20,power royal breaker europeo 2p 20 amp c20,power|royal|breaker|europeo|2p|20|amp|c20,,False,False,False
BOMBILLO ROJO MODALIDAD DE ENCHUFE ESTANDAR,bombillo rojo modalidad de enchufe estandar,bombillo|rojo|modalidad|enchufe|estandar,,False,False,False
BOMBILLO AZUL MODALIDAD DE ENCHUFE ESTANDAR,bombillo azul modalidad de enchufe estandar,bombillo|azul|modalidad|enchufe|estandar,,False,False,False
BOMBILLO BLANCO MODALIDAD DE ENCHUFE ESTANDAR,bombillo blanco modalidad de enchufe estandar,bombillo|blanco|modalidad|enchufe|estandar,,False,False,False
Credito a 120 dias,credito a 120 dias,credito|a|120|dias,,False,False,False
Entrega inmediata una vez sea enviada la orden de compras firmada y sellada por las autoridades competentes,entrega inmediata una vez sea enviada la orden de compras firmada y sellada por las autoridades competentes,entrega|inmediata|una|vez|sea|enviada|orden|compras,,False,False,False
FIRMA AUTORIZADA,firma autorizada,firma|autorizada,,False,False,False
CEMENTO GRIS SANTO DOMINGO  94 LB,cemento gris santo domingo 94 lb,cemento|gris|santo|domingo|94|lb|94 lb,,False,False,False
VARILLA DE 3/4,varilla de 3/4,varilla|3/4|3/4,,False,False,False
ARENA LAVADA,arena lavada,arena|lavada,,False,False,False
GRAVA 3/4,grava 3/4,grava|3/4|3/4,,False,False,False
ARENA ITABO,arena itabo,arena|itabo,,False,False,False
Credito a 120 dias,credito a 120 dias,credito|a|120|dias,,False,False,False
Entrega inmediata una vez sea enviada la orden de compras firmada y sellada por las autoridades competentes,entrega inmediata una vez sea enviada la orden de compras firmada y sellada por las autoridades competentes,entrega|inmediata|una|vez|sea|enviada|orden|compras,,False,False,False
FIRMA AUTORIZADA,firma autorizada,firma|autorizada,,False,False,False
Transformador LED DRIVER MODELO SS M 13648 600 IMPUT AC85 265V 50/60,transformador led driver modelo ss m 13648 600 imput ac85 265v 50/60,transformador|led|driver|modelo|ss|m|13648|600|50/60|AC85,,False,False,False
TUBOS SKTG4F-18 T8 18W 10% 100-265V 25000 H,tubos sktg4f-18 t8 18w 10% 100-265v 25000 h,tubos|sktg4f-18|t8|18|w|10%|100-265v|25000|SKTG4F-18|18W,,False,False,False
PLANCHA PLAFON PVC MACHIHEMBRADO,plancha plafon pvc machihembrado,plancha|plafon|pvc|machihembrado,,False,False,False
ENCHUFE LEVITON 120 VAMARILLO 515PV,enchufe leviton 120 vamarillo 515pv,enchufe|leviton|120|vamarillo|515pv,,False,False,False
TAPE NEGRO DE GOMA ELECTRICO  SCOTCH  3M,tape negro de goma electrico scotch 3m,tape|negro|goma|electrico|scotch|3m,,False,False,False
FOTO CELDA  FISHER,foto celda fisher,foto|celda|fisher,,False,False,False
BASE P/ FOTO CELDA VOLTECK,base p/ foto celda volteck,base|p/|foto|celda|volteck,,False,False,False
BASE P/ FOTO CELDA,base p/ foto celda,base|p/|foto|celda,,False,False,False
ALAMBRE GOMA 8/3,alambre goma 8/3,alambre|goma|8/3|8/3,,False,False,False
ALAMBRE GOMA 10/3,alambre goma 10/3,alambre|goma|10/3|10/3,,False,False,False
ALAMBRE ELECTRICO #12 STD NEGRO,alambre electrico 12 std negro,alambre|electrico|12|std|negro,,False,False,False
ALAMBRE GOMA 14/2,alambre goma 14/2,alambre|goma|14/2|14/2,,False,False,False
CAJA DE BREAKER GE 6 A 12,caja de breaker ge 6 a 12,caja|breaker|ge|6|a|12,,False,False,False
BREAKER GE 1P 30A GRUESO,breaker ge 1p 30a grueso,breaker|ge|1p|30a|grueso,,False,False,False
FIRMA AUTORIZADA,firma autorizada,firma|autorizada,,False,False,False
CAJA DE BREAKER 4/8,caja de breaker 4/8,caja|breaker|4/8|4/8,,False,False,False
CAJA DE BREAKER 8/16,caja de breaker 8/16,caja|breaker|8/16|8/16,,False,False,False
BREAKER GRUESO DE 30 AMP,breaker grueso de 30 amp,breaker|grueso|30|amp,,False,False,False
FOTOCELDA,fotocelda,fotocelda,,False,False,False
CEMENTO GRIS TITAN 94 LB,cemento gris titan 94 lb,cemento|gris|titan|94|lb|94 lb,,False,False,False
GRAVA 3/4'',grava 3/4,grava|3/4|3/4,,False,False,False
VARILLA 1/2'',varilla 1/2,varilla|1/2|1/2,,False,False,False
VARILLA 3/8'',varilla 3/8,varilla|3/8|3/8,,False,False,False
VARILLA 1/4'',varilla 1/4,varilla|1/4|1/4,,False,False,False
ARENA LAVADA,arena lavada,arena|lavada,,False,False,False
ARENA ITABO,arena itabo,arena|itabo,,False,False,False
BLOCK DE 6'' BISONO,block de 6 bisono,block|6|bisono,,False,False,False
CLAVO DULCE 2 1/2'',clavo dulce 2 1/2,clavo|dulce|2|1/2|1/2,,False,False,False
CLAVO DULCE DE 4'',clavo dulce de 4,clavo|dulce|4,,False,False,False
CLAVO DE ACERO 2 1/2'',clavo de acero 2 1/2,clavo|acero|2|1/2|1/2,,False,False,False
CLAVO DE ACERO DE 4'',clavo de acero de 4,clavo|acero|4,,False,False,False
ALAMBRE CAL 18 GALVANIZADO ASTM A641,alambre cal 18 galvanizado astm a641,alambre|cal|18|galvanizado|astm|a641|A641,,False,False,False
PICO TRAMOTINA,pico tramotina,pico|tramotina,,False,False,False
PALA CUADRADA TRAMOTINA,pala cuadrada tramotina,pala|cuadrada|tramotina,,False,False,False
CARRETILLA TRUPER,carretilla truper,carretilla|truper,Truper,False,False,False
CARRETILLLA REFORZADA PARA ASFALTO TRAMOTINA,carretillla reforzada para asfalto tramotina,carretillla|reforzada|para|asfalto|tramotina,,False,False,False
ESCOBILLON PLASTICO FIBRA LEOPARDO,escobillon plastico fibra leopardo,escobillon|plastico|fibra|leopardo,,False,False,False
MARTILLO M/FIBRA KENDO,martillo m/fibra kendo,martillo|m/fibra|kendo,,False,False,False
RASTRILLO DE ASFALTO PRETUL,rastrillo de asfalto pretul,rastrillo|asfalto|pretul,,False,False,False
"TUBO PVC DE 12''X19 , SDR-41 CORVI",tubo pvc de 12 x19 sdr-41 corvi,tubo|pvc|12|x19|sdr-41|corvi,,False,False,False
"TUBO PVC DE 8''X19 , SDR-41 CORVI",tubo pvc de 8 x19 sdr-41 corvi,tubo|pvc|8|x19|sdr-41|corvi,,False,False,False
BROCHA DE 2'' ATLAS,brocha de 2 atlas,brocha|2|atlas,,False,False,False
BROCHA DE 2 1/2'' ATLAS,brocha de 2 1/2 atlas,brocha|2|1/2|atlas|1/2,,False,False,False
BROCHA DE 3'' ATLAS,brocha de 3 atlas,brocha|3|atlas,,False,False,False
BROCHA DE 4'' ATLAS,brocha de 4 atlas,brocha|4|atlas,,False,False,False
MOTA 6'' ANTI-GOTA LANCO,mota 6 anti-gota lanco,mota|6|anti-gota|lanco,,False,False,False
PORTA ROLO PA-576-19 LANCO,porta rolo pa-576-19 lanco,porta|rolo|pa-576-19|lanco|PA-576-19,,False,False,False
VARA PARA PINTAR BYP,vara para pintar byp,vara|para|pintar|byp,,False,False,False
VARA PARA EXTENSION BYP,vara para extension byp,vara|para|extension|byp,,False,False,False
TAPE DE VINIL 3M-33 SCOTCH,tape de vinil 3m-33 scotch,tape|vinil|3m-33|scotch,,False,False,False
ALAMBRE DE VINIL 12/2 AWG PHELPS DODGE,alambre de vinil 12/2 awg phelps dodge,alambre|vinil|12/2|awg|phelps|dodge|12/2,,False,False,False
ALAMBRE DE VINIL 14/2 AWG PHELPS DODGE,alambre de vinil 14/2 awg phelps dodge,alambre|vinil|14/2|awg|phelps|dodge|14/2,,False,False,False
CINTA DE MEDIR ELECTRICA GUIA-30 DE TRUPER,cinta de medir electrica guia-30 de truper,cinta|medir|electrica|guia-30|truper,Truper,False,False,False
"NIVEL GRANDE KENDO MODELO 35256 DE 48""","nivel grande kendo modelo 35256 de 48""","nivel|grande|kendo|modelo|35256|48""|48""",,False,False,False
"NIVEL MEDIANO KENDO MODELO 35256 DE 32""","nivel mediano kendo modelo 35256 de 32""","nivel|mediano|kendo|modelo|35256|32""|32""",,False,False,False
PINTURA ALTO TRANSITO (AMARILLO TRAFICO) TROPICAL/POPULAR,pintura alto transito amarillo trafico tropical/popular,pintura|alto|transito|amarillo|trafico|tropical/popular,Tropical,False,False,False
PINTURA ALTO TRANSITO (BLANCO TRAFICO) TROPICAL/POPULAR,pintura alto transito blanco trafico tropical/popular,pintura|alto|transito|blanco|trafico|tropical/popular,Tropical,False,False,False
THINNER AAA-3000 GL POPULAR/TROPICAL,thinner aaa-3000 gl popular/tropical,thinner|aaa-3000|gal|popular/tropical|AAA-3000|3000 gl,Tropical,False,False,False
PINTURA ACRILICA AZUL POSITVO TROPICAL/POPULAR,pintura acrilica azul positvo tropical/popular,pintura|acrilica|azul|positvo|tropical/popular,Tropical,False,False,False
PINTURA ACRILICA VERDE POSITVO TROPICAL/POPULAR,pintura acrilica verde positvo tropical/popular,pintura|acrilica|verde|positvo|tropical/popular,Tropical,False,False,False
PINTURA ACRILICA ROJO POSITVO TROPICAL/POPULAR,pintura acrilica rojo positvo tropical/popular,pintura|acrilica|rojo|positvo|tropical/popular,Tropical,False,False,False
PINTURA ACRILICA AMARILLO POSITVO TROPICAL/POPULAR,pintura acrilica amarillo positvo tropical/popular,pintura|acrilica|amarillo|positvo|tropical/popular,Tropical,False,False,False
PINTURA ACRILICA BLANCA 00 TROPICAL/POPULAR,pintura acrilica blanca 00 tropical/popular,pintura|acrilica|blanca|00|tropical/popular,Tropical,False,False,False
FOTOCELDAS 1800VA GENERICO,fotoceldas 1800va generico,fotoceldas|1800va|generico,Generico,False,False,False
"BOMBILLAS DE 150 W ,HPS (HIGH PRESSURE SODIUM)",bombillas de 150 w hps high pressure sodium,bombillas|150|w|hps|high|pressure|sodium|150W,HP,False,False,False
CONECTORES PARA TRIPLEX 2/0 GENERICO,conectores para triplex 2/0 generico,conectores|para|triplex|2/0|generico|2/0,Generico,False,False,False
FIRMA AUTORIZADA,firma autorizada,firma|autorizada,,False,False,False
VARILLA DE 1/4'',varilla de 1/4,varilla|1/4|1/4,,False,False,False
VARILLA DE 3/8'',varilla de 3/8,varilla|3/8|3/8,,False,False,False
BLOCK DE 6'' BISONO,block de 6 bisono,block|6|bisono,,False,False,False
ALAMBRE CAL 18 GALVANIZADO ASTM A641,alambre cal 18 galvanizado astm a641,alambre|cal|18|galvanizado|astm|a641|A641,,False,False,False
Credito a 120 dias,credito a 120 dias,credito|a|120|dias,,False,False,False
Entrega inmediata una vez sea enviada la orden de compras firmada y sellada por las autoridades competentes,entrega inmediata una vez sea enviada la orden de compras firmada y sellada por las autoridades competentes,entrega|inmediata|una|vez|sea|enviada|orden|compras,,False,False,False
FIRMA AUTORIZADA,firma autorizada,firma|autorizada,,False,False,False
DRIZA NYLON 1/4,driza nylon 1/4,driza|nylon|1/4|1/4,,False,False,False
ALAMBRE DE GOMA #10/3 AWG,alambre de goma 10/3 awg,alambre|goma|10/3|awg|10/3,,False,False,False
ALAMBRE DE GOMA #8/3 AWG,alambre de goma 8/3 awg,alambre|goma|8/3|awg|8/3,,False,False,False
Credito a 120 dias,credito a 120 dias,credito|a|120|dias,,False,False,False
Entrega inmediata una vez sea enviada la orden de compras firmada y sellada por las autoridades competentes,entrega inmediata una vez sea enviada la orden de compras firmada y sellada por las autoridades competentes,entrega|inmediata|una|vez|sea|enviada|orden|compras,,False,False,False
FIRMA AUTORIZADA,firma autorizada,firma|autorizada,,False,False,False
Tubo led 18w 48'' 6000k,tubo led 18w 48 6000k,tubo|led|18|w|48|6000k|18W,,False,False,False
Tape scotch super 33 3m,tape scotch super 33 3m,tape|scotch|super|33|3m,,False,False,False
Roseta porcelana leviton,roseta porcelana leviton,roseta|porcelana|leviton,,False,False,False
Cable #14 AWG thhn negro,cable 14 awg thhn negro,cable|14|awg|thhn|negro,,False,False,False
Candado Yale 70 mm 110-70,candado yale 70 mm 110-70,candado|yale|70|mm|110-70,,False,False,False
Bombillo led 20w sylvania 20w-6500k,bombillo led 20w sylvania 20w-6500k,bombillo|led|20|w|sylvania|20|w-6500k|W-6500K|20W,,False,False,False
Credito a 120 dias,credito a 120 dias,credito|a|120|dias,,False,False,False
Entrega inmediata una vez sea enviada la orden de compras firmada y sellada por las autoridades competentes,entrega inmediata una vez sea enviada la orden de compras firmada y sellada por las autoridades competentes,entrega|inmediata|una|vez|sea|enviada|orden|compras,,False,False,False
FIRMA AUTORIZADA,firma autorizada,firma|autorizada,,False,False,False
PINTURA POPULAR EXT-INT PRO BLANCO 50,pintura popular ext-int pro blanco 50,pintura|popular|ext-int|pro|blanco|50,,False,False,False
PINTURA POPULAR EXT-INT PRO  ARENA 23,pintura popular ext-int pro arena 23,pintura|popular|ext-int|pro|arena|23,,False,False,False
PINTURA TROPICAL CONTRACTOR NEGRO 53 POSITIVO,pintura tropical contractor negro 53 positivo,pintura|tropical|contractor|negro|53|positivo,Tropical,False,False,False
Credito a 120 dias,credito a 120 dias,credito|a|120|dias,,False,False,False
Entrega inmediata una vez sea enviada la orden de compras firmada y sellada por las autoridades competentes,entrega inmediata una vez sea enviada la orden de compras firmada y sellada por las autoridades competentes,entrega|inmediata|una|vez|sea|enviada|orden|compras,,False,False,False
FIRMA AUTORIZADA,firma autorizada,firma|autorizada,,False,False,False
VARILLA DE 1/2'',varilla de 1/2,varilla|1/2|1/2,,False,False,False
BLOCK DE 8''  FRABRICA P.108,block de 8 frabrica p.108,block|8|frabrica|p.108,,False,False,False
Credito a 120 dias,credito a 120 dias,credito|a|120|dias,,False,False,False
Entrega inmediata una vez sea enviada la orden de compras firmada y sellada por las autoridades competentes,entrega inmediata una vez sea enviada la orden de compras firmada y sellada por las autoridades competentes,entrega|inmediata|una|vez|sea|enviada|orden|compras,,False,False,False
FIRMA AUTORIZADA,firma autorizada,firma|autorizada,,False,False,False
ALAMBRE #8 AWG,alambre 8 awg,alambre|8|awg,,False,False,False
ALAMBRE #10 AWG,alambre 10 awg,alambre|10|awg,,False,False,False
ALAMBRE DE GOMA 12/3,alambre de goma 12/3,alambre|goma|12/3|12/3,,False,False,False
TAPE VINIL SCOTCH 3M SUPER33+,tape vinil scotch 3m super33,tape|vinil|scotch|3m|super33|SUPER33,,False,False,False
Credito a 120 dias,credito a 120 dias,credito|a|120|dias,,False,False,False
Entrega inmediata una vez sea enviada la orden de compras firmada y sellada por las autoridades competentes,entrega inmediata una vez sea enviada la orden de compras firmada y sellada por las autoridades competentes,entrega|inmediata|una|vez|sea|enviada|orden|compras,,False,False,False
FIRMA AUTORIZADA,firma autorizada,firma|autorizada,,False,False,False
ALAMBRE 12/2 AWG PHELPS DODGE,alambre 12/2 awg phelps dodge,alambre|12/2|awg|phelps|dodge|12/2,,False,False,False
Credito a 120 dias,credito a 120 dias,credito|a|120|dias,,False,False,False
Entrega inmediata una vez sea enviada la orden de compras firmada y sellada por las autoridades competentes,entrega inmediata una vez sea enviada la orden de compras firmada y sellada por las autoridades competentes,entrega|inmediata|una|vez|sea|enviada|orden|compras,,False,False,False
FIRMA AUTORIZADA,firma autorizada,firma|autorizada,,False,False,False
CANDADO DE BRONCE YALE ITALY 70MM,candado de bronce yale italy 70mm,candado|bronce|yale|italy|70|mm,,False,False,False
CAJA DE BREAKER  PLASTICO EUROPEO DE 12 CIRCUITO,caja de breaker plastico europeo de 12 circuito,caja|breaker|plastico|europeo|12|circuito,,False,False,False
CIRCUITO BREAKER DE 20 AMP,circuito breaker de 20 amp,circuito|breaker|20|amp,,False,False,False
BOMBILLOS DE COLOR ROJO MODALIDAD ESCUNFE ESTANADAR,bombillos de color rojo modalidad escunfe estanadar,bombillos|color|rojo|modalidad|escunfe|estanadar,,False,False,False
BOMBILLOS DE COLOR AZUL MODALIDAD ESCUNFE ESTANADAR,bombillos de color azul modalidad escunfe estanadar,bombillos|color|azul|modalidad|escunfe|estanadar,,False,False,False
BOMBILLOS DE COLOR BLANCO MODALIDAD ESCUNFE ESTANADAR,bombillos de color blanco modalidad escunfe estanadar,bombillos|color|blanco|modalidad|escunfe|estanadar,,False,False,False
CONTACTOR MAGNETICO DE 65 AMP,contactor magnetico de 65 amp,contactor|magnetico|65|amp,,False,False,False
Credito a 120 dias,credito a 120 dias,credito|a|120|dias,,False,False,False
Entrega inmediata una vez sea enviada la orden de compras firmada y sellada por las autoridades competentes,entrega inmediata una vez sea enviada la orden de compras firmada y sellada por las autoridades competentes,entrega|inmediata|una|vez|sea|enviada|orden|compras,,False,False,False
FIRMA AUTORIZADA,firma autorizada,firma|autorizada,,False,False,False
BOMBILLO INFRAROJO 250W 120V,bombillo infrarojo 250w 120v,bombillo|infrarojo|250|w|120v|250W,,False,False,False
EXTRACTOR DAIWA 25A VEW 10'' PARED,extractor daiwa 25a vew 10 pared,extractor|daiwa|25a|vew|10|pared,Daiwa,False,False,False
Credito a 120 dias,credito a 120 dias,credito|a|120|dias,,False,False,False
Entrega inmediata una vez sea enviada la orden de compras firmada y sellada por las autoridades competentes,entrega inmediata una vez sea enviada la orden de compras firmada y sellada por las autoridades competentes,entrega|inmediata|una|vez|sea|enviada|orden|compras,,False,False,False
FIRMA AUTORIZADA,firma autorizada,firma|autorizada,,False,False,False
GENERALES,generales,generales,,False,False,False
Reconstruccion de piso 10x18,reconstruccion de piso 10x18,reconstruccion|piso|10x18,,False,False,False
Demolicion de piso,demolicion de piso,demolicion|piso,,True,False,False
Bote material inservible,bote material inservible,bote|material|inservible,,False,False,False
Colocacion ceramica 0.40x0.40mm,colocacion ceramica 0.40x0.40mm,colocacion|ceramica|0.40x0.40|mm,,False,False,False
"Ipermeabilizante de techo, a base de lona asfatica 4 kg granular (3mm)  de espesor y terminado , incluye ruedo e antepecho)",ipermeabilizante de techo a base de lona asfatica 4 kg granular 3mm de espesor y terminado incluye ruedo e antepecho,ipermeabilizante|techo|a|base|lona|asfatica|4|kg|4 kg,,False,False,False
Cambio de puerta polimetal,cambio de puerta polimetal,cambio|puerta|polimetal,,True,False,False
Resane de grieta en entrada,resane de grieta en entrada,resane|grieta|entrada,,False,False,False
Cambio tapa de cisterma 1x1 concreto,cambio tapa de cisterma 1x1 concreto,cambio|tapa|cisterma|1x1|concreto,,False,False,False
Reconstruccion caseta de Bomba,reconstruccion caseta de bomba,reconstruccion|caseta|bomba,,False,False,False
Demolicion de muros,demolicion de muros,demolicion|muros,,True,False,False
Construccion muros,construccion muros,construccion|muros,,False,False,False
Pañete,panete,panete,,False,False,False
Pintura,pintura,pintura,,False,False,False
Destronque de arbol,destronque de arbol,destronque|arbol,,False,False,False
Tratamiento de comejen,tratamiento de comejen,tratamiento|comejen,,False,False,False
BAÑO,bano,bano,,False,False,False
Sumunistro y colocacion de inodoro,sumunistro y colocacion de inodoro,sumunistro|colocacion|inodoro,,False,False,False
"Sumunistro y colocacion de orinal ,incluye fluxometro",sumunistro y colocacion de orinal incluye fluxometro,sumunistro|colocacion|orinal|incluye|fluxometro,,False,False,False
Sumunistro y colocacion de lavamano,sumunistro y colocacion de lavamano,sumunistro|colocacion|lavamano,,False,False,False
Sumunistro y colocacion de kit de inodoro,sumunistro y colocacion de kit de inodoro,sumunistro|colocacion|kit|inodoro,,False,False,False
Sumunistro y colocacion de llavines de puño,sumunistro y colocacion de llavines de puno,sumunistro|colocacion|llavines|puno,,False,False,False
Reconstruccion ceramica de pared,reconstruccion ceramica de pared,reconstruccion|ceramica|pared,,False,False,False
Demolicion,demolicion,demolicion,,True,False,False
Bote material inservible,bote material inservible,bote|material|inservible,,False,False,False
Suministro y colocacion ceramica en baño,suministro y colocacion ceramica en bano,suministro|colocacion|ceramica|bano,,False,False,False
Suministro y colocacion Rejilla de piso,suministro y colocacion rejilla de piso,suministro|colocacion|rejilla|piso,,False,False,False
Cambio de llave de ducha,cambio de llave de ducha,cambio|llave|ducha,,True,False,False
Cambio de llave de lavamano,cambio de llave de lavamano,cambio|llave|lavamano,,True,False,False
Demolicion de meseta,demolicion de meseta,demolicion|meseta,,True,False,False
COCINA,cocina,cocina,,False,False,False
Cambio de fregadero de dos boca,cambio de fregadero de dos boca,cambio|fregadero|dos|boca,,True,False,False
Sumimistro y colocacion de tope en ceramica 0.60x2.00,sumimistro y colocacion de tope en ceramica 0.60x2.00,sumimistro|colocacion|tope|ceramica|0.60x2.00,,False,False,False
Colocacion de gabinete bajo meseta 0.75x2.00,colocacion de gabinete bajo meseta 0.75x2.00,colocacion|gabinete|bajo|meseta|0.75x2.00,,False,False,False
PINTURAS,pinturas,pinturas,,False,False,False
Pinturas acrilicas general (dos mano),pinturas acrilicas general dos mano,pinturas|acrilicas|general|dos|mano,,False,False,False
Mantenimiento en portaje general,mantenimiento en portaje general,mantenimiento|portaje|general,,True,False,False
MISCELANEOS,miscelaneos,miscelaneos,,False,False,False
Limpieza final,limpieza final,limpieza|final,,False,False,False
SUB-TOTAL,sub-total,sub-total,,False,False,False
Seguros y fianzas,seguros y fianzas,seguros|fianzas,,False,False,False
Transporte,transporte,transporte,,False,False,False
Beneficios,beneficios,beneficios,,False,False,False
Supervision,supervision,supervision,,False,False,False
Ley 686,ley 686,ley|686,,False,False,False
Itbis  (direccion tecnica o beneficio),itbis direccion tecnica o beneficio,itbis|direccion|tecnica|o|beneficio,,False,False,False
Codia,codia,codia,,False,False,False
FIRMA AUTORIZADA,firma autorizada,firma|autorizada,,False,False,False
PINTURA ACRILICA PARA EXTERIOR BLANCA 50   POPULAR/00 TROPICAL  PRO,pintura acrilica para exterior blanca 50 popular/00 tropical pro,pintura|acrilica|para|exterior|blanca|50|popular/00|tropical,Tropical,False,False,False
PINTURA ACRILICA AZUL POSITVO POPULAR/TROPICAL,pintura acrilica azul positvo popular/tropical,pintura|acrilica|azul|positvo|popular/tropical,Tropical,False,False,False
PINTURA ACRILICA ROJO POSITVO POPULAR/TROPICAL,pintura acrilica rojo positvo popular/tropical,pintura|acrilica|rojo|positvo|popular/tropical,Tropical,False,False,False
PINTURA ALTO TRANSITO (AMARILLO TRAFICO) POPULAR/TROPICAL,pintura alto transito amarillo trafico popular/tropical,pintura|alto|transito|amarillo|trafico|popular/tropical,Tropical,False,False,False
Credito a 120 dias,credito a 120 dias,credito|a|120|dias,,False,False,False
Entrega inmediata una vez sea enviada la orden de compras firmada y sellada por las autoridades competentes,entrega inmediata una vez sea enviada la orden de compras firmada y sellada por las autoridades competentes,entrega|inmediata|una|vez|sea|enviada|orden|compras,,False,False,False
FIRMA AUTORIZADA,firma autorizada,firma|autorizada,,False,False,False
PINTURA ACRILICA PARA EXTERIOR BLANCA 50   POPULAR/00 TROPICAL  PRO,pintura acrilica para exterior blanca 50 popular/00 tropical pro,pintura|acrilica|para|exterior|blanca|50|popular/00|tropical,Tropical,False,False,False
PINTURA ACRILICA AZUL POSITVO POPULAR/TROPICAL,pintura acrilica azul positvo popular/tropical,pintura|acrilica|azul|positvo|popular/tropical,Tropical,False,False,False
PINTURA ACRILICA ROJO POSITVO POPULAR/TROPICAL,pintura acrilica rojo positvo popular/tropical,pintura|acrilica|rojo|positvo|popular/tropical,Tropical,False,False,False
Credito a 120 dias,credito a 120 dias,credito|a|120|dias,,False,False,False
Entrega inmediata una vez sea enviada la orden de compras firmada y sellada por las autoridades competentes,entrega inmediata una vez sea enviada la orden de compras firmada y sellada por las autoridades competentes,entrega|inmediata|una|vez|sea|enviada|orden|compras,,False,False,False
FIRMA AUTORIZADA,firma autorizada,firma|autorizada,,False,False,False
PINTURA AMARILLO TRAFICO  POPULAR/TROPICAL,pintura amarillo trafico popular/tropical,pintura|amarillo|trafico|popular/tropical,Tropical,False,False,False
PINTURA BLANCO TRAFICO  POPULAR/TROPICAL,pintura blanco trafico popular/tropical,pintura|blanco|trafico|popular/tropical,Tropical,False,False,False
PINTURA AZUL POSITVO  POPULAR/TROPICAL,pintura azul positvo popular/tropical,pintura|azul|positvo|popular/tropical,Tropical,False,False,False
PINTURA GRIS INDUSTRIAL  POPULAR/TROPICAL,pintura gris industrial popular/tropical,pintura|gris|industrial|popular/tropical,Tropical,False,False,False
GL DE THINNER TH-90,gl de thinner th-90,gal|thinner|th-90,,False,False,False
MOTAS DE ROLO 9'',motas de rolo 9,motas|rolo|9,,False,False,False
BROCHA DE 3'',brocha de 3,brocha|3,,False,False,False
BROCHA DE 4'',brocha de 4,brocha|4,,False,False,False
MINIROLO CON MOTA 2,minirolo con mota 2,minirolo|mota|2,,False,False,False
MOTA ROLO 4,mota rolo 4,mota|rolo|4,,False,False,False
VARA PARA EXTENSION,vara para extension,vara|para|extension,,False,False,False
"MOTOSIERRA 18""  45.7CC 2.82HP HUSQVARNA","motosierra 18"" 45.7cc 2.82hp husqvarna","motosierra|18""|45.7cc|2.82hp|husqvarna|18""",HP,False,False,False
"MOTOSIERRA  20""  59.8CC 4.3HP HUSQVARNA","motosierra 20"" 59.8cc 4.3hp husqvarna","motosierra|20""|59.8cc|4.3hp|husqvarna|20""",HP,False,False,False
"MOTOSIERRA  24""  94CC 6.6HP S/CADENA HUSQVARNA","motosierra 24"" 94cc 6.6hp s/cadena husqvarna","motosierra|24""|94cc|6.6hp|s/cadena|husqvarna|24""",HP,False,False,False
Credito a 120 dias,credito a 120 dias,credito|a|120|dias,,False,False,False
Entrega inmediata una vez sea enviada la orden de compras firmada y sellada por las autoridades competentes,entrega inmediata una vez sea enviada la orden de compras firmada y sellada por las autoridades competentes,entrega|inmediata|una|vez|sea|enviada|orden|compras,,False,False,False
FIRMA AUTORIZADA,firma autorizada,firma|autorizada,,False,False,False
"LENNOX INVERTE 12,000 BTU SEER 18",lennox inverte 12 000 btu seer 18,lennox|inverte|12|000|btu|seer|18,,False,False,False
SERVICIO INSTALACION DE AIRE,servicio instalacion de aire,servicio|instalacion|aire,,True,False,False
CORR. TRAD. LBCO C/ VID. LISO 3/16 CLARO - 90 1/2 X 43 3/8 Pulgds,corr. trad. lbco c/ vid. liso 3/16 claro - 90 1/2 x 43 3/8 pulgds,"corr.|trad.|lbco|c/|vid.|liso|3/16|claro|3/16|8""",LG,False,False,False
PUERTA COMERCIAL TRAD. LBCO C/ VID. LISO 1/4 CLARO 100 0/0 X 191 0/0 Pulgds,puerta comercial trad. lbco c/ vid. liso 1/4 claro 100 0/0 x 191 0/0 pulgds,"puerta|comercial|trad.|lbco|c/|vid.|liso|1/4|1/4|0""",LG,False,False,False
MUEBLE BAÑO MDF BLANCO  + LAV,mueble bano mdf blanco lav,mueble|bano|mdf|blanco|lav,,False,False,False
INODORO TREBOL SAVONA BLANCO,inodoro trebol savona blanco,inodoro|trebol|savona|blanco,,False,False,False
MONOMANDO LAVAM SML,monomando lavam sml,monomando|lavam|sml,,False,False,False
Credito a 120 dias,credito a 120 dias,credito|a|120|dias,,False,False,False
Entrega inmediata una vez sea enviada la orden de compras firmada y sellada por las autoridades competentes,entrega inmediata una vez sea enviada la orden de compras firmada y sellada por las autoridades competentes,entrega|inmediata|una|vez|sea|enviada|orden|compras,,False,False,False
FIRMA AUTORIZADA,firma autorizada,firma|autorizada,,False,False,False
PL MDF 1/2  HIDROFUGO BRAZIL DURATEX,pl mdf 1/2 hidrofugo brazil duratex,pl|mdf|1/2|hidrofugo|brazil|duratex|1/2,,False,False,False
PL MDF 3/8 HIDROFUGO BRAZIL,pl mdf 3/8 hidrofugo brazil,pl|mdf|3/8|hidrofugo|brazil|3/8,,False,False,False
PL PLYWOOD 1/2 PINO S/CARA,pl plywood 1/2 pino s/cara,pl|plywood|1/2|pino|s/cara|1/2,,False,False,False
PL PLYWOOD 3/8 PINO S/CARA,pl plywood 3/8 pino s/cara,pl|plywood|3/8|pino|s/cara|3/8,,False,False,False
COLA AMARILLA UNIVERSAL (105 oz),cola amarilla universal 105 oz,cola|amarilla|universal|105|oz,,False,False,False
TROPICAL LACA NATURAL BRILLO,tropical laca natural brillo,tropical|laca|natural|brillo,Tropical,False,False,False
THINNER  TH-900 TROPICAL,thinner th-900 tropical,thinner|th-900|tropical|TH-900,Tropical,False,False,False
RETARDADOR TROPICAL,retardador tropical,retardador|tropical,Tropical,False,False,False
PRIMER PARA MADERA BLANCO  /RELLENO POWER RIDER 2014,primer para madera blanco /relleno power rider 2014,primer|para|madera|blanco|/relleno|power|rider|2014,,False,False,False
LACA PIGMENTADA BLANCA TROPICAL (6159),laca pigmentada blanca tropical 6159,laca|pigmentada|blanca|tropical|6159,Tropical,False,False,False
SEALER TROPICAL  (6158),sealer tropical 6158,sealer|tropical|6158,Tropical,False,False,False
BARPICOLOR  605 1LT CAOBA  #2 MD BARPIMO,barpicolor 605 1lt caoba 2 md barpimo,barpicolor|605|1lt|caoba|2|md|barpimo,,False,False,False
BARPICOLOR 605 1LT CAOBA  #3 MD BARPIMO,barpicolor 605 1lt caoba 3 md barpimo,barpicolor|605|1lt|caoba|3|md|barpimo,,False,False,False
CAJA DE CLAVOS F-25 (1),caja de clavos f-25 1,caja|clavos|f-25|1,,False,False,False
PAR BISAGRAS DE PRESION CAOBA AC,par bisagras de presion caoba ac,par|bisagras|presion|caoba|ac,,False,False,False
DISCO DE PULIDORA NORTON #50,disco de pulidora norton 50,disco|pulidora|norton|50,,False,False,False
DISCO DE PULIDORA NORTON #60,disco de pulidora norton 60,disco|pulidora|norton|60,,False,False,False
DISCO DE PULIDORA NORTON #80,disco de pulidora norton 80,disco|pulidora|norton|80,,False,False,False
DISCO DE PULIDORA NORTON #100,disco de pulidora norton 100,disco|pulidora|norton|100,,False,False,False
PLIEGO DE LIJA ESMERIL NORTON #60,pliego de lija esmeril norton 60,pliego|lija|esmeril|norton|60,,False,False,False
PLIEGO DE LIJA ESMERIL NORTON #100,pliego de lija esmeril norton 100,pliego|lija|esmeril|norton|100,,False,False,False
PLIEGO DE LIJA ESMERIL NORTON #120,pliego de lija esmeril norton 120,pliego|lija|esmeril|norton|120,,False,False,False
LIJA AGUA DEERFOS #240 AC768,lija agua deerfos 240 ac768,lija|agua|deerfos|240|ac768|AC768,,False,False,False
LIJA AGUA DEERFOS #120 CC768,lija agua deerfos 120 cc768,lija|agua|deerfos|120|cc768|CC768,,False,False,False
LIJA AGUA DEERFOS #220 AC768,lija agua deerfos 220 ac768,lija|agua|deerfos|220|ac768|AC768,,False,False,False
SUSTACHE BLANCO 54 Y/D,sustache blanco 54 y/d,sustache|blanco|54|y/d,,False,False,False
GOMA DE 1/2 BLANCA,goma de 1/2 blanca,goma|1/2|blanca|1/2,,False,False,False
TORNILLO DIABLITO 6x 1 1/2 PULGADA,tornillo diablito 6x 1 1/2 pulgada,"tornillo|diablito|6x|1|1/2|pulgada|1/2|2""",LG,False,False,False
TORNILLO DIABLITO 6x 2 PULGADA,tornillo diablito 6x 2 pulgada,"tornillo|diablito|6x|2|pulgada|2""",LG,False,False,False
MANIJA TIPO PUNO PARA ATAUD,manija tipo puno para ataud,manija|tipo|puno|para|ataud,,False,False,False
1/4 PASTA ACRILICA CANO  (32 OZ),1/4 pasta acrilica cano 32 oz,1/4|pasta|acrilica|cano|32|oz|1/4,Cano,False,False,False
EXTRACTOR DAIWA 25A VEW 10'' PARED,extractor daiwa 25a vew 10 pared,extractor|daiwa|25a|vew|10|pared,Daiwa,False,False,False
BOMBILLO INFRAROJO 250W 120V,bombillo infrarojo 250w 120v,bombillo|infrarojo|250|w|120v|250W,,False,False,False
PENETRANTE (9.6ONZ) WD-40,penetrante 9.6onz wd-40,penetrante|9.6onz|wd-40,,False,False,False
MASCARILLA CON FILTRO DOBLE TRUPER,mascarilla con filtro doble truper,mascarilla|filtro|doble|truper,Truper,False,False,False
MASCARILLA RESPIRADOR PARA PARTICULAS,mascarilla respirador para particulas,mascarilla|respirador|para|particulas,,False,False,False
GAFAS DE PROTECCION,gafas de proteccion,gafas|proteccion,,False,False,False
PROTECTOR AUDITIVO 100/1,protector auditivo 100/1,protector|auditivo|100/1|100/1,,False,False,False
PISTOLA MECANICA PARA SOPLETEAR PISO-1 TRUPER,pistola mecanica para sopletear piso-1 truper,pistola|mecanica|para|sopletear|piso-1|truper,Truper,False,False,False
CEPILLO DE ALAMBRE TRUPER 4 X 16 CEA-54,cepillo de alambre truper 4 x 16 cea-54,cepillo|alambre|truper|4|x|16|cea-54,Truper,False,False,False
Credito a 120 dias,credito a 120 dias,credito|a|120|dias,,False,False,False
Entrega inmediata una vez sea enviada la orden de compras firmada y sellada por las autoridades competentes,entrega inmediata una vez sea enviada la orden de compras firmada y sellada por las autoridades competentes,entrega|inmediata|una|vez|sea|enviada|orden|compras,,False,False,False
FIRMA AUTORIZADA,firma autorizada,firma|autorizada,,False,False,False
ARENA DE EMPAÑETE,arena de empanete,arena|empanete,,False,False,False
ACRLICO AZUL NAVY EXT-INT PRO POPULAR,acrlico azul navy ext-int pro popular,acrlico|azul|navy|ext-int|pro|popular,,False,False,False
SEMIGLOS BLANCO HUESO EXT-INT PRO TROPICAL,semiglos blanco hueso ext-int pro tropical,semiglos|blanco|hueso|ext-int|pro|tropical,Tropical,False,False,False
PINTURA ACRILICA PARA EXTERIOR BLANCA  MATE  POPULAR/50  EXT-INT PRO,pintura acrilica para exterior blanca mate popular/50 ext-int pro,pintura|acrilica|para|exterior|blanca|mate|popular/50|ext-int,,False,False,False
PINTURA POPULAR  ESMALTE GRIS PLATA,pintura popular esmalte gris plata,pintura|popular|esmalte|gris|plata,,False,False,False
PINTURATROPICAL ULTRA ESMALTE NEGRO MATE,pinturatropical ultra esmalte negro mate,pinturatropical|ultra|esmalte|negro|mate,Tropical,False,False,False
RONDANA DE 3'',rondana de 3,rondana|3,,False,False,False
TOLA 1/16 GALVANIZ 4X8,tola 1/16 galvaniz 4x8,tola|1/16|galvaniz|4x8|1/16,,False,False,False
PINTURA ANTIOXIDO,pintura antioxido,pintura|antioxido,,False,False,False
PLANCHA PLAYWOOD DE 1/2,plancha playwood de 1/2,plancha|playwood|1/2|1/2,,False,False,False
BLOCK DE 6'' BISONO,block de 6 bisono,block|6|bisono,,False,False,False
PUERTA DE POLIMETAL BLANCA 0.90 X 2.10M,puerta de polimetal blanca 0.90 x 2.10m,puerta|polimetal|blanca|0.90|x|2.10m,,False,False,False
TAPAS DE METAL PARA CISTERNA 33X33 PULG,tapas de metal para cisterna 33x33 pulg,"tapas|metal|para|cisterna|33x33|pulg|33""",LG,False,False,False
TINACO DE 400GL,tinaco de 400gl,tinaco|400|gal|400 gl,,False,False,False
ALAMBRE #8 AWG,alambre 8 awg,alambre|8|awg,,False,False,False
TOMACORRIENTE 220V 15A BTICINO NOBILE,tomacorriente 220v 15a bticino nobile,tomacorriente|220v|15a|bticino|nobile,,False,False,False
TOMACORRIENTE 110V BTICINO NOBILE,tomacorriente 110v bticino nobile,tomacorriente|110v|bticino|nobile,,False,False,False
ROSETA DE PORCELANA LEVITON,roseta de porcelana leviton,roseta|porcelana|leviton,,False,False,False
LAMPARA LED 2X4,lampara led 2x4,lampara|led|2x4,,False,False,False
INTERRUPTOR TRIPLE BTICINO NOBILE BCO,interruptor triple bticino nobile bco,interruptor|triple|bticino|nobile|bco,,False,False,False
ABANICO DE PARED DAIWA,abanico de pared daiwa,abanico|pared|daiwa,Daiwa,False,False,False
ALAMBRE #10 AWG,alambre 10 awg,alambre|10|awg,,False,False,False
REFLECTOR LED 50W,reflector led 50w,reflector|led|50|w|50W,,False,False,False
ABANICO DE TECHO HUNTER,abanico de techo hunter,abanico|techo|hunter,,False,False,False
BOMBA PEDROLLO 3/4 HP 110V / 220V,bomba pedrollo 3/4 hp 110v / 220v,bomba|pedrollo|3/4|hp|110v|/|220v|3/4,HP,False,False,False
TANQUE PRESURISADO METAL 30GL I/f,tanque presurisado metal 30gl i/f,tanque|presurisado|metal|30|gal|i/f|30 gl,,False,False,False
MANOMETRO P/BOMBA DE AGUA 0-100PSI,manometro p/bomba de agua 0-100psi,manometro|p/bomba|agua|0-100psi,,False,False,False
T DE 5 VIAS,t de 5 vias,t|5|vias,,False,False,False
CONTROL D/AIRE,control d/aire,control|d/aire,,False,False,False
CONTROL AUTOMATICO LEO,control automatico leo,control|automatico|leo,,False,False,False
Credito a 120 dias,credito a 120 dias,credito|a|120|dias,,False,False,False
Entrega inmediata una vez sea enviada la orden de compras firmada y sellada por las autoridades competentes,entrega inmediata una vez sea enviada la orden de compras firmada y sellada por las autoridades competentes,entrega|inmediata|una|vez|sea|enviada|orden|compras,,False,False,False
FIRMA AUTORIZADA,firma autorizada,firma|autorizada,,False,False,False
TUBO DE PRESION DE 12,tubo de presion de 12,tubo|presion|12,,False,False,False
TEE DE 12,tee de 12,tee|12,,False,False,False
CODO DE 12,codo de 12,codo|12,,False,False,False
PERFIL 2X2 H.GALV.1.6,perfil 2x2 h.galv.1.6,perfil|2x2|h.galv.1.6,,False,False,False
PERFIL 2X1 H.GALV.1.6,perfil 2x1 h.galv.1.6,perfil|2x1|h.galv.1.6,,False,False,False
PERFIL 1 1/2 H.GALV.1.6,perfil 1 1/2 h.galv.1.6,perfil|1|1/2|h.galv.1.6|1/2,,False,False,False
PERFIL 4X4 H.GALV.1.6,perfil 4x4 h.galv.1.6,perfil|4x4|h.galv.1.6,,False,False,False
PERFIL 2X3 GALV.,perfil 2x3 galv.,perfil|2x3|galv.,,False,False,False
PLANCHAS DE ALUZIN DE 16,planchas de aluzin de 16,planchas|aluzin|16,,False,False,False
PLANCHAS DE ALUZIN DE 20,planchas de aluzin de 20,planchas|aluzin|20,,False,False,False
PLANCHAS DE ALUZIN DE 25,planchas de aluzin de 25,planchas|aluzin|25,,False,False,False
MALLA 6X50-C9,malla 6x50-c9,malla|6x50-c9,,False,False,False
TUBO DE 2 P/MALLA,tubo de 2 p/malla,tubo|2|p/malla,,False,False,False
TUBO DE 1-1/2 *15 P/MALLA,tubo de 1-1/2 15 p/malla,tubo|1-1/2|15|p/malla|1/2,,False,False,False
TUBO 1/2 H.GALVANIZADO,tubo 1/2 h.galvanizado,tubo|1/2|h.galvanizado|1/2,,False,False,False
TOLA 1/16 GALVANIZ 4X8,tola 1/16 galvaniz 4x8,tola|1/16|galvaniz|4x8|1/16,,False,False,False
SOLDADURA 3/32 LIBRA,soldadura 3/32 libra,soldadura|3/32|libra|3/32,,False,False,False
THINNER  TH-900 TROPICAL,thinner th-900 tropical,thinner|th-900|tropical|TH-900,Tropical,False,False,False
PINTURA OXIDO GRIS TROPICAL GALON,pintura oxido gris tropical galon,pintura|oxido|gris|tropical|galon,Tropical,False,False,False
VIGA 6X4X30 FINA,viga 6x4x30 fina,viga|6x4x30|fina,,False,False,False
GUIAS PLAST- 40X60MM,guias plast- 40x60mm,guias|plast-|40x60|mm,,False,False,False
CAÑOS DE 10X16,canos de 10x16,canos|10x16,Cano,False,False,False
CABALLETES DE ALUZINC DE 10 PIES,caballetes de aluzinc de 10 pies,caballetes|aluzinc|10|pies|10 pies,,False,False,False
TORNILLO P/ALUZINC 14X1 1000/1,tornillo p/aluzinc 14x1 1000/1,tornillo|p/aluzinc|14x1|1000/1|1000/1,,False,False,False
KIT DE INSTALACION DE BOMBA,kit de instalacion de bomba,kit|instalacion|bomba,,True,False,False
Credito a 120 dias,credito a 120 dias,credito|a|120|dias,,False,False,False
Entrega inmediata una vez sea enviada la orden de compras firmada y sellada por las autoridades competentes,entrega inmediata una vez sea enviada la orden de compras firmada y sellada por las autoridades competentes,entrega|inmediata|una|vez|sea|enviada|orden|compras,,False,False,False
FIRMA AUTORIZADA,firma autorizada,firma|autorizada,,False,False,False
"ARQUILER DE 100 BAÑOS PORTATILES STD PARA EVENTOS , INCLUYE: INODORO ,URINAL ,PORTA PAPEL,PORTACANDADO, INDICADOR DE OCUPADO,VENTANILLAS DE VENTILACION, RESPIRADERO,PAPELES DE BAÑO , QUIMICO DESINFECTANTE",arquiler de 100 banos portatiles std para eventos incluye inodoro urinal porta papel portacandado indicador de ocupado ventanillas de ventilacion respiradero papeles de bano quimico desinfectante,arquiler|100|banos|portatiles|std|para|eventos|incluye,,False,False,False
NOTA: SERAN UTILIZADOS EN EL FESTIVAL PALAU 14 Y 15 DE MARZO 2025,nota seran utilizados en el festival palau 14 y 15 de marzo 2025,nota|seran|utilizados|festival|palau|14|15|marzo,,False,False,False
Credito a 120 dias,credito a 120 dias,credito|a|120|dias,,False,False,False
Entrega inmediata una vez sea enviada la orden de compras firmada y sellada por las autoridades competentes,entrega inmediata una vez sea enviada la orden de compras firmada y sellada por las autoridades competentes,entrega|inmediata|una|vez|sea|enviada|orden|compras,,False,False,False
FIRMA AUTORIZADA,firma autorizada,firma|autorizada,,False,False,False
SACO NUEVO DE 45X74 CM,saco nuevo de 45x74 cm,saco|nuevo|45x74|cm,,False,False,False
IMPRESIÓNES SERIGRAFIADAS A UN COLOR,impresiones serigrafiadas a un color,impresiones|serigrafiadas|a|un|color,,False,False,False
Credito a 120 dias,credito a 120 dias,credito|a|120|dias,,False,False,False
Entrega inmediata una vez sea enviada la orden de compras firmada y sellada por las autoridades competentes,entrega inmediata una vez sea enviada la orden de compras firmada y sellada por las autoridades competentes,entrega|inmediata|una|vez|sea|enviada|orden|compras,,False,False,False
FIRMA AUTORIZADA,firma autorizada,firma|autorizada,,False,False,False
PERFIL 2X3 GALV.,perfil 2x3 galv.,perfil|2x3|galv.,,False,False,False
GUIAS PLAST- 40X60MM,guias plast- 40x60mm,guias|plast-|40x60|mm,,False,False,False
KIT DE INSTALACION DE BOMBA,kit de instalacion de bomba,kit|instalacion|bomba,,True,False,False
PERFIL 1 1/2 H.GALV.1.6,perfil 1 1/2 h.galv.1.6,perfil|1|1/2|h.galv.1.6|1/2,,False,False,False
*LOS QUE SE RETIRARON DE UNA COTIZACION Y ESTAN EN ESPERA DE OTRO REQUERIMIENTO*,los que se retiraron de una cotizacion y estan en espera de otro requerimiento,que|se|retiraron|una|cotizacion|estan|espera|otro,,False,False,False
Credito a 120 dias,credito a 120 dias,credito|a|120|dias,,False,False,False
Entrega inmediata una vez sea enviada la orden de compras firmada y sellada por las autoridades competentes,entrega inmediata una vez sea enviada la orden de compras firmada y sellada por las autoridades competentes,entrega|inmediata|una|vez|sea|enviada|orden|compras,,False,False,False
FIRMA AUTORIZADA,firma autorizada,firma|autorizada,,False,False,False
ALAMBRE #10 AWG,alambre 10 awg,alambre|10|awg,,False,False,False
ALAMBRE 12,alambre 12,alambre|12,,False,False,False
ALAMBRE 12/2 AWG PHELPS DODGE,alambre 12/2 awg phelps dodge,alambre|12/2|awg|phelps|dodge|12/2,,False,False,False
ALAMBRE DE GOMA 12/3,alambre de goma 12/3,alambre|goma|12/3|12/3,,False,False,False
ALAMBRE 14 DUPLEX,alambre 14 duplex,alambre|14|duplex,,False,False,False
ALAMBRE #8 AWG,alambre 8 awg,alambre|8|awg,,False,False,False
ALAMBRE VINIL 12-3 GRIS,alambre vinil 12-3 gris,alambre|vinil|12-3|gris,,False,False,False
ALAMBRE VINILO 12-2,alambre vinilo 12-2,alambre|vinilo|12-2,,False,False,False
ALAMBRES NEGROS 3 HILOS  DE GOMA,alambres negros 3 hilos de goma,alambres|negros|3|hilos|goma,,False,False,False
AISLANTES ELECTRICOS (TAPE 3M),aislantes electricos tape 3m,aislantes|electricos|tape|3m,,False,False,False
ALICATE DE LAGARTO,alicate de lagarto,alicate|lagarto,,False,False,False
ALICATE DE PUNTA CURVADA,alicate de punta curvada,alicate|punta|curvada,,False,False,False
ALICATE DE PUNTA LARGA,alicate de punta larga,alicate|punta|larga,,False,False,False
ALICATE DE PUNTA REDONDA,alicate de punta redonda,alicate|punta|redonda,,False,False,False
ALICATE GUARDALINEA,alicate guardalinea,alicate|guardalinea,,False,False,False
ALICATE PLANOS,alicate planos,alicate|planos,,False,False,False
ALICATE PUNTA DE AGUJA,alicate punta de aguja,alicate|punta|aguja,,False,False,False
AMPARIMETROS (TEXTER),amparimetros texter,amparimetros|texter,,False,False,False
BOTAS PARA HOMBRE,botas para hombre,botas|para|hombre,,False,False,False
BREAKERS DE 30 AMP,breakers de 30 amp,breakers|30|amp,,False,False,False
BREAKERS DE 50 AMP,breakers de 50 amp,breakers|50|amp,,False,False,False
BREAKERS DE 100 AMP,breakers de 100 amp,breakers|100|amp,,False,False,False
BREAKERS DE 100 AMP TRIFASICO,breakers de 100 amp trifasico,breakers|100|amp|trifasico,,False,False,False
CANALETAS PARA CABLES,canaletas para cables,canaletas|para|cables,,False,False,False
CAJAS DE GUANTES DE AISLANTES,cajas de guantes de aislantes,cajas|guantes|aislantes,,False,False,False
CAJAS DE BREAKER DE 20 AMP,cajas de breaker de 20 amp,cajas|breaker|20|amp,,False,False,False
CAJAS DE BREAKER DE 20W,cajas de breaker de 20w,cajas|breaker|20|w|20W,,False,False,False
CAJAS DE BREAKER DE 30W,cajas de breaker de 30w,cajas|breaker|30|w|30W,,False,False,False
CAJAS DE LAMPARAS TUBOS DE 32,cajas de lamparas tubos de 32,cajas|lamparas|tubos|32,,False,False,False
CANALETAS DE PARED,canaletas de pared,canaletas|pared,,False,False,False
CANALETAS DE PISO,canaletas de piso,canaletas|piso,,False,False,False
CONECTORES DE CABLES ELECTRICOS,conectores de cables electricos,conectores|cables|electricos,,False,False,False
CORTADORES DE ALAMBRE,cortadores de alambre,cortadores|alambre,,False,False,False
DESTORNILLADORES DE TRIA,destornilladores de tria,destornilladores|tria,,False,False,False
DESTORNILLADORES PLANO,destornilladores plano,destornilladores|plano,,False,False,False
ENCHUFES,enchufes,enchufes,,False,False,False
LAMAPARAS LED 12W PARA INTERIORES PLAFON,lamaparas led 12w para interiores plafon,lamaparas|led|12|w|para|interiores|plafon|12W,,False,False,False
LAMAPRA LED DE POSTES SOLARES 120W,lamapra led de postes solares 120w,lamapra|led|postes|solares|120|w|120W,,False,False,False
LAMAPARA LED INTERIORES REDONDA DE 150W,lamapara led interiores redonda de 150w,lamapara|led|interiores|redonda|150|w|150W,,False,False,False
LAMAPARA LED MULTICOLORES 200W,lamapara led multicolores 200w,lamapara|led|multicolores|200|w|200W,,False,False,False
LAMPARA LED SOLARES COMPLETOS 120W,lampara led solares completos 120w,lampara|led|solares|completos|120|w|120W,,False,False,False
LAMPARA LED TIPO COBRA,lampara led tipo cobra,lampara|led|tipo|cobra,,False,False,False
LAMPARA PRO LED VENTANA INLEC 500W,lampara pro led ventana inlec 500w,lampara|pro|led|ventana|inlec|500|w|500W,,False,False,False
LAMPARA LED 2X4,lampara led 2x4,lampara|led|2x4,,False,False,False
LAMPARA LED LUZ BLANCA REDONDA DE 18W,lampara led luz blanca redonda de 18w,lampara|led|luz|blanca|redonda|18|w|18W,,False,False,False
LAMPARA LED LUZ CALIDAD REDONDA DE 18W,lampara led luz calidad redonda de 18w,lampara|led|luz|calidad|redonda|18|w|18W,,False,False,False
PANELES,paneles,paneles,,False,False,False
PISTOLAS DE TORNILLO ELECTRICAS,pistolas de tornillo electricas,pistolas|tornillo|electricas,,False,False,False
REFLECTORES,reflectores,reflectores,,False,False,False
STRIP DE CONEXIONES (REGLETA),strip de conexiones regleta,strip|conexiones|regleta,,False,False,False
TENAZAS DE RANURA Y LENGÜETA,tenazas de ranura y lengueta,tenazas|ranura|lengueta,,False,False,False
TOMA CORRIENTE (RECEPTACULOS ELECTRICOS),toma corriente receptaculos electricos,toma|corriente|receptaculos|electricos,,False,False,False
TUBOS DE LUCES LED DE 40W,tubos de luces led de 40w,tubos|luces|led|40|w|40W,,False,False,False
TUBOS DE LUCES LED DE 32W,tubos de luces led de 32w,tubos|luces|led|32|w|32W,,False,False,False
OJOS DE BUEY,ojos de buey,ojos|buey,,False,False,False
Credito a 120 dias,credito a 120 dias,credito|a|120|dias,,False,False,False
Entrega inmediata una vez sea enviada la orden de compras firmada y sellada por las autoridades competentes,entrega inmediata una vez sea enviada la orden de compras firmada y sellada por las autoridades competentes,entrega|inmediata|una|vez|sea|enviada|orden|compras,,False,False,False
FIRMA AUTORIZADA,firma autorizada,firma|autorizada,,False,False,False
CABLE 10 AWG THHN NEGRO,cable 10 awg thhn negro,cable|10|awg|thhn|negro,,False,False,False
CABLE 12 AWG THHN NEGRO,cable 12 awg thhn negro,cable|12|awg|thhn|negro,,False,False,False
CABLE GOMA 12/2 SJTW NEGRO,cable goma 12/2 sjtw negro,cable|goma|12/2|sjtw|negro|12/2,,False,False,False
CABLE GOMA 12/3 SJTW NEGRO,cable goma 12/3 sjtw negro,cable|goma|12/3|sjtw|negro|12/3,,False,False,False
CABLE #14 (1.5MM) AWG THHN BLANCO,cable 14 1.5mm awg thhn blanco,cable|14|1.5|mm|awg|thhn|blanco,,False,False,False
CABLE 8 AWG THHN NEGR,cable 8 awg thhn negr,cable|8|awg|thhn|negr,,False,False,False
CABLE VINYL 12/3 UF TW GRIS CORDIFLEX,cable vinyl 12/3 uf tw gris cordiflex,cable|vinyl|12/3|uf|tw|gris|cordiflex|12/3,,False,False,False
CABLE VINYL 12/2 UF TW GRIS CORDIFLEX,cable vinyl 12/2 uf tw gris cordiflex,cable|vinyl|12/2|uf|tw|gris|cordiflex|12/2,,False,False,False
ALAMBRES NEGROS 3 HILOS  DE GOMA,alambres negros 3 hilos de goma,alambres|negros|3|hilos|goma,,False,False,False
TAPE NEGRO ELECTRICO  SCOTCH  SUPER 33 +,tape negro electrico scotch super 33,tape|negro|electrico|scotch|super|33,,False,False,False
"ALICATE UNIVERSAL 13"" TRUPER","alicate universal 13"" truper","alicate|universal|13""|truper|13""",Truper,False,False,False
"PINZA DE PUNTA CURVA 6"" TRUPER 17337","pinza de punta curva 6"" truper 17337","pinza|punta|curva|6""|truper|17337|6""",Truper,False,False,False
ALICATE DE PUNTA LARGA,alicate de punta larga,alicate|punta|larga,,False,False,False
ALICATE DE PUNTA REDONDA,alicate de punta redonda,alicate|punta|redonda,,False,False,False
ALICATE GUARDALINEA,alicate guardalinea,alicate|guardalinea,,False,False,False
ALICATE PLANOS,alicate planos,alicate|planos,,False,False,False
ALICATE PUNTA DE AGUJA,alicate punta de aguja,alicate|punta|aguja,,False,False,False
MULTIMETRO DIGITAL TRUPER MUT-202,multimetro digital truper mut-202,multimetro|digital|truper|mut-202|MUT-202,Truper,False,False,False
BOTA INDUSTRIAL PRETUL #25,bota industrial pretul 25,bota|industrial|pretul|25,,False,False,False
BREAKER GE 1P 30A GRUESO,breaker ge 1p 30a grueso,breaker|ge|1p|30a|grueso,,False,False,False
BREAKER GE 1P 50A GRUESO,breaker ge 1p 50a grueso,breaker|ge|1p|50a|grueso,,False,False,False
BREAKER GE 2P 100A GRUESO,breaker ge 2p 100a grueso,breaker|ge|2p|100a|grueso,,False,False,False
BREAKER GE 3P 100A GRUESO,breaker ge 3p 100a grueso,breaker|ge|3p|100a|grueso,,False,False,False
CANALETA RECTA. 3/4X10MM KOLNY 2070-05,canaleta recta. 3/4x10mm kolny 2070-05,canaleta|recta.|3/4x10|mm|kolny|2070-05,,False,False,False
CAJAS DE GUANTES DE AISLANTES,cajas de guantes de aislantes,cajas|guantes|aislantes,,False,False,False
CAJAS DE BREAKER DE 20 AMP,cajas de breaker de 20 amp,cajas|breaker|20|amp,,False,False,False
CAJAS DE BREAKER DE 20W,cajas de breaker de 20w,cajas|breaker|20|w|20W,,False,False,False
CAJAS DE BREAKER DE 30W,cajas de breaker de 30w,cajas|breaker|30|w|30W,,False,False,False
CAJAS DE LAMPARAS TUBOS DE 32,cajas de lamparas tubos de 32,cajas|lamparas|tubos|32,,False,False,False
CANALETAS DE PARED,canaletas de pared,canaletas|pared,,False,False,False
CANALETAS DE PISO,canaletas de piso,canaletas|piso,,False,False,False
CONECTORES DE CABLES ELECTRICOS,conectores de cables electricos,conectores|cables|electricos,,False,False,False
CORTADORES DE ALAMBRE,cortadores de alambre,cortadores|alambre,,False,False,False
DESTOR. STRIA 3/16X4 TRUPER 100836,destor. stria 3/16x4 truper 100836,destor.|stria|3/16x4|truper|100836,Truper,False,False,False
DESTOR. PLANO 3/16X4 TRUPER 14034,destor. plano 3/16x4 truper 14034,destor.|plano|3/16x4|truper|14034,Truper,False,False,False
ENCHUFE LEVITON 120V AMARILLO 515PV,enchufe leviton 120v amarillo 515pv,enchufe|leviton|120v|amarillo|515pv,,False,False,False
LAMAPARAS LED 12W PARA INTERIORES PLAFON,lamaparas led 12w para interiores plafon,lamaparas|led|12|w|para|interiores|plafon|12W,,False,False,False
LAMAPRA LED DE POSTES SOLARES 120W,lamapra led de postes solares 120w,lamapra|led|postes|solares|120|w|120W,,False,False,False
LAMPARA COLGANTE 150W,lampara colgante 150w,lampara|colgante|150|w|150W,LG,False,False,False
LAMAPARA LED MULTICOLORES 200W,lamapara led multicolores 200w,lamapara|led|multicolores|200|w|200W,,False,False,False
LAMPARA LED SOLARES COMPLETOS 120W,lampara led solares completos 120w,lampara|led|solares|completos|120|w|120W,,False,False,False
LAMPARA LED T/COBRA 100W EMSOL,lampara led t/cobra 100w emsol,lampara|led|t/cobra|100|w|emsol|100W,,False,False,False
LAMPARA PRO LED VENTANA INLEC 500W,lampara pro led ventana inlec 500w,lampara|pro|led|ventana|inlec|500|w|500W,,False,False,False
LAMPARA LED 2X4,lampara led 2x4,lampara|led|2x4,,False,False,False
LAMPARA LED SUPERF. REDON. 18W 3500K,lampara led superf. redon. 18w 3500k,lampara|led|superf.|redon.|18|w|3500k|18W,,False,False,False
LAMPARA LED SUPERF. REDON. 18W ELITE,lampara led superf. redon. 18w elite,lampara|led|superf.|redon.|18|w|elite|18W,,False,False,False
PANEL CUADRADO LED 2X2 40W 6000K,panel cuadrado led 2x2 40w 6000k,panel|cuadrado|led|2x2|40|w|6000k|40W,,False,False,False
TALADRO BOSCH PROFESIONAL 650W GBH-220D,taladro bosch profesional 650w gbh-220d,taladro|bosch|profesional|650|w|gbh-220d|GBH-220D|650W,Bosch,False,False,False
REFLECTORES,reflectores,reflectores,,False,False,False
STRIP DE CONEXIONES (REGLETA),strip de conexiones regleta,strip|conexiones|regleta,,False,False,False
TENAZAS DE RANURA Y LENGÜETA,tenazas de ranura y lengueta,tenazas|ranura|lengueta,,False,False,False
TOMA CORRIENTE (RECEPTACULOS ELECTRICOS),toma corriente receptaculos electricos,toma|corriente|receptaculos|electricos,,False,False,False
TUBOS DE LUCES LED DE 40W,tubos de luces led de 40w,tubos|luces|led|40|w|40W,,False,False,False
TUBO LED 2C. 32W,tubo led 2c. 32w,tubo|led|2c.|32|w|32W,,False,False,False
LAMPARA  OJO D/BUEY LED 3W,lampara ojo d/buey led 3w,lampara|ojo|d/buey|led|3|w|3W,,False,False,False
Credito a 120 dias,credito a 120 dias,credito|a|120|dias,,False,False,False
Entrega inmediata una vez sea enviada la orden de compras firmada y sellada por las autoridades competentes,entrega inmediata una vez sea enviada la orden de compras firmada y sellada por las autoridades competentes,entrega|inmediata|una|vez|sea|enviada|orden|compras,,False,False,False
FIRMA AUTORIZADA,firma autorizada,firma|autorizada,,False,False,False
ESCALERA D/EXTENSION 32FT FIBRA,escalera d/extension 32ft fibra,escalera|d/extension|32ft|fibra|32 pies,,False,False,False
ESCALERA TIJERA D/12 PIES,escalera tijera d/12 pies,escalera|tijera|d/12|pies|12 pies,,False,False,False
ESCALERA 40 PIES D/EXTENSION,escalera 40 pies d/extension,escalera|40|pies|d/extension|40 pies,,False,False,False
Credito a 120 dias,credito a 120 dias,credito|a|120|dias,,False,False,False
Entrega inmediata una vez sea enviada la orden de compras firmada y sellada por las autoridades competentes,entrega inmediata una vez sea enviada la orden de compras firmada y sellada por las autoridades competentes,entrega|inmediata|una|vez|sea|enviada|orden|compras,,False,False,False
FIRMA AUTORIZADA,firma autorizada,firma|autorizada,,False,False,False
CEMENTO GRIS SANTO DOMINGO  94 LB,cemento gris santo domingo 94 lb,cemento|gris|santo|domingo|94|lb|94 lb,,False,False,False
ARENA ITABO,arena itabo,arena|itabo,,False,False,False
ARENA LAVADA,arena lavada,arena|lavada,,False,False,False
GRAVA 3/4'',grava 3/4,grava|3/4|3/4,,False,False,False
BLOCK DE 6'' BISONO,block de 6 bisono,block|6|bisono,,False,False,False
MALLA 6X50-C9,malla 6x50-c9,malla|6x50-c9,,False,False,False
Credito a 120 dias,credito a 120 dias,credito|a|120|dias,,False,False,False
Entrega inmediata una vez sea enviada la orden de compras firmada y sellada por las autoridades competentes,entrega inmediata una vez sea enviada la orden de compras firmada y sellada por las autoridades competentes,entrega|inmediata|una|vez|sea|enviada|orden|compras,,False,False,False
FIRMA AUTORIZADA,firma autorizada,firma|autorizada,,False,False,False
MALLA 6X50-C9,malla 6x50-c9,malla|6x50-c9,,False,False,False
TUBO DE 2 P/MALLA,tubo de 2 p/malla,tubo|2|p/malla,,False,False,False
Credito a 120 dias,credito a 120 dias,credito|a|120|dias,,False,False,False
Entrega inmediata una vez sea enviada la orden de compras firmada y sellada por las autoridades competentes,entrega inmediata una vez sea enviada la orden de compras firmada y sellada por las autoridades competentes,entrega|inmediata|una|vez|sea|enviada|orden|compras,,False,False,False
FIRMA AUTORIZADA,firma autorizada,firma|autorizada,,False,False,False
CEMENTO GRIS TITAN 94 LB,cemento gris titan 94 lb,cemento|gris|titan|94|lb|94 lb,,False,False,False
GRAVA 3/4'',grava 3/4,grava|3/4|3/4,,False,False,False
VARILLA 1/2'',varilla 1/2,varilla|1/2|1/2,,False,False,False
VARILLA 3/8'',varilla 3/8,varilla|3/8|3/8,,False,False,False
VARILLA 1/4'',varilla 1/4,varilla|1/4|1/4,,False,False,False
ARENA LAVADA,arena lavada,arena|lavada,,False,False,False
ARENA ITABO,arena itabo,arena|itabo,,False,False,False
BLOCK DE 6'' BISONO,block de 6 bisono,block|6|bisono,,False,False,False
CLAVO DULCE 2 1/2'',clavo dulce 2 1/2,clavo|dulce|2|1/2|1/2,,False,False,False
CLAVO DULCE DE 4'',clavo dulce de 4,clavo|dulce|4,,False,False,False
CLAVO DE ACERO 2 1/2'',clavo de acero 2 1/2,clavo|acero|2|1/2|1/2,,False,False,False
CLAVO DE ACERO DE 4'',clavo de acero de 4,clavo|acero|4,,False,False,False
ALAMBRE CAL 18 GALVANIZADO ASTM A641,alambre cal 18 galvanizado astm a641,alambre|cal|18|galvanizado|astm|a641|A641,,False,False,False
PICO TRAMOTINA,pico tramotina,pico|tramotina,,False,False,False
PALA CUADRADA TRAMOTINA,pala cuadrada tramotina,pala|cuadrada|tramotina,,False,False,False
CARRETILLA TRUPER,carretilla truper,carretilla|truper,Truper,False,False,False
CARRETILLLA REFORZADA PARA ASFALTO TRAMOTINA,carretillla reforzada para asfalto tramotina,carretillla|reforzada|para|asfalto|tramotina,,False,False,False
ESCOBILLON PLASTICO FIBRA LEOPARDO,escobillon plastico fibra leopardo,escobillon|plastico|fibra|leopardo,,False,False,False
MARTILLO M/FIBRA KENDO,martillo m/fibra kendo,martillo|m/fibra|kendo,,False,False,False
RASTRILLO DE ASFALTO PRETUL,rastrillo de asfalto pretul,rastrillo|asfalto|pretul,,False,False,False
"TUBO PVC DE 12''X19 , SDR-41 CORVI",tubo pvc de 12 x19 sdr-41 corvi,tubo|pvc|12|x19|sdr-41|corvi,,False,False,False
"TUBO PVC DE 8''X19 , SDR-41 CORVI",tubo pvc de 8 x19 sdr-41 corvi,tubo|pvc|8|x19|sdr-41|corvi,,False,False,False
BROCHA DE 2'' ATLAS,brocha de 2 atlas,brocha|2|atlas,,False,False,False
BROCHA DE 2 1/2'' ATLAS,brocha de 2 1/2 atlas,brocha|2|1/2|atlas|1/2,,False,False,False
BROCHA DE 3'' ATLAS,brocha de 3 atlas,brocha|3|atlas,,False,False,False
BROCHA DE 4'' ATLAS,brocha de 4 atlas,brocha|4|atlas,,False,False,False
MOTA 6'' ANTI-GOTA LANCO,mota 6 anti-gota lanco,mota|6|anti-gota|lanco,,False,False,False
PORTA ROLO PA-576-19 LANCO,porta rolo pa-576-19 lanco,porta|rolo|pa-576-19|lanco|PA-576-19,,False,False,False
VARA PARA PINTAR BYP,vara para pintar byp,vara|para|pintar|byp,,False,False,False
VARA PARA EXTENSION BYP,vara para extension byp,vara|para|extension|byp,,False,False,False
TAPE DE VINIL 3M-33 SCOTCH,tape de vinil 3m-33 scotch,tape|vinil|3m-33|scotch,,False,False,False
ALAMBRE DE VINIL 12/2 AWG PHELPS DODGE,alambre de vinil 12/2 awg phelps dodge,alambre|vinil|12/2|awg|phelps|dodge|12/2,,False,False,False
ALAMBRE DE VINIL 14/2 AWG PHELPS DODGE,alambre de vinil 14/2 awg phelps dodge,alambre|vinil|14/2|awg|phelps|dodge|14/2,,False,False,False
CINTA DE MEDIR ELECTRICA GUIA-30 DE TRUPER,cinta de medir electrica guia-30 de truper,cinta|medir|electrica|guia-30|truper,Truper,False,False,False
"NIVEL GRANDE KENDO MODELO 35256 DE 48""","nivel grande kendo modelo 35256 de 48""","nivel|grande|kendo|modelo|35256|48""|48""",,False,False,False
"NIVEL MEDIANO KENDO MODELO 35256 DE 32""","nivel mediano kendo modelo 35256 de 32""","nivel|mediano|kendo|modelo|35256|32""|32""",,False,False,False
PINTURA ALTO TRANSITO (AMARILLO TRAFICO) TROPICAL/POPULAR,pintura alto transito amarillo trafico tropical/popular,pintura|alto|transito|amarillo|trafico|tropical/popular,Tropical,False,False,False
PINTURA ALTO TRANSITO (BLANCO TRAFICO) TROPICAL/POPULAR,pintura alto transito blanco trafico tropical/popular,pintura|alto|transito|blanco|trafico|tropical/popular,Tropical,False,False,False
THINNER AAA-3000 GL POPULAR/TROPICAL,thinner aaa-3000 gl popular/tropical,thinner|aaa-3000|gal|popular/tropical|AAA-3000|3000 gl,Tropical,False,False,False
PINTURA ACRILICA AZUL POSITVO TROPICAL/POPULAR,pintura acrilica azul positvo tropical/popular,pintura|acrilica|azul|positvo|tropical/popular,Tropical,False,False,False
PINTURA ACRILICA VERDE POSITVO TROPICAL/POPULAR,pintura acrilica verde positvo tropical/popular,pintura|acrilica|verde|positvo|tropical/popular,Tropical,False,False,False
PINTURA ACRILICA ROJO POSITVO TROPICAL/POPULAR,pintura acrilica rojo positvo tropical/popular,pintura|acrilica|rojo|positvo|tropical/popular,Tropical,False,False,False
PINTURA ACRILICA AMARILLO POSITVO TROPICAL/POPULAR,pintura acrilica amarillo positvo tropical/popular,pintura|acrilica|amarillo|positvo|tropical/popular,Tropical,False,False,False
PINTURA ACRILICA BLANCA 00 TROPICAL/POPULAR,pintura acrilica blanca 00 tropical/popular,pintura|acrilica|blanca|00|tropical/popular,Tropical,False,False,False
FOTOCELDAS 1800VA GENERICO,fotoceldas 1800va generico,fotoceldas|1800va|generico,Generico,False,False,False
"BOMBILLAS DE 150 W ,HPS (HIGH PRESSURE SODIUM)",bombillas de 150 w hps high pressure sodium,bombillas|150|w|hps|high|pressure|sodium|150W,HP,False,False,False
CONECTORES PARA TRIPLEX 2/0 GENERICO,conectores para triplex 2/0 generico,conectores|para|triplex|2/0|generico|2/0,Generico,False,False,False
FIRMA AUTORIZADA,firma autorizada,firma|autorizada,,False,False,False
CONSTRUCCION DE MUROS DE SHEETROK,construccion de muros de sheetrok,construccion|muros|sheetrok,,False,False,False
VENTANAS CORREDIZAS TIPO P.65 (1.50X1.50),ventanas corredizas tipo p.65 1.50x1.50,ventanas|corredizas|tipo|p.65|1.50x1.50,,False,False,False
IPERMIABILIZANTE DE TECHO A BASE DE LONA ASFALTICA 4KG GRANULAR (3MM) DE ESPESOR Y TERMINADO,ipermiabilizante de techo a base de lona asfaltica 4kg granular 3mm de espesor y terminado,ipermiabilizante|techo|a|base|lona|asfaltica|4|kg|4 kg,,False,False,False
Credito a 120 dias,credito a 120 dias,credito|a|120|dias,,False,False,False
Entrega inmediata una vez sea enviada la orden de compras firmada y sellada por las autoridades competentes,entrega inmediata una vez sea enviada la orden de compras firmada y sellada por las autoridades competentes,entrega|inmediata|una|vez|sea|enviada|orden|compras,,False,False,False
FIRMA AUTORIZADA,firma autorizada,firma|autorizada,,False,False,False
HILO PARA CORTADORA DE GRAMA  3.3MM X 237M htr5/podar truper,hilo para cortadora de grama 3.3mm x 237m htr5/podar truper,hilo|para|cortadora|grama|3.3|mm|x|237m|HTR5,Truper,False,False,False
Credito a 60 dias,credito a 60 dias,credito|a|60|dias,,False,False,False
Entrega inmediata una vez sea enviada la orden de compras,entrega inmediata una vez sea enviada la orden de compras,entrega|inmediata|una|vez|sea|enviada|orden|compras,,False,False,False
FIRMA AUTORIZADA,firma autorizada,firma|autorizada,,False,False,False
PL MDF 1/2  HIDROFUGO BRAZIL DURATEX,pl mdf 1/2 hidrofugo brazil duratex,pl|mdf|1/2|hidrofugo|brazil|duratex|1/2,,False,False,False
PL MDF 3/8 HIDROFUGO BRAZIL,pl mdf 3/8 hidrofugo brazil,pl|mdf|3/8|hidrofugo|brazil|3/8,,False,False,False
PL PLYWOOD 1/2 PINO S/CARA,pl plywood 1/2 pino s/cara,pl|plywood|1/2|pino|s/cara|1/2,,False,False,False
PL PLYWOOD 3/8 PINO S/CARA,pl plywood 3/8 pino s/cara,pl|plywood|3/8|pino|s/cara|3/8,,False,False,False
COLA AMARILLA UNIVERSAL (105 oz),cola amarilla universal 105 oz,cola|amarilla|universal|105|oz,,False,False,False
TROPICAL LACA NATURAL BRILLO,tropical laca natural brillo,tropical|laca|natural|brillo,Tropical,False,False,False
THINNER  TH-900 TROPICAL,thinner th-900 tropical,thinner|th-900|tropical|TH-900,Tropical,False,False,False
RETARDADOR TROPICAL,retardador tropical,retardador|tropical,Tropical,False,False,False
PRIMER PARA MADERA BLANCO  /RELLENO POWER RIDER 2014,primer para madera blanco /relleno power rider 2014,primer|para|madera|blanco|/relleno|power|rider|2014,,False,False,False
LACA PIGMENTADA BLANCA TROPICAL (6159),laca pigmentada blanca tropical 6159,laca|pigmentada|blanca|tropical|6159,Tropical,False,False,False
SEALER TROPICAL  (6158),sealer tropical 6158,sealer|tropical|6158,Tropical,False,False,False
BARPICOLOR  605 1LT CAOBA  #2 MD BARPIMO,barpicolor 605 1lt caoba 2 md barpimo,barpicolor|605|1lt|caoba|2|md|barpimo,,False,False,False
BARPICOLOR 605 1LT CAOBA  #3 MD BARPIMO,barpicolor 605 1lt caoba 3 md barpimo,barpicolor|605|1lt|caoba|3|md|barpimo,,False,False,False
CAJA DE CLAVOS F-25 (1),caja de clavos f-25 1,caja|clavos|f-25|1,,False,False,False
PAR BISAGRAS DE PRESION CAOBA AC,par bisagras de presion caoba ac,par|bisagras|presion|caoba|ac,,False,False,False
DISCO DE PULIDORA NORTON #50,disco de pulidora norton 50,disco|pulidora|norton|50,,False,False,False
DISCO DE PULIDORA NORTON #60,disco de pulidora norton 60,disco|pulidora|norton|60,,False,False,False
DISCO DE PULIDORA NORTON #80,disco de pulidora norton 80,disco|pulidora|norton|80,,False,False,False
DISCO DE PULIDORA NORTON #100,disco de pulidora norton 100,disco|pulidora|norton|100,,False,False,False
PLIEGO DE LIJA ESMERIL NORTON #60,pliego de lija esmeril norton 60,pliego|lija|esmeril|norton|60,,False,False,False
PLIEGO DE LIJA ESMERIL NORTON #100,pliego de lija esmeril norton 100,pliego|lija|esmeril|norton|100,,False,False,False
PLIEGO DE LIJA ESMERIL NORTON #120,pliego de lija esmeril norton 120,pliego|lija|esmeril|norton|120,,False,False,False
LIJA AGUA DEERFOS #240 AC768,lija agua deerfos 240 ac768,lija|agua|deerfos|240|ac768|AC768,,False,False,False
LIJA AGUA DEERFOS #120 CC768,lija agua deerfos 120 cc768,lija|agua|deerfos|120|cc768|CC768,,False,False,False
LIJA AGUA DEERFOS #220 AC768,lija agua deerfos 220 ac768,lija|agua|deerfos|220|ac768|AC768,,False,False,False
SUSTACHE BLANCO 54 Y/D,sustache blanco 54 y/d,sustache|blanco|54|y/d,,False,False,False
GOMA DE 1/2 BLANCA,goma de 1/2 blanca,goma|1/2|blanca|1/2,,False,False,False
TORNILLO DIABLITO 6x 1 1/2 PULGADA,tornillo diablito 6x 1 1/2 pulgada,"tornillo|diablito|6x|1|1/2|pulgada|1/2|2""",LG,False,False,False
TORNILLO DIABLITO 6x 2 PULGADA,tornillo diablito 6x 2 pulgada,"tornillo|diablito|6x|2|pulgada|2""",LG,False,False,False
MANIJA TIPO PUNO PARA ATAUD,manija tipo puno para ataud,manija|tipo|puno|para|ataud,,False,False,False
1/4 PASTA ACRILICA CANO  (32 OZ),1/4 pasta acrilica cano 32 oz,1/4|pasta|acrilica|cano|32|oz|1/4,Cano,False,False,False
EXTRACTOR DAIWA 25A VEW 10'' PARED,extractor daiwa 25a vew 10 pared,extractor|daiwa|25a|vew|10|pared,Daiwa,False,False,False
BOMBILLO INFRAROJO 250W 120V,bombillo infrarojo 250w 120v,bombillo|infrarojo|250|w|120v|250W,,False,False,False
PENETRANTE (9.6ONZ) WD-40,penetrante 9.6onz wd-40,penetrante|9.6onz|wd-40,,False,False,False
MASCARILLA CON FILTRO DOBLE TRUPER,mascarilla con filtro doble truper,mascarilla|filtro|doble|truper,Truper,False,False,False
MASCARILLA RESPIRADOR PARA PARTICULAS,mascarilla respirador para particulas,mascarilla|respirador|para|particulas,,False,False,False
GAFAS DE PROTECCION,gafas de proteccion,gafas|proteccion,,False,False,False
PROTECTOR AUDITIVO 100/1,protector auditivo 100/1,protector|auditivo|100/1|100/1,,False,False,False
PISTOLA MECANICA PARA SOPLETEAR PISO-1 TRUPER,pistola mecanica para sopletear piso-1 truper,pistola|mecanica|para|sopletear|piso-1|truper,Truper,False,False,False
CEPILLO DE ALAMBRE TRUPER 4 X 16 CEA-54,cepillo de alambre truper 4 x 16 cea-54,cepillo|alambre|truper|4|x|16|cea-54,Truper,False,False,False
Credito a 120 dias,credito a 120 dias,credito|a|120|dias,,False,False,False
Entrega inmediata una vez sea enviada la orden de compras firmada y sellada por las autoridades competentes,entrega inmediata una vez sea enviada la orden de compras firmada y sellada por las autoridades competentes,entrega|inmediata|una|vez|sea|enviada|orden|compras,,False,False,False
FIRMA AUTORIZADA,firma autorizada,firma|autorizada,,False,False,False
HORMIGON 210 KG/CM,hormigon 210 kg/cm,hormigon|210|kg/cm|210 kg,,False,False,False
PERFIL 4X4 H.GALV.1.6,perfil 4x4 h.galv.1.6,perfil|4x4|h.galv.1.6,,False,False,False
TUBO DE 10X2 P/MALLA,tubo de 10x2 p/malla,tubo|10x2|p/malla,,False,False,False
Credito a 120 dias,credito a 120 dias,credito|a|120|dias,,False,False,False
Entrega inmediata una vez sea enviada la orden de compras firmada y sellada por las autoridades competentes,entrega inmediata una vez sea enviada la orden de compras firmada y sellada por las autoridades competentes,entrega|inmediata|una|vez|sea|enviada|orden|compras,,False,False,False
FIRMA AUTORIZADA,firma autorizada,firma|autorizada,,False,False,False
MALLA 6X50-C9,malla 6x50-c9,malla|6x50-c9,,False,False,False
TUBO DE 2 P/MALLA,tubo de 2 p/malla,tubo|2|p/malla,,False,False,False
CABLE 12 AWG THHN NEGRO,cable 12 awg thhn negro,cable|12|awg|thhn|negro,,False,False,False
ALAMBRE DE PUA 16'',alambre de pua 16,alambre|pua|16,,False,False,False
CEMENTO GRIS SANTO DOMINGO  94 LB,cemento gris santo domingo 94 lb,cemento|gris|santo|domingo|94|lb|94 lb,,False,False,False
ARENA LAVADA,arena lavada,arena|lavada,,False,False,False
DISCO CORTE METAL INOX 9x5/64  9x5/64 METABO,disco corte metal inox 9x5/64 9x5/64 metabo,disco|corte|metal|inox|9x5/64|9x5/64|metabo,,False,False,False
SOLDADURA 3/32 LIBRA,soldadura 3/32 libra,soldadura|3/32|libra|3/32,,False,False,False
TAPE DE VINIL 3M-33 SCOTCH,tape de vinil 3m-33 scotch,tape|vinil|3m-33|scotch,,False,False,False
TAPE NEGRO DE GOMA ELECTRICO  SCOTCH  3M,tape negro de goma electrico scotch 3m,tape|negro|goma|electrico|scotch|3m,,False,False,False
TAPE TRUPER BLANCO,tape truper blanco,tape|truper|blanco,Truper,False,False,False
CONECTOR KIT,conector kit,conector|kit,,False,False,False
BROCHA DE 3'' ATLAS,brocha de 3 atlas,brocha|3|atlas,,False,False,False
BROCHA DE 4'' ATLAS,brocha de 4 atlas,brocha|4|atlas,,False,False,False
MOTAS ANTIGOTAS 9'' EM,motas antigotas 9 em,motas|antigotas|9|em,,False,False,False
PORTA ROLO PA-576-19 LANCO,porta rolo pa-576-19 lanco,porta|rolo|pa-576-19|lanco|PA-576-19,,False,False,False
"PINCELES WINDSOR & NEWTON, ROYAL Y LANGNIKEL Y  PRICENTON (16 UND)",pinceles windsor newton royal y langnikel y pricenton 16 und,pinceles|windsor|newton|royal|langnikel|pricenton|16|und,,False,False,False
BREAKER GE 1P 30A GRUESO,breaker ge 1p 30a grueso,breaker|ge|1p|30a|grueso,,False,False,False
CANDADO DE BRONCE YALE ITALY 70MM,candado de bronce yale italy 70mm,candado|bronce|yale|italy|70|mm,,False,False,False
GRAVA CALIZA,grava caliza,grava|caliza,,False,False,False
VARA PARA PINTAR BYP,vara para pintar byp,vara|para|pintar|byp,,False,False,False
ESCALERA TIJERA D/12 PIES,escalera tijera d/12 pies,escalera|tijera|d/12|pies|12 pies,,False,False,False
HILO PARA CORTADORA DE GRAMA  3.3MM X 237M htr5/podar truper,hilo para cortadora de grama 3.3mm x 237m htr5/podar truper,hilo|para|cortadora|grama|3.3|mm|x|237m|HTR5,Truper,False,False,False
Credito a 120 dias,credito a 120 dias,credito|a|120|dias,,False,False,False
Entrega inmediata una vez sea enviada la orden de compras firmada y sellada por las autoridades competentes,entrega inmediata una vez sea enviada la orden de compras firmada y sellada por las autoridades competentes,entrega|inmediata|una|vez|sea|enviada|orden|compras,,False,False,False
FIRMA AUTORIZADA,firma autorizada,firma|autorizada,,False,False,False
TUBO DE PRESION DE 12,tubo de presion de 12,tubo|presion|12,,False,False,False
TEE DE 12,tee de 12,tee|12,,False,False,False
CODO DE 12,codo de 12,codo|12,,False,False,False
PERFIL 2X2 H.GALV.1.6,perfil 2x2 h.galv.1.6,perfil|2x2|h.galv.1.6,,False,False,False
PERFIL 2X1 H.GALV.1.6,perfil 2x1 h.galv.1.6,perfil|2x1|h.galv.1.6,,False,False,False
PERFIL 1 1/2 H.GALV.1.6,perfil 1 1/2 h.galv.1.6,perfil|1|1/2|h.galv.1.6|1/2,,False,False,False
PERFIL 4X4 H.GALV.1.6,perfil 4x4 h.galv.1.6,perfil|4x4|h.galv.1.6,,False,False,False
PLANCHAS DE ALUZINC DE 16,planchas de aluzinc de 16,planchas|aluzinc|16,,False,False,False
PLANCHAS DE ALUZINC DE 20,planchas de aluzinc de 20,planchas|aluzinc|20,,False,False,False
PLANCHAS DE ALUZINC DE 25,planchas de aluzinc de 25,planchas|aluzinc|25,,False,False,False
MALLA 6X50-C9,malla 6x50-c9,malla|6x50-c9,,False,False,False
TUBO DE 2X20  P/MALLA,tubo de 2x20 p/malla,tubo|2x20|p/malla,,False,False,False
TUBO DE 1-1/2 *15 P/MALLA,tubo de 1-1/2 15 p/malla,tubo|1-1/2|15|p/malla|1/2,,False,False,False
TUBO 1/2 H.GALVANIZADO,tubo 1/2 h.galvanizado,tubo|1/2|h.galvanizado|1/2,,False,False,False
TOLA 1/16 GALVANIZADA 4X8,tola 1/16 galvanizada 4x8,tola|1/16|galvanizada|4x8|1/16,,False,False,False
SOLDADURA,soldadura,soldadura,,False,False,False
THINNER  TH-900 TROPICAL,thinner th-900 tropical,thinner|th-900|tropical|TH-900,Tropical,False,False,False
PINTURA OXIDO GRIS TROPICAL GALON,pintura oxido gris tropical galon,pintura|oxido|gris|tropical|galon,Tropical,False,False,False
VIGA 6X4X30 FINA,viga 6x4x30 fina,viga|6x4x30|fina,,False,False,False
CAÑOS DE 10X16,canos de 10x16,canos|10x16,Cano,False,False,False
CABALLETES DE ALUZINC DE 10 PIES,caballetes de aluzinc de 10 pies,caballetes|aluzinc|10|pies|10 pies,,False,False,False
TORNILLO P/ALUZINC 14X1 1000/1,tornillo p/aluzinc 14x1 1000/1,tornillo|p/aluzinc|14x1|1000/1|1000/1,,False,False,False
Credito a 120 dias,credito a 120 dias,credito|a|120|dias,,False,False,False
Entrega inmediata una vez sea enviada la orden de compras firmada y sellada por las autoridades competentes,entrega inmediata una vez sea enviada la orden de compras firmada y sellada por las autoridades competentes,entrega|inmediata|una|vez|sea|enviada|orden|compras,,False,False,False
FIRMA AUTORIZADA,firma autorizada,firma|autorizada,,False,False,False
CEMENTO GRIS SANTO DOMINGO  94 LB,cemento gris santo domingo 94 lb,cemento|gris|santo|domingo|94|lb|94 lb,,False,False,False
Credito a 120 dias,credito a 120 dias,credito|a|120|dias,,False,False,False
Entrega inmediata una vez sea enviada la orden de compras firmada y sellada por las autoridades competentes,entrega inmediata una vez sea enviada la orden de compras firmada y sellada por las autoridades competentes,entrega|inmediata|una|vez|sea|enviada|orden|compras,,False,False,False
FIRMA AUTORIZADA,firma autorizada,firma|autorizada,,False,False,False
MALLA 6X50-C9,malla 6x50-c9,malla|6x50-c9,,False,False,False
HILO PARA CORTADORA DE GRAMA  3.3MM X 237M htr5/podar truper,hilo para cortadora de grama 3.3mm x 237m htr5/podar truper,hilo|para|cortadora|grama|3.3|mm|x|237m|HTR5,Truper,False,False,False
Credito a 120 dias,credito a 120 dias,credito|a|120|dias,,False,False,False
Entrega inmediata una vez sea enviada la orden de compras firmada y sellada por las autoridades competentes,entrega inmediata una vez sea enviada la orden de compras firmada y sellada por las autoridades competentes,entrega|inmediata|una|vez|sea|enviada|orden|compras,,False,False,False
FIRMA AUTORIZADA,firma autorizada,firma|autorizada,,False,False,False
AGREGADO FINO (ARENA) LAVADA KHOURY/GRUPO ALTERRA,agregado fino arena lavada khoury/grupo alterra,agregado|fino|arena|lavada|khoury/grupo|alterra,,False,False,False
AGREGADO FINO (ARENA) DE EMPAÑETE KHOURY/GRUPO ALTERRA,agregado fino arena de empanete khoury/grupo alterra,agregado|fino|arena|empanete|khoury/grupo|alterra,,False,False,False
AGREGADO GRUESO (GRAVA) 3/4 KHOURY/GRUPO ALTERRA,agregado grueso grava 3/4 khoury/grupo alterra,agregado|grueso|grava|3/4|khoury/grupo|alterra|3/4,,False,False,False
AGREGADO FINO (ARENA) ITABO KHOURY/GRUPO ALTERRA,agregado fino arena itabo khoury/grupo alterra,agregado|fino|arena|itabo|khoury/grupo|alterra,,False,False,False
Credito a 120 dias,credito a 120 dias,credito|a|120|dias,,False,False,False
Entrega inmediata una vez sea enviada la orden de compras firmada y sellada por las autoridades competentes,entrega inmediata una vez sea enviada la orden de compras firmada y sellada por las autoridades competentes,entrega|inmediata|una|vez|sea|enviada|orden|compras,,False,False,False
FIRMA AUTORIZADA,firma autorizada,firma|autorizada,,False,False,False
MALLA 6X50-C9,malla 6x50-c9,malla|6x50-c9,,False,False,False
TUBO DE 2X20 P/MALLA,tubo de 2x20 p/malla,tubo|2x20|p/malla,,False,False,False
HILO PARA CORTADORA DE GRAMA  3.3MM X 237M htr5/podar truper,hilo para cortadora de grama 3.3mm x 237m htr5/podar truper,hilo|para|cortadora|grama|3.3|mm|x|237m|HTR5,Truper,False,False,False
Credito a 120 dias,credito a 120 dias,credito|a|120|dias,,False,False,False
Entrega inmediata una vez sea enviada la orden de compras firmada y sellada por las autoridades competentes,entrega inmediata una vez sea enviada la orden de compras firmada y sellada por las autoridades competentes,entrega|inmediata|una|vez|sea|enviada|orden|compras,,False,False,False
FIRMA AUTORIZADA,firma autorizada,firma|autorizada,,False,False,False
CEMENTO GRIS SANTO DOMINGO  94 LB,cemento gris santo domingo 94 lb,cemento|gris|santo|domingo|94|lb|94 lb,,False,False,False
PALA CUADRADA TRUPER,pala cuadrada truper,pala|cuadrada|truper,Truper,False,False,False
CHALECO REFLECTIVO NARANJA,chaleco reflectivo naranja,chaleco|reflectivo|naranja,,False,False,False
GUANTES DE CUERO Y TELA TIPO LONETA,guantes de cuero y tela tipo loneta,guantes|cuero|tela|tipo|loneta,,False,False,False
PALA REDONDA CON MANGO DE MADERA TRUPER,pala redonda con mango de madera truper,pala|redonda|mango|madera|truper,Truper,False,False,False
PALA PEQUEÑA TRUPER,pala pequena truper,pala|pequena|truper,Truper,False,False,False
PICO TRUPER MANGO DE MADERA,pico truper mango de madera,pico|truper|mango|madera,Truper,False,False,False
Credito a 120 dias,credito a 120 dias,credito|a|120|dias,,False,False,False
Entrega inmediata una vez sea enviada la orden de compras firmada y sellada por las autoridades competentes,entrega inmediata una vez sea enviada la orden de compras firmada y sellada por las autoridades competentes,entrega|inmediata|una|vez|sea|enviada|orden|compras,,False,False,False
FIRMA AUTORIZADA,firma autorizada,firma|autorizada,,False,False,False
MADERA BRUTA AMERICANA 1 X 10 X 14,madera bruta americana 1 x 10 x 14,madera|bruta|americana|1|x|10|x|14,,False,False,False
1/4 PASTA ACRILICA CANO BLANCA  (32 OZ),1/4 pasta acrilica cano blanca 32 oz,1/4|pasta|acrilica|cano|blanca|32|oz|1/4,Cano,False,False,False
1/4 PASTA ACRILICA CANO MARRON  (32 OZ),1/4 pasta acrilica cano marron 32 oz,1/4|pasta|acrilica|cano|marron|32|oz|1/4,Cano,False,False,False
ADAPTADOE DE RUTER DE 1/2 A UN 1/4,adaptadoe de ruter de 1/2 a un 1/4,adaptadoe|ruter|1/2|a|un|1/4|1/2,,False,False,False
"ALICATE DE PRESION 10""","alicate de presion 10""","alicate|presion|10""|10""",,False,False,False
BARPICOLOR  605 1LT CAOBA  #2 MD BARPIMO,barpicolor 605 1lt caoba 2 md barpimo,barpicolor|605|1lt|caoba|2|md|barpimo,,False,False,False
BARPICOLOR 605 1LT CAOBA  #3 MD BARPIMO,barpicolor 605 1lt caoba 3 md barpimo,barpicolor|605|1lt|caoba|3|md|barpimo,,False,False,False
BARRA AGARRADERA PARA ATAUD 6 1/2 pies,barra agarradera para ataud 6 1/2 pies,barra|agarradera|para|ataud|6|1/2|pies|1/2|2 pies,,False,False,False
CAJA DE CLAVOS F-25 (1),caja de clavos f-25 1,caja|clavos|f-25|1,,False,False,False
CINTA METRICA 5MTS,cinta metrica 5mts,cinta|metrica|5mts,,False,False,False
COLA AMARILLA UNIVERSAL (105 oz),cola amarilla universal 105 oz,cola|amarilla|universal|105|oz,,False,False,False
CRISTAL 16x12 de 3/16,cristal 16x12 de 3/16,cristal|16x12|3/16|3/16,,False,False,False
DESTOR. PLANO 1/4X4,destor. plano 1/4x4,destor.|plano|1/4x4,,False,False,False
DESTOR. STRIA 1/4X4,destor. stria 1/4x4,destor.|stria|1/4x4,,False,False,False
"DISCO DE CORTE MADERA STANLEY 10""  40T","disco de corte madera stanley 10"" 40t","disco|corte|madera|stanley|10""|40t|10""",,False,False,False
"DISCO DE CORTE STANLEY 12""  40T","disco de corte stanley 12"" 40t","disco|corte|stanley|12""|40t|12""",,False,False,False
DISCO DE PULIDORA NORTON #100,disco de pulidora norton 100,disco|pulidora|norton|100,,False,False,False
DISCO DE PULIDORA NORTON #50,disco de pulidora norton 50,disco|pulidora|norton|50,,False,False,False
DISCO DE PULIDORA NORTON #60,disco de pulidora norton 60,disco|pulidora|norton|60,,False,False,False
DISCO DE PULIDORA NORTON #80,disco de pulidora norton 80,disco|pulidora|norton|80,,False,False,False
ESTOPA DE LUSTRE LB,estopa de lustre lb,estopa|lustre|lb,,False,False,False
GOMA DE 1/2 BLANCA,goma de 1/2 blanca,goma|1/2|blanca|1/2,,False,False,False
GRAPAS PARA GRAPADORA NEUMATICA 7/10,grapas para grapadora neumatica 7/10,grapas|para|grapadora|neumatica|7/10|7/10,,False,False,False
GUANTE GOMA NEGRO IND (10L Y 10M),guante goma negro ind 10l y 10m,guante|goma|negro|ind|10l|10m|10 l,,False,False,False
GUANTE OBRERO NARANJA TRUPER 14246,guante obrero naranja truper 14246,guante|obrero|naranja|truper|14246,Truper,False,False,False
JUEGO DE LLAVE ALLEN TRUPER,juego de llave allen truper,juego|llave|allen|truper,Truper,False,False,False
LACA PIGMENTADA BLANCA TROPICAL (6159),laca pigmentada blanca tropical 6159,laca|pigmentada|blanca|tropical|6159,Tropical,False,False,False
LIJA AGUA DEERFOS #120 CC768,lija agua deerfos 120 cc768,lija|agua|deerfos|120|cc768|CC768,,False,False,False
LIJA AGUA DEERFOS #240 AC768,lija agua deerfos 240 ac768,lija|agua|deerfos|240|ac768|AC768,,False,False,False
MANIJA TIPO PUNO PARA ATAUD,manija tipo puno para ataud,manija|tipo|puno|para|ataud,,False,False,False
MARCO DE SEGUETA,marco de segueta,marco|segueta,,False,False,False
MARTILLO TRUPER 07OZ MA-7,martillo truper 07oz ma-7,martillo|truper|07oz|ma-7,Truper,False,False,False
MARTILLO TRUPER 16OZ MAR-16,martillo truper 16oz mar-16,martillo|truper|16oz|mar-16,Truper,False,False,False
MASCARILLA RESPIRADOR PARA PARTICULAS,mascarilla respirador para particulas,mascarilla|respirador|para|particulas,,False,False,False
PAPEL PLASTICO EN ROLLO 18X15000 STRETCH FILM,papel plastico en rollo 18x15000 stretch film,papel|plastico|rollo|18x15000|stretch|film,,False,False,False
PAR BISAGRAS DE PRESION CAOBA AC,par bisagras de presion caoba ac,par|bisagras|presion|caoba|ac,,False,False,False
PINZA DE CORTE DIAGONAL 8,pinza de corte diagonal 8,pinza|corte|diagonal|8,,False,False,False
PISTOLA PARA PINTAR TRUPER COD.1900,pistola para pintar truper cod.1900,pistola|para|pintar|truper|cod.1900,Truper,False,False,False
PL MDF 1/2  HIDROFUGO BRAZIL DURATEX,pl mdf 1/2 hidrofugo brazil duratex,pl|mdf|1/2|hidrofugo|brazil|duratex|1/2,,False,False,False
PL MDF 3/8 HIDROFUGO BRAZIL,pl mdf 3/8 hidrofugo brazil,pl|mdf|3/8|hidrofugo|brazil|3/8,,False,False,False
PL PLYWOOD 1/2 PINO S/CARA,pl plywood 1/2 pino s/cara,pl|plywood|1/2|pino|s/cara|1/2,,False,False,False
PL PLYWOOD 3/8 PINO S/CARA,pl plywood 3/8 pino s/cara,pl|plywood|3/8|pino|s/cara|3/8,,False,False,False
PLIEGO DE LIJA ESMERIL NORTON #100,pliego de lija esmeril norton 100,pliego|lija|esmeril|norton|100,,False,False,False
PRIMER PARA MADERA BLANCO  /RELLENO POWER RIDER 2014,primer para madera blanco /relleno power rider 2014,primer|para|madera|blanco|/relleno|power|rider|2014,,False,False,False
PROTECCION AUDITIVA TRUPER,proteccion auditiva truper,proteccion|auditiva|truper,Truper,False,False,False
PROTECTOR AUDITIVO 100/1,protector auditivo 100/1,protector|auditivo|100/1|100/1,,False,False,False
"PUNTA P/ DES. #3  2""  5/1","punta p/ des. 3 2"" 5/1","punta|p/|des.|3|2""|5/1|5/1|2""",,False,False,False
"PUNTA PARA DES #2 2""  5/1","punta para des 2 2"" 5/1","punta|para|des|2|2""|5/1|5/1|2""",,False,False,False
RETARDADOR POPULAR,retardador popular,retardador|popular,,False,False,False
TROPICAL SEALER   (6158),tropical sealer 6158,tropical|sealer|6158,Tropical,False,False,False
TROPICAL THINNER  TH-900,tropical thinner th-900,tropical|thinner|th-900|TH-900,Tropical,False,False,False
TORNILLO DIABLITO 6x 1 1/2 PULGADA,tornillo diablito 6x 1 1/2 pulgada,"tornillo|diablito|6x|1|1/2|pulgada|1/2|2""",LG,False,False,False
TORNILLO DIABLITO 6x 2 PULGADA,tornillo diablito 6x 2 pulgada,"tornillo|diablito|6x|2|pulgada|2""",LG,False,False,False
TORNILLOS 8X1 FMB P/DIABLITO,tornillos 8x1 fmb p/diablito,tornillos|8x1|fmb|p/diablito,,False,False,False
POPULAR LACA NATURAL BRILLO,popular laca natural brillo,popular|laca|natural|brillo,,False,False,False
UNIFORME TIPO OVEROL SIZE (8 L Y 4 M),uniforme tipo overol size 8 l y 4 m,uniforme|tipo|overol|size|8|l|4|m|8 l,,False,False,False
Credito a 120 dias,credito a 120 dias,credito|a|120|dias,,False,False,False
Entrega inmediata una vez sea enviada la orden de compras firmada y sellada por las autoridades competentes,entrega inmediata una vez sea enviada la orden de compras firmada y sellada por las autoridades competentes,entrega|inmediata|una|vez|sea|enviada|orden|compras,,False,False,False
FIRMA AUTORIZADA,firma autorizada,firma|autorizada,,False,False,False
"CAPA IMPERMEABLE, TRUPER SIZE M",capa impermeable truper size m,capa|impermeable|truper|size|m,Truper,False,False,False
"CAPA IMPERMEABLE, TRUPER SIZE L",capa impermeable truper size l,capa|impermeable|truper|size|l,Truper,False,False,False
"CAPA IMPERMEABLE, TRUPER SIZE XL",capa impermeable truper size xl,capa|impermeable|truper|size|xl,Truper,False,False,False
Credito a 120 dias,credito a 120 dias,credito|a|120|dias,,False,False,False
Entrega inmediata una vez sea enviada la orden de compras firmada y sellada por las autoridades competentes,entrega inmediata una vez sea enviada la orden de compras firmada y sellada por las autoridades competentes,entrega|inmediata|una|vez|sea|enviada|orden|compras,,False,False,False
FIRMA AUTORIZADA,firma autorizada,firma|autorizada,,False,False,False
PORTA ROLO REFOLSADO TRUPER,porta rolo refolsado truper,porta|rolo|refolsado|truper,Truper,False,False,False
MINI PORTA ROLO,mini porta rolo,mini|porta|rolo,,False,False,False
VARA PARA EXTENSION,vara para extension,vara|para|extension,,False,False,False
MASKING TAPE BLANCO,masking tape blanco,masking|tape|blanco,,False,False,False
ESPATULA DE 3'',espatula de 3,espatula|3,,False,False,False
Credito a 120 dias,credito a 120 dias,credito|a|120|dias,,False,False,False
Entrega inmediata una vez sea enviada la orden de compras firmada y sellada por las autoridades competentes,entrega inmediata una vez sea enviada la orden de compras firmada y sellada por las autoridades competentes,entrega|inmediata|una|vez|sea|enviada|orden|compras,,False,False,False
FIRMA AUTORIZADA,firma autorizada,firma|autorizada,,False,False,False
BLOCK DE 6'' BISONO,block de 6 bisono,block|6|bisono,,False,False,False
Credito a 120 dias,credito a 120 dias,credito|a|120|dias,,False,False,False
Entrega inmediata una vez sea enviada la orden de compras firmada y sellada por las autoridades competentes,entrega inmediata una vez sea enviada la orden de compras firmada y sellada por las autoridades competentes,entrega|inmediata|una|vez|sea|enviada|orden|compras,,False,False,False
FIRMA AUTORIZADA,firma autorizada,firma|autorizada,,False,False,False
AGREGADO GRUESO (GRAVA CALIZA) 3/4,agregado grueso grava caliza 3/4,agregado|grueso|grava|caliza|3/4|3/4,,False,False,False
Credito a 120 dias,credito a 120 dias,credito|a|120|dias,,False,False,False
Entrega inmediata una vez sea enviada la orden de compras firmada y sellada por las autoridades competentes,entrega inmediata una vez sea enviada la orden de compras firmada y sellada por las autoridades competentes,entrega|inmediata|una|vez|sea|enviada|orden|compras,,False,False,False
FIRMA AUTORIZADA,firma autorizada,firma|autorizada,,False,False,False
PINTURA ACRILICA PARA EXTERIOR POPULAR/00,pintura acrilica para exterior popular/00,pintura|acrilica|para|exterior|popular/00,,False,False,False
AZUL POSITIVO PINTURA ACRILICA POPULAR,azul positivo pintura acrilica popular,azul|positivo|pintura|acrilica|popular,,False,False,False
ROJO POSITIVO PINTURA ACRILICA POPULAR,rojo positivo pintura acrilica popular,rojo|positivo|pintura|acrilica|popular,,False,False,False
VERDE POSITIVO PINTURA ACRILICA POPULAR,verde positivo pintura acrilica popular,verde|positivo|pintura|acrilica|popular,,False,False,False
AMARILLO POSITIVO PINTURA ACRILICA TROPICAL/POPULAR,amarillo positivo pintura acrilica tropical/popular,amarillo|positivo|pintura|acrilica|tropical/popular,Tropical,False,False,False
NEGRO 53 POSITIVO 'PINTURA  CONTRACTOR  TROPICAL,negro 53 positivo pintura contractor tropical,negro|53|positivo|pintura|contractor|tropical,Tropical,False,False,False
PINTURA ALTO TRANSITO POPULAR  AMARILLO TRAFICO,pintura alto transito popular amarillo trafico,pintura|alto|transito|popular|amarillo|trafico,,False,False,False
PINTURA ALTO TRANSITO TROPICAL  BLANCO TRAFICO,pintura alto transito tropical blanco trafico,pintura|alto|transito|tropical|blanco|trafico,Tropical,False,False,False
Credito a 120 dias,credito a 120 dias,credito|a|120|dias,,False,False,False
Entrega inmediata una vez sea enviada la orden de compras firmada y sellada por las autoridades competentes,entrega inmediata una vez sea enviada la orden de compras firmada y sellada por las autoridades competentes,entrega|inmediata|una|vez|sea|enviada|orden|compras,,False,False,False
FIRMA AUTORIZADA,firma autorizada,firma|autorizada,,False,False,False
ARENA DE EMPAÑETE,arena de empanete,arena|empanete,,False,False,False
ACRLICO AZUL NAVY EXT-INT PRO POPULAR,acrlico azul navy ext-int pro popular,acrlico|azul|navy|ext-int|pro|popular,,False,False,False
SEMIGLOS BLANCO HUESO EXT-INT PRO TROPICAL,semiglos blanco hueso ext-int pro tropical,semiglos|blanco|hueso|ext-int|pro|tropical,Tropical,False,False,False
PINTURA ACRILICA PARA EXTERIOR BLANCA  MATE  POPULAR/50  EXT-INT PRO,pintura acrilica para exterior blanca mate popular/50 ext-int pro,pintura|acrilica|para|exterior|blanca|mate|popular/50|ext-int,,False,False,False
PINTURA POPULAR  ESMALTE GRIS PLATA,pintura popular esmalte gris plata,pintura|popular|esmalte|gris|plata,,False,False,False
PINTURATROPICAL ULTRA ESMALTE NEGRO MATE,pinturatropical ultra esmalte negro mate,pinturatropical|ultra|esmalte|negro|mate,Tropical,False,False,False
RONDANA DE 3'',rondana de 3,rondana|3,,False,False,False
TOLA 1/16 GALVANIZ 4X8,tola 1/16 galvaniz 4x8,tola|1/16|galvaniz|4x8|1/16,,False,False,False
PINTURA ANTIOXIDO,pintura antioxido,pintura|antioxido,,False,False,False
PLANCHA PLAYWOOD DE 1/2,plancha playwood de 1/2,plancha|playwood|1/2|1/2,,False,False,False
BLOCK DE 6'' BISONO,block de 6 bisono,block|6|bisono,,False,False,False
PUERTA DE POLIMETAL BLANCA 0.90 X 2.10M,puerta de polimetal blanca 0.90 x 2.10m,puerta|polimetal|blanca|0.90|x|2.10m,,False,False,False
TAPAS DE METAL PARA CISTERNA 33X33 PULG,tapas de metal para cisterna 33x33 pulg,"tapas|metal|para|cisterna|33x33|pulg|33""",LG,False,False,False
TINACO DE 400GL,tinaco de 400gl,tinaco|400|gal|400 gl,,False,False,False
ALAMBRE #8 AWG,alambre 8 awg,alambre|8|awg,,False,False,False
TOMACORRIENTE 220V 15A BTICINO NOBILE,tomacorriente 220v 15a bticino nobile,tomacorriente|220v|15a|bticino|nobile,,False,False,False
TOMACORRIENTE 110V BTICINO NOBILE,tomacorriente 110v bticino nobile,tomacorriente|110v|bticino|nobile,,False,False,False
ROSETA DE PORCELANA LEVITON,roseta de porcelana leviton,roseta|porcelana|leviton,,False,False,False
LAMPARA LED 2X4,lampara led 2x4,lampara|led|2x4,,False,False,False
INTERRUPTOR TRIPLE BTICINO NOBILE BCO,interruptor triple bticino nobile bco,interruptor|triple|bticino|nobile|bco,,False,False,False
ABANICO DE PARED DAIWA,abanico de pared daiwa,abanico|pared|daiwa,Daiwa,False,False,False
ALAMBRE #10 AWG,alambre 10 awg,alambre|10|awg,,False,False,False
REFLECTOR LED 50W,reflector led 50w,reflector|led|50|w|50W,,False,False,False
ABANICO DE TECHO HUNTER,abanico de techo hunter,abanico|techo|hunter,,False,False,False
BOMBA PEDROLLO 3/4 HP 110V / 220V,bomba pedrollo 3/4 hp 110v / 220v,bomba|pedrollo|3/4|hp|110v|/|220v|3/4,HP,False,False,False
TANQUE PRESURISADO METAL 30GL I/f,tanque presurisado metal 30gl i/f,tanque|presurisado|metal|30|gal|i/f|30 gl,,False,False,False
MANOMETRO P/BOMBA DE AGUA 0-100PSI,manometro p/bomba de agua 0-100psi,manometro|p/bomba|agua|0-100psi,,False,False,False
T DE 5 VIAS,t de 5 vias,t|5|vias,,False,False,False
CONTROL D/AIRE,control d/aire,control|d/aire,,False,False,False
CONTROL AUTOMATICO LEO,control automatico leo,control|automatico|leo,,False,False,False
Credito a 120 dias,credito a 120 dias,credito|a|120|dias,,False,False,False
Entrega inmediata una vez sea enviada la orden de compras firmada y sellada por las autoridades competentes,entrega inmediata una vez sea enviada la orden de compras firmada y sellada por las autoridades competentes,entrega|inmediata|una|vez|sea|enviada|orden|compras,,False,False,False
FIRMA AUTORIZADA,firma autorizada,firma|autorizada,,False,False,False
BLOCK DE 6'' BISONO,block de 6 bisono,block|6|bisono,,False,False,False
CEMENTO GRIS SANTO DOMINGO  94 LB,cemento gris santo domingo 94 lb,cemento|gris|santo|domingo|94|lb|94 lb,,False,False,False
AGREGADO FINO (ARENA) LAVADA,agregado fino arena lavada,agregado|fino|arena|lavada,,False,False,False
AGREGADO GRUESO (GRAVA) 3/4,agregado grueso grava 3/4,agregado|grueso|grava|3/4|3/4,,False,False,False
ALAMBRE CAL-16,alambre cal-16,alambre|cal-16,,False,False,False
VARILLA DE 3/8'',varilla de 3/8,varilla|3/8|3/8,,False,False,False
AGREGADO FINO (ARENA) ITABO,agregado fino arena itabo,agregado|fino|arena|itabo,,False,False,False
MEZCLA PAÑETE 42.5 KG/94 LB,mezcla panete 42.5 kg/94 lb,mezcla|panete|42.5|kg/94|lb|42.5 kg,,False,False,False
Credito a 120 dias,credito a 120 dias,credito|a|120|dias,,False,False,False
Entrega inmediata una vez sea enviada la orden de compras firmada y sellada por las autoridades competentes,entrega inmediata una vez sea enviada la orden de compras firmada y sellada por las autoridades competentes,entrega|inmediata|una|vez|sea|enviada|orden|compras,,False,False,False
FIRMA AUTORIZADA,firma autorizada,firma|autorizada,,False,False,False
PINTURA ACRILICA PARA EXTERIOR BLANCA 50   POPULAR/00 TROPICAL  PRO,pintura acrilica para exterior blanca 50 popular/00 tropical pro,pintura|acrilica|para|exterior|blanca|50|popular/00|tropical,Tropical,False,False,False
PINTURA POPULAR EXT-INT PRO  ARENA 23,pintura popular ext-int pro arena 23,pintura|popular|ext-int|pro|arena|23,,False,False,False
PINTURA ACRILICA PARA EXTERIOR BLANCO COLONIAL  POPULAR 66 /TROPICAL 01 PRO,pintura acrilica para exterior blanco colonial popular 66 /tropical 01 pro,pintura|acrilica|para|exterior|blanco|colonial|popular|66,Tropical,False,False,False
PINTURA POPULAR  ESMALTE GRIS ARENA 62,pintura popular esmalte gris arena 62,pintura|popular|esmalte|gris|arena|62,,False,False,False
PINTURA EN AEROSOL NEGRO CON BRILLO 12/1,pintura en aerosol negro con brillo 12/1,pintura|aerosol|negro|brillo|12/1|12/1,,False,False,False
Credito a 120 dias,credito a 120 dias,credito|a|120|dias,,False,False,False
Entrega inmediata una vez sea enviada la orden de compras firmada y sellada por las autoridades competentes,entrega inmediata una vez sea enviada la orden de compras firmada y sellada por las autoridades competentes,entrega|inmediata|una|vez|sea|enviada|orden|compras,,False,False,False
FIRMA AUTORIZADA,firma autorizada,firma|autorizada,,False,False,False
GUANTES DE CUERO  P/ OBRERO (CARNAZA),guantes de cuero p/ obrero carnaza,guantes|cuero|p/|obrero|carnaza,,False,False,False
CHALECO REFLECTIVO NARANJA,chaleco reflectivo naranja,chaleco|reflectivo|naranja,,False,False,False
MASCARILLA CON FILTRO DOBLE PRETUL/TRUPER,mascarilla con filtro doble pretul/truper,mascarilla|filtro|doble|pretul/truper,Truper,False,False,False
MASCARILLA DESECHABLES KN95,mascarilla desechables kn95,mascarilla|desechables|kn95|KN95,,False,False,False
CAPA P/AGUA 1 PZA AMARILLA,capa p/agua 1 pza amarilla,capa|p/agua|1|pza|amarilla,,False,False,False
BOTA DE GOMA DEL #39 AL #45 LARGA NEGRA DINOSAURIO,bota de goma del 39 al 45 larga negra dinosaurio,bota|goma|39|al|45|larga|negra|dinosaurio,,False,False,False
CONO PVC 70 CM CON REFLECTIVO,cono pvc 70 cm con reflectivo,cono|pvc|70|cm|reflectivo,,False,False,False
Credito a 120 dias,credito a 120 dias,credito|a|120|dias,,False,False,False
Entrega inmediata una vez sea enviada la orden de compras firmada y sellada por las autoridades competentes,entrega inmediata una vez sea enviada la orden de compras firmada y sellada por las autoridades competentes,entrega|inmediata|una|vez|sea|enviada|orden|compras,,False,False,False
FIRMA AUTORIZADA,firma autorizada,firma|autorizada,,False,False,False
MALLA 6X50-C9,malla 6x50-c9,malla|6x50-c9,,False,False,False
TUBO DE 2 P/MALLA,tubo de 2 p/malla,tubo|2|p/malla,,False,False,False
Credito a 120 dias,credito a 120 dias,credito|a|120|dias,,False,False,False
Entrega inmediata una vez sea enviada la orden de compras firmada y sellada por las autoridades competentes,entrega inmediata una vez sea enviada la orden de compras firmada y sellada por las autoridades competentes,entrega|inmediata|una|vez|sea|enviada|orden|compras,,False,False,False
FIRMA AUTORIZADA,firma autorizada,firma|autorizada,,False,False,False
GUANTES DE CUERO (CARNAZA),guantes de cuero carnaza,guantes|cuero|carnaza,,False,False,False
CHALECO REFLECTIVO NARANJA,chaleco reflectivo naranja,chaleco|reflectivo|naranja,,False,False,False
MASCARILLA CON FILTRO DOBLE TRUPER,mascarilla con filtro doble truper,mascarilla|filtro|doble|truper,Truper,False,False,False
MASCARILLA RESPIRADOR PARA PARTICULAS,mascarilla respirador para particulas,mascarilla|respirador|para|particulas,,False,False,False
CAPA P/AGUA 1 PZA AMARILLA,capa p/agua 1 pza amarilla,capa|p/agua|1|pza|amarilla,,False,False,False
BOTA DE GOMA DEL #39 AL #45 LARGA NEGRA DINOSAURIO,bota de goma del 39 al 45 larga negra dinosaurio,bota|goma|39|al|45|larga|negra|dinosaurio,,False,False,False
CONO PVC 70 CM CON REFLECTIVO,cono pvc 70 cm con reflectivo,cono|pvc|70|cm|reflectivo,,False,False,False
Credito a 120 dias,credito a 120 dias,credito|a|120|dias,,False,False,False
Entrega inmediata una vez sea enviada la orden de compras firmada y sellada por las autoridades competentes,entrega inmediata una vez sea enviada la orden de compras firmada y sellada por las autoridades competentes,entrega|inmediata|una|vez|sea|enviada|orden|compras,,False,False,False
FIRMA AUTORIZADA,firma autorizada,firma|autorizada,,False,False,False
PINTURA ACRILICA PARA EXTERIOR BLANCA 50   POPULAR/00 TROPICAL  PRO,pintura acrilica para exterior blanca 50 popular/00 tropical pro,pintura|acrilica|para|exterior|blanca|50|popular/00|tropical,Tropical,False,False,False
PINTURA ACRILICA AZUL POSITIVO POPULAR/TROPICAL,pintura acrilica azul positivo popular/tropical,pintura|acrilica|azul|positivo|popular/tropical,Tropical,False,False,False
PINTURA ACRILICA ROJO POSITVO POPULAR/TROPICAL,pintura acrilica rojo positvo popular/tropical,pintura|acrilica|rojo|positvo|popular/tropical,Tropical,False,False,False
PINTURA ACRILICA VERDE POSITIVO TROPICAL/POPULAR,pintura acrilica verde positivo tropical/popular,pintura|acrilica|verde|positivo|tropical/popular,Tropical,False,False,False
PINTURA ACRILICA AMARILLO POSITIVO TROPICAL/POPULAR,pintura acrilica amarillo positivo tropical/popular,pintura|acrilica|amarillo|positivo|tropical/popular,Tropical,False,False,False
PINTURA TROPICAL CONTRACTOR NEGRO 53 POSITIVO,pintura tropical contractor negro 53 positivo,pintura|tropical|contractor|negro|53|positivo,Tropical,False,False,False
PINTURA ALTO TRANSITO (AMARILLO TRAFICO) POPULAR/TROPICAL,pintura alto transito amarillo trafico popular/tropical,pintura|alto|transito|amarillo|trafico|popular/tropical,Tropical,False,False,False
PINTURA ALTO TRANSITO (BLANCO TRAFICO) TROPICAL/POPULAR,pintura alto transito blanco trafico tropical/popular,pintura|alto|transito|blanco|trafico|tropical/popular,Tropical,False,False,False
MOTAS ANTIGOTAS 9'' EM,motas antigotas 9 em,motas|antigotas|9|em,,False,False,False
PORTA ROLO PA-576-19 LANCO,porta rolo pa-576-19 lanco,porta|rolo|pa-576-19|lanco|PA-576-19,,False,False,False
THINNER  TH-900 TROPICAL,thinner th-900 tropical,thinner|th-900|tropical|TH-900,Tropical,False,False,False
BROCHA DE 2'' ATLAS,brocha de 2 atlas,brocha|2|atlas,,False,False,False
BROCHA DE 3'' ATLAS,brocha de 3 atlas,brocha|3|atlas,,False,False,False
BROCHA DE 4'' ATLAS,brocha de 4 atlas,brocha|4|atlas,,False,False,False
Credito a 120 dias,credito a 120 dias,credito|a|120|dias,,False,False,False
Entrega inmediata una vez sea enviada la orden de compras firmada y sellada por las autoridades competentes,entrega inmediata una vez sea enviada la orden de compras firmada y sellada por las autoridades competentes,entrega|inmediata|una|vez|sea|enviada|orden|compras,,False,False,False
FIRMA AUTORIZADA,firma autorizada,firma|autorizada,,False,False,False
LAPIZ DE CARBON AMARILLO 12/1,lapiz de carbon amarillo 12/1,lapiz|carbon|amarillo|12/1|12/1,,False,False,False
CUADERNO FUSION 200 PAG,cuaderno fusion 200 pag,cuaderno|fusion|200|pag,,False,False,False
BORRADOR 6X2CM,borrador 6x2cm,borrador|6x2|cm,,False,False,False
TEMPERA 6/1,tempera 6/1,tempera|6/1|6/1,,False,False,False
LAPIZ DE COLOR 12/1,lapiz de color 12/1,lapiz|color|12/1|12/1,,False,False,False
EGA BLANCA 40G,ega blanca 40g,ega|blanca|40g,,False,False,False
SET DE GEOMETRIA,set de geometria,set|geometria,,False,False,False
SACAPUNTA,sacapunta,sacapunta,,False,False,False
Credito a 120 dias,credito a 120 dias,credito|a|120|dias,,False,False,False
Entrega inmediata una vez sea enviada la orden de compras firmada y sellada por las autoridades competentes,entrega inmediata una vez sea enviada la orden de compras firmada y sellada por las autoridades competentes,entrega|inmediata|una|vez|sea|enviada|orden|compras,,False,False,False
FIRMA AUTORIZADA,firma autorizada,firma|autorizada,,False,False,False
CAPA P/AGUA 1 PZA AMARILLA,capa p/agua 1 pza amarilla,capa|p/agua|1|pza|amarilla,,False,False,False
BOTA DE GOMA DEL #39 AL #45 LARGA NEGRA DINOSAURIO,bota de goma del 39 al 45 larga negra dinosaurio,bota|goma|39|al|45|larga|negra|dinosaurio,,False,False,False
LINTERNA TACTICA POLICE FORCE J2 LED PFCL2F54,linterna tactica police force j2 led pfcl2f54,linterna|tactica|police|force|j2|led|pfcl2f54|PFCL2F54,,False,False,False
TASER TYPE 928,taser type 928,taser|type|928,,False,False,False
Credito a 120 dias,credito a 120 dias,credito|a|120|dias,,False,False,False
Entrega inmediata una vez sea enviada la orden de compras firmada y sellada por las autoridades competentes,entrega inmediata una vez sea enviada la orden de compras firmada y sellada por las autoridades competentes,entrega|inmediata|una|vez|sea|enviada|orden|compras,,False,False,False
FIRMA AUTORIZADA,firma autorizada,firma|autorizada,,False,False,False
2812013 RECOGEDOR LINDA C/PALO  PALOS 32 PULG LINDA,2812013 recogedor linda c/palo palos 32 pulg linda,"2812013|recogedor|linda|c/palo|palos|32|pulg|linda|32""",LG,False,False,False
RASTRILLO PLASTICO,rastrillo plastico,rastrillo|plastico,,False,False,False
ESCOBILLON PLASTICO FIBRA LEOPARDO,escobillon plastico fibra leopardo,escobillon|plastico|fibra|leopardo,,False,False,False
Credito a 120 dias,credito a 120 dias,credito|a|120|dias,,False,False,False
Entrega inmediata una vez sea enviada la orden de compras firmada y sellada por las autoridades competentes,entrega inmediata una vez sea enviada la orden de compras firmada y sellada por las autoridades competentes,entrega|inmediata|una|vez|sea|enviada|orden|compras,,False,False,False
FIRMA AUTORIZADA,firma autorizada,firma|autorizada,,False,False,False
PINTURA ACRILICA PARA EXTERIOR BLANCA 50   POPULAR/00 TROPICAL  PRO,pintura acrilica para exterior blanca 50 popular/00 tropical pro,pintura|acrilica|para|exterior|blanca|50|popular/00|tropical,Tropical,False,False,False
PINTURA ACRILICA AZUL POSITIVO POPULAR/TROPICAL,pintura acrilica azul positivo popular/tropical,pintura|acrilica|azul|positivo|popular/tropical,Tropical,False,False,False
PINTURA ACRILICA ROJO POSITVO POPULAR/TROPICAL,pintura acrilica rojo positvo popular/tropical,pintura|acrilica|rojo|positvo|popular/tropical,Tropical,False,False,False
PINTURA ACRILICA VERDE POSITIVO TROPICAL/POPULAR,pintura acrilica verde positivo tropical/popular,pintura|acrilica|verde|positivo|tropical/popular,Tropical,False,False,False
PINTURA ACRILICA AMARILLO POSITIVO TROPICAL/POPULAR,pintura acrilica amarillo positivo tropical/popular,pintura|acrilica|amarillo|positivo|tropical/popular,Tropical,False,False,False
PINTURA TROPICAL CONTRACTOR NEGRO 53 POSITIVO,pintura tropical contractor negro 53 positivo,pintura|tropical|contractor|negro|53|positivo,Tropical,False,False,False
PINTURA ALTO TRANSITO (AMARILLO TRAFICO) POPULAR/TROPICAL,pintura alto transito amarillo trafico popular/tropical,pintura|alto|transito|amarillo|trafico|popular/tropical,Tropical,False,False,False
PINTURA ALTO TRANSITO (BLANCO TRAFICO) TROPICAL/POPULAR,pintura alto transito blanco trafico tropical/popular,pintura|alto|transito|blanco|trafico|tropical/popular,Tropical,False,False,False
MOTAS ANTIGOTAS 9'' EM,motas antigotas 9 em,motas|antigotas|9|em,,False,False,False
PORTA ROLO PA-576-19 LANCO,porta rolo pa-576-19 lanco,porta|rolo|pa-576-19|lanco|PA-576-19,,False,False,False
THINNER  TH-900 TROPICAL,thinner th-900 tropical,thinner|th-900|tropical|TH-900,Tropical,False,False,False
BROCHA DE 2'' ATLAS,brocha de 2 atlas,brocha|2|atlas,,False,False,False
BROCHA DE 3'' ATLAS,brocha de 3 atlas,brocha|3|atlas,,False,False,False
BROCHA DE 4'' ATLAS,brocha de 4 atlas,brocha|4|atlas,,False,False,False
Credito a 120 dias,credito a 120 dias,credito|a|120|dias,,False,False,False
Entrega inmediata una vez sea enviada la orden de compras firmada y sellada por las autoridades competentes,entrega inmediata una vez sea enviada la orden de compras firmada y sellada por las autoridades competentes,entrega|inmediata|una|vez|sea|enviada|orden|compras,,False,False,False
FIRMA AUTORIZADA,firma autorizada,firma|autorizada,,False,False,False
GUANTES DE CUERO  P/ OBRERO (CARNAZA),guantes de cuero p/ obrero carnaza,guantes|cuero|p/|obrero|carnaza,,False,False,False
CHALECO REFLECTIVO NARANJA,chaleco reflectivo naranja,chaleco|reflectivo|naranja,,False,False,False
MASCARILLA CON FILTRO DOBLE PRETUL/TRUPER,mascarilla con filtro doble pretul/truper,mascarilla|filtro|doble|pretul/truper,Truper,False,False,False
MASCARILLA DESECHABLES KN95,mascarilla desechables kn95,mascarilla|desechables|kn95|KN95,,False,False,False
CAPA P/AGUA 1 PZA AMARILLA,capa p/agua 1 pza amarilla,capa|p/agua|1|pza|amarilla,,False,False,False
BOTA DE GOMA DEL #39 AL #45 LARGA NEGRA DINOSAURIO,bota de goma del 39 al 45 larga negra dinosaurio,bota|goma|39|al|45|larga|negra|dinosaurio,,False,False,False
CONO PVC 70 CM CON REFLECTIVO,cono pvc 70 cm con reflectivo,cono|pvc|70|cm|reflectivo,,False,False,False
Credito a 120 dias,credito a 120 dias,credito|a|120|dias,,False,False,False
Entrega inmediata una vez sea enviada la orden de compras firmada y sellada por las autoridades competentes,entrega inmediata una vez sea enviada la orden de compras firmada y sellada por las autoridades competentes,entrega|inmediata|una|vez|sea|enviada|orden|compras,,False,False,False
FIRMA AUTORIZADA,firma autorizada,firma|autorizada,,False,False,False
MALLA 6X50-C9,malla 6x50-c9,malla|6x50-c9,,False,False,False
TUBO DE 2X20 P/MALLA,tubo de 2x20 p/malla,tubo|2x20|p/malla,,False,False,False
HILO PARA CORTADORA DE GRAMA  3.3MM X 237M htr5/podar truper,hilo para cortadora de grama 3.3mm x 237m htr5/podar truper,hilo|para|cortadora|grama|3.3|mm|x|237m|HTR5,Truper,False,False,False
Credito a 120 dias,credito a 120 dias,credito|a|120|dias,,False,False,False
Entrega inmediata una vez sea enviada la orden de compras firmada y sellada por las autoridades competentes,entrega inmediata una vez sea enviada la orden de compras firmada y sellada por las autoridades competentes,entrega|inmediata|una|vez|sea|enviada|orden|compras,,False,False,False
FIRMA AUTORIZADA,firma autorizada,firma|autorizada,,False,False,False
TIJERAS 8'' UNIVERSAL P/ OFICINA ARTESCO,tijeras 8 universal p/ oficina artesco,tijeras|8|universal|p/|oficina|artesco,,False,False,False
PAPEL FOAMI 10/1 COLORES SURTIDOS,papel foami 10/1 colores surtidos,papel|foami|10/1|colores|surtidos|10/1,,False,False,False
PAPEL CREPE META (50X200) CM,papel crepe meta 50x200 cm,papel|crepe|meta|50x200|cm,,False,False,False
SILICON LIQUIDO 30 ML BARRILITO,silicon liquido 30 ml barrilito,silicon|liquido|30|ml|barrilito,,False,False,False
PARCHIS CLASICO,parchis clasico,parchis|clasico,,False,False,False
AROS DE DANZA,aros de danza,aros|danza,,False,False,False
PELOTA INFLABLE MULTICOLOR,pelota inflable multicolor,pelota|inflable|multicolor,,False,False,False
OJOS MOVILES P/ MANUALIDADES 10MM  60/1,ojos moviles p/ manualidades 10mm 60/1,ojos|moviles|p/|manualidades|10|mm|60/1|60/1,,False,False,False
BOTONES BARIADOS PAQ  60/1,botones bariados paq 60/1,botones|bariados|paq|60/1|60/1,,False,False,False
HILO DE LANA,hilo de lana,hilo|lana,,False,False,False
GLOBO LATEX 10''X 100 BALLOONS,globo latex 10 x 100 balloons,globo|latex|10|x|100|balloons,,False,False,False
INFLADOR ELECTRICO,inflador electrico,inflador|electrico,,False,False,False
MARCADORES PERMANENTES PELIKAN,marcadores permanentes pelikan,marcadores|permanentes|pelikan,,False,False,False
Credito a 120 dias,credito a 120 dias,credito|a|120|dias,,False,False,False
Entrega inmediata una vez sea enviada la orden de compras firmada y sellada por las autoridades competentes,entrega inmediata una vez sea enviada la orden de compras firmada y sellada por las autoridades competentes,entrega|inmediata|una|vez|sea|enviada|orden|compras,,False,False,False
FIRMA AUTORIZADA,firma autorizada,firma|autorizada,,False,False,False
CASCO SEGURIDAD BLANCO  201758 CLIMAX,casco seguridad blanco 201758 climax,casco|seguridad|blanco|201758|climax,,False,False,False
FRONTAL -CABEZA -1-LED-1XAA-200LM,frontal -cabeza -1-led-1xaa-200lm,frontal|-cabeza|-1-led-1xaa-200lm,,False,False,False
CHALECO REFLECTIVO NARANJA,chaleco reflectivo naranja,chaleco|reflectivo|naranja,,False,False,False
GUANTES PROCT CORTE W-301 (NIVEL D) T9,guantes proct corte w-301 nivel d t9,guantes|proct|corte|w-301|nivel|d|t9|W-301,,False,False,False
BOTAS NEGRA DE SGURIDAD P/ACERO CON AISLANTE 6KV,botas negra de sguridad p/acero con aislante 6kv,botas|negra|sguridad|p/acero|aislante|6kv,,False,False,False
MASCARILLA DESECHABLES KN95,mascarilla desechables kn95,mascarilla|desechables|kn95|KN95,,False,False,False
GAFAS DE PROTECCION,gafas de proteccion,gafas|proteccion,,False,False,False
PALA CUADRADA TRUPER 17161,pala cuadrada truper 17161,pala|cuadrada|truper|17161,Truper,False,False,False
PICO TRUPER MANGO DE MADERA,pico truper mango de madera,pico|truper|mango|madera,Truper,False,False,False
MOTOSIERRA  18”48Cc 2.4Hp Gasoli. 2T,motosierra 18 48cc 2.4hp gasoli. 2t,motosierra|18|48cc|2.4hp|gasoli.|2t,HP,False,False,False
"CHALECO SALVAVIDAS (S,M,L)",chaleco salvavidas s m l,chaleco|salvavidas|s|m|l,,False,False,False
MACHETE PULIDO ESTANDAR CACHA NARANJA TRUPER,machete pulido estandar cacha naranja truper,machete|pulido|estandar|cacha|naranja|truper,Truper,False,False,False
HACHA MEDIA LABOR MANGO DE MADERA  DE 36''TRUPER,hacha media labor mango de madera de 36 truper,hacha|media|labor|mango|madera|36|truper,Truper,False,False,False
MEGAFONO DE MANO 25W GRABADORA Y BAT RECARGABLE,megafono de mano 25w grabadora y bat recargable,megafono|mano|25|w|grabadora|bat|recargable|25W,,False,False,False
SOGA DE CABUYA (R/ 33.07 LB),soga de cabuya r/ 33.07 lb,soga|cabuya|r/|33.07|lb|33.07 lb,,False,False,False
CAPA P/AGUA 1 PZA AMARILLA,capa p/agua 1 pza amarilla,capa|p/agua|1|pza|amarilla,,False,False,False
BOTIQUIN DE PRIMEROS AUXILIO,botiquin de primeros auxilio,botiquin|primeros|auxilio,,False,False,False
LINTERNA RECARGABLE 11 LED RAYOVAC,linterna recargable 11 led rayovac,linterna|recargable|11|led|rayovac,,False,False,False
SILBATO C/CORDON,silbato c/cordon,silbato|c/cordon,,False,False,False
CINTA ANTIDESLIZANTE ADHESIVA NEGRA 5MM X 18M,cinta antideslizante adhesiva negra 5mm x 18m,cinta|antideslizante|adhesiva|negra|5|mm|x|18m,,False,False,False
CINTA DE PRECAUCION AMARILLA,cinta de precaucion amarilla,cinta|precaucion|amarilla,,False,False,False
CINTA REFLECTIVA GRADO DIAMANTE AMARILLA 2'' X 150'',cinta reflectiva grado diamante amarilla 2 x 150,cinta|reflectiva|grado|diamante|amarilla|2|x|150,,False,False,False
SEÑALIZACION DE RUTA DE EVACUACION A LA DERECHA MEDIDAS 12X6,senalizacion de ruta de evacuacion a la derecha medidas 12x6,senalizacion|ruta|evacuacion|a|derecha|medidas|12x6,,False,False,False
SEÑALIZACION DE PARE,senalizacion de pare,senalizacion|pare,,False,False,False
EXTINTORES ABC D/8.82 LB,extintores abc d/8.82 lb,extintores|abc|d/8.82|lb|8.82 lb,,False,False,False
"MAPA DE RD ACTUALIZADO AL 2025 FULL COLOR , 48'' X 60'', SUELTO EN BANNER C/ESTUCHE",mapa de rd actualizado al 2025 full color 48 x 60 suelto en banner c/estuche,mapa|rd|actualizado|al|2025|full|color|48,,False,False,False
Credito a 120 dias,credito a 120 dias,credito|a|120|dias,,False,False,False
Entrega inmediata una vez sea enviada la orden de compras firmada y sellada por las autoridades competentes,entrega inmediata una vez sea enviada la orden de compras firmada y sellada por las autoridades competentes,entrega|inmediata|una|vez|sea|enviada|orden|compras,,False,False,False
FIRMA AUTORIZADA,firma autorizada,firma|autorizada,,False,False,False
AGREGADO FINO (ARENA) ITABO,agregado fino arena itabo,agregado|fino|arena|itabo,,False,False,False
AGREGADO FINO (ARENA) LAVADA,agregado fino arena lavada,agregado|fino|arena|lavada,,False,False,False
AGREGADO GRUESO (GRAVA) 3/4,agregado grueso grava 3/4,agregado|grueso|grava|3/4|3/4,,False,False,False
Credito a 120 dias,credito a 120 dias,credito|a|120|dias,,False,False,False
Entrega inmediata una vez sea enviada la orden de compras firmada y sellada por las autoridades competentes,entrega inmediata una vez sea enviada la orden de compras firmada y sellada por las autoridades competentes,entrega|inmediata|una|vez|sea|enviada|orden|compras,,False,False,False
FIRMA AUTORIZADA,firma autorizada,firma|autorizada,,False,False,False
VARILLA DE 1/2'',varilla de 1/2,varilla|1/2|1/2,,False,False,False
Credito a 120 dias,credito a 120 dias,credito|a|120|dias,,False,False,False
Entrega inmediata una vez sea enviada la orden de compras firmada y sellada por las autoridades competentes,entrega inmediata una vez sea enviada la orden de compras firmada y sellada por las autoridades competentes,entrega|inmediata|una|vez|sea|enviada|orden|compras,,False,False,False
FIRMA AUTORIZADA,firma autorizada,firma|autorizada,,False,False,False
ALAMBRE ELEC. AWG #12 NEGRO,alambre elec. awg 12 negro,alambre|elec.|awg|12|negro,,False,False,False
Credito a 120 dias,credito a 120 dias,credito|a|120|dias,,False,False,False
Entrega inmediata una vez sea enviada la orden de compras firmada y sellada por las autoridades competentes,entrega inmediata una vez sea enviada la orden de compras firmada y sellada por las autoridades competentes,entrega|inmediata|una|vez|sea|enviada|orden|compras,,False,False,False
FIRMA AUTORIZADA,firma autorizada,firma|autorizada,,False,False,False
CEMENTO GRIS SANTO DOMINGO  94 LB,cemento gris santo domingo 94 lb,cemento|gris|santo|domingo|94|lb|94 lb,,False,False,False
Credito a 120 dias,credito a 120 dias,credito|a|120|dias,,False,False,False
Entrega inmediata una vez sea enviada la orden de compras firmada y sellada por las autoridades competentes,entrega inmediata una vez sea enviada la orden de compras firmada y sellada por las autoridades competentes,entrega|inmediata|una|vez|sea|enviada|orden|compras,,False,False,False
FIRMA AUTORIZADA,firma autorizada,firma|autorizada,,False,False,False
TALADRO DE IMPACTO 1100W EMTOP,taladro de impacto 1100w emtop,taladro|impacto|1100|w|emtop|1100W,,False,False,False
DEMOLEDOR ELECTRICO SDS 2200W,demoledor electrico sds 2200w,demoledor|electrico|sds|2200|w|2200W,,False,False,False
Credito a 120 dias,credito a 120 dias,credito|a|120|dias,,False,False,False
Entrega inmediata una vez sea enviada la orden de compras firmada y sellada por las autoridades competentes,entrega inmediata una vez sea enviada la orden de compras firmada y sellada por las autoridades competentes,entrega|inmediata|una|vez|sea|enviada|orden|compras,,False,False,False
FIRMA AUTORIZADA,firma autorizada,firma|autorizada,,False,False,False
ACEITE KENDALL AIR COOLED 2T,aceite kendall air cooled 2t,aceite|kendall|air|cooled|2t,,False,False,False
ACEITE KENDALL MOTO 4T MINERAL 20W-50,aceite kendall moto 4t mineral 20w-50,aceite|kendall|moto|4t|mineral|20|w-50|20W,,False,False,False
Credito a 120 dias,credito a 120 dias,credito|a|120|dias,,False,False,False
Entrega inmediata una vez sea enviada la orden de compras firmada y sellada por las autoridades competentes,entrega inmediata una vez sea enviada la orden de compras firmada y sellada por las autoridades competentes,entrega|inmediata|una|vez|sea|enviada|orden|compras,,False,False,False
FIRMA AUTORIZADA,firma autorizada,firma|autorizada,,False,False,False
CASCO SEGURIDAD BLANCO  201758 CLIMAX,casco seguridad blanco 201758 climax,casco|seguridad|blanco|201758|climax,,False,False,False
FRONTAL -CABEZA -1-LED-1XAA-200LM,frontal -cabeza -1-led-1xaa-200lm,frontal|-cabeza|-1-led-1xaa-200lm,,False,False,False
CHALECO REFLECTIVO NARANJA,chaleco reflectivo naranja,chaleco|reflectivo|naranja,,False,False,False
GUANTES PROCT CORTE W-301 (NIVEL D) T9,guantes proct corte w-301 nivel d t9,guantes|proct|corte|w-301|nivel|d|t9|W-301,,False,False,False
BOTAS NEGRA DE SGURIDAD P/ACERO CON AISLANTE 6KV,botas negra de sguridad p/acero con aislante 6kv,botas|negra|sguridad|p/acero|aislante|6kv,,False,False,False
MASCARILLA DESECHABLES KN95,mascarilla desechables kn95,mascarilla|desechables|kn95|KN95,,False,False,False
GAFAS DE PROTECCION,gafas de proteccion,gafas|proteccion,,False,False,False
PALA CUADRADA TRUPER 17161,pala cuadrada truper 17161,pala|cuadrada|truper|17161,Truper,False,False,False
PICO TRUPER MANGO DE MADERA,pico truper mango de madera,pico|truper|mango|madera,Truper,False,False,False
MOTOSIERRA  18”48Cc 2.4Hp Gasoli. 2T,motosierra 18 48cc 2.4hp gasoli. 2t,motosierra|18|48cc|2.4hp|gasoli.|2t,HP,False,False,False
"CHALECO SALVAVIDAS (S,M,L)",chaleco salvavidas s m l,chaleco|salvavidas|s|m|l,,False,False,False
MACHETE PULIDO ESTANDAR CACHA NARANJA TRUPER,machete pulido estandar cacha naranja truper,machete|pulido|estandar|cacha|naranja|truper,Truper,False,False,False
HACHA MEDIA LABOR MANGO DE MADERA  DE 36''TRUPER,hacha media labor mango de madera de 36 truper,hacha|media|labor|mango|madera|36|truper,Truper,False,False,False
MEGAFONO DE MANO 25W GRABADORA Y BAT RECARGABLE,megafono de mano 25w grabadora y bat recargable,megafono|mano|25|w|grabadora|bat|recargable|25W,,False,False,False
SOGA DE CABUYA (R/ 33.07 LB),soga de cabuya r/ 33.07 lb,soga|cabuya|r/|33.07|lb|33.07 lb,,False,False,False
CAPA P/AGUA 1 PZA AMARILLA,capa p/agua 1 pza amarilla,capa|p/agua|1|pza|amarilla,,False,False,False
BOTIQUIN DE PRIMEROS AUXILIO,botiquin de primeros auxilio,botiquin|primeros|auxilio,,False,False,False
LINTERNA RECARGABLE 11 LED RAYOVAC,linterna recargable 11 led rayovac,linterna|recargable|11|led|rayovac,,False,False,False
SILBATO C/CORDON,silbato c/cordon,silbato|c/cordon,,False,False,False
CINTA ANTIDESLIZANTE ADHESIVA NEGRA 5MM X 18M,cinta antideslizante adhesiva negra 5mm x 18m,cinta|antideslizante|adhesiva|negra|5|mm|x|18m,,False,False,False
CINTA DE PRECAUCION AMARILLA,cinta de precaucion amarilla,cinta|precaucion|amarilla,,False,False,False
CINTA REFLECTIVA GRADO DIAMANTE AMARILLA 2'' X 150'',cinta reflectiva grado diamante amarilla 2 x 150,cinta|reflectiva|grado|diamante|amarilla|2|x|150,,False,False,False
SEÑALIZACION DE RUTA DE EVACUACION A LA DERECHA MEDIDAS 12X6,senalizacion de ruta de evacuacion a la derecha medidas 12x6,senalizacion|ruta|evacuacion|a|derecha|medidas|12x6,,False,False,False
SEÑALIZACION DE PARE,senalizacion de pare,senalizacion|pare,,False,False,False
EXTINTORES ABC D/8.82 LB,extintores abc d/8.82 lb,extintores|abc|d/8.82|lb|8.82 lb,,False,False,False
"MAPA DE RD ACTUALIZADO AL 2025 FULL COLOR , 48'' X 60'', SUELTO EN BANNER C/ESTUCHE",mapa de rd actualizado al 2025 full color 48 x 60 suelto en banner c/estuche,mapa|rd|actualizado|al|2025|full|color|48,,False,False,False
Credito a 120 dias,credito a 120 dias,credito|a|120|dias,,False,False,False
Entrega inmediata una vez sea enviada la orden de compras firmada y sellada por las autoridades competentes,entrega inmediata una vez sea enviada la orden de compras firmada y sellada por las autoridades competentes,entrega|inmediata|una|vez|sea|enviada|orden|compras,,False,False,False
FIRMA AUTORIZADA,firma autorizada,firma|autorizada,,False,False,False
"GOMAS MAXXIS 12 R22.5 UM958 16PR TL 152/148K COMBINADA, TH",gomas maxxis 12 r22.5 um958 16pr tl 152/148k combinada th,gomas|maxxis|12|r22.5|um958|16pr|tl|152/148k|UM958,,False,False,False
"SET GOMAS MAXXIS 750 R16 MA908 16PR 125/121L COMBINADA, SH",set gomas maxxis 750 r16 ma908 16pr 125/121l combinada sh,set|gomas|maxxis|750|r16|ma908|16pr|125/121l|MA908|121 l,,False,False,False
"GOMAS MAXXIS 11 R22.5 UM958 16PR TL 148/145K COMBINADA, TH",gomas maxxis 11 r22.5 um958 16pr tl 148/145k combinada th,gomas|maxxis|11|r22.5|um958|16pr|tl|148/145k|UM958,,False,False,False
"GOMAS MAXXIS 10 R22.5 UR288 14PR TL 144/142L CARRETERA, TH",gomas maxxis 10 r22.5 ur288 14pr tl 144/142l carretera th,gomas|maxxis|10|r22.5|ur288|14pr|tl|144/142l|UR288|142 l,,False,False,False
Credito a 120 dias,credito a 120 dias,credito|a|120|dias,,False,False,False
Entrega inmediata una vez sea enviada la orden de compras firmada y sellada por las autoridades competentes,entrega inmediata una vez sea enviada la orden de compras firmada y sellada por las autoridades competentes,entrega|inmediata|una|vez|sea|enviada|orden|compras,,False,False,False
FIRMA AUTORIZADA,firma autorizada,firma|autorizada,,False,False,False
FACT-B15-001,fact-b15-001,fact-b15-001|FACT-B15-001,,False,False,False
MALLA 6X50-C9,malla 6x50-c9,malla|6x50-c9,,False,False,False
TUBO DE 2X20 P/MALLA,tubo de 2x20 p/malla,tubo|2x20|p/malla,,False,False,False
HILO PARA CORTADORA DE GRAMA  3.3MM X 237M htr5/podar truper,hilo para cortadora de grama 3.3mm x 237m htr5/podar truper,hilo|para|cortadora|grama|3.3|mm|x|237m|HTR5,Truper,False,False,False
Credito a 120 dias,credito a 120 dias,credito|a|120|dias,,False,False,False
Entrega inmediata una vez sea enviada la orden de compras firmada y sellada por las autoridades competentes,entrega inmediata una vez sea enviada la orden de compras firmada y sellada por las autoridades competentes,entrega|inmediata|una|vez|sea|enviada|orden|compras,,False,False,False
FIRMA AUTORIZADA,firma autorizada,firma|autorizada,,False,False,False
FACT-B15-125,fact-b15-125,fact-b15-125|FACT-B15-125,,False,False,False
FACT-B15-127,fact-b15-127,fact-b15-127|FACT-B15-127,,False,False,False
FACT-B15-128,fact-b15-128,fact-b15-128|FACT-B15-128,,False,False,False
FACT-B15-129,fact-b15-129,fact-b15-129|FACT-B15-129,,False,False,False
FACT-B15-125,fact-b15-125,fact-b15-125|FACT-B15-125,,False,False,False
FACT-B15-127,fact-b15-127,fact-b15-127|FACT-B15-127,,False,False,False
FACT-B15-128,fact-b15-128,fact-b15-128|FACT-B15-128,,False,False,False
FACT-B15-129,fact-b15-129,fact-b15-129|FACT-B15-129,,False,False,False
"TABLETA SAMSUNG GALAXY TAB S6 LITE (2024) 10.4"", 
VELOCIDAD2.3GHZ, 1.7GHZ ,MEMORIA 4GB_64GB, 
ANDROID, WI-FI, BLUETOOTH, S PEN INCLUIDO, COVER TIPO PORTAFOLIO","tableta samsung galaxy tab s6 lite 2024 10.4"" velocidad2.3ghz 1.7ghz memoria 4gb 64gb android wi-fi bluetooth s pen incluido cover tipo portafolio","tableta|samsung|galaxy|tab|s6|lite|2024|10.4""|VELOCIDAD2|10.4""",Samsung,False,False,False
Credito a 120 dias,credito a 120 dias,credito|a|120|dias,,False,False,False
Entrega inmediata una vez sea enviada la orden de compras firmada y sellada por las autoridades competentes,entrega inmediata una vez sea enviada la orden de compras firmada y sellada por las autoridades competentes,entrega|inmediata|una|vez|sea|enviada|orden|compras,,False,False,False
FIRMA AUTORIZADA,firma autorizada,firma|autorizada,,False,False,False
CEMENTO GRIS (AGLOMERANTE PORTLAND) SANTO DOMINGO  42.5 Kg/94 LB,cemento gris aglomerante portland santo domingo 42.5 kg/94 lb,cemento|gris|aglomerante|portland|santo|domingo|42.5|kg/94|42.5 kg,,False,False,False
Credito a 120 dias,credito a 120 dias,credito|a|120|dias,,False,False,False
Entrega inmediata una vez sea enviada la orden de compras firmada y sellada por las autoridades competentes,entrega inmediata una vez sea enviada la orden de compras firmada y sellada por las autoridades competentes,entrega|inmediata|una|vez|sea|enviada|orden|compras,,False,False,False
FIRMA AUTORIZADA,firma autorizada,firma|autorizada,,False,False,False
Credito a 120 dias,credito a 120 dias,credito|a|120|dias,,False,False,False
Entrega inmediata una vez sea enviada la orden de compras firmada y sellada por las autoridades competentes,entrega inmediata una vez sea enviada la orden de compras firmada y sellada por las autoridades competentes,entrega|inmediata|una|vez|sea|enviada|orden|compras,,False,False,False
FIRMA AUTORIZADA,firma autorizada,firma|autorizada,,False,False,False
ALAMBRE #12,alambre 12,alambre|12,,False,False,False
ALAMBRE #10,alambre 10,alambre|10,,False,False,False
TAPE NEGRO,tape negro,tape|negro,,False,False,False
CONECTORES KIT,conectores kit,conectores|kit,,False,False,False
BREAKER DE 30,breaker de 30,breaker|30,,False,False,False
BREAKER DE 60,breaker de 60,breaker|60,,False,False,False
GUANTES DE PROTECCION,guantes de proteccion,guantes|proteccion,,False,False,False
CINTA ELECTRICA,cinta electrica,cinta|electrica,,False,False,False
ENLATE,enlate,enlate,,False,False,False
PLAYWOOD,playwood,playwood,,False,False,False
CONOS,conos,conos,,False,False,False
"INODOROS COMPLETOS INCLUYENDO FLUXOMENTO , TAPAS, Y VALVULAS.",inodoros completos incluyendo fluxomento tapas y valvulas.,inodoros|completos|incluyendo|fluxomento|tapas|valvulas.,,False,False,False
VALVULA TIPO FLUXOMETRO PARA INODORO,valvula tipo fluxometro para inodoro,valvula|tipo|fluxometro|para|inodoro,,False,False,False
Credito a 120 dias,credito a 120 dias,credito|a|120|dias,,False,False,False
Entrega inmediata una vez sea enviada la orden de compras firmada y sellada por las autoridades competentes,entrega inmediata una vez sea enviada la orden de compras firmada y sellada por las autoridades competentes,entrega|inmediata|una|vez|sea|enviada|orden|compras,,False,False,False
FIRMA AUTORIZADA,firma autorizada,firma|autorizada,,False,False,False
MEZCLADORA P/LAVAMANOS MONOMANDO UREA,mezcladora p/lavamanos monomando urea,mezcladora|p/lavamanos|monomando|urea,,False,False,False
LLAVE ANGULAR EASTAM 1/2'' X 3/8'',llave angular eastam 1/2 x 3/8,llave|angular|eastam|1/2|x|3/8|1/2,,False,False,False
LLAVE EMPOTRAR NIBCO 1/2'' DE UN PUÑO URREA ORIGINAL,llave empotrar nibco 1/2 de un puno urrea original,llave|empotrar|nibco|1/2|un|puno|urrea|original|1/2,,False,False,False
LLAVE LAVAMANOS VIKINGO CROMADA,llave lavamanos vikingo cromada,llave|lavamanos|vikingo|cromada,,False,False,False
LLAVE ANGULAR EASTAM 1/2'' X 3/8'' X 13/8'',llave angular eastam 1/2 x 3/8 x 13/8,llave|angular|eastam|1/2|x|3/8|x|13/8|1/2,,False,False,False
DUCHA C/BRAZO CUADRADA LUKAN,ducha c/brazo cuadrada lukan,ducha|c/brazo|cuadrada|lukan,,False,False,False
"REJILLA P/PISO DECORATIVA 11/2""","rejilla p/piso decorativa 11/2""","rejilla|p/piso|decorativa|11/2""|11/2|2""",,False,False,False
JUEGO DE VALVULA FAMA ECONOMAX,juego de valvula fama economax,juego|valvula|fama|economax,,False,False,False
BOQUILLA PUSH BOTTON LAVAMANOS KAROS 11/4''X8,boquilla push botton lavamanos karos 11/4 x8,boquilla|push|botton|lavamanos|karos|11/4|x8|11/4,,False,False,False
MANGUERA LAVAMANOS EASTAM 1/2''X30,manguera lavamanos eastam 1/2 x30,manguera|lavamanos|eastam|1/2|x30|1/2,,False,False,False
MANGUERA INODORO EASTAM 320'',manguera inodoro eastam 320,manguera|inodoro|eastam|320,,False,False,False
NIPLE HG GALV.1/2'' X 21/2'',niple hg galv.1/2 x 21/2,niple|hg|galv.1/2|x|21/2|1/2,,False,False,False
CUBREFALTA NIQUELADO 1/2'',cubrefalta niquelado 1/2,cubrefalta|niquelado|1/2|1/2,,False,False,False
SIFON SENCILLO AMERICANO EASTAM 11/2'',sifon sencillo americano eastam 11/2,sifon|sencillo|americano|eastam|11/2|11/2,Cano,False,False,False
REDUCCION BUSHING PVC 2'' X11/2'',reduccion bushing pvc 2 x11/2,reduccion|bushing|pvc|2|x11/2,,False,False,False
T DE 5 VIAS AQUAVITA,t de 5 vias aquavita,t|5|vias|aquavita,,False,False,False
MANOMETRO G/GLICERINA GENEBRE 1/4'',manometro g/glicerina genebre 1/4,manometro|g/glicerina|genebre|1/4|1/4,,False,False,False
AUTOMATICO BOMBA SQUARED 20-40 PSI,automatico bomba squared 20-40 psi,automatico|bomba|squared|20-40|psi,,False,False,False
ADAPTADOR MACHO PVC1,adaptador macho pvc1,adaptador|macho|pvc1|PVC1,,False,False,False
TEE PRESION PVC 1'',tee presion pvc 1,tee|presion|pvc|1,,False,False,False
"REDUCCION PVC 1 X 3/4""","reduccion pvc 1 x 3/4""","reduccion|pvc|1|x|3/4""|3/4|4""",,False,False,False
UNION UNIVERSAL PVC 1'',union universal pvc 1,union|universal|pvc|1,,False,False,False
CEMENTO PVC LANCO WET DRY 8 OZ,cemento pvc lanco wet dry 8 oz,cemento|pvc|lanco|wet|dry|8|oz,,False,False,False
SILICON LANCO TRANSPARENTE INDUSTRIAL,silicon lanco transparente industrial,silicon|lanco|transparente|industrial,,False,False,False
TEFLON AQUAFLEX AMARILLO 1'',teflon aquaflex amarillo 1,teflon|aquaflex|amarillo|1,,False,False,False
SILICON URETANO WEST NEGRO 310 ML,silicon uretano west negro 310 ml,silicon|uretano|west|negro|310|ml,,False,False,False
MEZCLADORA FREGADERO URREA T/NIBCO,mezcladora fregadero urrea t/nibco,mezcladora|fregadero|urrea|t/nibco,,False,False,False
MEZCLADORA BAÑERA MONOMANDO AQUAVITA,mezcladora banera monomando aquavita,mezcladora|banera|monomando|aquavita,,False,False,False
BOQUILLA FREGADERO AQUAVITA,boquilla fregadero aquavita,boquilla|fregadero|aquavita,,False,False,False
BOQUILLA LAVAMANOS PUSH AQUAVITA 11/4'',boquilla lavamanos push aquavita 11/4,boquilla|lavamanos|push|aquavita|11/4|11/4,,False,False,False
COLA DE EXTENCION PARA LAVAMANOS 11/4''X8,cola de extencion para lavamanos 11/4 x8,cola|extencion|para|lavamanos|11/4|x8|11/4,,False,False,False
REDUCCION PVC 2X11/2'',reduccion pvc 2x11/2,reduccion|pvc|2x11/2,,False,False,False
LLAVE PASO BOLA 3/4'',llave paso bola 3/4,llave|paso|bola|3/4|3/4,,False,False,False
LLAVE PASO BOLA 1'',llave paso bola 1,llave|paso|bola|1,,False,False,False
TUBO PRESION 3/4''X 19 SCH 40,tubo presion 3/4 x 19 sch 40,tubo|presion|3/4|x|19|sch|40|3/4,,False,False,False
ADAPTADOR MACHO PVC1'',adaptador macho pvc1,adaptador|macho|pvc1|PVC1,,False,False,False
ADAPTADOR MACHO PVC 3/4'',adaptador macho pvc 3/4,adaptador|macho|pvc|3/4|3/4,,False,False,False
FREGADERO TRAMONTINA SENCILLO,fregadero tramontina sencillo,fregadero|tramontina|sencillo,,False,False,False
CEMENTO BLANCO PORTLAND 94LB,cemento blanco portland 94lb,cemento|blanco|portland|94|lb|94 lb,,False,False,False
Credito a 60 dias,credito a 60 dias,credito|a|60|dias,,False,False,False
Entrega inmediata una vez sea enviada la orden de compras,entrega inmediata una vez sea enviada la orden de compras,entrega|inmediata|una|vez|sea|enviada|orden|compras,,False,False,False
FIRMA AUTORIZADA,firma autorizada,firma|autorizada,,False,False,False
"Resma de papel tamaño carta calibre 20, 8 1/2 * 11 pulgadas.",resma de papel tamano carta calibre 20 8 1/2 11 pulgadas.,"resma|papel|tamano|carta|calibre|20|8|1/2|1/2|11""",LG,False,False,False
"Resma de papel tamaño carta calibre 20, 8 1/2 * 14 pulgadas.",resma de papel tamano carta calibre 20 8 1/2 14 pulgadas.,"resma|papel|tamano|carta|calibre|20|8|1/2|1/2|14""",LG,False,False,False
Libretas rayadas amarillas 5x8.,libretas rayadas amarillas 5x8.,libretas|rayadas|amarillas|5x8.,,False,False,False
Libretas rayadas amarillas 8 1/2 x 11.,libretas rayadas amarillas 8 1/2 x 11.,libretas|rayadas|amarillas|8|1/2|x|11.|1/2,,False,False,False
"Libro récord 200 páginas numeradas, tapa dura.",libro record 200 paginas numeradas tapa dura.,libro|record|200|paginas|numeradas|tapa|dura.,,False,False,False
"Notas adhesivas 3 pulgadas * 5 pulgadas, colores neón.",notas adhesivas 3 pulgadas 5 pulgadas colores neon.,"notas|adhesivas|3|pulgadas|5|pulgadas|colores|neon.|3""",LG,False,False,False
"Notas adhesivas 3 pulgadas * 2 pulgadas, colores neón.",notas adhesivas 3 pulgadas 2 pulgadas colores neon.,"notas|adhesivas|3|pulgadas|2|pulgadas|colores|neon.|3""",LG,False,False,False
"Notas adhesivas 3 pulgadas * 3 pulgadas, colores neón.",notas adhesivas 3 pulgadas 3 pulgadas colores neon.,"notas|adhesivas|3|pulgadas|3|pulgadas|colores|neon.|3""",LG,False,False,False
"Bandejas de escritorios de tres compartimentos, altura 24.5 cm, anchura 29 cm, con carga delantera, color negro.",bandejas de escritorios de tres compartimentos altura 24.5 cm anchura 29 cm con carga delantera color negro.,bandejas|escritorios|tres|compartimentos|altura|24.5|cm|anchura,,False,False,False
"Cera para contar de 14 gr, 5.6 cm diámetro.",cera para contar de 14 gr 5.6 cm diametro.,cera|para|contar|14|gr|5.6|cm|diametro.,,False,False,False
"Cinta de embalar 2"", Transparente.","cinta de embalar 2"" transparente.","cinta|embalar|2""|transparente.|2""",,False,False,False
"Cinta adhesiva invisible, 3/4 in x 1296 in, 36 yd.",cinta adhesiva invisible 3/4 in x 1296 in 36 yd.,cinta|adhesiva|invisible|3/4|in|x|1296|in|3/4,,False,False,False
"Clip de Billeteros negros, 55mm, 12/1.",clip de billeteros negros 55mm 12/1.,clip|billeteros|negros|55|mm|12/1.|12/1,,False,False,False
"Clip de Billeteros negros, 25mm, 12/1.",clip de billeteros negros 25mm 12/1.,clip|billeteros|negros|25|mm|12/1.|12/1,,False,False,False
"Clip de Billeteros negros, 15mm, 12/1.",clip de billeteros negros 15mm 12/1.,clip|billeteros|negros|15|mm|12/1.|12/1,,False,False,False
Clips pequeños 33mm 100/1,clips pequenos 33mm 100/1,clips|pequenos|33|mm|100/1|100/1,,False,False,False
Clips Grandes 50mm 100/1,clips grandes 50mm 100/1,clips|grandes|50|mm|100/1|100/1,,False,False,False
"Dispensador de cintas adhesiva de escritorio negro, base antideslizante, para usar con tape 3/4",dispensador de cintas adhesiva de escritorio negro base antideslizante para usar con tape 3/4,dispensador|cintas|adhesiva|escritorio|negro|base|antideslizante|para|3/4,,False,False,False
"Folder Manila 8 1/2 x 11, caja 100/1",folder manila 8 1/2 x 11 caja 100/1,folder|manila|8|1/2|x|11|caja|100/1|1/2,,False,False,False
"Grapas estándar 6 mm, 26/6, 5000/1",grapas estandar 6 mm 26/6 5000/1,grapas|estandar|6|mm|26/6|5000/1|26/6,,False,False,False
"Bolígrafo retráctil de punta fina 0,7mm, color azul caja de 12/1",boligrafo retractil de punta fina 0 7mm color azul caja de 12/1,boligrafo|retractil|punta|fina|0|7|mm|color|12/1,,False,False,False
"Bolígrafo retráctil de punta fina 0,7mm, color negro caja de 12/1.",boligrafo retractil de punta fina 0 7mm color negro caja de 12/1.,boligrafo|retractil|punta|fina|0|7|mm|color|12/1,,False,False,False
"Bolígrafo retráctil de punta fina 0,7mm, color rojo caja de 12/1.",boligrafo retractil de punta fina 0 7mm color rojo caja de 12/1.,boligrafo|retractil|punta|fina|0|7|mm|color|12/1,,False,False,False
"Bolígrafo en gel retráctil, punta de aguja 0,7mm, agarre con textura suave, color azul.",boligrafo en gel retractil punta de aguja 0 7mm agarre con textura suave color azul.,boligrafo|gel|retractil|punta|aguja|0|7|mm,,False,False,False
"Bolígrafo en gel retráctil, punta de aguja 0,7mm, agarre con textura suave, color negro.",boligrafo en gel retractil punta de aguja 0 7mm agarre con textura suave color negro.,boligrafo|gel|retractil|punta|aguja|0|7|mm,,False,False,False
"Pegamento en barra de 40gr, adhesivo sin solventes, tapa rosca, adherencia instantánea.",pegamento en barra de 40gr adhesivo sin solventes tapa rosca adherencia instantanea.,pegamento|barra|40gr|adhesivo|sin|solventes|tapa|rosca,,False,False,False
Pegamento de resina sintética transparente para aplicación universal de 35ml.,pegamento de resina sintetica transparente para aplicacion universal de 35ml.,pegamento|resina|sintetica|transparente|para|aplicacion|universal|35ml.,,False,False,False
"Perforadora de 2 orificios en metal, color negro, capacidad de perforación 10 hojas.",perforadora de 2 orificios en metal color negro capacidad de perforacion 10 hojas.,perforadora|2|orificios|metal|color|negro|capacidad|perforacion,,False,False,False
"Perforadora de 3 orificios en metal, color negro, capacidad de perforación 10 hojas.",perforadora de 3 orificios en metal color negro capacidad de perforacion 10 hojas.,perforadora|3|orificios|metal|color|negro|capacidad|perforacion,,False,False,False
"Tinta superfluorescente, Trazos de 1 mm, 2 mm y 5 mm (Resaltadores azules).",tinta superfluorescente trazos de 1 mm 2 mm y 5 mm resaltadores azules .,tinta|superfluorescente|trazos|1|mm|2|mm|5,,False,False,False
"Tinta superfluorescente, Trazos de 1 mm, 2 mm y 5 mm (Resaltadores verdes).",tinta superfluorescente trazos de 1 mm 2 mm y 5 mm resaltadores verdes .,tinta|superfluorescente|trazos|1|mm|2|mm|5,,False,False,False
"Tinta superfluorescente, Trazos de 1 mm, 2 mm y 5 mm (Resaltadores mamey).",tinta superfluorescente trazos de 1 mm 2 mm y 5 mm resaltadores mamey .,tinta|superfluorescente|trazos|1|mm|2|mm|5,,False,False,False
"Tinta superfluorescente, Trazos de 1 mm, 2 mm y 5 mm (Resaltadores amarillo).",tinta superfluorescente trazos de 1 mm 2 mm y 5 mm resaltadores amarillo .,tinta|superfluorescente|trazos|1|mm|2|mm|5,,False,False,False
"Rollo de cinta para sumadora, colores negro y rojo.",rollo de cinta para sumadora colores negro y rojo.,rollo|cinta|para|sumadora|colores|negro|rojo.,,False,False,False
Rollo de cinta tricolor fina en poliester de 1cm.,rollo de cinta tricolor fina en poliester de 1cm.,rollo|cinta|tricolor|fina|poliester|1|cm.,,False,False,False
Rollo de cinta tricolor gruesa en poliester de 8cm.,rollo de cinta tricolor gruesa en poliester de 8cm.,rollo|cinta|tricolor|gruesa|poliester|8|cm.,,False,False,False
Rollo grande de papel burbuja con 75 metros de largo y 60 cm de ancho.,rollo grande de papel burbuja con 75 metros de largo y 60 cm de ancho.,rollo|grande|papel|burbuja|75|metros|largo|60,,False,False,False
"Etiqueta (Labels) tamaño 5.1x10.2cm / 2""x4"", transparentes, Adhesivo permanente, 10 etiquetas por hoja, 25 hojas, 250 etiquetas.","etiqueta labels tamano 5.1x10.2cm / 2""x4"" transparentes adhesivo permanente 10 etiquetas por hoja 25 hojas 250 etiquetas.","etiqueta|labels|tamano|5.1x10.2|cm|/|2""x4""|transparentes|2""",,False,False,False
"Etiqueta (Labels) tamaño 3.4x10.2cm / 3""x4"", transparentes, Adhesivo permanente, 14 etiquetas por hoja, 25 hojas, 350 etiquetas.","etiqueta labels tamano 3.4x10.2cm / 3""x4"" transparentes adhesivo permanente 14 etiquetas por hoja 25 hojas 350 etiquetas.","etiqueta|labels|tamano|3.4x10.2|cm|/|3""x4""|transparentes|3""",,False,False,False
"Etiqueta (Labels) tamaño 5.1x10.2cm / 2""x4"", blancas, Adhesivo permanente, 10 etiquetas por hoja, 25 hojas, 250 etiquetas.","etiqueta labels tamano 5.1x10.2cm / 2""x4"" blancas adhesivo permanente 10 etiquetas por hoja 25 hojas 250 etiquetas.","etiqueta|labels|tamano|5.1x10.2|cm|/|2""x4""|blancas|2""",,False,False,False
"Etiqueta (Labels) tamaño 3.4x10.2cm / 3""x4"", blancas, Adhesivo permanente, 14 etiquetas por hoja, 25 hojas, 350 etiquetas.","etiqueta labels tamano 3.4x10.2cm / 3""x4"" blancas adhesivo permanente 14 etiquetas por hoja 25 hojas 350 etiquetas.","etiqueta|labels|tamano|3.4x10.2|cm|/|3""x4""|blancas|3""",,False,False,False
"Separadores de hojas p/carpeta 5/1 de tres argollas, color amarillo, con 5 divisiones de carton y pestaña plasticas de colores transparentes.",separadores de hojas p/carpeta 5/1 de tres argollas color amarillo con 5 divisiones de carton y pestana plasticas de colores transparentes.,separadores|hojas|p/carpeta|5/1|tres|argollas|color|amarillo|5/1,,False,False,False
"Carpetas de 1/2 pulgada de tres aros, de color blanco, con bolsillo en el interior y con plástico frontal.",carpetas de 1/2 pulgada de tres aros de color blanco con bolsillo en el interior y con plastico frontal.,"carpetas|1/2|pulgada|tres|aros|color|blanco|bolsillo|1/2|2""",LG,False,False,False
"Carpetas de 1 pulgada de tres aros, de color blanco, con bolsillo en el interior y con plástico frontal.",carpetas de 1 pulgada de tres aros de color blanco con bolsillo en el interior y con plastico frontal.,"carpetas|1|pulgada|tres|aros|color|blanco|bolsillo|1""",LG,False,False,False
"Carpetas de 2 pulgada de tres aros, de color blanco, con bolsillo en el interior y con plástico frontal.",carpetas de 2 pulgada de tres aros de color blanco con bolsillo en el interior y con plastico frontal.,"carpetas|2|pulgada|tres|aros|color|blanco|bolsillo|2""",LG,False,False,False
"Carpetas de 3 pulgada de tres aros, de color blanco, con bolsillo en el interior y con plástico frontal.",carpetas de 3 pulgada de tres aros de color blanco con bolsillo en el interior y con plastico frontal.,"carpetas|3|pulgada|tres|aros|color|blanco|bolsillo|3""",LG,False,False,False
"Sobres manila, papel grueso, tamaño 9 x 12 Pulgadas.",sobres manila papel grueso tamano 9 x 12 pulgadas.,"sobres|manila|papel|grueso|tamano|9|x|12|12""",LG,False,False,False
Tinta para sellos pretintados color azul de 30ml.,tinta para sellos pretintados color azul de 30ml.,tinta|para|sellos|pretintados|color|azul|30ml.,,False,False,False
Tinta para sellos pretintados color rojo de 30ml.,tinta para sellos pretintados color rojo de 30ml.,tinta|para|sellos|pretintados|color|rojo|30ml.,,False,False,False
"Cinta adhesiva (Tape) doble cara grande rollo de espuma, 19 mm de ancho y 66 metros de largo.",cinta adhesiva tape doble cara grande rollo de espuma 19 mm de ancho y 66 metros de largo.,cinta|adhesiva|tape|doble|cara|grande|rollo|espuma,,False,False,False
Cinta adhesiva (Tape) gris de 5 cm de ancho y 50 metros de largo.,cinta adhesiva tape gris de 5 cm de ancho y 50 metros de largo.,cinta|adhesiva|tape|gris|5|cm|ancho|50,,False,False,False
"Cinta Adhesiva (Tape) Fluorescente 15mm x 5 m, colore  luminico Verde rollo.",cinta adhesiva tape fluorescente 15mm x 5 m colore luminico verde rollo.,cinta|adhesiva|tape|fluorescente|15|mm|x|5,,False,False,False
"Cinta Adhesiva Fluorescente 15mm x 5 m, colore luminico Naranja rollo.",cinta adhesiva fluorescente 15mm x 5 m colore luminico naranja rollo.,cinta|adhesiva|fluorescente|15|mm|x|5|m,,False,False,False
"Lápiz HB No. 2, cuerpo hexagonal con borrador suave que no mancha.",lapiz hb no. 2 cuerpo hexagonal con borrador suave que no mancha.,lapiz|hb|no.|2|cuerpo|hexagonal|borrador|suave,,False,False,False
"Grapadora estandar de metal, color negro, compatible con grapas estándar 24/6 y 26/6",grapadora estandar de metal color negro compatible con grapas estandar 24/6 y 26/6,grapadora|estandar|metal|color|negro|compatible|grapas|estandar|24/6,,False,False,False
"Grapadora industrial de metal, con base antideslizante, con capacidad de 100 hojas de papel, guía ajustable de margen de engrapado.",grapadora industrial de metal con base antideslizante con capacidad de 100 hojas de papel guia ajustable de margen de engrapado.,grapadora|industrial|metal|base|antideslizante|capacidad|100|hojas,,False,False,False
"Marcadores permanentes, punta biselada de 2.0 50 mm, Tinta permanente a base de alcohol, Secado instantáneo, colores negro, azul, rojo y verde",marcadores permanentes punta biselada de 2.0 50 mm tinta permanente a base de alcohol secado instantaneo colores negro azul rojo y verde,marcadores|permanentes|punta|biselada|2.0|50|mm|tinta,,False,False,False
"Porta lápiz metálico color negro, tipo malla",porta lapiz metalico color negro tipo malla,porta|lapiz|metalico|color|negro|tipo|malla,,False,False,False
"Reglas plásticas de 30 cm, transparentes",reglas plasticas de 30 cm transparentes,reglas|plasticas|30|cm|transparentes,,False,False,False
"Pegatinas ( Stickers) redondas transparentes de 1.5 in, selladoras de pestañas de sobres y paquete, 1000 pegatinas por rollo",pegatinas stickers redondas transparentes de 1.5 in selladoras de pestanas de sobres y paquete 1000 pegatinas por rollo,pegatinas|stickers|redondas|transparentes|1.5|in|selladoras|pestanas,,False,False,False
"Sacagrapas con mango plástico ergonómico, con seguro para mantenerlo plegado",sacagrapas con mango plastico ergonomico con seguro para mantenerlo plegado,sacagrapas|mango|plastico|ergonomico|seguro|para|mantenerlo|plegado,,False,False,False
"Tijeras para tela de acero, mango grueso, Acero inoxidable.",tijeras para tela de acero mango grueso acero inoxidable.,tijeras|para|tela|acero|mango|grueso|acero|inoxidable.,,False,False,False
"Tijeras de oficina de 7 pulgadas, mango grueso, dimensión 8.5 pulgadas",tijeras de oficina de 7 pulgadas mango grueso dimension 8.5 pulgadas,"tijeras|oficina|7|pulgadas|mango|grueso|dimension|8.5|7""",LG,False,False,False
"Bandas (Banditas) de gomas elásticas #18, 500/1",bandas banditas de gomas elasticas 18 500/1,bandas|banditas|gomas|elasticas|18|500/1|500/1,,False,False,False
Protector de Hojas (Paquetes de 100 protectores de páginas 8.5 x 11 pulgadas en color transparente).,protector de hojas paquetes de 100 protectores de paginas 8.5 x 11 pulgadas en color transparente .,"protector|hojas|paquetes|100|protectores|paginas|8.5|x|11""",LG,False,False,False
"Carpetas de 1 pulgada de tres aros, con bolsillo en el interior y con plástico frontal, 60 color blanco y 5 color azul marino",carpetas de 1 pulgada de tres aros con bolsillo en el interior y con plastico frontal 60 color blanco y 5 color azul marino,"carpetas|1|pulgada|tres|aros|bolsillo|interior|plastico|1""",LG,False,False,False
Cartonite blanco (Paquetes de 250 hojas c/u de Cartonite 8.5 x 11 pulgadas).,cartonite blanco paquetes de 250 hojas c/u de cartonite 8.5 x 11 pulgadas .,"cartonite|blanco|paquetes|250|hojas|c/u|cartonite|8.5|11""",LG,False,False,False
Opalina 8.5 x 11 pulgadas blanco (100 und. c/u).,opalina 8.5 x 11 pulgadas blanco 100 und. c/u .,"opalina|8.5|x|11|pulgadas|blanco|100|und.|11""",LG,False,False,False
"Barra de silicón caliente (barras finas, 10 unidades en 1).",barra de silicon caliente barras finas 10 unidades en 1 .,barra|silicon|caliente|barras|finas|10|unidades|1,,False,False,False
"Tijeras de escritorio 5 pulgadas, mango grueso",tijeras de escritorio 5 pulgadas mango grueso,"tijeras|escritorio|5|pulgadas|mango|grueso|5""",LG,False,False,False
"Pizarra metálica color blanco, borde de aluminio color plata con cajetón para apoyo de marcador y borrador, tamaño 35” de ancho x 47” de largo.",pizarra metalica color blanco borde de aluminio color plata con cajeton para apoyo de marcador y borrador tamano 35 de ancho x 47 de largo.,pizarra|metalica|color|blanco|borde|aluminio|color|plata,,False,False,False
"Pizarra metálica color blanco, borde de aluminio color plata con cajetón para apoyo de marcador y borrador, tamaño 40” de ancho x 47” de largo.",pizarra metalica color blanco borde de aluminio color plata con cajeton para apoyo de marcador y borrador tamano 40 de ancho x 47 de largo.,pizarra|metalica|color|blanco|borde|aluminio|color|plata,,False,False,False
Borrador de pizarra.,borrador de pizarra.,borrador|pizarra.,,False,False,False
"Marcadores de pizarra. (9 color negro, 9 color azul, 9 color rojo y 9 color verde).",marcadores de pizarra. 9 color negro 9 color azul 9 color rojo y 9 color verde .,marcadores|pizarra.|9|color|negro|9|color|azul,,False,False,False
Chinchetas magnéticas. 60 color azul y 60 transparente.,chinchetas magneticas. 60 color azul y 60 transparente.,chinchetas|magneticas.|60|color|azul|60|transparente.,,False,False,False
"Sobres manila, papel grueso, tamaño 10 x 13 Pulgadas.",sobres manila papel grueso tamano 10 x 13 pulgadas.,"sobres|manila|papel|grueso|tamano|10|x|13|13""",LG,False,False,False
Sobre Manila de pago No. 7.,sobre manila de pago no. 7.,sobre|manila|pago|no.|7.,,False,False,False
"Corrector líquido, con aplicador de pincel. Botella de 18 ml. Secado rápido.",corrector liquido con aplicador de pincel. botella de 18 ml. secado rapido.,corrector|liquido|aplicador|pincel.|botella|18|ml.|secado,,False,False,False
"Borra blanca, no mancha",borra blanca no mancha,borra|blanca|no|mancha,,False,False,False
Broche (yoyo) para el carnet retráctil con clip color negro.,broche yoyo para el carnet retractil con clip color negro.,broche|yoyo|para|carnet|retractil|clip|color|negro.,,False,False,False
Porta carnet en policarbonato rígido transparente en medidas 2.1” X 3.3”.,porta carnet en policarbonato rigido transparente en medidas 2.1 x 3.3 .,porta|carnet|policarbonato|rigido|transparente|medidas|2.1|x,,False,False,False
Volumen Análisis,volumen analisis,volumen|analisis,,False,False,False
Materiales y Equipos,materiales y equipos,materiales|equipos,,False,False,False
Malla Electrosoldada D2.3 10x10mm + 10% desp.,malla electrosoldada d2.3 10x10mm 10% desp.,malla|electrosoldada|d2.3|10x10|mm|10%|desp.,,False,False,False
Hormigón industrial 210Kg/cm2 - 10% desp,hormigon industrial 210kg/cm2 - 10% desp,hormigon|industrial|210|kg/cm2|-|10%|desp|210 kg,,False,False,False
Alambre Dulce No. 18,alambre dulce no. 18,alambre|dulce|no.|18,,False,False,False
Mano de Obra,mano de obra,mano|obra,,True,False,False
Preparación superficie - Ayudante AY,preparacion superficie - ayudante ay,preparacion|superficie|-|ayudante|ay,,True,False,False
Mano de Obra colocación malla,mano de obra colocacion malla,mano|obra|colocacion|malla,,True,False,False
Mano de obra frotado y violinado,mano de obra frotado y violinado,mano|obra|frotado|violinado,,True,False,False
Total/UND,total/und,total/und,,False,False,False
TOTAL/M3,total/m3,total/m3,,False,False,False
Binder Size 14 7/8 x 11,binder size 14 7/8 x 11,binder|size|14|7/8|x|11|7/8,,False,False,False
Folders Manila Tamaño 8 1/2 x 11,folders manila tamano 8 1/2 x 11,folders|manila|tamano|8|1/2|x|11|1/2,,False,False,False
44122011 - Folders,44122011 - folders,44122011|-|folders,,False,False,False
Sobres Manila Tamaño 9 x 12,sobres manila tamano 9 x 12,sobres|manila|tamano|9|x|12,,False,False,False
Sobres Manila Tamaño 10 x 13,sobres manila tamano 10 x 13,sobres|manila|tamano|10|x|13,,False,False,False
Sobres Manila Tamaño #7 de Pago Amarillo,sobres manila tamano 7 de pago amarillo,sobres|manila|tamano|7|pago|amarillo,,False,False,False
Sobres Manila Tamaño #7 de Pago Blanco,sobres manila tamano 7 de pago blanco,sobres|manila|tamano|7|pago|blanco,,False,False,False
Sobres Manila Tamaño 6 1/2 x 9 1/2,sobres manila tamano 6 1/2 x 9 1/2,sobres|manila|tamano|6|1/2|x|9|1/2|1/2,,False,False,False
Cajas de Ganchos Macho y Hembra 50/1,cajas de ganchos macho y hembra 50/1,cajas|ganchos|macho|hembra|50/1|50/1,,False,False,False
44103111 - Rollos de tint(...),44103111 - rollos de tint ...,44103111|-|rollos|tint|...,,False,False,False
Cajas de gomas bandas no. 18,cajas de gomas bandas no. 18,cajas|gomas|bandas|no.|18,,False,False,False
Cajas de Grapas Estándar,cajas de grapas estandar,cajas|grapas|estandar,,False,False,False
Cajas de Grapas Grandes,cajas de grapas grandes,cajas|grapas|grandes,,False,False,False
Grapadoras grandes 250 páginas,grapadoras grandes 250 paginas,grapadoras|grandes|250|paginas,,False,False,False
44121615 - Grapadoras,44121615 - grapadoras,44121615|-|grapadoras,,False,False,False
43202001 - Discos compact(...),43202001 - discos compact ...,43202001|-|discos|compact|...,,False,False,False
44121905 - Almohadillas d(...),44121905 - almohadillas d ...,44121905|-|almohadillas|d|...,,False,False,False
Cajas de Lapiceros Azules 12/1,cajas de lapiceros azules 12/1,cajas|lapiceros|azules|12/1|12/1,,False,False,False
Cajas de Lapiceros Negros 12/1,cajas de lapiceros negros 12/1,cajas|lapiceros|negros|12/1|12/1,,False,False,False
44122104 - Clips para pap(...),44122104 - clips para pap ...,44122104|-|clips|para|pap|...,,False,False,False
44122104 - Clips para pap(...),44122104 - clips para pap ...,44122104|-|clips|para|pap|...,,False,False,False
44121708 - Marcadores,44121708 - marcadores,44121708|-|marcadores,,False,False,False
Cajas de marcadores para pizarra azul,cajas de marcadores para pizarra azul,cajas|marcadores|para|pizarra|azul,,False,False,False
Cajas de marcadores para pizarra negro,cajas de marcadores para pizarra negro,cajas|marcadores|para|pizarra|negro,,False,False,False
Cajas de marcadores para pizarra rojo,cajas de marcadores para pizarra rojo,cajas|marcadores|para|pizarra|rojo,,False,False,False
Cajas de marcadores para pizarra verde,cajas de marcadores para pizarra verde,cajas|marcadores|para|pizarra|verde,,False,False,False
44121716 - Resaltadores,44121716 - resaltadores,44121716|-|resaltadores,,False,False,False
43201811 - Disco versátil(...),43201811 - disco versatil ...,43201811|-|disco|versatil|...,,False,False,False
44121802 - Fluido de corr(...),44121802 - fluido de corr ...,44121802|-|fluido|corr|...,,False,False,False
44121706 - Lápices de mad(...),44121706 - lapices de mad ...,44121706|-|lapices|mad|...,,False,False,False
44111515 - Cajas u organi(...),44111515 - cajas u organi ...,44111515|-|cajas|u|organi|...,,False,False,False
Cajas de Clips Billeteros 3/4 (19mm) 12/1,cajas de clips billeteros 3/4 19mm 12/1,cajas|clips|billeteros|3/4|19|mm|12/1|3/4,,False,False,False
Cajas de Clips Billeteros 1 1/4 (32mm) 12/2,cajas de clips billeteros 1 1/4 32mm 12/2,cajas|clips|billeteros|1|1/4|32|mm|12/2|1/4,,False,False,False
Cajas de Clips Billeteros 2 (51mm) 12/3,cajas de clips billeteros 2 51mm 12/3,cajas|clips|billeteros|2|51|mm|12/3|12/3,,False,False,False
44121622 - Humectante o c(...),44121622 - humectante o c ...,44121622|-|humectante|o|c|...,,False,False,False
"Cajas de Felpa Tinta de Gel Azul punto audaz 1,0 mm 12/1",cajas de felpa tinta de gel azul punto audaz 1 0 mm 12/1,cajas|felpa|tinta|gel|azul|punto|audaz|1|12/1,,False,False,False
44101602 - Máquinas perfo(...),44101602 - maquinas perfo ...,44101602|-|maquinas|perfo|...,,False,False,False
44101602 - Máquinas perfo(...),44101602 - maquinas perfo ...,44101602|-|maquinas|perfo|...,,False,False,False
Saca Grapas,saca grapas,saca|grapas,,False,False,False
Marcadores de Páginas Set de colores varios (44x12MM),marcadores de paginas set de colores varios 44x12mm,marcadores|paginas|set|colores|varios|44x12|mm,,False,False,False
14111530 - Papel de notas(...),14111530 - papel de notas ...,14111530|-|papel|notas|...,,False,False,False
14111530 - Papel de notas(...),14111530 - papel de notas ...,14111530|-|papel|notas|...,,False,False,False
14111530 - Papel de notas(...),14111530 - papel de notas ...,14111530|-|papel|notas|...,,False,False,False
60121701 - Sellos de esta(...),60121701 - sellos de esta ...,60121701|-|sellos|esta|...,,False,False,False
CERAMICA LISA 50X50,ceramica lisa 50x50,ceramica|lisa|50x50,,False,False,False
OREGON GRIS 45X45,oregon gris 45x45,oregon|gris|45x45,,False,False,False
DERRETIDOS ARENA,derretidos arena,derretidos|arena,,False,False,False
TOROBON AZUL,torobon azul,torobon|azul,,False,False,False
PEGA FORTE BLANCO,pega forte blanco,pega|forte|blanco,,False,False,False
ALAMBRE ELECT 4.0MM(#10),alambre elect 4.0mm 10,alambre|elect|4.0|mm|10,,False,False,False
TAPE VINIL SCOTCH 3M SUPER33,tape vinil scotch 3m super33,tape|vinil|scotch|3m|super33|SUPER33,,False,False,False
ALAMBRE GOMA 10/2 (4.0/2),alambre goma 10/2 4.0/2,alambre|goma|10/2|4.0/2|10/2,,False,False,False
CRUCETA P/AZUL T 1MM 300/1,cruceta p/azul t 1mm 300/1,cruceta|p/azul|t|1|mm|300/1|300/1,,False,False,False
Credito a 60 dias,credito a 60 dias,credito|a|60|dias,,False,False,False
Entrega inmediata una vez sea enviada la orden de compras,entrega inmediata una vez sea enviada la orden de compras,entrega|inmediata|una|vez|sea|enviada|orden|compras,,False,False,False
FIRMA AUTORIZADA,firma autorizada,firma|autorizada,,False,False,False
TUBERIA MT 3 PULGADAS,tuberia mt 3 pulgadas,"tuberia|mt|3|pulgadas|3""",LG,False,False,False
Credito a 60 dias,credito a 60 dias,credito|a|60|dias,,False,False,False
Entrega inmediata una vez sea enviada la orden de compras,entrega inmediata una vez sea enviada la orden de compras,entrega|inmediata|una|vez|sea|enviada|orden|compras,,False,False,False
FIRMA AUTORIZADA,firma autorizada,firma|autorizada,,False,False,False
PLY-MEL MDP HDR Teca limo SW 6x8-18mm(3/4),ply-mel mdp hdr teca limo sw 6x8-18mm 3/4,ply-mel|mdp|hdr|teca|limo|sw|6x8-18|mm|3/4,,False,False,False
Canto PVC teca lino SW 22x0.4mm pies L,canto pvc teca lino sw 22x0.4mm pies l,canto|pvc|teca|lino|sw|22x0.4|mm|pies,,False,False,False
Bisagra corta 52 gr MAD,bisagra corta 52 gr mad,bisagra|corta|52|gr|mad,,False,False,False
Tirador inox barra 96mm 9609 SS201,tirador inox barra 96mm 9609 ss201,tirador|inox|barra|96|mm|9609|ss201|SS201,,False,False,False
Cerradura P/Gaveta tallo Largo MIPECKER,cerradura p/gaveta tallo largo mipecker,cerradura|p/gaveta|tallo|largo|mipecker,,False,False,False
Tornillo Diab. Negro 2.5' 'x8 MIPECKER,tornillo diab. negro 2.5 x8 mipecker,tornillo|diab.|negro|2.5|x8|mipecker,,False,False,False
Punta Ph 2 X 50mm - Bianditz 239202,punta ph 2 x 50mm - bianditz 239202,punta|ph|2|x|50|mm|-|bianditz,,False,False,False
Punta Ph 2 X 75mm - Bianditz 240205,punta ph 2 x 75mm - bianditz 240205,punta|ph|2|x|75|mm|-|bianditz,,False,False,False
Resbalardores Blanco/Negro C/Goma 1,resbalardores blanco/negro c/goma 1,resbalardores|blanco/negro|c/goma|1,,False,False,False
Cubre tornillo Ligth Grey 14mm Box 50 uds,cubre tornillo ligth grey 14mm box 50 uds,cubre|tornillo|ligth|grey|14|mm|box|50,,False,False,False
Cola poliuretano universal 1 GL,cola poliuretano universal 1 gl,cola|poliuretano|universal|1|gal|1 gl,,False,False,False
Credito a 60 dias,credito a 60 dias,credito|a|60|dias,,False,False,False
Entrega inmediata una vez sea enviada la orden de compras,entrega inmediata una vez sea enviada la orden de compras,entrega|inmediata|una|vez|sea|enviada|orden|compras,,False,False,False
FIRMA AUTORIZADA,firma autorizada,firma|autorizada,,False,False,False
"(LONA PARA CUBRIR AREA ENTRE FURGONES DE
ELECTRONICA Y MECANICA PARA SOMBRA EN AREA DE
PRACTICAS DE MECANICA. INCLUYE HERRAJES, MATERIALES
Y ACCESORIOS. ).",lona para cubrir area entre furgones de electronica y mecanica para sombra en area de practicas de mecanica. incluye herrajes materiales y accesorios. .,lona|para|cubrir|area|entre|furgones|electronica|mecanica,,False,False,False
Credito a 60 dias,credito a 60 dias,credito|a|60|dias,,False,False,False
Entrega inmediata una vez sea enviada la orden de compras,entrega inmediata una vez sea enviada la orden de compras,entrega|inmediata|una|vez|sea|enviada|orden|compras,,False,False,False
FIRMA AUTORIZADA,firma autorizada,firma|autorizada,,False,False,False
BREAKER MONOPOLAR DE 2 AMPERE,breaker monopolar de 2 ampere,breaker|monopolar|2|ampere,,False,False,False
BREAKER BIPOLAR DE 6 AMPERE,breaker bipolar de 6 ampere,breaker|bipolar|6|ampere,,False,False,False
BREAKER BIPOLAR DE 20 AMPERE,breaker bipolar de 20 ampere,breaker|bipolar|20|ampere,,False,False,False
CONTACTO AUXILIAR PARA BREAKER,contacto auxiliar para breaker,contacto|auxiliar|para|breaker,,False,False,False
Credito a 60 dias,credito a 60 dias,credito|a|60|dias,,False,False,False
Entrega inmediata una vez sea enviada la orden de compras,entrega inmediata una vez sea enviada la orden de compras,entrega|inmediata|una|vez|sea|enviada|orden|compras,,False,False,False
FIRMA AUTORIZADA,firma autorizada,firma|autorizada,,False,False,False
Hilo htr5-130 0.1x23/mp/podar truper,hilo htr5-130 0.1x23/mp/podar truper,hilo|htr5-130|0.1x23/mp/podar|truper|HTR5-130,Truper,False,False,False
Credito a 60 dias,credito a 60 dias,credito|a|60|dias,,False,False,False
Entrega inmediata una vez sea enviada la orden de compras,entrega inmediata una vez sea enviada la orden de compras,entrega|inmediata|una|vez|sea|enviada|orden|compras,,False,False,False
FIRMA AUTORIZADA,firma autorizada,firma|autorizada,,False,False,False
REGISTRO 12 X 12 X 4 NEMA 1,registro 12 x 12 x 4 nema 1,registro|12|x|12|x|4|nema|1,,False,False,False
TUBO EMT 3/4,tubo emt 3/4,tubo|emt|3/4|3/4,,False,False,False
COUPLINT EMT 3/4,couplint emt 3/4,couplint|emt|3/4|3/4,,False,False,False
CONECTORE EMT 3/4,conectore emt 3/4,conectore|emt|3/4|3/4,,False,False,False
BARRA UNITRON DE 3/4,barra unitron de 3/4,barra|unitron|3/4|3/4,,False,False,False
TORNILLO HEXAGONAL 11/2,tornillo hexagonal 11/2,tornillo|hexagonal|11/2|11/2,,False,False,False
TARUGO DE PLOMO 5/6 X 11/2,tarugo de plomo 5/6 x 11/2,tarugo|plomo|5/6|x|11/2|5/6,,False,False,False
PECHA DE COMETIDA,pecha de cometida,pecha|cometida,,False,False,False
PERCHA DE METAL 2/0,percha de metal 2/0,percha|metal|2/0|2/0,,False,False,False
ENCLOUSE NR3  BREAKER 250 AMP 3 POLO,enclouse nr3 breaker 250 amp 3 polo,enclouse|nr3|breaker|250|amp|3|polo,,False,False,False
"TAPE PLASTICO 3 M, AMARILLO",tape plastico 3 m amarillo,tape|plastico|3|m|amarillo,,False,False,False
"TAPE PLASTICO 3 M,  AZUL",tape plastico 3 m azul,tape|plastico|3|m|azul,,False,False,False
"TAPE PLASTICO 3 M, ROJO",tape plastico 3 m rojo,tape|plastico|3|m|rojo,,False,False,False
"TAPE PLATICO SUPER 33, 3M",tape platico super 33 3m,tape|platico|super|33|3m,,False,False,False
ABRAZADERA UNITRON DE  3/4,abrazadera unitron de 3/4,abrazadera|unitron|3/4|3/4,,False,False,False
Credito a 60 dias,credito a 60 dias,credito|a|60|dias,,False,False,False
Entrega inmediata una vez sea enviada la orden de compras,entrega inmediata una vez sea enviada la orden de compras,entrega|inmediata|una|vez|sea|enviada|orden|compras,,False,False,False
FIRMA AUTORIZADA,firma autorizada,firma|autorizada,,False,False,False
ALAMBRE AWG  NO.6 NEGRO,alambre awg no.6 negro,alambre|awg|no.6|negro,,False,False,False
ALAMBRE AWG NO. 6 BLANCO,alambre awg no. 6 blanco,alambre|awg|no.|6|blanco,,False,False,False
ALAMBRE DE GOMA 8/2,alambre de goma 8/2,alambre|goma|8/2|8/2,,False,False,False
ALAMBRE DE GOMA 10/2 .,alambre de goma 10/2 .,alambre|goma|10/2|.|10/2,,False,False,False
Credito a 60 dias,credito a 60 dias,credito|a|60|dias,,False,False,False
Entrega inmediata una vez sea enviada la orden de compras,entrega inmediata una vez sea enviada la orden de compras,entrega|inmediata|una|vez|sea|enviada|orden|compras,,False,False,False
FIRMA AUTORIZADA,firma autorizada,firma|autorizada,,False,False,False
"INSTALACION PASAMANOS DE ACERO INOXIDABLE EN ESCALERA EXTERIOR """"13 MTS""""","instalacion pasamanos de acero inoxidable en escalera exterior """"13 mts""""","instalacion|pasamanos|acero|inoxidable|escalera|exterior|""""13|mts""""",,True,False,False
FIRMA AUTORIZADA,firma autorizada,firma|autorizada,,False,False,False
CEMENTO GRIS TITAN 94 LB,cemento gris titan 94 lb,cemento|gris|titan|94|lb|94 lb,,False,False,False
GRAVA 3/4,grava 3/4,grava|3/4|3/4,,False,False,False
VARILLA 1/2,varilla 1/2,varilla|1/2|1/2,,False,False,False
VARILLA 3/8,varilla 3/8,varilla|3/8|3/8,,False,False,False
VARILLA 1/4,varilla 1/4,varilla|1/4|1/4,,False,False,False
ARENA LAVADA,arena lavada,arena|lavada,,False,False,False
ARENA ITABO,arena itabo,arena|itabo,,False,False,False
BLOCK DE 6'' BISONO,block de 6 bisono,block|6|bisono,,False,False,False
CLAVO DULCE 2 1/2'',clavo dulce 2 1/2,clavo|dulce|2|1/2|1/2,,False,False,False
CLAVO DULCE DE 4'',clavo dulce de 4,clavo|dulce|4,,False,False,False
CLAVO DE ACERO 2 1/2,clavo de acero 2 1/2,clavo|acero|2|1/2|1/2,,False,False,False
CLAVO DE ACERO DE 4'',clavo de acero de 4,clavo|acero|4,,False,False,False
ALAMBRE CAL 18 GALVANIZADO ASTM A641,alambre cal 18 galvanizado astm a641,alambre|cal|18|galvanizado|astm|a641|A641,,False,False,False
PICO TRAMOTINA,pico tramotina,pico|tramotina,,False,False,False
PALA CUADRADA TRAMOTINA,pala cuadrada tramotina,pala|cuadrada|tramotina,,False,False,False
CARRETILLA TRUPER,carretilla truper,carretilla|truper,Truper,False,False,False
CARRETILLLA REFORZADA PARA ASFALTO TRAMOTINA,carretillla reforzada para asfalto tramotina,carretillla|reforzada|para|asfalto|tramotina,,False,False,False
ESCOBILLON PLASTICO FIBRA LEOPARDO,escobillon plastico fibra leopardo,escobillon|plastico|fibra|leopardo,,False,False,False
MARTILLO M/FIBRA KENDO,martillo m/fibra kendo,martillo|m/fibra|kendo,,False,False,False
RASTRILLO DE ASFALTO PRETUL,rastrillo de asfalto pretul,rastrillo|asfalto|pretul,,False,False,False
"TUBO PVC DE 12''X19 , SDR-41 CORVI",tubo pvc de 12 x19 sdr-41 corvi,tubo|pvc|12|x19|sdr-41|corvi,,False,False,False
"TUBO PVC DE 8''X19 , SDR-41 CORVI",tubo pvc de 8 x19 sdr-41 corvi,tubo|pvc|8|x19|sdr-41|corvi,,False,False,False
BROCHA DE 2'' ATLAS,brocha de 2 atlas,brocha|2|atlas,,False,False,False
BROCHA DE 2 1/2'' ATLAS,brocha de 2 1/2 atlas,brocha|2|1/2|atlas|1/2,,False,False,False
BROCHA DE 3'' ATLAS,brocha de 3 atlas,brocha|3|atlas,,False,False,False
BROCHA DE 4'' ATLAS,brocha de 4 atlas,brocha|4|atlas,,False,False,False
MOTA 6'' ANTI-GOTA LANCO,mota 6 anti-gota lanco,mota|6|anti-gota|lanco,,False,False,False
PORTA ROLO PA-576-19 LANCO,porta rolo pa-576-19 lanco,porta|rolo|pa-576-19|lanco|PA-576-19,,False,False,False
VARA PARA PINTAR BYP,vara para pintar byp,vara|para|pintar|byp,,False,False,False
VARA PARA EXTENSION BYP,vara para extension byp,vara|para|extension|byp,,False,False,False
TAPE DE VINIL 3M-33 SCOTCH,tape de vinil 3m-33 scotch,tape|vinil|3m-33|scotch,,False,False,False
ALAMBRE DE VINIL 12/2 AWG PHELPS DODGE,alambre de vinil 12/2 awg phelps dodge,alambre|vinil|12/2|awg|phelps|dodge|12/2,,False,False,False
ALAMBRE DE VINIL 14/2 AWG PHELPS DODGE,alambre de vinil 14/2 awg phelps dodge,alambre|vinil|14/2|awg|phelps|dodge|14/2,,False,False,False
CINTA DE MEDIR ELECTRICA GUIA-30 DE TRUPER,cinta de medir electrica guia-30 de truper,cinta|medir|electrica|guia-30|truper,Truper,False,False,False
"NIVEL GRANDE KENDO MODELO 35256 DE 48""","nivel grande kendo modelo 35256 de 48""","nivel|grande|kendo|modelo|35256|48""|48""",,False,False,False
"NIVEL MEDIANO KENDO MODELO 35256 DE 32""","nivel mediano kendo modelo 35256 de 32""","nivel|mediano|kendo|modelo|35256|32""|32""",,False,False,False
PINTURA ALTO TRANSITO (AMARILLO TRAFICO) TROPICAL/POPULAR,pintura alto transito amarillo trafico tropical/popular,pintura|alto|transito|amarillo|trafico|tropical/popular,Tropical,False,False,False
PINTURA ALTO TRANSITO (BLANCO TRAFICO) TROPICAL/POPULAR,pintura alto transito blanco trafico tropical/popular,pintura|alto|transito|blanco|trafico|tropical/popular,Tropical,False,False,False
THINNER AAA-3000 GL POPULAR/TROPICAL,thinner aaa-3000 gl popular/tropical,thinner|aaa-3000|gal|popular/tropical|AAA-3000|3000 gl,Tropical,False,False,False
PINTURA ACRILICA AZUL POSITVO TROPICAL/POPULAR,pintura acrilica azul positvo tropical/popular,pintura|acrilica|azul|positvo|tropical/popular,Tropical,False,False,False
PINTURA ACRILICA VERDE POSITVO TROPICAL/POPULAR,pintura acrilica verde positvo tropical/popular,pintura|acrilica|verde|positvo|tropical/popular,Tropical,False,False,False
PINTURA ACRILICA ROJO POSITVO TROPICAL/POPULAR,pintura acrilica rojo positvo tropical/popular,pintura|acrilica|rojo|positvo|tropical/popular,Tropical,False,False,False
PINTURA ACRILICA AMARILLO POSITVO TROPICAL/POPULAR,pintura acrilica amarillo positvo tropical/popular,pintura|acrilica|amarillo|positvo|tropical/popular,Tropical,False,False,False
PINTURA ACRILICA BLANCA 00 TROPICAL/POPULAR,pintura acrilica blanca 00 tropical/popular,pintura|acrilica|blanca|00|tropical/popular,Tropical,False,False,False
FOTOCELDAS 1800VA GENERICO,fotoceldas 1800va generico,fotoceldas|1800va|generico,Generico,False,False,False
"BOMBILLAS DE 150 W ,HPS (HIGH PRESSURE SODIUM)",bombillas de 150 w hps high pressure sodium,bombillas|150|w|hps|high|pressure|sodium|150W,HP,False,False,False
CONECTORES PARA TRIPLEX 2/0 GENERICO,conectores para triplex 2/0 generico,conectores|para|triplex|2/0|generico|2/0,Generico,False,False,False
FIRMA AUTORIZADA,firma autorizada,firma|autorizada,,False,False,False
"ACONDICIONADOR DE AIRE A/C INVERTE DE 12MIL  BTU, EFICIENCIA 16",acondicionador de aire a/c inverte de 12mil btu eficiencia 16,acondicionador|aire|a/c|inverte|12mil|btu|eficiencia|16,,False,False,False
FIRMA AUTORIZADA,firma autorizada,firma|autorizada,,False,False,False
REETRUCTURACION PASAMANOS DE ACERO INOXIDABLE EN RAMPAS Y ESCALONES,reetructuracion pasamanos de acero inoxidable en rampas y escalones,reetructuracion|pasamanos|acero|inoxidable|rampas|escalones,,False,False,False
INSTALACION  BRAZO DE ACERO INOXIDABLE EN BANO,instalacion brazo de acero inoxidable en bano,instalacion|brazo|acero|inoxidable|bano,,True,False,False
CAMBIO DE MARCO PARA PUERTA COMERCIAL 2.10MX1M CON  JUEGO DE PIBOTE,cambio de marco para puerta comercial 2.10mx1m con juego de pibote,cambio|marco|para|puerta|comercial|2.10mx1m|juego|pibote,,True,False,False
DEMOLICION Y CONSTRUCCION DE PANDERETAS DE SHEETROCK EN DIVICION DE BANO,demolicion y construccion de panderetas de sheetrock en divicion de bano,demolicion|construccion|panderetas|sheetrock|divicion|bano,,True,False,False
TRANSPORTE,transporte,transporte,,False,False,False
FIRMA AUTORIZADA,firma autorizada,firma|autorizada,,False,False,False
"Hilo redondo htr5 3,3 x 237 mts/mp/podar truper",hilo redondo htr5 3 3 x 237 mts/mp/podar truper,hilo|redondo|htr5|3|3|x|237|mts/mp/podar|HTR5,Truper,False,False,False
FIRMA AUTORIZADA,firma autorizada,firma|autorizada,,False,False,False
HILO PARA CORTADORA DE GRAMA  3.3MM X 237M        htr5/podar truper,hilo para cortadora de grama 3.3mm x 237m htr5/podar truper,hilo|para|cortadora|grama|3.3|mm|x|237m|HTR5,Truper,False,False,False
Credito a 60 dias,credito a 60 dias,credito|a|60|dias,,False,False,False
Entrega inmediata una vez sea enviada la orden de compras,entrega inmediata una vez sea enviada la orden de compras,entrega|inmediata|una|vez|sea|enviada|orden|compras,,False,False,False
FIRMA AUTORIZADA,firma autorizada,firma|autorizada,,False,False,False
ESTRUCTURA METALICA CON PERFIL GALVAN,estructura metalica con perfil galvan,estructura|metalica|perfil|galvan,,False,False,False
TECHADO EN ALUZINC TEJA CAL 26-1m UTIL,techado en aluzinc teja cal 26-1m util,techado|aluzinc|teja|cal|26-1m|util,,False,False,False
FIRMA AUTORIZADA,firma autorizada,firma|autorizada,,False,False,False
BLOCK DE 8 BISONO,block de 8 bisono,block|8|bisono,,False,False,False
BLOCK DE 6 BISONO,block de 6 bisono,block|6|bisono,,False,False,False
FUNDA DE CEMENTO GRIS TITAN 94 LB,funda de cemento gris titan 94 lb,funda|cemento|gris|titan|94|lb|94 lb,,False,False,False
ARENA TRITURADA AZUL LAVADA,arena triturada azul lavada,arena|triturada|azul|lavada,,False,False,False
GRAVA 3/4 A 1/2,grava 3/4 a 1/2,grava|3/4|a|1/2|3/4,,False,False,False
ARENA ITABO,arena itabo,arena|itabo,,False,False,False
Credito a 60 dias,credito a 60 dias,credito|a|60|dias,,False,False,False
Entrega inmediata una vez sea enviada la orden de compras,entrega inmediata una vez sea enviada la orden de compras,entrega|inmediata|una|vez|sea|enviada|orden|compras,,False,False,False
FIRMA AUTORIZADA,firma autorizada,firma|autorizada,,False,False,False
"PAPEL HIGIENICO NATURA BLANCO PARA BAÑO JUMBO 700 FTS, FARDOS DE 12/1 (1 ESPLIEGO SIN AROMA) PARA DISPENSADOR",papel higienico natura blanco para bano jumbo 700 fts fardos de 12/1 1 espliego sin aroma para dispensador,papel|higienico|natura|blanco|para|bano|jumbo|700|12/1,,False,False,False
"PAPEL TOALLA SLIM ROLL 6/580""1, SCOOT","papel toalla slim roll 6/580""1 scoot","papel|toalla|slim|roll|6/580""1|scoot|6/580|580""",,False,False,False
SERVILLETAS DE MESA 500/1 VELVET PLUS,servilletas de mesa 500/1 velvet plus,servilletas|mesa|500/1|velvet|plus|500/1,,False,False,False
Credito a 120 dias,credito a 120 dias,credito|a|120|dias,,False,False,False
Entrega inmediata una vez sea enviada la orden de compras firmada y sellada por las autoridades competentes,entrega inmediata una vez sea enviada la orden de compras firmada y sellada por las autoridades competentes,entrega|inmediata|una|vez|sea|enviada|orden|compras,,False,False,False
FIRMA AUTORIZADA,firma autorizada,firma|autorizada,,False,False,False
PORCELANATO 60X60 LISO COLOR CREMA ANTI MANCHA,porcelanato 60x60 liso color crema anti mancha,porcelanato|60x60|liso|color|crema|anti|mancha,,False,False,False
Entrega inmediata una vez sea enviada la orden de compras firmada y sellada por las autoridades competentes,entrega inmediata una vez sea enviada la orden de compras firmada y sellada por las autoridades competentes,entrega|inmediata|una|vez|sea|enviada|orden|compras,,False,False,False
FIRMA AUTORIZADA,firma autorizada,firma|autorizada,,False,False,False
ARCHIVO ARCORDEON 9x12 PENDAFLEX,archivo arcordeon 9x12 pendaflex,archivo|arcordeon|9x12|pendaflex,,False,False,False
CINTA EPSON FX- 890,cinta epson fx- 890,cinta|epson|fx-|890,Epson,False,False,False
BANDAS DE GOMA ARTESCO #32,bandas de goma artesco 32,bandas|goma|artesco|32,,False,False,False
CAJA DE GRAPA ESTANDAR,caja de grapa estandar,caja|grapa|estandar,,False,False,False
POST-IT AMARILLOS 12/1,post-it amarillos 12/1,post-it|amarillos|12/1|12/1,,False,False,False
POST-IT DE COLORES 12/1,post-it de colores 12/1,post-it|colores|12/1|12/1,,False,False,False
AMBIENTADOR EN AEROSOL GLADE PARAISO AZUL,ambientador en aerosol glade paraiso azul,ambientador|aerosol|glade|paraiso|azul,,False,False,False
AMBIENTADOR  EN AEROSOL GLADE LAVANDA LAVANDA Y VAINILLA,ambientador en aerosol glade lavanda lavanda y vainilla,ambientador|aerosol|glade|lavanda|lavanda|vainilla,,False,False,False
AMBIENTADOR EN AEROSOL GLADE MANZANA Y CANELA,ambientador en aerosol glade manzana y canela,ambientador|aerosol|glade|manzana|canela,,False,False,False
LIBRETA RAYADA AMARILLA 50 HOJAS ARTESCO  8½x 11 plg,libreta rayada amarilla 50 hojas artesco 81 2x 11 plg,libreta|rayada|amarilla|50|hojas|artesco|81|2x,LG,False,False,False
LIBRETA RAYADA AMARILLA 50 HOJAS ARTESCO 5x8 plg,libreta rayada amarilla 50 hojas artesco 5x8 plg,libreta|rayada|amarilla|50|hojas|artesco|5x8|plg,LG,False,False,False
"RESMA DE PAPEL ABBY TAMAÑO CARTA CALIBRE 20, 8 1/2 * 11",resma de papel abby tamano carta calibre 20 8 1/2 11,resma|papel|abby|tamano|carta|calibre|20|8|1/2,,False,False,False
Credito a 120 dias,credito a 120 dias,credito|a|120|dias,,False,False,False
Entrega inmediata una vez sea enviada la orden de compras firmada y sellada por las autoridades competentes,entrega inmediata una vez sea enviada la orden de compras firmada y sellada por las autoridades competentes,entrega|inmediata|una|vez|sea|enviada|orden|compras,,False,False,False
FIRMA AUTORIZADA,firma autorizada,firma|autorizada,,False,False,False
CONTENEDOR DE BASURA DELTA  200 LT,contenedor de basura delta 200 lt,contenedor|basura|delta|200|lt,,False,False,False
Credito a 120 dias,credito a 120 dias,credito|a|120|dias,,False,False,False
Entrega inmediata una vez sea enviada la orden de compras firmada y sellada por las autoridades competentes,entrega inmediata una vez sea enviada la orden de compras firmada y sellada por las autoridades competentes,entrega|inmediata|una|vez|sea|enviada|orden|compras,,False,False,False
FIRMA AUTORIZADA,firma autorizada,firma|autorizada,,False,False,False
ENCHUFE LEVITON 120 VAMARILLO 515PV,enchufe leviton 120 vamarillo 515pv,enchufe|leviton|120|vamarillo|515pv,,False,False,False
TAPE NEGRO DE GOMA ELECTRICO  SCOTCH  3M,tape negro de goma electrico scotch 3m,tape|negro|goma|electrico|scotch|3m,,False,False,False
FOTO CELDA  FISHER,foto celda fisher,foto|celda|fisher,,False,False,False
BASE P/ FOTO CELDA VOLTECK,base p/ foto celda volteck,base|p/|foto|celda|volteck,,False,False,False
BASE P/ FOTO CELDA,base p/ foto celda,base|p/|foto|celda,,False,False,False
ALAMBRE GOMA 8/3,alambre goma 8/3,alambre|goma|8/3|8/3,,False,False,False
ALAMBRE GOMA 10/3,alambre goma 10/3,alambre|goma|10/3|10/3,,False,False,False
ALAMBRE ELECTRICO #12 STD NEGRO,alambre electrico 12 std negro,alambre|electrico|12|std|negro,,False,False,False
ALAMBRE GOMA 14/2,alambre goma 14/2,alambre|goma|14/2|14/2,,False,False,False
CAJA DE BREAKER GE 6 A 12,caja de breaker ge 6 a 12,caja|breaker|ge|6|a|12,,False,False,False
BREAKER GE 1P 30A GRUESO,breaker ge 1p 30a grueso,breaker|ge|1p|30a|grueso,,False,False,False
TUBO EMT 3/4,tubo emt 3/4,tubo|emt|3/4|3/4,,False,False,False
COUPLINT EMT 3/4,couplint emt 3/4,couplint|emt|3/4|3/4,,False,False,False
CONECTORE EMT 3/4,conectore emt 3/4,conectore|emt|3/4|3/4,,False,False,False
BARRA UNITRON DE 3/4,barra unitron de 3/4,barra|unitron|3/4|3/4,,False,False,False
TORNILLO HEXAGONAL 11/2,tornillo hexagonal 11/2,tornillo|hexagonal|11/2|11/2,,False,False,False
TARUGO DE PLOMO 5/6 X 11/2,tarugo de plomo 5/6 x 11/2,tarugo|plomo|5/6|x|11/2|5/6,,False,False,False
CONTACTORES DE 30 AMP,contactores de 30 amp,contactores|30|amp,,False,False,False
CONTACTORES DE 32 AMP,contactores de 32 amp,contactores|32|amp,,False,False,False
TAPA WATERPROOF DOBLE 110 V LEVITON,tapa waterproof doble 110 v leviton,tapa|waterproof|doble|110|v|leviton,,False,False,False
PIE DE ALAMBRE STR No.10 AWG THHN,pie de alambre str no.10 awg thhn,pie|alambre|str|no.10|awg|thhn,,False,False,False
PIE DE ALAMBRE STR No.12 AWG THHN,pie de alambre str no.12 awg thhn,pie|alambre|str|no.12|awg|thhn,,False,False,False
CANALETAS CUADRADAS C/ADH 1/2,canaletas cuadradas c/adh 1/2,canaletas|cuadradas|c/adh|1/2|1/2,,False,False,False
TOMA CORRIENTE DOBLE 20 AMP LEVITON,toma corriente doble 20 amp leviton,toma|corriente|doble|20|amp|leviton,,False,False,False
TAPE TENFLEX 1600 GRAN,tape tenflex 1600 gran,tape|tenflex|1600|gran,,False,False,False
PANEL 6-12 CIR  TL612 G.E,panel 6-12 cir tl612 g.e,panel|6-12|cir|tl612|g.e|TL612,,False,False,False
BREAKER SENCILLO G.E 30 AMP,breaker sencillo g.e 30 amp,breaker|sencillo|g.e|30|amp,,False,False,False
BREAKER SENCILLO G.E 20 AMP,breaker sencillo g.e 20 amp,breaker|sencillo|g.e|20|amp,,False,False,False
TUBOS SKTG4F-18 T8 18W 10% 100-265V 25000 H,tubos sktg4f-18 t8 18w 10% 100-265v 25000 h,tubos|sktg4f-18|t8|18|w|10%|100-265v|25000|SKTG4F-18|18W,,False,False,False
TOMACORRIENTE 220V 15A BTICINO NOBILE,tomacorriente 220v 15a bticino nobile,tomacorriente|220v|15a|bticino|nobile,,False,False,False
TOMACORRIENTE 110V BTICINO NOBILE,tomacorriente 110v bticino nobile,tomacorriente|110v|bticino|nobile,,False,False,False
ROSETA DE PORCELANA LEVITON,roseta de porcelana leviton,roseta|porcelana|leviton,,False,False,False
LAMPARA LED 2X4,lampara led 2x4,lampara|led|2x4,,False,False,False
INTERRUPTOR TRIPLE BTICINO NOBILE BCO,interruptor triple bticino nobile bco,interruptor|triple|bticino|nobile|bco,,False,False,False
TUBERIA LICUATY 3/4 PLASTICA,tuberia licuaty 3/4 plastica,tuberia|licuaty|3/4|plastica|3/4,,False,False,False
Credito a 60 dias,credito a 60 dias,credito|a|60|dias,,False,False,False
Entrega inmediata una vez sea enviada la orden de compras,entrega inmediata una vez sea enviada la orden de compras,entrega|inmediata|una|vez|sea|enviada|orden|compras,,False,False,False
FIRMA AUTORIZADA,firma autorizada,firma|autorizada,,False,False,False
CALICHE FINO,caliche fino,caliche|fino,,False,False,False
Entrega inmediata una vez sea enviada la orden de compras firmada y sellada por las autoridades competentes,entrega inmediata una vez sea enviada la orden de compras firmada y sellada por las autoridades competentes,entrega|inmediata|una|vez|sea|enviada|orden|compras,,False,False,False
FIRMA AUTORIZADA,firma autorizada,firma|autorizada,,False,False,False
"ACONDICIONADOR DE AIRE A/C INVERTE DE 18MIL  BTU, EFICIENCIA 19 G-AIR/COMFORT TIME",acondicionador de aire a/c inverte de 18mil btu eficiencia 19 g-air/comfort time,acondicionador|aire|a/c|inverte|18mil|btu|eficiencia|19,,False,False,False
"ACONDICIONADOR DE AIRE A/C INVERTE DE 24MIL  BTU, EFICIENCIA 19 G-AIR/COMFORT TIME",acondicionador de aire a/c inverte de 24mil btu eficiencia 19 g-air/comfort time,acondicionador|aire|a/c|inverte|24mil|btu|eficiencia|19,,False,False,False
"ACONDICIONADOR DE AIRE DUTIABLE A/C INVERTE DE 5 TON, EFICIENCIA 19 G-AIR/COMFORT TIME",acondicionador de aire dutiable a/c inverte de 5 ton eficiencia 19 g-air/comfort time,acondicionador|aire|dutiable|a/c|inverte|5|ton|eficiencia,,False,False,False
"NOTA: ESTA COTIZACION ESTA SUJETA A CAMBIOS, UNA VEZ SE PROCEDA CON LA VISITA A CAMPO PARA EVALUACION POR LOS TECNICOS",nota esta cotizacion esta sujeta a cambios una vez se proceda con la visita a campo para evaluacion por los tecnicos,nota|esta|cotizacion|esta|sujeta|a|cambios|una,,False,False,False
FIRMA AUTORIZADA,firma autorizada,firma|autorizada,,False,False,False
"NOTA: ESTA COTIZACION ESTA SUJETA A CAMBIOS, UNA VEZ SE PROCEDA CON LA VISITA A CAMPO PARA EVALUACION POR LOS TECNICOS",nota esta cotizacion esta sujeta a cambios una vez se proceda con la visita a campo para evaluacion por los tecnicos,nota|esta|cotizacion|esta|sujeta|a|cambios|una,,False,False,False
FIRMA AUTORIZADA,firma autorizada,firma|autorizada,,False,False,False
ALAMBRE GALV. PICADO 12.5LB C-16  GRUESO,alambre galv. picado 12.5lb c-16 grueso,alambre|galv.|picado|12.5|lb|c-16|grueso|12.5 lb,,False,False,False
Entrega inmediata una vez sea enviada la orden de compras firmada y sellada por las autoridades competentes,entrega inmediata una vez sea enviada la orden de compras firmada y sellada por las autoridades competentes,entrega|inmediata|una|vez|sea|enviada|orden|compras,,False,False,False
FIRMA AUTORIZADA,firma autorizada,firma|autorizada,,False,False,False
"VARILLA 3/4X40 (AT-37) 40 AT  0 UD  GDO 60 
METALDOM",varilla 3/4x40 at-37 40 at 0 ud gdo 60 metaldom,varilla|3/4x40|at-37|40|at|0|ud|gdo,,False,False,False
ALAMBRE GALV. PICADO 12.5LB/1 C-16  GRUESO,alambre galv. picado 12.5lb/1 c-16 grueso,alambre|galv.|picado|12.5|lb/1|c-16|grueso|12.5 lb,,False,False,False
Entrega inmediata una vez sea enviada la orden de compras firmada y sellada por las autoridades competentes,entrega inmediata una vez sea enviada la orden de compras firmada y sellada por las autoridades competentes,entrega|inmediata|una|vez|sea|enviada|orden|compras,,False,False,False
FIRMA AUTORIZADA,firma autorizada,firma|autorizada,,False,False,False
12R24.5- GRANDSTONE ZIGZAG GT168,12r24.5- grandstone zigzag gt168,12r24.5-|grandstone|zigzag|gt168|GT168,,False,False,False
12R22.5 GMX GM869 18PR COMBINADA,12r22.5 gmx gm869 18pr combinada,12r22.5|gmx|gm869|18pr|combinada|GM869,,False,False,False
195R15COSMO EL JEFE VAN ll 8 PR,195r15cosmo el jefe van ll 8 pr,195r15cosmo|jefe|van|ll|8|pr,,False,False,False
265/65R17 BFGOODRICH TRAIL-TERRA,265/65r17 bfgoodrich trail-terra,265/65r17|bfgoodrich|trail-terra,,False,False,False
Entrega inmediata una vez sea enviada la orden de compras firmada y sellada por las autoridades competentes,entrega inmediata una vez sea enviada la orden de compras firmada y sellada por las autoridades competentes,entrega|inmediata|una|vez|sea|enviada|orden|compras,,False,False,False
FIRMA AUTORIZADA,firma autorizada,firma|autorizada,,False,False,False
ALAMBRE ELECTRICO DE TIERRA THHN (AWG) 2.5mm.  CORDIFLEX,alambre electrico de tierra thhn awg 2.5mm. cordiflex,alambre|electrico|tierra|thhn|awg|2.5|mm.|cordiflex,,False,False,False
ALAMBRE ELECTRICO  THHN (AWG) NO.12 PHELPS DODGE  ROJO,alambre electrico thhn awg no.12 phelps dodge rojo,alambre|electrico|thhn|awg|no.12|phelps|dodge|rojo,,False,False,False
ALAMBRES ELECTRICOTHHN (AWG) NO.12 PHELPS DODGE NEGRO,alambres electricothhn awg no.12 phelps dodge negro,alambres|electricothhn|awg|no.12|phelps|dodge|negro,,False,False,False
ALAMBRE ELECTRICO THHN (AWG) NO.12 PHELPS DODGE BANCO,alambre electrico thhn awg no.12 phelps dodge banco,alambre|electrico|thhn|awg|no.12|phelps|dodge|banco,,False,False,False
ALAMBRE ELECTRICO THHN (AWG) NO.12 PHELPS DODGE VERDE,alambre electrico thhn awg no.12 phelps dodge verde,alambre|electrico|thhn|awg|no.12|phelps|dodge|verde,,False,False,False
ALAMBRE ELECTRICO THHN (AWG) NO.08 PHELPS DODGE ROJO,alambre electrico thhn awg no.08 phelps dodge rojo,alambre|electrico|thhn|awg|no.08|phelps|dodge|rojo,,False,False,False
ALAMBRES ELECTRICO THHN (AWG) NO.10 PHELPS DODGE NEGRO,alambres electrico thhn awg no.10 phelps dodge negro,alambres|electrico|thhn|awg|no.10|phelps|dodge|negro,,False,False,False
Entrega inmediata una vez sea enviada la orden de compras firmada y sellada por las autoridades competentes,entrega inmediata una vez sea enviada la orden de compras firmada y sellada por las autoridades competentes,entrega|inmediata|una|vez|sea|enviada|orden|compras,,False,False,False
FIRMA AUTORIZADA,firma autorizada,firma|autorizada,,False,False,False
"COMPRESOR DE AIRE 24 LTS, 120V PARA PINTAR",compresor de aire 24 lts 120v para pintar,compresor|aire|24|lts|120v|para|pintar,,False,False,False
PINCEL PUNTA REDONDA CERDA BLANCA DE 10 KEPP SMILING,pincel punta redonda cerda blanca de 10 kepp smiling,pincel|punta|redonda|cerda|blanca|10|kepp|smiling,,False,False,False
PINCEL PUNTA REDONDA CERDA BLANCA DE  8 KEPP SMILING,pincel punta redonda cerda blanca de 8 kepp smiling,pincel|punta|redonda|cerda|blanca|8|kepp|smiling,,False,False,False
PINCEL PUNTA REDONDA CERDA BLANCA DE 6 KEPP SMILING,pincel punta redonda cerda blanca de 6 kepp smiling,pincel|punta|redonda|cerda|blanca|6|kepp|smiling,,False,False,False
PINCEL PUNTA REDONDA CERDA BLANCA DE 4 KEPP SMILING,pincel punta redonda cerda blanca de 4 kepp smiling,pincel|punta|redonda|cerda|blanca|4|kepp|smiling,,False,False,False
PINCEL PUNTA REDONDA CERDA BLANCA DE 2 KEPP SMILING,pincel punta redonda cerda blanca de 2 kepp smiling,pincel|punta|redonda|cerda|blanca|2|kepp|smiling,,False,False,False
MOTA  RUGOSA 23cm PELO SINTETICO TRUPER,mota rugosa 23cm pelo sintetico truper,mota|rugosa|23|cm|pelo|sintetico|truper,Truper,False,False,False
PORTA ROLO 9 PROFESIONAL LANCO,porta rolo 9 profesional lanco,porta|rolo|9|profesional|lanco,,False,False,False
MASKING TAPE BYP VERDE 3/4'' x25 mts 3M,masking tape byp verde 3/4 x25 mts 3m,masking|tape|byp|verde|3/4|x25|mts|3m|3/4,,False,False,False
CINTA METRICA 100m/330x mm FIBRA TRUPER,cinta metrica 100m/330x mm fibra truper,cinta|metrica|100m/330x|mm|fibra|truper,Truper,False,False,False
EXTENCION ELECTRICA PWE-C9-75FT PROW NARANJA,extencion electrica pwe-c9-75ft prow naranja,extencion|electrica|pwe-c9-75ft|prow|naranja|75 pies,,False,False,False
CARPAS PLEGABLES PARASOL 3x3 TORDO PEGABLE IMPERMEABLE REFORZADO TIPO   ARAÑA,carpas plegables parasol 3x3 tordo pegable impermeable reforzado tipo arana,carpas|plegables|parasol|3x3|tordo|pegable|impermeable|reforzado,,False,False,False
SOMBRERO  PARA SOL CON CUBRE NUCA Y TAPA BOCA CON FILTRO UV,sombrero para sol con cubre nuca y tapa boca con filtro uv,sombrero|para|sol|cubre|nuca|tapa|boca|filtro,,False,False,False
CAJA DE HERRAMIENTAS MEDIANA PLASTICA KENDO,caja de herramientas mediana plastica kendo,caja|herramientas|mediana|plastica|kendo,,False,False,False
ANDAMIO DEL CARIBE 2x1 MTS CUERPO DE ANDAMIO COMPLETO,andamio del caribe 2x1 mts cuerpo de andamio completo,andamio|caribe|2x1|mts|cuerpo|andamio|completo,,False,False,False
72 Marcos,72 marcos,72|marcos,,False,False,False
144 Cruzeta cortas,144 cruzeta cortas,144|cruzeta|cortas,,False,False,False
72 cruzetas Largas,72 cruzetas largas,72|cruzetas|largas,,False,False,False
36 Tablas,36 tablas,36|tablas,,False,False,False
36 Juntos,36 juntos,36|juntos,,False,False,False
36 Tubos,36 tubos,36|tubos,,False,False,False
"NEVERA PARA HIELO GRIS, RUEDAS, ASA, 70QT IGLOO",nevera para hielo gris ruedas asa 70qt igloo,nevera|para|hielo|gris|ruedas|asa|70qt|igloo,,False,False,False
"TRANSFORMADORES, INVERSOR DE CORRIENTE 1000W COMPUESTO DE CARGA USB, 12V A 110V",transformadores inversor de corriente 1000w compuesto de carga usb 12v a 110v,transformadores|inversor|corriente|1000|w|compuesto|carga|usb|1000W,,False,False,False
Entrega inmediata una vez sea enviada la orden de compras firmada y sellada por las autoridades competentes,entrega inmediata una vez sea enviada la orden de compras firmada y sellada por las autoridades competentes,entrega|inmediata|una|vez|sea|enviada|orden|compras,,False,False,False
FIRMA AUTORIZADA,firma autorizada,firma|autorizada,,False,False,False
(AGREGADO GRUESO) GRAVA 3/4,agregado grueso grava 3/4,agregado|grueso|grava|3/4|3/4,,False,False,False
Entrega inmediata una vez sea enviada la orden de compras firmada y sellada por las autoridades competentes,entrega inmediata una vez sea enviada la orden de compras firmada y sellada por las autoridades competentes,entrega|inmediata|una|vez|sea|enviada|orden|compras,,False,False,False
FIRMA AUTORIZADA,firma autorizada,firma|autorizada,,False,False,False
"MANTENIMIENTO PREVENTIVO: CAMBIO DE ACEITE, FILTROS DE GASOLINA, FILTRO DE AIRE.",mantenimiento preventivo cambio de aceite filtros de gasolina filtro de aire.,mantenimiento|preventivo|cambio|aceite|filtros|gasolina|filtro|aire.,,True,False,False
"MANTENIMIENTO PREVENTIVO: CAMBIO DE ACEITE, FILTROS DE GASOIL, FILTRO DEL AIRE",mantenimiento preventivo cambio de aceite filtros de gasoil filtro del aire,mantenimiento|preventivo|cambio|aceite|filtros|gasoil|filtro|aire,,True,False,False
"MANTENIMIENTO PREVENTIVO: CAMBIO DE ACEITE, FILTROS DE GASOIL, CAMBIO DE BANDAS DE FRENOS, FILTRO DE AIRE",mantenimiento preventivo cambio de aceite filtros de gasoil cambio de bandas de frenos filtro de aire,mantenimiento|preventivo|cambio|aceite|filtros|gasoil|cambio|bandas,,True,False,False
"MANTENIMIENTO PREVENTIVO: CAMBIO DE ACEITE, FILTROS DE GASOIL, CAMBIO DE BANDAS DE FRENOS, FILTRO DE AIRE.",mantenimiento preventivo cambio de aceite filtros de gasoil cambio de bandas de frenos filtro de aire.,mantenimiento|preventivo|cambio|aceite|filtros|gasoil|cambio|bandas,,True,False,False
"MANTENIMIENTO PREVENTIVO: CAMBIO DE ACEITE, FILTROS DE GASOIL, CAMBIO DE BANDAS DE FRENOS, FILTRO DE AIRE.",mantenimiento preventivo cambio de aceite filtros de gasoil cambio de bandas de frenos filtro de aire.,mantenimiento|preventivo|cambio|aceite|filtros|gasoil|cambio|bandas,,True,False,False
"MANTENIMIENTO PREVENTIVO: CAMBIO DE ACEITE, FILTROS DE GASOLINA, CAMBIO DE BANDAS DE FRENOS, FILTRO DE AIRE.",mantenimiento preventivo cambio de aceite filtros de gasolina cambio de bandas de frenos filtro de aire.,mantenimiento|preventivo|cambio|aceite|filtros|gasolina|cambio|bandas,,True,False,False
"CAMIONETA NISSAN FRONTIER NP300 AÑO 2019, FICHA 275, PLACA L406494 CHASIS 3N6CD33B2ZK401746",camioneta nissan frontier np300 ano 2019 ficha 275 placa l406494 chasis 3n6cd33b2zk401746,camioneta|nissan|frontier|np300|ano|2019|ficha|275|NP300,,False,False,False
"MANTENIMIENTO PREVENTIVO: CAMBIO DE ACEITE, FILTROS DE GASOLINA, FILTRO DE AIRE.",mantenimiento preventivo cambio de aceite filtros de gasolina filtro de aire.,mantenimiento|preventivo|cambio|aceite|filtros|gasolina|filtro|aire.,,True,False,False
"MANTENIMIENTO PREVENTIVO: CAMBIO DE ACEITE, FILTROS DE GASOIL, FILTRO DE AIRE.",mantenimiento preventivo cambio de aceite filtros de gasoil filtro de aire.,mantenimiento|preventivo|cambio|aceite|filtros|gasoil|filtro|aire.,,True,False,False
"MANTENIMIENTO CORRECTIVO: REPARACIÓN DE CATALINA, LLANTAS, CAMBIO DE ACEITE, MUFLER AJUSTE TIMON, Y REP. AROS.",mantenimiento correctivo reparacion de catalina llantas cambio de aceite mufler ajuste timon y rep. aros.,mantenimiento|correctivo|reparacion|catalina|llantas|cambio|aceite|mufler,,True,False,False
"MANTENIMIENTO CORRECTIVO: REPARACIÓN DE CATALINA, LLANTA, FRENO, CAMBIO DE ACEITE, AJUSTE DE TIMON Y REPARACION DE AROS.",mantenimiento correctivo reparacion de catalina llanta freno cambio de aceite ajuste de timon y reparacion de aros.,mantenimiento|correctivo|reparacion|catalina|llanta|freno|cambio|aceite,,True,False,False
"MANTENIMIENTO PREVENTIVO: CAMBIO DE ACEITE, FILTROS DE GASOIL, FILTRO DE AIRE.",mantenimiento preventivo cambio de aceite filtros de gasoil filtro de aire.,mantenimiento|preventivo|cambio|aceite|filtros|gasoil|filtro|aire.,,True,False,False
"MANTENIMIENTO CORRETIVO: REPARACIÓN DE TREN DELANTERO, CAMBIO DE BANDA, REPARACIÓN DE TRANSMISIÓN.",mantenimiento corretivo reparacion de tren delantero cambio de banda reparacion de transmision.,mantenimiento|corretivo|reparacion|tren|delantero|cambio|banda|reparacion,,True,False,False
"MANTENIMIENTO CORRECTIVO: REPARACION DE GOMA, CORREAS, COMPRESOR DE AIRE, BOLA ESFERICA Y TERMINAL. REPARACION DE RADIADORES DEL ALTERNADOR Y MOTOR DE ARRANQUE Y SISTEMA ELECTRICO GENERAL, REPARACION DE SISTEMA HIDRAULICO, RODAMIENTO, SISTEMA DE FRENOS.",mantenimiento correctivo reparacion de goma correas compresor de aire bola esferica y terminal. reparacion de radiadores del alternador y motor de arranque y sistema electrico general reparacion de sistema hidraulico rodamiento sistema de frenos.,mantenimiento|correctivo|reparacion|goma|correas|compresor|aire|bola,,True,False,False
"MANTENIMIENTO CORRECTICO: CORREAS, COMPRESOR DE AIRE, BOLA ESFERICA Y TERMINAL. REPARACION DE RADIADORES DEL ALTERNADOR Y MOTOR DE ARRANQUE Y SISTEMA ELECTRICO GENERAL, REPARACION DE SISTEMA HIDRAULICO, RODAMIENTO, SISTEMA DE FRENOS.",mantenimiento correctico correas compresor de aire bola esferica y terminal. reparacion de radiadores del alternador y motor de arranque y sistema electrico general reparacion de sistema hidraulico rodamiento sistema de frenos.,mantenimiento|correctico|correas|compresor|aire|bola|esferica|terminal.,,True,False,False
"MANTENIMIENTO CORRECTICO: REPARACION DE GOMA, CORREAS, COMPRESOR DE AIRE, BOLA ESFERICA Y TERMINAL. REPARACION DE RADIADORES DEL ALTERNADOR Y MOTOR DE ARRANQUE Y SISTEMA ELECTRICO GENERAL, REPARACION DE SISTEMA HIDRAULICO, RODAMIENTO, SISTEMA DE FRENOS.",mantenimiento correctico reparacion de goma correas compresor de aire bola esferica y terminal. reparacion de radiadores del alternador y motor de arranque y sistema electrico general reparacion de sistema hidraulico rodamiento sistema de frenos.,mantenimiento|correctico|reparacion|goma|correas|compresor|aire|bola,,True,False,False
"MANTENIMIENTO CORRECTICO: REPARACION DE GOMA, CORREAS, COMPRESOR DE AIRE, BOLA ESFERICA Y TERMINAL. REPARACION DE RADIADORES DEL ALTERNADOR Y MOTOR DE ARRANQUE Y SISTEMA ELECTRICO GENERAL, REPARACION DE SISTEMA HIDRAULICO, RODAMIENTO, SISTEMA DE FRENOS.",mantenimiento correctico reparacion de goma correas compresor de aire bola esferica y terminal. reparacion de radiadores del alternador y motor de arranque y sistema electrico general reparacion de sistema hidraulico rodamiento sistema de frenos.,mantenimiento|correctico|reparacion|goma|correas|compresor|aire|bola,,True,False,False
"MANTENIMIENTO CORRECTICO: REPARACION DE GOMA, CORREAS, COMPRESOR DE AIRE, BOLA ESFERICA Y TERMINAL. REPARACION DE RADIADORES DEL ALTERNADOR Y MOTOR DE ARRANQUE Y SISTEMA ELECTRICO GENERAL, REPARACION DE SISTEMA HIDRAULICO, RODAMIENTO, SISTEMA DE FRENOS.",mantenimiento correctico reparacion de goma correas compresor de aire bola esferica y terminal. reparacion de radiadores del alternador y motor de arranque y sistema electrico general reparacion de sistema hidraulico rodamiento sistema de frenos.,mantenimiento|correctico|reparacion|goma|correas|compresor|aire|bola,,True,False,False
SHEETROCK 4x8,sheetrock 4x8,sheetrock|4x8,,False,False,False
PARAL PARA SHEETROCK 2 1/2 X10,paral para sheetrock 2 1/2 x10,paral|para|sheetrock|2|1/2|x10|1/2,,False,False,False
PERFIL PARA SHEETROCK 2  1/2 X10,perfil para sheetrock 2 1/2 x10,perfil|para|sheetrock|2|1/2|x10|1/2,,False,False,False
KIT TALADOR 1/2  ATORNILLADOR DE IMPACTO 1/4,kit talador 1/2 atornillador de impacto 1/4,kit|talador|1/2|atornillador|impacto|1/4|1/2,,False,False,False
TARUGOS VERDES,tarugos verdes,tarugos|verdes,,False,False,False
TORNILLOS PARA SHEETROCK 1 1/4,tornillos para sheetrock 1 1/4,tornillos|para|sheetrock|1|1/4|1/4,,False,False,False
TORNILLOS DIABLITOS DE 1,tornillos diablitos de 1,tornillos|diablitos|1,,False,False,False
TORNILLOS DIABLITO DE 1 1/2,tornillos diablito de 1 1/2,tornillos|diablito|1|1/2|1/2,,False,False,False
Entrega inmediata una vez sea enviada la orden de compras firmada y sellada por las autoridades competentes,entrega inmediata una vez sea enviada la orden de compras firmada y sellada por las autoridades competentes,entrega|inmediata|una|vez|sea|enviada|orden|compras,,False,False,False
FIRMA AUTORIZADA,firma autorizada,firma|autorizada,,False,False,False
CORTADORA DE CESPED,cortadora de cesped,cortadora|cesped,,False,False,False
DESBROZADORA TRIMMER CORTADOR DE CESPED,desbrozadora trimmer cortador de cesped,desbrozadora|trimmer|cortador|cesped,,False,False,False
SOPLADORA,sopladora,sopladora,,False,False,False
Entrega inmediata una vez sea enviada la orden de compras firmada y sellada por las autoridades competentes,entrega inmediata una vez sea enviada la orden de compras firmada y sellada por las autoridades competentes,entrega|inmediata|una|vez|sea|enviada|orden|compras,,False,False,False
FIRMA AUTORIZADA,firma autorizada,firma|autorizada,,False,False,False
SOLDADURA UNIVERSAL 7018 UNIVERSAL,soldadura universal 7018 universal,soldadura|universal|7018|universal,,False,False,False
DISCO CORTE METAL INOX 9 METABO,disco corte metal inox 9 metabo,disco|corte|metal|inox|9|metabo,,False,False,False
THINNER TH-1000-GL TROPICAL,thinner th-1000-gl tropical,thinner|th-1000-gal|tropical|TH-1000-GL,Tropical,False,False,False
PINTURA ESMALTE OXIDO NEGRO TROPICAL,pintura esmalte oxido negro tropical,pintura|esmalte|oxido|negro|tropical,Tropical,False,False,False
BROCHA DE 3 ATLAS,brocha de 3 atlas,brocha|3|atlas,,False,False,False
PLANCHUELA 2x1/4x20 -34 LBS,planchuela 2x1/4x20 -34 lbs,planchuela|2x1/4x20|-34|lb|34 lbs,,False,False,False
ANGULAR 2x1/4x20 -63.8 lbs,angular 2x1/4x20 -63.8 lbs,angular|2x1/4x20|-63.8|lb|63.8 lb,,False,False,False
VIGA H 4x4-30 (13.0# )-390 LBS,viga h 4x4-30 13.0 -390 lbs,viga|h|4x4-30|13.0|-390|lb|390 lbs,,False,False,False
VIGA H 6x6-30 (25.0# )-750 LBS,viga h 6x6-30 25.0 -750 lbs,viga|h|6x6-30|25.0|-750|lb|750 lbs,,False,False,False
VIGA H 6x4-30 (16.0# ) -480 LBS FINA,viga h 6x4-30 16.0 -480 lbs fina,viga|h|6x4-30|16.0|-480|lb|fina|480 lbs,,False,False,False
Entrega inmediata una vez sea enviada la orden de compras firmada y sellada por las autoridades competentes,entrega inmediata una vez sea enviada la orden de compras firmada y sellada por las autoridades competentes,entrega|inmediata|una|vez|sea|enviada|orden|compras,,False,False,False
FIRMA AUTORIZADA,firma autorizada,firma|autorizada,,False,False,False
RESINA EPOXICA TRANSPARENTE Y ALTA RESISTENCIA,resina epoxica transparente y alta resistencia,resina|epoxica|transparente|alta|resistencia,,False,False,False
VASOS MEDIDORES DE SILICONA CON BOQUILLA,vasos medidores de silicona con boquilla,vasos|medidores|silicona|boquilla,,False,False,False
BORLA DE HILO CHINO O SEDA DIVERSOS COLORES,borla de hilo chino o seda diversos colores,borla|hilo|chino|o|seda|diversos|colores,,False,False,False
ARGOLLAS PARA LLAVERO METALICOS DE ALTA RESISTENCIA 25Y 33MM,argollas para llavero metalicos de alta resistencia 25y 33mm,argollas|para|llavero|metalicos|alta|resistencia|25y|33,,False,False,False
MOLDE DE ARETES DE SILICONA FLEXIBLE Y DE FORMA COMUN Y DE CALIDAD,molde de aretes de silicona flexible y de forma comun y de calidad,molde|aretes|silicona|flexible|forma|comun|calidad,,False,False,False
LLAVEROS DE ALTA DURABILIDAD Y ACABADO BRILLANTE,llaveros de alta durabilidad y acabado brillante,llaveros|alta|durabilidad|acabado|brillante,,False,False,False
CANCAMO DE ACABADO METALICO DE ROSCA FINA 8 Y 10 MM,cancamo de acabado metalico de rosca fina 8 y 10 mm,cancamo|acabado|metalico|rosca|fina|8|10|mm,,False,False,False
"MOLDES PARA LLAVERO DE SILICON DE 8 FLEXIBLES, LISO Y BRILLANTE EN EL INTERIOR",moldes para llavero de silicon de 8 flexibles liso y brillante en el interior,moldes|para|llavero|silicon|8|flexibles|liso|brillante,,False,False,False
PALITOS DE PALETA DE MADERA  SUPERFICIE LISA RESISTENTE 30CM,palitos de paleta de madera superficie lisa resistente 30cm,palitos|paleta|madera|superficie|lisa|resistente|30|cm,,False,False,False
MOLDES DE LETRAS DE SILICONA DE ALTA CALIDAD Y ENTERIOR BRILLANTE ALFANUMERICOS DE 3 Y 5 MM,moldes de letras de silicona de alta calidad y enterior brillante alfanumericos de 3 y 5 mm,moldes|letras|silicona|alta|calidad|enterior|brillante|alfanumericos,,False,False,False
MECHERO (SOPLETES) DISEÑO LIGERO LLAMA AZUL TIPO ANTORCHA DE BUTANO,mechero sopletes diseno ligero llama azul tipo antorcha de butano,mechero|sopletes|diseno|ligero|llama|azul|tipo|antorcha,,False,False,False
GAS BUTANO PARA MECHERO DE LLAMA AZUL CONTROLABLE EN BOTES DE AEROSOL METALICO DE 250ML,gas butano para mechero de llama azul controlable en botes de aerosol metalico de 250ml,gas|butano|para|mechero|llama|azul|controlable|botes,,False,False,False
MICA EN POLVO DEFECTO METALICO Y BRILLANTE COMPATIBLE CON RESINA DE ALTA RESISTENCIA TERMICA,mica en polvo defecto metalico y brillante compatible con resina de alta resistencia termica,mica|polvo|defecto|metalico|brillante|compatible|resina|alta,,False,False,False
"LIQUIDO DE COLORES Y COMPATIBLE PARA RESINA EN TONOS INTENSOS , PASTELES Y BRILLANTE 24/1",liquido de colores y compatible para resina en tonos intensos pasteles y brillante 24/1,liquido|colores|compatible|para|resina|tonos|intensos|pasteles|24/1,,False,False,False
ESCARCHA PARA RESINA DE ALTA RESISTENCIA Y DURABILIDAD VARIOS COLORES 24/1,escarcha para resina de alta resistencia y durabilidad varios colores 24/1,escarcha|para|resina|alta|resistencia|durabilidad|varios|colores|24/1,,False,False,False
ANSUELOS PARA ARETES RESISTENTES EN ACERO INOXIDABLE Y FORMA CURVADA,ansuelos para aretes resistentes en acero inoxidable y forma curvada,ansuelos|para|aretes|resistentes|acero|inoxidable|forma|curvada,,False,False,False
PINZAS DE ACERO INOXIDABLE DE ALTA RESISTENCIA PUNTA FINA Y MANGO ERGONOMICO,pinzas de acero inoxidable de alta resistencia punta fina y mango ergonomico,pinzas|acero|inoxidable|alta|resistencia|punta|fina|mango,,False,False,False
GUANTES DE COLOR AZUL DE NITRILO DE ALTA RESISTENCIA QUIMICA,guantes de color azul de nitrilo de alta resistencia quimica,guantes|color|azul|nitrilo|alta|resistencia|quimica,,False,False,False
ALCOHOL OSOPROPILICO DE 95% A 99% PUREZA,alcohol osopropilico de 95% a 99% pureza,alcohol|osopropilico|95%|a|99%|pureza,,False,False,False
LAMPARA UV POTENCIA DE 36W A 54W DE ALTA POTENCIA Y RECARGABLE,lampara uv potencia de 36w a 54w de alta potencia y recargable,lampara|uv|potencia|36|w|a|54|w|36W,,False,False,False
BARRO NATURAL DE ALTA PLASTICIDAD ARCILLA ROJA,barro natural de alta plasticidad arcilla roja,barro|natural|alta|plasticidad|arcilla|roja,,False,False,False
SET DE HERRRAMIENTAS MODELADO DE BARRO DE MADERA,set de herrramientas modelado de barro de madera,set|herrramientas|modelado|barro|madera,,False,False,False
Entrega inmediata una vez sea enviada la orden de compras firmada y sellada por las autoridades competentes,entrega inmediata una vez sea enviada la orden de compras firmada y sellada por las autoridades competentes,entrega|inmediata|una|vez|sea|enviada|orden|compras,,False,False,False
FIRMA AUTORIZADA,firma autorizada,firma|autorizada,,False,False,False
215-A TONER HP PARA IMPRESORA COLOR LASERJET (W2310A ) NEGRO,215-a toner hp para impresora color laserjet w2310a negro,215-a|toner|hp|para|impresora|color|laserjet|w2310a|W2310A,HP,False,False,False
215-A TONER HP PARA IMPRESORA COLOR LASERJET (W2310A ) MAGENTA,215-a toner hp para impresora color laserjet w2310a magenta,215-a|toner|hp|para|impresora|color|laserjet|w2310a|W2310A,HP,False,False,False
LASERJET W2111A NEGRO TONER HP PARA IMPRESORA LASERJET,laserjet w2111a negro toner hp para impresora laserjet,laserjet|w2111a|negro|toner|hp|para|impresora|laserjet|W2111A,HP,False,False,False
LASERJET W2111A CIAN TONER HP PARA IMPRESORA COLOR LASERJET,laserjet w2111a cian toner hp para impresora color laserjet,laserjet|w2111a|cian|toner|hp|para|impresora|color|W2111A,HP,False,False,False
LASERJET W2112A AMARILLO TONER HP PARA IMPRESORA COLOR LASERJET,laserjet w2112a amarillo toner hp para impresora color laserjet,laserjet|w2112a|amarillo|toner|hp|para|impresora|color|W2112A,HP,False,False,False
131-A AMARILLO PAGINAS PARA IMPRESORA COLOR LASERJET,131-a amarillo paginas para impresora color laserjet,131-a|amarillo|paginas|para|impresora|color|laserjet,,False,False,False
137-A NEGRO TONER STANDARD  HP,137-a negro toner standard hp,137-a|negro|toner|standard|hp,HP,False,False,False
87-A NEGRO TONER CONY 87A,87-a negro toner cony 87a,87-a|negro|toner|cony|87a,,False,False,False
136-A NEGRO TONER STANDARD HP,136-a negro toner standard hp,136-a|negro|toner|standard|hp,HP,False,False,False
05-A NEGRO TONER HP PAGINA PARA IMPRESORA  LASERJET,05-a negro toner hp pagina para impresora laserjet,05-a|negro|toner|hp|pagina|para|impresora|laserjet,HP,False,False,False
Entrega inmediata una vez sea enviada la orden de compras firmada y sellada por las autoridades competentes,entrega inmediata una vez sea enviada la orden de compras firmada y sellada por las autoridades competentes,entrega|inmediata|una|vez|sea|enviada|orden|compras,,False,False,False
FIRMA AUTORIZADA,firma autorizada,firma|autorizada,,False,False,False
215-A (W2310A ) NEGRO,215-a w2310a negro,215-a|w2310a|negro|W2310A,,False,False,False
215-A (W2310A ) MAGENTA,215-a w2310a magenta,215-a|w2310a|magenta|W2310A,,False,False,False
LASERJET W2111A NEGRO,laserjet w2111a negro,laserjet|w2111a|negro|W2111A,,False,False,False
LASERJET W2111A CIAN,laserjet w2111a cian,laserjet|w2111a|cian|W2111A,,False,False,False
LASERJET W2112A AMARILLO,laserjet w2112a amarillo,laserjet|w2112a|amarillo|W2112A,,False,False,False
131-A AMARILLO,131-a amarillo,131-a|amarillo,,False,False,False
137-A NEGRO,137-a negro,137-a|negro,,False,False,False
87-A NEGRO,87-a negro,87-a|negro,,False,False,False
136-A NEGRO,136-a negro,136-a|negro,,False,False,False
05-A NEGRO,05-a negro,05-a|negro,,False,False,False
Entrega inmediata una vez sea enviada la orden de compras firmada y sellada por las autoridades competentes,entrega inmediata una vez sea enviada la orden de compras firmada y sellada por las autoridades competentes,entrega|inmediata|una|vez|sea|enviada|orden|compras,,False,False,False
FIRMA AUTORIZADA,firma autorizada,firma|autorizada,,False,False,False
COLCHONES HOSPITALARIOS IMNOVAMED,colchones hospitalarios imnovamed,colchones|hospitalarios|imnovamed,,False,False,False
CORTINAS,cortinas,cortinas,,False,False,False
MESA DE NOCHE IMNOVAMED,mesa de noche imnovamed,mesa|noche|imnovamed,,False,False,False
SILLAS DE ACOMPAÑANTE IMNOVAMED,sillas de acompanante imnovamed,sillas|acompanante|imnovamed,,False,False,False
PALOS PARA CORTINA,palos para cortina,palos|para|cortina,,False,False,False
Entrega inmediata una vez sea enviada la orden de compras firmada y sellada por las autoridades competentes,entrega inmediata una vez sea enviada la orden de compras firmada y sellada por las autoridades competentes,entrega|inmediata|una|vez|sea|enviada|orden|compras,,False,False,False
FIRMA AUTORIZADA,firma autorizada,firma|autorizada,,False,False,False
201-A TONER HP PARA IMPRESORA COLOR LASERJET (W277 ) 400A NEGRO,201-a toner hp para impresora color laserjet w277 400a negro,201-a|toner|hp|para|impresora|color|laserjet|w277|W277,HP,False,False,False
215-A TONER HP LASERJET PRO 201A  (CF401A ) CYAN,215-a toner hp laserjet pro 201a cf401a cyan,215-a|toner|hp|laserjet|pro|201a|cf401a|cyan|CF401A,HP,False,False,False
TONER HP LASERJET PRO 201A (CF402A ) YELLOW,toner hp laserjet pro 201a cf402a yellow,toner|hp|laserjet|pro|201a|cf402a|yellow|CF402A,HP,False,False,False
TONER HP LASERJET PRO 201A (CF403A ) MAGENTA,toner hp laserjet pro 201a cf403a magenta,toner|hp|laserjet|pro|201a|cf403a|magenta|CF403A,HP,False,False,False
TONER HP LASERJET 2727n FMP Q7553A,toner hp laserjet 2727n fmp q7553a,toner|hp|laserjet|2727n|fmp|q7553a|Q7553A,HP,False,False,False
TONER HP LASERJET MFP 137 mnw WW 1105A,toner hp laserjet mfp 137 mnw ww 1105a,toner|hp|laserjet|mfp|137|mnw|ww|1105a,HP,False,False,False
CARTUCHO DESKJET 1000 122,cartucho deskjet 1000 122,cartucho|deskjet|1000|122,,False,False,False
TONER CANON MF455 DW 057 (NEGRO ),toner canon mf455 dw 057 negro,toner|canon|mf455|dw|057|negro|MF455,Cano,False,False,False
TONER LASERJET ENTERPRISE MFP M 528,toner laserjet enterprise mfp m 528,toner|laserjet|enterprise|mfp|m|528,,False,False,False
TONER HP  LASERJET PRO M402-MFP M426 CF226,toner hp laserjet pro m402-mfp m426 cf226,toner|hp|laserjet|pro|m402-mfp|m426|cf226|M402-MFP,HP,False,False,False
TONER HP  LASERJET M 1536 dnf mfp,toner hp laserjet m 1536 dnf mfp,toner|hp|laserjet|m|1536|dnf|mfp,HP,False,False,False
Entrega inmediata una vez sea enviada la orden de compras firmada y sellada por las autoridades competentes,entrega inmediata una vez sea enviada la orden de compras firmada y sellada por las autoridades competentes,entrega|inmediata|una|vez|sea|enviada|orden|compras,,False,False,False
FIRMA AUTORIZADA,firma autorizada,firma|autorizada,,False,False,False
VALLAS DE SEGURIDAD DE ALUMINIO,vallas de seguridad de aluminio,vallas|seguridad|aluminio,,False,False,False
Entrega inmediata una vez sea enviada la orden de compras firmada y sellada por las autoridades competentes,entrega inmediata una vez sea enviada la orden de compras firmada y sellada por las autoridades competentes,entrega|inmediata|una|vez|sea|enviada|orden|compras,,False,False,False
FIRMA AUTORIZADA,firma autorizada,firma|autorizada,,False,False,False
ROLLOS DE PAPEL HIGIENICO JUMBO JUNIOR JF,rollos de papel higienico jumbo junior jf,rollos|papel|higienico|jumbo|junior|jf,,False,False,False
ROLLOS DE PAPEL TOALLA,rollos de papel toalla,rollos|papel|toalla,,False,False,False
"AMBIENTADOR LIQUIDO (MISTOLIN) BEBE, CANELA GLADE",ambientador liquido mistolin bebe canela glade,ambientador|liquido|mistolin|bebe|canela|glade,,False,False,False
JABON LIQUIDO MULTIUSO ACEL,jabon liquido multiuso acel,jabon|liquido|multiuso|acel,,False,False,False
ESCOBAS REINA,escobas reina,escobas|reina,,False,False,False
SERVILLETAS  OCEAN BREEZE 500/1,servilletas ocean breeze 500/1,servilletas|ocean|breeze|500/1|500/1,,False,False,False
NEUTRALIZANTES DE MALOS OLORES LIMA,neutralizantes de malos olores lima,neutralizantes|malos|olores|lima,,False,False,False
"CLORO CONCENTRADO MACIER, (CLOROX)",cloro concentrado macier clorox,cloro|concentrado|macier|clorox,,False,False,False
DESGRASANTE A.B,desgrasante a.b,desgrasante|a.b,,False,False,False
DESCALIN D´SCALIN,descalin d scalin,descalin|d|scalin,,False,False,False
BAYGON INSECTICIDA,baygon insecticida,baygon|insecticida,,False,False,False
LYSOL DESINFECTANTE SPRAY,lysol desinfectante spray,lysol|desinfectante|spray,,False,False,False
VASOS HIGIENICOS NO.7,vasos higienicos no.7,vasos|higienicos|no.7,,False,False,False
RECOGEDORES DE BASURA PALITA REINA,recogedores de basura palita reina,recogedores|basura|palita|reina,,False,False,False
AMBIENTADORES SPRAY  GLADE,ambientadores spray glade,ambientadores|spray|glade,,False,False,False
TOALLITAS DE TELA PAÑITO LANILLA,toallitas de tela panito lanilla,toallitas|tela|panito|lanilla,,False,False,False
BRILLOS DE LIMPIEZA-VERDE- SCOTCH,brillos de limpieza-verde- scotch,brillos|limpieza-verde-|scotch,,False,False,False
WD-40 AKFIX A40 MAGIC,wd-40 akfix a40 magic,wd-40|akfix|a40|magic,,False,False,False
PALOS DE ESCOBA,palos de escoba,palos|escoba,,False,False,False
SERVILLETAS PARA DISPENSADORES  C-FOLD,servilletas para dispensadores c-fold,servilletas|para|dispensadores|c-fold,,False,False,False
JABON AZUL,jabon azul,jabon|azul,,False,False,False
DETERGENTE EN POLVO HISPANO,detergente en polvo hispano,detergente|polvo|hispano,,False,False,False
Entrega inmediata una vez sea enviada la orden de compras firmada y sellada por las autoridades competentes,entrega inmediata una vez sea enviada la orden de compras firmada y sellada por las autoridades competentes,entrega|inmediata|una|vez|sea|enviada|orden|compras,,False,False,False
FIRMA AUTORIZADA,firma autorizada,firma|autorizada,,False,False,False
Entrega inmediata una vez sea enviada la orden de compras firmada y sellada por las autoridades competentes,entrega inmediata una vez sea enviada la orden de compras firmada y sellada por las autoridades competentes,entrega|inmediata|una|vez|sea|enviada|orden|compras,,False,False,False
FIRMA AUTORIZADA,firma autorizada,firma|autorizada,,False,False,False
ROLLOS DE PAPEL HIGIENICO JUMBO JUNIOR JF,rollos de papel higienico jumbo junior jf,rollos|papel|higienico|jumbo|junior|jf,,False,False,False
ROLLOS DE PAPEL TOALLA,rollos de papel toalla,rollos|papel|toalla,,False,False,False
"AMBIENTADOR LIQUIDO (MISTOLIN) BEBE, CANELA GLADE",ambientador liquido mistolin bebe canela glade,ambientador|liquido|mistolin|bebe|canela|glade,,False,False,False
JABON LIQUIDO MULTIUSO ACEL,jabon liquido multiuso acel,jabon|liquido|multiuso|acel,,False,False,False
ESCOBAS REINA,escobas reina,escobas|reina,,False,False,False
SERVILLETAS  OCEAN BREEZE 500/1,servilletas ocean breeze 500/1,servilletas|ocean|breeze|500/1|500/1,,False,False,False
NEUTRALIZANTES DE MALOS OLORES LIMA,neutralizantes de malos olores lima,neutralizantes|malos|olores|lima,,False,False,False
"CLORO CONCENTRADO MACIER, (CLOROX)",cloro concentrado macier clorox,cloro|concentrado|macier|clorox,,False,False,False
DESGRASANTE A.B,desgrasante a.b,desgrasante|a.b,,False,False,False
DESCALIN D´SCALIN,descalin d scalin,descalin|d|scalin,,False,False,False
BAYGON INSECTICIDA,baygon insecticida,baygon|insecticida,,False,False,False
LYSOL DESINFECTANTE SPRAY,lysol desinfectante spray,lysol|desinfectante|spray,,False,False,False
VASOS HIGIENICOS NO.7,vasos higienicos no.7,vasos|higienicos|no.7,,False,False,False
RECOGEDORES DE BASURA PALITA REINA,recogedores de basura palita reina,recogedores|basura|palita|reina,,False,False,False
AMBIENTADORES SPRAY  GLADE,ambientadores spray glade,ambientadores|spray|glade,,False,False,False
TOALLITAS DE TELA PAÑITO LANILLA,toallitas de tela panito lanilla,toallitas|tela|panito|lanilla,,False,False,False
BRILLOS DE LIMPIEZA-VERDE- SCOTCH,brillos de limpieza-verde- scotch,brillos|limpieza-verde-|scotch,,False,False,False
WD-40 AKFIX A40 MAGIC,wd-40 akfix a40 magic,wd-40|akfix|a40|magic,,False,False,False
PALOS DE ESCOBA,palos de escoba,palos|escoba,,False,False,False
SERVILLETAS PARA DISPENSADORES  C-FOLD,servilletas para dispensadores c-fold,servilletas|para|dispensadores|c-fold,,False,False,False
JABON AZUL,jabon azul,jabon|azul,,False,False,False
DETERGENTE EN POLVO HISPANO,detergente en polvo hispano,detergente|polvo|hispano,,False,False,False
Entrega inmediata una vez sea enviada la orden de compras firmada y sellada por las autoridades competentes,entrega inmediata una vez sea enviada la orden de compras firmada y sellada por las autoridades competentes,entrega|inmediata|una|vez|sea|enviada|orden|compras,,False,False,False
FIRMA AUTORIZADA,firma autorizada,firma|autorizada,,False,False,False
"MONITOR AOC 27"" 27G4H, GAMING, FHD (1920 X 1080) 200HZ, PANEL FAST IPS, 0.3 MS, DISPLAYPORT, HDMI, ALTURA AJUSTABLE, PIVOT.","monitor aoc 27"" 27g4h gaming fhd 1920 x 1080 200hz panel fast ips 0.3 ms displayport hdmi altura ajustable pivot.","monitor|aoc|27""|27g4h|gaming|fhd|1920|x|27""",,False,False,False
"CPU DELL REFURBISHED 3050 SFF, I7-6700, 16GB RAM, 256GB SSD, W10P. TECLADO, MOUSE NUEVOS. GRADO A",cpu dell refurbished 3050 sff i7-6700 16gb ram 256gb ssd w10p. teclado mouse nuevos. grado a,cpu|dell|refurbished|3050|sff|i7-6700|16gb|ram,,False,False,False
"MEMORIA RAM 16GB (1X16GB) KINGSTON, PC/DESKTOP, DDR4, 3200MHZ, NON ECC, (KCP432ND8/16)",memoria ram 16gb 1x16gb kingston pc/desktop ddr4 3200mhz non ecc kcp432nd8/16,memoria|ram|16gb|1x16gb|kingston|pc/desktop|ddr4|3200mhz|DDR4,,False,False,False
"DISCO DURO INTERNO KINGSTON SSD 512GB, 2.5"", SATA3, NEGRO. VELOCIDADES DE LECTURA / ESCRITURA DE HASTA 550/ 520MB/ SEG","disco duro interno kingston ssd 512gb 2.5"" sata3 negro. velocidades de lectura / escritura de hasta 550/ 520mb/ seg","disco|duro|interno|kingston|ssd|512gb|2.5""|sata3|SATA3|2.5""",,False,False,False
Entrega inmediata una vez sea enviada la orden de compras firmada y sellada por las autoridades competentes,entrega inmediata una vez sea enviada la orden de compras firmada y sellada por las autoridades competentes,entrega|inmediata|una|vez|sea|enviada|orden|compras,,False,False,False
FIRMA AUTORIZADA,firma autorizada,firma|autorizada,,False,False,False
ALQUILER POR DIA COMPRESOR DOS PISTOLAS,alquiler por dia compresor dos pistolas,alquiler|por|dia|compresor|dos|pistolas,,False,False,False
TRANSPORTE IDA Y VUELTA DE LOWBOY,transporte ida y vuelta de lowboy,transporte|ida|vuelta|lowboy,,False,False,False
NOTA ACLARATORIA:,nota aclaratoria,nota|aclaratoria,,False,False,False
Pago de Anticipo de un 30% del valor total de la cotizacion.,pago de anticipo de un 30% del valor total de la cotizacion.,pago|anticipo|un|30%|valor|total|cotizacion.,,False,False,False
" El arrendatario será responsable por cualquier daño, accidente, pérdida del equipo mientras esté bajo su cuidado.",el arrendatario sera responsable por cualquier dano accidente perdida del equipo mientras este bajo su cuidado.,arrendatario|sera|responsable|por|cualquier|dano|accidente|perdida,,False,False,False
 La disponibilidad de la unidad estará sujeta a aprobación previa.,la disponibilidad de la unidad estara sujeta a aprobacion previa.,disponibilidad|unidad|estara|sujeta|a|aprobacion|previa.,,False,False,False
"Se debe contratar un mínimo de 4 horas por día, de lunes a sábado.",se debe contratar un minimo de 4 horas por dia de lunes a sabado.,se|debe|contratar|un|minimo|4|horas|por,,False,False,False
FIRMA AUTORIZADA,firma autorizada,firma|autorizada,,False,False,False
TUBO CUADRADO GALVANIZADO ( 4x4 1.5 MM  ),tubo cuadrado galvanizado 4x4 1.5 mm,tubo|cuadrado|galvanizado|4x4|1.5|mm,,False,False,False
TUBO CUADRADO GALVANIZADO ( 3x3x1.5 MM ),tubo cuadrado galvanizado 3x3x1.5 mm,tubo|cuadrado|galvanizado|3x3x1.5|mm,,False,False,False
TUBO RECTANGULAR GALVANIZADO ( 2x2x1.5 MM ),tubo rectangular galvanizado 2x2x1.5 mm,tubo|rectangular|galvanizado|2x2x1.5|mm,,False,False,False
TARUGO PARA TORNILLO EXPANSIVO ( 1/2 x3 ),tarugo para tornillo expansivo 1/2 x3,tarugo|para|tornillo|expansivo|1/2|x3|1/2,,False,False,False
TORNILLO AUTOPERFORANTES ( 1/2 32 MM ),tornillo autoperforantes 1/2 32 mm,tornillo|autoperforantes|1/2|32|mm|1/2,,False,False,False
TOLA GALVANIZADO LISA CALIBRE 14 ( 4x8x2 105 LBS ),tola galvanizado lisa calibre 14 4x8x2 105 lbs,tola|galvanizado|lisa|calibre|14|4x8x2|105|lb|105 lbs,,False,False,False
PLANCHAS DE ALUZINC TECHO- CALIBRE 26 ( 1.00 MTS x 4.50 ),planchas de aluzinc techo- calibre 26 1.00 mts x 4.50,planchas|aluzinc|techo-|calibre|26|1.00|mts|x,,False,False,False
PLANCHAS DE ALUZINC TECHO- CALIBRE 26 ( 1.00 MTS x 5.00 MTS ),planchas de aluzinc techo- calibre 26 1.00 mts x 5.00 mts,planchas|aluzinc|techo-|calibre|26|1.00|mts|x,,False,False,False
PLANCHAS DE ALUZINC TECHO CALIBRE 26 ( 1.00 MTS x 6.20 MTS ),planchas de aluzinc techo calibre 26 1.00 mts x 6.20 mts,planchas|aluzinc|techo|calibre|26|1.00|mts|x,,False,False,False
PLANCHAS DE ALUZINC PARED CALIBRE 26 ( 1.00 x 2.50 MTS),planchas de aluzinc pared calibre 26 1.00 x 2.50 mts,planchas|aluzinc|pared|calibre|26|1.00|x|2.50,,False,False,False
Entrega inmediata una vez sea enviada la orden de compras firmada y sellada por las autoridades competentes,entrega inmediata una vez sea enviada la orden de compras firmada y sellada por las autoridades competentes,entrega|inmediata|una|vez|sea|enviada|orden|compras,,False,False,False
FIRMA AUTORIZADA,firma autorizada,firma|autorizada,,False,False,False
PAPEL BOND 8.5X11  ABBY PREMIUN RESMA,papel bond 8.5x11 abby premiun resma,papel|bond|8.5x11|abby|premiun|resma,,False,False,False
FOLDER TIPO CART 100/1  PAQ,folder tipo cart 100/1 paq,folder|tipo|cart|100/1|paq|100/1,,False,False,False
CINTA PARA DISPENSADOR STUDMARK,cinta para dispensador studmark,cinta|para|dispensador|studmark,,False,False,False
POST-IN 3X3 TALBOT,post-in 3x3 talbot,post-in|3x3|talbot,,False,False,False
CINTAS ADHESIVA GRANDE OPUS,cintas adhesiva grande opus,cintas|adhesiva|grande|opus,,False,False,False
CORRECTOR LIQUIDO 6OZ DELI,corrector liquido 6oz deli,corrector|liquido|6oz|deli,,False,False,False
BANDA ELASTICA GOMITAS,banda elastica gomitas,banda|elastica|gomitas,,False,False,False
CINTAS IMPRESORAS  Epson ERC39 BLACK,cintas impresoras epson erc39 black,cintas|impresoras|epson|erc39|black|ERC39,Epson,False,False,False
PAPEL PUNTO DE VENTAS TRES PARTES,papel punto de ventas tres partes,papel|punto|ventas|tres|partes,,False,False,False
CAJAS DE SOBRES BLANCOS 500/1,cajas de sobres blancos 500/1,cajas|sobres|blancos|500/1|500/1,,False,False,False
PILAS AA,pilas aa,pilas|aa,,False,False,False
PILAS AAA,pilas aaa,pilas|aaa,,False,False,False
LAPICERO AZULES,lapicero azules,lapicero|azules,,False,False,False
LAPICERO NEGRO,lapicero negro,lapicero|negro,,False,False,False
LAPICERO ROJOS,lapicero rojos,lapicero|rojos,,False,False,False
LAPIZ DE CARBON,lapiz de carbon,lapiz|carbon,,False,False,False
SACA GRAPA STD NUSTAR NEGRO,saca grapa std nustar negro,saca|grapa|std|nustar|negro,,False,False,False
CAJITAS DE GRAPAS STANDARD T,cajitas de grapas standard t,cajitas|grapas|standard|t,,False,False,False
CAJITA DE GRAPAS GRANDES STANDARD T,cajita de grapas grandes standard t,cajita|grapas|grandes|standard|t,,False,False,False
CAJITA DE CLIP PEQ TALBO,cajita de clip peq talbo,cajita|clip|peq|talbo,,False,False,False
RESALTADORES VARIOS COLORES BLISTER,resaltadores varios colores blister,resaltadores|varios|colores|blister,,False,False,False
CREYONES AZULES,creyones azules,creyones|azules,,False,False,False
CREYONES NEGROS,creyones negros,creyones|negros,,False,False,False
CREYONES ROJO,creyones rojo,creyones|rojo,,False,False,False
SOBRES MANILA 14X17,sobres manila 14x17,sobres|manila|14x17,,False,False,False
SOBRE MANILA 85X11,sobre manila 85x11,sobre|manila|85x11,,False,False,False
PERFORADDORA DOS HOYOS AJUST,perforaddora dos hoyos ajust,perforaddora|dos|hoyos|ajust,,False,False,False
TINTAS PARA SELLOS AZUL POINTER,tintas para sellos azul pointer,tintas|para|sellos|azul|pointer,,False,False,False
TICKET DE TURNO,ticket de turno,ticket|turno,,False,False,False
ETIQUETAS PARA CARPETAS POINTER,etiquetas para carpetas pointer,etiquetas|para|carpetas|pointer,,False,False,False
"FOLDER TIPO CARTA 100/1 ROJO, AZUL POINTER",folder tipo carta 100/1 rojo azul pointer,folder|tipo|carta|100/1|rojo|azul|pointer|100/1,,False,False,False
PILAS CUADRADAS  POWERONE,pilas cuadradas powerone,pilas|cuadradas|powerone,,False,False,False
TIJERAS GRANDES,tijeras grandes,tijeras|grandes,,False,False,False
Entrega inmediata una vez sea enviada la orden de compras firmada y sellada por las autoridades competentes,entrega inmediata una vez sea enviada la orden de compras firmada y sellada por las autoridades competentes,entrega|inmediata|una|vez|sea|enviada|orden|compras,,False,False,False
FIRMA AUTORIZADA,firma autorizada,firma|autorizada,,False,False,False
HIGADO,higado,higado,,False,False,False
LONGANIZA,longaniza,longaniza,,False,False,False
COSTILLITA,costillita,costillita,,False,False,False
CARNE DE RES,carne de res,carne|res,,False,False,True
POLLO ENTERO,pollo entero,pollo|entero,,False,False,True
SALAMI INDUVECA 3.5/1,salami induveca 3.5/1,salami|induveca|3.5/1|5/1,,False,False,True
LONGANIZA,longaniza,longaniza,,False,False,False
POLLO ENTERO,pollo entero,pollo|entero,,False,False,True
CHULETA,chuleta,chuleta,,False,False,True
RES MOLIDA,res molida,res|molida,,False,False,True
CARNE DE RES,carne de res,carne|res,,False,False,True
POLLO ENTERO,pollo entero,pollo|entero,,False,False,True
CHULETA,chuleta,chuleta,,False,False,True
RES MOLIDA,res molida,res|molida,,False,False,True
CARNE DE RES,carne de res,carne|res,,False,False,True
COSTILLA,costilla,costilla,,False,False,True
CHULETA,chuleta,chuleta,,False,False,True
RES MOLIDA,res molida,res|molida,,False,False,True
POLLO ENTERO,pollo entero,pollo|entero,,False,False,True
RES PRIMIUM DESHUESADA,res primium deshuesada,res|primium|deshuesada,,False,False,False
LONGANIZA,longaniza,longaniza,,False,False,False
POLLO ENTERO,pollo entero,pollo|entero,,False,False,True
CERDO,cerdo,cerdo,,False,False,False
HIGADO,higado,higado,,False,False,False
CHULETA AHUMADA,chuleta ahumada,chuleta|ahumada,,False,False,True
RES MOLIDA,res molida,res|molida,,False,False,True
CHULETA FRESCA REBANADA,chuleta fresca rebanada,chuleta|fresca|rebanada,,False,False,True
LONGANIZA,longaniza,longaniza,,False,False,False
COSTILLA,costilla,costilla,,False,False,True
HIGADO,higado,higado,,False,False,False
CARNE DE CERDO,carne de cerdo,carne|cerdo,,False,False,True
POLLO ENTERO DESCONGELADO,pollo entero descongelado,pollo|entero|descongelado,,False,False,True
CARNE DE RES,carne de res,carne|res,,False,False,True
RES MOLIDA,res molida,res|molida,,False,False,True
RES DESHUESADA,res deshuesada,res|deshuesada,,False,False,True
FIRMA AUTORIZADA,firma autorizada,firma|autorizada,,False,False,False
QUESO BLANCO,queso blanco,queso|blanco,,False,True,False
QUESO AMARILLO,queso amarillo,queso|amarillo,,False,True,False
QUESO GOUDA,queso gouda,queso|gouda,,False,True,False
QUESO MOZARELLA,queso mozarella,queso|mozarella,,False,True,False
HUEVO,huevo,huevo,,False,True,False
POLLO ENTERO DESCONGELADO,pollo entero descongelado,pollo|entero|descongelado,,False,False,True
LONGANIZA,longaniza,longaniza,,False,False,False
PECHO DE RES,pecho de res,pecho|res,,False,False,False
PECHUGA DE POLLO 50/1 LB,pechuga de pollo 50/1 lb,pechuga|pollo|50/1|lb|50/1|1 lb,,False,False,True
MUSLO DE POLLO,muslo de pollo,muslo|pollo,,False,False,True
HUEVOS 30/1,huevos 30/1,huevos|30/1|30/1,,False,True,False
JAMON 6/1,jamon 6/1,jamon|6/1|6/1,,False,False,True
JAMON DE PAVO,jamon de pavo,jamon|pavo,,False,False,True
SALAMI 3.2/1LB,salami 3.2/1lb,salami|3.2/1|lb|1 lb,,False,False,True
SALCHICHA,salchicha,salchicha,,False,False,False
HUEVOS 30/1,huevos 30/1,huevos|30/1|30/1,,False,True,False
QUESO AMARILLO 5/1,queso amarillo 5/1,queso|amarillo|5/1|5/1,,False,True,False
CARNE DE CERDO,carne de cerdo,carne|cerdo,,False,False,True
RES MOLIDA,res molida,res|molida,,False,False,True
SALAMI 3.2/1 LB,salami 3.2/1 lb,salami|3.2/1|lb|2/1|1 lb,,False,False,True
COSTILLA,costilla,costilla,,False,False,True
COSTILLITAS AHUMADA,costillitas ahumada,costillitas|ahumada,,False,False,False
POLLOS ENTEROS C/U 4 LIBRA,pollos enteros c/u 4 libra,pollos|enteros|c/u|4|libra,,False,False,True
LIBRAS DE CERDO PARA GUISAR,libras de cerdo para guisar,libras|cerdo|para|guisar,,False,False,False
LIBRAS DE RES PARA GUISAR,libras de res para guisar,libras|res|para|guisar,,False,False,False
LIBRAS DE RES MOLIDA,libras de res molida,libras|res|molida,,False,False,True
COSTILLA AHUMADA,costilla ahumada,costilla|ahumada,,False,False,True
CARNE DE CERDO,carne de cerdo,carne|cerdo,,False,False,True
CARNE DE RES,carne de res,carne|res,,False,False,True
POLLO,pollo,pollo,,False,False,True
PATA DE VACA,pata de vaca,pata|vaca,,False,False,False
MOLIDA DE PRIMERA,molida de primera,molida|primera,,False,False,False
CARNE DE CERDO,carne de cerdo,carne|cerdo,,False,False,True
HIGADO DE RES,higado de res,higado|res,,False,False,False
CHULETA AHUMADA,chuleta ahumada,chuleta|ahumada,,False,False,True
POLLO,pollo,pollo,,False,False,True
CARNES DE RES,carnes de res,carnes|res,,False,False,False
COSTILLA AHUMADA,costilla ahumada,costilla|ahumada,,False,False,True
POLLO ENTERO C/U 4LIBRA,pollo entero c/u 4libra,pollo|entero|c/u|4libra,,False,False,True
LIBRA DE CERDO PARA GUISAR,libra de cerdo para guisar,libra|cerdo|para|guisar,,False,False,False
LIBRA DE RES PARA GUISAR,libra de res para guisar,libra|res|para|guisar,,False,False,False
CHULETA AHUMADA,chuleta ahumada,chuleta|ahumada,,False,False,True
MOLIDA DE PRIMERA,molida de primera,molida|primera,,False,False,False
LIBRA DE POLLO,libra de pollo,libra|pollo,,False,False,True
LIBRA DE PATA DE VACA,libra de pata de vaca,libra|pata|vaca,,False,False,False
LIBRA DE CARNE DE RES,libra de carne de res,libra|carne|res,,False,False,True
LIBRA DE CERDO PARA GUISAR,libra de cerdo para guisar,libra|cerdo|para|guisar,,False,False,False
LIBRA DE RES MOLIDA,libra de res molida,libra|res|molida,,False,False,True
LIBRA DE COSTILLITA AHUMADA,libra de costillita ahumada,libra|costillita|ahumada,,False,False,False
LIBRA DE CHULETA,libra de chuleta,libra|chuleta,,False,False,True
LIBRA DE POLLO,libra de pollo,libra|pollo,,False,False,True
CARNE DE CERDO,carne de cerdo,carne|cerdo,,False,False,True
CHULETA AHUMADA,chuleta ahumada,chuleta|ahumada,,False,False,True
POLLO,pollo,pollo,,False,False,True
POLLO,pollo,pollo,,False,False,True
CARNE DE RES,carne de res,carne|res,,False,False,True
CHULETA AHUMADA,chuleta ahumada,chuleta|ahumada,,False,False,True
POLLO,pollo,pollo,,False,False,True
POLLO,pollo,pollo,,False,False,True
RES MOLIDA,res molida,res|molida,,False,False,True
RES DE GUISAR,res de guisar,res|guisar,,False,False,False
CARNE DE CERDO,carne de cerdo,carne|cerdo,,False,False,True
CHULETA AHUMADA,chuleta ahumada,chuleta|ahumada,,False,False,True
CARNE DE CERDO,carne de cerdo,carne|cerdo,,False,False,True
COSTILLA AHUMADA,costilla ahumada,costilla|ahumada,,False,False,True
PATA DE VACA,pata de vaca,pata|vaca,,False,False,False
POLLO,pollo,pollo,,False,False,True
CARNE MOLIDA,carne molida,carne|molida,,False,False,False
PLATANO VERDE,platano verde,platano|verde,,False,True,False
GUINEO VERDE,guineo verde,guineo|verde,,False,False,False
YUCA,yuca,yuca,,False,True,False
YAUTIA COCO,yautia coco,yautia|coco,,False,False,False
PAPA,papa,papa,,False,False,False
AUYAMA,auyama,auyama,,False,False,False
ÑAME,name,name,,False,False,False
SALAMI INDUVECA,salami induveca,salami|induveca,,False,False,True
QUESO CHEDAR,queso chedar,queso|chedar,,False,True,False
JAMON PICNIC,jamon picnic,jamon|picnic,,False,False,True
YAUTIA BLANCA,yautia blanca,yautia|blanca,,False,False,False
LIBRA DE PATA DE VACA,libra de pata de vaca,libra|pata|vaca,,False,False,False
LIBRA DE CHULETA,libra de chuleta,libra|chuleta,,False,False,True
LIBRA DE CARNE DE CERDO,libra de carne de cerdo,libra|carne|cerdo,,False,False,True
LIBRA DE CARNE RES,libra de carne res,libra|carne|res,,False,False,False
LIBRA DE COSTILLITA,libra de costillita,libra|costillita,,False,False,False
LIBRA DE POLLO,libra de pollo,libra|pollo,,False,False,True
PLATO FOAMI CON DIVISION/200/1 CATAI/PLASTIFAR,plato foami con division/200/1 catai/plastifar,plato|foami|division/200/1|catai/plastifar|200/1,,False,False,False
CUCHARA BAMBINO/PLASTICA 40/1,cuchara bambino/plastica 40/1,cuchara|bambino/plastica|40/1|40/1,,False,False,False
TENEDOR BAMBINO/PLASTIFAR 40/1,tenedor bambino/plastifar 40/1,tenedor|bambino/plastifar|40/1|40/1,,False,False,False
PAPEL DE ALUMINIO DIAMOND 18X1000FT,papel de aluminio diamond 18x1000ft,papel|aluminio|diamond|18x1000ft|1000 pies,,False,False,False
SALTEN GRANDE DE TEFLON,salten grande de teflon,salten|grande|teflon,,False,False,False
OLLA DE ACERO INOXIDABLE,olla de acero inoxidable,olla|acero|inoxidable,,False,False,False
CALDERO DE ALUMINIO,caldero de aluminio,caldero|aluminio,,False,False,False
CHULETA FERESCA,chuleta feresca,chuleta|feresca,,False,False,True
LONGANIZA GRUEZA,longaniza grueza,longaniza|grueza,,False,False,False
MASITA DE CERDO REBANADA,masita de cerdo rebanada,masita|cerdo|rebanada,,False,False,False
PESCADO MERO,pescado mero,pescado|mero,,False,False,True
POLLO ENTERO DESCONGELADO,pollo entero descongelado,pollo|entero|descongelado,,False,False,True
CARNE DE RES,carne de res,carne|res,,False,False,True
PLATANO VERDE,platano verde,platano|verde,,False,True,False
GUINEO VERDE,guineo verde,guineo|verde,,False,False,False
YUCA,yuca,yuca,,False,True,False
YAUTIA COCO,yautia coco,yautia|coco,,False,False,False
YAUTIA BLANCA,yautia blanca,yautia|blanca,,False,False,False
PAPA,papa,papa,,False,False,False
AUYAMA,auyama,auyama,,False,False,False
ÑAME,name,name,,False,False,False
BATATA,batata,batata,,False,True,False
SALAMI INDUVECA,salami induveca,salami|induveca,,False,False,True
QUESO CHEDAR,queso chedar,queso|chedar,,False,True,False
JAMON PICNIC,jamon picnic,jamon|picnic,,False,False,True
PLATANO VERDE,platano verde,platano|verde,,False,True,False
GUINEO VERDE,guineo verde,guineo|verde,,False,False,False
YUCA,yuca,yuca,,False,True,False
YAUTIA COCO,yautia coco,yautia|coco,,False,False,False
YAUTIA BLANCA,yautia blanca,yautia|blanca,,False,False,False
PAPA,papa,papa,,False,False,False
AUYAMA,auyama,auyama,,False,False,False
ÑAME,name,name,,False,False,False
BATATA,batata,batata,,False,True,False
SALAMI INDUVECA,salami induveca,salami|induveca,,False,False,True
QUESO CHEDAR,queso chedar,queso|chedar,,False,True,False
JAMON PICNIC,jamon picnic,jamon|picnic,,False,False,True
APIO,apio,apio,,False,False,False
LIMON VERDE,limon verde,limon|verde,,False,False,False
NARANJA AGRIA,naranja agria,naranja|agria,,False,False,False
TOMATE DE ENSALADA,tomate de ensalada,tomate|ensalada,,False,True,False
ZANAHORIA,zanahoria,zanahoria,,False,False,False
BERENJENA,berenjena,berenjena,,False,False,False
TOMATE BARCELO,tomate barcelo,tomate|barcelo,,False,True,False
LECHUGA,lechuga,lechuga,,False,False,False
AJI GUSTOSO,aji gustoso,aji|gustoso,,False,False,False
AJI CUBANELA,aji cubanela,aji|cubanela,,False,False,False
AJI MONROE,aji monroe,aji|monroe,,False,False,False
PEPINO,pepino,pepino,,False,False,False
VERDURA,verdura,verdura,,False,False,False
CILANTRO ANCHO,cilantro ancho,cilantro|ancho,,False,False,False
TOYOTA,toyota,toyota,,False,False,False
CEBOLLA,cebolla,cebolla,,False,True,False
PIÑA,pina,pina,,False,False,False
MELON,melon,melon,,False,False,False
LECHOZA,lechoza,lechoza,,False,False,False
SANDIA,sandia,sandia,,False,False,False
APIO,apio,apio,,False,False,False
LIMON VERDE,limon verde,limon|verde,,False,False,False
NARANJA AGRIA,naranja agria,naranja|agria,,False,False,False
TOMATE DE ENSALADA,tomate de ensalada,tomate|ensalada,,False,True,False
ZANAHORIA,zanahoria,zanahoria,,False,False,False
BERENJENA,berenjena,berenjena,,False,False,False
TOMATE BARCELO,tomate barcelo,tomate|barcelo,,False,True,False
LECHUGA,lechuga,lechuga,,False,False,False
AJI GUSTOSO,aji gustoso,aji|gustoso,,False,False,False
AJI CUBANELA,aji cubanela,aji|cubanela,,False,False,False
AJI MONROE,aji monroe,aji|monroe,,False,False,False
PEPINO,pepino,pepino,,False,False,False
VERDURA,verdura,verdura,,False,False,False
CILANTRO ANCHO,cilantro ancho,cilantro|ancho,,False,False,False
TOYOTA,toyota,toyota,,False,False,False
CEBOLLA,cebolla,cebolla,,False,True,False
PIÑA,pina,pina,,False,False,False
MELON,melon,melon,,False,False,False
LECHOZA,lechoza,lechoza,,False,False,False
SANDIA,sandia,sandia,,False,False,False
PLATO FOAMI CON DIVISION/200/1 CATAI/PLASTIFAR,plato foami con division/200/1 catai/plastifar,plato|foami|division/200/1|catai/plastifar|200/1,,False,False,False
CUCHARA BAMBINO/PLASTICA 40/1,cuchara bambino/plastica 40/1,cuchara|bambino/plastica|40/1|40/1,,False,False,False
TENEDOR BAMBINO/PLASTIFAR 40/1,tenedor bambino/plastifar 40/1,tenedor|bambino/plastifar|40/1|40/1,,False,False,False
PAPEL DE ALUMINIO DIAMOND 18X1000FT,papel de aluminio diamond 18x1000ft,papel|aluminio|diamond|18x1000ft|1000 pies,,False,False,False
SALTEN GRANDE DE TEFLON,salten grande de teflon,salten|grande|teflon,,False,False,False
OLLA DE ACERO INOXIDABLE,olla de acero inoxidable,olla|acero|inoxidable,,False,False,False
CALDERO DE ALUMINIO,caldero de aluminio,caldero|aluminio,,False,False,False
PAPEL MOGEE FILM 18'',papel mogee film 18,papel|mogee|film|18,,False,False,False
MANTEL BLANCO,mantel blanco,mantel|blanco,,False,False,False
PONCHERITA PEQUEÑA,poncherita pequena,poncherita|pequena,,False,False,False
SERVILLETA 10/1,servilleta 10/1,servilleta|10/1|10/1,,False,False,False
PAPEL FILM DE COCINA PARA ENVOLTURA 16 PULG  6/1,papel film de cocina para envoltura 16 pulg 6/1,"papel|film|cocina|para|envoltura|16|pulg|6/1|6/1|16""",LG,False,False,False
VASO MOLDY PLASTICO # 7 50PAQ/50,vaso moldy plastico 7 50paq/50,vaso|moldy|plastico|7|50paq/50,,False,False,False
VASO MOLDY PLASTICO # 10 50PAQ/1,vaso moldy plastico 10 50paq/1,vaso|moldy|plastico|10|50paq/1,,False,False,False
ALFOMBRA PLASTICA,alfombra plastica,alfombra|plastica,,False,False,False
CUCHILLO GRANDE P/PICAR CARNE,cuchillo grande p/picar carne,cuchillo|grande|p/picar|carne,,False,False,False
PONCHERITA PEQUEÑA P/FREGAR,poncherita pequena p/fregar,poncherita|pequena|p/fregar,,False,False,False
APIO,apio,apio,,False,False,False
LIMON VERDE,limon verde,limon|verde,,False,False,False
NARANJA AGRIA,naranja agria,naranja|agria,,False,False,False
TOMATE DE ENSALADA,tomate de ensalada,tomate|ensalada,,False,True,False
ZANAHORIA,zanahoria,zanahoria,,False,False,False
BERENJENA,berenjena,berenjena,,False,False,False
TOMATE BARCELO,tomate barcelo,tomate|barcelo,,False,True,False
LECHUGA,lechuga,lechuga,,False,False,False
AJI GUSTOSO,aji gustoso,aji|gustoso,,False,False,False
AJI CUBANELA,aji cubanela,aji|cubanela,,False,False,False
AJI MONROE,aji monroe,aji|monroe,,False,False,False
PEPINO,pepino,pepino,,False,False,False
VERDURA,verdura,verdura,,False,False,False
CILANTRO ANCHO,cilantro ancho,cilantro|ancho,,False,False,False
TAYOTA,tayota,tayota,,False,False,False
REPOLLO,repollo,repollo,,False,False,True
CEBOLLA,cebolla,cebolla,,False,True,False
PIÑA,pina,pina,,False,False,False
MELON,melon,melon,,False,False,False
LECHOZA,lechoza,lechoza,,False,False,False
SANDIA,sandia,sandia,,False,False,False
PLATANO VERDE,platano verde,platano|verde,,False,True,False
GUINEO VERDE,guineo verde,guineo|verde,,False,False,False
YUCA,yuca,yuca,,False,True,False
YAUTIA COCO,yautia coco,yautia|coco,,False,False,False
YAUTIA BLANCA,yautia blanca,yautia|blanca,,False,False,False
PAPA,papa,papa,,False,False,False
AUYAMA,auyama,auyama,,False,False,False
ÑAME,name,name,,False,False,False
BATATA,batata,batata,,False,True,False
SALAMI INDUVECA,salami induveca,salami|induveca,,False,False,True
QUESO CHEDAR,queso chedar,queso|chedar,,False,True,False
JAMON PICNIC,jamon picnic,jamon|picnic,,False,False,True
QUESO MOZZARELLA,queso mozzarella,queso|mozzarella,,False,True,False
CHULETA FRESCA,chuleta fresca,chuleta|fresca,,False,False,True
CARNE MOLIDA FRESCA,carne molida fresca,carne|molida|fresca,,False,False,False
LONGANIZA GRUESA,longaniza gruesa,longaniza|gruesa,,False,False,False
MASITA DE CERDO REBANADA,masita de cerdo rebanada,masita|cerdo|rebanada,,False,False,False
PESCADO MERO,pescado mero,pescado|mero,,False,False,True
POLLO FRESCO,pollo fresco,pollo|fresco,,False,False,True
CARNE DE RES REBANADA,carne de res rebanada,carne|res|rebanada,,False,False,True
CHULETA FRESCA,chuleta fresca,chuleta|fresca,,False,False,True
MASITA DE CERDO REBANADA,masita de cerdo rebanada,masita|cerdo|rebanada,,False,False,False
PLATO FOAMI CON DIVISION/200/1 CATAI/PLASTIFAR,plato foami con division/200/1 catai/plastifar,plato|foami|division/200/1|catai/plastifar|200/1,,False,False,False
CUCHARA BAMBINO/PLASTICA 40/1,cuchara bambino/plastica 40/1,cuchara|bambino/plastica|40/1|40/1,,False,False,False
TENEDOR BAMBINO/PLASTIFAR 40/1,tenedor bambino/plastifar 40/1,tenedor|bambino/plastifar|40/1|40/1,,False,False,False
PAPEL DE ALUMINIO DIAMOND 18X1000FT,papel de aluminio diamond 18x1000ft,papel|aluminio|diamond|18x1000ft|1000 pies,,False,False,False
VASO MOLDY PLASTICO # 7 50PAQ/50,vaso moldy plastico 7 50paq/50,vaso|moldy|plastico|7|50paq/50,,False,False,False
CUCHARON HIERRO,cucharon hierro,cucharon|hierro,,False,False,False
CUCHILLA LICUADORA OSTER,cuchilla licuadora oster,cuchilla|licuadora|oster,Oster,False,False,False
CARNE DE RES REBANADA,carne de res rebanada,carne|res|rebanada,,False,False,True
CHULETA FRESCA,chuleta fresca,chuleta|fresca,,False,False,True
MASITA DE CERDO,masita de cerdo,masita|cerdo,,False,False,False
CARNE DE CERDO,carne de cerdo,carne|cerdo,,False,False,True
PATA DE VACA,pata de vaca,pata|vaca,,False,False,False
CARNE DE RES,carne de res,carne|res,,False,False,True
COSTLLA,costlla,costlla,,False,False,False
CHULETA,chuleta,chuleta,,False,False,True
POLLO,pollo,pollo,,False,False,True
CARNE DE CERDO,carne de cerdo,carne|cerdo,,False,False,True
POLLO,pollo,pollo,,False,False,True
POLLO FRESCO,pollo fresco,pollo|fresco,,False,False,True
CHULETA FRESCA,chuleta fresca,chuleta|fresca,,False,False,True
CARNE DE RES REBANADA,carne de res rebanada,carne|res|rebanada,,False,False,True
MASITA DE CERDO REBANADA,masita de cerdo rebanada,masita|cerdo|rebanada,,False,False,False
PLATO FOAMI CON DIVISION/200/1 CATAI/PLASTIFAR,plato foami con division/200/1 catai/plastifar,plato|foami|division/200/1|catai/plastifar|200/1,,False,False,False
VASO MOLDY PLASTICO # 7 50PAQ/50,vaso moldy plastico 7 50paq/50,vaso|moldy|plastico|7|50paq/50,,False,False,False
TENEDOR BAMBINO/PLASTIFAR 40/1,tenedor bambino/plastifar 40/1,tenedor|bambino/plastifar|40/1|40/1,,False,False,False
CUCHARAS BAMBINO /PLASTIFAR 40/1,cucharas bambino /plastifar 40/1,cucharas|bambino|/plastifar|40/1|40/1,,False,False,False
COLADOR PLASTICO PARA EL TE (GRANDES),colador plastico para el te grandes,colador|plastico|para|te|grandes,,False,False,False
COLADOR PLASTICO PARA ESPAGUETIS,colador plastico para espaguetis,colador|plastico|para|espaguetis,,False,False,False
CUCHILLO PEQUEÑO,cuchillo pequeno,cuchillo|pequeno,,False,False,False
TRITURADORA,trituradora,trituradora,,False,False,False
PAPEL FILL EVOFILM STRECH FIM 17.5,papel fill evofilm strech fim 17.5,papel|fill|evofilm|strech|fim|17.5,,False,False,False
APIO,apio,apio,,False,False,False
LIMON VERDE,limon verde,limon|verde,,False,False,False
NARANJA AGRIA,naranja agria,naranja|agria,,False,False,False
TOMATE DE ENSALADA,tomate de ensalada,tomate|ensalada,,False,True,False
ZANAHORIA,zanahoria,zanahoria,,False,False,False
BERENJENA,berenjena,berenjena,,False,False,False
TOMATE BARCELO,tomate barcelo,tomate|barcelo,,False,True,False
LECHUGA,lechuga,lechuga,,False,False,False
AJI GUSTOSO,aji gustoso,aji|gustoso,,False,False,False
AJI CUBANELA,aji cubanela,aji|cubanela,,False,False,False
AJI MONROE,aji monroe,aji|monroe,,False,False,False
PEPINO,pepino,pepino,,False,False,False
VERDURA,verdura,verdura,,False,False,False
CILANTRO ANCHO,cilantro ancho,cilantro|ancho,,False,False,False
TAYOTA,tayota,tayota,,False,False,False
REPOLLO,repollo,repollo,,False,False,True
CEBOLLA,cebolla,cebolla,,False,True,False
PIÑA,pina,pina,,False,False,False
MELON,melon,melon,,False,False,False
LECHOZA,lechoza,lechoza,,False,False,False
SANDIA,sandia,sandia,,False,False,False
PLATANO VERDE,platano verde,platano|verde,,False,True,False
GUINEO VERDE,guineo verde,guineo|verde,,False,False,False
YUCA,yuca,yuca,,False,True,False
YAUTIA COCO,yautia coco,yautia|coco,,False,False,False
YAUTIA BLANCA,yautia blanca,yautia|blanca,,False,False,False
PAPA,papa,papa,,False,False,False
AUYAMA,auyama,auyama,,False,False,False
ÑAME,name,name,,False,False,False
SALAMI INDUVECA,salami induveca,salami|induveca,,False,False,True
QUESO CHEDAR,queso chedar,queso|chedar,,False,True,False
JAMON PICNIC,jamon picnic,jamon|picnic,,False,False,True
QUESO MOZZARELLA,queso mozzarella,queso|mozzarella,,False,True,False
CARNE MOLIDA FRESCA,carne molida fresca,carne|molida|fresca,,False,False,False
LONGANIZA GRUESA,longaniza gruesa,longaniza|gruesa,,False,False,False
PESCADO MERO,pescado mero,pescado|mero,,False,False,True
CARNE MOLIDA FRESCA,carne molida fresca,carne|molida|fresca,,False,False,False
CARNE DE RES REBANADA,carne de res rebanada,carne|res|rebanada,,False,False,True
MASITA DE CERDO REBANADA,masita de cerdo rebanada,masita|cerdo|rebanada,,False,False,False
CHULETA FRESCA,chuleta fresca,chuleta|fresca,,False,False,True
LONGANIZA GRUESA,longaniza gruesa,longaniza|gruesa,,False,False,False
POLLO FRESCO,pollo fresco,pollo|fresco,,False,False,True
PESCADO MERO,pescado mero,pescado|mero,,False,False,True
PLATANO VERDE,platano verde,platano|verde,,False,True,False
GUINEO VERDE,guineo verde,guineo|verde,,False,False,False
YUCA,yuca,yuca,,False,True,False
YAUTIA COCO,yautia coco,yautia|coco,,False,False,False
YAUTIA BLANCA,yautia blanca,yautia|blanca,,False,False,False
PAPA,papa,papa,,False,False,False
AUYAMA,auyama,auyama,,False,False,False
ÑAME,name,name,,False,False,False
SALAMI INDUVECA,salami induveca,salami|induveca,,False,False,True
QUESO CHEDAR,queso chedar,queso|chedar,,False,True,False
JAMON PICNIC,jamon picnic,jamon|picnic,,False,False,True
APIO,apio,apio,,False,False,False
LIMON VERDE,limon verde,limon|verde,,False,False,False
NARANJA AGRIA,naranja agria,naranja|agria,,False,False,False
TOMATE DE ENSALADA,tomate de ensalada,tomate|ensalada,,False,True,False
ZANAHORIA,zanahoria,zanahoria,,False,False,False
BERENJENA,berenjena,berenjena,,False,False,False
TOMATE BARCELO,tomate barcelo,tomate|barcelo,,False,True,False
LECHUGA,lechuga,lechuga,,False,False,False
AJI GUSTOSO,aji gustoso,aji|gustoso,,False,False,False
AJI CUBANELA,aji cubanela,aji|cubanela,,False,False,False
AJI MONROE,aji monroe,aji|monroe,,False,False,False
PEPINO,pepino,pepino,,False,False,False
VERDURA,verdura,verdura,,False,False,False
CILANTRO ANCHO,cilantro ancho,cilantro|ancho,,False,False,False
TAYOTA,tayota,tayota,,False,False,False
REPOLLO,repollo,repollo,,False,False,True
CEBOLLA,cebolla,cebolla,,False,True,False
PIÑA,pina,pina,,False,False,False
MELON,melon,melon,,False,False,False
LECHOZA,lechoza,lechoza,,False,False,False
SANDIA,sandia,sandia,,False,False,False
POLLO FRESCO,pollo fresco,pollo|fresco,,False,False,True
PESCADO MERO,pescado mero,pescado|mero,,False,False,True
CARNE DE RES REBANADA,carne de res rebanada,carne|res|rebanada,,False,False,True
MASITA DE CERDO REBANADA,masita de cerdo rebanada,masita|cerdo|rebanada,,False,False,False
CHULETA FRESCA,chuleta fresca,chuleta|fresca,,False,False,True
LONGANIZA GRUESA,longaniza gruesa,longaniza|gruesa,,False,False,False
PLATO FOAMI CON DIVISION/200/1 CATAI/PLASTIFAR,plato foami con division/200/1 catai/plastifar,plato|foami|division/200/1|catai/plastifar|200/1,,False,False,False
VASO MOLDY PLASTICO # 7 50PAQ/50,vaso moldy plastico 7 50paq/50,vaso|moldy|plastico|7|50paq/50,,False,False,False
TENEDOR BAMBINO/PLASTIFAR 40/1,tenedor bambino/plastifar 40/1,tenedor|bambino/plastifar|40/1|40/1,,False,False,False
CUCHARAS BAMBINO /PLASTIFAR 40/1,cucharas bambino /plastifar 40/1,cucharas|bambino|/plastifar|40/1|40/1,,False,False,False
PAPEL DE ALUMINIO DIAMOND 18X1000FT,papel de aluminio diamond 18x1000ft,papel|aluminio|diamond|18x1000ft|1000 pies,,False,False,False
CUBETA CON TAPA,cubeta con tapa,cubeta|tapa,,False,False,False
COLADOR ESPUMADERA (DE FREIR),colador espumadera de freir,colador|espumadera|freir,,False,False,False
UNIDAD DE AMBIENTADOR EN SPRAY,unidad de ambientador en spray,unidad|ambientador|spray,,False,False,False
GALON DE DESINFECTANTE LIQUIDO CON AROMA (ALTA CALIDAD),galon de desinfectante liquido con aroma alta calidad,galon|desinfectante|liquido|aroma|alta|calidad,,False,False,False
GALON DE CLORO,galon de cloro,galon|cloro,,False,False,False
GALON DE JABON LIQUIDO SIN AROMA,galon de jabon liquido sin aroma,galon|jabon|liquido|sin|aroma,,False,False,False
"FARDOS DE PAPEL HIGIENICO PARA BAÑO BLANCO JUMBO 1,300 ROLLO 12/1 (1 PLIEGO SIN AROMA) PARA DISPENSADOR. (ALTA CALIDAD)",fardos de papel higienico para bano blanco jumbo 1 300 rollo 12/1 1 pliego sin aroma para dispensador. alta calidad,fardos|papel|higienico|para|bano|blanco|jumbo|1|12/1,,False,False,False
"FARDOS DE PAPEL TOALLA SLIM ROLL 6/1, 500 (1 PLIEGUE) PARA DISPENSADOR. (ALTA CALIDAD).",fardos de papel toalla slim roll 6/1 500 1 pliegue para dispensador. alta calidad .,fardos|papel|toalla|slim|roll|6/1|500|1|6/1,,False,False,False
FARDOS DE SERVILLETAS DE MESA 500/10/1. (ALTA CALIDAD),fardos de servilletas de mesa 500/10/1. alta calidad,fardos|servilletas|mesa|500/10/1.|alta|calidad|500/10,,False,False,False
SACOS DE DETERGENTE EN POLVO 30/1. (ALTA CALIDAD),sacos de detergente en polvo 30/1. alta calidad,sacos|detergente|polvo|30/1.|alta|calidad|30/1,,False,False,False
UNIDADES DE PIEDRAS PERFUMADORAS (ALTA CALIDAD),unidades de piedras perfumadoras alta calidad,unidades|piedras|perfumadoras|alta|calidad,,False,False,False
PAQUETES DE CUCHARAS PLASTICAS 40/25/1 (ALTA CALIDAD),paquetes de cucharas plasticas 40/25/1 alta calidad,paquetes|cucharas|plasticas|40/25/1|alta|calidad|40/25,,False,False,False
PAQUETES DE TENEDORES PLASTICOS 40/25/1 (ALTA CALIDAD),paquetes de tenedores plasticos 40/25/1 alta calidad,paquetes|tenedores|plasticos|40/25/1|alta|calidad|40/25,,False,False,False
CAFETERA ELECTRICA 12/TAZAS,cafetera electrica 12/tazas,cafetera|electrica|12/tazas,,False,False,False
PLATO FOAMI CON DIVISION/200/1 CATAI/PLASTIFAR,plato foami con division/200/1 catai/plastifar,plato|foami|division/200/1|catai/plastifar|200/1,,False,False,False
VASO MOLDY PLASTICO # 7 50PAQ/50,vaso moldy plastico 7 50paq/50,vaso|moldy|plastico|7|50paq/50,,False,False,False
TENEDOR BAMBINO/PLASTIFAR 40/1,tenedor bambino/plastifar 40/1,tenedor|bambino/plastifar|40/1|40/1,,False,False,False
CUCHARAS BAMBINO /PLASTIFAR 40/1,cucharas bambino /plastifar 40/1,cucharas|bambino|/plastifar|40/1|40/1,,False,False,False
PAPEL FILL EVOFILM STRECH FIM 17.5,papel fill evofilm strech fim 17.5,papel|fill|evofilm|strech|fim|17.5,,False,False,False
LICUADORA OSTER,licuadora oster,licuadora|oster,Oster,False,False,False
TABLA AMARILLA DE PICAR,tabla amarilla de picar,tabla|amarilla|picar,,False,False,False
OLLA DE AXERO INNOXIDABLE GRANDE PARA EL TE,olla de axero innoxidable grande para el te,olla|axero|innoxidable|grande|para|te,,False,False,False
GRECA DE HIERRO 12/TAZAS,greca de hierro 12/tazas,greca|hierro|12/tazas,,False,False,False
DISPENSADOR PAPEL  FILM (Maquina del papel film pastico),dispensador papel film maquina del papel film pastico,dispensador|papel|film|maquina|papel|film|pastico,,False,False,False
APIO,apio,apio,,False,False,False
LIMON VERDE,limon verde,limon|verde,,False,False,False
NARANJA AGRIA,naranja agria,naranja|agria,,False,False,False
TOMATE DE ENSALADA,tomate de ensalada,tomate|ensalada,,False,True,False
ZANAHORIA,zanahoria,zanahoria,,False,False,False
BERENJENA,berenjena,berenjena,,False,False,False
TOMATE BARCELO,tomate barcelo,tomate|barcelo,,False,True,False
LECHUGA,lechuga,lechuga,,False,False,False
AJI GUSTOSO,aji gustoso,aji|gustoso,,False,False,False
AJI CUBANELA,aji cubanela,aji|cubanela,,False,False,False
AJI MONROE,aji monroe,aji|monroe,,False,False,False
PEPINO,pepino,pepino,,False,False,False
VERDURA,verdura,verdura,,False,False,False
CILANTRO ANCHO,cilantro ancho,cilantro|ancho,,False,False,False
TAYOTA,tayota,tayota,,False,False,False
REPOLLO,repollo,repollo,,False,False,True
CEBOLLA,cebolla,cebolla,,False,True,False
PIÑA,pina,pina,,False,False,False
MELON,melon,melon,,False,False,False
LECHOZA,lechoza,lechoza,,False,False,False
SANDIA,sandia,sandia,,False,False,False
PLATANO VERDE,platano verde,platano|verde,,False,True,False
GUINEO VERDE,guineo verde,guineo|verde,,False,False,False
YUCA,yuca,yuca,,False,True,False
YAUTIA COCO,yautia coco,yautia|coco,,False,False,False
YAUTIA BLANCA,yautia blanca,yautia|blanca,,False,False,False
PAPA,papa,papa,,False,False,False
AUYAMA,auyama,auyama,,False,False,False
ÑAME,name,name,,False,False,False
SALAMI INDUVECA,salami induveca,salami|induveca,,False,False,True
QUESO CHEDAR,queso chedar,queso|chedar,,False,True,False
JAMON PICNIC,jamon picnic,jamon|picnic,,False,False,True
QUESO MOZARELLA,queso mozarella,queso|mozarella,,False,True,False
CHULETA FRESCA,chuleta fresca,chuleta|fresca,,False,False,True
MASITA DE CERDO REBANADA,masita de cerdo rebanada,masita|cerdo|rebanada,,False,False,False
LONGANIZA GRUESA,longaniza gruesa,longaniza|gruesa,,False,False,False
PESCADO MERO,pescado mero,pescado|mero,,False,False,True
POLLO,pollo,pollo,,False,False,True
RES MOLIDA,res molida,res|molida,,False,False,True
CARNE DE RES REBANADA,carne de res rebanada,carne|res|rebanada,,False,False,True
POLLO,pollo,pollo,,False,False,True
CARNE DE RES,carne de res,carne|res,,False,False,True
PATA DE VACA,pata de vaca,pata|vaca,,False,False,False
CARNE DE CERDO,carne de cerdo,carne|cerdo,,False,False,True
COSTILLITA AHUMADA,costillita ahumada,costillita|ahumada,,False,False,False
CHULETA AHUMADA,chuleta ahumada,chuleta|ahumada,,False,False,True
CARNE MOLIDA,carne molida,carne|molida,,False,False,False
CHULETA FRESCA,chuleta fresca,chuleta|fresca,,False,False,True
MASITA DE CERDO REBANADA,masita de cerdo rebanada,masita|cerdo|rebanada,,False,False,False
LONGANIZA GRUESA,longaniza gruesa,longaniza|gruesa,,False,False,False
PESCADO MERO,pescado mero,pescado|mero,,False,False,True
POLLO,pollo,pollo,,False,False,True
RES MOLIDA,res molida,res|molida,,False,False,True
CARNE DE RES REBANADA,carne de res rebanada,carne|res|rebanada,,False,False,True
PLATANO VERDE,platano verde,platano|verde,,False,True,False
GUINEO VERDE,guineo verde,guineo|verde,,False,False,False
YUCA,yuca,yuca,,False,True,False
YAUTIA COCO,yautia coco,yautia|coco,,False,False,False
YAUTIA BLANCA,yautia blanca,yautia|blanca,,False,False,False
PAPA,papa,papa,,False,False,False
AUYAMA,auyama,auyama,,False,False,False
ÑAME,name,name,,False,False,False
SALAMI INDUVECA,salami induveca,salami|induveca,,False,False,True
QUESO CHEDAR,queso chedar,queso|chedar,,False,True,False
JAMON PICNIC,jamon picnic,jamon|picnic,,False,False,True
QUESO MOZARELLA,queso mozarella,queso|mozarella,,False,True,False
APIO,apio,apio,,False,False,False
LIMON VERDE,limon verde,limon|verde,,False,False,False
TOMATE DE ENSALADA,tomate de ensalada,tomate|ensalada,,False,True,False
ZANAHORIA,zanahoria,zanahoria,,False,False,False
BERENJENA,berenjena,berenjena,,False,False,False
TOMATE BARCELO,tomate barcelo,tomate|barcelo,,False,True,False
LECHUGA,lechuga,lechuga,,False,False,False
AJI GUSTOSO,aji gustoso,aji|gustoso,,False,False,False
AJI CUBANELA,aji cubanela,aji|cubanela,,False,False,False
AJI MONROE,aji monroe,aji|monroe,,False,False,False
PEPINO,pepino,pepino,,False,False,False
VERDURA,verdura,verdura,,False,False,False
CILANTRO ANCHO,cilantro ancho,cilantro|ancho,,False,False,False
TAYOTA,tayota,tayota,,False,False,False
REPOLLO,repollo,repollo,,False,False,True
CEBOLLA,cebolla,cebolla,,False,True,False
PIÑA,pina,pina,,False,False,False
MELON,melon,melon,,False,False,False
LECHOZA,lechoza,lechoza,,False,False,False
SANDIA,sandia,sandia,,False,False,False
PLATO FOAMI CON DIVISION/200/1 CATAI/PLASTIFAR,plato foami con division/200/1 catai/plastifar,plato|foami|division/200/1|catai/plastifar|200/1,,False,False,False
VASO MOLDY PLASTICO # 7 50PAQ/50,vaso moldy plastico 7 50paq/50,vaso|moldy|plastico|7|50paq/50,,False,False,False
VASO MOLDY PLASTICO # 10 50PAQ/51,vaso moldy plastico 10 50paq/51,vaso|moldy|plastico|10|50paq/51,,False,False,False
TENEDOR BAMBINO/PLASTIFAR 40/1,tenedor bambino/plastifar 40/1,tenedor|bambino/plastifar|40/1|40/1,,False,False,False
CUCHARAS BAMBINO /PLASTIFAR 40/1,cucharas bambino /plastifar 40/1,cucharas|bambino|/plastifar|40/1|40/1,,False,False,False
PAPEL FILL EVOFILM STRECH FIM 17.5,papel fill evofilm strech fim 17.5,papel|fill|evofilm|strech|fim|17.5,,False,False,False
PAPEL DE ALUMINIO DIAMOND 18X1000FT,papel de aluminio diamond 18x1000ft,papel|aluminio|diamond|18x1000ft|1000 pies,,False,False,False
CUCHARON PEQUEÑO,cucharon pequeno,cucharon|pequeno,,False,False,False
VASO DE CRYSTAL,vaso de crystal,vaso|crystal,,False,False,False
TAZAS DE CAFÉ BLANCA,tazas de cafe blanca,tazas|cafe|blanca,,False,False,False
AZUCARERA PEQUEÑA,azucarera pequena,azucarera|pequena,,False,True,False
BANDEJA CON AZA,bandeja con aza,bandeja|aza,,False,False,False
SERVILLETAS DE TELA MODERN HOME,servilletas de tela modern home,servilletas|tela|modern|home,,False,False,False
SERVILLETA DE BAR,servilleta de bar,servilleta|bar,,False,False,False
ESPATULA DE BIZCOCHO DE METAL R/521005,espatula de bizcocho de metal r/521005,espatula|bizcocho|metal|r/521005,,False,False,False
PLATOS DE POSTRE 692203 19CM BOLONIA BLANCO,platos de postre 692203 19cm bolonia blanco,platos|postre|692203|19|cm|bolonia|blanco,,False,False,False
TENEDORES DE POSTRE,tenedores de postre,tenedores|postre,,False,False,False
COPAS DE CHAMPANG BRUNELLO,copas de champang brunello,copas|champang|brunello,,False,False,False
JUEGO DE COPAS DE AGUA DE 12 PZS,juego de copas de agua de 12 pzs,juego|copas|agua|12|pzs,,False,False,False
JUEGO DE TAZAS COMPLETO 12 PZS,juego de tazas completo 12 pzs,juego|tazas|completo|12|pzs,,False,False,False
JUEGO DE CUCHARA PARA CAFÉ DE 12 PZS,juego de cuchara para cafe de 12 pzs,juego|cuchara|para|cafe|12|pzs,,False,False,False
GRECA GRANDE DE CAFÉ 12 TAZAS KANDELO,greca grande de cafe 12 tazas kandelo,greca|grande|cafe|12|tazas|kandelo,,False,False,False
GRECA PEQUEÑA DE CAFÉ 3 TAZAS IMUSA,greca pequena de cafe 3 tazas imusa,greca|pequena|cafe|3|tazas|imusa,,False,False,False
TERMO GRANDE PARA CAFÉ BOMBA,termo grande para cafe bomba,termo|grande|para|cafe|bomba,,False,False,False
VASOS MEZCLADORES,vasos mezcladores,vasos|mezcladores,,False,False,False
COCTELERA,coctelera,coctelera,,False,False,False
CUCHARAS IMPERIALES,cucharas imperiales,cucharas|imperiales,,False,False,False
SET DE CUHILLOS,set de cuhillos,set|cuhillos,,False,False,False
COLADOR DE GUSANILLO,colador de gusanillo,colador|gusanillo,,False,False,False
VASOS MEDIDORES DE 1 X 2 ONZAS LAUREL,vasos medidores de 1 x 2 onzas laurel,vasos|medidores|1|x|2|onzas|laurel,,False,False,False
VASOS MEDIDORES DE 1/2 X 1 ONZAS,vasos medidores de 1/2 x 1 onzas,vasos|medidores|1/2|x|1|onzas|1/2,,False,False,False
VARITAS REMOVEDORAS,varitas removedoras,varitas|removedoras,,False,False,False
COLADOR DE CUCHARA,colador de cuchara,colador|cuchara,,False,False,False
MORTERO O MACERADOR,mortero o macerador,mortero|o|macerador,,False,False,False
SACACORCHOS DESTAPADOR LAUREL,sacacorchos destapador laurel,sacacorchos|destapador|laurel,,False,False,False
CUBITERAS PARA HIELO,cubiteras para hielo,cubiteras|para|hielo,,False,False,False
VASOS HIGHBALL COBA,vasos highball coba,vasos|highball|coba,,False,False,False
VASOS DE PIÑA COLADA CRISTAR,vasos de pina colada cristar,vasos|pina|colada|cristar,,False,False,False
VASOS PARA TRAGOS A LA ROCA CRISTAR,vasos para tragos a la roca cristar,vasos|para|tragos|a|roca|cristar,,False,False,False
VASOS DE MALTEADA,vasos de malteada,vasos|malteada,,False,False,False
COPAS DE VINO TINTO,copas de vino tinto,copas|vino|tinto,,False,False,False
COPAS DE VINO BLANCO,copas de vino blanco,copas|vino|blanco,,False,False,False
COPAS DE APERITIVOS CRISTAR,copas de aperitivos cristar,copas|aperitivos|cristar,,False,False,False
COPAS DE COGNAC,copas de cognac,copas|cognac,,False,False,False
COPAS FLAUTAS PARA ESPUMANTES CRISTAR,copas flautas para espumantes cristar,copas|flautas|para|espumantes|cristar,,False,False,False
COPAS DE MARGARITA NADIR,copas de margarita nadir,copas|margarita|nadir,,False,False,False
COPAS DE MARTINI NADIR,copas de martini nadir,copas|martini|nadir,,False,False,False
TABLA DE CORTE,tabla de corte,tabla|corte,,False,False,False
ENVASE PLASTICO PARA FRUTA PREPARADA SUNNYPACK,envase plastico para fruta preparada sunnypack,envase|plastico|para|fruta|preparada|sunnypack,,False,False,False
BOTELLA PARA PREPARAR COCTELES,botella para preparar cocteles,botella|para|preparar|cocteles,,False,False,False
BANDEJA PARA SERVIR CAFÉ,bandeja para servir cafe,bandeja|para|servir|cafe,,False,False,False
TABLA PARA EMBUTIDOS ATTICO,tabla para embutidos attico,tabla|para|embutidos|attico,,False,False,False
SERVILLETEROS,servilleteros,servilleteros,,False,False,False
AROS DE SERVILLETAS,aros de servilletas,aros|servilletas,,False,False,False
MATAS ALTAS CON SUS TARROS,matas altas con sus tarros,matas|altas|sus|tarros,,False,False,False
STAND PARA PREPARAR LOS COCTELES,stand para preparar los cocteles,stand|para|preparar|cocteles,,False,False,False
CARNE DE CERDO/MASA,carne de cerdo/masa,carne|cerdo/masa,,False,False,True
CARNE MOLIDA DE CERDO,carne molida de cerdo,carne|molida|cerdo,,False,False,False
PECHUGA DE POLLO,pechuga de pollo,pechuga|pollo,,False,False,True
POLLO,pollo,pollo,,False,False,True
CARNE DE RES,carne de res,carne|res,,False,False,True
PATA DE VACA,pata de vaca,pata|vaca,,False,False,False
CARNE DE CERDO,carne de cerdo,carne|cerdo,,False,False,True
COSTILLITA,costillita,costillita,,False,False,False
CHULETA AHUMADA,chuleta ahumada,chuleta|ahumada,,False,False,True
PLATO FOAMI CON DIVISION/200/1 CATAI/PLASTIFAR,plato foami con division/200/1 catai/plastifar,plato|foami|division/200/1|catai/plastifar|200/1,,False,False,False
VASO MOLDY PLASTICO # 7 50PAQ/50,vaso moldy plastico 7 50paq/50,vaso|moldy|plastico|7|50paq/50,,False,False,False
VASO MOLDY PLASTICO # 10 50PAQ/51,vaso moldy plastico 10 50paq/51,vaso|moldy|plastico|10|50paq/51,,False,False,False
TENEDOR BAMBINO/PLASTIFAR 40/1,tenedor bambino/plastifar 40/1,tenedor|bambino/plastifar|40/1|40/1,,False,False,False
CUCHARAS BAMBINO /PLASTIFAR 40/1,cucharas bambino /plastifar 40/1,cucharas|bambino|/plastifar|40/1|40/1,,False,False,False
PAPEL FILL EVOFILM STRECH FIM 17.5,papel fill evofilm strech fim 17.5,papel|fill|evofilm|strech|fim|17.5,,False,False,False
PAPEL DE ALUMINIO DIAMOND 18X1000FT,papel de aluminio diamond 18x1000ft,papel|aluminio|diamond|18x1000ft|1000 pies,,False,False,False
BANDEJA  DE ALUMINIO  RECTANGULAR GRANDES,bandeja de aluminio rectangular grandes,bandeja|aluminio|rectangular|grandes,,False,False,False
SERVILLETAS NIVEO 500 UD/PAQ,servilletas niveo 500 ud/paq,servilletas|niveo|500|ud/paq,,False,False,False
PLATANO VERDE,platano verde,platano|verde,,False,True,False
GUINEO VERDE,guineo verde,guineo|verde,,False,False,False
YUCA,yuca,yuca,,False,True,False
YAUTIA COCO,yautia coco,yautia|coco,,False,False,False
YAUTIA BLANCA,yautia blanca,yautia|blanca,,False,False,False
PAPA,papa,papa,,False,False,False
AUYAMA,auyama,auyama,,False,False,False
ÑAME,name,name,,False,False,False
APIO,apio,apio,,False,False,False
NARANJA AGRIA,naranja agria,naranja|agria,,False,False,False
LIMON VERDE,limon verde,limon|verde,,False,False,False
TOMATE DE ENSALADA,tomate de ensalada,tomate|ensalada,,False,True,False
ZANAHORIA,zanahoria,zanahoria,,False,False,False
BERENJENA,berenjena,berenjena,,False,False,False
TOMATE BARCELO,tomate barcelo,tomate|barcelo,,False,True,False
LECHUGA,lechuga,lechuga,,False,False,False
AJI GUSTOSO,aji gustoso,aji|gustoso,,False,False,False
AJI CUBANELA,aji cubanela,aji|cubanela,,False,False,False
AJI MONROE,aji monroe,aji|monroe,,False,False,False
PEPINO,pepino,pepino,,False,False,False
VERDURA,verdura,verdura,,False,False,False
CILANTRO ANCHO,cilantro ancho,cilantro|ancho,,False,False,False
TAYOTA,tayota,tayota,,False,False,False
REPOLLO,repollo,repollo,,False,False,True
CEBOLLA,cebolla,cebolla,,False,True,False
PIÑA,pina,pina,,False,False,False
MELON,melon,melon,,False,False,False
LECHOZA,lechoza,lechoza,,False,False,False
SANDIA,sandia,sandia,,False,False,False
PESCADO MERO,pescado mero,pescado|mero,,False,False,True
Frasco Ambroxol Jarabe 3mg/ml 200ml,frasco ambroxol jarabe 3mg/ml 200ml,frasco|ambroxol|jarabe|3mg/ml|200ml,,False,False,False
Frasco Bromehixina Jarabe 3mg/ml 200ml,frasco bromehixina jarabe 3mg/ml 200ml,frasco|bromehixina|jarabe|3mg/ml|200ml,,False,False,False
Caja de Acetaminofen- 500 mgs. Tabletas 100/1,caja de acetaminofen- 500 mgs. tabletas 100/1,caja|acetaminofen-|500|mgs.|tabletas|100/1|100/1,,False,False,False
caja Ibuprofen- 400 mgs. Tabletas 100/1,caja ibuprofen- 400 mgs. tabletas 100/1,caja|ibuprofen-|400|mgs.|tabletas|100/1|100/1,,False,False,False
Caja Diclofenac 50- mg 50/1,caja diclofenac 50- mg 50/1,caja|diclofenac|50-|mg|50/1|50/1,,False,False,False
Caja Diclofenac ampollas  75 mg 3ml 10/1,caja diclofenac ampollas 75 mg 3ml 10/1,caja|diclofenac|ampollas|75|mg|3ml|10/1|10/1,,False,False,False
Caja Dexametasona ampolla 8mg/2ml  10/1,caja dexametasona ampolla 8mg/2ml 10/1,caja|dexametasona|ampolla|8mg/2ml|10/1|10/1,,False,False,False
Caja Ácido mefenamico- 500 mgs. Tableta 10/1,caja acido mefenamico- 500 mgs. tableta 10/1,caja|acido|mefenamico-|500|mgs.|tableta|10/1|10/1,,False,False,False
Caja Loratadina 200 mgs 10/1,caja loratadina 200 mgs 10/1,caja|loratadina|200|mgs|10/1|10/1,,False,False,False
Caja Difenhidramina 10/1,caja difenhidramina 10/1,caja|difenhidramina|10/1|10/1,,False,False,False
Caja Difenhidramina ampolla,caja difenhidramina ampolla,caja|difenhidramina|ampolla,,False,False,False
Caja Hidrocortisona 20 mgs 100/1,caja hidrocortisona 20 mgs 100/1,caja|hidrocortisona|20|mgs|100/1|100/1,,False,False,False
Caja Cetirizina 10 mgs 10/1,caja cetirizina 10 mgs 10/1,caja|cetirizina|10|mgs|10/1|10/1,,False,False,False
SALAMI INDUVECA,salami induveca,salami|induveca,,False,False,True
QUESO CHEDAR,queso chedar,queso|chedar,,False,True,False
JAMON PICNIC,jamon picnic,jamon|picnic,,False,False,True
QUESO MOZARELLA,queso mozarella,queso|mozarella,,False,True,False
CHULETA FRESCA,chuleta fresca,chuleta|fresca,,False,False,True
MASITA DE CERDO REBANADA,masita de cerdo rebanada,masita|cerdo|rebanada,,False,False,False
PIERNA DE CERDO DE 30 LIBRAS,pierna de cerdo de 30 libras,pierna|cerdo|30|libras,,False,False,False
POLLO,pollo,pollo,,False,False,True
CARNE DE CERDO,carne de cerdo,carne|cerdo,,False,False,True
COSTILLITA,costillita,costillita,,False,False,False
CARNE DE RES,carne de res,carne|res,,False,False,True
MONDONGO,mondongo,mondongo,,False,False,False
CHULETA,chuleta,chuleta,,False,False,True
PATA DE VACA,pata de vaca,pata|vaca,,False,False,False
POLLO,pollo,pollo,,False,False,True
SILLA DE RUEDAS HEAVY DUTY (SCMH874B),silla de ruedas heavy duty scmh874b,silla|ruedas|heavy|duty|scmh874b|SCMH874B,,False,False,False
PLATANO VERDE,platano verde,platano|verde,,False,True,False
GUINEO VERDE,guineo verde,guineo|verde,,False,False,False
YUCA,yuca,yuca,,False,True,False
YAUTIA BLANCA,yautia blanca,yautia|blanca,,False,False,False
PAPA,papa,papa,,False,False,False
AUYAMA,auyama,auyama,,False,False,False
ÑAME,name,name,,False,False,False
SALAMI INDUVECA,salami induveca,salami|induveca,,False,False,True
QUESO CHEDAR,queso chedar,queso|chedar,,False,True,False
JAMON PICNIC,jamon picnic,jamon|picnic,,False,False,True
QUESO MOZARELLA,queso mozarella,queso|mozarella,,False,True,False
PLATO FOAMI CON DIVISION/200/1 CATAI/PLASTIFAR,plato foami con division/200/1 catai/plastifar,plato|foami|division/200/1|catai/plastifar|200/1,,False,False,False
VASO MOLDY PLASTICO # 7 50PAQ/50,vaso moldy plastico 7 50paq/50,vaso|moldy|plastico|7|50paq/50,,False,False,False
TENEDOR BAMBINO/PLASTIFAR 40/1,tenedor bambino/plastifar 40/1,tenedor|bambino/plastifar|40/1|40/1,,False,False,False
CUCHARAS BAMBINO /PLASTIFAR 40/1,cucharas bambino /plastifar 40/1,cucharas|bambino|/plastifar|40/1|40/1,,False,False,False
PAPEL MOGEE FILM 18'',papel mogee film 18,papel|mogee|film|18,,False,False,False
PAPEL DE ALUMINIO DIAMOND 18X1000FT,papel de aluminio diamond 18x1000ft,papel|aluminio|diamond|18x1000ft|1000 pies,,False,False,False
PONCHERA MEDIANA,ponchera mediana,ponchera|mediana,,False,False,False
CAFETERA ELECTRICA 12/TAZAS,cafetera electrica 12/tazas,cafetera|electrica|12/tazas,,False,False,False
CUCHILLO GRANDE,cuchillo grande,cuchillo|grande,,False,False,False
HABRE LATA,habre lata,habre|lata,,False,False,False
CALDERO DE ALUMINIO 20 LB CON TAPA DE CRYSTAL,caldero de aluminio 20 lb con tapa de crystal,caldero|aluminio|20|lb|tapa|crystal|20 lb,,False,False,False
APIO,apio,apio,,False,False,False
NARANJA AGRIA,naranja agria,naranja|agria,,False,False,False
LIMON VERDE,limon verde,limon|verde,,False,False,False
TOMATE DE ENSALADA,tomate de ensalada,tomate|ensalada,,False,True,False
ZANAHORIA,zanahoria,zanahoria,,False,False,False
BERENJENA,berenjena,berenjena,,False,False,False
TOMATE BARCELO,tomate barcelo,tomate|barcelo,,False,True,False
LECHUGA,lechuga,lechuga,,False,False,False
AJI GUSTOSO,aji gustoso,aji|gustoso,,False,False,False
AJI CUBANELA,aji cubanela,aji|cubanela,,False,False,False
AJI MONROE,aji monroe,aji|monroe,,False,False,False
PEPINO,pepino,pepino,,False,False,False
VERDURA,verdura,verdura,,False,False,False
CILANTRO ANCHO,cilantro ancho,cilantro|ancho,,False,False,False
TAYOTA,tayota,tayota,,False,False,False
REPOLLO,repollo,repollo,,False,False,True
CEBOLLA,cebolla,cebolla,,False,True,False
PIÑA,pina,pina,,False,False,False
MELON,melon,melon,,False,False,False
LECHOZA,lechoza,lechoza,,False,False,False
SANDIA,sandia,sandia,,False,False,False
POLLO,pollo,pollo,,False,False,True
PESCADO MERO,pescado mero,pescado|mero,,False,False,True
CHULETA FRESCA,chuleta fresca,chuleta|fresca,,False,False,True
MASITA DE CERDO REBANADA,masita de cerdo rebanada,masita|cerdo|rebanada,,False,False,False
LONGANIZA GRUESA,longaniza gruesa,longaniza|gruesa,,False,False,False
CARNE DE RES REBANADA,carne de res rebanada,carne|res|rebanada,,False,False,True
RES MOLIDA,res molida,res|molida,,False,False,True
CONTENEDOR DE BASURA DELTA  200 LT,contenedor de basura delta 200 lt,contenedor|basura|delta|200|lt,,False,False,False
CONTENEDOR DE BASURA  POLIETILENO ALTA DENSIDAD  200 LT COLOR GRIS,contenedor de basura polietileno alta densidad 200 lt color gris,contenedor|basura|polietileno|alta|densidad|200|lt|color,,False,False,False
ARCHIVO ARCORDEON 9x12,archivo arcordeon 9x12,archivo|arcordeon|9x12,,False,False,False
RESMA DE PAPEL OFI-NOTA CARTA 8 1/2 X11 IN,resma de papel ofi-nota carta 8 1/2 x11 in,resma|papel|ofi-nota|carta|8|1/2|x11|in|1/2,,False,False,False
CINTA EPSON FX- 890,cinta epson fx- 890,cinta|epson|fx-|890,Epson,False,False,False
BANDAS DE GOMA ARTESCO #32,bandas de goma artesco 32,bandas|goma|artesco|32,,False,False,False
CAJA DE GRAPA ESTANDAR,caja de grapa estandar,caja|grapa|estandar,,False,False,False
POST-IT AMARILLOS 12/1,post-it amarillos 12/1,post-it|amarillos|12/1|12/1,,False,False,False
POST-IT DE COLORES 12/1,post-it de colores 12/1,post-it|colores|12/1|12/1,,False,False,False
AMBIENTADOR EN AEROSOL GLADE PARAISO AZUL,ambientador en aerosol glade paraiso azul,ambientador|aerosol|glade|paraiso|azul,,False,False,False
AMBIENTADOR  EN AEROSOL GLADE LAVANDA LAVANDA Y VAINILLA,ambientador en aerosol glade lavanda lavanda y vainilla,ambientador|aerosol|glade|lavanda|lavanda|vainilla,,False,False,False
AMBIENTADOR EN AEROSOL GLADE MANZANA Y CANELA,ambientador en aerosol glade manzana y canela,ambientador|aerosol|glade|manzana|canela,,False,False,False
LIBRETA RAYADA MARILLA 50 HOJAS ARTESCO  8½x 11 plg,libreta rayada marilla 50 hojas artesco 81 2x 11 plg,libreta|rayada|marilla|50|hojas|artesco|81|2x,LG,False,False,False
LIBRETA RAYADA AMARILLA 50 HOJAS ARTESCO 5x8 plg,libreta rayada amarilla 50 hojas artesco 5x8 plg,libreta|rayada|amarilla|50|hojas|artesco|5x8|plg,LG,False,False,False
LIBRA DE RES MOLIDA,libra de res molida,libra|res|molida,,False,False,True
CARNE DE RES,carne de res,carne|res,,False,False,True
COSTILITA,costilita,costilita,,False,False,False
POLLO,pollo,pollo,,False,False,True
PATA DE VACA,pata de vaca,pata|vaca,,False,False,False
CARNE DE CERDO,carne de cerdo,carne|cerdo,,False,False,True
MONDONGO,mondongo,mondongo,,False,False,False
CHULETA,chuleta,chuleta,,False,False,True
CHULETA FRESCA,chuleta fresca,chuleta|fresca,,False,False,True
MASITA DE CERDO REBANADA,masita de cerdo rebanada,masita|cerdo|rebanada,,False,False,False
LONGANIZA GRUESA,longaniza gruesa,longaniza|gruesa,,False,False,False
CARNE DE RES REBANADA,carne de res rebanada,carne|res|rebanada,,False,False,True
RES MOLIDA,res molida,res|molida,,False,False,True
POLLO,pollo,pollo,,False,False,True
PESCADO MERO,pescado mero,pescado|mero,,False,False,True
ARENQUE,arenque,arenque,,False,False,False
BACALAO CON ESPINA,bacalao con espina,bacalao|espina,,False,False,True
APIO,apio,apio,,False,False,False
NARANJA AGRIA,naranja agria,naranja|agria,,False,False,False
LIMON VERDE,limon verde,limon|verde,,False,False,False
TOMATE DE ENSALADA,tomate de ensalada,tomate|ensalada,,False,True,False
ZANAHORIA,zanahoria,zanahoria,,False,False,False
BERENJENA,berenjena,berenjena,,False,False,False
TOMATE BARCELO,tomate barcelo,tomate|barcelo,,False,True,False
LECHUGA,lechuga,lechuga,,False,False,False
AJI GUSTOSO,aji gustoso,aji|gustoso,,False,False,False
AJI CUBANELA,aji cubanela,aji|cubanela,,False,False,False
AJI MONROE,aji monroe,aji|monroe,,False,False,False
PEPINO,pepino,pepino,,False,False,False
VERDURA,verdura,verdura,,False,False,False
CILANTRO ANCHO,cilantro ancho,cilantro|ancho,,False,False,False
TAYOTA,tayota,tayota,,False,False,False
REPOLLO,repollo,repollo,,False,False,True
CEBOLLA,cebolla,cebolla,,False,True,False
PIÑA,pina,pina,,False,False,False
MELON,melon,melon,,False,False,False
LECHOZA,lechoza,lechoza,,False,False,False
SANDIA,sandia,sandia,,False,False,False
PLATANO VERDE,platano verde,platano|verde,,False,True,False
GUINEO VERDE,guineo verde,guineo|verde,,False,False,False
YUCA,yuca,yuca,,False,True,False
YAUTIA BLANCA,yautia blanca,yautia|blanca,,False,False,False
PAPA,papa,papa,,False,False,False
AUYAMA,auyama,auyama,,False,False,False
ÑAME,name,name,,False,False,False
SALAMI INDUVECA,salami induveca,salami|induveca,,False,False,True
QUESO CHEDAR,queso chedar,queso|chedar,,False,True,False
JAMON PICNIC,jamon picnic,jamon|picnic,,False,False,True
QUESO MOZARELLA,queso mozarella,queso|mozarella,,False,True,False
PLATO FOAMI CON DIVISION/200/1 CATAI/PLASTIFAR,plato foami con division/200/1 catai/plastifar,plato|foami|division/200/1|catai/plastifar|200/1,,False,False,False
VASO MOLDY PLASTICO # 7 50PAQ/50,vaso moldy plastico 7 50paq/50,vaso|moldy|plastico|7|50paq/50,,False,False,False
TENEDOR BAMBINO/PLASTIFAR 40/1,tenedor bambino/plastifar 40/1,tenedor|bambino/plastifar|40/1|40/1,,False,False,False
CUCHARAS BAMBINO /PLASTIFAR 40/1,cucharas bambino /plastifar 40/1,cucharas|bambino|/plastifar|40/1|40/1,,False,False,False
PAPEL MOGEE FILM 18'',papel mogee film 18,papel|mogee|film|18,,False,False,False
PAPEL DE ALUMINIO DIAMOND 18X1000FT,papel de aluminio diamond 18x1000ft,papel|aluminio|diamond|18x1000ft|1000 pies,,False,False,False
SERVILLETAS NIVEO 500 UD/PAQ,servilletas niveo 500 ud/paq,servilletas|niveo|500|ud/paq,,False,False,False
MINIPROCESADOR DE ALIMENTOS 3 TAZAS OSTER,miniprocesador de alimentos 3 tazas oster,miniprocesador|alimentos|3|tazas|oster,Oster,False,False,False
VASO 4 OZ POCCASION BLANCO 1000 Uds,vaso 4 oz poccasion blanco 1000 uds,vaso|4|oz|poccasion|blanco|1000|uds,,False,False,False
MANTEL BLANCO 152x259 Cm,mantel blanco 152x259 cm,mantel|blanco|152x259|cm,,False,False,False
SARTEN ANTIADHENTE COLOR NEGRO MATE 24CM FREE HOME,sarten antiadhente color negro mate 24cm free home,sarten|antiadhente|color|negro|mate|24|cm|free,,False,False,False
OLLA EN ACERO INOXIDABLE ARMATURA BASIC 16CM.,olla en acero inoxidable armatura basic 16cm.,olla|acero|inoxidable|armatura|basic|16|cm.,,False,False,False
LIBRA DE RES MOLIDA,libra de res molida,libra|res|molida,,False,False,True
CARNE DE RES,carne de res,carne|res,,False,False,True
POLLO,pollo,pollo,,False,False,True
PATA DE VACA,pata de vaca,pata|vaca,,False,False,False
CARNE DE CERDO,carne de cerdo,carne|cerdo,,False,False,True
MONDONGO,mondongo,mondongo,,False,False,False
CHULETA,chuleta,chuleta,,False,False,True
APIO,apio,apio,,False,False,False
NARANJA AGRIA,naranja agria,naranja|agria,,False,False,False
LIMON VERDE,limon verde,limon|verde,,False,False,False
TOMATE DE ENSALADA,tomate de ensalada,tomate|ensalada,,False,True,False
ZANAHORIA,zanahoria,zanahoria,,False,False,False
BERENJENA,berenjena,berenjena,,False,False,False
TOMATE BARCELO,tomate barcelo,tomate|barcelo,,False,True,False
LECHUGA,lechuga,lechuga,,False,False,False
AJI GUSTOSO,aji gustoso,aji|gustoso,,False,False,False
AJI CUBANELA,aji cubanela,aji|cubanela,,False,False,False
AJI MONROE,aji monroe,aji|monroe,,False,False,False
PEPINO,pepino,pepino,,False,False,False
VERDURA,verdura,verdura,,False,False,False
CILANTRO ANCHO,cilantro ancho,cilantro|ancho,,False,False,False
TAYOTA,tayota,tayota,,False,False,False
REPOLLO,repollo,repollo,,False,False,True
CEBOLLA,cebolla,cebolla,,False,True,False
PIÑA,pina,pina,,False,False,False
MELON,melon,melon,,False,False,False
LECHOZA,lechoza,lechoza,,False,False,False
SANDIA,sandia,sandia,,False,False,False
PLATO FOAMI CON DIVISION/200/1 CATAI/PLASTIFAR,plato foami con division/200/1 catai/plastifar,plato|foami|division/200/1|catai/plastifar|200/1,,False,False,False
VASO MOLDY PLASTICO # 7 50PAQ/50,vaso moldy plastico 7 50paq/50,vaso|moldy|plastico|7|50paq/50,,False,False,False
VASO MOLDY PLASTICO # 10  50PAQ/50,vaso moldy plastico 10 50paq/50,vaso|moldy|plastico|10|50paq/50,,False,False,False
TENEDOR BAMBINO/PLASTIFAR 40/1,tenedor bambino/plastifar 40/1,tenedor|bambino/plastifar|40/1|40/1,,False,False,False
CUCHARAS BAMBINO /PLASTIFAR 40/1,cucharas bambino /plastifar 40/1,cucharas|bambino|/plastifar|40/1|40/1,,False,False,False
PAPEL MOGEE FILM 18'',papel mogee film 18,papel|mogee|film|18,,False,False,False
PAPEL DE ALUMINIO DIAMOND 18X1000FT,papel de aluminio diamond 18x1000ft,papel|aluminio|diamond|18x1000ft|1000 pies,,False,False,False
SERVILLETAS NIVEO 500 UD/PAQ,servilletas niveo 500 ud/paq,servilletas|niveo|500|ud/paq,,False,False,False
VASO 4 OZ PLASTICOS 1000 Uds,vaso 4 oz plasticos 1000 uds,vaso|4|oz|plasticos|1000|uds,,False,False,False
PLATANO VERDE,platano verde,platano|verde,,False,True,False
GUINEO VERDE,guineo verde,guineo|verde,,False,False,False
YUCA,yuca,yuca,,False,True,False
YAUTIA BLANCA,yautia blanca,yautia|blanca,,False,False,False
PAPA,papa,papa,,False,False,False
AUYAMA,auyama,auyama,,False,False,False
ÑAME,name,name,,False,False,False
SALAMI INDUVECA,salami induveca,salami|induveca,,False,False,True
QUESO CHEDAR,queso chedar,queso|chedar,,False,True,False
JAMON PICNIC,jamon picnic,jamon|picnic,,False,False,True
QUESO MOZARELLA,queso mozarella,queso|mozarella,,False,True,False
POLLO,pollo,pollo,,False,False,True
PESCADO MERO,pescado mero,pescado|mero,,False,False,True
BACALAO CON ESPINA,bacalao con espina,bacalao|espina,,False,False,True
CHULETA FRESCA,chuleta fresca,chuleta|fresca,,False,False,True
MASITA DE CERDO REBANADA,masita de cerdo rebanada,masita|cerdo|rebanada,,False,False,False
LONGANIZA GRUESA,longaniza gruesa,longaniza|gruesa,,False,False,False
CARNE DE RES REBANADA,carne de res rebanada,carne|res|rebanada,,False,False,True
RES MOLIDA,res molida,res|molida,,False,False,True
CARNE DE CERDO,carne de cerdo,carne|cerdo,,False,False,True
CHULETA AHUMADA,chuleta ahumada,chuleta|ahumada,,False,False,True
"CANASTILLA PEQ BABY SENCILLA , ARTICULOS: TOALLA, ENTERIZO, FRANELA, SET DE MEDIAS, TENDEDERO, CEPILLO,PEINE, HIPOSO, JABON, SHAMPOO, BAÑITO.",canastilla peq baby sencilla articulos toalla enterizo franela set de medias tendedero cepillo peine hiposo jabon shampoo banito.,canastilla|peq|baby|sencilla|articulos|toalla|enterizo|franela,,False,False,False
CARNE DE RES,carne de res,carne|res,,False,False,True
POLLO,pollo,pollo,,False,False,True
PATA DE VACA,pata de vaca,pata|vaca,,False,False,False
CARNE DE CERDO,carne de cerdo,carne|cerdo,,False,False,True
MONDONGO,mondongo,mondongo,,False,False,False
CHULETA,chuleta,chuleta,,False,False,True
CHULETA FRESCA,chuleta fresca,chuleta|fresca,,False,False,True
MASITA DE CERDO REBANADA,masita de cerdo rebanada,masita|cerdo|rebanada,,False,False,False
LONGANIZA GRUESA,longaniza gruesa,longaniza|gruesa,,False,False,False
CARNE DE RES REBANADA,carne de res rebanada,carne|res|rebanada,,False,False,True
POLLO,pollo,pollo,,False,False,True
PESCADO MERO,pescado mero,pescado|mero,,False,False,True
BACALAO CON ESPINA,bacalao con espina,bacalao|espina,,False,False,True
POLLO,pollo,pollo,,False,False,True
PESCADO MERO,pescado mero,pescado|mero,,False,False,True
BACALAO CON ESPINA,bacalao con espina,bacalao|espina,,False,False,True
CHULETA FRESCA,chuleta fresca,chuleta|fresca,,False,False,True
MASITA DE CERDO REBANADA,masita de cerdo rebanada,masita|cerdo|rebanada,,False,False,False
PLATANO VERDE,platano verde,platano|verde,,False,True,False
GUINEO VERDE,guineo verde,guineo|verde,,False,False,False
YUCA,yuca,yuca,,False,True,False
BATATA,batata,batata,,False,True,False
YAUTIA BLANCA,yautia blanca,yautia|blanca,,False,False,False
PAPA,papa,papa,,False,False,False
AUYAMA,auyama,auyama,,False,False,False
ÑAME,name,name,,False,False,False
YAUTIA COCO,yautia coco,yautia|coco,,False,False,False
SALAMI INDUVECA,salami induveca,salami|induveca,,False,False,True
QUESO CHEDAR,queso chedar,queso|chedar,,False,True,False
JAMON PICNIC,jamon picnic,jamon|picnic,,False,False,True
QUESO MOZARELLA,queso mozarella,queso|mozarella,,False,True,False
SALAMI INDUVECA,salami induveca,salami|induveca,,False,False,True
QUESO CHEDAR,queso chedar,queso|chedar,,False,True,False
JAMON PICNIC,jamon picnic,jamon|picnic,,False,False,True
QUESO MOZARELLA,queso mozarella,queso|mozarella,,False,True,False
PAPA,papa,papa,,False,False,False
AUYAMA,auyama,auyama,,False,False,False
ÑAME,name,name,,False,False,False
YAUTIA COCO,yautia coco,yautia|coco,,False,False,False
PLATANO VERDE,platano verde,platano|verde,,False,True,False
GUINEO VERDE,guineo verde,guineo|verde,,False,False,False
YUCA,yuca,yuca,,False,True,False
BATATA,batata,batata,,False,True,False
YAUTIA BLANCA,yautia blanca,yautia|blanca,,False,False,False
POLLO,pollo,pollo,,False,False,True
PESCADO MERO,pescado mero,pescado|mero,,False,False,True
CHULETA FRESCA,chuleta fresca,chuleta|fresca,,False,False,True
MASITA DE CERDO REBANADA,masita de cerdo rebanada,masita|cerdo|rebanada,,False,False,False
CARNE DE RES,carne de res,carne|res,,False,False,True
POLLO,pollo,pollo,,False,False,True
PATA DE VACA,pata de vaca,pata|vaca,,False,False,False
CARNE DE CERDO,carne de cerdo,carne|cerdo,,False,False,True
MONDONGO,mondongo,mondongo,,False,False,False
COSTILLITA,costillita,costillita,,False,False,False
CHULETA AHUMADA,chuleta ahumada,chuleta|ahumada,,False,False,True
"CANASTILLA PEQ BABY SENCILLA , ARTICULOS: TOALLA, ENTERIZO, FRANELA, SET DE MEDIAS, TENDEDERO, CEPILLO,PEINE, HIPOSO, JABON, SHAMPOO, BAÑITO.",canastilla peq baby sencilla articulos toalla enterizo franela set de medias tendedero cepillo peine hiposo jabon shampoo banito.,canastilla|peq|baby|sencilla|articulos|toalla|enterizo|franela,,False,False,False
"CANASTILLA PEQ BABY SENCILLA , ARTICULOS: TOALLA, ENTERIZO, FRANELA, SET DE MEDIAS, TENDEDERO, CEPILLO,PEINE, HIPOSO, JABON, SHAMPOO, BAÑITO.",canastilla peq baby sencilla articulos toalla enterizo franela set de medias tendedero cepillo peine hiposo jabon shampoo banito.,canastilla|peq|baby|sencilla|articulos|toalla|enterizo|franela,,False,False,False
CAJAS PLASTICAS DE ALMACENAMIENTO TRANSPARENTE C/TAPA,cajas plasticas de almacenamiento transparente c/tapa,cajas|plasticas|almacenamiento|transparente|c/tapa,,False,False,False
QUESO CHEDAR,queso chedar,queso|chedar,,False,True,False
JAMON DE PAVO*,jamon de pavo,jamon|pavo,,False,False,True
SALAMI INDUVECA,salami induveca,salami|induveca,,False,False,True
BACALAO CON ESPINA,bacalao con espina,bacalao|espina,,False,False,True
FILETE DE RES*,filete de res,filete|res,,False,False,False
MUSLOS DE POLLO FRESCO,muslos de pollo fresco,muslos|pollo|fresco,,False,False,True
PECHUGA DE POLLO DESHUESADA,pechuga de pollo deshuesada,pechuga|pollo|deshuesada,,False,False,True
FILETE DE CERDO,filete de cerdo,filete|cerdo,,False,False,False
HUEVOS CARTON 30/1,huevos carton 30/1,huevos|carton|30/1|30/1,,False,True,False
QUESO MOZARELLA,queso mozarella,queso|mozarella,,False,True,False
AZUCAR CREMA,azucar crema,azucar|crema,,False,True,False
CAFÉ SANTO DOMINGO 1 LB,cafe santo domingo 1 lb,cafe|santo|domingo|1|lb|1 lb,,False,False,False
CHOCOLATE EMBAJADOR 10/1,chocolate embajador 10/1,chocolate|embajador|10/1|10/1,,False,False,False
NETAR DE MANZANA CARTON 6.8 OZ,netar de manzana carton 6.8 oz,netar|manzana|carton|6.8|oz,,False,False,False
LECHE ENTERA LISTAMILK 1 LT,leche entera listamilk 1 lt,leche|entera|listamilk|1|lt,,False,True,False
LECHE CARNATION 312 G,leche carnation 312 g,leche|carnation|312|g,,False,True,False
LECHE DE COCO,leche de coco,leche|coco,,False,True,False
MAYONESA BALDON GALON 1GL,mayonesa baldon galon 1gl,mayonesa|baldon|galon|1|gal|1 gl,,False,True,False
MARGARINA  5LB,margarina 5lb,margarina|5|lb|5 lb,,False,False,False
ARROZ CAMPO PREMIUN SACO 50LB,arroz campo premiun saco 50lb,arroz|campo|premiun|saco|50|lb|50 lb,,False,True,False
ACEITE CRISOL 7.37LT/ 250 OZ,aceite crisol 7.37lt/ 250 oz,aceite|crisol|7.37lt/|250|oz,,False,False,False
ACEITE VERDE FIGARO 1 LT,aceite verde figaro 1 lt,aceite|verde|figaro|1|lt,,False,False,False
TUNA CHERRY STAR ACEITE TROZO 48/1 OZ,tuna cherry star aceite trozo 48/1 oz,tuna|cherry|star|aceite|trozo|48/1|oz|48/1,,False,False,False
ESPAGUETIS,espaguetis,espaguetis,,False,False,False
FIDEOS FINOS MILANO,fideos finos milano,fideos|finos|milano,,False,False,False
CODITO MILANO,codito milano,codito|milano,,False,False,False
VINAGRE BALDON RANCHERO 110 OZ,vinagre baldon ranchero 110 oz,vinagre|baldon|ranchero|110|oz,,False,False,False
VINAGRE BALDON RANCHERO BLANCO 110 OZ,vinagre baldon ranchero blanco 110 oz,vinagre|baldon|ranchero|blanco|110|oz,,False,False,False
SAL REFRISAL 5LB,sal refrisal 5lb,sal|refrisal|5|lb|5 lb,,False,False,False
GALLETA DE SODA HATUEY 20/1,galleta de soda hatuey 20/1,galleta|soda|hatuey|20/1|20/1,,False,False,False
CALDO DE POLLO MAGGIE,caldo de pollo maggie,caldo|pollo|maggie,,False,False,True
AVENA ENTERA QUAKER FDA 20/1,avena entera quaker fda 20/1,avena|entera|quaker|fda|20/1|20/1,,False,False,False
PAN INTEGRAL FAMILIAR LUMIJOR 30 ONZ,pan integral familiar lumijor 30 onz,pan|integral|familiar|lumijor|30|onz,,False,False,False
HARINA DE MAIZ MAZORCA 14 ONZ,harina de maiz mazorca 14 onz,harina|maiz|mazorca|14|onz,,False,True,False
HARINA DE TRIGO MILANO 2LB,harina de trigo milano 2lb,harina|trigo|milano|2|lb|2 lb,,False,True,False
JUGO CONCENTRADO (SABORES VARIADOS),jugo concentrado sabores variados,jugo|concentrado|sabores|variados,,False,False,False
HARINA DEL NEGRITO DE 16 OZ,harina del negrito de 16 oz,harina|negrito|16|oz,,False,True,False
MAICENA DE 425G DURYEA,maicena de 425g duryea,maicena|425g|duryea,,False,False,False
MAIZ DULCE LA FAMOSA 15 OZ,maiz dulce la famosa 15 oz,maiz|dulce|famosa|15|oz,,False,False,False
COMPOTA HEINZ 113G,compota heinz 113g,compota|heinz|113g,,False,False,False
SALSA CHINA RANCHERO P/CHOFAN 3060 ML,salsa china ranchero p/chofan 3060 ml,salsa|china|ranchero|p/chofan|3060|ml,,False,False,False
GUANDULE VERDE LA FAMOSA 15 OZ,guandule verde la famosa 15 oz,guandule|verde|famosa|15|oz,,False,False,False
GELATINA 0.44 OZ,gelatina 0.44 oz,gelatina|0.44|oz,,False,False,False
AZUCAR CREMA,azucar crema,azucar|crema,,False,True,False
CAFÉ SANTO DOMINGO 1 LB,cafe santo domingo 1 lb,cafe|santo|domingo|1|lb|1 lb,,False,False,False
CHOCOLATE EMBAJADOR 10/1,chocolate embajador 10/1,chocolate|embajador|10/1|10/1,,False,False,False
NETAR DE MANZANA CARTON 6.8 OZ,netar de manzana carton 6.8 oz,netar|manzana|carton|6.8|oz,,False,False,False
LECHE ENTERA LISTAMILK 1 LT,leche entera listamilk 1 lt,leche|entera|listamilk|1|lt,,False,True,False
LECHE CARNATION 312 G,leche carnation 312 g,leche|carnation|312|g,,False,True,False
LECHE DE COCO,leche de coco,leche|coco,,False,True,False
MAYONESA BALDON GALON 1GL,mayonesa baldon galon 1gl,mayonesa|baldon|galon|1|gal|1 gl,,False,True,False
MARGARINA  5LB,margarina 5lb,margarina|5|lb|5 lb,,False,False,False
ARROZ CAMPO PREMIUN SACO 50LB,arroz campo premiun saco 50lb,arroz|campo|premiun|saco|50|lb|50 lb,,False,True,False
ACEITE CRISOL 7.37LT/ 250 OZ,aceite crisol 7.37lt/ 250 oz,aceite|crisol|7.37lt/|250|oz,,False,False,False
ACEITE VERDE FIGARO 1 LT,aceite verde figaro 1 lt,aceite|verde|figaro|1|lt,,False,False,False
TUNA CHERRY STAR ACEITE TROZO 48/1 OZ,tuna cherry star aceite trozo 48/1 oz,tuna|cherry|star|aceite|trozo|48/1|oz|48/1,,False,False,False
ESPAGUETIS,espaguetis,espaguetis,,False,False,False
FIDEOS FINOS MILANO,fideos finos milano,fideos|finos|milano,,False,False,False
CODITO MILANO,codito milano,codito|milano,,False,False,False
VINAGRE BALDON RANCHERO 110 OZ,vinagre baldon ranchero 110 oz,vinagre|baldon|ranchero|110|oz,,False,False,False
VINAGRE BALDON RANCHERO BLANCO 110 OZ,vinagre baldon ranchero blanco 110 oz,vinagre|baldon|ranchero|blanco|110|oz,,False,False,False
SAL REFRISAL 5LB,sal refrisal 5lb,sal|refrisal|5|lb|5 lb,,False,False,False
GALLETA DE SODA HATUEY 20/1,galleta de soda hatuey 20/1,galleta|soda|hatuey|20/1|20/1,,False,False,False
CALDO DE POLLO MAGGIE,caldo de pollo maggie,caldo|pollo|maggie,,False,False,True
AVENA ENTERA QUAKER FDA 300g,avena entera quaker fda 300g,avena|entera|quaker|fda|300g,,False,False,False
PAN INTEGRAL FAMILIAR LUMIJOR 30 ONZ,pan integral familiar lumijor 30 onz,pan|integral|familiar|lumijor|30|onz,,False,False,False
HARINA DE MAIZ MAZORCA 14 ONZ,harina de maiz mazorca 14 onz,harina|maiz|mazorca|14|onz,,False,True,False
HARINA DE TRIGO MILANO 2LB,harina de trigo milano 2lb,harina|trigo|milano|2|lb|2 lb,,False,True,False
JUGO CONCENTRADO (SABORES VARIADOS),jugo concentrado sabores variados,jugo|concentrado|sabores|variados,,False,False,False
HARINA DEL NEGRITO DE 16 OZ,harina del negrito de 16 oz,harina|negrito|16|oz,,False,True,False
MAICENA DE 425G DURYEA,maicena de 425g duryea,maicena|425g|duryea,,False,False,False
MAIZ DULCE LA FAMOSA 15 OZ,maiz dulce la famosa 15 oz,maiz|dulce|famosa|15|oz,,False,False,False
COMPOTA HEINZ 113G,compota heinz 113g,compota|heinz|113g,,False,False,False
SALSA CHINA RANCHERO P/CHOFAN 3060 ML,salsa china ranchero p/chofan 3060 ml,salsa|china|ranchero|p/chofan|3060|ml,,False,False,False
GUANDULE VERDE LA FAMOSA 15 OZ,guandule verde la famosa 15 oz,guandule|verde|famosa|15|oz,,False,False,False
GELATINA 0.44 OZ,gelatina 0.44 oz,gelatina|0.44|oz,,False,False,False
AZUCAR CREMA 5LB,azucar crema 5lb,azucar|crema|5|lb|5 lb,,False,True,False
CAFÉ SANTO DOMINGO 1 LB,cafe santo domingo 1 lb,cafe|santo|domingo|1|lb|1 lb,,False,False,False
CREMORA COUNTRY BARN COFFE CREAM 35OZ,cremora country barn coffe cream 35oz,cremora|country|barn|coffe|cream|35oz,,False,False,False
TE DE MANZANILLA CON MENTA MANSASUL 10/1,te de manzanilla con menta mansasul 10/1,te|manzanilla|menta|mansasul|10/1|10/1,,False,False,False
LIPTON TE FRIO 23.6 OZ,lipton te frio 23.6 oz,lipton|te|frio|23.6|oz,,False,False,False
ENDULZANTE SPLENDA 50/1,endulzante splenda 50/1,endulzante|splenda|50/1|50/1,,False,False,False
DOLCE GUSTO CORTADITO NESCAFE 16/1,dolce gusto cortadito nescafe 16/1,dolce|gusto|cortadito|nescafe|16/1|16/1,,False,False,False
CARNE DE RES,carne de res,carne|res,,False,False,True
POLLO,pollo,pollo,,False,False,True
PECHUGA DE POLLO,pechuga de pollo,pechuga|pollo,,False,False,True
PATA DE VACA,pata de vaca,pata|vaca,,False,False,False
CARNE DE CERDO,carne de cerdo,carne|cerdo,,False,False,True
MONDONGO,mondongo,mondongo,,False,False,False
COSTILLITA,costillita,costillita,,False,False,False
CHULETA AHUMADA,chuleta ahumada,chuleta|ahumada,,False,False,True
"AZUCARERA EN PORCELANA BLANCA C/TAPA  2.75"" X 3.14''","azucarera en porcelana blanca c/tapa 2.75"" x 3.14","azucarera|porcelana|blanca|c/tapa|2.75""|x|3.14|2.75""",,False,True,False
SET 6 PZS DE COPAS DE AGUA 580ML CRYSTAL BOHEMIA,set 6 pzs de copas de agua 580ml crystal bohemia,set|6|pzs|copas|agua|580ml|crystal|bohemia,,False,False,False
CUCHARA P/CAFÉ ACERO INOXIDABLE 6/1,cuchara p/cafe acero inoxidable 6/1,cuchara|p/cafe|acero|inoxidable|6/1|6/1,,False,False,False
TAZAS DE CAFÉ Y TE DE 7 OZ C/PLATO,tazas de cafe y te de 7 oz c/plato,tazas|cafe|te|7|oz|c/plato,,False,False,False
TAZA C/PLATO ESPRESS 120CC HAUS RAINDROP,taza c/plato espress 120cc haus raindrop,taza|c/plato|espress|120cc|haus|raindrop,,False,False,False
SLIM TERMO P/CAFÉ 0.7 LT,slim termo p/cafe 0.7 lt,slim|termo|p/cafe|0.7|lt,,False,False,False
TERMO NOVO ACERO INOXIDABLE 1.9 LT,termo novo acero inoxidable 1.9 lt,termo|novo|acero|inoxidable|1.9|lt,,False,False,False
IGLOO TERMO SEAT TOP AZUL 5 GL,igloo termo seat top azul 5 gl,igloo|termo|seat|top|azul|5|gal|5 gl,,False,False,False
IMUSA TALENT JUEGO DE OLLAS ALUM ANTIADH DE 11 PZA,imusa talent juego de ollas alum antiadh de 11 pza,imusa|talent|juego|ollas|alum|antiadh|11|pza,,False,False,False
DISPENSADOR DE BEBIDAS HAUS C/ BASE 6LT,dispensador de bebidas haus c/ base 6lt,dispensador|bebidas|haus|c/|base|6lt,,False,False,False
P/HIG GAVIOTA JUMBO ROLL 325' 2C 1/12,p/hig gaviota jumbo roll 325 2c 1/12,p/hig|gaviota|jumbo|roll|325|2c|1/12|1/12,,False,False,False
PAPEL TOALLA 6/1,papel toalla 6/1,papel|toalla|6/1|6/1,,False,False,False
AMBIENTADOR AEROSOL 8OZ,ambientador aerosol 8oz,ambientador|aerosol|8oz,,False,False,False
DESIFEC.P/PISOS,desifec.p/pisos,desifec.p/pisos,,False,False,False
TERMO IGLOO ORANGE C/DISP 10GL.,termo igloo orange c/disp 10gl.,termo|igloo|orange|c/disp|10|gal.|10 gl,,False,False,False
SERVILLETAS NIVEO 500/1,servilletas niveo 500/1,servilletas|niveo|500/1|500/1,,False,False,False
TOALLA MICROFIBRA,toalla microfibra,toalla|microfibra,,False,False,False
LIMPIA CRISTALES GL,limpia cristales gl,limpia|cristales|gal,,False,False,False
AMBIENTADOR GLADE 6.2 OZ P/DISP AUTOMATICO,ambientador glade 6.2 oz p/disp automatico,ambientador|glade|6.2|oz|p/disp|automatico,,False,False,False
JABON EN BOLA BOLAZUL GRANDE 4/1,jabon en bola bolazul grande 4/1,jabon|bola|bolazul|grande|4/1|4/1,,False,False,False
FUNDA NEGRA P/BASURA 75 GLS 100/1,funda negra p/basura 75 gls 100/1,funda|negra|p/basura|75|gls|100/1|100/1,,False,False,False
FUNDA NEGRA P/BASURA 55 GLS 100/1,funda negra p/basura 55 gls 100/1,funda|negra|p/basura|55|gls|100/1|100/1,,False,False,False
SUAPE DE FIBRA #20,suape de fibra 20,suape|fibra|20,,False,False,False
DETERGENTE EN POLVO BRILLANTE 1000 gr,detergente en polvo brillante 1000 gr,detergente|polvo|brillante|1000|gr,,False,False,False
"AZUCARERA EN PORCELANA BLANCA C/TAPA  2.75"" X 3.14''","azucarera en porcelana blanca c/tapa 2.75"" x 3.14","azucarera|porcelana|blanca|c/tapa|2.75""|x|3.14|2.75""",,False,True,False
FRASCO DE 16 OZ CILINDRICO,frasco de 16 oz cilindrico,frasco|16|oz|cilindrico,,False,False,False
CUCHARON EN ACERO INOXIDABLE,cucharon en acero inoxidable,cucharon|acero|inoxidable,,False,False,False
HIELERA PLATEADA,hielera plateada,hielera|plateada,,False,False,False
PAIRE DE PORCELANA C/TAPA,paire de porcelana c/tapa,paire|porcelana|c/tapa,,False,False,False
PINZAS P/SERVIR,pinzas p/servir,pinzas|p/servir,,False,False,False
BAMBALINAS C/TOPE ROJA,bambalinas c/tope roja,bambalinas|c/tope|roja,,False,False,False
BAMBALINAS C/TOPE BLANCLA,bambalinas c/tope blancla,bambalinas|c/tope|blancla,,False,False,False
BAMBALINAS C/TOPE AZUL,bambalinas c/tope azul,bambalinas|c/tope|azul,,False,False,False
CARNE DE RES,carne de res,carne|res,,False,False,True
POLLO,pollo,pollo,,False,False,True
PECHUGA DE POLLO,pechuga de pollo,pechuga|pollo,,False,False,True
CARNE DE CERDO,carne de cerdo,carne|cerdo,,False,False,True
COSTILLITA,costillita,costillita,,False,False,False
CHULETA AHUMADA,chuleta ahumada,chuleta|ahumada,,False,False,True
POLLO,pollo,pollo,,False,False,True
PESCADO MERO,pescado mero,pescado|mero,,False,False,True
BACALAO CON ESPINA,bacalao con espina,bacalao|espina,,False,False,True
CHULETA FRESCA,chuleta fresca,chuleta|fresca,,False,False,True
MASITA DE CERDO REBANADA,masita de cerdo rebanada,masita|cerdo|rebanada,,False,False,False
RES MOLIDA,res molida,res|molida,,False,False,True
RES REBANADA,res rebanada,res|rebanada,,False,False,False
PESCADO MERO,pescado mero,pescado|mero,,False,False,True
BACALAO CON ESPINA,bacalao con espina,bacalao|espina,,False,False,True
CHULETA FRESCA,chuleta fresca,chuleta|fresca,,False,False,True
MASITA DE CERDO REBANADA,masita de cerdo rebanada,masita|cerdo|rebanada,,False,False,False
RES MOLIDA,res molida,res|molida,,False,False,True
RES REBANADA,res rebanada,res|rebanada,,False,False,False
"SET DE HIGIENE DENTAL P/VIAJE (ESTUCHE PLASTICO PRINTEADO UV-DTF, CEPILLO DENTAL PLEGABLE, PASTA DENTAL, HILO DENTAL, Y ENJUAGUE BUCAL)",set de higiene dental p/viaje estuche plastico printeado uv-dtf cepillo dental plegable pasta dental hilo dental y enjuague bucal,set|higiene|dental|p/viaje|estuche|plastico|printeado|uv-dtf,,False,False,False
CARNE DE CERDO,carne de cerdo,carne|cerdo,,False,False,True
CHULETA,chuleta,chuleta,,False,False,True
CARNE MOLIDA,carne molida,carne|molida,,False,False,False
RES PARA GUISAR,res para guisar,res|para|guisar,,False,False,False
COSTILLITA,costillita,costillita,,False,False,False
POLLO,pollo,pollo,,False,False,True
PESCADO MERO,pescado mero,pescado|mero,,False,False,True
BACALAO CON ESPINA,bacalao con espina,bacalao|espina,,False,False,True
CHULETA FRESCA,chuleta fresca,chuleta|fresca,,False,False,True
MASITA DE CERDO REBANADA,masita de cerdo rebanada,masita|cerdo|rebanada,,False,False,False
RES MOLIDA,res molida,res|molida,,False,False,True
RES REBANADA,res rebanada,res|rebanada,,False,False,False
POLLO,pollo,pollo,,False,False,True
CHULETA FRESCA,chuleta fresca,chuleta|fresca,,False,False,True
RES MOLIDA,res molida,res|molida,,False,False,True
RES REBANADA,res rebanada,res|rebanada,,False,False,False
QUESO CHEDAR,queso chedar,queso|chedar,,False,True,False
JAMON DE PAVO*,jamon de pavo,jamon|pavo,,False,False,True
SALAMI INDUVECA,salami induveca,salami|induveca,,False,False,True
BACALAO CON ESPINA,bacalao con espina,bacalao|espina,,False,False,True
FILETE DE RES*,filete de res,filete|res,,False,False,False
MUSLOS DE POLLO FRESCO,muslos de pollo fresco,muslos|pollo|fresco,,False,False,True
PECHUGA DE POLLO DESHUESADA,pechuga de pollo deshuesada,pechuga|pollo|deshuesada,,False,False,True
FILETE DE CERDO,filete de cerdo,filete|cerdo,,False,False,False
HUEVOS CARTON 30/1,huevos carton 30/1,huevos|carton|30/1|30/1,,False,True,False
QUESO MOZARELLA,queso mozarella,queso|mozarella,,False,True,False
QUESO CHEDAR,queso chedar,queso|chedar,,False,True,False
JAMON DE PAVO,jamon de pavo,jamon|pavo,,False,False,True
SALAMI INDUVECA 3.5LB,salami induveca 3.5lb,salami|induveca|3.5|lb|3.5 lb,,False,False,True
BACALAO CON ESPINA,bacalao con espina,bacalao|espina,,False,False,True
FILETE DE RES,filete de res,filete|res,,False,False,False
MUSLOS DE POLLO FRESCO,muslos de pollo fresco,muslos|pollo|fresco,,False,False,True
PECHUGA DE POLLO DESHUESADA,pechuga de pollo deshuesada,pechuga|pollo|deshuesada,,False,False,True
FILETE DE CERDO,filete de cerdo,filete|cerdo,,False,False,False
HUEVOS CARTON 30/1,huevos carton 30/1,huevos|carton|30/1|30/1,,False,True,False
QUESO MOZARELLA,queso mozarella,queso|mozarella,,False,True,False
AZUCAR CREMA PAQ 10LB,azucar crema paq 10lb,azucar|crema|paq|10|lb|10 lb,,False,True,False
CAFÉ SANTO DOMINGO 1 LB,cafe santo domingo 1 lb,cafe|santo|domingo|1|lb|1 lb,,False,False,False
LECHE ENTERA LISTAMILK 1 LT,leche entera listamilk 1 lt,leche|entera|listamilk|1|lt,,False,True,False
LECHE BALDOM 377 GR,leche baldom 377 gr,leche|baldom|377|gr,,False,True,False
LECHE DE COCO LA FAMOSA 444ML,leche de coco la famosa 444ml,leche|coco|famosa|444ml,,False,True,False
MAYONESA BALDON GALON 1GL,mayonesa baldon galon 1gl,mayonesa|baldon|galon|1|gal|1 gl,,False,True,False
MARGARINA  5LB,margarina 5lb,margarina|5|lb|5 lb,,False,False,False
ARROZ CAMPO PREMIUN SACO 50LB,arroz campo premiun saco 50lb,arroz|campo|premiun|saco|50|lb|50 lb,,False,True,False
ACEITE CRISOL 30LB,aceite crisol 30lb,aceite|crisol|30|lb|30 lb,,False,False,False
ACEITE VERDE EXTRA VIRGEN BORGES 2 LT,aceite verde extra virgen borges 2 lt,aceite|verde|extra|virgen|borges|2|lt,,False,False,False
ATUN EN ACEITE CHERRY STAR 5 OZ,atun en aceite cherry star 5 oz,atun|aceite|cherry|star|5|oz,,False,False,False
FIDEOS FINOS MILANO,fideos finos milano,fideos|finos|milano,,False,False,False
VINAGRE BALDON RANCHERO AMBAR 110 OZ,vinagre baldon ranchero ambar 110 oz,vinagre|baldon|ranchero|ambar|110|oz,,False,False,False
VINAGRE BALDON RANCHERO BLANCO 110 OZ,vinagre baldon ranchero blanco 110 oz,vinagre|baldon|ranchero|blanco|110|oz,,False,False,False
SAL REFRISAL 5LB,sal refrisal 5lb,sal|refrisal|5|lb|5 lb,,False,False,False
GALLETA DE SODA HATUEY 20/1,galleta de soda hatuey 20/1,galleta|soda|hatuey|20/1|20/1,,False,False,False
CALDO DE POLLO MAGGIE,caldo de pollo maggie,caldo|pollo|maggie,,False,False,True
HARINA DE MAIZ MAZORCA 14 ONZ,harina de maiz mazorca 14 onz,harina|maiz|mazorca|14|onz,,False,True,False
JUGO CONCENTRADO BARCELO (SABORES VARIADOS) 3.7 LT,jugo concentrado barcelo sabores variados 3.7 lt,jugo|concentrado|barcelo|sabores|variados|3.7|lt,,False,False,False
HARINA DEL NEGRITO DE 28 OZ,harina del negrito de 28 oz,harina|negrito|28|oz,,False,True,False
MAICENA DE 425G/15OZ DURYEA,maicena de 425g/15oz duryea,maicena|425g/15oz|duryea,,False,False,False
MAIZ DULCE LA FAMOSA 15 OZ,maiz dulce la famosa 15 oz,maiz|dulce|famosa|15|oz,,False,False,False
SALSA CHINA RANCHERO P/CHOFAN 3.04L/103OZ,salsa china ranchero p/chofan 3.04l/103oz,salsa|china|ranchero|p/chofan|3.04l/103oz|3.04 l,,False,False,False
GUANDULE VERDE 7 LB,guandule verde 7 lb,guandule|verde|7|lb|7 lb,,False,False,False
VAINILLA BLANCA DELIFRUT 1GL,vainilla blanca delifrut 1gl,vainilla|blanca|delifrut|1|gal|1 gl,,False,False,False
CREMA DE LECHE RICA 330 ML,crema de leche rica 330 ml,crema|leche|rica|330|ml,,False,True,False
VEGETALES ENLATADOS MIXTOS 15 OZ,vegetales enlatados mixtos 15 oz,vegetales|enlatados|mixtos|15|oz,,False,False,False
AZUCAR CREMA PAQ 10LB,azucar crema paq 10lb,azucar|crema|paq|10|lb|10 lb,,False,True,False
CAFÉ SANTO DOMINGO 1 LB,cafe santo domingo 1 lb,cafe|santo|domingo|1|lb|1 lb,,False,False,False
LECHE ENTERA LISTAMILK 1 LT,leche entera listamilk 1 lt,leche|entera|listamilk|1|lt,,False,True,False
LECHE BALDOM 377 GR,leche baldom 377 gr,leche|baldom|377|gr,,False,True,False
LECHE DE COCO LA FAMOSA 444ML,leche de coco la famosa 444ml,leche|coco|famosa|444ml,,False,True,False
MAYONESA BALDON GALON 1GL,mayonesa baldon galon 1gl,mayonesa|baldon|galon|1|gal|1 gl,,False,True,False
MARGARINA  5LB,margarina 5lb,margarina|5|lb|5 lb,,False,False,False
ARROZ CAMPO PREMIUN SACO 50LB,arroz campo premiun saco 50lb,arroz|campo|premiun|saco|50|lb|50 lb,,False,True,False
ACEITE CRISOL 30LB,aceite crisol 30lb,aceite|crisol|30|lb|30 lb,,False,False,False
ACEITE VERDE EXTRA VIRGEN BORGES 2 LT,aceite verde extra virgen borges 2 lt,aceite|verde|extra|virgen|borges|2|lt,,False,False,False
ATUN EN ACEITE CHERRY STAR 5 OZ,atun en aceite cherry star 5 oz,atun|aceite|cherry|star|5|oz,,False,False,False
FIDEOS FINOS MILANO,fideos finos milano,fideos|finos|milano,,False,False,False
VINAGRE BALDON RANCHERO AMBAR 110 OZ,vinagre baldon ranchero ambar 110 oz,vinagre|baldon|ranchero|ambar|110|oz,,False,False,False
VINAGRE BALDON RANCHERO BLANCO 110 OZ,vinagre baldon ranchero blanco 110 oz,vinagre|baldon|ranchero|blanco|110|oz,,False,False,False
SAL REFRISAL 5LB,sal refrisal 5lb,sal|refrisal|5|lb|5 lb,,False,False,False
GALLETA DE SODA HATUEY 20/1,galleta de soda hatuey 20/1,galleta|soda|hatuey|20/1|20/1,,False,False,False
CALDO DE POLLO MAGGIE,caldo de pollo maggie,caldo|pollo|maggie,,False,False,True
HARINA DE MAIZ MAZORCA 14 ONZ,harina de maiz mazorca 14 onz,harina|maiz|mazorca|14|onz,,False,True,False
JUGO CONCENTRADO BARCELO (SABORES VARIADOS) 3.7 LT,jugo concentrado barcelo sabores variados 3.7 lt,jugo|concentrado|barcelo|sabores|variados|3.7|lt,,False,False,False
HARINA DEL NEGRITO DE 28 OZ,harina del negrito de 28 oz,harina|negrito|28|oz,,False,True,False
MAICENA DE 425G/15OZ DURYEA,maicena de 425g/15oz duryea,maicena|425g/15oz|duryea,,False,False,False
MAIZ DULCE LA FAMOSA 15 OZ,maiz dulce la famosa 15 oz,maiz|dulce|famosa|15|oz,,False,False,False
SALSA CHINA RANCHERO P/CHOFAN 3.04L/103OZ,salsa china ranchero p/chofan 3.04l/103oz,salsa|china|ranchero|p/chofan|3.04l/103oz|3.04 l,,False,False,False
GUANDULE VERDE 7 LB,guandule verde 7 lb,guandule|verde|7|lb|7 lb,,False,False,False
VAINILLA BLANCA DELIFRUT 1GL,vainilla blanca delifrut 1gl,vainilla|blanca|delifrut|1|gal|1 gl,,False,False,False
CREMA DE LECHE RICA 330 ML,crema de leche rica 330 ml,crema|leche|rica|330|ml,,False,True,False
VEGETALES ENLATADOS MIXTOS 15 OZ,vegetales enlatados mixtos 15 oz,vegetales|enlatados|mixtos|15|oz,,False,False,False
QUESO CHEDAR,queso chedar,queso|chedar,,False,True,False
JAMON DE PAVO,jamon de pavo,jamon|pavo,,False,False,True
SALAMI INDUVECA 3.5LB,salami induveca 3.5lb,salami|induveca|3.5|lb|3.5 lb,,False,False,True
BACALAO CON ESPINA,bacalao con espina,bacalao|espina,,False,False,True
FILETE DE RES,filete de res,filete|res,,False,False,False
MUSLOS DE POLLO FRESCO,muslos de pollo fresco,muslos|pollo|fresco,,False,False,True
PECHUGA DE POLLO DESHUESADA,pechuga de pollo deshuesada,pechuga|pollo|deshuesada,,False,False,True
FILETE DE CERDO,filete de cerdo,filete|cerdo,,False,False,False
HUEVOS CARTON 30/1,huevos carton 30/1,huevos|carton|30/1|30/1,,False,True,False
QUESO MOZARELLA,queso mozarella,queso|mozarella,,False,True,False
AZUCAR CREMA PAQ 10LB,azucar crema paq 10lb,azucar|crema|paq|10|lb|10 lb,,False,True,False
CAFÉ SANTO DOMINGO 1 LB,cafe santo domingo 1 lb,cafe|santo|domingo|1|lb|1 lb,,False,False,False
LECHE ENTERA LISTAMILK 1 LT,leche entera listamilk 1 lt,leche|entera|listamilk|1|lt,,False,True,False
LECHE BALDOM 377 GR,leche baldom 377 gr,leche|baldom|377|gr,,False,True,False
LECHE DE COCO LA FAMOSA 444ML,leche de coco la famosa 444ml,leche|coco|famosa|444ml,,False,True,False
MAYONESA BALDON GALON 1GL,mayonesa baldon galon 1gl,mayonesa|baldon|galon|1|gal|1 gl,,False,True,False
MARGARINA  5LB,margarina 5lb,margarina|5|lb|5 lb,,False,False,False
ARROZ CAMPO PREMIUN SACO 50LB,arroz campo premiun saco 50lb,arroz|campo|premiun|saco|50|lb|50 lb,,False,True,False
ACEITE CRISOL 30LB,aceite crisol 30lb,aceite|crisol|30|lb|30 lb,,False,False,False
ACEITE VERDE EXTRA VIRGEN BORGES 2 LT,aceite verde extra virgen borges 2 lt,aceite|verde|extra|virgen|borges|2|lt,,False,False,False
ATUN EN ACEITE CHERRY STAR 5 OZ,atun en aceite cherry star 5 oz,atun|aceite|cherry|star|5|oz,,False,False,False
FIDEOS FINOS MILANO,fideos finos milano,fideos|finos|milano,,False,False,False
VINAGRE BALDON RANCHERO AMBAR 110 OZ,vinagre baldon ranchero ambar 110 oz,vinagre|baldon|ranchero|ambar|110|oz,,False,False,False
VINAGRE BALDON RANCHERO BLANCO 110 OZ,vinagre baldon ranchero blanco 110 oz,vinagre|baldon|ranchero|blanco|110|oz,,False,False,False
SAL REFRISAL 5LB,sal refrisal 5lb,sal|refrisal|5|lb|5 lb,,False,False,False
GALLETA DE SODA HATUEY 20/1,galleta de soda hatuey 20/1,galleta|soda|hatuey|20/1|20/1,,False,False,False
CALDO DE POLLO MAGGIE,caldo de pollo maggie,caldo|pollo|maggie,,False,False,True
HARINA DE MAIZ MAZORCA 14 ONZ,harina de maiz mazorca 14 onz,harina|maiz|mazorca|14|onz,,False,True,False
JUGO CONCENTRADO BARCELO (SABORES VARIADOS) 3.7 LT,jugo concentrado barcelo sabores variados 3.7 lt,jugo|concentrado|barcelo|sabores|variados|3.7|lt,,False,False,False
HARINA DEL NEGRITO DE 28 OZ,harina del negrito de 28 oz,harina|negrito|28|oz,,False,True,False
MAICENA DE 425G/15OZ DURYEA,maicena de 425g/15oz duryea,maicena|425g/15oz|duryea,,False,False,False
MAIZ DULCE LA FAMOSA 15 OZ,maiz dulce la famosa 15 oz,maiz|dulce|famosa|15|oz,,False,False,False
SALSA CHINA RANCHERO P/CHOFAN 3.04L/103OZ,salsa china ranchero p/chofan 3.04l/103oz,salsa|china|ranchero|p/chofan|3.04l/103oz|3.04 l,,False,False,False
GUANDULE VERDE 7 LB,guandule verde 7 lb,guandule|verde|7|lb|7 lb,,False,False,False
VAINILLA BLANCA DELIFRUT 1GL,vainilla blanca delifrut 1gl,vainilla|blanca|delifrut|1|gal|1 gl,,False,False,False
CREMA DE LECHE RICA 330 ML,crema de leche rica 330 ml,crema|leche|rica|330|ml,,False,True,False
VEGETALES ENLATADOS MIXTOS 15 OZ,vegetales enlatados mixtos 15 oz,vegetales|enlatados|mixtos|15|oz,,False,False,False
PECHUGA DE POLLO DESHUESADA,pechuga de pollo deshuesada,pechuga|pollo|deshuesada,,False,False,True
POLLO,pollo,pollo,,False,False,True
CARNE DE CERDO,carne de cerdo,carne|cerdo,,False,False,True
CARNE DE RES,carne de res,carne|res,,False,False,True
MONDONGO,mondongo,mondongo,,False,False,False
CHULETA FRESCA,chuleta fresca,chuleta|fresca,,False,False,True
PATA DE VACA,pata de vaca,pata|vaca,,False,False,False
POLLO,pollo,pollo,,False,False,True
PESCADO MERO,pescado mero,pescado|mero,,False,False,True
CHULETA FRESCA,chuleta fresca,chuleta|fresca,,False,False,True
MASITA DE CERDO REBANADA,masita de cerdo rebanada,masita|cerdo|rebanada,,False,False,False
PIERNA DE CERDO 35 LB C/U,pierna de cerdo 35 lb c/u,pierna|cerdo|35|lb|c/u|35 lb,,False,False,False
RES REBANADA,res rebanada,res|rebanada,,False,False,False
PIERNA DE CERDO 35 LB C/U,pierna de cerdo 35 lb c/u,pierna|cerdo|35|lb|c/u|35 lb,,False,False,False
POLLO,pollo,pollo,,False,False,True
PESCADO MERO,pescado mero,pescado|mero,,False,False,True
CHULETA FRESCA,chuleta fresca,chuleta|fresca,,False,False,True
MASITA DE CERDO REBANADA,masita de cerdo rebanada,masita|cerdo|rebanada,,False,False,False
PIERNA DE CERDO 35 LB C/U,pierna de cerdo 35 lb c/u,pierna|cerdo|35|lb|c/u|35 lb,,False,False,False
RES REBANADA,res rebanada,res|rebanada,,False,False,False
PECHUGA DE POLLO DESHUESADA,pechuga de pollo deshuesada,pechuga|pollo|deshuesada,,False,False,True
POLLO,pollo,pollo,,False,False,True
CARNE DE CERDO,carne de cerdo,carne|cerdo,,False,False,True
CARNE DE RES,carne de res,carne|res,,False,False,True
MONDONGO,mondongo,mondongo,,False,False,False
CHULETA FRESCA,chuleta fresca,chuleta|fresca,,False,False,True
PATA DE VACA,pata de vaca,pata|vaca,,False,False,False
COSTILITA,costilita,costilita,,False,False,False
POLLO,pollo,pollo,,False,False,True
PESCADO MERO,pescado mero,pescado|mero,,False,False,True
CHULETA FRESCA,chuleta fresca,chuleta|fresca,,False,False,True
MASITA DE CERDO REBANADA,masita de cerdo rebanada,masita|cerdo|rebanada,,False,False,False
PIERNA DE CERDO 35 LB C/U,pierna de cerdo 35 lb c/u,pierna|cerdo|35|lb|c/u|35 lb,,False,False,False
RES REBANADA,res rebanada,res|rebanada,,False,False,False
POLLO,pollo,pollo,,False,False,True
CARNE DE CERDO,carne de cerdo,carne|cerdo,,False,False,True
CARNE DE RES,carne de res,carne|res,,False,False,True
POLLO,pollo,pollo,,False,False,True
MONDONGO,mondongo,mondongo,,False,False,False
PATA DE VACA,pata de vaca,pata|vaca,,False,False,False
CHULETA AHUMADA,chuleta ahumada,chuleta|ahumada,,False,False,True
COSTILLA AHUMADA,costilla ahumada,costilla|ahumada,,False,False,True
LIBRA DE POLLO,libra de pollo,libra|pollo,,False,False,True
LIBRA DE COSTILLAS AHUMADA,libra de costillas ahumada,libra|costillas|ahumada,,False,False,False
LIBRA DE MONDONGO,libra de mondongo,libra|mondongo,,False,False,False
LIBRA DE CHULETA AHUMADA,libra de chuleta ahumada,libra|chuleta|ahumada,,False,False,True
LIBRA DE CARNE DE CERDO,libra de carne de cerdo,libra|carne|cerdo,,False,False,True
LIBRA DE PATA DE VACA,libra de pata de vaca,libra|pata|vaca,,False,False,False
LIBRA DE CARNE DE RES,libra de carne de res,libra|carne|res,,False,False,True
POLLO,pollo,pollo,,False,False,True
CHULETA,chuleta,chuleta,,False,False,True
LONGANIZA,longaniza,longaniza,,False,False,False
CARNE DE RES,carne de res,carne|res,,False,False,True
MASITA DE CERDO,masita de cerdo,masita|cerdo,,False,False,False
PESCADO MERO,pescado mero,pescado|mero,,False,False,True
BACALADO CON ESPINA NORUEGO,bacalado con espina noruego,bacalado|espina|noruego,,False,False,False
POLLO,pollo,pollo,,False,False,True
COSTILLA AHUMADA,costilla ahumada,costilla|ahumada,,False,False,True
MONDONGO,mondongo,mondongo,,False,False,False
CHULETA AHUMADA,chuleta ahumada,chuleta|ahumada,,False,False,True
CARNE DE CERDO,carne de cerdo,carne|cerdo,,False,False,True
PATA DE VACA,pata de vaca,pata|vaca,,False,False,False
CARNE DE RES,carne de res,carne|res,,False,False,True
CARNE DE RES,carne de res,carne|res,,False,False,True
CHULETA,chuleta,chuleta,,False,False,True
CERDO SIN PIEL,cerdo sin piel,cerdo|sin|piel,,False,False,False
POLLO,pollo,pollo,,False,False,True
PESCADO MERO,pescado mero,pescado|mero,,False,False,True
POLLO,pollo,pollo,,False,False,True
PESCADO MERO,pescado mero,pescado|mero,,False,False,True
PECHUGA,pechuga,pechuga,,False,False,True
PATA DE VACA,pata de vaca,pata|vaca,,False,False,False
CARNE DE RES,carne de res,carne|res,,False,False,True
MONDONGO,mondongo,mondongo,,False,False,False
COSTILLA,costilla,costilla,,False,False,True
CARNE DE CERDO,carne de cerdo,carne|cerdo,,False,False,True
CHULETA,chuleta,chuleta,,False,False,True
POLLO,pollo,pollo,,False,False,True
MONDONGO,mondongo,mondongo,,False,False,False
POLLO (13 UND),pollo 13 und,pollo|13|und,,False,False,True
COSTILLA AHUMADA,costilla ahumada,costilla|ahumada,,False,False,True
PATA DE VACA,pata de vaca,pata|vaca,,False,False,False
CARNE DE RES,carne de res,carne|res,,False,False,True
CARNE DE CERDO,carne de cerdo,carne|cerdo,,False,False,True
CHULETA AHUMADA,chuleta ahumada,chuleta|ahumada,,False,False,True
JARRA DE VIDRIO 21.5,jarra de vidrio 21.5,jarra|vidrio|21.5,,False,False,False
COPA DE CRISTAL 14 OZ,copa de cristal 14 oz,copa|cristal|14|oz,,False,False,False
TENEDORES DE MESA,tenedores de mesa,tenedores|mesa,,False,False,False
PLATO DE PORCELANA 30 5x2,plato de porcelana 30 5x2,plato|porcelana|30|5x2,,False,False,False
COPA DE VIDRIO  9x16 ENOLOGIA,copa de vidrio 9x16 enologia,copa|vidrio|9x16|enologia,,False,False,False
PLANTA ARTIFICIAL 160 cm,planta artificial 160 cm,planta|artificial|160|cm,,False,False,False
FRUTERO DE TRES NIVELES,frutero de tres niveles,frutero|tres|niveles,,False,False,False
AZUCARERA 8x11 cm HAUS,azucarera 8x11 cm haus,azucarera|8x11|cm|haus,,False,True,False
TAZAS DE CAFÉ  10x7 . 5x6.5 BOSTON,tazas de cafe 10x7 . 5x6.5 boston,tazas|cafe|10x7|.|5x6.5|boston,,False,False,False
TAZAS DE CAFÉ  7 oz CON SUS PLATOS  12/unidades APILABLE,tazas de cafe 7 oz con sus platos 12/unidades apilable,tazas|cafe|7|oz|sus|platos|12/unidades|apilable,,False,False,False
FLOR ARTIFFICIAL,flor artifficial,flor|artifficial,,False,False,False
BANDEJA PARA SERVIR 39 8x29 7x24,bandeja para servir 39 8x29 7x24,bandeja|para|servir|39|8x29|7x24,,False,False,False
COPA DE CRISTAL  p/cev 20 oz,copa de cristal p/cev 20 oz,copa|cristal|p/cev|20|oz,,False,False,False
COPA DE CRISTAL  p/he 70z,copa de cristal p/he 70z,copa|cristal|p/he|70z,,False,False,False
MONDONGO,mondongo,mondongo,,False,False,False
COSTILLA AHUMADA,costilla ahumada,costilla|ahumada,,False,False,True
PATA DE VACA,pata de vaca,pata|vaca,,False,False,False
CARNE DE RES,carne de res,carne|res,,False,False,True
CARNE DE CERDO,carne de cerdo,carne|cerdo,,False,False,True
CHULETA AHUMADA,chuleta ahumada,chuleta|ahumada,,False,False,True
POLLO,pollo,pollo,,False,False,True
HIGADO,higado,higado,,False,False,False
LONGANIZA,longaniza,longaniza,,False,False,False
COSTILLITA,costillita,costillita,,False,False,False
CARNE DE RES,carne de res,carne|res,,False,False,True
POLLO ENTERO,pollo entero,pollo|entero,,False,False,True
SALAMI INDUVECA 3.5/1,salami induveca 3.5/1,salami|induveca|3.5/1|5/1,,False,False,True
LONGANIZA,longaniza,longaniza,,False,False,False
POLLO ENTERO,pollo entero,pollo|entero,,False,False,True
CHULETA,chuleta,chuleta,,False,False,True
RES MOLIDA,res molida,res|molida,,False,False,True
CARNE DE RES,carne de res,carne|res,,False,False,True
POLLO ENTERO,pollo entero,pollo|entero,,False,False,True
CHULETA,chuleta,chuleta,,False,False,True
RES MOLIDA,res molida,res|molida,,False,False,True
CARNE DE RES,carne de res,carne|res,,False,False,True
COSTILLA,costilla,costilla,,False,False,True
CHULETA,chuleta,chuleta,,False,False,True
RES MOLIDA,res molida,res|molida,,False,False,True
POLLO ENTERO,pollo entero,pollo|entero,,False,False,True
RES PRIMIUM DESHUESADA,res primium deshuesada,res|primium|deshuesada,,False,False,False
LONGANIZA,longaniza,longaniza,,False,False,False
POLLO ENTERO,pollo entero,pollo|entero,,False,False,True
CERDO,cerdo,cerdo,,False,False,False
HIGADO,higado,higado,,False,False,False
CHULETA AHUMADA,chuleta ahumada,chuleta|ahumada,,False,False,True
RES MOLIDA,res molida,res|molida,,False,False,True
CHULETA FRESCA REBANADA,chuleta fresca rebanada,chuleta|fresca|rebanada,,False,False,True
LONGANIZA,longaniza,longaniza,,False,False,False
COSTILLA,costilla,costilla,,False,False,True
HIGADO,higado,higado,,False,False,False
CARNE DE CERDO,carne de cerdo,carne|cerdo,,False,False,True
POLLO ENTERO DESCONGELADO,pollo entero descongelado,pollo|entero|descongelado,,False,False,True
CARNE DE RES,carne de res,carne|res,,False,False,True
RES MOLIDA,res molida,res|molida,,False,False,True
RES DESHUESADA,res deshuesada,res|deshuesada,,False,False,True
FIRMA AUTORIZADA,firma autorizada,firma|autorizada,,False,False,False
BOTE MATERIAL desechable Y ESCOMBRO,bote material desechable y escombro,bote|material|desechable|escombro,,False,False,False
division en cristal con puerta corrediza,division en cristal con puerta corrediza,division|cristal|puerta|corrediza,,False,False,False
CONSTRUCCION pandereta en sheetrock,construccion pandereta en sheetrock,construccion|pandereta|sheetrock,,False,False,False
diseño Y CONSTRUCCION  de nicho en sheetrock p/luces,diseno y construccion de nicho en sheetrock p/luces,diseno|construccion|nicho|sheetrock|p/luces,,False,False,False
LIMPIEZA DE SEPTICO,limpieza de septico,limpieza|septico,,True,False,False
LIMPIEZA DE REGISTRO SANITARIO Y SONDEO DE TUBERIA,limpieza de registro sanitario y sondeo de tuberia,limpieza|registro|sanitario|sondeo|tuberia,,True,False,False
Limpieza  trampa de grasa,limpieza trampa de grasa,limpieza|trampa|grasa,,False,False,False
Remozamiento de RAMPA y descanso  DE  ESCALERA DE GRANITO PULIDO,remozamiento de rampa y descanso de escalera de granito pulido,remozamiento|rampa|descanso|escalera|granito|pulido,,False,False,False
BOTE MATERIAL desechable Y ESCOMBRO,bote material desechable y escombro,bote|material|desechable|escombro,,False,False,False
division en cristal con puerta corrediza,division en cristal con puerta corrediza,division|cristal|puerta|corrediza,,False,False,False
CONSTRUCCION pandereta en sheetrock,construccion pandereta en sheetrock,construccion|pandereta|sheetrock,,False,False,False
diseño Y CONSTRUCCION  de nicho en sheetrock p/luces,diseno y construccion de nicho en sheetrock p/luces,diseno|construccion|nicho|sheetrock|p/luces,,False,False,False
LIMPIEZA DE SEPTICO,limpieza de septico,limpieza|septico,,True,False,False
LIMPIEZA DE REGISTRO SANITARIO Y SONDEO DE TUBERIA,limpieza de registro sanitario y sondeo de tuberia,limpieza|registro|sanitario|sondeo|tuberia,,True,False,False
Limpieza  trampa de grasa,limpieza trampa de grasa,limpieza|trampa|grasa,,False,False,False
Remozamiento de RAMPA y descanso  DE  ESCALERA DE GRANITO PULIDO,remozamiento de rampa y descanso de escalera de granito pulido,remozamiento|rampa|descanso|escalera|granito|pulido,,False,False,False
BOTE MATERIAL desechable Y ESCOMBRO,bote material desechable y escombro,bote|material|desechable|escombro,,False,False,False
CONSTRUCCION pandereta en sheetrock,construccion pandereta en sheetrock,construccion|pandereta|sheetrock,,False,False,False
LIMPIEZA DE SEPTICO,limpieza de septico,limpieza|septico,,True,False,False
LIMPIEZA DE REGISTRO SANITARIO Y SONDEO DE TUBERIA,limpieza de registro sanitario y sondeo de tuberia,limpieza|registro|sanitario|sondeo|tuberia,,True,False,False
Limpieza  trampa de grasa,limpieza trampa de grasa,limpieza|trampa|grasa,,False,False,False
Remozamiento de RAMPA y descanso  DE  ESCALERA DE GRANITO PULIDO,remozamiento de rampa y descanso de escalera de granito pulido,remozamiento|rampa|descanso|escalera|granito|pulido,,False,False,False
instalacion puerta comercial,instalacion puerta comercial,instalacion|puerta|comercial,,True,False,False
CONSTRUCCION pandereta en sheetrock,construccion pandereta en sheetrock,construccion|pandereta|sheetrock,,False,False,False
reparacion puerta comercial doble,reparacion puerta comercial doble,reparacion|puerta|comercial|doble,,True,False,False
instalacion de plafones 2x4,instalacion de plafones 2x4,instalacion|plafones|2x4,,True,False,False
instalacion puerta polimetal,instalacion puerta polimetal,instalacion|puerta|polimetal,,True,False,False
aire acondicionado de 18 btu,aire acondicionado de 18 btu,aire|acondicionado|18|btu,,False,False,False
cerradura electromagnetica de 600 lbs,cerradura electromagnetica de 600 lbs,cerradura|electromagnetica|600|lb|600 lb,,False,False,False
control de acceso biometrico inter de toquen con push touch de salida y tarjeta programable,control de acceso biometrico inter de toquen con push touch de salida y tarjeta programable,control|acceso|biometrico|inter|toquen|push|touch|salida,,False,False,False
"power supplay dc 12 volt 90-260 volt 60 hz, con bateria de 12 v. 4amp h.",power supplay dc 12 volt 90-260 volt 60 hz con bateria de 12 v. 4amp h.,power|supplay|dc|12|volt|90-260|volt|60,,False,False,False
z bracket p/ cerradura de 600 lbs,z bracket p/ cerradura de 600 lbs,z|bracket|p/|cerradura|600|lb|600 lb,,False,False,False
Domolicion pandereta de sheetrock y resane de area,domolicion pandereta de sheetrock y resane de area,domolicion|pandereta|sheetrock|resane|area,,False,False,False
Pintura Gris 26 claro acrilica,pintura gris 26 claro acrilica,pintura|gris|26|claro|acrilica,,False,False,False
Pintura Blanco 50,pintura blanco 50,pintura|blanco|50,,False,False,False
Pintura Colonial 966,pintura colonial 966,pintura|colonial|966,,False,False,False
pintura azul glacial 981,pintura azul glacial 981,pintura|azul|glacial|981,,False,False,False
Pintura Grafito 42,pintura grafito 42,pintura|grafito|42,,False,False,False
Pintura Trafico Amarillo,pintura trafico amarillo,pintura|trafico|amarillo,,False,False,False
Pintura Esmalte Blanca,pintura esmalte blanca,pintura|esmalte|blanca,,False,False,False
Pintura Gris Perla Esmalte,pintura gris perla esmalte,pintura|gris|perla|esmalte,,False,False,False
Thinner TH-1000-GL,thinner th-1000-gl,thinner|th-1000-gal|TH-1000-GL,,False,False,False
Mota anti-goteo 10Mm,mota anti-goteo 10mm,mota|anti-goteo|10|mm,,False,False,False
"Porta rolo reforzado negro 9""","porta rolo reforzado negro 9""","porta|rolo|reforzado|negro|9""|9""",,False,False,False
Extension telesc 3mts gris,extension telesc 3mts gris,extension|telesc|3mts|gris,,False,False,False
"Brocha ecom. m/marron 3""","brocha ecom. m/marron 3""","brocha|ecom.|m/marron|3""|3""",,False,False,False
"Brocha ecom. m/marron 2""","brocha ecom. m/marron 2""","brocha|ecom.|m/marron|2""|2""",,False,False,False
"Brocha ecom. m/marron 4""","brocha ecom. m/marron 4""","brocha|ecom.|m/marron|4""|4""",,False,False,False
Lija de agua No.120 Norton,lija de agua no.120 norton,lija|agua|no.120|norton,,False,False,False
"Espatula de acero flexible 1 1/2""","espatula de acero flexible 1 1/2""","espatula|acero|flexible|1|1/2""|1/2|2""",,False,False,False
"Espatula de acero flexible 2""","espatula de acero flexible 2""","espatula|acero|flexible|2""|2""",,False,False,False
Pintura Gris 26 claro acrilica,pintura gris 26 claro acrilica,pintura|gris|26|claro|acrilica,,False,False,False
Pintura Blanco 50,pintura blanco 50,pintura|blanco|50,,False,False,False
Pintura Colonial 966,pintura colonial 966,pintura|colonial|966,,False,False,False
pintura azul glacial 981,pintura azul glacial 981,pintura|azul|glacial|981,,False,False,False
Pintura Grafito 42,pintura grafito 42,pintura|grafito|42,,False,False,False
Thinner TH-1000-GL,thinner th-1000-gl,thinner|th-1000-gal|TH-1000-GL,,False,False,False
Mota anti-goteo 10Mm,mota anti-goteo 10mm,mota|anti-goteo|10|mm,,False,False,False
"Porta rolo reforzado negro 9""","porta rolo reforzado negro 9""","porta|rolo|reforzado|negro|9""|9""",,False,False,False
Extension telesc 3mts gris,extension telesc 3mts gris,extension|telesc|3mts|gris,,False,False,False
"Brocha ecom. m/marron 3""","brocha ecom. m/marron 3""","brocha|ecom.|m/marron|3""|3""",,False,False,False
"Brocha ecom. m/marron 2""","brocha ecom. m/marron 2""","brocha|ecom.|m/marron|2""|2""",,False,False,False
"Brocha ecom. m/marron 4""","brocha ecom. m/marron 4""","brocha|ecom.|m/marron|4""|4""",,False,False,False
Lija de agua No.120 Norton,lija de agua no.120 norton,lija|agua|no.120|norton,,False,False,False
"Espatula de acero flexible 1 1/2""","espatula de acero flexible 1 1/2""","espatula|acero|flexible|1|1/2""|1/2|2""",,False,False,False
"Espatula de acero flexible 2""","espatula de acero flexible 2""","espatula|acero|flexible|2""|2""",,False,False,False
PINTURA DE TRAFICO AMARILLA,pintura de trafico amarilla,pintura|trafico|amarilla,,False,False,False
PINTURA ESMALTE BLANCA,pintura esmalte blanca,pintura|esmalte|blanca,,False,False,False
PINTURA GRIS PERLA ESMALTE,pintura gris perla esmalte,pintura|gris|perla|esmalte,,False,False,False
Aire acondicionado de 18 BTU,aire acondicionado de 18 btu,aire|acondicionado|18|btu,,False,False,False
Solución para baterías,solucion para baterias,solucion|para|baterias,,False,False,False
Rollo de estaño 60/40,rollo de estano 60/40,rollo|estano|60/40|60/40,,False,False,False
Enchufe 110volt,enchufe 110volt,enchufe|110volt,,False,False,False
Amperímetro voltimetro digital,amperimetro voltimetro digital,amperimetro|voltimetro|digital,,False,False,False
Caja de herramienta,caja de herramienta,caja|herramienta,,False,False,False
Soplete de 2 salidas,soplete de 2 salidas,soplete|2|salidas,,False,False,False
Manómetro para gas 22,manometro para gas 22,manometro|para|gas|22,,False,False,False
Manómetro para 410,manometro para 410,manometro|para|410,,False,False,False
Map Gas para soldadura,map gas para soldadura,map|gas|para|soldadura,,False,False,False
Válvula de servicio AVX-1/4,valvula de servicio avx-1/4,valvula|servicio|avx-1/4|1/4,,False,False,False
Caja de Brazing rod 0% Silver (Varillas PLATA para soldaduras)1/8,caja de brazing rod 0% silver varillas plata para soldaduras 1/8,caja|brazing|rod|0%|silver|varillas|plata|para|1/8,,False,False,False
Power pack,power pack,power|pack,,False,False,False
TAPE DE ALUMINIO 3´´,tape de aluminio 3,tape|aluminio|3,,False,False,False
Refrigerante R404 24 lb,refrigerante r404 24 lb,refrigerante|r404|24|lb|R404|24 lb,,False,False,False
Contactor 40 Amp/2p 220 volt,contactor 40 amp/2p 220 volt,contactor|40|amp/2p|220|volt,,False,False,False
Contactor 40 Amp/2p 24 volt,contactor 40 amp/2p 24 volt,contactor|40|amp/2p|24|volt,,False,False,False
Limpiador Fresh Coil,limpiador fresh coil,limpiador|fresh|coil,,False,False,False
Contactor de 100 Amp trifasico,contactor de 100 amp trifasico,contactor|100|amp|trifasico,,False,False,False
Refrigerante  R-410 25lb,refrigerante r-410 25lb,refrigerante|r-410|25|lb|R-410|25 lb,,False,False,False
Refrigerante  R-22 30 lb,refrigerante r-22 30 lb,refrigerante|r-22|30|lb|30 lb,,False,False,False
Cinta 3m p/baccocell de insulacion,cinta 3m p/baccocell de insulacion,cinta|3m|p/baccocell|insulacion,,False,False,False
Fibra sintetica azul p/filtro de A/C,fibra sintetica azul p/filtro de a/c,fibra|sintetica|azul|p/filtro|a/c,,False,False,False
Fluxometro,fluxometro,fluxometro,,False,False,False
Llave p/Lavamanos,llave p/lavamanos,llave|p/lavamanos,,False,False,False
Hidrolavadora electrica,hidrolavadora electrica,hidrolavadora|electrica,,False,False,False
candado yale 50 mm,candado yale 50 mm,candado|yale|50|mm,,False,False,False
TIJERA CORTE DERECHO,tijera corte derecho,tijera|corte|derecho,,False,False,False
Aire acondicionado de 18 BTU,aire acondicionado de 18 btu,aire|acondicionado|18|btu,,False,False,False
Enchufe 110volt,enchufe 110volt,enchufe|110volt,,False,False,False
Amperímetro voltimetro digital,amperimetro voltimetro digital,amperimetro|voltimetro|digital,,False,False,False
Caja de herramienta,caja de herramienta,caja|herramienta,,False,False,False
Soplete de 2 salidas,soplete de 2 salidas,soplete|2|salidas,,False,False,False
Manómetro para gas 22,manometro para gas 22,manometro|para|gas|22,,False,False,False
Manómetro para 410,manometro para 410,manometro|para|410,,False,False,False
Map Gas para soldadura,map gas para soldadura,map|gas|para|soldadura,,False,False,False
Caja de Brazing rod 0% Silver (Varillas PLATA para soldaduras)1/8,caja de brazing rod 0% silver varillas plata para soldaduras 1/8,caja|brazing|rod|0%|silver|varillas|plata|para|1/8,,False,False,False
Power pack,power pack,power|pack,,False,False,False
TAPE DE ALUMINIO 3´´,tape de aluminio 3,tape|aluminio|3,,False,False,False
Refrigerante R404 24 lb,refrigerante r404 24 lb,refrigerante|r404|24|lb|R404|24 lb,,False,False,False
Contactor 40 Amp/2p 24 volt,contactor 40 amp/2p 24 volt,contactor|40|amp/2p|24|volt,,False,False,False
Limpiador Fresh Coil,limpiador fresh coil,limpiador|fresh|coil,,False,False,False
Contactor de 100 Amp trifasico,contactor de 100 amp trifasico,contactor|100|amp|trifasico,,False,False,False
Refrigerante  R-410 25lb,refrigerante r-410 25lb,refrigerante|r-410|25|lb|R-410|25 lb,,False,False,False
Refrigerante  R-22 30 lb,refrigerante r-22 30 lb,refrigerante|r-22|30|lb|30 lb,,False,False,False
Fibra sintetica azul p/filtro de A/C,fibra sintetica azul p/filtro de a/c,fibra|sintetica|azul|p/filtro|a/c,,False,False,False
Fluxometro,fluxometro,fluxometro,,False,False,False
Llave p/Lavamanos,llave p/lavamanos,llave|p/lavamanos,,False,False,False
candado yale 50 mm,candado yale 50 mm,candado|yale|50|mm,,False,False,False
TIJERA CORTE DERECHO,tijera corte derecho,tijera|corte|derecho,,False,False,False
rollo de estaño 60/40,rollo de estano 60/40,rollo|estano|60/40|60/40,,False,False,False
Valvula de servicio de servicio avx-1/4,valvula de servicio de servicio avx-1/4,valvula|servicio|servicio|avx-1/4|1/4,,False,False,False
Contactor 40 Amp/2p 220 volt,contactor 40 amp/2p 220 volt,contactor|40|amp/2p|220|volt,,False,False,False
cinta 3m p/baccocell de insulacion,cinta 3m p/baccocell de insulacion,cinta|3m|p/baccocell|insulacion,,False,False,False
hidrolavadora electrica,hidrolavadora electrica,hidrolavadora|electrica,,False,False,False
EMBOBINADO DE MOTOR DE BOMBA DE AGUA PEDROLLO MOD. CP-680A     10 HP 220 VOLTIOS 3 PHASES 60 HZ.  CON ALAMBRE DE COBRE AMERICANO MARCA BNTECHGO NEMA MW-80C,embobinado de motor de bomba de agua pedrollo mod. cp-680a 10 hp 220 voltios 3 phases 60 hz. con alambre de cobre americano marca bntechgo nema mw-80c,embobinado|motor|bomba|agua|pedrollo|mod.|cp-680a|10|CP-680A,Cano,False,False,False
RODAMIENTO C-6206 Z DE ALTA TEMPERATURA SKF,rodamiento c-6206 z de alta temperatura skf,rodamiento|c-6206|z|alta|temperatura|skf|C-6206,,False,False,False
CAMBIO DE IMPELLER,cambio de impeller,cambio|impeller,,True,False,False
ABANICO DE BOMBA PEDROLLO CP-680A,abanico de bomba pedrollo cp-680a,abanico|bomba|pedrollo|cp-680a|CP-680A,,False,False,False
ACONDICIONAMIENTO DE BOMBA DE AGUA CON PINTURA INDUSTRIAL,acondicionamiento de bomba de agua con pintura industrial,acondicionamiento|bomba|agua|pintura|industrial,,False,False,False
INSTALACION DE SISTEMA DE ELECTRICIDAD EN PANEL PARA ENERGIZAR  LAS BOMBAS,instalacion de sistema de electricidad en panel para energizar las bombas,instalacion|sistema|electricidad|panel|para|energizar|bombas,,True,False,False
CAMBIO DE TUBERIAS  Y FILTRO PARA AIRE DE 5 TON,cambio de tuberias y filtro para aire de 5 ton,cambio|tuberias|filtro|para|aire|5|ton,,True,False,False
SUSTITUCION DE CALBLES ELECTRICO EN LINEA DE ALIMENTACION DEL EDIF DE VIH,sustitucion de calbles electrico en linea de alimentacion del edif de vih,sustitucion|calbles|electrico|linea|alimentacion|edif|vih,,False,False,False
BOTE MATERIAL desechable Y ESCOMBRO,bote material desechable y escombro,bote|material|desechable|escombro,,False,False,False
CONSTRUCCION pandereta en sheetrock,construccion pandereta en sheetrock,construccion|pandereta|sheetrock,,False,False,False
LIMPIEZA DE SEPTICO,limpieza de septico,limpieza|septico,,True,False,False
LIMPIEZA DE REGISTRO SANITARIO Y SONDEO DE TUBERIA,limpieza de registro sanitario y sondeo de tuberia,limpieza|registro|sanitario|sondeo|tuberia,,True,False,False
Limpieza  trampa de grasa,limpieza trampa de grasa,limpieza|trampa|grasa,,False,False,False
Remozamiento de RAMPA y descanso  DE  ESCALERA DE GRANITO PULIDO,remozamiento de rampa y descanso de escalera de granito pulido,remozamiento|rampa|descanso|escalera|granito|pulido,,False,False,False
Pintura Gris 26 claro acrilica,pintura gris 26 claro acrilica,pintura|gris|26|claro|acrilica,,False,False,False
Pintura Blanco 50,pintura blanco 50,pintura|blanco|50,,False,False,False
Pintura Colonial 966,pintura colonial 966,pintura|colonial|966,,False,False,False
pintura azul glacial 981,pintura azul glacial 981,pintura|azul|glacial|981,,False,False,False
Pintura Grafito 42,pintura grafito 42,pintura|grafito|42,,False,False,False
Pintura Trafico Amarillo,pintura trafico amarillo,pintura|trafico|amarillo,,False,False,False
Pintura Esmalte Blanca,pintura esmalte blanca,pintura|esmalte|blanca,,False,False,False
Pintura Gris Perla Esmalte,pintura gris perla esmalte,pintura|gris|perla|esmalte,,False,False,False
Thinner TH-1000-GL,thinner th-1000-gl,thinner|th-1000-gal|TH-1000-GL,,False,False,False
Mota anti-goteo 10Mm,mota anti-goteo 10mm,mota|anti-goteo|10|mm,,False,False,False
"Porta rolo reforzado negro 9""","porta rolo reforzado negro 9""","porta|rolo|reforzado|negro|9""|9""",,False,False,False
Extension telesc 3mts gris,extension telesc 3mts gris,extension|telesc|3mts|gris,,False,False,False
"Brocha ecom. m/marron 3""","brocha ecom. m/marron 3""","brocha|ecom.|m/marron|3""|3""",,False,False,False
"Brocha ecom. m/marron 2""","brocha ecom. m/marron 2""","brocha|ecom.|m/marron|2""|2""",,False,False,False
"Brocha ecom. m/marron 4""","brocha ecom. m/marron 4""","brocha|ecom.|m/marron|4""|4""",,False,False,False
Lija de agua No.120 Norton,lija de agua no.120 norton,lija|agua|no.120|norton,,False,False,False
"Espatula de acero flexible 1 1/2""","espatula de acero flexible 1 1/2""","espatula|acero|flexible|1|1/2""|1/2|2""",,False,False,False
"Espatula de acero flexible 2""","espatula de acero flexible 2""","espatula|acero|flexible|2""|2""",,False,False,False
instalacion puerta comercial,instalacion puerta comercial,instalacion|puerta|comercial,,True,False,False
CONSTRUCCION pandereta en sheetrock,construccion pandereta en sheetrock,construccion|pandereta|sheetrock,,False,False,False
reparacion puerta comercial doble,reparacion puerta comercial doble,reparacion|puerta|comercial|doble,,True,False,False
instalacion de plafones 2x4,instalacion de plafones 2x4,instalacion|plafones|2x4,,True,False,False
instalacion puerta polimetal,instalacion puerta polimetal,instalacion|puerta|polimetal,,True,False,False
aire acondicionado de 18 btu,aire acondicionado de 18 btu,aire|acondicionado|18|btu,,False,False,False
cerradura electromagnetica de 600 lbs,cerradura electromagnetica de 600 lbs,cerradura|electromagnetica|600|lb|600 lb,,False,False,False
control de acceso biometrico inter de toquen con push touch de salida y tarjeta programable,control de acceso biometrico inter de toquen con push touch de salida y tarjeta programable,control|acceso|biometrico|inter|toquen|push|touch|salida,,False,False,False
"power supplay dc 12 volt 90-260 volt 60 hz, con bateria de 12 v. 4amp h.",power supplay dc 12 volt 90-260 volt 60 hz con bateria de 12 v. 4amp h.,power|supplay|dc|12|volt|90-260|volt|60,,False,False,False
z bracket p/ cerradura de 600 lbs,z bracket p/ cerradura de 600 lbs,z|bracket|p/|cerradura|600|lb|600 lb,,False,False,False
Domolicion pandereta de sheetrock y resane de area,domolicion pandereta de sheetrock y resane de area,domolicion|pandereta|sheetrock|resane|area,,False,False,False
Aire acondicionado de 18 BTU,aire acondicionado de 18 btu,aire|acondicionado|18|btu,,False,False,False
Solución para baterías,solucion para baterias,solucion|para|baterias,,False,False,False
Rollo de estaño 60/40,rollo de estano 60/40,rollo|estano|60/40|60/40,,False,False,False
Enchufe 110volt,enchufe 110volt,enchufe|110volt,,False,False,False
Amperímetro voltimetro digital,amperimetro voltimetro digital,amperimetro|voltimetro|digital,,False,False,False
Caja de herramienta,caja de herramienta,caja|herramienta,,False,False,False
Soplete de 2 salidas,soplete de 2 salidas,soplete|2|salidas,,False,False,False
Manómetro para gas 22,manometro para gas 22,manometro|para|gas|22,,False,False,False
Manómetro para 410,manometro para 410,manometro|para|410,,False,False,False
Map Gas para soldadura,map gas para soldadura,map|gas|para|soldadura,,False,False,False
Válvula de servicio AVX-1/4,valvula de servicio avx-1/4,valvula|servicio|avx-1/4|1/4,,False,False,False
Caja de Brazing rod 0% Silver (Varillas PLATA para soldaduras)1/8,caja de brazing rod 0% silver varillas plata para soldaduras 1/8,caja|brazing|rod|0%|silver|varillas|plata|para|1/8,,False,False,False
Power pack,power pack,power|pack,,False,False,False
TAPE DE ALUMINIO 3´´,tape de aluminio 3,tape|aluminio|3,,False,False,False
Refrigerante R404 24 lb,refrigerante r404 24 lb,refrigerante|r404|24|lb|R404|24 lb,,False,False,False
Contactor 40 Amp/2p 220 volt,contactor 40 amp/2p 220 volt,contactor|40|amp/2p|220|volt,,False,False,False
Contactor 40 Amp/2p 24 volt,contactor 40 amp/2p 24 volt,contactor|40|amp/2p|24|volt,,False,False,False
Limpiador Fresh Coil,limpiador fresh coil,limpiador|fresh|coil,,False,False,False
Contactor de 100 Amp trifasico,contactor de 100 amp trifasico,contactor|100|amp|trifasico,,False,False,False
Refrigerante  R-410 25lb,refrigerante r-410 25lb,refrigerante|r-410|25|lb|R-410|25 lb,,False,False,False
Refrigerante  R-22 30 lb,refrigerante r-22 30 lb,refrigerante|r-22|30|lb|30 lb,,False,False,False
Cinta 3m p/baccocell de insulacion,cinta 3m p/baccocell de insulacion,cinta|3m|p/baccocell|insulacion,,False,False,False
Fibra sintetica azul p/filtro de A/C,fibra sintetica azul p/filtro de a/c,fibra|sintetica|azul|p/filtro|a/c,,False,False,False
Fluxometro,fluxometro,fluxometro,,False,False,False
Llave p/Lavamanos,llave p/lavamanos,llave|p/lavamanos,,False,False,False
Hidrolavadora electrica,hidrolavadora electrica,hidrolavadora|electrica,,False,False,False
candado yale 50 mm,candado yale 50 mm,candado|yale|50|mm,,False,False,False
TIJERA CORTE DERECHO,tijera corte derecho,tijera|corte|derecho,,False,False,False
Pintura Blanco 00 interior tropical plus,pintura blanco 00 interior tropical plus,pintura|blanco|00|interior|tropical|plus,Tropical,False,False,False
Pintura Colonial 66 acrilica exterior  tropical plus,pintura colonial 66 acrilica exterior tropical plus,pintura|colonial|66|acrilica|exterior|tropical|plus,Tropical,False,False,False
Pintura Blanco 00 semigloss tropical plus,pintura blanco 00 semigloss tropical plus,pintura|blanco|00|semigloss|tropical|plus,Tropical,False,False,False
pintura azul positivo 93 exterior tropical plus,pintura azul positivo 93 exterior tropical plus,pintura|azul|positivo|93|exterior|tropical|plus,Tropical,False,False,False
Pintura Grafito 42 acrilica exterior tropical plus,pintura grafito 42 acrilica exterior tropical plus,pintura|grafito|42|acrilica|exterior|tropical|plus,Tropical,False,False,False
Pintura Esmalte Blanca 00 tropical plus,pintura esmalte blanca 00 tropical plus,pintura|esmalte|blanca|00|tropical|plus,Tropical,False,False,False
mantenimiento verde ( formula 3-1207p esmalte),mantenimiento verde formula 3-1207p esmalte,mantenimiento|verde|formula|3-1207p|esmalte,,True,False,False
mantenimiento gris perla 11 esmalte tropical,mantenimiento gris perla 11 esmalte tropical,mantenimiento|gris|perla|11|esmalte|tropical,Tropical,True,False,False
"mantenimiento negro con brillo, esmalte negro",mantenimiento negro con brillo esmalte negro,mantenimiento|negro|brillo|esmalte|negro,,True,False,False
Pintura Trafico Amarillo,pintura trafico amarillo,pintura|trafico|amarillo,,False,False,False
Pintura Trafico blanco,pintura trafico blanco,pintura|trafico|blanco,,False,False,False
Thinner TH-1000-GL,thinner th-1000-gl,thinner|th-1000-gal|TH-1000-GL,,False,False,False
vainilla blanca,vainilla blanca,vainilla|blanca,,False,False,False
Secante p/ pintura esmalte,secante p/ pintura esmalte,secante|p/|pintura|esmalte,,False,False,False
agua ras,agua ras,agua|ras,,False,False,False
porta rolo,porta rolo,porta|rolo,,False,False,False
Mota anti-goteo 10Mm,mota anti-goteo 10mm,mota|anti-goteo|10|mm,,False,False,False
minirolos con base,minirolos con base,minirolos|base,,False,False,False
"Brocha ecom. m/marron 2""","brocha ecom. m/marron 2""","brocha|ecom.|m/marron|2""|2""",,False,False,False
"Brocha ecom. m/marron 3""","brocha ecom. m/marron 3""","brocha|ecom.|m/marron|3""|3""",,False,False,False
"Brocha ecom. m/marron 1""","brocha ecom. m/marron 1""","brocha|ecom.|m/marron|1""|1""",,False,False,False
CUADRE DE PUERTA IZQUIERDA,cuadre de puerta izquierda,cuadre|puerta|izquierda,,False,False,False
CUADRE DE ESTRIBO,cuadre de estribo,cuadre|estribo,,False,False,False
PINTAR PUERTA IZQUIERDA,pintar puerta izquierda,pintar|puerta|izquierda,,False,False,False
PINTAR ENTRADA,pintar entrada,pintar|entrada,,False,False,False
PINTAR ESTRIBO,pintar estribo,pintar|estribo,,False,False,False
Bloque de 15 cm,bloque de 15 cm,bloque|15|cm,,False,False,False
funda de ARENA,funda de arena,funda|arena,,False,False,False
Varilla de 3/8,varilla de 3/8,varilla|3/8|3/8,,False,False,False
DISCO DE CORTE DE METAL,disco de corte de metal,disco|corte|metal,,False,False,False
funda de cemento TITAN,funda de cemento titan,funda|cemento|titan,,False,False,False
ACEITE 3 EN 1 1.05ONZ,aceite 3 en 1 1.05onz,aceite|3|1|1.05onz,,False,False,False
BARRENA 3/8 CONCRETO IRWIN,barrena 3/8 concreto irwin,barrena|3/8|concreto|irwin|3/8,,False,False,False
BARRENA 1/4X4 CONCRETO IRWIN,barrena 1/4x4 concreto irwin,barrena|1/4x4|concreto|irwin,,False,False,False
BROCA CONCRETO 5/16 IRWIN,broca concreto 5/16 irwin,broca|concreto|5/16|irwin|5/16,,False,False,False
BARRERA 1/2X6 CONCRETO IRWIN 14169,barrera 1/2x6 concreto irwin 14169,barrera|1/2x6|concreto|irwin|14169,,False,False,False
BARRENA 1/4 METAL IRWIN 1461,barrena 1/4 metal irwin 1461,barrena|1/4|metal|irwin|1461|1/4,,False,False,False
BARRENA 13/64 METAL IRWIN 1458,barrena 13/64 metal irwin 1458,barrena|13/64|metal|irwin|1458|13/64,,False,False,False
BARRENA 3/16 IRWIN 1457,barrena 3/16 irwin 1457,barrena|3/16|irwin|1457|3/16,,False,False,False
barrera 3/8 metal irwin 1468,barrera 3/8 metal irwin 1468,barrera|3/8|metal|irwin|1468|3/8,,False,False,False
mecha irwin 1/2x6 metal,mecha irwin 1/2x6 metal,mecha|irwin|1/2x6|metal,,False,False,False
cemento pvc azul 1/4 lanco//,cemento pvc azul 1/4 lanco//,cemento|pvc|azul|1/4|lanco//|1/4,,False,False,False
union universal 3/4 pvc,union universal 3/4 pvc,union|universal|3/4|pvc|3/4,,False,False,False
"pinza de extencion 13""truper","pinza de extencion 13""truper","pinza|extencion|13""truper|13""",Truper,False,False,False
"punta para des #2 2""truper 5/1 cod.12147","punta para des 2 2""truper 5/1 cod.12147","punta|para|des|2|2""truper|5/1|cod.12147|5/1|2""",Truper,False,False,False
llave ajustable 12' 'truper,llave ajustable 12 truper,llave|ajustable|12|truper,Truper,False,False,False
cemento de contacto 1gl universal,cemento de contacto 1gl universal,cemento|contacto|1|gal|universal|1 gal,,False,False,False
navaja plastica pretul 22405,navaja plastica pretul 22405,navaja|plastica|pretul|22405,,False,False,False
caja de herramientas 66pcs wurth,caja de herramientas 66pcs wurth,caja|herramientas|66pcs|wurth,,False,False,False
gato hidraulico 3tone truper cod.14806,gato hidraulico 3tone truper cod.14806,gato|hidraulico|3tone|truper|cod.14806,Truper,False,False,False
"linterna led recargable para cabeza truper, distancia de luz 165m",linterna led recargable para cabeza truper distancia de luz 165m,linterna|led|recargable|para|cabeza|truper|distancia|luz,Truper,False,False,False
pares de guantes mediano  dielectricos para 30kv,pares de guantes mediano dielectricos para 30kv,pares|guantes|mediano|dielectricos|para|30kv,,False,False,False
plato foami con division 200/1,plato foami con division 200/1,plato|foami|division|200/1|200/1,,False,False,False
CUCHARA BAMBINO 40/1,cuchara bambino 40/1,cuchara|bambino|40/1|40/1,,False,False,False
TENEDORES BAMBINO 40/1,tenedores bambino 40/1,tenedores|bambino|40/1|40/1,,False,False,False
"PAPEL FILM 18""","papel film 18""","papel|film|18""|18""",,False,False,False
MANTEL BLANCO,mantel blanco,mantel|blanco,,False,False,False
PONCHERITA PEQUENA,poncherita pequena,poncherita|pequena,,False,False,False
(agregado grueso) GRAVA 3/4,agregado grueso grava 3/4,agregado|grueso|grava|3/4|3/4,,False,False,False
(agregado fino) ARENA LAVADA azul,agregado fino arena lavada azul,agregado|fino|arena|lavada|azul,,False,False,False
PINTURA SHERWIN WILLIAMS DE 1/4 (SW 7558),pintura sherwin williams de 1/4 sw 7558,pintura|sherwin|williams|1/4|sw|7558|1/4,,False,False,False
SW 6767 BASE EXCELLO PREMIUN DEEP FLAT 1/4,sw 6767 base excello premiun deep flat 1/4,sw|6767|base|excello|premiun|deep|flat|1/4|1/4,,False,False,False
SW 6790 BASE EXCELLO PREMIUN ULTRADEEP  1/4,sw 6790 base excello premiun ultradeep 1/4,sw|6790|base|excello|premiun|ultradeep|1/4|1/4,,False,False,False
SW 6911 BASE EXCELLO PREMIUN VIVID YELLOW  1/4,sw 6911 base excello premiun vivid yellow 1/4,sw|6911|base|excello|premiun|vivid|yellow|1/4|1/4,,False,False,False
SW 6909 BASE EXCELLO PREMIUN  DEEP FLAT 1/4,sw 6909 base excello premiun deep flat 1/4,sw|6909|base|excello|premiun|deep|flat|1/4|1/4,,False,False,False
SW  6685 BASE EXCELLO PREMIUN  VIVID YELLOW  1/4,sw 6685 base excello premiun vivid yellow 1/4,sw|6685|base|excello|premiun|vivid|yellow|1/4|1/4,,False,False,False
SW 6841 PINT PREP EXCELLO PREMIUM ULTRADEEP ll 1/4,sw 6841 pint prep excello premium ultradeep ll 1/4,sw|6841|pint|prep|excello|premium|ultradeep|ll|1/4,,False,False,False
SW 6868 PINT PREP EXCELLO PREMIUM ULTRADEEP ll 1/4,sw 6868 pint prep excello premium ultradeep ll 1/4,sw|6868|pint|prep|excello|premium|ultradeep|ll|1/4,,False,False,False
SW 6734  BASE EXCELLO PREMIUN  VIVID YELLOW  1/4,sw 6734 base excello premiun vivid yellow 1/4,sw|6734|base|excello|premiun|vivid|yellow|1/4|1/4,,False,False,False
SW 6921 BASE EXCELLO PREMIUN  VIVID YELLOW  1/4,sw 6921 base excello premiun vivid yellow 1/4,sw|6921|base|excello|premiun|vivid|yellow|1/4|1/4,,False,False,False
SW 9099  BASE EXCELLO PREMIUN ULTRADEEP  1,sw 9099 base excello premiun ultradeep 1,sw|9099|base|excello|premiun|ultradeep|1,,False,False,False
SW 6197 BASE EXCELLO PREMIUN EX WHITE FL 1/4,sw 6197 base excello premiun ex white fl 1/4,sw|6197|base|excello|premiun|ex|white|fl|1/4,,False,False,False
TROPICAL ACRILICA US SATINADA BLANCO 00,tropical acrilica us satinada blanco 00,tropical|acrilica|us|satinada|blanco|00,Tropical,False,False,False
PINTURA TROPICAL CONTRACTOR NEGRO 53 POSITIVO,pintura tropical contractor negro 53 positivo,pintura|tropical|contractor|negro|53|positivo,Tropical,False,False,False
MOTAS ANTIGOTAS 9'' EM,motas antigotas 9 em,motas|antigotas|9|em,,False,False,False
BROCHAS DE 1'' EMTOP,brochas de 1 emtop,brochas|1|emtop,,False,False,False
BROCHAS DE 2'' EMTOP,brochas de 2 emtop,brochas|2|emtop,,False,False,False
BROCHAS DE 3'' EMTOP,brochas de 3 emtop,brochas|3|emtop,,False,False,False
BROCHAS DE 4'''EMTOP,brochas de 4 emtop,brochas|4|emtop,,False,False,False
PORTA ROLO PINTAR SML,porta rolo pintar sml,porta|rolo|pintar|sml,,False,False,False
CHINA CUPS GRANDES 32 OZ,china cups grandes 32 oz,china|cups|grandes|32|oz,,False,False,False
EXTENSION P/ PINTAR  REMIER 6''-12'',extension p/ pintar remier 6 -12,extension|p/|pintar|remier|6|-12,,False,False,False
"PINCELES WINDSOR & NEWTON, ROYAL Y LANGNIKEL Y  PRICENTON (16 UND)",pinceles windsor newton royal y langnikel y pricenton 16 und,pinceles|windsor|newton|royal|langnikel|pricenton|16|und,,False,False,False
ALAMBRE #8 AWG,alambre 8 awg,alambre|8|awg,,False,False,False
TORNILLO  HEXAGONAL 5/16X2,tornillo hexagonal 5/16x2,tornillo|hexagonal|5/16x2,,False,False,False
LAMPRA LED 150 W TIPO COBRA,lampra led 150 w tipo cobra,lampra|led|150|w|tipo|cobra|150W,,False,False,False
CONECTOR KIT,conector kit,conector|kit,,False,False,False
TARUGO PLOMO 1/2X5/16X11/4,tarugo plomo 1/2x5/16x11/4,tarugo|plomo|1/2x5/16x11/4,,False,False,False
TAPE NEGRO DE GOMA ELECTRICO  SCOTCH  3M,tape negro de goma electrico scotch 3m,tape|negro|goma|electrico|scotch|3m,,False,False,False
TALADROS PROFESIONALES DEWALT,taladros profesionales dewalt,taladros|profesionales|dewalt,Dewalt,False,False,False
LAMPRA LED 150 W TIPO COBRA,lampra led 150 w tipo cobra,lampra|led|150|w|tipo|cobra|150W,,False,False,False
TAPE NEGRO DE GOMA ELECTRICO  SCOTCH  3M,tape negro de goma electrico scotch 3m,tape|negro|goma|electrico|scotch|3m,,False,False,False
'ALAMBRE ELECT. AWG  #12,alambre elect. awg 12,alambre|elect.|awg|12,,False,False,False
saco NUEVO DE 45X74 CM,saco nuevo de 45x74 cm,saco|nuevo|45x74|cm,,False,False,False
IMPRESIÓNES SERIGRAFIADAS A UN COLOR,impresiones serigrafiadas a un color,impresiones|serigrafiadas|a|un|color,,False,False,False
ZAFACON DE 2 RUEDA 200 LT,zafacon de 2 rueda 200 lt,zafacon|2|rueda|200|lt,,False,False,False
ARCHIVO TIPO ARCORDEON PLASTICO,archivo tipo arcordeon plastico,archivo|tipo|arcordeon|plastico,,False,False,False
CINTA EPSON FX- 890 /S015329,cinta epson fx- 890 /s015329,cinta|epson|fx-|890|/s015329|S015329,Epson,False,False,False
BANDAS DE GOMA ORBIT,bandas de goma orbit,bandas|goma|orbit,,False,False,False
CAJA DE GRAPA ESTANDAR ARTESCO,caja de grapa estandar artesco,caja|grapa|estandar|artesco,,False,False,False
POST-IT AMARILLOS,post-it amarillos,post-it|amarillos,,False,False,False
POST-IT DE COLORES,post-it de colores,post-it|colores,,False,False,False
SPRAY AMBIENTADOR  GLADE CLEAN LINEN,spray ambientador glade clean linen,spray|ambientador|glade|clean|linen,,False,False,False
SPRAY AMBIENTADOR  GLADE LAVANDA,spray ambientador glade lavanda,spray|ambientador|glade|lavanda,,False,False,False
SPRAY AMBIENTADOR  GLADE APPLE CINAMON,spray ambientador glade apple cinamon,spray|ambientador|glade|apple|cinamon,,False,False,False
LIBRETA MARILLA  8½x 11 plg,libreta marilla 81 2x 11 plg,libreta|marilla|81|2x|11|plg,LG,False,False,False
LIBRETA RAYADA AMARILLA 5x8 plg,libreta rayada amarilla 5x8 plg,libreta|rayada|amarilla|5x8|plg,LG,False,False,False
RESMA DE PAPEL BOND ABBY 8 1/2 X 11*,resma de papel bond abby 8 1/2 x 11,resma|papel|bond|abby|8|1/2|x|11|1/2,,False,False,False
PINTURA ACRILICA  BLANCA,pintura acrilica blanca,pintura|acrilica|blanca,,False,False,False
PINTURA ACRILICA AZUL POSITVO,pintura acrilica azul positvo,pintura|acrilica|azul|positvo,,False,False,False
PINTURA ACRILICA ROJO POSITVO,pintura acrilica rojo positvo,pintura|acrilica|rojo|positvo,,False,False,False
PINTURA  (AMARILLO TRAFICO),pintura amarillo trafico,pintura|amarillo|trafico,,False,False,False
PINTURA AMARILLO TRAFICO,pintura amarillo trafico,pintura|amarillo|trafico,,False,False,False
PINTURA BLANCO TRAFICO,pintura blanco trafico,pintura|blanco|trafico,,False,False,False
PINTURA ACRILICA AZUL POSITVO,pintura acrilica azul positvo,pintura|acrilica|azul|positvo,,False,False,False
PINTURA GRIS INDUSTRIAL,pintura gris industrial,pintura|gris|industrial,,False,False,False
GL DE THINNER,gl de thinner,gal|thinner,,False,False,False
MOTAS DE ROLO PARA PINTAR 9'',motas de rolo para pintar 9,motas|rolo|para|pintar|9,,False,False,False
BROCHA DE 4'',brocha de 4,brocha|4,,False,False,False
BROCHA DE 3'',brocha de 3,brocha|3,,False,False,False
MINIROLO DE 2'',minirolo de 2,minirolo|2,,False,False,False
ROLO ANTIGOTA 4'',rolo antigota 4,rolo|antigota|4,,False,False,False
VARA PARA EXTENSION,vara para extension,vara|para|extension,,False,False,False
PL MDF 1/2  HIDROFUGO BRAZIL DURATEX,pl mdf 1/2 hidrofugo brazil duratex,pl|mdf|1/2|hidrofugo|brazil|duratex|1/2,,False,False,False
PL MDF 3/8 HIDROFUGO BRAZIL,pl mdf 3/8 hidrofugo brazil,pl|mdf|3/8|hidrofugo|brazil|3/8,,False,False,False
PL PLYWOOD 1/2 PINO S/CARA,pl plywood 1/2 pino s/cara,pl|plywood|1/2|pino|s/cara|1/2,,False,False,False
PL PLYWOOD 3/8 PINO S/CARA,pl plywood 3/8 pino s/cara,pl|plywood|3/8|pino|s/cara|3/8,,False,False,False
COLA AMARILLA UNIVERSAL (105 oz),cola amarilla universal 105 oz,cola|amarilla|universal|105|oz,,False,False,False
TROPICAL LACA NATURAL BRILLO,tropical laca natural brillo,tropical|laca|natural|brillo,Tropical,False,False,False
THINNER  TH-900 Tropical,thinner th-900 tropical,thinner|th-900|tropical|TH-900,Tropical,False,False,False
RETARDADOR TROPICAL,retardador tropical,retardador|tropical,Tropical,False,False,False
PRIMER PARA MADERA BLANCO  /RELLENO POWER RIDER 2014,primer para madera blanco /relleno power rider 2014,primer|para|madera|blanco|/relleno|power|rider|2014,,False,False,False
LACA PIGMENTADA BLANCA TROPICAL (6159),laca pigmentada blanca tropical 6159,laca|pigmentada|blanca|tropical|6159,Tropical,False,False,False
SEALER TROPICAL  (6158),sealer tropical 6158,sealer|tropical|6158,Tropical,False,False,False
BARPICOLOR  605 1LT CAOBA  #2 MD BARPIMO,barpicolor 605 1lt caoba 2 md barpimo,barpicolor|605|1lt|caoba|2|md|barpimo,,False,False,False
BARPICOLOR 605 1LT CAOBA  #3 MD BARPIMO,barpicolor 605 1lt caoba 3 md barpimo,barpicolor|605|1lt|caoba|3|md|barpimo,,False,False,False
CAJA DE CLAVOS F-25 (1),caja de clavos f-25 1,caja|clavos|f-25|1,,False,False,False
PAR BISAGRAS DE PRESION CAOBA AC,par bisagras de presion caoba ac,par|bisagras|presion|caoba|ac,,False,False,False
DISCO DE PULIDORA NORTON #50,disco de pulidora norton 50,disco|pulidora|norton|50,,False,False,False
DISCO DE PULIDORA NORTON #60,disco de pulidora norton 60,disco|pulidora|norton|60,,False,False,False
DISCO DE PULIDORA NORTON #80,disco de pulidora norton 80,disco|pulidora|norton|80,,False,False,False
DISCO DE PULIDORA NORTON #100,disco de pulidora norton 100,disco|pulidora|norton|100,,False,False,False
PLIEGO DE LIJA ESMERIL NORTON #60,pliego de lija esmeril norton 60,pliego|lija|esmeril|norton|60,,False,False,False
PLIEGO DE LIJA ESMERIL NORTON #100,pliego de lija esmeril norton 100,pliego|lija|esmeril|norton|100,,False,False,False
PLIEGO DE LIJA ESMERIL NORTON #120,pliego de lija esmeril norton 120,pliego|lija|esmeril|norton|120,,False,False,False
LIJA AGUA DEERFOS #240 AC768,lija agua deerfos 240 ac768,lija|agua|deerfos|240|ac768|AC768,,False,False,False
LIJA AGUA DEERFOS #120 CC768,lija agua deerfos 120 cc768,lija|agua|deerfos|120|cc768|CC768,,False,False,False
LIJA AGUA DEERFOS #220 AC768,lija agua deerfos 220 ac768,lija|agua|deerfos|220|ac768|AC768,,False,False,False
SUSTACHE CREMA 54 Y/D,sustache crema 54 y/d,sustache|crema|54|y/d,,False,False,False
GOMA DE 1/2 BLANCA 94X42,goma de 1/2 blanca 94x42,goma|1/2|blanca|94x42|1/2,,False,False,False
TORNILLOS 1 X 8 FMB P/DIABLITO,tornillos 1 x 8 fmb p/diablito,tornillos|1|x|8|fmb|p/diablito,,False,False,False
TORNILLOS 1-1/4 X 6 FMB P/DIABLITO,tornillos 1-1/4 x 6 fmb p/diablito,tornillos|1-1/4|x|6|fmb|p/diablito|1/4,,False,False,False
TORNILLOS 2 X 6 FMB P/DIABLITO,tornillos 2 x 6 fmb p/diablito,tornillos|2|x|6|fmb|p/diablito,,False,False,False
MANIJA TIPO PUNO PARA ATAUD,manija tipo puno para ataud,manija|tipo|puno|para|ataud,,False,False,False
1/4 PASTA ACRILICA CANO  (32 OZ),1/4 pasta acrilica cano 32 oz,1/4|pasta|acrilica|cano|32|oz|1/4,Cano,False,False,False
EXTRACTOR DAIWA 25A VEW 10'' PARED,extractor daiwa 25a vew 10 pared,extractor|daiwa|25a|vew|10|pared,Daiwa,False,False,False
BOMBILLO INFRAROJO 250W 120V,bombillo infrarojo 250w 120v,bombillo|infrarojo|250|w|120v|250W,,False,False,False
PENETRANTE (9.6ONZ) WD-40,penetrante 9.6onz wd-40,penetrante|9.6onz|wd-40,,False,False,False
MASCARILLA CON FILTRO DOBLE TRUPER,mascarilla con filtro doble truper,mascarilla|filtro|doble|truper,Truper,False,False,False
MASCARILLA RESPIRADOR PARA PARTICULAS,mascarilla respirador para particulas,mascarilla|respirador|para|particulas,,False,False,False
GAFAS DE PROTECCION,gafas de proteccion,gafas|proteccion,,False,False,False
PROTECTOR AUDITIVO 100/1,protector auditivo 100/1,protector|auditivo|100/1|100/1,,False,False,False
Pistola mecanica para sopletear PISO-1 TRUPER,pistola mecanica para sopletear piso-1 truper,pistola|mecanica|para|sopletear|piso-1|truper,Truper,False,False,False
CEPILLO DE ALAMBRE TRUPER 4 X 16 CEA-54,cepillo de alambre truper 4 x 16 cea-54,cepillo|alambre|truper|4|x|16|cea-54,Truper,False,False,False
ROLLOS PLASTICO P/PALETIZAR 18,rollos plastico p/paletizar 18,rollos|plastico|p/paletizar|18,,False,False,False
Aire acondicionado de 18 BTU,aire acondicionado de 18 btu,aire|acondicionado|18|btu,,False,False,False
Solución para baterías,solucion para baterias,solucion|para|baterias,,False,False,False
Rollo de estaño 60/40,rollo de estano 60/40,rollo|estano|60/40|60/40,,False,False,False
Enchufe 110volt,enchufe 110volt,enchufe|110volt,,False,False,False
Amperímetro voltimetro digital,amperimetro voltimetro digital,amperimetro|voltimetro|digital,,False,False,False
Caja de herramienta,caja de herramienta,caja|herramienta,,False,False,False
Soplete de 2 salidas,soplete de 2 salidas,soplete|2|salidas,,False,False,False
Manómetro para gas 22,manometro para gas 22,manometro|para|gas|22,,False,False,False
Manómetro para 410,manometro para 410,manometro|para|410,,False,False,False
Map Gas para soldadura,map gas para soldadura,map|gas|para|soldadura,,False,False,False
Válvula de servicio AVX-1/4,valvula de servicio avx-1/4,valvula|servicio|avx-1/4|1/4,,False,False,False
Caja de Brazing rod 0% Silver (Varillas PLATA para soldaduras)1/8,caja de brazing rod 0% silver varillas plata para soldaduras 1/8,caja|brazing|rod|0%|silver|varillas|plata|para|1/8,,False,False,False
Power pack,power pack,power|pack,,False,False,False
TAPE DE ALUMINIO 3´´,tape de aluminio 3,tape|aluminio|3,,False,False,False
Refrigerante R404 24 lb,refrigerante r404 24 lb,refrigerante|r404|24|lb|R404|24 lb,,False,False,False
Contactor 40 Amp/2p 220 volt,contactor 40 amp/2p 220 volt,contactor|40|amp/2p|220|volt,,False,False,False
Contactor 40 Amp/2p 24 volt,contactor 40 amp/2p 24 volt,contactor|40|amp/2p|24|volt,,False,False,False
Limpiador Fresh Coil,limpiador fresh coil,limpiador|fresh|coil,,False,False,False
Contactor de 100 Amp trifasico,contactor de 100 amp trifasico,contactor|100|amp|trifasico,,False,False,False
Refrigerante  R-410 25lb,refrigerante r-410 25lb,refrigerante|r-410|25|lb|R-410|25 lb,,False,False,False
Refrigerante  R-22 30 lb,refrigerante r-22 30 lb,refrigerante|r-22|30|lb|30 lb,,False,False,False
Cinta 3m p/baccocell de insulacion,cinta 3m p/baccocell de insulacion,cinta|3m|p/baccocell|insulacion,,False,False,False
Fibra sintetica azul p/filtro de A/C,fibra sintetica azul p/filtro de a/c,fibra|sintetica|azul|p/filtro|a/c,,False,False,False
Fluxometro,fluxometro,fluxometro,,False,False,False
Llave p/Lavamanos,llave p/lavamanos,llave|p/lavamanos,,False,False,False
Hidrolavadora electrica,hidrolavadora electrica,hidrolavadora|electrica,,False,False,False
candado yale 50 mm,candado yale 50 mm,candado|yale|50|mm,,False,False,False
TIJERA CORTE DERECHO,tijera corte derecho,tijera|corte|derecho,,False,False,False
ARENA DE EMPAÑETE,arena de empanete,arena|empanete,,False,False,False
ACRLICO AZUL NAVY EXT-INT PRO POPULAR,acrlico azul navy ext-int pro popular,acrlico|azul|navy|ext-int|pro|popular,,False,False,False
SEMIGLOS BLANCO HUESO EXT-INT PRO TROPICAL,semiglos blanco hueso ext-int pro tropical,semiglos|blanco|hueso|ext-int|pro|tropical,Tropical,False,False,False
PINTURA ACRILICA PARA EXTERIOR BLANCA  MATE  POPULAR/50  EXT-INT PRO,pintura acrilica para exterior blanca mate popular/50 ext-int pro,pintura|acrilica|para|exterior|blanca|mate|popular/50|ext-int,,False,False,False
PINTURA POPULAR  ESMALTE GRIS PLATA,pintura popular esmalte gris plata,pintura|popular|esmalte|gris|plata,,False,False,False
PINTURATROPICAL ULTRA ESMALTE NEGRO MATE,pinturatropical ultra esmalte negro mate,pinturatropical|ultra|esmalte|negro|mate,Tropical,False,False,False
RONDANA DE 3'',rondana de 3,rondana|3,,False,False,False
TOLA 1/16 GALVANIZ 4X8,tola 1/16 galvaniz 4x8,tola|1/16|galvaniz|4x8|1/16,,False,False,False
PINTURA ANTIOXIDO,pintura antioxido,pintura|antioxido,,False,False,False
PLANCHA PLAYWOOD DE 1/2,plancha playwood de 1/2,plancha|playwood|1/2|1/2,,False,False,False
BLOCK DE 6'' BISONO,block de 6 bisono,block|6|bisono,,False,False,False
PUERTA DE POLIMETAL BLANCA 0.90 X 2.10M,puerta de polimetal blanca 0.90 x 2.10m,puerta|polimetal|blanca|0.90|x|2.10m,,False,False,False
TAPAS DE METAL PARA CISTERNA 33X33 PULG,tapas de metal para cisterna 33x33 pulg,"tapas|metal|para|cisterna|33x33|pulg|33""",LG,False,False,False
TINACO DE 400GL,tinaco de 400gl,tinaco|400|gal|400 gl,,False,False,False
ALAMBRE #8 AWG,alambre 8 awg,alambre|8|awg,,False,False,False
TOMACORRIENTE 220V 15A BTICINO NOBILE,tomacorriente 220v 15a bticino nobile,tomacorriente|220v|15a|bticino|nobile,,False,False,False
TOMACORRIENTE 110V BTICINO NOBILE,tomacorriente 110v bticino nobile,tomacorriente|110v|bticino|nobile,,False,False,False
ROSETA DE PORCELANA LEVITON,roseta de porcelana leviton,roseta|porcelana|leviton,,False,False,False
LAMPARA LED 2X4,lampara led 2x4,lampara|led|2x4,,False,False,False
INTERRUPTOR TRIPLE BTICINO NOBILE BCO,interruptor triple bticino nobile bco,interruptor|triple|bticino|nobile|bco,,False,False,False
ABANICO DE PARED DAIWA,abanico de pared daiwa,abanico|pared|daiwa,Daiwa,False,False,False
ALAMBRE #10 AWG,alambre 10 awg,alambre|10|awg,,False,False,False
REFLECTOR LED 50W,reflector led 50w,reflector|led|50|w|50W,,False,False,False
ABANICO DE TECHO HUNTER,abanico de techo hunter,abanico|techo|hunter,,False,False,False
BOMBA PEDROLLO 3/4 HP 110V / 220V,bomba pedrollo 3/4 hp 110v / 220v,bomba|pedrollo|3/4|hp|110v|/|220v|3/4,HP,False,False,False
TANQUE PRESURISADO METAL 30GL I/f,tanque presurisado metal 30gl i/f,tanque|presurisado|metal|30|gal|i/f|30 gl,,False,False,False
MANOMETRO P/BOMBA DE AGUA 0-100PSI,manometro p/bomba de agua 0-100psi,manometro|p/bomba|agua|0-100psi,,False,False,False
T DE 5 VIAS,t de 5 vias,t|5|vias,,False,False,False
CONTROL D/AIRE,control d/aire,control|d/aire,,False,False,False
CONTROL AUTOMATICO LEO,control automatico leo,control|automatico|leo,,False,False,False
ARENA DE EMPAÑETE,arena de empanete,arena|empanete,,False,False,False
ACRLICO AZUL NAVY EXT-INT PRO POPULAR,acrlico azul navy ext-int pro popular,acrlico|azul|navy|ext-int|pro|popular,,False,False,False
SEMIGLOS BLANCO HUESO EXT-INT PRO TROPICAL,semiglos blanco hueso ext-int pro tropical,semiglos|blanco|hueso|ext-int|pro|tropical,Tropical,False,False,False
PINTURA ACRILICA PARA EXTERIOR BLANCA  MATE  POPULAR/50  EXT-INT PRO,pintura acrilica para exterior blanca mate popular/50 ext-int pro,pintura|acrilica|para|exterior|blanca|mate|popular/50|ext-int,,False,False,False
PINTURA POPULAR  ESMALTE GRIS PLATA,pintura popular esmalte gris plata,pintura|popular|esmalte|gris|plata,,False,False,False
PINTURATROPICAL ULTRA ESMALTE NEGRO MATE,pinturatropical ultra esmalte negro mate,pinturatropical|ultra|esmalte|negro|mate,Tropical,False,False,False
RONDANA DE 3'',rondana de 3,rondana|3,,False,False,False
TOLA 1/16 GALVANIZ 4X8,tola 1/16 galvaniz 4x8,tola|1/16|galvaniz|4x8|1/16,,False,False,False
PINTURA ANTIOXIDO,pintura antioxido,pintura|antioxido,,False,False,False
PLANCHA PLAYWOOD DE 1/2,plancha playwood de 1/2,plancha|playwood|1/2|1/2,,False,False,False
BLOCK DE 6'' BISONO,block de 6 bisono,block|6|bisono,,False,False,False
PUERTA DE POLIMETAL BLANCA 0.90 X 2.10M,puerta de polimetal blanca 0.90 x 2.10m,puerta|polimetal|blanca|0.90|x|2.10m,,False,False,False
TAPAS DE METAL PARA CISTERNA 33X33 PULG,tapas de metal para cisterna 33x33 pulg,"tapas|metal|para|cisterna|33x33|pulg|33""",LG,False,False,False
TINACO DE 400GL,tinaco de 400gl,tinaco|400|gal|400 gl,,False,False,False
ALAMBRE #8 AWG,alambre 8 awg,alambre|8|awg,,False,False,False
TOMACORRIENTE 220V 15A BTICINO NOBILE,tomacorriente 220v 15a bticino nobile,tomacorriente|220v|15a|bticino|nobile,,False,False,False
TOMACORRIENTE 110V BTICINO NOBILE,tomacorriente 110v bticino nobile,tomacorriente|110v|bticino|nobile,,False,False,False
ROSETA DE PORCELANA LEVITON,roseta de porcelana leviton,roseta|porcelana|leviton,,False,False,False
LAMPARA LED 2X4,lampara led 2x4,lampara|led|2x4,,False,False,False
INTERRUPTOR TRIPLE BTICINO NOBILE BCO,interruptor triple bticino nobile bco,interruptor|triple|bticino|nobile|bco,,False,False,False
ABANICO DE PARED DAIWA,abanico de pared daiwa,abanico|pared|daiwa,Daiwa,False,False,False
ALAMBRE #10 AWG,alambre 10 awg,alambre|10|awg,,False,False,False
REFLECTOR LED 50W,reflector led 50w,reflector|led|50|w|50W,,False,False,False
ABANICO DE TECHO HUNTER,abanico de techo hunter,abanico|techo|hunter,,False,False,False
BOMBA PEDROLLO 3/4 HP 110V / 220V,bomba pedrollo 3/4 hp 110v / 220v,bomba|pedrollo|3/4|hp|110v|/|220v|3/4,HP,False,False,False
TANQUE PRESURISADO METAL 30GL I/f,tanque presurisado metal 30gl i/f,tanque|presurisado|metal|30|gal|i/f|30 gl,,False,False,False
MANOMETRO P/BOMBA DE AGUA 0-100PSI,manometro p/bomba de agua 0-100psi,manometro|p/bomba|agua|0-100psi,,False,False,False
T DE 5 VIAS,t de 5 vias,t|5|vias,,False,False,False
CONTROL D/AIRE,control d/aire,control|d/aire,,False,False,False
CONTROL AUTOMATICO LEO,control automatico leo,control|automatico|leo,,False,False,False
CABALLETES DE ALUZINC DE 10 PIES,caballetes de aluzinc de 10 pies,caballetes|aluzinc|10|pies|10 pies,,False,False,False
CAÑOS DE 10X16,canos de 10x16,canos|10x16,Cano,False,False,False
CODO DE 12,codo de 12,codo|12,,False,False,False
MALLA 6X50-C9,malla 6x50-c9,malla|6x50-c9,,False,False,False
PERFIL 1 1/2 H.GALV.1.6,perfil 1 1/2 h.galv.1.6,perfil|1|1/2|h.galv.1.6|1/2,,False,False,False
PERFIL 2X1 H.GALV.1.6,perfil 2x1 h.galv.1.6,perfil|2x1|h.galv.1.6,,False,False,False
PERFIL 2X2 H.GALV.1.6,perfil 2x2 h.galv.1.6,perfil|2x2|h.galv.1.6,,False,False,False
PERFIL 4X4 H.GALV.1.6,perfil 4x4 h.galv.1.6,perfil|4x4|h.galv.1.6,,False,False,False
PINTURA OXIDO GRIS TROPICAL GALON,pintura oxido gris tropical galon,pintura|oxido|gris|tropical|galon,Tropical,False,False,False
PLANCHAS DE ALUZIN DE 16,planchas de aluzin de 16,planchas|aluzin|16,,False,False,False
PLANCHAS DE ALUZIN DE 20,planchas de aluzin de 20,planchas|aluzin|20,,False,False,False
PLANCHAS DE ALUZIN DE 25,planchas de aluzin de 25,planchas|aluzin|25,,False,False,False
SOLDADURA 3/32 LIBRA,soldadura 3/32 libra,soldadura|3/32|libra|3/32,,False,False,False
TEE DE 12,tee de 12,tee|12,,False,False,False
THINNER,thinner,thinner,,False,False,False
TOLA 1/16 GALVANIZ 4X8,tola 1/16 galvaniz 4x8,tola|1/16|galvaniz|4x8|1/16,,False,False,False
TORNILLO Para ALUZINC 14X1 1000/1,tornillo para aluzinc 14x1 1000/1,tornillo|para|aluzinc|14x1|1000/1|1000/1,,False,False,False
TUBO 1/2 H.GALVANIZADO,tubo 1/2 h.galvanizado,tubo|1/2|h.galvanizado|1/2,,False,False,False
TUBO DE 1-1/2 *15 Para MALLA,tubo de 1-1/2 15 para malla,tubo|1-1/2|15|para|malla|1/2,,False,False,False
TUBO DE 2 Para MALLA,tubo de 2 para malla,tubo|2|para|malla,,False,False,False
TUBO DE PRESION DE 12,tubo de presion de 12,tubo|presion|12,,False,False,False
VIGA 6X4X30 FINA,viga 6x4x30 fina,viga|6x4x30|fina,,False,False,False
CEMENTO GRIS SANTO DOMINGO  94 LB,cemento gris santo domingo 94 lb,cemento|gris|santo|domingo|94|lb|94 lb,,False,False,False
ARENA ITABO,arena itabo,arena|itabo,,False,False,False
ARENA LAVADA,arena lavada,arena|lavada,,False,False,False
GRAVA 3/4'',grava 3/4,grava|3/4|3/4,,False,False,False
BLOCK DE 6'' BISONO,block de 6 bisono,block|6|bisono,,False,False,False
MALLA 6X50-C9,malla 6x50-c9,malla|6x50-c9,,False,False,False
Impermiabilizante,impermiabilizante,impermiabilizante,,False,False,False
"Impermiabilizacion de techo, a base de Lona Asfaltica 4kg granular (3mm) de espesor y terminado",impermiabilizacion de techo a base de lona asfaltica 4kg granular 3mm de espesor y terminado,impermiabilizacion|techo|a|base|lona|asfaltica|4|kg|4 kg,,False,False,False
Ventana y puerta,ventana y puerta,ventana|puerta,,False,False,False
Puerta comercial 2.10X2 m con Dintel y panos fijo laterales en sheetrock,puerta comercial 2.10x2 m con dintel y panos fijo laterales en sheetrock,puerta|comercial|2.10x2|m|dintel|panos|fijo|laterales,,False,False,False
Puerta polimetal 2.10x1 m,puerta polimetal 2.10x1 m,puerta|polimetal|2.10x1|m,,False,False,False
Puerta polimetal 2.10x0.90 m,puerta polimetal 2.10x0.90 m,puerta|polimetal|2.10x0.90|m,,False,False,False
Ventana Salomonica,ventana salomonica,ventana|salomonica,,False,False,False
Construccion Pandereta p/division en Sheetrock,construccion pandereta p/division en sheetrock,construccion|pandereta|p/division|sheetrock,,False,False,False
Muro  en Sheetrock,muro en sheetrock,muro|sheetrock,,False,False,False
Mocheta Muro,mocheta muro,mocheta|muro,,False,False,False
Pintura,pintura,pintura,,False,False,False
Pintura semi-Gloss,pintura semi-gloss,pintura|semi-gloss,,False,False,False
DIRECCION TECNICA,direccion tecnica,direccion|tecnica,,False,False,False
CODIA,codia,codia,,False,False,False
IMPREVISTOS,imprevistos,imprevistos,,False,False,False
SUPERVISION,supervision,supervision,,False,False,False
TRANSPORTE,transporte,transporte,,False,False,False
TOTAL  INDIRECTOS,total indirectos,total|indirectos,,False,False,False
ARENA DE EMPAÑETE,arena de empanete,arena|empanete,,False,False,False
ACRLICO AZUL NAVY EXT-INT PRO POPULAR,acrlico azul navy ext-int pro popular,acrlico|azul|navy|ext-int|pro|popular,,False,False,False
SEMIGLOS BLANCO HUESO EXT-INT PRO TROPICAL,semiglos blanco hueso ext-int pro tropical,semiglos|blanco|hueso|ext-int|pro|tropical,Tropical,False,False,False
PINTURA ACRILICA PARA EXTERIOR BLANCA  MATE  POPULAR/50  EXT-INT PRO,pintura acrilica para exterior blanca mate popular/50 ext-int pro,pintura|acrilica|para|exterior|blanca|mate|popular/50|ext-int,,False,False,False
PINTURA POPULAR  ESMALTE GRIS PLATA,pintura popular esmalte gris plata,pintura|popular|esmalte|gris|plata,,False,False,False
PINTURATROPICAL ULTRA ESMALTE NEGRO MATE,pinturatropical ultra esmalte negro mate,pinturatropical|ultra|esmalte|negro|mate,Tropical,False,False,False
RONDANA DE 3'',rondana de 3,rondana|3,,False,False,False
TOLA 1/16 GALVANIZ 4X8,tola 1/16 galvaniz 4x8,tola|1/16|galvaniz|4x8|1/16,,False,False,False
PINTURA ANTIOXIDO,pintura antioxido,pintura|antioxido,,False,False,False
PLANCHA PLAYWOOD DE 1/2,plancha playwood de 1/2,plancha|playwood|1/2|1/2,,False,False,False
BLOCK DE 6'' BISONO,block de 6 bisono,block|6|bisono,,False,False,False
PUERTA DE POLIMETAL BLANCA 0.90 X 2.10M,puerta de polimetal blanca 0.90 x 2.10m,puerta|polimetal|blanca|0.90|x|2.10m,,False,False,False
TAPAS DE METAL PARA CISTERNA 33X33 PULG,tapas de metal para cisterna 33x33 pulg,"tapas|metal|para|cisterna|33x33|pulg|33""",LG,False,False,False
TINACO DE 400GL,tinaco de 400gl,tinaco|400|gal|400 gl,,False,False,False
ALAMBRE #8 AWG,alambre 8 awg,alambre|8|awg,,False,False,False
TOMACORRIENTE 220V 15A BTICINO NOBILE,tomacorriente 220v 15a bticino nobile,tomacorriente|220v|15a|bticino|nobile,,False,False,False
TOMACORRIENTE 110V BTICINO NOBILE,tomacorriente 110v bticino nobile,tomacorriente|110v|bticino|nobile,,False,False,False
ROSETA DE PORCELANA LEVITON,roseta de porcelana leviton,roseta|porcelana|leviton,,False,False,False
LAMPARA LED 2X4,lampara led 2x4,lampara|led|2x4,,False,False,False
INTERRUPTOR TRIPLE BTICINO NOBILE BCO,interruptor triple bticino nobile bco,interruptor|triple|bticino|nobile|bco,,False,False,False
ABANICO DE PARED DAIWA,abanico de pared daiwa,abanico|pared|daiwa,Daiwa,False,False,False
ALAMBRE #10 AWG,alambre 10 awg,alambre|10|awg,,False,False,False
REFLECTOR LED 50W,reflector led 50w,reflector|led|50|w|50W,,False,False,False
ABANICO DE TECHO HUNTER,abanico de techo hunter,abanico|techo|hunter,,False,False,False
BOMBA PEDROLLO 3/4 HP 110V / 220V,bomba pedrollo 3/4 hp 110v / 220v,bomba|pedrollo|3/4|hp|110v|/|220v|3/4,HP,False,False,False
TANQUE PRESURISADO METAL 30GL I/f,tanque presurisado metal 30gl i/f,tanque|presurisado|metal|30|gal|i/f|30 gl,,False,False,False
MANOMETRO P/BOMBA DE AGUA 0-100PSI,manometro p/bomba de agua 0-100psi,manometro|p/bomba|agua|0-100psi,,False,False,False
T DE 5 VIAS,t de 5 vias,t|5|vias,,False,False,False
CONTROL D/AIRE,control d/aire,control|d/aire,,False,False,False
CONTROL AUTOMATICO LEO,control automatico leo,control|automatico|leo,,False,False,False
CEMENTO GRIS 94 LIBRA,cemento gris 94 libra,cemento|gris|94|libra,,False,False,False
PALA CUADRADA TRUPER 17161,pala cuadrada truper 17161,pala|cuadrada|truper|17161,Truper,False,False,False
PALA REDONDA C/MANGO  17160PRY-P TRUPER,pala redonda c/mango 17160pry-p truper,pala|redonda|c/mango|17160pry-p|truper,Truper,False,False,False
PALA TRUPER PALY-14 GRANOS ALUMINIO,pala truper paly-14 granos aluminio,pala|truper|paly-14|granos|aluminio,Truper,False,False,False
CHALECO REFLEC SEG MAMEY,chaleco reflec seg mamey,chaleco|reflec|seg|mamey,,False,False,False
GUANTES DE CUERO (CARNAZA),guantes de cuero carnaza,guantes|cuero|carnaza,,False,False,False
PICO TRAMOTINA,pico tramotina,pico|tramotina,,False,False,False
VARILLA 3/4,varilla 3/4,varilla|3/4|3/4,,False,False,False
PINTURA ACRILICA PARA EXTERIOR 00,pintura acrilica para exterior 00,pintura|acrilica|para|exterior|00,,False,False,False
AZUL POSITIVO PINTURA ACRILICA,azul positivo pintura acrilica,azul|positivo|pintura|acrilica,,False,False,False
ROJO POSITIVO PINTURA ACRILICA,rojo positivo pintura acrilica,rojo|positivo|pintura|acrilica,,False,False,False
VERDE POSITIVO PINTURA ACRILICA,verde positivo pintura acrilica,verde|positivo|pintura|acrilica,,False,False,False
AMARILLO POSITIVO PINTURA ACRILICA,amarillo positivo pintura acrilica,amarillo|positivo|pintura|acrilica,,False,False,False
PINTURA 'NEGRO CONTRACTOR  POSITIVO,pintura negro contractor positivo,pintura|negro|contractor|positivo,,False,False,False
PINTURA ALTO TRANSITO AMARILLO TRAFICO,pintura alto transito amarillo trafico,pintura|alto|transito|amarillo|trafico,,False,False,False
PINTURA ALTO TRANSITO  BLANCO TRAFICO,pintura alto transito blanco trafico,pintura|alto|transito|blanco|trafico,,False,False,False
MADERA BRUTA AMERICANA 1 X 10 X 14,madera bruta americana 1 x 10 x 14,madera|bruta|americana|1|x|10|x|14,,False,False,False
PL MDF 1/2  HIDROFUGO BRAZIL DURATEX,pl mdf 1/2 hidrofugo brazil duratex,pl|mdf|1/2|hidrofugo|brazil|duratex|1/2,,False,False,False
PL MDF 3/8 HIDROFUGO BRAZIL,pl mdf 3/8 hidrofugo brazil,pl|mdf|3/8|hidrofugo|brazil|3/8,,False,False,False
PL PLYWOOD 1/2 PINO S/CARA,pl plywood 1/2 pino s/cara,pl|plywood|1/2|pino|s/cara|1/2,,False,False,False
PL PLYWOOD 3/8 PINO S/CARA,pl plywood 3/8 pino s/cara,pl|plywood|3/8|pino|s/cara|3/8,,False,False,False
COLA AMARILLA UNIVERSAL (105 oz),cola amarilla universal 105 oz,cola|amarilla|universal|105|oz,,False,False,False
TROPICAL LACA NATURAL BRILLO,tropical laca natural brillo,tropical|laca|natural|brillo,Tropical,False,False,False
THINNER  TH-900 TROPICAL,thinner th-900 tropical,thinner|th-900|tropical|TH-900,Tropical,False,False,False
RETARDADOR TROPICAL,retardador tropical,retardador|tropical,Tropical,False,False,False
PRIMER PARA MADERA BLANCO  /RELLENO POWER RIDER 2014,primer para madera blanco /relleno power rider 2014,primer|para|madera|blanco|/relleno|power|rider|2014,,False,False,False
LACA PIGMENTADA BLANCA TROPICAL (6159),laca pigmentada blanca tropical 6159,laca|pigmentada|blanca|tropical|6159,Tropical,False,False,False
SEALER TROPICAL  (6158),sealer tropical 6158,sealer|tropical|6158,Tropical,False,False,False
BARPICOLOR  605 1LT CAOBA  #2 MD BARPIMO,barpicolor 605 1lt caoba 2 md barpimo,barpicolor|605|1lt|caoba|2|md|barpimo,,False,False,False
BARPICOLOR 605 1LT CAOBA  #3 MD BARPIMO,barpicolor 605 1lt caoba 3 md barpimo,barpicolor|605|1lt|caoba|3|md|barpimo,,False,False,False
CAJA DE CLAVOS F-25 (1),caja de clavos f-25 1,caja|clavos|f-25|1,,False,False,False
GRAPAS PARA GRAPADORA NEUMATICA 7/10,grapas para grapadora neumatica 7/10,grapas|para|grapadora|neumatica|7/10|7/10,,False,False,False
PAR BISAGRAS DE PRESION CAOBA AC,par bisagras de presion caoba ac,par|bisagras|presion|caoba|ac,,False,False,False
DISCO DE PULIDORA NORTON #50,disco de pulidora norton 50,disco|pulidora|norton|50,,False,False,False
DISCO DE PULIDORA NORTON #60,disco de pulidora norton 60,disco|pulidora|norton|60,,False,False,False
DISCO DE PULIDORA NORTON #80,disco de pulidora norton 80,disco|pulidora|norton|80,,False,False,False
DISCO DE PULIDORA NORTON #100,disco de pulidora norton 100,disco|pulidora|norton|100,,False,False,False
PLIEGO DE LIJA ESMERIL NORTON #100,pliego de lija esmeril norton 100,pliego|lija|esmeril|norton|100,,False,False,False
LIJA AGUA DEERFOS #240 AC768,lija agua deerfos 240 ac768,lija|agua|deerfos|240|ac768|AC768,,False,False,False
LIJA AGUA DEERFOS #120 CC768,lija agua deerfos 120 cc768,lija|agua|deerfos|120|cc768|CC768,,False,False,False
GOMA DE 1/2 BLANCA,goma de 1/2 blanca,goma|1/2|blanca|1/2,,False,False,False
TORNILLOS 8X1 FMB P/DIABLITO,tornillos 8x1 fmb p/diablito,tornillos|8x1|fmb|p/diablito,,False,False,False
TORNILLO DIABLITO 6x 1 1/2 PULGADA,tornillo diablito 6x 1 1/2 pulgada,"tornillo|diablito|6x|1|1/2|pulgada|1/2|2""",LG,False,False,False
TORNILLO DIABLITO 6x 2 PULGADA,tornillo diablito 6x 2 pulgada,"tornillo|diablito|6x|2|pulgada|2""",LG,False,False,False
MANIJA TIPO PUNO PARA ATAUD,manija tipo puno para ataud,manija|tipo|puno|para|ataud,,False,False,False
1/4 PASTA ACRILICA CANO BLANCA  (32 OZ),1/4 pasta acrilica cano blanca 32 oz,1/4|pasta|acrilica|cano|blanca|32|oz|1/4,Cano,False,False,False
1/4 PASTA ACRILICA CANO CAOBA (32 OZ),1/4 pasta acrilica cano caoba 32 oz,1/4|pasta|acrilica|cano|caoba|32|oz|1/4,Cano,False,False,False
MASCARILLA RESPIRADOR PARA PARTICULAS,mascarilla respirador para particulas,mascarilla|respirador|para|particulas,,False,False,False
PROTECTOR AUDITIVO 100/1,protector auditivo 100/1,protector|auditivo|100/1|100/1,,False,False,False
PAPEL PLASTICO EN ROLLO 18X15000 STRETCH FILM,papel plastico en rollo 18x15000 stretch film,papel|plastico|rollo|18x15000|stretch|film,,False,False,False
CRISTAL 16x12 de 3/16,cristal 16x12 de 3/16,cristal|16x12|3/16|3/16,,False,False,False
BARRA AGARRADERA PARA ATAUD 6 1/2 pies,barra agarradera para ataud 6 1/2 pies,barra|agarradera|para|ataud|6|1/2|pies|1/2|2 pies,,False,False,False
ESTOPA DE LUSTRE LB,estopa de lustre lb,estopa|lustre|lb,,False,False,False
UNIFORME TIPO OVEROL SIZE (8 L Y 4 M),uniforme tipo overol size 8 l y 4 m,uniforme|tipo|overol|size|8|l|4|m|8 l,,False,False,False
"PUNTA P/ DES. #3  2""  5/1 TRUPER  COD.12149","punta p/ des. 3 2"" 5/1 truper cod.12149","punta|p/|des.|3|2""|5/1|truper|cod.12149|5/1|2""",Truper,False,False,False
"PUNTA PARA DES #2 2"" TRUPER 5/1 COD.12147","punta para des 2 2"" truper 5/1 cod.12147","punta|para|des|2|2""|truper|5/1|cod.12147|5/1|2""",Truper,False,False,False
PINZA DE CORTE DIAGONAL 8,pinza de corte diagonal 8,pinza|corte|diagonal|8,,False,False,False
DESTOR. PLANO 1/4X4 TRUPER 13998,destor. plano 1/4x4 truper 13998,destor.|plano|1/4x4|truper|13998,Truper,False,False,False
DESTOR. STRIA 1/4X4 TRUPER 14076,destor. stria 1/4x4 truper 14076,destor.|stria|1/4x4|truper|14076,Truper,False,False,False
MARTILLO TRUPER 16OZ MAR-16 19710,martillo truper 16oz mar-16 19710,martillo|truper|16oz|mar-16|19710,Truper,False,False,False
MARTILLO TRUPER 07OZ MA-7 16750,martillo truper 07oz ma-7 16750,martillo|truper|07oz|ma-7|16750,Truper,False,False,False
"ALICATE DE PRESION 10"" TRUPER","alicate de presion 10"" truper","alicate|presion|10""|truper|10""",Truper,False,False,False
JUEGO DE LLAVE ALLEN TRUPER 15556,juego de llave allen truper 15556,juego|llave|allen|truper|15556,Truper,False,False,False
MARCO DE SEGUETA TRUPER,marco de segueta truper,marco|segueta|truper,Truper,False,False,False
"DISCO DE CORTE MADERA STANLEY 10""  40T","disco de corte madera stanley 10"" 40t","disco|corte|madera|stanley|10""|40t|10""",,False,False,False
"DISCO DE CORTE STANLEY 12""  40T","disco de corte stanley 12"" 40t","disco|corte|stanley|12""|40t|12""",,False,False,False
ADAPTADOE DE RUTER DE 1/2 A UN 1/4,adaptadoe de ruter de 1/2 a un 1/4,adaptadoe|ruter|1/2|a|un|1/4|1/2,,False,False,False
PISTOLA PARA PINTAR TRUPER COD.1900,pistola para pintar truper cod.1900,pistola|para|pintar|truper|cod.1900,Truper,False,False,False
CINTA METRICA 5MTS TRUPER 15388,cinta metrica 5mts truper 15388,cinta|metrica|5mts|truper|15388,Truper,False,False,False
GUANTE GOMA NEGRO IND (10L Y 10M),guante goma negro ind 10l y 10m,guante|goma|negro|ind|10l|10m|10 l,,False,False,False
GUANTE OBRERO NARANJA TRUPER 14246,guante obrero naranja truper 14246,guante|obrero|naranja|truper|14246,Truper,False,False,False
PROTECCION AUDITIVA TRUPER 14257,proteccion auditiva truper 14257,proteccion|auditiva|truper|14257,Truper,False,False,False
MALLA 6X50-C9,malla 6x50-c9,malla|6x50-c9,,False,False,False
TUBO DE 2 P/MALLA,tubo de 2 p/malla,tubo|2|p/malla,,False,False,False
BARRA AGARRADERA PARA ATAUD 6 1/2 pies,barra agarradera para ataud 6 1/2 pies,barra|agarradera|para|ataud|6|1/2|pies|1/2|2 pies,,False,False,False
MANIJA TIPO PUÑO PARA ATAUD,manija tipo puno para ataud,manija|tipo|puno|para|ataud,,False,False,False
PANEL BOARD NEMA 3-R (AMPERES INDUSTRIAL DE 3 POLOS),panel board nema 3-r amperes industrial de 3 polos,panel|board|nema|3-r|amperes|industrial|3|polos,,False,False,False
INVERSOR 6 KW  48 DC  SENOIDAL MITEC -PSW,inversor 6 kw 48 dc senoidal mitec -psw,inversor|6|kw|48|dc|senoidal|mitec|-psw,,False,False,False
PANEL LED 2X4  65W,panel led 2x4 65w,panel|led|2x4|65|w|65W,,False,False,False
SUPER GRAMASAN 5 LT,super gramasan 5 lt,super|gramasan|5|lt,,False,False,False
SUPER GRAMASAN 5 LT (HERBICIDA),super gramasan 5 lt herbicida,super|gramasan|5|lt|herbicida,,False,False,False
SUPER GRAMASAN 5 LT (HERBICIDA),super gramasan 5 lt herbicida,super|gramasan|5|lt|herbicida,,False,False,False
SUPER GRAMASAN 5 LT (HERBICIDA),super gramasan 5 lt herbicida,super|gramasan|5|lt|herbicida,,False,False,False
TIJERAS 8'' UNIVERSAL P/ OFICINA ARTESCO,tijeras 8 universal p/ oficina artesco,tijeras|8|universal|p/|oficina|artesco,,False,False,False
PAPEL FOAMI 10/1 COLORES SURTIDOS,papel foami 10/1 colores surtidos,papel|foami|10/1|colores|surtidos|10/1,,False,False,False
PAPEL CREPE META (50X200) CM,papel crepe meta 50x200 cm,papel|crepe|meta|50x200|cm,,False,False,False
SILICON LIQUIDO 30 ML BARRILITO,silicon liquido 30 ml barrilito,silicon|liquido|30|ml|barrilito,,False,False,False
PARCHIS CLASICO,parchis clasico,parchis|clasico,,False,False,False
AROS DE DANZA,aros de danza,aros|danza,,False,False,False
PELOTA INFLABLE MULTICOLOR,pelota inflable multicolor,pelota|inflable|multicolor,,False,False,False
OJOS MOVILES P/ MANUALIDADES 10MM  60/1,ojos moviles p/ manualidades 10mm 60/1,ojos|moviles|p/|manualidades|10|mm|60/1|60/1,,False,False,False
BOTONES BARIADOS PAQ  60/1,botones bariados paq 60/1,botones|bariados|paq|60/1|60/1,,False,False,False
HILO DE LANA,hilo de lana,hilo|lana,,False,False,False
GLOBO LATEX 10''X 100 BALLOONS,globo latex 10 x 100 balloons,globo|latex|10|x|100|balloons,,False,False,False
INFLADOR ELECTRICO,inflador electrico,inflador|electrico,,False,False,False
MARCADORES PERMANENTES PELIKAN,marcadores permanentes pelikan,marcadores|permanentes|pelikan,,False,False,False
CABLE 12 AWG THHN-500 PIE,cable 12 awg thhn-500 pie,cable|12|awg|thhn-500|pie|500 pies|THHN-500,,False,False,False
POWER RIDER 2 TIEMPOS,power rider 2 tiempos,power|rider|2|tiempos,,False,False,False
POWER RIDER 4 TIEMPOS 10W-30,power rider 4 tiempos 10w-30,power|rider|4|tiempos|10|w-30|10W,,False,False,False
GRAVA 3/4,grava 3/4,grava|3/4|3/4,,False,False,False
ARENA LAVADA,arena lavada,arena|lavada,,False,False,False
ARENA ITABO,arena itabo,arena|itabo,,False,False,False
MALLA 6X50-C9,malla 6x50-c9,malla|6x50-c9,,False,False,False
TUBO DE 2X20 P/MALLA,tubo de 2x20 p/malla,tubo|2x20|p/malla,,False,False,False
HILO PARA CORTADORA DE GRAMA  3.3MM X 237M htr5/podar truper,hilo para cortadora de grama 3.3mm x 237m htr5/podar truper,hilo|para|cortadora|grama|3.3|mm|x|237m|HTR5,Truper,False,False,False
MADERA BRUTA AMERICANA 1 X 10 X 14,madera bruta americana 1 x 10 x 14,madera|bruta|americana|1|x|10|x|14,,False,False,False
PL MDF 3/8 HIDROFUGO BRAZIL,pl mdf 3/8 hidrofugo brazil,pl|mdf|3/8|hidrofugo|brazil|3/8,,False,False,False
PL PLYWOOD 1/2 PINO S/CARA,pl plywood 1/2 pino s/cara,pl|plywood|1/2|pino|s/cara|1/2,,False,False,False
PL PLYWOOD 3/8 PINO S/CARA,pl plywood 3/8 pino s/cara,pl|plywood|3/8|pino|s/cara|3/8,,False,False,False
TROPICAL LACA NATURAL BRILLO,tropical laca natural brillo,tropical|laca|natural|brillo,Tropical,False,False,False
THINNER  TH-900 TROPICAL,thinner th-900 tropical,thinner|th-900|tropical|TH-900,Tropical,False,False,False
RETARDADOR TROPICAL,retardador tropical,retardador|tropical,Tropical,False,False,False
PRIMER PARA MADERA BLANCO  /RELLENO POWER RIDER 2014,primer para madera blanco /relleno power rider 2014,primer|para|madera|blanco|/relleno|power|rider|2014,,False,False,False
LACA PIGMENTADA BLANCA TROPICAL (6159),laca pigmentada blanca tropical 6159,laca|pigmentada|blanca|tropical|6159,Tropical,False,False,False
SEALER TROPICAL  (6158),sealer tropical 6158,sealer|tropical|6158,Tropical,False,False,False
BARPICOLOR  605 1LT CAOBA  #2 MD BARPIMO,barpicolor 605 1lt caoba 2 md barpimo,barpicolor|605|1lt|caoba|2|md|barpimo,,False,False,False
BARPICOLOR 605 1LT CAOBA  #3 MD BARPIMO,barpicolor 605 1lt caoba 3 md barpimo,barpicolor|605|1lt|caoba|3|md|barpimo,,False,False,False
CAJA DE CLAVOS F-20 (1),caja de clavos f-20 1,caja|clavos|f-20|1,,False,False,False
CAJA DE CLAVOS F-25 (1),caja de clavos f-25 1,caja|clavos|f-25|1,,False,False,False
GRAPAS PARA GRAPADORA NEUMATICA 7/10,grapas para grapadora neumatica 7/10,grapas|para|grapadora|neumatica|7/10|7/10,,False,False,False
PAR BISAGRAS DE PRESION CAOBA AC,par bisagras de presion caoba ac,par|bisagras|presion|caoba|ac,,False,False,False
DISCO DE PULIDORA NORTON #50,disco de pulidora norton 50,disco|pulidora|norton|50,,False,False,False
DISCO DE PULIDORA NORTON #60,disco de pulidora norton 60,disco|pulidora|norton|60,,False,False,False
DISCO DE PULIDORA NORTON #80,disco de pulidora norton 80,disco|pulidora|norton|80,,False,False,False
DISCO DE PULIDORA NORTON #100,disco de pulidora norton 100,disco|pulidora|norton|100,,False,False,False
GOMA DE 1/2 BLANCA,goma de 1/2 blanca,goma|1/2|blanca|1/2,,False,False,False
TORNILLOS 8X1 FMB P/DIABLITO,tornillos 8x1 fmb p/diablito,tornillos|8x1|fmb|p/diablito,,False,False,False
TORNILLO DIABLITO 6x 1 1/2 PULGADA,tornillo diablito 6x 1 1/2 pulgada,"tornillo|diablito|6x|1|1/2|pulgada|1/2|2""",LG,False,False,False
TORNILLO DIABLITO 6x 2 PULGADA,tornillo diablito 6x 2 pulgada,"tornillo|diablito|6x|2|pulgada|2""",LG,False,False,False
MANIJA TIPO PUNO PARA ATAUD,manija tipo puno para ataud,manija|tipo|puno|para|ataud,,False,False,False
1/4 PASTA ACRILICA CANO BLANCA  (32 OZ),1/4 pasta acrilica cano blanca 32 oz,1/4|pasta|acrilica|cano|blanca|32|oz|1/4,Cano,False,False,False
1/4 PASTA ACRILICA CANO MARRON  (32 OZ),1/4 pasta acrilica cano marron 32 oz,1/4|pasta|acrilica|cano|marron|32|oz|1/4,Cano,False,False,False
CRISTAL 16x12 de 3/16,cristal 16x12 de 3/16,cristal|16x12|3/16|3/16,,False,False,False
PAPEL PLASTICO EN ROLLO 18X15000 STRETCH FILM,papel plastico en rollo 18x15000 stretch film,papel|plastico|rollo|18x15000|stretch|film,,False,False,False
SPRAY ADHESIVO SUPER 77,spray adhesivo super 77,spray|adhesivo|super|77,,False,False,False
TELA GUATA,tela guata,tela|guata,,False,False,False
PENETRANTE (9.6ONZ) WD-40,penetrante 9.6onz wd-40,penetrante|9.6onz|wd-40,,False,False,False
PINTURA ACRILICA PARA EXTERIOR BLANCA 00 TROPICAL,pintura acrilica para exterior blanca 00 tropical,pintura|acrilica|para|exterior|blanca|00|tropical,Tropical,False,False,False
"PUNTA P/ DES. #3  2""  5/1 TRUPER  COD.12149","punta p/ des. 3 2"" 5/1 truper cod.12149","punta|p/|des.|3|2""|5/1|truper|cod.12149|5/1|2""",Truper,False,False,False
"PUNTA PARA DES #2 2"" TRUPER 5/1 COD.12147","punta para des 2 2"" truper 5/1 cod.12147","punta|para|des|2|2""|truper|5/1|cod.12147|5/1|2""",Truper,False,False,False
"DISCO DE CORTE MADERA STANLEY 10""  40T","disco de corte madera stanley 10"" 40t","disco|corte|madera|stanley|10""|40t|10""",,False,False,False
"DISCO DE CORTE STANLEY 12""  40T","disco de corte stanley 12"" 40t","disco|corte|stanley|12""|40t|12""",,False,False,False
COMPRESOR AIRE PUMA PE30100 3HP CORREA 100LTS,compresor aire puma pe30100 3hp correa 100lts,compresor|aire|puma|pe30100|3hp|correa|100lts|PE30100,HP,False,False,False
EXTRACTOR DAIWA 25A VEW 10'' PARED,extractor daiwa 25a vew 10 pared,extractor|daiwa|25a|vew|10|pared,Daiwa,False,False,False
LAPIZ CARPINTERO,lapiz carpintero,lapiz|carpintero,,False,False,False
TANQUE PRECARGADO FIBRA 120 GAL  C2N-120GV GLOBAL WATER,tanque precargado fibra 120 gal c2n-120gv global water,tanque|precargado|fibra|120|gal|c2n-120gv|global|water|120 gal,,False,False,False
ANGULAR DE 2 X 1/8'',angular de 2 x 1/8,angular|2|x|1/8|1/8,,False,False,False
ANGULAR DE 3 X 3/16'',angular de 3 x 3/16,angular|3|x|3/16|3/16,,False,False,False
DISCO DEWALT DE 14 X 3/32,disco dewalt de 14 x 3/32,disco|dewalt|14|x|3/32|3/32,Dewalt,False,False,False
THINNER TROPICAL,thinner tropical,thinner|tropical,Tropical,False,False,False
PINTURA OXIDO NEGRO,pintura oxido negro,pintura|oxido|negro,,False,False,False
SOLDADURA 3/32,soldadura 3/32,soldadura|3/32|3/32,,False,False,False
VIGA H 6X6X30 15 LB/P,viga h 6x6x30 15 lb/p,viga|h|6x6x30|15|lb/p|15 lb,,False,False,False
ANGULAR DE 2 X 1/8,angular de 2 x 1/8,angular|2|x|1/8|1/8,,False,False,False
ANGULAR DE 3 X 3/16,angular de 3 x 3/16,angular|3|x|3/16|3/16,,False,False,False
DISCO DE 14 X 3/32 DEWALT,disco de 14 x 3/32 dewalt,disco|14|x|3/32|dewalt|3/32,Dewalt,False,False,False
THINNER  TH-900 TROPICAL,thinner th-900 tropical,thinner|th-900|tropical|TH-900,Tropical,False,False,False
OXIDO NEGRO GL DOM,oxido negro gl dom,oxido|negro|gal|dom,,False,False,False
SOLDADURA 3/32 UNIVERSAL 6013,soldadura 3/32 universal 6013,soldadura|3/32|universal|6013|3/32,,False,False,False
VIGA H 6X6X30 15 LB/P,viga h 6x6x30 15 lb/p,viga|h|6x6x30|15|lb/p|15 lb,,False,False,False
INODORO FLUX BALTICO ENT SUP BLANCO / CORONA,inodoro flux baltico ent sup blanco / corona,inodoro|flux|baltico|ent|sup|blanco|/|corona,,False,False,False
"VALVULA FLUXOMETRO P/INODORO  Z6000-WS1-YB
YC ZURN",valvula fluxometro p/inodoro z6000-ws1-yb yc zurn,valvula|fluxometro|p/inodoro|z6000-ws1-yb|yc|zurn|Z6000-WS1-YB,,False,False,False
ORINAL ARRECIFE ENT SUP BLANCO,orinal arrecife ent sup blanco,orinal|arrecife|ent|sup|blanco,,False,False,False
BOQUILLA P/LAV PUSH BOT C/REBOSE 100206 45 GENEBRE,boquilla p/lav push bot c/rebose 100206 45 genebre,boquilla|p/lav|push|bot|c/rebose|100206|45|genebre,,False,False,False
MEZCLADORA P/LAV MONOMANDO 1H T-4119 AQUAVITA,mezcladora p/lav monomando 1h t-4119 aquavita,mezcladora|p/lav|monomando|1h|t-4119|aquavita|T-4119,,False,False,False
JUNTA DE CERA P/INODORO 40143 EASTMAN,junta de cera p/inodoro 40143 eastman,junta|cera|p/inodoro|40143|eastman,,False,False,False
CEMENTO BLANCO 2kg (4.4LBS) 2KG PEGAFORTE,cemento blanco 2kg 4.4lbs 2kg pegaforte,cemento|blanco|2|kg|4.4|lb|2|kg|2 kg,,False,False,False
SIFON PARA LAVAMANO PVC 1 1/2'' 35376 EASTMAN,sifon para lavamano pvc 1 1/2 35376 eastman,sifon|para|lavamano|pvc|1|1/2|35376|eastman|1/2,,False,False,False
portarollo c/cubierta foster aqa,portarollo c/cubierta foster aqa,portarollo|c/cubierta|foster|aqa,Oster,False,False,False
ZAFACON EKO 20L-WH 5GL,zafacon eko 20l-wh 5gl,zafacon|eko|20l-wh|5|gal|20 l,,False,False,False
ZAFACON EKO  55L-WH 15GL,zafacon eko 55l-wh 15gl,zafacon|eko|55l-wh|15|gal|55 l,,False,False,False
SILICON 100% RTV CLEAR TUBO 10.3 SS-888-18 LANCO,silicon 100% rtv clear tubo 10.3 ss-888-18 lanco,silicon|100%|rtv|clear|tubo|10.3|ss-888-18|lanco|SS-888-18,,False,False,False
LLAVE ANGULAR DOBLE 1/2x3/8x3/8 04326 EASTMAN,llave angular doble 1/2x3/8x3/8 04326 eastman,llave|angular|doble|1/2x3/8x3/8|04326|eastman,,False,False,False
LLAVE SENCILLA P/LAV NIQ 1/2'' VK-0380 VIKINGO,llave sencilla p/lav niq 1/2 vk-0380 vikingo,llave|sencilla|p/lav|niq|1/2|vk-0380|vikingo|1/2|VK-0380,,False,False,False
NIPLE COBRE NIQ 1/2'' X 3'' 25866 EASTMAN,niple cobre niq 1/2 x 3 25866 eastman,niple|cobre|niq|1/2|x|3|25866|eastman|1/2,,False,False,False
6 TEFLON 3/4x0.075mmx10mts ESTUCHE GENERICO,6 teflon 3/4x0.075mmx10mts estuche generico,6|teflon|3/4x0.075mmx10mts|estuche|generico,Generico,False,False,False
PINTURA ACRIL PORCELANA 90 (5GL) ACRI PORCELA 90 POPULAR,pintura acril porcelana 90 5gl acri porcela 90 popular,pintura|acril|porcelana|90|5|gal|acri|porcela|5 gl,,False,False,False
PINTURA ACRILICA BLANCO 00 TROPICAL 5GL,pintura acrilica blanco 00 tropical 5gl,pintura|acrilica|blanco|00|tropical|5|gal|5 gl,Tropical,False,False,False
MOTA MICROFIBRA 9'' X 3/8'' FAN89 BYP,mota microfibra 9 x 3/8 fan89 byp,mota|microfibra|9|x|3/8|fan89|byp|3/8|FAN89,,False,False,False
BROCHA M/BCO PELO GRIS 2'' BCM20 BYP,brocha m/bco pelo gris 2 bcm20 byp,brocha|m/bco|pelo|gris|2|bcm20|byp|BCM20,,False,False,False
ESPEJO DE BAÑO 66X36'',espejo de bano 66x36,espejo|bano|66x36,,False,False,False
ROTOMARTILLO SDS MAX  1050 W,rotomartillo sds max 1050 w,rotomartillo|sds|max|1050|w|1050W,,False,False,False
ROTOMARTILLO SDS PLUS  800 W,rotomartillo sds plus 800 w,rotomartillo|sds|plus|800|w|800W,,False,False,False
"TALADRO DE MARTILLO,1/2 '' 7.8  900W",taladro de martillo 1/2 7.8 900w,taladro|martillo|1/2|7.8|900|w|1/2|900W,,False,False,False
TALADRO DESTORNILLADOR 20 V MAX  500 W,taladro destornillador 20 v max 500 w,taladro|destornillador|20|v|max|500|w|500W,,False,False,False
INODORO FLUX BALTICO ENT SUP BLANCO / CORONA,inodoro flux baltico ent sup blanco / corona,inodoro|flux|baltico|ent|sup|blanco|/|corona,,False,False,False
"VALVULA FLUXOMETRO P/INODORO  Z6000-WS1-YB
YC ZURN",valvula fluxometro p/inodoro z6000-ws1-yb yc zurn,valvula|fluxometro|p/inodoro|z6000-ws1-yb|yc|zurn|Z6000-WS1-YB,,False,False,False
ORINAL ARRECIFE ENT SUP BLANCO,orinal arrecife ent sup blanco,orinal|arrecife|ent|sup|blanco,,False,False,False
BOQUILLA P/LAV PUSH BOT C/REBOSE 100206 45 GENEBRE,boquilla p/lav push bot c/rebose 100206 45 genebre,boquilla|p/lav|push|bot|c/rebose|100206|45|genebre,,False,False,False
MEZCLADORA P/LAV MONOMANDO 1H T-4119 AQUAVITA,mezcladora p/lav monomando 1h t-4119 aquavita,mezcladora|p/lav|monomando|1h|t-4119|aquavita|T-4119,,False,False,False
JUNTA DE CERA P/INODORO 40143 EASTMAN,junta de cera p/inodoro 40143 eastman,junta|cera|p/inodoro|40143|eastman,,False,False,False
CEMENTO BLANCO 2kg (4.4LBS) 2KG PEGAFORTE,cemento blanco 2kg 4.4lbs 2kg pegaforte,cemento|blanco|2|kg|4.4|lb|2|kg|2 kg,,False,False,False
SIFON PARA LAVAMANO PVC 1 1/2'' 35376 EASTMAN,sifon para lavamano pvc 1 1/2 35376 eastman,sifon|para|lavamano|pvc|1|1/2|35376|eastman|1/2,,False,False,False
portarollo c/cubierta foster aqa,portarollo c/cubierta foster aqa,portarollo|c/cubierta|foster|aqa,Oster,False,False,False
ZAFACON EKO 20L-WH 5GL,zafacon eko 20l-wh 5gl,zafacon|eko|20l-wh|5|gal|20 l,,False,False,False
ZAFACON EKO  55L-WH 15GL,zafacon eko 55l-wh 15gl,zafacon|eko|55l-wh|15|gal|55 l,,False,False,False
SILICON 100% RTV CLEAR TUBO 10.3 SS-888-18 LANCO,silicon 100% rtv clear tubo 10.3 ss-888-18 lanco,silicon|100%|rtv|clear|tubo|10.3|ss-888-18|lanco|SS-888-18,,False,False,False
LLAVE ANGULAR DOBLE 1/2x3/8x3/8 04326 EASTMAN,llave angular doble 1/2x3/8x3/8 04326 eastman,llave|angular|doble|1/2x3/8x3/8|04326|eastman,,False,False,False
LLAVE SENCILLA P/LAV NIQ 1/2'' VK-0380 VIKINGO,llave sencilla p/lav niq 1/2 vk-0380 vikingo,llave|sencilla|p/lav|niq|1/2|vk-0380|vikingo|1/2|VK-0380,,False,False,False
NIPLE COBRE NIQ 1/2'' X 3'' 25866 EASTMAN,niple cobre niq 1/2 x 3 25866 eastman,niple|cobre|niq|1/2|x|3|25866|eastman|1/2,,False,False,False
6 TEFLON 3/4x0.075mmx10mts ESTUCHE GENERICO,6 teflon 3/4x0.075mmx10mts estuche generico,6|teflon|3/4x0.075mmx10mts|estuche|generico,Generico,False,False,False
PINTURA ACRIL PORCELANA 90 (5GL) ACRI PORCELA 90 POPULAR,pintura acril porcelana 90 5gl acri porcela 90 popular,pintura|acril|porcelana|90|5|gal|acri|porcela|5 gl,,False,False,False
PINTURA ACRILICA BLANCO 00 TROPICAL 5GL,pintura acrilica blanco 00 tropical 5gl,pintura|acrilica|blanco|00|tropical|5|gal|5 gl,Tropical,False,False,False
MOTA MICROFIBRA 9'' X 3/8'' FAN89 BYP,mota microfibra 9 x 3/8 fan89 byp,mota|microfibra|9|x|3/8|fan89|byp|3/8|FAN89,,False,False,False
BROCHA M/BCO PELO GRIS 2'' BCM20 BYP,brocha m/bco pelo gris 2 bcm20 byp,brocha|m/bco|pelo|gris|2|bcm20|byp|BCM20,,False,False,False
ESPEJO DE BAÑO 66X36'',espejo de bano 66x36,espejo|bano|66x36,,False,False,False
INODORO FLUX BALTICO ENT SUP BLANCO / CORONA,inodoro flux baltico ent sup blanco / corona,inodoro|flux|baltico|ent|sup|blanco|/|corona,,False,False,False
"VALVULA FLUXOMETRO P/INODORO  Z6000-WS1-YB
YC ZURN",valvula fluxometro p/inodoro z6000-ws1-yb yc zurn,valvula|fluxometro|p/inodoro|z6000-ws1-yb|yc|zurn|Z6000-WS1-YB,,False,False,False
ORINAL ARRECIFE ENT SUP BLANCO,orinal arrecife ent sup blanco,orinal|arrecife|ent|sup|blanco,,False,False,False
BOQUILLA P/LAV PUSH BOT C/REBOSE 100206 45 GENEBRE,boquilla p/lav push bot c/rebose 100206 45 genebre,boquilla|p/lav|push|bot|c/rebose|100206|45|genebre,,False,False,False
MEZCLADORA P/LAV MONOMANDO 1H T-4119 AQUAVITA,mezcladora p/lav monomando 1h t-4119 aquavita,mezcladora|p/lav|monomando|1h|t-4119|aquavita|T-4119,,False,False,False
JUNTA DE CERA P/INODORO 40143 EASTMAN,junta de cera p/inodoro 40143 eastman,junta|cera|p/inodoro|40143|eastman,,False,False,False
CEMENTO BLANCO 2kg (4.4LBS) 2KG PEGAFORTE,cemento blanco 2kg 4.4lbs 2kg pegaforte,cemento|blanco|2|kg|4.4|lb|2|kg|2 kg,,False,False,False
SIFON PARA LAVAMANO PVC 1 1/2'' 35376 EASTMAN,sifon para lavamano pvc 1 1/2 35376 eastman,sifon|para|lavamano|pvc|1|1/2|35376|eastman|1/2,,False,False,False
portarollo c/cubierta foster aqa,portarollo c/cubierta foster aqa,portarollo|c/cubierta|foster|aqa,Oster,False,False,False
ZAFACON EKO 20L-WH 5GL,zafacon eko 20l-wh 5gl,zafacon|eko|20l-wh|5|gal|20 l,,False,False,False
ZAFACON EKO  55L-WH 15GL,zafacon eko 55l-wh 15gl,zafacon|eko|55l-wh|15|gal|55 l,,False,False,False
SILICON 100% RTV CLEAR TUBO 10.3 SS-888-18 LANCO,silicon 100% rtv clear tubo 10.3 ss-888-18 lanco,silicon|100%|rtv|clear|tubo|10.3|ss-888-18|lanco|SS-888-18,,False,False,False
LLAVE ANGULAR DOBLE 1/2x3/8x3/8 04326 EASTMAN,llave angular doble 1/2x3/8x3/8 04326 eastman,llave|angular|doble|1/2x3/8x3/8|04326|eastman,,False,False,False
LLAVE SENCILLA P/LAV NIQ 1/2'' VK-0380 VIKINGO,llave sencilla p/lav niq 1/2 vk-0380 vikingo,llave|sencilla|p/lav|niq|1/2|vk-0380|vikingo|1/2|VK-0380,,False,False,False
NIPLE COBRE NIQ 1/2'' X 3'' 25866 EASTMAN,niple cobre niq 1/2 x 3 25866 eastman,niple|cobre|niq|1/2|x|3|25866|eastman|1/2,,False,False,False
6 TEFLON 3/4x0.075mmx10mts ESTUCHE GENERICO,6 teflon 3/4x0.075mmx10mts estuche generico,6|teflon|3/4x0.075mmx10mts|estuche|generico,Generico,False,False,False
PINTURA ACRIL PORCELANA 90 (5GL) ACRI PORCELA 90 POPULAR,pintura acril porcelana 90 5gl acri porcela 90 popular,pintura|acril|porcelana|90|5|gal|acri|porcela|5 gl,,False,False,False
PINTURA ACRILICA BLANCO 00 TROPICAL 5GL,pintura acrilica blanco 00 tropical 5gl,pintura|acrilica|blanco|00|tropical|5|gal|5 gl,Tropical,False,False,False
MOTA MICROFIBRA 9'' X 3/8'' FAN89 BYP,mota microfibra 9 x 3/8 fan89 byp,mota|microfibra|9|x|3/8|fan89|byp|3/8|FAN89,,False,False,False
BROCHA M/BCO PELO GRIS 2'' BCM20 BYP,brocha m/bco pelo gris 2 bcm20 byp,brocha|m/bco|pelo|gris|2|bcm20|byp|BCM20,,False,False,False
ESPEJO DE BAÑO 66X36'',espejo de bano 66x36,espejo|bano|66x36,,False,False,False
ANGULAR DE 2 X 1/8,angular de 2 x 1/8,angular|2|x|1/8|1/8,,False,False,False
ANGULAR DE 3 X 3/16,angular de 3 x 3/16,angular|3|x|3/16|3/16,,False,False,False
DISCO DE 14 X 3/32 DEWALT,disco de 14 x 3/32 dewalt,disco|14|x|3/32|dewalt|3/32,Dewalt,False,False,False
THINNER  TH-900 TROPICAL,thinner th-900 tropical,thinner|th-900|tropical|TH-900,Tropical,False,False,False
OXIDO NEGRO GL DOM,oxido negro gl dom,oxido|negro|gal|dom,,False,False,False
SOLDADURA 3/32 UNIVERSAL 6013,soldadura 3/32 universal 6013,soldadura|3/32|universal|6013|3/32,,False,False,False
VIGA H 6X6X30 15 LB/P,viga h 6x6x30 15 lb/p,viga|h|6x6x30|15|lb/p|15 lb,,False,False,False
SUPER GRAMASAN 5 LT,super gramasan 5 lt,super|gramasan|5|lt,,False,False,False
"TUBO PVC DRENAJE 6""X19  sdr-41","tubo pvc drenaje 6""x19 sdr-41","tubo|pvc|drenaje|6""x19|sdr-41|6""",,False,False,False
"TUBO PVC DRENAJE 8""X19  sdr-41","tubo pvc drenaje 8""x19 sdr-41","tubo|pvc|drenaje|8""x19|sdr-41|8""",,False,False,False
"TUBO PVC DRENAJE 10""x19  sdr-41","tubo pvc drenaje 10""x19 sdr-41","tubo|pvc|drenaje|10""x19|sdr-41|10""",,False,False,False
THINNER TROPICAL  1GL,thinner tropical 1gl,thinner|tropical|1|gal|1 gl,Tropical,False,False,False
PINTURA TRAFIC  PAINT AMARILLO 1 GL,pintura trafic paint amarillo 1 gl,pintura|trafic|paint|amarillo|1|gal|1 gl,,False,False,False
PINTURA SEMI CONTRACTOR MARMOL 939 1 GL,pintura semi contractor marmol 939 1 gl,pintura|semi|contractor|marmol|939|1|gal|1 gl,,False,False,False
PINTURA SEMI CONTRACTOR MARMOL 939 5 GL,pintura semi contractor marmol 939 5 gl,pintura|semi|contractor|marmol|939|5|gal|5 gl,,False,False,False
PINTURA SEMI CONTRACTOR BLANCO 00 1 GL,pintura semi contractor blanco 00 1 gl,pintura|semi|contractor|blanco|00|1|gal|1 gl,,False,False,False
PINTURA PRO SEMIGLOSS (POP) PORCELANA 90 5 GL,pintura pro semigloss pop porcelana 90 5 gl,pintura|pro|semigloss|pop|porcelana|90|5|gal|5 gl,,False,False,False
ALAMBRE de goma 10/2 awg,alambre de goma 10/2 awg,alambre|goma|10/2|awg|10/2,,False,False,False
ALAMBRE de goma 6/2 awg,alambre de goma 6/2 awg,alambre|goma|6/2|awg|6/2,,False,False,False
CAJA BREAKER 12 SUPE. OMNIUM,caja breaker 12 supe. omnium,caja|breaker|12|supe.|omnium,,False,False,False
BREAKER DINWAY  25A 2P //,breaker dinway 25a 2p //,breaker|dinway|25a|2p|//,,False,False,False
BREAKER CNC 20A 2P,breaker cnc 20a 2p,breaker|cnc|20a|2p,,False,False,False
BREAKER CNC 2P 16A,breaker cnc 2p 16a,breaker|cnc|2p|16a,,False,False,False
TAPE VINIL SCOTCH 3M SUPER33+,tape vinil scotch 3m super33,tape|vinil|scotch|3m|super33|SUPER33,,False,False,False
CONECTOR DE EMPALME NO.4,conector de empalme no.4,conector|empalme|no.4,,False,False,False
VARILLA 1/4'',varilla 1/4,varilla|1/4|1/4,,False,False,False
VARILLA 3/8'',varilla 3/8,varilla|3/8|3/8,,False,False,False
'VARILLA 1/2'',varilla 1/2,varilla|1/2|1/2,,False,False,False
VARILLA 3/4'',varilla 3/4,varilla|3/4|3/4,,False,False,False
VARILLA 3/8'',varilla 3/8,varilla|3/8|3/8,,False,False,False
VARILLA 1/4'',varilla 1/4,varilla|1/4|1/4,,False,False,False
VARILLA 3/8'',varilla 3/8,varilla|3/8|3/8,,False,False,False
'VARILLA 1/2'',varilla 1/2,varilla|1/2|1/2,,False,False,False
GRAVA 3/4,grava 3/4,grava|3/4|3/4,,False,False,False
ARENA LAVADA,arena lavada,arena|lavada,,False,False,False
ARENA DE EMPAÑETE,arena de empanete,arena|empanete,,False,False,False
ARENA ITABO,arena itabo,arena|itabo,,False,False,False
VARILLA 3/5,varilla 3/5,varilla|3/5|3/5,,False,False,False
CABLE 4 AWG THHN,cable 4 awg thhn,cable|4|awg|thhn,,False,False,False
CABLE 2 AWG THHN,cable 2 awg thhn,cable|2|awg|thhn,,False,False,False
CONECTOR DE EMPALME NO.2,conector de empalme no.2,conector|empalme|no.2,,False,False,False
CEMENTO GRIS TITAN 42.5 GK,cemento gris titan 42.5 gk,cemento|gris|titan|42.5|gk,,False,False,False
INODORO FLUX BALTICO ENT SUP BLANCO / CORONA,inodoro flux baltico ent sup blanco / corona,inodoro|flux|baltico|ent|sup|blanco|/|corona,,False,False,False
"VALVULA FLUXOMETRO P/INODORO  Z6000-WS1-YB
YC ZURN",valvula fluxometro p/inodoro z6000-ws1-yb yc zurn,valvula|fluxometro|p/inodoro|z6000-ws1-yb|yc|zurn|Z6000-WS1-YB,,False,False,False
ORINAL ARRECIFE ENT SUP BLANCO,orinal arrecife ent sup blanco,orinal|arrecife|ent|sup|blanco,,False,False,False
BOQUILLA P/LAV PUSH BOT C/REBOSE 100206 45 GENEBRE,boquilla p/lav push bot c/rebose 100206 45 genebre,boquilla|p/lav|push|bot|c/rebose|100206|45|genebre,,False,False,False
MEZCLADORA P/LAV MONOMANDO 1H T-4119 AQUAVITA,mezcladora p/lav monomando 1h t-4119 aquavita,mezcladora|p/lav|monomando|1h|t-4119|aquavita|T-4119,,False,False,False
JUNTA DE CERA P/INODORO 40143 EASTMAN,junta de cera p/inodoro 40143 eastman,junta|cera|p/inodoro|40143|eastman,,False,False,False
CEMENTO BLANCO 2kg (4.4LBS) 2KG PEGAFORTE,cemento blanco 2kg 4.4lbs 2kg pegaforte,cemento|blanco|2|kg|4.4|lb|2|kg|2 kg,,False,False,False
SIFON PARA LAVAMANO PVC 1 1/2'' 35376 EASTMAN,sifon para lavamano pvc 1 1/2 35376 eastman,sifon|para|lavamano|pvc|1|1/2|35376|eastman|1/2,,False,False,False
portarollo c/cubierta foster aqa,portarollo c/cubierta foster aqa,portarollo|c/cubierta|foster|aqa,Oster,False,False,False
ZAFACON EKO 20L-WH 5GL,zafacon eko 20l-wh 5gl,zafacon|eko|20l-wh|5|gal|20 l,,False,False,False
ZAFACON EKO  55L-WH 15GL,zafacon eko 55l-wh 15gl,zafacon|eko|55l-wh|15|gal|55 l,,False,False,False
SILICON 100% RTV CLEAR TUBO 10.3 SS-888-18 LANCO,silicon 100% rtv clear tubo 10.3 ss-888-18 lanco,silicon|100%|rtv|clear|tubo|10.3|ss-888-18|lanco|SS-888-18,,False,False,False
LLAVE ANGULAR DOBLE 1/2x3/8x3/8 04326 EASTMAN,llave angular doble 1/2x3/8x3/8 04326 eastman,llave|angular|doble|1/2x3/8x3/8|04326|eastman,,False,False,False
LLAVE SENCILLA P/LAV NIQ 1/2'' VK-0380 VIKINGO,llave sencilla p/lav niq 1/2 vk-0380 vikingo,llave|sencilla|p/lav|niq|1/2|vk-0380|vikingo|1/2|VK-0380,,False,False,False
NIPLE COBRE NIQ 1/2'' X 3'' 25866 EASTMAN,niple cobre niq 1/2 x 3 25866 eastman,niple|cobre|niq|1/2|x|3|25866|eastman|1/2,,False,False,False
6 TEFLON 3/4x0.075mmx10mts ESTUCHE GENERICO,6 teflon 3/4x0.075mmx10mts estuche generico,6|teflon|3/4x0.075mmx10mts|estuche|generico,Generico,False,False,False
PINTURA ACRIL PORCELANA 90 (5GL) ACRI PORCELA 90 POPULAR,pintura acril porcelana 90 5gl acri porcela 90 popular,pintura|acril|porcelana|90|5|gal|acri|porcela|5 gl,,False,False,False
PINTURA ACRILICA BLANCO 00 TROPICAL 5GL,pintura acrilica blanco 00 tropical 5gl,pintura|acrilica|blanco|00|tropical|5|gal|5 gl,Tropical,False,False,False
MOTA MICROFIBRA 9'' X 3/8'' FAN89 BYP,mota microfibra 9 x 3/8 fan89 byp,mota|microfibra|9|x|3/8|fan89|byp|3/8|FAN89,,False,False,False
BROCHA M/BCO PELO GRIS 2'' BCM20 BYP,brocha m/bco pelo gris 2 bcm20 byp,brocha|m/bco|pelo|gris|2|bcm20|byp|BCM20,,False,False,False
ESPEJO DE BAÑO 66X36'',espejo de bano 66x36,espejo|bano|66x36,,False,False,False
ANGULAR DE 2 X 1/8,angular de 2 x 1/8,angular|2|x|1/8|1/8,,False,False,False
ANGULAR DE 3 X 3/16,angular de 3 x 3/16,angular|3|x|3/16|3/16,,False,False,False
DISCO DE 14 X 3/32 DEWALT,disco de 14 x 3/32 dewalt,disco|14|x|3/32|dewalt|3/32,Dewalt,False,False,False
THINNER  TH-900 TROPICAL,thinner th-900 tropical,thinner|th-900|tropical|TH-900,Tropical,False,False,False
OXIDO NEGRO GL DOM,oxido negro gl dom,oxido|negro|gal|dom,,False,False,False
SOLDADURA 3/32 UNIVERSAL 6013,soldadura 3/32 universal 6013,soldadura|3/32|universal|6013|3/32,,False,False,False
VIGA H 6X6X30 15 LB/P,viga h 6x6x30 15 lb/p,viga|h|6x6x30|15|lb/p|15 lb,,False,False,False
SUPER GRAMASAN 5 LT,super gramasan 5 lt,super|gramasan|5|lt,,False,False,False
VALVULA FLUXOMETRO PARA INODORO,valvula fluxometro para inodoro,valvula|fluxometro|para|inodoro,,False,False,False
CABLE 4 AWG THHN,cable 4 awg thhn,cable|4|awg|thhn,,False,False,False
CABLE 2 AWG THHN,cable 2 awg thhn,cable|2|awg|thhn,,False,False,False
CONECTOR DE EMPALME NO.2,conector de empalme no.2,conector|empalme|no.2,,False,False,False
VALVULA FLUXOMETRO PARA INODORO,valvula fluxometro para inodoro,valvula|fluxometro|para|inodoro,,False,False,False
BREAKER DOBLE GRUESO 2P 30 AMP,breaker doble grueso 2p 30 amp,breaker|doble|grueso|2p|30|amp,,False,False,False
BREAKER DOBLE GRUESO 2P 20 AMP,breaker doble grueso 2p 20 amp,breaker|doble|grueso|2p|20|amp,,False,False,False
CABLE 3/0 AWG THHN NEGRO,cable 3/0 awg thhn negro,cable|3/0|awg|thhn|negro|3/0,,False,False,False
ALAMBRE VINYL (AWG) 12/2 GRIS PHELPS DODGE,alambre vinyl awg 12/2 gris phelps dodge,alambre|vinyl|awg|12/2|gris|phelps|dodge|12/2,,False,False,False
ALAMBRE THHN (AWG) #8 NEGRO  AWG PHELPS DODGE,alambre thhn awg 8 negro awg phelps dodge,alambre|thhn|awg|8|negro|awg|phelps|dodge,,False,False,False
ALAMBRE DUPLEX 1.5MM PHELPS DODGE,alambre duplex 1.5mm phelps dodge,alambre|duplex|1.5|mm|phelps|dodge,,False,False,False
ALAMBRE DE GOMA AWG 12/3  AWG PHELPS DODGE,alambre de goma awg 12/3 awg phelps dodge,alambre|goma|awg|12/3|awg|phelps|dodge|12/3,,False,False,False
ALAMBRE DE GOMA (AWG) 12/2  PHELPS DODGE,alambre de goma awg 12/2 phelps dodge,alambre|goma|awg|12/2|phelps|dodge|12/2,,False,False,False
ALAMBRE THHN (AWG) #10 NEGRO PHELPS DODGE,alambre thhn awg 10 negro phelps dodge,alambre|thhn|awg|10|negro|phelps|dodge,,False,False,False
ALAMBRE THHN (AWG) #12 NEGRO PHELPS DODGE,alambre thhn awg 12 negro phelps dodge,alambre|thhn|awg|12|negro|phelps|dodge,,False,False,False
CINCEL PUNTA 3/4 X 10´ (19X250) TRAMONTINA,cincel punta 3/4 x 10 19x250 tramontina,cincel|punta|3/4|x|10|19x250|tramontina|3/4,,False,False,False
CINCEL PLANO 3/4 X10''  (19X250) TRAMONTINA,cincel plano 3/4 x10 19x250 tramontina,cincel|plano|3/4|x10|19x250|tramontina|3/4,,False,False,False
VALVULA ENTRADA INODORO  200AM133 FLUIDMASTER,valvula entrada inodoro 200am133 fluidmaster,valvula|entrada|inodoro|200am133|fluidmaster,,False,False,False
VALVULA SALIDA P/INODORO  507A133 FLUIDMASTER,valvula salida p/inodoro 507a133 fluidmaster,valvula|salida|p/inodoro|507a133|fluidmaster,,False,False,False
ADAPTADOR MACHO PVC 1  PRESION CORVI/DURMAN,adaptador macho pvc 1 presion corvi/durman,adaptador|macho|pvc|1|presion|corvi/durman,,False,False,False
ADAPTADOR MACHO PVC 3/4,adaptador macho pvc 3/4,adaptador|macho|pvc|3/4|3/4,,False,False,False
ALICATE EXTENSION 12'' STANLEY,alicate extension 12 stanley,alicate|extension|12|stanley,,False,False,False
"PINZA DE EXTENSION 10"" TRUPER","pinza de extension 10"" truper","pinza|extension|10""|truper|10""",Truper,False,False,False
"PINZA LAGARTO 10"" TRUPER","pinza lagarto 10"" truper","pinza|lagarto|10""|truper|10""",Truper,False,False,False
PINZA DE CORTE PUNTA LARGA 8''  84-102 STANLEY,pinza de corte punta larga 8 84-102 stanley,pinza|corte|punta|larga|8|84-102|stanley,,False,False,False
BREAKER GRUESO 1P 50 AMP  THQL-1150 ABB -GE,breaker grueso 1p 50 amp thql-1150 abb -ge,breaker|grueso|1p|50|amp|thql-1150|abb|-ge|THQL-1150,,False,False,False
CAJA BREAKER 8 A 16 CIRCUITO  TLM-812FCUD ABB - GE,caja breaker 8 a 16 circuito tlm-812fcud abb - ge,caja|breaker|8|a|16|circuito|tlm-812fcud|abb|TLM-812FCUD,,False,False,False
5 ALAMBRE THHN (AWG) #2  BLANCO PHELPS DODGE,5 alambre thhn awg 2 blanco phelps dodge,5|alambre|thhn|awg|2|blanco|phelps|dodge,,False,False,False
ALAMBRE THHN (AWG) #4 ROJO PHELPS DODGE,alambre thhn awg 4 rojo phelps dodge,alambre|thhn|awg|4|rojo|phelps|dodge,,False,False,False
CONECTOR DE EMPALME NO.2,conector de empalme no.2,conector|empalme|no.2,,False,False,False
"SILLON EJECUTIVO ROBERTO TAPIZADO EN PIELINA COLOR NEGRO, DISENO ITALIANO, ERGONOMICO, CON REPOSA CABEZA FIJO, SOPORTE LUMBAR INTEGRADO EN LA CURVA DEL RESPALDO,BRAZOS FIJOS",sillon ejecutivo roberto tapizado en pielina color negro diseno italiano ergonomico con reposa cabeza fijo soporte lumbar integrado en la curva del respaldo brazos fijos,sillon|ejecutivo|roberto|tapizado|pielina|color|negro|diseno,,False,False,False
SILLON EJECUTIVO DELUXE EN MALLA,sillon ejecutivo deluxe en malla,sillon|ejecutivo|deluxe|malla,,False,False,False
ANGULAR DE 2 X 1/8,angular de 2 x 1/8,angular|2|x|1/8|1/8,,False,False,False
ANGULAR DE 3 X 3/16,angular de 3 x 3/16,angular|3|x|3/16|3/16,,False,False,False
DISCO DE 14 X 3/32 DEWALT,disco de 14 x 3/32 dewalt,disco|14|x|3/32|dewalt|3/32,Dewalt,False,False,False
THINNER  TH-900 TROPICAL,thinner th-900 tropical,thinner|th-900|tropical|TH-900,Tropical,False,False,False
OXIDO NEGRO GL DOM,oxido negro gl dom,oxido|negro|gal|dom,,False,False,False
SOLDADURA 3/32 UNIVERSAL 6013,soldadura 3/32 universal 6013,soldadura|3/32|universal|6013|3/32,,False,False,False
VIGA H 6X6X30 15 LB/P,viga h 6x6x30 15 lb/p,viga|h|6x6x30|15|lb/p|15 lb,,False,False,False
SUPER GRAMASAN 5 LT,super gramasan 5 lt,super|gramasan|5|lt,,False,False,False
INODORO FLUX BALTICO ENT SUP BLANCO / CORONA,inodoro flux baltico ent sup blanco / corona,inodoro|flux|baltico|ent|sup|blanco|/|corona,,False,False,False
"VALVULA FLUXOMETRO P/INODORO  Z6000-WS1-YB
YC ZURN",valvula fluxometro p/inodoro z6000-ws1-yb yc zurn,valvula|fluxometro|p/inodoro|z6000-ws1-yb|yc|zurn|Z6000-WS1-YB,,False,False,False
ORINAL ARRECIFE ENT SUP BLANCO,orinal arrecife ent sup blanco,orinal|arrecife|ent|sup|blanco,,False,False,False
BOQUILLA P/LAV PUSH BOT C/REBOSE 100206 45 GENEBRE,boquilla p/lav push bot c/rebose 100206 45 genebre,boquilla|p/lav|push|bot|c/rebose|100206|45|genebre,,False,False,False
MEZCLADORA P/LAV MONOMANDO 1H T-4119 AQUAVITA,mezcladora p/lav monomando 1h t-4119 aquavita,mezcladora|p/lav|monomando|1h|t-4119|aquavita|T-4119,,False,False,False
JUNTA DE CERA P/INODORO 40143 EASTMAN,junta de cera p/inodoro 40143 eastman,junta|cera|p/inodoro|40143|eastman,,False,False,False
CEMENTO BLANCO 2kg (4.4LBS) 2KG PEGAFORTE,cemento blanco 2kg 4.4lbs 2kg pegaforte,cemento|blanco|2|kg|4.4|lb|2|kg|2 kg,,False,False,False
SIFON PARA LAVAMANO PVC 1 1/2'' 35376 EASTMAN,sifon para lavamano pvc 1 1/2 35376 eastman,sifon|para|lavamano|pvc|1|1/2|35376|eastman|1/2,,False,False,False
portarollo c/cubierta foster aqa,portarollo c/cubierta foster aqa,portarollo|c/cubierta|foster|aqa,Oster,False,False,False
ZAFACON EKO 20L-WH 5GL,zafacon eko 20l-wh 5gl,zafacon|eko|20l-wh|5|gal|20 l,,False,False,False
ZAFACON EKO  55L-WH 15GL,zafacon eko 55l-wh 15gl,zafacon|eko|55l-wh|15|gal|55 l,,False,False,False
SILICON 100% RTV CLEAR TUBO 10.3 SS-888-18 LANCO,silicon 100% rtv clear tubo 10.3 ss-888-18 lanco,silicon|100%|rtv|clear|tubo|10.3|ss-888-18|lanco|SS-888-18,,False,False,False
LLAVE ANGULAR DOBLE 1/2x3/8x3/8 04326 EASTMAN,llave angular doble 1/2x3/8x3/8 04326 eastman,llave|angular|doble|1/2x3/8x3/8|04326|eastman,,False,False,False
LLAVE SENCILLA P/LAV NIQ 1/2'' VK-0380 VIKINGO,llave sencilla p/lav niq 1/2 vk-0380 vikingo,llave|sencilla|p/lav|niq|1/2|vk-0380|vikingo|1/2|VK-0380,,False,False,False
NIPLE COBRE NIQ 1/2'' X 3'' 25866 EASTMAN,niple cobre niq 1/2 x 3 25866 eastman,niple|cobre|niq|1/2|x|3|25866|eastman|1/2,,False,False,False
6 TEFLON 3/4x0.075mmx10mts ESTUCHE GENERICO,6 teflon 3/4x0.075mmx10mts estuche generico,6|teflon|3/4x0.075mmx10mts|estuche|generico,Generico,False,False,False
PINTURA ACRIL PORCELANA 90 (5GL) ACRI PORCELA 90 POPULAR,pintura acril porcelana 90 5gl acri porcela 90 popular,pintura|acril|porcelana|90|5|gal|acri|porcela|5 gl,,False,False,False
PINTURA ACRILICA BLANCO 00 TROPICAL 5GL,pintura acrilica blanco 00 tropical 5gl,pintura|acrilica|blanco|00|tropical|5|gal|5 gl,Tropical,False,False,False
MOTA MICROFIBRA 9'' X 3/8'' FAN89 BYP,mota microfibra 9 x 3/8 fan89 byp,mota|microfibra|9|x|3/8|fan89|byp|3/8|FAN89,,False,False,False
BROCHA M/BCO PELO GRIS 2'' BCM20 BYP,brocha m/bco pelo gris 2 bcm20 byp,brocha|m/bco|pelo|gris|2|bcm20|byp|BCM20,,False,False,False
ESPEJO DE BAÑO 66X36'',espejo de bano 66x36,espejo|bano|66x36,,False,False,False
ALAMBRE DE GOMA 10/2 AWG,alambre de goma 10/2 awg,alambre|goma|10/2|awg|10/2,,False,False,False
ALAMBRE DE GOMA 6/2 AWG,alambre de goma 6/2 awg,alambre|goma|6/2|awg|6/2,,False,False,False
CAJA BREAKER 12 SUPE. OMNIUM,caja breaker 12 supe. omnium,caja|breaker|12|supe.|omnium,,False,False,False
BREAKER DINWAY  25A 2P //,breaker dinway 25a 2p //,breaker|dinway|25a|2p|//,,False,False,False
BREAKER 20A 2P,breaker 20a 2p,breaker|20a|2p,,False,False,False
BREAKER 2P 16A,breaker 2p 16a,breaker|2p|16a,,False,False,False
TAPE VINIL SCOTCH 3M SUPER33+,tape vinil scotch 3m super33,tape|vinil|scotch|3m|super33|SUPER33,,False,False,False
CONECTOR DE EMPALME NO.4,conector de empalme no.4,conector|empalme|no.4,,False,False,False
PORTA ROLO LANCO HEAVY DUTY ROLLER FRAME,porta rolo lanco heavy duty roller frame,porta|rolo|lanco|heavy|duty|roller|frame,,False,False,False
MOTA LANCO 9''X1 1/4'',mota lanco 9 x1 1/4,mota|lanco|9|x1|1/4|1/4,,False,False,False
SELLATODO SILBOND CANO,sellatodo silbond cano,sellatodo|silbond|cano,Cano,False,False,False
IMPERMIABILIZANTE TROPICAL GOMA LIQUIDA ALUMINIO,impermiabilizante tropical goma liquida aluminio,impermiabilizante|tropical|goma|liquida|aluminio,Tropical,False,False,False
MEMBRANA ASFALTICA ITALIANA FIBRA VIDRIO  2.5MM,membrana asfaltica italiana fibra vidrio 2.5mm,membrana|asfaltica|italiana|fibra|vidrio|2.5|mm,,False,False,False
alambre 12/3 AWG THHN,alambre 12/3 awg thhn,alambre|12/3|awg|thhn|12/3,,False,False,False
ALAMBRE D/GOMA  4X1.5M AWG THHN,alambre d/goma 4x1.5m awg thhn,alambre|d/goma|4x1.5m|awg|thhn,,False,False,False
BREAKER DOBLE GRUESO 2P 30 AMP,breaker doble grueso 2p 30 amp,breaker|doble|grueso|2p|30|amp,,False,False,False
BREAKER DOBLE GRUESO 2P 20 AMP,breaker doble grueso 2p 20 amp,breaker|doble|grueso|2p|20|amp,,False,False,False
CABLE 3/0 AWG THHN NEGRO,cable 3/0 awg thhn negro,cable|3/0|awg|thhn|negro|3/0,,False,False,False
ALAMBRE VINYL (AWG) 12/2 GRIS PHELPS DODGE,alambre vinyl awg 12/2 gris phelps dodge,alambre|vinyl|awg|12/2|gris|phelps|dodge|12/2,,False,False,False
ALAMBRE THHN (AWG) #8 NEGRO  AWG PHELPS DODGE,alambre thhn awg 8 negro awg phelps dodge,alambre|thhn|awg|8|negro|awg|phelps|dodge,,False,False,False
ALAMBRE DUPLEX 1.5MM PHELPS DODGE,alambre duplex 1.5mm phelps dodge,alambre|duplex|1.5|mm|phelps|dodge,,False,False,False
ALAMBRE DE GOMA AWG 12/3  AWG PHELPS DODGE,alambre de goma awg 12/3 awg phelps dodge,alambre|goma|awg|12/3|awg|phelps|dodge|12/3,,False,False,False
ALAMBRE DE GOMA (AWG) 12/2  PHELPS DODGE,alambre de goma awg 12/2 phelps dodge,alambre|goma|awg|12/2|phelps|dodge|12/2,,False,False,False
ALAMBRE THHN (AWG) #10 NEGRO PHELPS DODGE,alambre thhn awg 10 negro phelps dodge,alambre|thhn|awg|10|negro|phelps|dodge,,False,False,False
ALAMBRE THHN (AWG) #12 NEGRO PHELPS DODGE,alambre thhn awg 12 negro phelps dodge,alambre|thhn|awg|12|negro|phelps|dodge,,False,False,False
CINCEL PUNTA 3/4 X 10´ (19X250) TRAMONTINA,cincel punta 3/4 x 10 19x250 tramontina,cincel|punta|3/4|x|10|19x250|tramontina|3/4,,False,False,False
CINCEL PLANO 3/4 X10''  (19X250) TRAMONTINA,cincel plano 3/4 x10 19x250 tramontina,cincel|plano|3/4|x10|19x250|tramontina|3/4,,False,False,False
VALVULA ENTRADA INODORO  200AM133 FLUIDMASTER,valvula entrada inodoro 200am133 fluidmaster,valvula|entrada|inodoro|200am133|fluidmaster,,False,False,False
VALVULA SALIDA P/INODORO  507A133 FLUIDMASTER,valvula salida p/inodoro 507a133 fluidmaster,valvula|salida|p/inodoro|507a133|fluidmaster,,False,False,False
ADAPTADOR MACHO PVC 1  PRESION CORVI/DURMAN,adaptador macho pvc 1 presion corvi/durman,adaptador|macho|pvc|1|presion|corvi/durman,,False,False,False
ADAPTADOR MACHO PVC 3/4,adaptador macho pvc 3/4,adaptador|macho|pvc|3/4|3/4,,False,False,False
ALICATE EXTENSION 12'' STANLEY,alicate extension 12 stanley,alicate|extension|12|stanley,,False,False,False
"PINZA DE EXTENSION 10"" TRUPER","pinza de extension 10"" truper","pinza|extension|10""|truper|10""",Truper,False,False,False
"PINZA LAGARTO 10"" TRUPER","pinza lagarto 10"" truper","pinza|lagarto|10""|truper|10""",Truper,False,False,False
PINZA DE CORTE PUNTA LARGA 8''  84-102 STANLEY,pinza de corte punta larga 8 84-102 stanley,pinza|corte|punta|larga|8|84-102|stanley,,False,False,False
BREAKER GRUESO 1P 50 AMP  THQL-1150 ABB -GE,breaker grueso 1p 50 amp thql-1150 abb -ge,breaker|grueso|1p|50|amp|thql-1150|abb|-ge|THQL-1150,,False,False,False
CAJA BREAKER 8 A 16 CIRCUITO  TLM-812FCUD ABB - GE,caja breaker 8 a 16 circuito tlm-812fcud abb - ge,caja|breaker|8|a|16|circuito|tlm-812fcud|abb|TLM-812FCUD,,False,False,False
5 ALAMBRE THHN (AWG) #2  BLANCO PHELPS DODGE,5 alambre thhn awg 2 blanco phelps dodge,5|alambre|thhn|awg|2|blanco|phelps|dodge,,False,False,False
ALAMBRE THHN (AWG) #4 ROJO PHELPS DODGE,alambre thhn awg 4 rojo phelps dodge,alambre|thhn|awg|4|rojo|phelps|dodge,,False,False,False
CONECTOR DE EMPALME NO.2,conector de empalme no.2,conector|empalme|no.2,,False,False,False
DISCO DE CORTE 9'' METABO 7/8,disco de corte 9 metabo 7/8,disco|corte|9|metabo|7/8|7/8,,False,False,False
SOLDADURA 1/8 UNIVERSAL,soldadura 1/8 universal,soldadura|1/8|universal|1/8,,False,False,False
PLANCHUELA 2''X1/4'',planchuela 2 x1/4,planchuela|2|x1/4,,False,False,False
VIGA H 6X6X30,viga h 6x6x30,viga|h|6x6x30,,False,False,False
MADERA CHILENA 1/2X6X12,madera chilena 1/2x6x12,madera|chilena|1/2x6x12,,False,False,False
GRAVA 3/4,grava 3/4,grava|3/4|3/4,,False,False,False
ARENA LAVADA,arena lavada,arena|lavada,,False,False,False
ARENA DE EMPAÑETE,arena de empanete,arena|empanete,,False,False,False
ARENA ITABO,arena itabo,arena|itabo,,False,False,False
VARILLA 3/8'',varilla 3/8,varilla|3/8|3/8,,False,False,False
VARILLA 1/2'',varilla 1/2,varilla|1/2|1/2,,False,False,False
VARILLA 3/4'',varilla 3/4,varilla|3/4|3/4,,False,False,False
CEMENTO GRIS (AGLOMERANTE PORTLAND) SANTO DOMINGO/TITAN-CEMEX FDA 94LB,cemento gris aglomerante portland santo domingo/titan-cemex fda 94lb,cemento|gris|aglomerante|portland|santo|domingo/titan-cemex|fda|94|94 lb,,False,False,False
VARILLA 1/4'',varilla 1/4,varilla|1/4|1/4,,False,False,False
VARILLA 3/8'',varilla 3/8,varilla|3/8|3/8,,False,False,False
'VARILLA 1/2'',varilla 1/2,varilla|1/2|1/2,,False,False,False
VARILLA 3/4'',varilla 3/4,varilla|3/4|3/4,,False,False,False
VARILLA 3/8'',varilla 3/8,varilla|3/8|3/8,,False,False,False
GRAVA 3/4,grava 3/4,grava|3/4|3/4,,False,False,False
ARENA DE EMPAÑETE,arena de empanete,arena|empanete,,False,False,False
VARILLA 3/8'',varilla 3/8,varilla|3/8|3/8,,False,False,False
VARILLA 1/2'',varilla 1/2,varilla|1/2|1/2,,False,False,False
CEMENTO GRIS (AGLOMERANTE PORTLAND) SANTO DOMINGO/TITAN-CEMEX FDA 94LB,cemento gris aglomerante portland santo domingo/titan-cemex fda 94lb,cemento|gris|aglomerante|portland|santo|domingo/titan-cemex|fda|94|94 lb,,False,False,False
SHEET ROCK  4'x8''x1/2',sheet rock 4 x8 x1/2,sheet|rock|4|x8|x1/2,,False,False,False
GRAVA 3/4,grava 3/4,grava|3/4|3/4,,False,False,False
ARENA LAVADA,arena lavada,arena|lavada,,False,False,False
CEMENTO GRIS (AGLOMERANTE PORTLAND) SANTO DOMINGO/TITAN-CEMEX FDA 94LB,cemento gris aglomerante portland santo domingo/titan-cemex fda 94lb,cemento|gris|aglomerante|portland|santo|domingo/titan-cemex|fda|94|94 lb,,False,False,False
MADERA BRUTA AMERICANA 1 X 10 X 14,madera bruta americana 1 x 10 x 14,madera|bruta|americana|1|x|10|x|14,,False,False,False
PL MDF 3/8 HIDROFUGO BRAZIL,pl mdf 3/8 hidrofugo brazil,pl|mdf|3/8|hidrofugo|brazil|3/8,,False,False,False
PL PLYWOOD 1/2 PINO S/CARA,pl plywood 1/2 pino s/cara,pl|plywood|1/2|pino|s/cara|1/2,,False,False,False
PL PLYWOOD 3/8 PINO S/CARA,pl plywood 3/8 pino s/cara,pl|plywood|3/8|pino|s/cara|3/8,,False,False,False
TROPICAL LACA NATURAL BRILLO,tropical laca natural brillo,tropical|laca|natural|brillo,Tropical,False,False,False
THINNER  TH-900 TROPICAL,thinner th-900 tropical,thinner|th-900|tropical|TH-900,Tropical,False,False,False
RETARDADOR TROPICAL,retardador tropical,retardador|tropical,Tropical,False,False,False
PRIMER PARA MADERA BLANCO  /RELLENO POWER RIDER 2014,primer para madera blanco /relleno power rider 2014,primer|para|madera|blanco|/relleno|power|rider|2014,,False,False,False
LACA PIGMENTADA BLANCA TROPICAL (6159),laca pigmentada blanca tropical 6159,laca|pigmentada|blanca|tropical|6159,Tropical,False,False,False
SEALER TROPICAL  (6158),sealer tropical 6158,sealer|tropical|6158,Tropical,False,False,False
BARPICOLOR  605 1LT CAOBA  #2 MD BARPIMO,barpicolor 605 1lt caoba 2 md barpimo,barpicolor|605|1lt|caoba|2|md|barpimo,,False,False,False
BARPICOLOR 605 1LT CAOBA  #3 MD BARPIMO,barpicolor 605 1lt caoba 3 md barpimo,barpicolor|605|1lt|caoba|3|md|barpimo,,False,False,False
CAJA DE CLAVOS F-20 (1),caja de clavos f-20 1,caja|clavos|f-20|1,,False,False,False
CAJA DE CLAVOS F-25 (1),caja de clavos f-25 1,caja|clavos|f-25|1,,False,False,False
GRAPAS PARA GRAPADORA NEUMATICA 7/10,grapas para grapadora neumatica 7/10,grapas|para|grapadora|neumatica|7/10|7/10,,False,False,False
PAR BISAGRAS DE PRESION CAOBA AC,par bisagras de presion caoba ac,par|bisagras|presion|caoba|ac,,False,False,False
DISCO DE PULIDORA NORTON #50,disco de pulidora norton 50,disco|pulidora|norton|50,,False,False,False
DISCO DE PULIDORA NORTON #60,disco de pulidora norton 60,disco|pulidora|norton|60,,False,False,False
DISCO DE PULIDORA NORTON #80,disco de pulidora norton 80,disco|pulidora|norton|80,,False,False,False
DISCO DE PULIDORA NORTON #100,disco de pulidora norton 100,disco|pulidora|norton|100,,False,False,False
TORNILLOS 8X1 FMB P/DIABLITO,tornillos 8x1 fmb p/diablito,tornillos|8x1|fmb|p/diablito,,False,False,False
TORNILLO DIABLITO 6x 1 1/2 PULGADA,tornillo diablito 6x 1 1/2 pulgada,"tornillo|diablito|6x|1|1/2|pulgada|1/2|2""",LG,False,False,False
1/4 PASTA ACRILICA CANO BLANCA  (32 OZ),1/4 pasta acrilica cano blanca 32 oz,1/4|pasta|acrilica|cano|blanca|32|oz|1/4,Cano,False,False,False
1/4 PASTA ACRILICA CANO MARRON  (32 OZ),1/4 pasta acrilica cano marron 32 oz,1/4|pasta|acrilica|cano|marron|32|oz|1/4,Cano,False,False,False
SPRAY ADHESIVO SUPER 77,spray adhesivo super 77,spray|adhesivo|super|77,,False,False,False
PENETRANTE (9.6ONZ) WD-40,penetrante 9.6onz wd-40,penetrante|9.6onz|wd-40,,False,False,False
PINTURA ACRILICA PARA EXTERIOR BLANCA 00 TROPICAL,pintura acrilica para exterior blanca 00 tropical,pintura|acrilica|para|exterior|blanca|00|tropical,Tropical,False,False,False
"PUNTA P/ DES. #3  2""  5/1 TRUPER  COD.12149","punta p/ des. 3 2"" 5/1 truper cod.12149","punta|p/|des.|3|2""|5/1|truper|cod.12149|5/1|2""",Truper,False,False,False
"PUNTA PARA DES #2 2"" TRUPER 5/1 COD.12147","punta para des 2 2"" truper 5/1 cod.12147","punta|para|des|2|2""|truper|5/1|cod.12147|5/1|2""",Truper,False,False,False
"DISCO DE CORTE MADERA STANLEY 10""  40T","disco de corte madera stanley 10"" 40t","disco|corte|madera|stanley|10""|40t|10""",,False,False,False
"DISCO DE CORTE STANLEY 12""  40T","disco de corte stanley 12"" 40t","disco|corte|stanley|12""|40t|12""",,False,False,False
COMPRESOR AIRE PUMA PE30100 3HP CORREA 100LTS,compresor aire puma pe30100 3hp correa 100lts,compresor|aire|puma|pe30100|3hp|correa|100lts|PE30100,HP,False,False,False
EXTRACTOR DAIWA 25A VEW 10'' PARED,extractor daiwa 25a vew 10 pared,extractor|daiwa|25a|vew|10|pared,Daiwa,False,False,False
LAPIZ CARPINTERO,lapiz carpintero,lapiz|carpintero,,False,False,False
GRAVA 3/4,grava 3/4,grava|3/4|3/4,,False,False,False
ARENA LAVADA,arena lavada,arena|lavada,,False,False,False
(agregado grueso) GRAVA 3/4,agregado grueso grava 3/4,agregado|grueso|grava|3/4|3/4,,False,False,False
(agregado fino) ARENA LAVADA azul,agregado fino arena lavada azul,agregado|fino|arena|lavada|azul,,False,False,False
(agregado grueso) GRAVA 3/4,agregado grueso grava 3/4,agregado|grueso|grava|3/4|3/4,,False,False,False
(agregado fino) ARENA LAVADA azul,agregado fino arena lavada azul,agregado|fino|arena|lavada|azul,,False,False,False
ITABO,itabo,itabo,,False,False,False
PAÑETE,panete,panete,,False,False,False
varilla 3/8'',varilla 3/8,varilla|3/8|3/8,,False,False,False
cemento,cemento,cemento,,False,False,False
block de 6,block de 6,block|6,,False,False,False
(agregado grueso) GRAVA 3/4,agregado grueso grava 3/4,agregado|grueso|grava|3/4|3/4,,False,False,False
(agregado fino) ARENA LAVADA azul,agregado fino arena lavada azul,agregado|fino|arena|lavada|azul,,False,False,False
(agregado grueso) GRAVA 3/4,agregado grueso grava 3/4,agregado|grueso|grava|3/4|3/4,,False,False,False
(agregado fino) ARENA LAVADA azul,agregado fino arena lavada azul,agregado|fino|arena|lavada|azul,,False,False,False
ALAMBRE # 12,alambre 12,alambre|12,,False,False,False
ALAMBRE #10,alambre 10,alambre|10,,False,False,False
TAPE NEGRO VOLECK,tape negro voleck,tape|negro|voleck,,False,False,False
CONECTORES KIT,conectores kit,conectores|kit,,False,False,False
BREAKER DE 30,breaker de 30,breaker|30,,False,False,False
BREAKER DE 60,breaker de 60,breaker|60,,False,False,False
GUANTES DE PROTECCION TRUPPER,guantes de proteccion trupper,guantes|proteccion|trupper,,False,False,False
CINTA ELECTRICA Temflex,cinta electrica temflex,cinta|electrica|temflex,,False,False,False
ENLATE 2X4x16,enlate 2x4x16,enlate|2x4x16,,False,False,False
PLAYWOOD 1/2 FERREMIX,playwood 1/2 ferremix,playwood|1/2|ferremix|1/2,,False,False,False
CONOS TRUPER,conos truper,conos|truper,Truper,False,False,False
INODORO COMPLETO C/ TAPAS Y VALVULA ULTRA,inodoro completo c/ tapas y valvula ultra,inodoro|completo|c/|tapas|valvula|ultra,,False,False,False
VALVULA TIPO FLUXOMETRO PARA INODORO,valvula tipo fluxometro para inodoro,valvula|tipo|fluxometro|para|inodoro,,False,False,False
soLDADURA UNIVERSAL 7018 UNIVERSAL,soldadura universal 7018 universal,soldadura|universal|7018|universal,,False,False,False
DISCO CORTE METAL INOX 9 METABO,disco corte metal inox 9 metabo,disco|corte|metal|inox|9|metabo,,False,False,False
PLANCHUELA 2X1/4X20 -34 LBS,planchuela 2x1/4x20 -34 lbs,planchuela|2x1/4x20|-34|lb|34 lbs,,False,False,False
ANGULAR 2X1/4X20 -64.8 LBS,angular 2x1/4x20 -64.8 lbs,angular|2x1/4x20|-64.8|lb|64.8 lbs,,False,False,False
VIGA H 4X4-30 (13.0#) -390 LBS,viga h 4x4-30 13.0 -390 lbs,viga|h|4x4-30|13.0|-390|lb|390 lbs,,False,False,False
VIGA H 6X6-30 (25.0#) -750 LBS,viga h 6x6-30 25.0 -750 lbs,viga|h|6x6-30|25.0|-750|lb|750 lbs,,False,False,False
VIGA H 6X4-30 (16.0#) -480 LBS FINA,viga h 6x4-30 16.0 -480 lbs fina,viga|h|6x4-30|16.0|-480|lb|fina|480 lbs,,False,False,False
Firma Autorizada,firma autorizada,firma|autorizada,,False,False,False
201-A TONER HP PARA IMPRESORA COLOR LASERJET (W277 ) 400A NEGRO,201-a toner hp para impresora color laserjet w277 400a negro,201-a|toner|hp|para|impresora|color|laserjet|w277|W277,HP,False,False,False
215-A TONER HP LASERJET PRO 201A  (CF401A ) CYAN,215-a toner hp laserjet pro 201a cf401a cyan,215-a|toner|hp|laserjet|pro|201a|cf401a|cyan|CF401A,HP,False,False,False
TONER HP LASERJET PRO 201A (CF402A ) YELLOW,toner hp laserjet pro 201a cf402a yellow,toner|hp|laserjet|pro|201a|cf402a|yellow|CF402A,HP,False,False,False
TONER HP LASERJET PRO 201A (CF403A ) MAGENTA,toner hp laserjet pro 201a cf403a magenta,toner|hp|laserjet|pro|201a|cf403a|magenta|CF403A,HP,False,False,False
TONER HP LASERJET 2727n FMP Q7553A,toner hp laserjet 2727n fmp q7553a,toner|hp|laserjet|2727n|fmp|q7553a|Q7553A,HP,False,False,False
TONER HP LASERJET MFP 137 mnw WW 1105A,toner hp laserjet mfp 137 mnw ww 1105a,toner|hp|laserjet|mfp|137|mnw|ww|1105a,HP,False,False,False
CARTUCHO HP DESKJET 1000 122,cartucho hp deskjet 1000 122,cartucho|hp|deskjet|1000|122,HP,False,False,False
TONER CANON MF455 DW 057 (NEGRO ),toner canon mf455 dw 057 negro,toner|canon|mf455|dw|057|negro|MF455,Cano,False,False,False
TONER LASERJET ENTERPRISE MFP M 528,toner laserjet enterprise mfp m 528,toner|laserjet|enterprise|mfp|m|528,,False,False,False
TONER HP  LASERJET PRO M402-MFP M426 CF226A,toner hp laserjet pro m402-mfp m426 cf226a,toner|hp|laserjet|pro|m402-mfp|m426|cf226a|M402-MFP,HP,False,False,False
TONER HP  LASERJET M 1536 dnf mfp,toner hp laserjet m 1536 dnf mfp,toner|hp|laserjet|m|1536|dnf|mfp,HP,False,False,False
Firma Autorizada,firma autorizada,firma|autorizada,,False,False,False
MESA DE TRABAJO 220 cm x 90 cm x 73cm IRON MASTER,mesa de trabajo 220 cm x 90 cm x 73cm iron master,mesa|trabajo|220|cm|x|90|cm|x,,False,False,False
PIZARRAS DE TIZA PARA AULA 190 cm x 120cm,pizarras de tiza para aula 190 cm x 120cm,pizarras|tiza|para|aula|190|cm|x|120,,False,False,False
"SILLAS PLASTICAS SIN BRAZOS , COLOR OSCURO RIMAX",sillas plasticas sin brazos color oscuro rimax,sillas|plasticas|sin|brazos|color|oscuro|rimax,,False,False,False
LOCKERS METALICO DE 10 PUERTAS,lockers metalico de 10 puertas,lockers|metalico|10|puertas,,False,False,False
ARMARIO EN METAL DE 2 PUERTAS,armario en metal de 2 puertas,armario|metal|2|puertas,,False,False,False
"ABANICO KDK N56LG TECHO 56"" NEGRO","abanico kdk n56lg techo 56"" negro","abanico|kdk|n56lg|techo|56""|negro|56""",LG,False,False,False
Firma Autorizada,firma autorizada,firma|autorizada,,False,False,False
HIGADO,higado,higado,,False,False,False
LONGANIZA,longaniza,longaniza,,False,False,False
COSTILLITA,costillita,costillita,,False,False,False
CARNE DE RES,carne de res,carne|res,,False,False,True
POLLO ENTERO,pollo entero,pollo|entero,,False,False,True
SALAMI INDUVECA 3.5/1,salami induveca 3.5/1,salami|induveca|3.5/1|5/1,,False,False,True
LONGANIZA,longaniza,longaniza,,False,False,False
POLLO ENTERO,pollo entero,pollo|entero,,False,False,True
CHULETA,chuleta,chuleta,,False,False,True
RES MOLIDA,res molida,res|molida,,False,False,True
CARNE DE RES,carne de res,carne|res,,False,False,True
POLLO ENTERO,pollo entero,pollo|entero,,False,False,True
CHULETA,chuleta,chuleta,,False,False,True
RES MOLIDA,res molida,res|molida,,False,False,True
CARNE DE RES,carne de res,carne|res,,False,False,True
COSTILLA,costilla,costilla,,False,False,True
CHULETA,chuleta,chuleta,,False,False,True
RES MOLIDA,res molida,res|molida,,False,False,True
POLLO ENTERO,pollo entero,pollo|entero,,False,False,True
RES PRIMIUM DESHUESADA,res primium deshuesada,res|primium|deshuesada,,False,False,False
LONGANIZA,longaniza,longaniza,,False,False,False
POLLO ENTERO,pollo entero,pollo|entero,,False,False,True
CERDO,cerdo,cerdo,,False,False,False
HIGADO,higado,higado,,False,False,False
CHULETA AHUMADA,chuleta ahumada,chuleta|ahumada,,False,False,True
RES MOLIDA,res molida,res|molida,,False,False,True
CHULETA FRESCA REBANADA,chuleta fresca rebanada,chuleta|fresca|rebanada,,False,False,True
LONGANIZA,longaniza,longaniza,,False,False,False
COSTILLA,costilla,costilla,,False,False,True
HIGADO,higado,higado,,False,False,False
CARNE DE CERDO,carne de cerdo,carne|cerdo,,False,False,True
POLLO ENTERO DESCONGELADO,pollo entero descongelado,pollo|entero|descongelado,,False,False,True
CARNE DE RES,carne de res,carne|res,,False,False,True
RES MOLIDA,res molida,res|molida,,False,False,True
RES DESHUESADA,res deshuesada,res|deshuesada,,False,False,True
FIRMA AUTORIZADA,firma autorizada,firma|autorizada,,False,False,False
CARNE DE CERDO,carne de cerdo,carne|cerdo,,False,False,True
CARNE DE RES,carne de res,carne|res,,False,False,True
CARNE DE RES MOLIDA,carne de res molida,carne|res|molida,,False,False,True
CHULETA,chuleta,chuleta,,False,False,True
COSTILLA,costilla,costilla,,False,False,True
HIGADO DE RES,higado de res,higado|res,,False,False,False
POLLO ENTERO DESCONGELADO,pollo entero descongelado,pollo|entero|descongelado,,False,False,True
LONGANIZA,longaniza,longaniza,,False,False,False
PECHO DE RES,pecho de res,pecho|res,,False,False,False
PECHUGA DE POLLO 50/1 LBS,pechuga de pollo 50/1 lbs,pechuga|pollo|50/1|lb|50/1|1 lbs,,False,False,True
MUSLO DE POLLO,muslo de pollo,muslo|pollo,,False,False,True
HUEVOS 30/1,huevos 30/1,huevos|30/1|30/1,,False,True,False
JAMON 6/1,jamon 6/1,jamon|6/1|6/1,,False,False,True
JAMON DE PAVO,jamon de pavo,jamon|pavo,,False,False,True
SALAMI 3.2/1LB,salami 3.2/1lb,salami|3.2/1|lb|1 lb,,False,False,True
SALCHICHA,salchicha,salchicha,,False,False,False
HUEVOS 30/1,huevos 30/1,huevos|30/1|30/1,,False,True,False
SALAMI 3.2/1LB,salami 3.2/1lb,salami|3.2/1|lb|1 lb,,False,False,True
SALCHICHA,salchicha,salchicha,,False,False,False
JAMON 6/1,jamon 6/1,jamon|6/1|6/1,,False,False,True
JAMON DE PAVO,jamon de pavo,jamon|pavo,,False,False,True
CARNE DE RES #7,carne de res 7,carne|res|7,,False,False,True
CHULETA,chuleta,chuleta,,False,False,True
HUEVO 30/1,huevo 30/1,huevo|30/1|30/1,,False,True,False
QUESO MOZARELLA,queso mozarella,queso|mozarella,,False,True,False
CARNE DE CERDO,carne de cerdo,carne|cerdo,,False,False,True
CARNE DE RES MOLIDA,carne de res molida,carne|res|molida,,False,False,True
HIGADO,higado,higado,,False,False,False
POLLO ENTERO,pollo entero,pollo|entero,,False,False,True
LONGANIZA,longaniza,longaniza,,False,False,False
PECHO,pecho,pecho,,False,False,False
JAMON 5/1 LBS,jamon 5/1 lbs,jamon|5/1|lb|5/1|1 lbs,,False,False,True
QUESO AMARILLO 5/1 LBS,queso amarillo 5/1 lbs,queso|amarillo|5/1|lb|5/1|1 lbs,,False,True,False
QUESO BLANCO 5/1 LBS,queso blanco 5/1 lbs,queso|blanco|5/1|lb|5/1|1 lbs,,False,True,False
QUESO GOUDA,queso gouda,queso|gouda,,False,True,False
JAMON DE PAVO,jamon de pavo,jamon|pavo,,False,False,True
COSTILLITA,costillita,costillita,,False,False,False
SALCHICHA,salchicha,salchicha,,False,False,False
SALAMI 3.2/1 LBS,salami 3.2/1 lbs,salami|3.2/1|lb|2/1|1 lbs,,False,False,True
CARNE DE CERDO,carne de cerdo,carne|cerdo,,False,False,True
CARNE DE RES #7,carne de res 7,carne|res|7,,False,False,True
CARNE DE RES MOLIDA,carne de res molida,carne|res|molida,,False,False,True
HIGADO,higado,higado,,False,False,False
LONGANIZA,longaniza,longaniza,,False,False,False
PECHO,pecho,pecho,,False,False,False
POLLO ENTERO,pollo entero,pollo|entero,,False,False,True
CHULETA,chuleta,chuleta,,False,False,True
COSTILLITA,costillita,costillita,,False,False,False
HUEVO 30/1,huevo 30/1,huevo|30/1|30/1,,False,True,False
JAMON 5/1,jamon 5/1,jamon|5/1|5/1,,False,False,True
JAMON DE PAVO,jamon de pavo,jamon|pavo,,False,False,True
QUESO AMARILLO 5/1,queso amarillo 5/1,queso|amarillo|5/1|5/1,,False,True,False
QUESO BLANCO 5/1,queso blanco 5/1,queso|blanco|5/1|5/1,,False,True,False
QUESO GOUDA,queso gouda,queso|gouda,,False,True,False
QUESO MOZARELLA,queso mozarella,queso|mozarella,,False,True,False
SALAMI,salami,salami,,False,False,True
SALCHICHAS,salchichas,salchichas,,False,False,False
PAPEL DE BAÑO  JUMBO 12/1 700 PIES,papel de bano jumbo 12/1 700 pies,papel|bano|jumbo|12/1|700|pies|12/1|700 pies,,False,False,False
PAPEL TUALLA SCOTT SLIMROLL 6*588,papel tualla scott slimroll 6 588,papel|tualla|scott|slimroll|6|588,,False,False,False
SALAMI INDUVECA,salami induveca,salami|induveca,,False,False,True
QUESO CHEDAR,queso chedar,queso|chedar,,False,True,False
JAMON PICNIC,jamon picnic,jamon|picnic,,False,False,True
PLATANO VERDE,platano verde,platano|verde,,False,True,False
GUINEO VERDE,guineo verde,guineo|verde,,False,False,False
YUCA,yuca,yuca,,False,True,False
BATATA,batata,batata,,False,True,False
YAUTIA BLANCA,yautia blanca,yautia|blanca,,False,False,False
PAPA,papa,papa,,False,False,False
AUYAMA,auyama,auyama,,False,False,False
ÑAME,name,name,,False,False,False
PLATANO VERDE,platano verde,platano|verde,,False,True,False
GUINEO VERDE,guineo verde,guineo|verde,,False,False,False
YUCA,yuca,yuca,,False,True,False
BATATA,batata,batata,,False,True,False
YAUTIA BLANCA,yautia blanca,yautia|blanca,,False,False,False
PAPA,papa,papa,,False,False,False
AUYAMA,auyama,auyama,,False,False,False
ÑAME,name,name,,False,False,False
LECHOSA,lechosa,lechosa,,False,False,False
MELON,melon,melon,,False,False,False
PIÑA,pina,pina,,False,False,False
SANDIA,sandia,sandia,,False,False,False
YOGOURT YOKA SIN AZUCAR,yogourt yoka sin azucar,yogourt|yoka|sin|azucar,,False,True,False
APIO,apio,apio,,False,False,False
LIMON VERDE,limon verde,limon|verde,,False,False,False
NARANJA AGRIA,naranja agria,naranja|agria,,False,False,False
TOMATE DE ENSALADA,tomate de ensalada,tomate|ensalada,,False,True,False
ZANAHORIA,zanahoria,zanahoria,,False,False,False
BERENJENA,berenjena,berenjena,,False,False,False
AJO,ajo,ajo,,False,False,False
LECHUGA,lechuga,lechuga,,False,False,False
AJI GUSTOSO,aji gustoso,aji|gustoso,,False,False,False
AJI CUBANELA,aji cubanela,aji|cubanela,,False,False,False
AJI MONRRON,aji monrron,aji|monrron,,False,False,False
PEPINO,pepino,pepino,,False,False,False
VERDURA,verdura,verdura,,False,False,False
CILANTRO ANCHO,cilantro ancho,cilantro|ancho,,False,False,False
TAYOTA,tayota,tayota,,False,False,False
PIÑA,pina,pina,,False,False,False
MELON,melon,melon,,False,False,False
LECHOZA,lechoza,lechoza,,False,False,False
SANDIA,sandia,sandia,,False,False,False
CEBOLLA,cebolla,cebolla,,False,True,False
REPOLLO,repollo,repollo,,False,False,True
GENGIBRE,gengibre,gengibre,,False,False,False
APIO,apio,apio,,False,False,False
LIMON VERDE,limon verde,limon|verde,,False,False,False
NARANJA AGRIA,naranja agria,naranja|agria,,False,False,False
TOMATE DE ENSALADA,tomate de ensalada,tomate|ensalada,,False,True,False
ZANAHORIA,zanahoria,zanahoria,,False,False,False
BERENJENA,berenjena,berenjena,,False,False,False
AJO,ajo,ajo,,False,False,False
LECHUGA,lechuga,lechuga,,False,False,False
AJI GUSTOSO,aji gustoso,aji|gustoso,,False,False,False
AJI CUBANELA,aji cubanela,aji|cubanela,,False,False,False
AJI MONRRON,aji monrron,aji|monrron,,False,False,False
PEPINO,pepino,pepino,,False,False,False
VERDURA,verdura,verdura,,False,False,False
CILANTRO ANCHO,cilantro ancho,cilantro|ancho,,False,False,False
TAYOTA,tayota,tayota,,False,False,False
PIÑA,pina,pina,,False,False,False
MELON,melon,melon,,False,False,False
LECHOZA,lechoza,lechoza,,False,False,False
SANDIA,sandia,sandia,,False,False,False
CEBOLLA,cebolla,cebolla,,False,True,False
REPOLLO,repollo,repollo,,False,False,True
GENGIBRE,gengibre,gengibre,,False,False,False
POLLO ENTERO DESCONGELADO,pollo entero descongelado,pollo|entero|descongelado,,False,False,True
POLLO ENTERO DESCONGELADO,pollo entero descongelado,pollo|entero|descongelado,,False,False,True
CARNES DE RES,carnes de res,carnes|res,,False,False,False
CARNE DE RES MOLIDA,carne de res molida,carne|res|molida,,False,False,True
CARNES DE RES,carnes de res,carnes|res,,False,False,False
APIO,apio,apio,,False,False,False
LIMON VERDE,limon verde,limon|verde,,False,False,False
NARANJA AGRIA,naranja agria,naranja|agria,,False,False,False
TOMATE DE ENSALADA,tomate de ensalada,tomate|ensalada,,False,True,False
ZANAHORIA,zanahoria,zanahoria,,False,False,False
BERENJENA,berenjena,berenjena,,False,False,False
AJO,ajo,ajo,,False,False,False
LECHUGA,lechuga,lechuga,,False,False,False
AJI GUSTOSO,aji gustoso,aji|gustoso,,False,False,False
AJI CUBANELA,aji cubanela,aji|cubanela,,False,False,False
AJI MONRRON,aji monrron,aji|monrron,,False,False,False
PEPINO,pepino,pepino,,False,False,False
VERDURA,verdura,verdura,,False,False,False
CILANTRO ANCHO,cilantro ancho,cilantro|ancho,,False,False,False
TAYOTA,tayota,tayota,,False,False,False
CEBOLLA,cebolla,cebolla,,False,True,False
REPOLLO,repollo,repollo,,False,False,True
PIÑA,pina,pina,,False,False,False
MELON,melon,melon,,False,False,False
LECHOZA,lechoza,lechoza,,False,False,False
GUINEO MADURO,guineo maduro,guineo|maduro,,False,False,False
APIO,apio,apio,,False,False,False
LIMON VERDE,limon verde,limon|verde,,False,False,False
NARANJA AGRIA,naranja agria,naranja|agria,,False,False,False
TOMATE DE ENSALADA,tomate de ensalada,tomate|ensalada,,False,True,False
ZANAHORIA,zanahoria,zanahoria,,False,False,False
BERENJENA,berenjena,berenjena,,False,False,False
AJO,ajo,ajo,,False,False,False
LECHUGA,lechuga,lechuga,,False,False,False
AJI GUSTOSO,aji gustoso,aji|gustoso,,False,False,False
AJI CUBANELA,aji cubanela,aji|cubanela,,False,False,False
AJI MONRRON,aji monrron,aji|monrron,,False,False,False
PEPINO,pepino,pepino,,False,False,False
VERDURA,verdura,verdura,,False,False,False
CILANTRO ANCHO,cilantro ancho,cilantro|ancho,,False,False,False
TAYOTA,tayota,tayota,,False,False,False
CEBOLLA,cebolla,cebolla,,False,True,False
REPOLLO,repollo,repollo,,False,False,True
PIÑA,pina,pina,,False,False,False
MELON,melon,melon,,False,False,False
LECHOZA,lechoza,lechoza,,False,False,False
GUINEO MADURO,guineo maduro,guineo|maduro,,False,False,False
PLATANO VERDE,platano verde,platano|verde,,False,True,False
GUINEO VERDE,guineo verde,guineo|verde,,False,False,False
YUCA,yuca,yuca,,False,True,False
BATATA,batata,batata,,False,True,False
YAUTIA BLANCA,yautia blanca,yautia|blanca,,False,False,False
PAPA,papa,papa,,False,False,False
AUYAMA,auyama,auyama,,False,False,False
ÑAME,name,name,,False,False,False
SALAMI INDUVECA,salami induveca,salami|induveca,,False,False,True
QUESO CHEDAR,queso chedar,queso|chedar,,False,True,False
JAMON PICNIC,jamon picnic,jamon|picnic,,False,False,True
PLATANO VERDE,platano verde,platano|verde,,False,True,False
GUINEO VERDE,guineo verde,guineo|verde,,False,False,False
YUCA,yuca,yuca,,False,True,False
BATATA,batata,batata,,False,True,False
YAUTIA BLANCA,yautia blanca,yautia|blanca,,False,False,False
PAPA,papa,papa,,False,False,False
AUYAMA,auyama,auyama,,False,False,False
ÑAME,name,name,,False,False,False
SALAMI INDUVECA,salami induveca,salami|induveca,,False,False,True
QUESO CHEDAR,queso chedar,queso|chedar,,False,True,False
JAMON PICNIC,jamon picnic,jamon|picnic,,False,False,True
SALAMI INDUVECA,salami induveca,salami|induveca,,False,False,True
QUESO CHEDAR,queso chedar,queso|chedar,,False,True,False
JAMON PICNIC,jamon picnic,jamon|picnic,,False,False,True
POLLO ENTERO DESCONGELADO,pollo entero descongelado,pollo|entero|descongelado,,False,False,True
LONGANIZA GRUESA,longaniza gruesa,longaniza|gruesa,,False,False,False
MASITA DE CERDO REBANADA,masita de cerdo rebanada,masita|cerdo|rebanada,,False,False,False
COSTILLA CON FALDA,costilla con falda,costilla|falda,,False,False,True
CHULETA FRESCA,chuleta fresca,chuleta|fresca,,False,False,True
LONGANIZA GRUESA,longaniza gruesa,longaniza|gruesa,,False,False,False
MASITA DE CERDO REBANADA,masita de cerdo rebanada,masita|cerdo|rebanada,,False,False,False
COSTILLA CON FALDA,costilla con falda,costilla|falda,,False,False,True
CHULETA FRESCA,chuleta fresca,chuleta|fresca,,False,False,True
POLLO ENTERO DESCONGELADO,pollo entero descongelado,pollo|entero|descongelado,,False,False,True
CARNES DE RES,carnes de res,carnes|res,,False,False,False
PLATANO VERDE,platano verde,platano|verde,,False,True,False
GUINEO VERDE,guineo verde,guineo|verde,,False,False,False
YUCA,yuca,yuca,,False,True,False
YAUTIA COCO,yautia coco,yautia|coco,,False,False,False
PAPA,papa,papa,,False,False,False
AUYAMA,auyama,auyama,,False,False,False
ÑAME,name,name,,False,False,False
SALAMI INDUVECA,salami induveca,salami|induveca,,False,False,True
QUESO CHEDAR,queso chedar,queso|chedar,,False,True,False
JAMON PICNIC,jamon picnic,jamon|picnic,,False,False,True
YAUTIA BLANCA,yautia blanca,yautia|blanca,,False,False,False
APIO,apio,apio,,False,False,False
LIMON VERDE,limon verde,limon|verde,,False,False,False
NARANJA AGRIA,naranja agria,naranja|agria,,False,False,False
TOMATE DE ENSALADA,tomate de ensalada,tomate|ensalada,,False,True,False
ZANAHORIA,zanahoria,zanahoria,,False,False,False
BERENJENA,berenjena,berenjena,,False,False,False
PUERRO,puerro,puerro,,False,False,False
LECHUGA,lechuga,lechuga,,False,False,False
AJI GUSTOSO,aji gustoso,aji|gustoso,,False,False,False
AJI CUBANELA,aji cubanela,aji|cubanela,,False,False,False
AJI MONROE,aji monroe,aji|monroe,,False,False,False
PEPINO,pepino,pepino,,False,False,False
VERDURA,verdura,verdura,,False,False,False
CILANTRO ANCHO,cilantro ancho,cilantro|ancho,,False,False,False
TOYOTA,toyota,toyota,,False,False,False
CEBOLLA,cebolla,cebolla,,False,True,False
REPOLLO,repollo,repollo,,False,False,True
PIÑA,pina,pina,,False,False,False
MELON,melon,melon,,False,False,False
LECHOZA,lechoza,lechoza,,False,False,False
SANDIA,sandia,sandia,,False,False,False
CARNES DE RES,carnes de res,carnes|res,,False,False,False
ANULADA,anulada,anulada,,False,False,False
CHULETA,chuleta,chuleta,,False,False,True
ANULADA,anulada,anulada,,False,False,False
LIBRA DE POLLO,libra de pollo,libra|pollo,,False,False,True
LIBRA DE CERDO,libra de cerdo,libra|cerdo,,False,False,False
LIBRA DE RES,libra de res,libra|res,,False,False,False
LIBRA DE CHULETA AHUMADA,libra de chuleta ahumada,libra|chuleta|ahumada,,False,False,True
LIBRA DE PATA DE VACA,libra de pata de vaca,libra|pata|vaca,,False,False,False
LIBRA DE PATA DE VACA,libra de pata de vaca,libra|pata|vaca,,False,False,False
LIBRA DE CHULETA AHUMADA,libra de chuleta ahumada,libra|chuleta|ahumada,,False,False,True
LIBRA DE CARNE DE CERDO,libra de carne de cerdo,libra|carne|cerdo,,False,False,True
LIBRA DE CARNE MOLIDA,libra de carne molida,libra|carne|molida,,False,False,False
LIBRA DE CARNE DE RES,libra de carne de res,libra|carne|res,,False,False,True
LIBRA DE POLLO,libra de pollo,libra|pollo,,False,False,True
LIBRA DE CHULETA AHUMADA,libra de chuleta ahumada,libra|chuleta|ahumada,,False,False,True
PLATANO VERDE,platano verde,platano|verde,,False,True,False
GUINEO VERDE,guineo verde,guineo|verde,,False,False,False
YUCA,yuca,yuca,,False,True,False
YAUTIA COCO,yautia coco,yautia|coco,,False,False,False
PAPA,papa,papa,,False,False,False
AUYAMA,auyama,auyama,,False,False,False
ÑAME,name,name,,False,False,False
SALAMI INDUVECA,salami induveca,salami|induveca,,False,False,True
QUESO CHEDAR,queso chedar,queso|chedar,,False,True,False
JAMON PICNIC,jamon picnic,jamon|picnic,,False,False,True
YAUTIA BLANCA,yautia blanca,yautia|blanca,,False,False,False
PLATANO VERDE,platano verde,platano|verde,,False,True,False
GUINEO VERDE,guineo verde,guineo|verde,,False,False,False
YUCA,yuca,yuca,,False,True,False
YAUTIA COCO,yautia coco,yautia|coco,,False,False,False
PAPA,papa,papa,,False,False,False
AUYAMA,auyama,auyama,,False,False,False
ÑAME,name,name,,False,False,False
SALAMI INDUVECA,salami induveca,salami|induveca,,False,False,True
QUESO CHEDAR,queso chedar,queso|chedar,,False,True,False
JAMON PICNIC,jamon picnic,jamon|picnic,,False,False,True
YAUTIA BLANCA,yautia blanca,yautia|blanca,,False,False,False
APIO,apio,apio,,False,False,False
LIMON VERDE,limon verde,limon|verde,,False,False,False
NARANJA AGRIA,naranja agria,naranja|agria,,False,False,False
TOMATE DE ENSALADA,tomate de ensalada,tomate|ensalada,,False,True,False
ZANAHORIA,zanahoria,zanahoria,,False,False,False
BERENJENA,berenjena,berenjena,,False,False,False
PUERRO,puerro,puerro,,False,False,False
LECHUGA,lechuga,lechuga,,False,False,False
AJI GUSTOSO,aji gustoso,aji|gustoso,,False,False,False
AJI CUBANELA,aji cubanela,aji|cubanela,,False,False,False
AJI MONROE,aji monroe,aji|monroe,,False,False,False
PEPINO,pepino,pepino,,False,False,False
VERDURA,verdura,verdura,,False,False,False
CILANTRO ANCHO,cilantro ancho,cilantro|ancho,,False,False,False
TOYOTA,toyota,toyota,,False,False,False
CEBOLLA,cebolla,cebolla,,False,True,False
REPOLLO,repollo,repollo,,False,False,True
PIÑA,pina,pina,,False,False,False
MELON,melon,melon,,False,False,False
LECHOZA,lechoza,lechoza,,False,False,False
SANDIA,sandia,sandia,,False,False,False
POLLO ENTERO DESCONGELADO,pollo entero descongelado,pollo|entero|descongelado,,False,False,True
CARNES DE RES,carnes de res,carnes|res,,False,False,False
MASITA DE CERDO REBANADA,masita de cerdo rebanada,masita|cerdo|rebanada,,False,False,False
CHULETA FRESCA,chuleta fresca,chuleta|fresca,,False,False,True
POLLO ENTERO DESCONGELADO,pollo entero descongelado,pollo|entero|descongelado,,False,False,True
LIBRA DE PATA DE VACA,libra de pata de vaca,libra|pata|vaca,,False,False,False
LIBRA DE CHULETA AHUMADA,libra de chuleta ahumada,libra|chuleta|ahumada,,False,False,True
LIBRA DE CARNE DE CERDO,libra de carne de cerdo,libra|carne|cerdo,,False,False,True
LIBRA DE CARNE DE RES MOLIDA,libra de carne de res molida,libra|carne|res|molida,,False,False,True
LIBRA DE CARNE DE RES,libra de carne de res,libra|carne|res,,False,False,True
LIBRA DE POLLO,libra de pollo,libra|pollo,,False,False,True
CHULETA FERESCA,chuleta feresca,chuleta|feresca,,False,False,True
LONGANIZA GRUEZA,longaniza grueza,longaniza|grueza,,False,False,False
MASITA DE CERDO REBANADA,masita de cerdo rebanada,masita|cerdo|rebanada,,False,False,False
PESCADO MERO,pescado mero,pescado|mero,,False,False,True
APIO,apio,apio,,False,False,False
LIMON VERDE,limon verde,limon|verde,,False,False,False
NARANJA AGRIA,naranja agria,naranja|agria,,False,False,False
TOMATE DE ENSALADA,tomate de ensalada,tomate|ensalada,,False,True,False
ZANAHORIA,zanahoria,zanahoria,,False,False,False
BERENJENA,berenjena,berenjena,,False,False,False
TOMATE BARCELO,tomate barcelo,tomate|barcelo,,False,True,False
LECHUGA,lechuga,lechuga,,False,False,False
AJI GUSTOSO,aji gustoso,aji|gustoso,,False,False,False
AJI CUBANELA,aji cubanela,aji|cubanela,,False,False,False
AJI MONROE,aji monroe,aji|monroe,,False,False,False
PEPINO,pepino,pepino,,False,False,False
VERDURA,verdura,verdura,,False,False,False
CILANTRO ANCHO,cilantro ancho,cilantro|ancho,,False,False,False
TOYOTA,toyota,toyota,,False,False,False
CEBOLLA,cebolla,cebolla,,False,True,False
PIÑA,pina,pina,,False,False,False
MELON,melon,melon,,False,False,False
LECHOZA,lechoza,lechoza,,False,False,False
SANDIA,sandia,sandia,,False,False,False
PLATANO VERDE,platano verde,platano|verde,,False,True,False
GUINEO VERDE,guineo verde,guineo|verde,,False,False,False
YUCA,yuca,yuca,,False,True,False
YAUTIA COCO,yautia coco,yautia|coco,,False,False,False
YAUTIA BLANCA,yautia blanca,yautia|blanca,,False,False,False
PAPA,papa,papa,,False,False,False
AUYAMA,auyama,auyama,,False,False,False
ÑAME,name,name,,False,False,False
BATATA,batata,batata,,False,True,False
SALAMI INDUVECA,salami induveca,salami|induveca,,False,False,True
QUESO CHEDAR,queso chedar,queso|chedar,,False,True,False
JAMON PICNIC,jamon picnic,jamon|picnic,,False,False,True
LIBRA DE CARNE DE RES,libra de carne de res,libra|carne|res,,False,False,True
LIBRA DE CARNE DE CERDO,libra de carne de cerdo,libra|carne|cerdo,,False,False,True
LIBRA DE COSTILLA AHUMADA,libra de costilla ahumada,libra|costilla|ahumada,,False,False,True
LIBRA DE CARNE DE RES MOLIDA,libra de carne de res molida,libra|carne|res|molida,,False,False,True
LIBRA DE CHULETA AHUMADA,libra de chuleta ahumada,libra|chuleta|ahumada,,False,False,True
LIBRA DE PATA DE VACA,libra de pata de vaca,libra|pata|vaca,,False,False,False
LIBRA DE POLLO,libra de pollo,libra|pollo,,False,False,True
LIBRA DE CARNE DE CERDO,libra de carne de cerdo,libra|carne|cerdo,,False,False,True
PATA DE VACA,pata de vaca,pata|vaca,,False,False,False
CARNE DE RES,carne de res,carne|res,,False,False,True
LIBRA DE COSTILLA,libra de costilla,libra|costilla,,False,False,True
LIBRA DE CHULETA,libra de chuleta,libra|chuleta,,False,False,True
LIBRA DE POLLO,libra de pollo,libra|pollo,,False,False,True
LIBRA DE CARNE DE CERDO,libra de carne de cerdo,libra|carne|cerdo,,False,False,True
LIBRA DE POLLO,libra de pollo,libra|pollo,,False,False,True
POLLO FRESCO,pollo fresco,pollo|fresco,,False,False,True
CARNE DE RES REBANADA,carne de res rebanada,carne|res|rebanada,,False,False,True
CHULETA FRESCA REBANADA,chuleta fresca rebanada,chuleta|fresca|rebanada,,False,False,True
MASITA DE CERDO REBANADA,masita de cerdo rebanada,masita|cerdo|rebanada,,False,False,False
LIBRA DE CARNE DE CERDO,libra de carne de cerdo,libra|carne|cerdo,,False,False,True
CARNE DE RES,carne de res,carne|res,,False,False,True
CARNE DE RES MOLIDA,carne de res molida,carne|res|molida,,False,False,True
LIBRA DE PATA DE VACA,libra de pata de vaca,libra|pata|vaca,,False,False,False
LIBRA DE POLLO,libra de pollo,libra|pollo,,False,False,True
CARNE MOLIDA FRESCA,carne molida fresca,carne|molida|fresca,,False,False,False
CARNE DE RES REBANADA,carne de res rebanada,carne|res|rebanada,,False,False,True
MASITA DE CERDO REBANADA,masita de cerdo rebanada,masita|cerdo|rebanada,,False,False,False
CHULETA FRESCA,chuleta fresca,chuleta|fresca,,False,False,True
LONGANIZA FRESCA,longaniza fresca,longaniza|fresca,,False,False,False
POLLO FRESCO,pollo fresco,pollo|fresco,,False,False,True
PESCADO MERO,pescado mero,pescado|mero,,False,False,True
POLLO,pollo,pollo,,False,False,True
CARNE DE CERDO,carne de cerdo,carne|cerdo,,False,False,True
CARNE DE RES,carne de res,carne|res,,False,False,True
CARNE DE RES MOLIDA,carne de res molida,carne|res|molida,,False,False,True
LIBRA DE PATA DE VACA,libra de pata de vaca,libra|pata|vaca,,False,False,False
CHULETA,chuleta,chuleta,,False,False,True
COSTILLITA,costillita,costillita,,False,False,False
PLATANO VERDE,platano verde,platano|verde,,False,True,False
GUINEO VERDE,guineo verde,guineo|verde,,False,False,False
YUCA,yuca,yuca,,False,True,False
YAUTIA COCO,yautia coco,yautia|coco,,False,False,False
YAUTIA BLANCA,yautia blanca,yautia|blanca,,False,False,False
PAPA,papa,papa,,False,False,False
AUYAMA,auyama,auyama,,False,False,False
ÑAME,name,name,,False,False,False
SALAMI INDUVECA,salami induveca,salami|induveca,,False,False,True
QUESO CHEDAR,queso chedar,queso|chedar,,False,True,False
JAMON PICNIC,jamon picnic,jamon|picnic,,False,False,True
PLATO FOAMI CON DIVISION/200/1 CATAI/PLASTIFAR,plato foami con division/200/1 catai/plastifar,plato|foami|division/200/1|catai/plastifar|200/1,,False,False,False
VASO MOLDY PLASTICO # 7 50PAQ/50,vaso moldy plastico 7 50paq/50,vaso|moldy|plastico|7|50paq/50,,False,False,False
TENEDOR BAMBINO/PLASTIFAR 40/1,tenedor bambino/plastifar 40/1,tenedor|bambino/plastifar|40/1|40/1,,False,False,False
CUCHARAS BAMBINO /PLASTIFAR 40/1,cucharas bambino /plastifar 40/1,cucharas|bambino|/plastifar|40/1|40/1,,False,False,False
PAPEL DE ALUMINIO DIAMOND 18X1000FT,papel de aluminio diamond 18x1000ft,papel|aluminio|diamond|18x1000ft|1000 pies,,False,False,False
CUBETA CON TAPA TRANSPARENTE,cubeta con tapa transparente,cubeta|tapa|transparente,,False,False,False
COLADOR ESPUMADERA,colador espumadera,colador|espumadera,,False,False,False
PLATANO VERDE,platano verde,platano|verde,,False,True,False
GUINEO VERDE,guineo verde,guineo|verde,,False,False,False
YUCA,yuca,yuca,,False,True,False
YAUTIA COCO,yautia coco,yautia|coco,,False,False,False
YAUTIA BLANCA,yautia blanca,yautia|blanca,,False,False,False
PAPA,papa,papa,,False,False,False
AUYAMA,auyama,auyama,,False,False,False
ÑAME,name,name,,False,False,False
SALAMI INDUVECA,salami induveca,salami|induveca,,False,False,True
QUESO CHEDAR,queso chedar,queso|chedar,,False,True,False
JAMON PICNIC,jamon picnic,jamon|picnic,,False,False,True
POLLO,pollo,pollo,,False,False,True
CARNE DE RES,carne de res,carne|res,,False,False,True
LIBRA DE PATA DE VACA,libra de pata de vaca,libra|pata|vaca,,False,False,False
CHULETA,chuleta,chuleta,,False,False,True
CARNE DE CERDO,carne de cerdo,carne|cerdo,,False,False,True
COSTILLA AHUMADA,costilla ahumada,costilla|ahumada,,False,False,True
POLLO FRESCO,pollo fresco,pollo|fresco,,False,False,True
PESCADO MERO,pescado mero,pescado|mero,,False,False,True
RES REBANADA,res rebanada,res|rebanada,,False,False,False
CARNE MOLIDA FRESCA,carne molida fresca,carne|molida|fresca,,False,False,False
MASITA DE CERDO REBANADA,masita de cerdo rebanada,masita|cerdo|rebanada,,False,False,False
CHULETA FRESCA,chuleta fresca,chuleta|fresca,,False,False,True
LONGANIZA FRESCA,longaniza fresca,longaniza|fresca,,False,False,False
PESCADO MERO,pescado mero,pescado|mero,,False,False,True
CHULETA FRESCA,chuleta fresca,chuleta|fresca,,False,False,True
MASITA DE CERDO REBANADA,masita de cerdo rebanada,masita|cerdo|rebanada,,False,False,False
LONGANIZA GRUESA,longaniza gruesa,longaniza|gruesa,,False,False,False
PESCADO MERO,pescado mero,pescado|mero,,False,False,True
POLLO FRESCO,pollo fresco,pollo|fresco,,False,False,True
RES MOLIDA,res molida,res|molida,,False,False,True
RES REBANADA,res rebanada,res|rebanada,,False,False,False
CARNE DE RES,carne de res,carne|res,,False,False,True
CARNE DE CERDO,carne de cerdo,carne|cerdo,,False,False,True
CHULETA AHUMADA,chuleta ahumada,chuleta|ahumada,,False,False,True
COSTILLITA,costillita,costillita,,False,False,False
PATA DE VACA,pata de vaca,pata|vaca,,False,False,False
POLLO,pollo,pollo,,False,False,True
POLLO FRESCO,pollo fresco,pollo|fresco,,False,False,True
RES MOLIDA,res molida,res|molida,,False,False,True
RES REBANADA,res rebanada,res|rebanada,,False,False,False
PESCADO MERO,pescado mero,pescado|mero,,False,False,True
POLLO FRESCO,pollo fresco,pollo|fresco,,False,False,True
POLLO FRESCO,pollo fresco,pollo|fresco,,False,False,True
CHULETA FRESCA,chuleta fresca,chuleta|fresca,,False,False,True
MASITA DE CERDO REBANADA,masita de cerdo rebanada,masita|cerdo|rebanada,,False,False,False
PIERNA DE CERDO DE 30 LIBRAS,pierna de cerdo de 30 libras,pierna|cerdo|30|libras,,False,False,False
CARNE DE CERDO,carne de cerdo,carne|cerdo,,False,False,True
COSTILLITA,costillita,costillita,,False,False,False
CARNE DE RES,carne de res,carne|res,,False,False,True
MONDONGO,mondongo,mondongo,,False,False,False
CHULETA,chuleta,chuleta,,False,False,True
PATA DE VACA,pata de vaca,pata|vaca,,False,False,False
POLLO,pollo,pollo,,False,False,True
VASO 10 OZ BLANCO 20/50,vaso 10 oz blanco 20/50,vaso|10|oz|blanco|20/50|20/50,,False,False,False
VASO 4 OZ PAPER PLUS BLANCO 20/50,vaso 4 oz paper plus blanco 20/50,vaso|4|oz|paper|plus|blanco|20/50|20/50,,False,False,False
RES MOLIDA,res molida,res|molida,,False,False,True
CARNE DE RES,carne de res,carne|res,,False,False,True
POLLO,pollo,pollo,,False,False,True
PATA DE VACA,pata de vaca,pata|vaca,,False,False,False
CARNE DE CERDO,carne de cerdo,carne|cerdo,,False,False,True
MONDONGO,mondongo,mondongo,,False,False,False
CHULETA,chuleta,chuleta,,False,False,True
RES MOLIDA,res molida,res|molida,,False,False,True
CARNE DE RES,carne de res,carne|res,,False,False,True
POLLO,pollo,pollo,,False,False,True
PATA DE VACA,pata de vaca,pata|vaca,,False,False,False
CARNE DE CERDO,carne de cerdo,carne|cerdo,,False,False,True
MONDONGO,mondongo,mondongo,,False,False,False
CHULETA,chuleta,chuleta,,False,False,True
POLLO FRESCO,pollo fresco,pollo|fresco,,False,False,True
PESCADO MERO,pescado mero,pescado|mero,,False,False,True
BACALAO CON ESPINA,bacalao con espina,bacalao|espina,,False,False,True
CHULETA FRESCA,chuleta fresca,chuleta|fresca,,False,False,True
MASITA DE CERDO REBANADA,masita de cerdo rebanada,masita|cerdo|rebanada,,False,False,False
LONGANIZA GRUESA,longaniza gruesa,longaniza|gruesa,,False,False,False
RES REBANADA,res rebanada,res|rebanada,,False,False,False
RES MOLIDA,res molida,res|molida,,False,False,True
CARNE DE CERDO,carne de cerdo,carne|cerdo,,False,False,True
CHULETA AHUMADA,chuleta ahumada,chuleta|ahumada,,False,False,True
"SABANAS BLANCAS TAMAÑO TWIN 170 CM X 270 CM (66''X 106''), POLIESTER Y ALGODÓN PEINADO, 180 HILOS",sabanas blancas tamano twin 170 cm x 270 cm 66 x 106 poliester y algodon peinado 180 hilos,sabanas|blancas|tamano|twin|170|cm|x|270,LG,False,False,False
CARNE DE RES,carne de res,carne|res,,False,False,True
POLLO,pollo,pollo,,False,False,True
PATA DE VACA,pata de vaca,pata|vaca,,False,False,False
CARNE DE CERDO,carne de cerdo,carne|cerdo,,False,False,True
MONDONGO,mondongo,mondongo,,False,False,False
CHULETA AHUMADA,chuleta ahumada,chuleta|ahumada,,False,False,True
CARNE DE RES,carne de res,carne|res,,False,False,True
POLLO,pollo,pollo,,False,False,True
PATA DE VACA,pata de vaca,pata|vaca,,False,False,False
CARNE DE CERDO,carne de cerdo,carne|cerdo,,False,False,True
MONDONGO,mondongo,mondongo,,False,False,False
CHULETA AHUMADA,chuleta ahumada,chuleta|ahumada,,False,False,True
PLATANO VERDE,platano verde,platano|verde,,False,True,False
GUINEO VERDE,guineo verde,guineo|verde,,False,False,False
YUCA,yuca,yuca,,False,True,False
BATATA,batata,batata,,False,True,False
YAUTIA BLANCA,yautia blanca,yautia|blanca,,False,False,False
PAPA,papa,papa,,False,False,False
AUYAMA,auyama,auyama,,False,False,False
ÑAME,name,name,,False,False,False
YAUTIA COCO,yautia coco,yautia|coco,,False,False,False
SALAMI INDUVECA,salami induveca,salami|induveca,,False,False,True
QUESO CHEDAR,queso chedar,queso|chedar,,False,True,False
JAMON PICNIC,jamon picnic,jamon|picnic,,False,False,True
QUESO MOZARELLA,queso mozarella,queso|mozarella,,False,True,False
CARNE DE RES,carne de res,carne|res,,False,False,True
POLLO,pollo,pollo,,False,False,True
PATA DE VACA,pata de vaca,pata|vaca,,False,False,False
CARNE DE CERDO,carne de cerdo,carne|cerdo,,False,False,True
MONDONGO,mondongo,mondongo,,False,False,False
COSTILLITA,costillita,costillita,,False,False,False
CHULETA AHUMADA,chuleta ahumada,chuleta|ahumada,,False,False,True
POLLO,pollo,pollo,,False,False,True
PESCADO MERO,pescado mero,pescado|mero,,False,False,True
CHULETA FRESCA,chuleta fresca,chuleta|fresca,,False,False,True
MASITA DE CERDO REBANADA,masita de cerdo rebanada,masita|cerdo|rebanada,,False,False,False
POLLO,pollo,pollo,,False,False,True
PESCADO MERO,pescado mero,pescado|mero,,False,False,True
CHULETA FRESCA,chuleta fresca,chuleta|fresca,,False,False,True
MASITA DE CERDO REBANADA,masita de cerdo rebanada,masita|cerdo|rebanada,,False,False,False
"CANASTILLA BASICA PARA BEBE. INCLUYE: BAÑITO PEQUEÑO, MANTA,ENTERIZO, FRANELA, MEDIAS, TENDEDERO, PEINE Y CEPILLO, HISOPOS, JABON Y CHAMPU.",canastilla basica para bebe. incluye banito pequeno manta enterizo franela medias tendedero peine y cepillo hisopos jabon y champu.,canastilla|basica|para|bebe.|incluye|banito|pequeno|manta,,False,False,False
CAJAS PLASTICAS DE ALMACENAMIENTO TRANSPARENTE C/TAPA,cajas plasticas de almacenamiento transparente c/tapa,cajas|plasticas|almacenamiento|transparente|c/tapa,,False,False,False
CHULETA,chuleta,chuleta,,False,False,True
MASITA DE CERDO,masita de cerdo,masita|cerdo,,False,False,False
CARNE DE RES,carne de res,carne|res,,False,False,True
POLLO,pollo,pollo,,False,False,True
PATA DE VACA,pata de vaca,pata|vaca,,False,False,False
CARNE DE CERDO,carne de cerdo,carne|cerdo,,False,False,True
MONDONGO,mondongo,mondongo,,False,False,False
COSTILLITA,costillita,costillita,,False,False,False
CHULETA AHUMADA,chuleta ahumada,chuleta|ahumada,,False,False,True
PECHUGA DE POLLO,pechuga de pollo,pechuga|pollo,,False,False,True
CARNE DE RES,carne de res,carne|res,,False,False,True
POLLO,pollo,pollo,,False,False,True
CARNE DE CERDO,carne de cerdo,carne|cerdo,,False,False,True
COSTILLITA,costillita,costillita,,False,False,False
CHULETA AHUMADA,chuleta ahumada,chuleta|ahumada,,False,False,True
PECHUGA DE POLLO,pechuga de pollo,pechuga|pollo,,False,False,True
CARNE DE RES,carne de res,carne|res,,False,False,True
POLLO,pollo,pollo,,False,False,True
CARNE DE CERDO,carne de cerdo,carne|cerdo,,False,False,True
RES MOLIDA,res molida,res|molida,,False,False,True
COSTILLITA,costillita,costillita,,False,False,False
CHULETA AHUMADA,chuleta ahumada,chuleta|ahumada,,False,False,True
POLLO,pollo,pollo,,False,False,True
CHULETA FRESCA,chuleta fresca,chuleta|fresca,,False,False,True
RES MOLIDA,res molida,res|molida,,False,False,True
RES REBANADA,res rebanada,res|rebanada,,False,False,False
CARNE DE RES,carne de res,carne|res,,False,False,True
POLLO,pollo,pollo,,False,False,True
CARNE DE CERDO,carne de cerdo,carne|cerdo,,False,False,True
PECHUGA DE POLLO,pechuga de pollo,pechuga|pollo,,False,False,True
MONDONGO,mondongo,mondongo,,False,False,False
CHULETA AHUMADA,chuleta ahumada,chuleta|ahumada,,False,False,True
PATA DE VACA,pata de vaca,pata|vaca,,False,False,False
POLLO,pollo,pollo,,False,False,True
CHULETA FRESCA,chuleta fresca,chuleta|fresca,,False,False,True
RES MOLIDA,res molida,res|molida,,False,False,True
RES REBANADA,res rebanada,res|rebanada,,False,False,False
CARNE DE RES,carne de res,carne|res,,False,False,True
POLLO,pollo,pollo,,False,False,True
CARNE DE CERDO,carne de cerdo,carne|cerdo,,False,False,True
PECHUGA DE POLLO,pechuga de pollo,pechuga|pollo,,False,False,True
MONDONGO,mondongo,mondongo,,False,False,False
CHULETA AHUMADA,chuleta ahumada,chuleta|ahumada,,False,False,True
PATA DE VACA,pata de vaca,pata|vaca,,False,False,False
BANDEJA DE MORO DE HABICHUELAS NEGRAS,bandeja de moro de habichuelas negras,bandeja|moro|habichuelas|negras,,False,True,False
BANDEJA DE ENSALADA HERVIDA,bandeja de ensalada hervida,bandeja|ensalada|hervida,,False,False,False
BANDEJA DE POLLOS HORNEADOS,bandeja de pollos horneados,bandeja|pollos|horneados,,False,False,True
BANDEJA DE PASTELON DE PLATANO MADURO,bandeja de pastelon de platano maduro,bandeja|pastelon|platano|maduro,,False,True,False
ACEITE DE SOYA LINDA  16 OZ 24/1,aceite de soya linda 16 oz 24/1,aceite|soya|linda|16|oz|24/1|24/1,,False,False,False
ARROZ SELECTO LA CIGUA GRADO A (PAQ 5 LB) 12/1,arroz selecto la cigua grado a paq 5 lb 12/1,arroz|selecto|cigua|grado|a|paq|5|lb|12/1|5 lb,,False,True,False
AVENA EN HOJUELAS INSTANTANEA AMERICANA 300 G  40/1,avena en hojuelas instantanea americana 300 g 40/1,avena|hojuelas|instantanea|americana|300|g|40/1|40/1,,False,False,False
SAZON EN POLVO 8OZ (24 UND),sazon en polvo 8oz 24 und,sazon|polvo|8oz|24|und,,False,False,False
ESPAGUETIS MILANO 400G MILANO 24/1,espaguetis milano 400g milano 24/1,espaguetis|milano|400g|milano|24/1|24/1,,False,False,False
CHOCOLATE EN BARRAS MUNE  (10 TAB 25G) 72/1,chocolate en barras mune 10 tab 25g 72/1,chocolate|barras|mune|10|tab|25g|72/1|72/1,,False,False,False
HABICHUELAS PINTAS DON RODRIGO 400G 30/1,habichuelas pintas don rodrigo 400g 30/1,habichuelas|pintas|don|rodrigo|400g|30/1|30/1,,False,True,False
GUANDULES (LATA 15OZ) 24 UND LINDA,guandules lata 15oz 24 und linda,guandules|lata|15oz|24|und|linda,,False,False,False
MAIZ DULCE RODRIGO 15 OZ 24/1,maiz dulce rodrigo 15 oz 24/1,maiz|dulce|rodrigo|15|oz|24/1|24/1,,False,False,False
LECHE EN POLVO MILEX 125GR 48/1,leche en polvo milex 125gr 48/1,leche|polvo|milex|125gr|48/1|48/1,,False,True,False
PASTA DE TOMATE VICTORINA  8 OZ 24/1,pasta de tomate victorina 8 oz 24/1,pasta|tomate|victorina|8|oz|24/1|24/1,,False,False,False
SAL MARINA MOLIDA REFINADA LIDER  FDA 1LB 25/1,sal marina molida refinada lider fda 1lb 25/1,sal|marina|molida|refinada|lider|fda|1|lb|25/1|1 lb,,False,False,False
SARDINAS EN ACEITE AGUSTO 125 GR 24/1,sardinas en aceite agusto 125 gr 24/1,sardinas|aceite|agusto|125|gr|24/1|24/1,,False,False,False
SALCHICHAS DE CERDO JAJA 10 OZ 24/1,salchichas de cerdo jaja 10 oz 24/1,salchichas|cerdo|jaja|10|oz|24/1|24/1,,False,False,False
ACEITE DE SOYA LA JOYA 16 OZ 24/1,aceite de soya la joya 16 oz 24/1,aceite|soya|joya|16|oz|24/1|24/1,,False,False,False
ARROZ SELECTO LA CIGUA GRADO A (PAQ 5 LB) 12/1,arroz selecto la cigua grado a paq 5 lb 12/1,arroz|selecto|cigua|grado|a|paq|5|lb|12/1|5 lb,,False,True,False
AVENA EN HOJUELAS INSTANTANEA AMERICANA 300G  40/1,avena en hojuelas instantanea americana 300g 40/1,avena|hojuelas|instantanea|americana|300g|40/1|40/1,,False,False,False
SAZON EN POLVO CONSTANZA 8OZ 24/1,sazon en polvo constanza 8oz 24/1,sazon|polvo|constanza|8oz|24/1|24/1,,False,False,False
ESPAGUETIS MILANO 350G MILANO 24/1,espaguetis milano 350g milano 24/1,espaguetis|milano|350g|milano|24/1|24/1,,False,False,False
CHOCOLATE EN BARRAS MUNE  (10 TAB 25G) 72/1,chocolate en barras mune 10 tab 25g 72/1,chocolate|barras|mune|10|tab|25g|72/1|72/1,,False,False,False
HABICHUELAS PINTAS DON RODRIGO 400G 30/1,habichuelas pintas don rodrigo 400g 30/1,habichuelas|pintas|don|rodrigo|400g|30/1|30/1,,False,True,False
GUANDULES LINDA (LATA 15OZ) 24/1,guandules linda lata 15oz 24/1,guandules|linda|lata|15oz|24/1|24/1,,False,False,False
MAIZ DULCE RODRIGO 15 OZ 24/1,maiz dulce rodrigo 15 oz 24/1,maiz|dulce|rodrigo|15|oz|24/1|24/1,,False,False,False
LECHE EN POLVO MILEX 125GR 48/1,leche en polvo milex 125gr 48/1,leche|polvo|milex|125gr|48/1|48/1,,False,True,False
PASTA DE TOMATE VICTORINA  8 OZ 24/1,pasta de tomate victorina 8 oz 24/1,pasta|tomate|victorina|8|oz|24/1|24/1,,False,False,False
SAL MARINA MOLIDA REFISAL FDA 1LB 25/1,sal marina molida refisal fda 1lb 25/1,sal|marina|molida|refisal|fda|1|lb|25/1|25/1|1 lb,,False,False,False
SARDINAS EN ACEITE AGUSTO 125 GR 24/1,sardinas en aceite agusto 125 gr 24/1,sardinas|aceite|agusto|125|gr|24/1|24/1,,False,False,False
SALCHICHAS DE CERDO JAJA 10 OZ 24/1,salchichas de cerdo jaja 10 oz 24/1,salchichas|cerdo|jaja|10|oz|24/1|24/1,,False,False,False
CARNE DE CERDO,carne de cerdo,carne|cerdo,,False,False,True
CARNE DE RES,carne de res,carne|res,,False,False,True
POLLO ENTERO GRANDE Y FRESCO,pollo entero grande y fresco,pollo|entero|grande|fresco,,False,False,True
MONDOGO DE RES,mondogo de res,mondogo|res,,False,False,False
PATA DE VACA,pata de vaca,pata|vaca,,False,False,False
CHULETA AHUMADA,chuleta ahumada,chuleta|ahumada,,False,False,True
COSTILLA AHUMADA,costilla ahumada,costilla|ahumada,,False,False,True
CARNE DE CERDO,carne de cerdo,carne|cerdo,,False,False,True
CARNE DE RES,carne de res,carne|res,,False,False,True
POLLO ENTERO GRANDE Y FRESCO,pollo entero grande y fresco,pollo|entero|grande|fresco,,False,False,True
MONDOGO DE RES,mondogo de res,mondogo|res,,False,False,False
PATA DE VACA,pata de vaca,pata|vaca,,False,False,False
CHULETA AHUMADA,chuleta ahumada,chuleta|ahumada,,False,False,True
COSTILLA AHUMADA,costilla ahumada,costilla|ahumada,,False,False,True
KIT DE RACIONES ALIMENTICIAS,kit de raciones alimenticias,kit|raciones|alimenticias,,False,False,False
ACEITE DE SOYA LA JOYA 16 OZ 24/1,aceite de soya la joya 16 oz 24/1,aceite|soya|joya|16|oz|24/1|24/1,,False,False,False
ARROZ SELECTO LA CIGUA GRADO A (PAQ 5 LB) 12/1,arroz selecto la cigua grado a paq 5 lb 12/1,arroz|selecto|cigua|grado|a|paq|5|lb|12/1|5 lb,,False,True,False
AVENA EN HOJUELAS INSTANTANEA AMERICANA 300G  40/1,avena en hojuelas instantanea americana 300g 40/1,avena|hojuelas|instantanea|americana|300g|40/1|40/1,,False,False,False
SAZON EN POLVO CONSTANZA 8OZ 24/1,sazon en polvo constanza 8oz 24/1,sazon|polvo|constanza|8oz|24/1|24/1,,False,False,False
ESPAGUETIS MILANO 350G MILANO 24/1,espaguetis milano 350g milano 24/1,espaguetis|milano|350g|milano|24/1|24/1,,False,False,False
CHOCOLATE EN BARRAS MUNE  (10 TAB 25G) 72/1,chocolate en barras mune 10 tab 25g 72/1,chocolate|barras|mune|10|tab|25g|72/1|72/1,,False,False,False
HABICHUELAS PINTAS DON RODRIGO 400G 30/1,habichuelas pintas don rodrigo 400g 30/1,habichuelas|pintas|don|rodrigo|400g|30/1|30/1,,False,True,False
GUANDULES LINDA (LATA 15OZ) 24/1,guandules linda lata 15oz 24/1,guandules|linda|lata|15oz|24/1|24/1,,False,False,False
MAIZ DULCE RODRIGO 15 OZ 24/1,maiz dulce rodrigo 15 oz 24/1,maiz|dulce|rodrigo|15|oz|24/1|24/1,,False,False,False
LECHE EN POLVO MILEX 125GR 48/1,leche en polvo milex 125gr 48/1,leche|polvo|milex|125gr|48/1|48/1,,False,True,False
PASTA DE TOMATE VICTORINA  8 OZ 24/1,pasta de tomate victorina 8 oz 24/1,pasta|tomate|victorina|8|oz|24/1|24/1,,False,False,False
SAL MARINA MOLIDA REFISAL FDA 1LB 25/1,sal marina molida refisal fda 1lb 25/1,sal|marina|molida|refisal|fda|1|lb|25/1|25/1|1 lb,,False,False,False
SARDINAS EN ACEITE AGUSTO 125 GR 24/1,sardinas en aceite agusto 125 gr 24/1,sardinas|aceite|agusto|125|gr|24/1|24/1,,False,False,False
SALCHICHAS DE CERDO JAJA 10 OZ 24/1,salchichas de cerdo jaja 10 oz 24/1,salchichas|cerdo|jaja|10|oz|24/1|24/1,,False,False,False
KIT DE RACIONES ALIMENTICIAS,kit de raciones alimenticias,kit|raciones|alimenticias,,False,False,False
KIT DE RACIONES ALIMENTICIAS,kit de raciones alimenticias,kit|raciones|alimenticias,,False,False,False
MONDOGO,mondogo,mondogo,,False,False,False
LIBRA DE POLLO,libra de pollo,libra|pollo,,False,False,True
COSTILLAS AHUMADA,costillas ahumada,costillas|ahumada,,False,False,False
PATA DE VACA,pata de vaca,pata|vaca,,False,False,False
CARNE DE RES,carne de res,carne|res,,False,False,True
LIBRA DE CERDO,libra de cerdo,libra|cerdo,,False,False,False
LIBRA DE CHULETA AHUMADA,libra de chuleta ahumada,libra|chuleta|ahumada,,False,False,True
CHULETA AHUMADA (LONJEADA),chuleta ahumada lonjeada,chuleta|ahumada|lonjeada,,False,False,True
JAMON PICNIC (5LB),jamon picnic 5lb,jamon|picnic|5|lb|5 lb,,False,False,True
SALAMI (3.41 LB),salami 3.41 lb,salami|3.41|lb|3.41 lb,,False,False,True
QUESO CHEDAR (5 LB),queso chedar 5 lb,queso|chedar|5|lb|5 lb,,False,True,False
QUESO DANES (5LB),queso danes 5lb,queso|danes|5|lb|5 lb,,False,True,False
QUESO CREMA (5 LB),queso crema 5 lb,queso|crema|5|lb|5 lb,,False,True,False
QUESO BLANCO DE FREIR (5LB),queso blanco de freir 5lb,queso|blanco|freir|5|lb|5 lb,,False,True,False
CAFÉ MOLIDO 100% PURO DE 1 LB PILON,cafe molido 100% puro de 1 lb pilon,cafe|molido|100%|puro|1|lb|pilon|1 lb,,False,False,False
CREMOLA 1 LB FOOD CLUB,cremola 1 lb food club,cremola|1|lb|food|club|1 lb,,False,False,False
BOTELLA DE AGUA 20oz 12/1 VILLAR,botella de agua 20oz 12/1 villar,botella|agua|20oz|12/1|villar|12/1,,False,False,False
AZUCAR CREMA 2 LB CRISTAL,azucar crema 2 lb cristal,azucar|crema|2|lb|cristal|2 lb,,False,True,False
AZUCAR DIETETICA SPLENDA 300/1,azucar dietetica splenda 300/1,azucar|dietetica|splenda|300/1|300/1,,False,True,False
AZUCAR CREMA,azucar crema,azucar|crema,,False,True,False
CHOCOLATE EN TABLETAS,chocolate en tabletas,chocolate|tabletas,,False,False,False
LECHE ENTERA,leche entera,leche|entera,,False,True,False
LECHE EVAPORADA,leche evaporada,leche|evaporada,,False,True,False
LECHE DE COCO,leche de coco,leche|coco,,False,True,False
MAYONESSA GALON,mayonessa galon,mayonessa|galon,,False,False,False
MANTEQUILLA  GRANDE,mantequilla grande,mantequilla|grande,,False,True,False
ARROZ BLANCO 50LB,arroz blanco 50lb,arroz|blanco|50|lb|50 lb,,False,True,False
ACEITE,aceite,aceite,,False,False,False
ACEITE VERDE,aceite verde,aceite|verde,,False,False,False
CODITO,codito,codito,,False,False,False
FIDEOS,fideos,fideos,,False,False,False
VINAGRE AMBAR,vinagre ambar,vinagre|ambar,,False,False,False
VINAGRE BLANCO,vinagre blanco,vinagre|blanco,,False,False,False
ESPAGUETIS,espaguetis,espaguetis,,False,False,False
GALLETA DE SODA,galleta de soda,galleta|soda,,False,False,False
CALDO DE POLLO,caldo de pollo,caldo|pollo,,False,False,True
HARINA D TRIGO,harina d trigo,harina|d|trigo,,False,True,False
JUGO CONCENTRADO GALON,jugo concentrado galon,jugo|concentrado|galon,,False,False,False
HARINA DE NEGRITO,harina de negrito,harina|negrito,,False,True,False
MAIZ ENLATADO,maiz enlatado,maiz|enlatado,,False,False,False
HARINA DE MAIZ,harina de maiz,harina|maiz,,False,True,False
SAL MOLIDA YADADA,sal molida yadada,sal|molida|yadada,,False,False,False
SALSA CHINA GALON,salsa china galon,salsa|china|galon,,False,False,False
VAINILLA,vainilla,vainilla,,False,False,False
CREMA DE LECHE,crema de leche,crema|leche,,False,True,False
QUESO AMARILLO,queso amarillo,queso|amarillo,,False,True,False
QUESO MOZARELLA,queso mozarella,queso|mozarella,,False,True,False
JAMON DE PAVO,jamon de pavo,jamon|pavo,,False,False,True
FILETE DE RES,filete de res,filete|res,,False,False,False
MUSLO DE POLLO,muslo de pollo,muslo|pollo,,False,False,True
PECHUGA DE POLLO,pechuga de pollo,pechuga|pollo,,False,False,True
CARNE DE CERDO EN TIRAS,carne de cerdo en tiras,carne|cerdo|tiras,,False,False,True
HUEVOS 30/1,huevos 30/1,huevos|30/1|30/1,,False,True,False
ATUN EN ACEITE,atun en aceite,atun|aceite,,False,False,False
Preliminares,preliminares,preliminares,,False,False,False
Demolicion,demolicion,demolicion,,True,False,False
Bote de Material,bote de material,bote|material,,True,False,False
Construccion de Rampa p/Puerta principal,construccion de rampa p/puerta principal,construccion|rampa|p/puerta|principal,,False,False,False
Rampa en Hormigon 210 kg/cm2-h:0.20  con malla electrosoldada,rampa en hormigon 210 kg/cm2-h 0.20 con malla electrosoldada,rampa|hormigon|210|kg/cm2-h|0.20|malla|electrosoldada|210 kg,,False,False,False
Construccion Acera,construccion acera,construccion|acera,,False,False,False
Acera e=0.10m malla electrosold. D2.3 10x10 (Violinada),acera e 0.10m malla electrosold. d2.3 10x10 violinada,acera|e|0.10m|malla|electrosold.|d2.3|10x10|violinada,,False,False,False
Conten pulido de  h=0.20m,conten pulido de h 0.20m,conten|pulido|h|0.20m,,False,False,False
Pisos,pisos,pisos,,False,False,False
Porcelanato 60x60 Español,porcelanato 60x60 espanol,porcelanato|60x60|espanol,,False,False,False
Socalo,socalo,socalo,,False,False,False
DIRECCION TECNICA,direccion tecnica,direccion|tecnica,,False,False,False
TRANSPORTE,transporte,transporte,,False,False,False
Preliminares,preliminares,preliminares,,False,False,False
Demolicion,demolicion,demolicion,,True,False,False
Bote de Material,bote de material,bote|material,,True,False,False
Construccion de Rampa p/Puerta principal,construccion de rampa p/puerta principal,construccion|rampa|p/puerta|principal,,False,False,False
Rampa en Hormigon 210 kg/cm2-h:0.20  con malla electrosoldada,rampa en hormigon 210 kg/cm2-h 0.20 con malla electrosoldada,rampa|hormigon|210|kg/cm2-h|0.20|malla|electrosoldada|210 kg,,False,False,False
Construccion Acera,construccion acera,construccion|acera,,False,False,False
Acera e=0.10m malla electrosold. D2.3 10x10 (Violinada),acera e 0.10m malla electrosold. d2.3 10x10 violinada,acera|e|0.10m|malla|electrosold.|d2.3|10x10|violinada,,False,False,False
Conten pulido de  h=0.20m,conten pulido de h 0.20m,conten|pulido|h|0.20m,,False,False,False
Pisos,pisos,pisos,,False,False,False
Porcelanato 60x60 Español,porcelanato 60x60 espanol,porcelanato|60x60|espanol,,False,False,False
Socalo,socalo,socalo,,False,False,False
DIRECCION TECNICA,direccion tecnica,direccion|tecnica,,False,False,False
TRANSPORTE,transporte,transporte,,False,False,False
Volumen Análisis,volumen analisis,volumen|analisis,,False,False,False
Materiales y Equipos,materiales y equipos,materiales|equipos,,False,False,False
Malla Electrosoldada D2.3 10x10mm + 10% desp.,malla electrosoldada d2.3 10x10mm 10% desp.,malla|electrosoldada|d2.3|10x10|mm|10%|desp.,,False,False,False
Hormigón industrial 210Kg/cm2 - 10% desp,hormigon industrial 210kg/cm2 - 10% desp,hormigon|industrial|210|kg/cm2|-|10%|desp|210 kg,,False,False,False
Alambre Dulce No. 18,alambre dulce no. 18,alambre|dulce|no.|18,,False,False,False
Mano de Obra,mano de obra,mano|obra,,True,False,False
Preparación superficie - Ayudante AY,preparacion superficie - ayudante ay,preparacion|superficie|-|ayudante|ay,,True,False,False
Mano de Obra colocación malla,mano de obra colocacion malla,mano|obra|colocacion|malla,,True,False,False
Mano de obra frotado y violinado,mano de obra frotado y violinado,mano|obra|frotado|violinado,,True,False,False
Total/UND,total/und,total/und,,False,False,False
TOTAL/M3,total/m3,total/m3,,False,False,False
Preliminares,preliminares,preliminares,,False,False,False
Demolicion,demolicion,demolicion,,True,False,False
Preparacion de terreno,preparacion de terreno,preparacion|terreno,,True,False,False
Bote de Material,bote de material,bote|material,,True,False,False
Brigada topografica,brigada topografica,brigada|topografica,,True,False,False
Construccion de Rampa y platea p/parqueos  en Hormigon Asfaltico E:0.07,construccion de rampa y platea p/parqueos en hormigon asfaltico e 0.07,construccion|rampa|platea|p/parqueos|hormigon|asfaltico|e|0.07,,False,False,False
Hormigon Asfaltico,hormigon asfaltico,hormigon|asfaltico,,False,False,False
"Construccion Conten, Acera y Platea",construccion conten acera y platea,construccion|conten|acera|platea,,False,False,False
Acera en Hormigon 210 kg/cm2- e=0.10m   (Violinada),acera en hormigon 210 kg/cm2- e 0.10m violinada,acera|hormigon|210|kg/cm2-|e|0.10m|violinada|210 kg,,False,False,False
Conten pulido de  h=0.20m,conten pulido de h 0.20m,conten|pulido|h|0.20m,,False,False,False
Platea en Hormigon 210 kg/cm2-h:0.10  con malla electrosold. D2.3 20x20,platea en hormigon 210 kg/cm2-h 0.10 con malla electrosold. d2.3 20x20,platea|hormigon|210|kg/cm2-h|0.10|malla|electrosold.|d2.3|210 kg,,False,False,False
Construccion Pandereta p/division en Sheetrock,construccion pandereta p/division en sheetrock,construccion|pandereta|p/division|sheetrock,,False,False,False
Pandereta en Sheetrock,pandereta en sheetrock,pandereta|sheetrock,,False,False,False
DIRECCION TECNICA,direccion tecnica,direccion|tecnica,,False,False,False
TRANSPORTE,transporte,transporte,,False,False,False
Preliminares,preliminares,preliminares,,False,False,False
Demolicion,demolicion,demolicion,,True,False,False
Preparacion de terreno,preparacion de terreno,preparacion|terreno,,True,False,False
Bote de Material,bote de material,bote|material,,True,False,False
Brigada topografica,brigada topografica,brigada|topografica,,True,False,False
Construccion de Rampa y platea p/parqueos  en Hormigon Asfaltico E:0.07,construccion de rampa y platea p/parqueos en hormigon asfaltico e 0.07,construccion|rampa|platea|p/parqueos|hormigon|asfaltico|e|0.07,,False,False,False
Hormigon Asfaltico,hormigon asfaltico,hormigon|asfaltico,,False,False,False
"Construccion Conten, Acera y Platea",construccion conten acera y platea,construccion|conten|acera|platea,,False,False,False
Acera en Hormigon 210 kg/cm2- e=0.10m   (Violinada),acera en hormigon 210 kg/cm2- e 0.10m violinada,acera|hormigon|210|kg/cm2-|e|0.10m|violinada|210 kg,,False,False,False
Conten pulido de  h=0.20m,conten pulido de h 0.20m,conten|pulido|h|0.20m,,False,False,False
Platea en Hormigon 210 kg/cm2-h:0.10  con malla electrosold. D2.3 20x20,platea en hormigon 210 kg/cm2-h 0.10 con malla electrosold. d2.3 20x20,platea|hormigon|210|kg/cm2-h|0.10|malla|electrosold.|d2.3|210 kg,,False,False,False
Construccion Pandereta p/division en Sheetrock,construccion pandereta p/division en sheetrock,construccion|pandereta|p/division|sheetrock,,False,False,False
Pandereta en Sheetrock,pandereta en sheetrock,pandereta|sheetrock,,False,False,False
TRANSPORTE,transporte,transporte,,False,False,False
Volumen Análisis,volumen analisis,volumen|analisis,,False,False,False
Materiales y Equipos,materiales y equipos,materiales|equipos,,False,False,False
Malla Electrosoldada D2.3 10x10mm + 10% desp.,malla electrosoldada d2.3 10x10mm 10% desp.,malla|electrosoldada|d2.3|10x10|mm|10%|desp.,,False,False,False
Hormigón industrial 210Kg/cm2 - 10% desp,hormigon industrial 210kg/cm2 - 10% desp,hormigon|industrial|210|kg/cm2|-|10%|desp|210 kg,,False,False,False
Alambre Dulce No. 18,alambre dulce no. 18,alambre|dulce|no.|18,,False,False,False
Mano de Obra,mano de obra,mano|obra,,True,False,False
Preparación superficie - Ayudante AY,preparacion superficie - ayudante ay,preparacion|superficie|-|ayudante|ay,,True,False,False
Mano de Obra colocación malla,mano de obra colocacion malla,mano|obra|colocacion|malla,,True,False,False
Mano de obra frotado y violinado,mano de obra frotado y violinado,mano|obra|frotado|violinado,,True,False,False
Total/UND,total/und,total/und,,False,False,False
TOTAL/M3,total/m3,total/m3,,False,False,False
Preliminares,preliminares,preliminares,,False,False,False
Verificacion y analisis de ploblemas en sistema de congelador y cuarto frio,verificacion y analisis de ploblemas en sistema de congelador y cuarto frio,verificacion|analisis|ploblemas|sistema|congelador|cuarto|frio,,True,False,False
Suministro de limpiador de humedad y limpieza de tuberia de refrigeracion,suministro de limpiador de humedad y limpieza de tuberia de refrigeracion,suministro|limpiador|humedad|limpieza|tuberia|refrigeracion,,True,False,False
Desintalacion y desponte de condensador  de 3 Ton,desintalacion y desponte de condensador de 3 ton,desintalacion|desponte|condensador|3|ton,,True,False,False
Desintacion de compresor de 5 ton,desintacion de compresor de 5 ton,desintacion|compresor|5|ton,,False,False,False
Sistema de Cuarto frio y Congelador,sistema de cuarto frio y congelador,sistema|cuarto|frio|congelador,,False,False,False
"Reparacion,Cambios, Instalaciones, Vacio y  Suministro",reparacion cambios instalaciones vacio y suministro,reparacion|cambios|instalaciones|vacio|suministro,,True,False,False
Cambio de filtro,cambio de filtro,cambio|filtro,,True,False,False
Cambio de Visor,cambio de visor,cambio|visor,,True,False,False
Instalacion de Valvula selenoide,instalacion de valvula selenoide,instalacion|valvula|selenoide,,True,False,False
"Instalacion de sistema digital de termometro, alarma y tiempo de entrada de compresor",instalacion de sistema digital de termometro alarma y tiempo de entrada de compresor,instalacion|sistema|digital|termometro|alarma|tiempo|entrada|compresor,,True,False,False
Instalacion de Luz led p/cuatro de congelador e interruptor,instalacion de luz led p/cuatro de congelador e interruptor,instalacion|luz|led|p/cuatro|congelador|e|interruptor,,True,False,False
Instalacion de cortina en Puerta,instalacion de cortina en puerta,instalacion|cortina|puerta,,True,False,False
Instalacion de temporizador electronico digital Defrost c/6hrs,instalacion de temporizador electronico digital defrost c/6hrs,instalacion|temporizador|electronico|digital|defrost|c/6hrs,,True,False,False
Intalacion de resistencias de descongelamiento de evaporador de cuarto congelador,intalacion de resistencias de descongelamiento de evaporador de cuarto congelador,intalacion|resistencias|descongelamiento|evaporador|cuarto|congelador,,False,False,False
Instalacion de Valvula de expansion,instalacion de valvula de expansion,instalacion|valvula|expansion,,True,False,False
Vacio a sistema de refrigeracion de congelador,vacio a sistema de refrigeracion de congelador,vacio|a|sistema|refrigeracion|congelador,,True,False,False
Suministro de Refigerante R-404,suministro de refigerante r-404,suministro|refigerante|r-404|R-404,,False,False,False
Instalacion  de Aislante tipo bascosel con cinta negra,instalacion de aislante tipo bascosel con cinta negra,instalacion|aislante|tipo|bascosel|cinta|negra,,True,False,False
A/C,a/c,a/c,,False,False,False
Mantenimiento/Hidrolavado,mantenimiento/hidrolavado,mantenimiento/hidrolavado,,False,False,False
A/C split 12 btu,a/c split 12 btu,a/c|split|12|btu,,False,False,False
A/C split 24 btu,a/c split 24 btu,a/c|split|24|btu,,False,False,False
Manejadora de 5ton,manejadora de 5ton,manejadora|5ton,,False,False,False
A/C,a/c,a/c,,False,False,False
Reparacion/Instalacion/Vacio-Suministro,reparacion/instalacion/vacio-suministro,reparacion/instalacion/vacio-suministro,,False,False,False
A/C tipo paquete de 10 Ton,a/c tipo paquete de 10 ton,a/c|tipo|paquete|10|ton,,False,False,False
A/C split 24 btu,a/c split 24 btu,a/c|split|24|btu,,False,False,False
Instalacion de Condensador 3 Ton,instalacion de condensador 3 ton,instalacion|condensador|3|ton,,True,False,False
Instalacion de Compresor de 5 Ton,instalacion de compresor de 5 ton,instalacion|compresor|5|ton,,True,False,False
Vacio a sistema de refrigeracion de Aires,vacio a sistema de refrigeracion de aires,vacio|a|sistema|refrigeracion|aires,,True,False,False
Suministro de Refigerante R-404,suministro de refigerante r-404,suministro|refigerante|r-404|R-404,,False,False,False
Suministro de Refigerante R-22,suministro de refigerante r-22,suministro|refigerante|r-22,,False,False,False
DIRECCION TECNICA,direccion tecnica,direccion|tecnica,,False,False,False
Preliminares,preliminares,preliminares,,False,False,False
Verificacion y analisis de ploblemas en sistema de congelador y cuarto frio,verificacion y analisis de ploblemas en sistema de congelador y cuarto frio,verificacion|analisis|ploblemas|sistema|congelador|cuarto|frio,,True,False,False
Suministro de limpiador de humedad y limpieza de tuberia de refrigeracion,suministro de limpiador de humedad y limpieza de tuberia de refrigeracion,suministro|limpiador|humedad|limpieza|tuberia|refrigeracion,,True,False,False
Desintalacion y desponte de condensador  de 3 Ton,desintalacion y desponte de condensador de 3 ton,desintalacion|desponte|condensador|3|ton,,True,False,False
Desintacion de compresor de 5 ton,desintacion de compresor de 5 ton,desintacion|compresor|5|ton,,False,False,False
Sistema de Cuarto frio y Congelador,sistema de cuarto frio y congelador,sistema|cuarto|frio|congelador,,False,False,False
"Reparacion,Cambios, Instalaciones, Vacio y  Suministro",reparacion cambios instalaciones vacio y suministro,reparacion|cambios|instalaciones|vacio|suministro,,True,False,False
Cambio de filtro,cambio de filtro,cambio|filtro,,True,False,False
Cambio de Visor,cambio de visor,cambio|visor,,True,False,False
Instalacion de Valvula selenoide,instalacion de valvula selenoide,instalacion|valvula|selenoide,,True,False,False
"Instalacion de sistema digital de termometro, alarma y tiempo de entrada de compresor",instalacion de sistema digital de termometro alarma y tiempo de entrada de compresor,instalacion|sistema|digital|termometro|alarma|tiempo|entrada|compresor,,True,False,False
Instalacion de Luz led p/cuatro de congelador e interruptor,instalacion de luz led p/cuatro de congelador e interruptor,instalacion|luz|led|p/cuatro|congelador|e|interruptor,,True,False,False
Instalacion de cortina en Puerta,instalacion de cortina en puerta,instalacion|cortina|puerta,,True,False,False
Instalacion de temporizador electronico digital Defrost c/6hrs,instalacion de temporizador electronico digital defrost c/6hrs,instalacion|temporizador|electronico|digital|defrost|c/6hrs,,True,False,False
Intalacion de resistencias de descongelamiento de evaporador de cuarto congelador,intalacion de resistencias de descongelamiento de evaporador de cuarto congelador,intalacion|resistencias|descongelamiento|evaporador|cuarto|congelador,,False,False,False
Instalacion de Valvula de expansion,instalacion de valvula de expansion,instalacion|valvula|expansion,,True,False,False
Vacio a sistema de refrigeracion de congelador,vacio a sistema de refrigeracion de congelador,vacio|a|sistema|refrigeracion|congelador,,True,False,False
Suministro de Refigerante R-404,suministro de refigerante r-404,suministro|refigerante|r-404|R-404,,False,False,False
Instalacion  de Aislante tipo bascosel con cinta negra,instalacion de aislante tipo bascosel con cinta negra,instalacion|aislante|tipo|bascosel|cinta|negra,,True,False,False
A/C,a/c,a/c,,False,False,False
Mantenimiento/Hidrolavado,mantenimiento/hidrolavado,mantenimiento/hidrolavado,,False,False,False
A/C split 12 btu,a/c split 12 btu,a/c|split|12|btu,,False,False,False
A/C split 24 btu,a/c split 24 btu,a/c|split|24|btu,,False,False,False
Manejadora de 5ton,manejadora de 5ton,manejadora|5ton,,False,False,False
A/C,a/c,a/c,,False,False,False
Reparacion/Instalacion/Vacio-Suministro,reparacion/instalacion/vacio-suministro,reparacion/instalacion/vacio-suministro,,False,False,False
A/C tipo paquete de 10 Ton,a/c tipo paquete de 10 ton,a/c|tipo|paquete|10|ton,,False,False,False
A/C split 24 btu,a/c split 24 btu,a/c|split|24|btu,,False,False,False
Instalacion de Condensador 3 Ton,instalacion de condensador 3 ton,instalacion|condensador|3|ton,,True,False,False
Instalacion de Compresor de 5 Ton,instalacion de compresor de 5 ton,instalacion|compresor|5|ton,,True,False,False
Vacio a sistema de refrigeracion de Aires,vacio a sistema de refrigeracion de aires,vacio|a|sistema|refrigeracion|aires,,True,False,False
Suministro de Refigerante R-404,suministro de refigerante r-404,suministro|refigerante|r-404|R-404,,False,False,False
Suministro de Refigerante R-22,suministro de refigerante r-22,suministro|refigerante|r-22,,False,False,False
DIRECCION TECNICA,direccion tecnica,direccion|tecnica,,False,False,False
A/C PISO TECHO,a/c piso techo,a/c|piso|techo,,False,False,False
"CONSOLA PISO TECHO INVERTE 60,000 BTU",consola piso techo inverte 60 000 btu,consola|piso|techo|inverte|60|000|btu,,False,False,False
"CONDENSADOR INVERTER 60,000 BTU 220/1/60",condensador inverter 60 000 btu 220/1/60,condensador|inverter|60|000|btu|220/1/60|220/1,,False,False,False
A/C SPLIT,a/c split,a/c|split,,False,False,False
LENNOX I3 SEER 12 K BTU,lennox i3 seer 12 k btu,lennox|i3|seer|12|k|btu,,False,False,False
INSTALACION ELECTRICA,instalacion electrica,instalacion|electrica,,True,False,False
A/C DE 5 TON DUCTIABLE,a/c de 5 ton ductiable,a/c|5|ton|ductiable,,False,False,False
"MANEJADORA INVERTER 60,000 BTU",manejadora inverter 60 000 btu,manejadora|inverter|60|000|btu,,False,False,False
"CONDENSADOR INVERTER 60,000 BTU",condensador inverter 60 000 btu,condensador|inverter|60|000|btu,,False,False,False
DISEÑO Y CONSTRUCCION DE DUCTERIA,diseno y construccion de ducteria,diseno|construccion|ducteria,,False,False,False
DIRECCION TECNICA,direccion tecnica,direccion|tecnica,,False,False,False
TRANSPORTE,transporte,transporte,,False,False,False
A/C SPLIT,a/c split,a/c|split,,False,False,False
LENNOX I3 SEER 12 K BTU,lennox i3 seer 12 k btu,lennox|i3|seer|12|k|btu,,False,False,False
INSTALACION ELECTRICA,instalacion electrica,instalacion|electrica,,True,False,False
"REPARACION DE BOMBA E INSTALACION ELECTRICA, CAMBIO DE TUBERIA P/AIRE Y SUSTITUCION DE CABLE ELECTRICO",reparacion de bomba e instalacion electrica cambio de tuberia p/aire y sustitucion de cable electrico,reparacion|bomba|e|instalacion|electrica|cambio|tuberia|p/aire,,True,False,False
EMBOBINADO DE MOTOR DE BOMBA DE AGUA PEDROLLO MOD. CP-680A     10 HP 220 VOLTIOS 3 PHASES 60 HZ.  CON ALAMBRE DE COBRE AMERICANO MARCA BNTECHGO NEMA MW-80C,embobinado de motor de bomba de agua pedrollo mod. cp-680a 10 hp 220 voltios 3 phases 60 hz. con alambre de cobre americano marca bntechgo nema mw-80c,embobinado|motor|bomba|agua|pedrollo|mod.|cp-680a|10|CP-680A,Cano,False,False,False
RODAMIENTO C-6206 Z DE ALTA TEMPERATURA SKF,rodamiento c-6206 z de alta temperatura skf,rodamiento|c-6206|z|alta|temperatura|skf|C-6206,,False,False,False
CAMBIO DE IMPELLER,cambio de impeller,cambio|impeller,,True,False,False
ABANICO DE BOMBA PEDROLLO CP-680A,abanico de bomba pedrollo cp-680a,abanico|bomba|pedrollo|cp-680a|CP-680A,,False,False,False
ACONDICIONAMIENTO DE BOMBA DE AGUA CON PINTURA INDUSTRIAL,acondicionamiento de bomba de agua con pintura industrial,acondicionamiento|bomba|agua|pintura|industrial,,False,False,False
INSTALACION DE SISTEMA DE ELECTRICIDAD EN PANEL PARA ENERGIZAR  LAS BOMBAS DE AGUA,instalacion de sistema de electricidad en panel para energizar las bombas de agua,instalacion|sistema|electricidad|panel|para|energizar|bombas|agua,,True,False,False
CAMBIO DE TUBERIAS  Y FILTRO PARA AIRE DE 5 TON,cambio de tuberias y filtro para aire de 5 ton,cambio|tuberias|filtro|para|aire|5|ton,,True,False,False
SUSTITUCION DE CALBLES ELECTRICO #4 POR 1/0 EN LINEA DE ALIMENTACION DEL EDIF DE VIH,sustitucion de calbles electrico 4 por 1/0 en linea de alimentacion del edif de vih,sustitucion|calbles|electrico|4|por|1/0|linea|alimentacion|1/0,,False,False,False
DIRECCION TECNICA,direccion tecnica,direccion|tecnica,,False,False,False
TRANSPORTE,transporte,transporte,,False,False,False
A/C SPLIT,a/c split,a/c|split,,False,False,False
LENNOX I3 SEER 12 K BTU,lennox i3 seer 12 k btu,lennox|i3|seer|12|k|btu,,False,False,False
INSTALACION ELECTRICA,instalacion electrica,instalacion|electrica,,True,False,False
"REPARACION DE BOMBA E INSTALACION ELECTRICA, CAMBIO DE TUBERIA P/AIRE Y SUSTITUCION DE CABLE ELECTRICO",reparacion de bomba e instalacion electrica cambio de tuberia p/aire y sustitucion de cable electrico,reparacion|bomba|e|instalacion|electrica|cambio|tuberia|p/aire,,True,False,False
EMBOBINADO DE MOTOR DE BOMBA DE AGUA PEDROLLO MOD. CP-680A     10 HP 220 VOLTIOS 3 PHASES 60 HZ.  CON ALAMBRE DE COBRE AMERICANO MARCA BNTECHGO NEMA MW-80C,embobinado de motor de bomba de agua pedrollo mod. cp-680a 10 hp 220 voltios 3 phases 60 hz. con alambre de cobre americano marca bntechgo nema mw-80c,embobinado|motor|bomba|agua|pedrollo|mod.|cp-680a|10|CP-680A,Cano,False,False,False
RODAMIENTO C-6206 Z DE ALTA TEMPERATURA SKF,rodamiento c-6206 z de alta temperatura skf,rodamiento|c-6206|z|alta|temperatura|skf|C-6206,,False,False,False
CAMBIO DE IMPELLER,cambio de impeller,cambio|impeller,,True,False,False
ABANICO DE BOMBA PEDROLLO CP-680A,abanico de bomba pedrollo cp-680a,abanico|bomba|pedrollo|cp-680a|CP-680A,,False,False,False
ACONDICIONAMIENTO DE BOMBA DE AGUA CON PINTURA INDUSTRIAL,acondicionamiento de bomba de agua con pintura industrial,acondicionamiento|bomba|agua|pintura|industrial,,False,False,False
INSTALACION DE SISTEMA DE ELECTRICIDAD EN PANEL PARA ENERGIZAR  LAS BOMBAS DE AGUA,instalacion de sistema de electricidad en panel para energizar las bombas de agua,instalacion|sistema|electricidad|panel|para|energizar|bombas|agua,,True,False,False
CAMBIO DE TUBERIAS  Y FILTRO PARA AIRE DE 5 TON,cambio de tuberias y filtro para aire de 5 ton,cambio|tuberias|filtro|para|aire|5|ton,,True,False,False
SUSTITUCION DE CALBLES ELECTRICO #4 POR 1/0 EN LINEA DE ALIMENTACION DEL EDIF DE VIH,sustitucion de calbles electrico 4 por 1/0 en linea de alimentacion del edif de vih,sustitucion|calbles|electrico|4|por|1/0|linea|alimentacion|1/0,,False,False,False
DIRECCION TECNICA,direccion tecnica,direccion|tecnica,,False,False,False
TRANSPORTE,transporte,transporte,,False,False,False
ENTREGADO POR,entregado por,entregado|por,,False,False,False
Preliminares,preliminares,preliminares,,False,False,False
Demolicion,demolicion,demolicion,,True,False,False
Bote de Material,bote de material,bote|material,,True,False,False
Porcelanato 60x60,porcelanato 60x60,porcelanato|60x60,,False,False,False
"Instalacion de mezcladora mono ducha, fluxometro y llave de lavamano en baño",instalacion de mezcladora mono ducha fluxometro y llave de lavamano en bano,instalacion|mezcladora|mono|ducha|fluxometro|llave|lavamano|bano,,True,False,False
Instalacion de Lavamano metalico,instalacion de lavamano metalico,instalacion|lavamano|metalico,,True,False,False
Construccion de tapa P/Registro sanitario,construccion de tapa p/registro sanitario,construccion|tapa|p/registro|sanitario,,False,False,False
Resane de pared y hueco en distribucion red agua potable,resane de pared y hueco en distribucion red agua potable,resane|pared|hueco|distribucion|red|agua|potable,,False,False,False
Division en sheetrock,division en sheetrock,division|sheetrock,,False,False,False
Construccion de drenaje en planta de Oxigeno Medico,construccion de drenaje en planta de oxigeno medico,construccion|drenaje|planta|oxigeno|medico,,False,False,False
DIRECCION TECNICA,direccion tecnica,direccion|tecnica,,False,False,False
TRANSPORTE,transporte,transporte,,False,False,False
LENNOX I3 SEER 12 K BTU,lennox i3 seer 12 k btu,lennox|i3|seer|12|k|btu,,False,False,False
INSTALACION ELECTRICA,instalacion electrica,instalacion|electrica,,True,False,False
"REPARACION DE BOMBA E INSTALACION ELECTRICA, CAMBIO DE TUBERIA P/AIRE Y SUSTITUCION DE CABLE ELECTRICO",reparacion de bomba e instalacion electrica cambio de tuberia p/aire y sustitucion de cable electrico,reparacion|bomba|e|instalacion|electrica|cambio|tuberia|p/aire,,True,False,False
RODAMIENTO C-6206 Z DE ALTA TEMPERATURA SKF,rodamiento c-6206 z de alta temperatura skf,rodamiento|c-6206|z|alta|temperatura|skf|C-6206,,False,False,False
CAMBIO DE IMPELLER,cambio de impeller,cambio|impeller,,True,False,False
ABANICO DE BOMBA PEDROLLO CP-680A,abanico de bomba pedrollo cp-680a,abanico|bomba|pedrollo|cp-680a|CP-680A,,False,False,False
ACONDICIONAMIENTO DE BOMBA DE AGUA CON PINTURA INDUSTRIAL,acondicionamiento de bomba de agua con pintura industrial,acondicionamiento|bomba|agua|pintura|industrial,,False,False,False
INSTALACION DE SISTEMA DE ELECTRICIDAD EN PANEL PARA ENERGIZAR  LAS BOMBAS DE AGUA,instalacion de sistema de electricidad en panel para energizar las bombas de agua,instalacion|sistema|electricidad|panel|para|energizar|bombas|agua,,True,False,False
CAMBIO DE TUBERIAS  Y FILTRO PARA AIRE DE 5 TON,cambio de tuberias y filtro para aire de 5 ton,cambio|tuberias|filtro|para|aire|5|ton,,True,False,False
SUSTITUCION DE CALBLES ELECTRICO #4 POR 1/0 EN LINEA DE ALIMENTACION DEL EDIF DE VIH,sustitucion de calbles electrico 4 por 1/0 en linea de alimentacion del edif de vih,sustitucion|calbles|electrico|4|por|1/0|linea|alimentacion|1/0,,False,False,False
DIRECCION TECNICA,direccion tecnica,direccion|tecnica,,False,False,False
TRANSPORTE,transporte,transporte,,False,False,False
ENTREGADO POR,entregado por,entregado|por,,False,False,False
Lasaña de Queso,lasana de queso,lasana|queso,,False,True,False
Lasaña de Pollo,lasana de pollo,lasana|pollo,,False,False,True
Pollo Horneado,pollo horneado,pollo|horneado,,False,False,True
Cerdo Horneado,cerdo horneado,cerdo|horneado,,False,False,False
Moro de Habichuela Roja,moro de habichuela roja,moro|habichuela|roja,,False,True,False
Moro de Habichuela Negra,moro de habichuela negra,moro|habichuela|negra,,False,True,False
Libra de pollo,libra de pollo,libra|pollo,,False,False,True
Libra de costillas ahumada,libra de costillas ahumada,libra|costillas|ahumada,,False,False,False
Libra de mondongo,libra de mondongo,libra|mondongo,,False,False,False
Libra de chuleta ahumada,libra de chuleta ahumada,libra|chuleta|ahumada,,False,False,True
Libra de carne de cerdo,libra de carne de cerdo,libra|carne|cerdo,,False,False,True
Libra de pata de vaca,libra de pata de vaca,libra|pata|vaca,,False,False,False
Libra de carne de res,libra de carne de res,libra|carne|res,,False,False,True
APINZA AMPERIMÉTRICA DIGITAL VOLTAJE 200m 600 V o SUPERIOR,apinza amperimetrica digital voltaje 200m 600 v o superior,apinza|amperimetrica|digital|voltaje|200m|600|v|o,,False,False,False
MULTÍMETRO INDUSTRIAL 10A SOBRECARGA DE 20A,multimetro industrial 10a sobrecarga de 20a,multimetro|industrial|10a|sobrecarga|20a,,False,False,False
JUEGO DE HERRAMIENTAS 70 PIEZAS,juego de herramientas 70 piezas,juego|herramientas|70|piezas,,False,False,False
GUANTES DE PROTECCION PARA ELECTRICISTA,guantes de proteccion para electricista,guantes|proteccion|para|electricista,,False,False,False
PELADOR AUTOMÁTICO Y CRIPADOR DE ALAMBRE PELA CLABES *7,pelador automatico y cripador de alambre pela clabes 7,pelador|automatico|cripador|alambre|pela|clabes|7,,False,False,False
JUEGO DE HERRAMIENTAS PINZA ALICATE /PINZA 3 PIEZAS ALICATES / PINZAS,juego de herramientas pinza alicate /pinza 3 piezas alicates / pinzas,juego|herramientas|pinza|alicate|/pinza|3|piezas|alicates,,False,False,False
JUEGO DE DESTORNILLADORES AISLADO 7 PIEZAS 1000V,juego de destornilladores aislado 7 piezas 1000v,juego|destornilladores|aislado|7|piezas|1000v,,False,False,False
JUEGO DE AVELLANADOR CORTATUBO,juego de avellanador cortatubo,juego|avellanador|cortatubo,,False,False,False
CORTADORA DE RAMAS MANGO TELESCOPIO 2.8 M,cortadora de ramas mango telescopio 2.8 m,cortadora|ramas|mango|telescopio|2.8|m,,False,False,False
KIT TALADRO DOBLE FUNCIÓN ATORNILLADOR Y DE IMPACTO 12 V,kit taladro doble funcion atornillador y de impacto 12 v,kit|taladro|doble|funcion|atornillador|impacto|12|v,,False,False,False
SIERRA TRONZADORA 2400W,sierra tronzadora 2400w,sierra|tronzadora|2400|w|2400W,,False,False,False
PULIDORA MANUAL2200 W / 110-120 VOLTIOS,pulidora manual2200 w / 110-120 voltios,pulidora|manual2200|w|/|110-120|voltios|MANUAL2200|2200W,,False,False,False
PRENSA DE BANCO 6 PULGADAS,prensa de banco 6 pulgadas,"prensa|banco|6|pulgadas|6""",LG,False,False,False
DOBLADORA DE TUBOS 1/2 a 2 CON TRIPODE,dobladora de tubos 1/2 a 2 con tripode,dobladora|tubos|1/2|a|2|tripode|1/2,,False,False,False
CORTADORA DE METAL 14 2300 W,cortadora de metal 14 2300 w,cortadora|metal|14|2300|w|2300W,,False,False,False
CORTADORA DE PLASMA PLASMA 40A 110/220V INVERTE CON ACCESORIOS,cortadora de plasma plasma 40a 110/220v inverte con accesorios,cortadora|plasma|plasma|40a|110/220v|inverte|accesorios,,False,False,False
CARETA ELÉCTRICA PARA SALDAR,careta electrica para saldar,careta|electrica|para|saldar,,False,False,False
MAQUINA PARA SOLDAR 180a 110/220V,maquina para soldar 180a 110/220v,maquina|para|soldar|180a|110/220v,,False,False,False
ESCUADRA SOLDADURA 5 75 LB MAGNETICA,escuadra soldadura 5 75 lb magnetica,escuadra|soldadura|5|75|lb|magnetica|75 lb,,False,False,False
TALADRO ESTACIONARIO 750W 110V 1PH 20MM,taladro estacionario 750w 110v 1ph 20mm,taladro|estacionario|750|w|110v|1ph|20|mm|750W,,False,False,False
LIJADORA ELÉCTRICA MANUAL 300W 110-120V,lijadora electrica manual 300w 110-120v,lijadora|electrica|manual|300|w|110-120v|300W,,False,False,False
KIT TALADRO ATORNILLADOR 12V,kit taladro atornillador 12v,kit|taladro|atornillador|12v,,False,False,False
PISTOLA SOPLADORA 695,pistola sopladora 695,pistola|sopladora|695,,False,False,False
COMPRESOR DE AIRE 110-120V/60HZ 110-120 VOLTIOS,compresor de aire 110-120v/60hz 110-120 voltios,compresor|aire|110-120v/60hz|110-120|voltios,,False,False,False
TALADRO ROTO MARTILLO DE 1500 WATT,taladro roto martillo de 1500 watt,taladro|roto|martillo|1500|watt,,False,False,False
SIERRA CIRCULAR DE BANCO NO. 10 1800W,sierra circular de banco no. 10 1800w,sierra|circular|banco|no.|10|1800|w|1800W,,False,False,False
MAQUINA COLECTORA DE POLVO 110-120 VOLTIOS,maquina colectora de polvo 110-120 voltios,maquina|colectora|polvo|110-120|voltios,,False,False,False
SIERRA INGLETADORA 110-120 VOLTIOS,sierra ingletadora 110-120 voltios,sierra|ingletadora|110-120|voltios,,False,False,False
PISTOLA PARA PINTAR,pistola para pintar,pistola|para|pintar,,False,False,False
ROUTER ELÉCTRICO BASE FIJA 2.25 HP,router electrico base fija 2.25 hp,router|electrico|base|fija|2.25|hp,HP,False,False,False
ROUTER ELÉCTRICO INALAMBRICO,router electrico inalambrico,router|electrico|inalambrico,,False,False,False
TALADRO PEDESTAL 500W 110V 1PH 16Mm,taladro pedestal 500w 110v 1ph 16mm,taladro|pedestal|500|w|110v|1ph|16|mm|500W,,False,False,False
JUEGO DE MECHAS PARA ENRUTADOR O FRESADOR 24 PIEZAS,juego de mechas para enrutador o fresador 24 piezas,juego|mechas|para|enrutador|o|fresador|24|piezas,,False,False,False
PRENSA O ABRAZADERA PARA EBANISTERÍA 36,prensa o abrazadera para ebanisteria 36,prensa|o|abrazadera|para|ebanisteria|36,,False,False,False
PRENSA O ABRAZADERA,prensa o abrazadera,prensa|o|abrazadera,,False,False,False
PRENSA O ABRAZADERA,prensa o abrazadera,prensa|o|abrazadera,,False,False,False
PRENSA O ABRAZADERA PARA EBANISTERÍA 48,prensa o abrazadera para ebanisteria 48,prensa|o|abrazadera|para|ebanisteria|48,,False,False,False
PULIDORA MANUAL 9 2800W -5/8,pulidora manual 9 2800w -5/8,pulidora|manual|9|2800|w|-5/8|5/8|2800W,,False,False,False
LIJERADORA DE BANDA DISCO 4 Y 6 DE 1/2 HP,lijeradora de banda disco 4 y 6 de 1/2 hp,lijeradora|banda|disco|4|6|1/2|hp|1/2,HP,False,False,False
CARGADOR DE BATERÍA 20V 2A,cargador de bateria 20v 2a,cargador|bateria|20v|2a,,False,False,False
BATERÍAS PARA TALADRO 20V 2A RECARGABLE,baterias para taladro 20v 2a recargable,baterias|para|taladro|20v|2a|recargable,,False,False,False
TALADRO INALAMBRICO 18/V  M18,taladro inalambrico 18/v m18,taladro|inalambrico|18/v|m18,,False,False,False
CLAVADORA INALÁMBRICA 18Ga 20V,clavadora inalambrica 18ga 20v,clavadora|inalambrica|18ga|20v,,False,False,False
PUNTA DE ESTRÍA 3 PULGADAS,punta de estria 3 pulgadas,"punta|estria|3|pulgadas|3""",LG,False,False,False
JUEGO DE FORMONES 12 PIEZAS,juego de formones 12 piezas,juego|formones|12|piezas,,False,False,False
MOTOSIERRA DREMER 110-120 VOLTIOS,motosierra dremer 110-120 voltios,motosierra|dremer|110-120|voltios,,False,False,False
PISTOLA DE CALOR,pistola de calor,pistola|calor,,False,False,False
DREMEL 3000,dremel 3000,dremel|3000,,False,False,False
MANDIL DE PROTECCIÓN (DELANTAL) IMPERMEABLE,mandil de proteccion delantal impermeable,mandil|proteccion|delantal|impermeable,,False,False,False
"CARRETILLA DE HIERRO 6,3 PIES",carretilla de hierro 6 3 pies,carretilla|hierro|6|3|pies|3 pies,,False,False,False
PLANA PARA ALBAÑIL NO.8,plana para albanil no.8,plana|para|albanil|no.8,,False,False,False
PLANA PARA ALBAÑIL NO.7,plana para albanil no.7,plana|para|albanil|no.7,,False,False,False
MARTILLO 16OZ,martillo 16oz,martillo|16oz,,False,False,False
CUBO PARA ALBAÑIL,cubo para albanil,cubo|para|albanil,,False,False,False
MANDARRIA DE 8 LB,mandarria de 8 lb,mandarria|8|lb|8 lb,,False,False,False
MANDARRIA DE 4 LB,mandarria de 4 lb,mandarria|4|lb|4 lb,,False,False,False
PALA REDONDA,pala redonda,pala|redonda,,False,False,False
HORMIGONERA,hormigonera,hormigonera,,False,False,False
CORTADORA DE CERÁMICA,cortadora de ceramica,cortadora|ceramica,,False,False,False
PALA CUADRADA,pala cuadrada,pala|cuadrada,,False,False,False
CIZALLA PARA CORTE DE VARILLA 5/8,cizalla para corte de varilla 5/8,cizalla|para|corte|varilla|5/8|5/8,,False,False,False
TALADRO ROTO MARTILLO DE 1500 WATT,taladro roto martillo de 1500 watt,taladro|roto|martillo|1500|watt,,False,False,False
PARES DE GUANTES DE PROTECCION DE ALBAÑIL,pares de guantes de proteccion de albanil,pares|guantes|proteccion|albanil,,False,False,False
TANQUE DE PRESIÓN,tanque de presion,tanque|presion,,False,False,False
BOMBA CENTRIFUGA,bomba centrifuga,bomba|centrifuga,,False,False,False
BOMBA MANUAL PARA PRUEBA DE PRESIÓN,bomba manual para prueba de presion,bomba|manual|para|prueba|presion,,False,False,False
FLUXOMETRO,fluxometro,fluxometro,,False,False,False
BOMBA SUMERGIBLE PARA CISTERNA,bomba sumergible para cisterna,bomba|sumergible|para|cisterna,,False,False,False
PROTECTOR DE OÍDOS,protector de oidos,protector|oidos,,False,False,False
CHALECOS DE PROTECCION,chalecos de proteccion,chalecos|proteccion,,False,False,False
KIT DE SOPLADOR INALAMBRICO,kit de soplador inalambrico,kit|soplador|inalambrico,,False,False,False
TIJERA PARA PODAR,tijera para podar,tijera|para|podar,,False,False,False
CORTADORES PARA RAMAS ALTA NO. 14,cortadores para ramas alta no. 14,cortadores|para|ramas|alta|no.|14,,False,False,False
PORTA MANGUERA,porta manguera,porta|manguera,,False,False,False
TRIMMER,trimmer,trimmer,,False,False,False
GL DE HERBICIDA,gl de herbicida,gal|herbicida,,False,False,False
RASTRILLO SEGÚN FICHA TECNICA,rastrillo segun ficha tecnica,rastrillo|segun|ficha|tecnica,,False,False,False
SET DE HERRAMIENTAS PARA JARDINERÍA,set de herramientas para jardineria,set|herramientas|para|jardineria,,False,False,False
BOTAS DE PROTECTORAS DE GOMA,botas de protectoras de goma,botas|protectoras|goma,,False,False,False
GAFAS PROTECTORA,gafas protectora,gafas|protectora,,False,False,False
CASCO PROTECTOR,casco protector,casco|protector,,False,False,False
TRAJE DE PROTECCION PARA FUMIGAR,traje de proteccion para fumigar,traje|proteccion|para|fumigar,,False,False,False
INVERSOR 2.5KW 24 VOLTIO,inversor 2.5kw 24 voltio,inversor|2.5kw|24|voltio,,False,False,False
BATERIAS PARA INVERSORES,baterias para inversores,baterias|para|inversores,,False,False,False
ABANICO DE PARED,abanico de pared,abanico|pared,,False,False,False
EXTRACTOR DE AIRE,extractor de aire,extractor|aire,,False,False,False
PERFIL CUADRADO NO. 3 NEGRO GRUESO,perfil cuadrado no. 3 negro grueso,perfil|cuadrado|no.|3|negro|grueso,,False,False,False
PERFIL CUADRADO NO. 3*1-1/2 NEGRO GRUESO,perfil cuadrado no. 3 1-1/2 negro grueso,perfil|cuadrado|no.|3|1-1/2|negro|grueso|1/2,,False,False,False
PERFIL CUADRADO NO. 2*4 NEGRO GRUESO,perfil cuadrado no. 2 4 negro grueso,perfil|cuadrado|no.|2|4|negro|grueso,,False,False,False
ROLLO DE MALLA ELECTROSOLDADA DE 12 CM,rollo de malla electrosoldada de 12 cm,rollo|malla|electrosoldada|12|cm,,False,False,False
CAÑO TIPO CORNISA PARA ALUZINC,cano tipo cornisa para aluzinc,cano|tipo|cornisa|para|aluzinc,Cano,False,False,False
CUMBRERA PARA ALUZINC,cumbrera para aluzinc,cumbrera|para|aluzinc,,False,False,False
TORNILLO AUTO PERFORANTE DE 1-3/4 PARA ALUZINC,tornillo auto perforante de 1-3/4 para aluzinc,tornillo|auto|perforante|1-3/4|para|aluzinc|3/4,,False,False,False
PLANCHA DE ALUZINC,plancha de aluzinc,plancha|aluzinc,,False,False,False
LIBRA DE ELECTRODO 3/32,libra de electrodo 3/32,libra|electrodo|3/32|3/32,,False,False,False
DISCO PARA PULIR NO. 7-1/4,disco para pulir no. 7-1/4,disco|para|pulir|no.|7-1/4|1/4,,False,False,False
DISCO PARA CORTE 14-3/32,disco para corte 14-3/32,disco|para|corte|14-3/32|3/32,,False,False,False
GL DE ANTICORROSIVO NEGRO,gl de anticorrosivo negro,gal|anticorrosivo|negro,,False,False,False
GL DE PINTURA ESMALTE NEGRO 07,gl de pintura esmalte negro 07,gal|pintura|esmalte|negro|07,,False,False,False
GL DE THINNER TH1000,gl de thinner th1000,gal|thinner|th1000|TH1000,,False,False,False
GL DE AGUARRÁS,gl de aguarras,gal|aguarras,,False,False,False
ROLO DE PINTAR PEQUEÑO,rolo de pintar pequeno,rolo|pintar|pequeno,,False,False,False
BROCHA NO. 3,brocha no. 3,brocha|no.|3,,False,False,False
MONTAJE DE EVENTOS ARTISTICOS,montaje de eventos artisticos,montaje|eventos|artisticos,,True,False,False
"Artista de género musical: Merengue, Bachata, Salsa, Dembow. (Un artista de cualquiera de estos géneros).",artista de genero musical merengue bachata salsa dembow. un artista de cualquiera de estos generos .,artista|genero|musical|merengue|bachata|salsa|dembow.|un,,False,False,False
Fecha: 02/12/2025 (sujeto a cambios por la entidad contratante).,fecha 02/12/2025 sujeto a cambios por la entidad contratante .,fecha|02/12/2025|sujeto|a|cambios|por|entidad|contratante|02/12,,False,False,False
Fecha: 03/12/2025 (sujeto a cambios por la entidad contratante).,fecha 03/12/2025 sujeto a cambios por la entidad contratante .,fecha|03/12/2025|sujeto|a|cambios|por|entidad|contratante|03/12,,False,False,False
Fecha: 22/12/2025,fecha 22/12/2025,fecha|22/12/2025|22/12,,False,False,False
"Lugar 1: Parque Mirador Norte, Av. Ecológica Puerta Número 1 Próximo a la Parada del Metro Hermana Mirabal, Santo Domingo Norte",lugar 1 parque mirador norte av. ecologica puerta numero 1 proximo a la parada del metro hermana mirabal santo domingo norte,lugar|1|parque|mirador|norte|av.|ecologica|puerta,,False,False,False
"Lugar 2: Calle San Antonio y Sánchez y Carlos Manuel Pumarol, Parque Central de Guerra.",lugar 2 calle san antonio y sanchez y carlos manuel pumarol parque central de guerra.,lugar|2|calle|san|antonio|sanchez|carlos|manuel,,False,False,False
Hora: 7:00 PM,hora 7 00 pm,hora|7|00|pm,,False,False,False
"DíaS: martes, MIERCOLES Y LUNES",dias martes miercoles y lunes,dias|martes|miercoles|lunes,,False,False,False
Fuegos Artificiales,fuegos artificiales,fuegos|artificiales,,False,False,False
Tarima 24 x 20,tarima 24 x 20,tarima|24|x|20,,False,False,False
Tarima VIP 16 x 16 con sillas para 50 personas,tarima vip 16 x 16 con sillas para 50 personas,tarima|vip|16|x|16|sillas|para|50,,False,False,False
"Banner (Detrás de la Tarima que diga Presidencia, PROPEEP y alcaldía de la localidad que se haga la Actividad)",banner detras de la tarima que diga presidencia propeep y alcaldia de la localidad que se haga la actividad,banner|detras|tarima|que|diga|presidencia|propeep|alcaldia,,False,False,False
Techo 29 x 22,techo 29 x 22,techo|29|x|22,,False,False,False
Luces,luces,luces,,False,False,False
Equipos de Sonido y Micrófonos,equipos de sonido y microfonos,equipos|sonido|microfonos,,False,False,False
Planta Eléctrica 25 KW,planta electrica 25 kw,planta|electrica|25|kw,,False,False,False
Presentador(a),presentador a,presentador|a,,False,False,False
Coordinación Artística,coordinacion artistica,coordinacion|artistica,,False,False,False
Perifoneo (Durante 5 Días antes de la Actividad),perifoneo durante 5 dias antes de la actividad,perifoneo|durante|5|dias|antes|actividad,,False,False,False
Seguridad (En el parque de la actividad a realizar),seguridad en el parque de la actividad a realizar,seguridad|parque|actividad|a|realizar,,False,False,False
MONTAJE DE EVENTOS ARTISTICOS,montaje de eventos artisticos,montaje|eventos|artisticos,,True,False,False
"Artista de género musical: Merengue, Bachata, Salsa, Dembow. (Un artista de cualquiera de estos géneros).",artista de genero musical merengue bachata salsa dembow. un artista de cualquiera de estos generos .,artista|genero|musical|merengue|bachata|salsa|dembow.|un,,False,False,False
Fecha: 02/12/2025 (sujeto a cambios por la entidad contratante).,fecha 02/12/2025 sujeto a cambios por la entidad contratante .,fecha|02/12/2025|sujeto|a|cambios|por|entidad|contratante|02/12,,False,False,False
"Lugar 1: Parque Mirador Norte, Av. Ecológica Puerta Número 1 Próximo a la Parada del Metro Hermana Mirabal, Santo Domingo Norte",lugar 1 parque mirador norte av. ecologica puerta numero 1 proximo a la parada del metro hermana mirabal santo domingo norte,lugar|1|parque|mirador|norte|av.|ecologica|puerta,,False,False,False
Hora: 7:00 PM,hora 7 00 pm,hora|7|00|pm,,False,False,False
DíaS: martes,dias martes,dias|martes,,False,False,False
Fuegos Artificiales,fuegos artificiales,fuegos|artificiales,,False,False,False
Tarima 24 x 20,tarima 24 x 20,tarima|24|x|20,,False,False,False
Tarima VIP 16 x 16 con sillas para 50 personas,tarima vip 16 x 16 con sillas para 50 personas,tarima|vip|16|x|16|sillas|para|50,,False,False,False
"Banner (Detrás de la Tarima que diga Presidencia, PROPEEP y alcaldía de la localidad que se haga la Actividad)",banner detras de la tarima que diga presidencia propeep y alcaldia de la localidad que se haga la actividad,banner|detras|tarima|que|diga|presidencia|propeep|alcaldia,,False,False,False
Techo 29 x 22,techo 29 x 22,techo|29|x|22,,False,False,False
Luces,luces,luces,,False,False,False
Equipos de Sonido y Micrófonos,equipos de sonido y microfonos,equipos|sonido|microfonos,,False,False,False
Planta Eléctrica 25 KW,planta electrica 25 kw,planta|electrica|25|kw,,False,False,False
Presentador(a),presentador a,presentador|a,,False,False,False
Coordinación Artística,coordinacion artistica,coordinacion|artistica,,False,False,False
Perifoneo (Durante 5 Días antes de la Actividad),perifoneo durante 5 dias antes de la actividad,perifoneo|durante|5|dias|antes|actividad,,False,False,False
Seguridad (En el parque de la actividad a realizar),seguridad en el parque de la actividad a realizar,seguridad|parque|actividad|a|realizar,,False,False,False
nevera MIDEA 10'',nevera midea 10,nevera|midea|10,Midea,False,False,False
lavadora SEMI AUTOMATICA XPB KGLG-140 22 LB,lavadora semi automatica xpb kglg-140 22 lb,lavadora|semi|automatica|xpb|kglg-140|22|lb|KGLG-140|22 lb,LG,False,False,False
ABANICO DAIWA WF-S16M PEDESTAL 16'' SUPER GRIS,abanico daiwa wf-s16m pedestal 16 super gris,abanico|daiwa|wf-s16m|pedestal|16|super|gris|WF-S16M,Daiwa,False,False,False
estufa DANILUX 24'',estufa danilux 24,estufa|danilux|24,Danilux,False,False,False
set de muebles plasticos,set de muebles plasticos,set|muebles|plasticos,,False,False,False
juego de comedor plastico 80X80,juego de comedor plastico 80x80,juego|comedor|plastico|80x80,,False,False,False
televisor TCL Smart TV 32'',televisor tcl smart tv 32,televisor|tcl|smart|tv|32,TCL,False,False,False
LICUADORA DAIWA 3 VEL 550W 1.25L,licuadora daiwa 3 vel 550w 1.25l,licuadora|daiwa|3|vel|550|w|1.25l|550W|1.25 l,Daiwa,False,False,False
Microondas Digital Whirlpool 0.9' ft,microondas digital whirlpool 0.9 ft,microondas|digital|whirlpool|0.9|ft|0.9 pies,Whirlpool,False,False,False
juego de sala plastico DURALON,juego de sala plastico duralon,juego|sala|plastico|duralon,,False,False,False
lavadora SEMI AUTOMATICA XPB KGLG-140 22 LB,lavadora semi automatica xpb kglg-140 22 lb,lavadora|semi|automatica|xpb|kglg-140|22|lb|KGLG-140|22 lb,LG,False,False,False
nevera MIDEA 10 PIES,nevera midea 10 pies,nevera|midea|10|pies|10 pies,Midea,False,False,False
estufa DANILUX 24'',estufa danilux 24,estufa|danilux|24,Danilux,False,False,False
juego de comedor plastico 4 SILLAS RIMAX,juego de comedor plastico 4 sillas rimax,juego|comedor|plastico|4|sillas|rimax,,False,False,False
cama c/base de madera 54'' Doble pillow top especial,cama c/base de madera 54 doble pillow top especial,cama|c/base|madera|54|doble|pillow|top|especial,,False,False,False
televisor de 43'' Konka,televisor de 43 konka,televisor|43|konka,,False,False,False
ABANICO DAIWA WF-S16M PEDESTAL 16'' SUPER GRIS,abanico daiwa wf-s16m pedestal 16 super gris,abanico|daiwa|wf-s16m|pedestal|16|super|gris|WF-S16M,Daiwa,False,False,False
LICUADORA DAIWA 3 VEL 600W 1.25L,licuadora daiwa 3 vel 600w 1.25l,licuadora|daiwa|3|vel|600|w|1.25l|600W|1.25 l,Daiwa,False,False,False
Microondas American HMG-70 | 21 Litros,microondas american hmg-70 21 litros,microondas|american|hmg-70|21|litros,,False,False,False
juego de sala plastico DURALON,juego de sala plastico duralon,juego|sala|plastico|duralon,,False,False,False
lavadora SEMI AUTOMATICA XPB KGLG-140 22 LB,lavadora semi automatica xpb kglg-140 22 lb,lavadora|semi|automatica|xpb|kglg-140|22|lb|KGLG-140|22 lb,LG,False,False,False
nevera MIDEA 10 PIES,nevera midea 10 pies,nevera|midea|10|pies|10 pies,Midea,False,False,False
estufa DANILUX 24'',estufa danilux 24,estufa|danilux|24,Danilux,False,False,False
juego de comedor plastico 4 SILLAS RIMAX,juego de comedor plastico 4 sillas rimax,juego|comedor|plastico|4|sillas|rimax,,False,False,False
cama c/base de madera 54'' Doble pillow top especial,cama c/base de madera 54 doble pillow top especial,cama|c/base|madera|54|doble|pillow|top|especial,,False,False,False
televisor de 43'' Konka,televisor de 43 konka,televisor|43|konka,,False,False,False
ABANICO DAIWA WF-S16M PEDESTAL 16'' SUPER GRIS,abanico daiwa wf-s16m pedestal 16 super gris,abanico|daiwa|wf-s16m|pedestal|16|super|gris|WF-S16M,Daiwa,False,False,False
LICUADORA DAIWA 3 VEL 600W 1.25L,licuadora daiwa 3 vel 600w 1.25l,licuadora|daiwa|3|vel|600|w|1.25l|600W|1.25 l,Daiwa,False,False,False
Microondas American HMG-70 | 21 Litros,microondas american hmg-70 21 litros,microondas|american|hmg-70|21|litros,,False,False,False
BLANCO 00,blanco 00,blanco|00,,False,False,False
AZUL TURQUESA,azul turquesa,azul|turquesa,,False,False,False
ROJO POSITIVO,rojo positivo,rojo|positivo,,False,False,False
AMARILLO POSITIVO,amarillo positivo,amarillo|positivo,,False,False,False
NEGRO,negro,negro,,False,False,False
AZUL POSITIVO,azul positivo,azul|positivo,,False,False,False
AZUL CIELO,azul cielo,azul|cielo,,False,False,False
VERDE POSITIVO,verde positivo,verde|positivo,,False,False,False
GRIS CLARO,gris claro,gris|claro,,False,False,False
TERRACOTA,terracota,terracota,,False,False,False
NARANJA POSITIVO,naranja positivo,naranja|positivo,,False,False,False
BLANCA,blanca,blanca,,False,False,False
AMARILLO POSITIVO,amarillo positivo,amarillo|positivo,,False,False,False
Barnice Primer Sealer lanco,barnice primer sealer lanco,barnice|primer|sealer|lanco,,False,False,False
Diluyentes para pinturas y barnices (Thinner Th-1000) tropical,diluyentes para pinturas y barnices thinner th-1000 tropical,diluyentes|para|pinturas|barnices|thinner|th-1000|tropical|TH-1000,Tropical,False,False,False
Masilla acrilica de Pared lanco 1/4 caja 6/1,masilla acrilica de pared lanco 1/4 caja 6/1,masilla|acrilica|pared|lanco|1/4|caja|6/1|1/4,,False,False,False
Pintura Acrílica superior mate p/exteriores,pintura acrilica superior mate p/exteriores,pintura|acrilica|superior|mate|p/exteriores,,False,False,False
BLANCO 00 TROPICAL,blanco 00 tropical,blanco|00|tropical,Tropical,False,False,False
AZUL TURQUESA POPULAR,azul turquesa popular,azul|turquesa|popular,,False,False,False
ROJO POSITIVO POPULAR,rojo positivo popular,rojo|positivo|popular,,False,False,False
AMARILLO POSITIVO POPULAR,amarillo positivo popular,amarillo|positivo|popular,,False,False,False
NEGRO POPULAR,negro popular,negro|popular,,False,False,False
AZUL POSITIVO POPULAR,azul positivo popular,azul|positivo|popular,,False,False,False
AZUL CIELO TROPICAL,azul cielo tropical,azul|cielo|tropical,Tropical,False,False,False
VERDE POSITIVO POPULAR,verde positivo popular,verde|positivo|popular,,False,False,False
GRIS CLARO TROPICAL,gris claro tropical,gris|claro|tropical,Tropical,False,False,False
TERRACOTA POPULAR,terracota popular,terracota|popular,,False,False,False
NARANJA POSITIVO TROPICAL,naranja positivo tropical,naranja|positivo|tropical,Tropical,False,False,False
Pintura Trafico Esmalte CANO,pintura trafico esmalte cano,pintura|trafico|esmalte|cano,Cano,False,False,False
BLANCA,blanca,blanca,,False,False,False
AMARILLO POSITIVO,amarillo positivo,amarillo|positivo,,False,False,False
Barnice Primer Sealer lanco,barnice primer sealer lanco,barnice|primer|sealer|lanco,,False,False,False
Diluyentes para pinturas y barnices (Thinner Th-1000) tropical,diluyentes para pinturas y barnices thinner th-1000 tropical,diluyentes|para|pinturas|barnices|thinner|th-1000|tropical|TH-1000,Tropical,False,False,False
Masilla acrilica de Pared lanco 1/4 caja 6/1,masilla acrilica de pared lanco 1/4 caja 6/1,masilla|acrilica|pared|lanco|1/4|caja|6/1|1/4,,False,False,False
juego de sala plastico DURALON,juego de sala plastico duralon,juego|sala|plastico|duralon,,False,False,False
lavadora SEMI AUTOMATICA XPB KGLG-140 22 LB,lavadora semi automatica xpb kglg-140 22 lb,lavadora|semi|automatica|xpb|kglg-140|22|lb|KGLG-140|22 lb,LG,False,False,False
nevera MIDEA 10 PIES,nevera midea 10 pies,nevera|midea|10|pies|10 pies,Midea,False,False,False
estufa DANILUX 24'',estufa danilux 24,estufa|danilux|24,Danilux,False,False,False
juego de comedor plastico 4 SILLAS RIMAX,juego de comedor plastico 4 sillas rimax,juego|comedor|plastico|4|sillas|rimax,,False,False,False
cama c/base de madera 54'' Doble pillow top especial,cama c/base de madera 54 doble pillow top especial,cama|c/base|madera|54|doble|pillow|top|especial,,False,False,False
televisor de 43'' Konka,televisor de 43 konka,televisor|43|konka,,False,False,False
ABANICO DAIWA WF-S16M PEDESTAL 16'' SUPER GRIS,abanico daiwa wf-s16m pedestal 16 super gris,abanico|daiwa|wf-s16m|pedestal|16|super|gris|WF-S16M,Daiwa,False,False,False
LICUADORA DAIWA 3 VEL 600W 1.25L,licuadora daiwa 3 vel 600w 1.25l,licuadora|daiwa|3|vel|600|w|1.25l|600W|1.25 l,Daiwa,False,False,False
Microondas American HMG-70 | 21 Litros,microondas american hmg-70 21 litros,microondas|american|hmg-70|21|litros,,False,False,False
juego de sala plastico DURALON,juego de sala plastico duralon,juego|sala|plastico|duralon,,False,False,False
lavadora SEMI AUTOMATICA XPB KGLG-140 22 LB,lavadora semi automatica xpb kglg-140 22 lb,lavadora|semi|automatica|xpb|kglg-140|22|lb|KGLG-140|22 lb,LG,False,False,False
nevera MIDEA 10 PIES,nevera midea 10 pies,nevera|midea|10|pies|10 pies,Midea,False,False,False
estufa DANILUX 24'',estufa danilux 24,estufa|danilux|24,Danilux,False,False,False
juego de comedor plastico 4 SILLAS RIMAX,juego de comedor plastico 4 sillas rimax,juego|comedor|plastico|4|sillas|rimax,,False,False,False
cama c/base de madera 54'' Doble pillow top especial,cama c/base de madera 54 doble pillow top especial,cama|c/base|madera|54|doble|pillow|top|especial,,False,False,False
televisor de 43'' Konka,televisor de 43 konka,televisor|43|konka,,False,False,False
ABANICO DAIWA WF-S16M PEDESTAL 16'' SUPER GRIS,abanico daiwa wf-s16m pedestal 16 super gris,abanico|daiwa|wf-s16m|pedestal|16|super|gris|WF-S16M,Daiwa,False,False,False
LICUADORA DAIWA 3 VEL 600W 1.25L,licuadora daiwa 3 vel 600w 1.25l,licuadora|daiwa|3|vel|600|w|1.25l|600W|1.25 l,Daiwa,False,False,False
Microondas American HMG-70 | 21 Litros,microondas american hmg-70 21 litros,microondas|american|hmg-70|21|litros,,False,False,False
TELEVISOR TCL 40 PULGADAS SMART TV,televisor tcl 40 pulgadas smart tv,"televisor|tcl|40|pulgadas|smart|tv|40""",TCL,False,False,False
LICUADORA DAIWA 3 VEL 600W 1.25L,licuadora daiwa 3 vel 600w 1.25l,licuadora|daiwa|3|vel|600|w|1.25l|600W|1.25 l,Daiwa,False,False,False
lavadora SEMI AUTOMATICA BLANCA XPB KGLG-140 22 LB,lavadora semi automatica blanca xpb kglg-140 22 lb,lavadora|semi|automatica|blanca|xpb|kglg-140|22|lb|KGLG-140|22 lb,LG,False,False,False
nevera MIDEA 10 PIES,nevera midea 10 pies,nevera|midea|10|pies|10 pies,Midea,False,False,False
PLANCHA DE ROPA A VAPOR BLACK&DECKER 1100 W,plancha de ropa a vapor black decker 1100 w,plancha|ropa|a|vapor|black|decker|1100|w|1100W,Black Decker,False,False,False
ABANICO DAIWA WF-S16M PEDESTAL 16'' SUPER GRIS,abanico daiwa wf-s16m pedestal 16 super gris,abanico|daiwa|wf-s16m|pedestal|16|super|gris|WF-S16M,Daiwa,False,False,False
TOSTADORA P/USO DOMESTICO universal,tostadora p/uso domestico universal,tostadora|p/uso|domestico|universal,,False,False,False
ESTUFAS DANILUX 24'',estufas danilux 24,estufas|danilux|24,Danilux,False,False,False
SET DE MUEBLES PLATICOS duralon,set de muebles platicos duralon,set|muebles|platicos|duralon,,False,False,False
JUEGO DE COMEDOR PLATICO DE 4 SILLAS  rimax,juego de comedor platico de 4 sillas rimax,juego|comedor|platico|4|sillas|rimax,,False,False,False
GAVETERO/BIURO PLASTICO TIPO RATAN 5 GAVETAS DURALON,gavetero/biuro plastico tipo ratan 5 gavetas duralon,gavetero/biuro|plastico|tipo|ratan|5|gavetas|duralon,,False,False,False
cama c/base de madera 54'' Doble pillow top especial,cama c/base de madera 54 doble pillow top especial,cama|c/base|madera|54|doble|pillow|top|especial,,False,False,False
CAMAROTE hilton twin twin 39X39 PULGADAS,camarote hilton twin twin 39x39 pulgadas,"camarote|hilton|twin|twin|39x39|pulgadas|39""",LG,False,False,False
TANQUES O CILINDROS DE GAS 25 LBS EURO KITCHEN,tanques o cilindros de gas 25 lbs euro kitchen,tanques|o|cilindros|gas|25|lb|euro|kitchen|25 lbs,,False,False,False
TELEVISOR KONKA 32'' SMART TV,televisor konka 32 smart tv,televisor|konka|32|smart|tv,,False,False,False
ESTUFAS DANILUX 24'',estufas danilux 24,estufas|danilux|24,Danilux,False,False,False
lavadora SEMI AUTOMATICA BLANCA XPB KGLG-140 22 LB,lavadora semi automatica blanca xpb kglg-140 22 lb,lavadora|semi|automatica|blanca|xpb|kglg-140|22|lb|KGLG-140|22 lb,LG,False,False,False
nevera MIDEA 10 PIES,nevera midea 10 pies,nevera|midea|10|pies|10 pies,Midea,False,False,False
SET DE MUEBLES PLATICOS duralon,set de muebles platicos duralon,set|muebles|platicos|duralon,,False,False,False
JUEGO DE COMEDOR PLATICO DE 4 SILLAS  rimax,juego de comedor platico de 4 sillas rimax,juego|comedor|platico|4|sillas|rimax,,False,False,False
cama c/base de madera 54'' Doble pillow top especial,cama c/base de madera 54 doble pillow top especial,cama|c/base|madera|54|doble|pillow|top|especial,,False,False,False
CAMAROTE hilton twin twin 39X39 PULGADAS,camarote hilton twin twin 39x39 pulgadas,"camarote|hilton|twin|twin|39x39|pulgadas|39""",LG,False,False,False
TANQUES O CILINDROS DE GAS 25 LBS EURO KITCHEN,tanques o cilindros de gas 25 lbs euro kitchen,tanques|o|cilindros|gas|25|lb|euro|kitchen|25 lbs,,False,False,False
NEUMATICOS 265/65R17 ANNAITE AN906.AT,neumaticos 265/65r17 annaite an906.at,neumaticos|265/65r17|annaite|an906.at|AN906,,False,False,False
NEUMATICOS 255/70R16 ANNAITE LT AN616,neumaticos 255/70r16 annaite lt an616,neumaticos|255/70r16|annaite|lt|an616|AN616,,False,False,False
NEUMATICOS 265/60R18 ANNAITE,neumaticos 265/60r18 annaite,neumaticos|265/60r18|annaite,,False,False,False
NEUMATICOS 7.00R16 FIRESTONE,neumaticos 7.00r16 firestone,neumaticos|7.00r16|firestone,,False,False,False
NEUMATICOS 215/75R17.5 ANNAITE,neumaticos 215/75r17.5 annaite,neumaticos|215/75r17.5|annaite,,False,False,False
NEUMATICO 215/65R17 ANNAITE,neumatico 215/65r17 annaite,neumatico|215/65r17|annaite,,False,False,False
lavadora SEMI AUTOMATICA XPB KGLG-140 22 LB,lavadora semi automatica xpb kglg-140 22 lb,lavadora|semi|automatica|xpb|kglg-140|22|lb|KGLG-140|22 lb,LG,False,False,False
nevera MIDEA 10 PIES,nevera midea 10 pies,nevera|midea|10|pies|10 pies,Midea,False,False,False
estufa DANILUX 24'',estufa danilux 24,estufa|danilux|24,Danilux,False,False,False
televisor de 43'' Konka,televisor de 43 konka,televisor|43|konka,,False,False,False
ABANICO DAIWA WF-S16M PEDESTAL 16'' SUPER GRIS,abanico daiwa wf-s16m pedestal 16 super gris,abanico|daiwa|wf-s16m|pedestal|16|super|gris|WF-S16M,Daiwa,False,False,False
LICUADORA DAIWA 3 VEL 600W 1.25L,licuadora daiwa 3 vel 600w 1.25l,licuadora|daiwa|3|vel|600|w|1.25l|600W|1.25 l,Daiwa,False,False,False
MONTAJE DE EVENTOS ARTISTICOS QUE INCLUYE,montaje de eventos artisticos que incluye,montaje|eventos|artisticos|que|incluye,,True,False,False
ARTISTA,artista,artista,,False,False,False
FECHAS: 1/12/2025- 21/12/2025 7:00 PM,fechas 1/12/2025- 21/12/2025 7 00 pm,fechas|1/12/2025-|21/12/2025|7|00|pm|1/12,,False,False,False
"LUGAR: (Boulevard de Las Américas) Av. Las Américas hacia el puente, Av. Sabana Larga, Santo Domingo Este.",lugar boulevard de las americas av. las americas hacia el puente av. sabana larga santo domingo este.,lugar|boulevard|americas|av.|americas|hacia|puente|av.,,False,False,False
FUEGOS ARTIFICIALES,fuegos artificiales,fuegos|artificiales,,False,False,False
TARIMA 24X20,tarima 24x20,tarima|24x20,,False,False,False
TARIMA VIP 16X16 CON SILLAS P/50 PERSONAS,tarima vip 16x16 con sillas p/50 personas,tarima|vip|16x16|sillas|p/50|personas,,False,False,False
BANNER 20x10,banner 20x10,banner|20x10,,False,False,False
TECHO 29X22,techo 29x22,techo|29x22,,False,False,False
LUCES,luces,luces,,False,False,False
EQUIPOS DE SONIDO Y MICROFONO,equipos de sonido y microfono,equipos|sonido|microfono,,False,False,False
PLANTA ELECTRICA 25KW,planta electrica 25kw,planta|electrica|25kw,,False,False,False
PRESENTADORA,presentadora,presentadora,,False,False,False
COORDINACION ARTISTICA,coordinacion artistica,coordinacion|artistica,,False,False,False
PERIFONEO 5 DIAS PREVIO A LA ACTIVIDAD,perifoneo 5 dias previo a la actividad,perifoneo|5|dias|previo|a|actividad,,False,False,False
SEGURIDAD,seguridad,seguridad,,False,False,False
"NOTA: Esta cotizacion incluye 2 carteleras en el mismo lugar (Boulevard de Las Américas) Av. Las Américas hacia el puente, Av. Sabana Larga, Santo Domingo Este.)",nota esta cotizacion incluye 2 carteleras en el mismo lugar boulevard de las americas av. las americas hacia el puente av. sabana larga santo domingo este.,nota|esta|cotizacion|incluye|2|carteleras|mismo|lugar,,False,False,False
ARTISTA,artista,artista,,False,False,False
FECHA: Lunes  1/12/2025 7:00 PM,fecha lunes 1/12/2025 7 00 pm,fecha|lunes|1/12/2025|7|00|pm|1/12,,False,False,False
"LUGAR: (Boulevard de Las Américas) Av. Las Américas hacia el puente, Av. Sabana Larga, Santo Domingo Este.",lugar boulevard de las americas av. las americas hacia el puente av. sabana larga santo domingo este.,lugar|boulevard|americas|av.|americas|hacia|puente|av.,,False,False,False
FUEGOS ARTIFICIALES,fuegos artificiales,fuegos|artificiales,,False,False,False
TARIMA 24X20,tarima 24x20,tarima|24x20,,False,False,False
TARIMA VIP 16X16 CON SILLAS P/50 PERSONAS,tarima vip 16x16 con sillas p/50 personas,tarima|vip|16x16|sillas|p/50|personas,,False,False,False
BANNER 20x10,banner 20x10,banner|20x10,,False,False,False
TECHO 29X22,techo 29x22,techo|29x22,,False,False,False
LUCES,luces,luces,,False,False,False
EQUIPOS DE SONIDO Y MICROFONO,equipos de sonido y microfono,equipos|sonido|microfono,,False,False,False
PLANTA ELECTRICA 25KW,planta electrica 25kw,planta|electrica|25kw,,False,False,False
PRESENTADOR (a),presentador a,presentador|a,,False,False,False
COORDINACION ARTISTICA,coordinacion artistica,coordinacion|artistica,,False,False,False
PERIFONEO 5 DIAS PREVIO A LA ACTIVIDAD,perifoneo 5 dias previo a la actividad,perifoneo|5|dias|previo|a|actividad,,False,False,False
SEGURIDAD,seguridad,seguridad,,False,False,False
NOTA: Cotización con el costo estimado de un (1) evento,nota cotizacion con el costo estimado de un 1 evento,nota|cotizacion|costo|estimado|un|1|evento,,False,False,False
MONTAJE DE EVENTOS ARTISTICOS QUE INCLUYE,montaje de eventos artisticos que incluye,montaje|eventos|artisticos|que|incluye,,True,False,False
ARTISTA,artista,artista,,False,False,False
FECHAS: Lunes 1/12/2025 7:00 PM,fechas lunes 1/12/2025 7 00 pm,fechas|lunes|1/12/2025|7|00|pm|1/12,,False,False,False
"LUGAR: (Boulevard de Las Américas) Av. Las Américas hacia el puente, Av. Sabana Larga, Santo Domingo Este.",lugar boulevard de las americas av. las americas hacia el puente av. sabana larga santo domingo este.,lugar|boulevard|americas|av.|americas|hacia|puente|av.,,False,False,False
FUEGOS ARTIFICIALES,fuegos artificiales,fuegos|artificiales,,False,False,False
TARIMA 24X20,tarima 24x20,tarima|24x20,,False,False,False
TARIMA VIP 16X16 CON SILLAS P/50 PERSONAS,tarima vip 16x16 con sillas p/50 personas,tarima|vip|16x16|sillas|p/50|personas,,False,False,False
BANNER 20x10,banner 20x10,banner|20x10,,False,False,False
TECHO 29X22,techo 29x22,techo|29x22,,False,False,False
LUCES,luces,luces,,False,False,False
EQUIPOS DE SONIDO Y MICROFONO,equipos de sonido y microfono,equipos|sonido|microfono,,False,False,False
PLANTA ELECTRICA 25KW,planta electrica 25kw,planta|electrica|25kw,,False,False,False
PRESENTADORA,presentadora,presentadora,,False,False,False
COORDINACION ARTISTICA,coordinacion artistica,coordinacion|artistica,,False,False,False
PERIFONEO 5 DIAS PREVIO A LA ACTIVIDAD,perifoneo 5 dias previo a la actividad,perifoneo|5|dias|previo|a|actividad,,False,False,False
SEGURIDAD,seguridad,seguridad,,False,False,False
NOTA: Cotización con el costo estimado de un (1) evento,nota cotizacion con el costo estimado de un 1 evento,nota|cotizacion|costo|estimado|un|1|evento,,False,False,False
JUEGO DE SALA PLASTICO JGO FERR CONFORT,juego de sala plastico jgo ferr confort,juego|sala|plastico|jgo|ferr|confort,,False,False,False
LAVADORA SEMI AUTOMATICA M/DIMI11W 11 KG DIMENSIONS,lavadora semi automatica m/dimi11w 11 kg dimensions,lavadora|semi|automatica|m/dimi11|w|11|kg|dimensions|DIMI11W|11W|11 kg,,False,False,False
NEVERA TECNOMASTER 10 PC,nevera tecnomaster 10 pc,nevera|tecnomaster|10|pc,,False,False,False
ESTUFA A GAS  DISCOVERY HOME 24'',estufa a gas discovery home 24,estufa|a|gas|discovery|home|24,Discovery,False,False,False
JUEGO COMEDOR PLASTICO 4 SILLAS RIMAX,juego comedor plastico 4 sillas rimax,juego|comedor|plastico|4|sillas|rimax,,False,False,False
CAMA CON BASE DE MADERA 54 PG PILLOW TOP EURO AZUL,cama con base de madera 54 pg pillow top euro azul,cama|base|madera|54|pg|pillow|top|euro,,False,False,False
TELEVISOR AIWA 43'',televisor aiwa 43,televisor|aiwa|43,,False,False,False
ABANICO DISCOVERY  HOME 16'',abanico discovery home 16,abanico|discovery|home|16,Discovery,False,False,False
LICUADORA DISCOVERY HOME  3-5 VEL 600W 1.5 LITROS,licuadora discovery home 3-5 vel 600w 1.5 litros,licuadora|discovery|home|3-5|vel|600|w|1.5|600W,Discovery,False,False,False
MICROONDA 21 L AMERICAN 700-900 VATIOS,microonda 21 l american 700-900 vatios,microonda|21|l|american|700-900|vatios|21 l,,False,False,False
JUEGO DE SALA PLASTICO JGO FERR CONFORT,juego de sala plastico jgo ferr confort,juego|sala|plastico|jgo|ferr|confort,,False,False,False
LAVADORA SEMI AUTOMATICA M/DIMI11W 11 KG DIMENSIONS,lavadora semi automatica m/dimi11w 11 kg dimensions,lavadora|semi|automatica|m/dimi11|w|11|kg|dimensions|DIMI11W|11W|11 kg,,False,False,False
NEVERA TECNOMASTER 10 PC,nevera tecnomaster 10 pc,nevera|tecnomaster|10|pc,,False,False,False
ESTUFA A GAS  DISCOVERY HOME 24'',estufa a gas discovery home 24,estufa|a|gas|discovery|home|24,Discovery,False,False,False
JUEGO COMEDOR PLASTICO 4 SILLAS RIMAX,juego comedor plastico 4 sillas rimax,juego|comedor|plastico|4|sillas|rimax,,False,False,False
CAMA CON BASE DE MADERA 54 PG PILLOW TOP EURO AZUL,cama con base de madera 54 pg pillow top euro azul,cama|base|madera|54|pg|pillow|top|euro,,False,False,False
TELEVISOR AIWA 43'',televisor aiwa 43,televisor|aiwa|43,,False,False,False
ABANICO DISCOVERY  HOME 16'',abanico discovery home 16,abanico|discovery|home|16,Discovery,False,False,False
LICUADORA DISCOVERY HOME  3-5 VEL 600W 1.5 LITROS,licuadora discovery home 3-5 vel 600w 1.5 litros,licuadora|discovery|home|3-5|vel|600|w|1.5|600W,Discovery,False,False,False
MICROONDA 21 L AMERICAN 700-900 VATIOS,microonda 21 l american 700-900 vatios,microonda|21|l|american|700-900|vatios|21 l,,False,False,False
PINTURA ACRILICA SUPERIOR MATE PARA EXTERIOR POPULAR,pintura acrilica superior mate para exterior popular,pintura|acrilica|superior|mate|para|exterior|popular,,False,False,False
Blanco 50 (175 cubetas),blanco 50 175 cubetas,blanco|50|175|cubetas,,False,False,False
Azul Turquesa (100 cubetas),azul turquesa 100 cubetas,azul|turquesa|100|cubetas,,False,False,False
Rojo positivo (150 cubetas),rojo positivo 150 cubetas,rojo|positivo|150|cubetas,,False,False,False
Amarillo positivo (150 cubetas),amarillo positivo 150 cubetas,amarillo|positivo|150|cubetas,,False,False,False
Negro (55 cubetas),negro 55 cubetas,negro|55|cubetas,,False,False,False
Azul positivo (200 cubetas),azul positivo 200 cubetas,azul|positivo|200|cubetas,,False,False,False
Azul Cielo (50 cubetas),azul cielo 50 cubetas,azul|cielo|50|cubetas,,False,False,False
Verde positivo (50 cubetas),verde positivo 50 cubetas,verde|positivo|50|cubetas,,False,False,False
Gris Claro (100 cubetas),gris claro 100 cubetas,gris|claro|100|cubetas,,False,False,False
Terracota (100 cubetas),terracota 100 cubetas,terracota|100|cubetas,,False,False,False
Naranja Positivo (100 cubetas),naranja positivo 100 cubetas,naranja|positivo|100|cubetas,,False,False,False
Trafico Blanco,trafico blanco,trafico|blanco,,False,False,False
Trafico Amarillo positivo,trafico amarillo positivo,trafico|amarillo|positivo,,False,False,False
BARNIZ PRIMIER SEALER 3 TRANSPARENTE CUBETA DE 5GL,barniz primier sealer 3 transparente cubeta de 5gl,barniz|primier|sealer|3|transparente|cubeta|5|gal|5 gl,,False,False,False
DILUYENTE THINNER TH-1000 1GAL POPULAR,diluyente thinner th-1000 1gal popular,diluyente|thinner|th-1000|1|gal|popular|TH-1000|1 gal,,False,False,False
MASILLA LANCO,masilla lanco,masilla|lanco,,False,False,False
FUNDAS PLASTICAS NEGRAS  55 GLS,fundas plasticas negras 55 gls,fundas|plasticas|negras|55|gls,,False,False,False
FUNDAS PLASTICAS NEGRAS   24x30,fundas plasticas negras 24x30,fundas|plasticas|negras|24x30,,False,False,False
FUNDAS PLASTICAS ROJA 55 GLS,fundas plasticas roja 55 gls,fundas|plasticas|roja|55|gls,,False,False,False
FUNDAS PLASTICAS ROJA 24x30,fundas plasticas roja 24x30,fundas|plasticas|roja|24x30,,False,False,False
JUEGO DE SALA PLASTICO JGO FERR CONFORT,juego de sala plastico jgo ferr confort,juego|sala|plastico|jgo|ferr|confort,,False,False,False
LAVADORA SEMI AUTOMATICA M/DIMI11W 11 KG DIMENSIONS,lavadora semi automatica m/dimi11w 11 kg dimensions,lavadora|semi|automatica|m/dimi11|w|11|kg|dimensions|DIMI11W|11W|11 kg,,False,False,False
NEVERA TECNOMASTER 10 PC,nevera tecnomaster 10 pc,nevera|tecnomaster|10|pc,,False,False,False
ESTUFA A GAS  DISCOVERY HOME 24'',estufa a gas discovery home 24,estufa|a|gas|discovery|home|24,Discovery,False,False,False
JUEGO COMEDOR PLASTICO 4 SILLAS RIMAX,juego comedor plastico 4 sillas rimax,juego|comedor|plastico|4|sillas|rimax,,False,False,False
CAMA CON BASE DE MADERA 54 PG PILLOW TOP EURO AZUL,cama con base de madera 54 pg pillow top euro azul,cama|base|madera|54|pg|pillow|top|euro,,False,False,False
TELEVISOR DAIWA 43'',televisor daiwa 43,televisor|daiwa|43,Daiwa,False,False,False
ABANICO DISCOVERY  HOME 16'',abanico discovery home 16,abanico|discovery|home|16,Discovery,False,False,False
LICUADORA DISCOVERY HOME  3-5 VEL 600W 1.5 LITROS,licuadora discovery home 3-5 vel 600w 1.5 litros,licuadora|discovery|home|3-5|vel|600|w|1.5|600W,Discovery,False,False,False
MICROONDA 21 L AMERICAN 700-900 VATIOS,microonda 21 l american 700-900 vatios,microonda|21|l|american|700-900|vatios|21 l,,False,False,False
"TELEVISOR LG  40"" PULG","televisor lg 40"" pulg","televisor|lg|40""|pulg|40""",LG,False,False,False
LICUADORAS DISCOVERY HOME 3-5 VEL 600W 1.25 LITROS,licuadoras discovery home 3-5 vel 600w 1.25 litros,licuadoras|discovery|home|3-5|vel|600|w|1.25|600W,Discovery,False,False,False
LAVADORA SEMI AUTOMATICA  22 LB DIMENSIONS,lavadora semi automatica 22 lb dimensions,lavadora|semi|automatica|22|lb|dimensions|22 lb,,False,False,False
NEVERA TECNOMASTER 10 PC,nevera tecnomaster 10 pc,nevera|tecnomaster|10|pc,,False,False,False
PLANCHA DE ROPA A VAPOR DISCOVERY HOME 1000W,plancha de ropa a vapor discovery home 1000w,plancha|ropa|a|vapor|discovery|home|1000|w|1000W,Discovery,False,False,False
"ABANICOS DE PEDESTAL KGLG 16""","abanicos de pedestal kglg 16""","abanicos|pedestal|kglg|16""|16""",LG,False,False,False
TOSTADORAS EUTRONIC GDE SWP-02,tostadoras eutronic gde swp-02,tostadoras|eutronic|gde|swp-02,,False,False,False
ESTUFA A GAS  DISCOVERY HOME 24'',estufa a gas discovery home 24,estufa|a|gas|discovery|home|24,Discovery,False,False,False
SET DE MUEBLES PLATICOS FERR CONFORT,set de muebles platicos ferr confort,set|muebles|platicos|ferr|confort,,False,False,False
JUEGO DE COMEDOR PLATICO DE 4 SILLAS RIMAX,juego de comedor platico de 4 sillas rimax,juego|comedor|platico|4|sillas|rimax,,False,False,False
GAVETERO TIPO RATTAN DE 5 GAVETAS DURALON,gavetero tipo rattan de 5 gavetas duralon,gavetero|tipo|rattan|5|gavetas|duralon,,False,False,False
CAMA CON BASE DE MADERA 54 PG PILLOW TOP EURO AZUL,cama con base de madera 54 pg pillow top euro azul,cama|base|madera|54|pg|pillow|top|euro,,False,False,False
CAMAROTE 39X39 PULGADAS TWIN TWIN FIRSO,camarote 39x39 pulgadas twin twin firso,"camarote|39x39|pulgadas|twin|twin|firso|39""",LG,False,False,False
TANQUES O CILINDROS DE GAS 25 LB DURAGAS,tanques o cilindros de gas 25 lb duragas,tanques|o|cilindros|gas|25|lb|duragas|25 lb,,False,False,False
"TELEVISOR KTC 32"" SMART TV","televisor ktc 32"" smart tv","televisor|ktc|32""|smart|tv|32""",,False,False,False
ESTUFA A GAS  DISCOVERY HOME 24'',estufa a gas discovery home 24,estufa|a|gas|discovery|home|24,Discovery,False,False,False
LAVADORA SEMI AUTOMATICA  22 LB DIMENSIONS,lavadora semi automatica 22 lb dimensions,lavadora|semi|automatica|22|lb|dimensions|22 lb,,False,False,False
NEVERA TECNOMASTER 10 PC,nevera tecnomaster 10 pc,nevera|tecnomaster|10|pc,,False,False,False
SET DE MUEBLES PLATICOS FERR CONFORT,set de muebles platicos ferr confort,set|muebles|platicos|ferr|confort,,False,False,False
JUEGO DE COMEDOR PLATICO DE 4 SILLAS RIMAX,juego de comedor platico de 4 sillas rimax,juego|comedor|platico|4|sillas|rimax,,False,False,False
CAMA CON BASE DE MADERA 54 PG PILLOW TOP EURO AZUL,cama con base de madera 54 pg pillow top euro azul,cama|base|madera|54|pg|pillow|top|euro,,False,False,False
CAMAROTE 39X39 PULGADAS TWIN TWIN FIRSO,camarote 39x39 pulgadas twin twin firso,"camarote|39x39|pulgadas|twin|twin|firso|39""",LG,False,False,False
TANQUES O CILINDROS DE GAS 25 LB DURAGAS,tanques o cilindros de gas 25 lb duragas,tanques|o|cilindros|gas|25|lb|duragas|25 lb,,False,False,False
SILLON TECNICO CREATIVE,sillon tecnico creative,sillon|tecnico|creative,,False,False,False
TELEVISOR 55 PULGADAS TCL 4K,televisor 55 pulgadas tcl 4k,"televisor|55|pulgadas|tcl|4k|55""",TCL,False,False,False
GABINETE TIPO CREDENZA 2 PUERTAS THUNDER,gabinete tipo credenza 2 puertas thunder,gabinete|tipo|credenza|2|puertas|thunder,,False,False,False
ARCHIVO DE METAL MODULAR DE 3 GAVETAS OMAR,archivo de metal modular de 3 gavetas omar,archivo|metal|modular|3|gavetas|omar,,False,False,False
COUNTER DE RECEPCION EN MELAMINA,counter de recepcion en melamina,counter|recepcion|melamina,,False,False,False
SILLAS DE VISITA PARA USUARIO BEIRAMAR,sillas de visita para usuario beiramar,sillas|visita|para|usuario|beiramar,,False,False,False
ESCRITORIO MODULAR 28x32 FORMCASE,escritorio modular 28x32 formcase,escritorio|modular|28x32|formcase,,False,False,False
"ESTACIÓN MODULAR DE ALTURAS 1.05 M, 1.20 M Y 1.50 M",estacion modular de alturas 1.05 m 1.20 m y 1.50 m,estacion|modular|alturas|1.05|m|1.20|m|1.50,,False,False,False
ESCRITORIO MODULAR 28x55 CON RETORNO 18x36 FORMCASE,escritorio modular 28x55 con retorno 18x36 formcase,escritorio|modular|28x55|retorno|18x36|formcase,,False,False,False
SILLAS PARA VISITA DELUXE,sillas para visita deluxe,sillas|para|visita|deluxe,,False,False,False
ARCHIVO DE METAL DE 4 GAVETAS COLOR GRIS MERCURY,archivo de metal de 4 gavetas color gris mercury,archivo|metal|4|gavetas|color|gris|mercury,,False,False,False
SILLA DE VISITA PARA DIRECTORES TAPIZADA EN PIELINA,silla de visita para directores tapizada en pielina,silla|visita|para|directores|tapizada|pielina,,False,False,False
SILLON EJECUTIVO CELIO EN PIEL GENUINA COLOR NEGRO,sillon ejecutivo celio en piel genuina color negro,sillon|ejecutivo|celio|piel|genuina|color|negro,,False,False,False
ARMARIO DE METAL 2 PUERTAS 18X36X71,armario de metal 2 puertas 18x36x71,armario|metal|2|puertas|18x36x71,,False,False,False
NEVERA FRIGIDAIRE 12 P.C. 2 PUERTAS,nevera frigidaire 12 p.c. 2 puertas,nevera|frigidaire|12|p.c.|2|puertas,,False,False,False
"NEVERA EJECUTIVA NEDOCA, 4 P.C.,1 PUERTA",nevera ejecutiva nedoca 4 p.c. 1 puerta,nevera|ejecutiva|nedoca|4|p.c.|1|puerta,,False,False,False
"ANAQUEL METALICO 5 NIVELES, CON MEDIDAS DE 0.30 X 
0.60 DE FONDO Y 2.00 DE ALTURA.",anaquel metalico 5 niveles con medidas de 0.30 x 0.60 de fondo y 2.00 de altura.,anaquel|metalico|5|niveles|medidas|0.30|x|0.60,,False,False,False
"ESTACIÓN MODULAR DE ALTURAS 1.05 M, 1.20 M Y 1.50 M",estacion modular de alturas 1.05 m 1.20 m y 1.50 m,estacion|modular|alturas|1.05|m|1.20|m|1.50,,False,False,False
SILLA DE VISITA PARA DIRECTORES TAPIZADA EN PIELINA,silla de visita para directores tapizada en pielina,silla|visita|para|directores|tapizada|pielina,,False,False,False
SILLON EJECUTIVO CELIO EN PIEL GENUINA COLOR NEGRO,sillon ejecutivo celio en piel genuina color negro,sillon|ejecutivo|celio|piel|genuina|color|negro,,False,False,False
"ANAQUEL METALICO 5 NIVELES, CON MEDIDAS DE 0.30 X 
0.60 DE FONDO Y 2.00 DE ALTURA.",anaquel metalico 5 niveles con medidas de 0.30 x 0.60 de fondo y 2.00 de altura.,anaquel|metalico|5|niveles|medidas|0.30|x|0.60,,False,False,False
SILLA DE VISITA PARA DIRECTORES TAPIZADA EN PIELINA,silla de visita para directores tapizada en pielina,silla|visita|para|directores|tapizada|pielina,,False,False,False
SILLON EJECUTIVO CELIO EN PIEL GENUINA COLOR NEGRO,sillon ejecutivo celio en piel genuina color negro,sillon|ejecutivo|celio|piel|genuina|color|negro,,False,False,False
"ANAQUEL METALICO 5 NIVELES, CON MEDIDAS DE 0.30 X 
0.60 DE FONDO Y 2.00 DE ALTURA.",anaquel metalico 5 niveles con medidas de 0.30 x 0.60 de fondo y 2.00 de altura.,anaquel|metalico|5|niveles|medidas|0.30|x|0.60,,False,False,False
SACO DE ARROZ AA 125LB,saco de arroz aa 125lb,saco|arroz|aa|125|lb|125 lb,,False,True,False
SACO DE AZUCAR CREMA 125LB,saco de azucar crema 125lb,saco|azucar|crema|125|lb|125 lb,,False,True,False
SACO DE SAL MOLIDA 125LB,saco de sal molida 125lb,saco|sal|molida|125|lb|125 lb,,False,False,False
SACOS DE HABICHUELAS GIRA 100LB,sacos de habichuelas gira 100lb,sacos|habichuelas|gira|100|lb|100 lb,,False,True,False
SACOS DE HABICHUELAS ROJAS 100LB,sacos de habichuelas rojas 100lb,sacos|habichuelas|rojas|100|lb|100 lb,,False,True,False
SACOS DE HABICHUELAS NEGRAS 100LB,sacos de habichuelas negras 100lb,sacos|habichuelas|negras|100|lb|100 lb,,False,True,False
SACO DE TRIGO 50LB,saco de trigo 50lb,saco|trigo|50|lb|50 lb,,False,False,False
SACO DE AVENA 100LB LA AMERICA,saco de avena 100lb la america,saco|avena|100|lb|america|100 lb,,False,False,False
SACO DE HARINA DE TRIGO 50LB BLANQUITA,saco de harina de trigo 50lb blanquita,saco|harina|trigo|50|lb|blanquita|50 lb,,False,True,False
GALLETAS DE SODA FARDO,galletas de soda fardo,galletas|soda|fardo,,False,False,False
MAICENA C/40 125GR,maicena c/40 125gr,maicena|c/40|125gr,,False,False,False
HARINA DEL NEGRITO 40/1 425 GR,harina del negrito 40/1 425 gr,harina|negrito|40/1|425|gr|40/1,,False,True,False
CAFÉ PAQ 1LB SANTO DOMINGO,cafe paq 1lb santo domingo,cafe|paq|1|lb|santo|domingo|1 lb,,False,False,False
CAJA DE SAZON EN POLVO 24/1 MAGGI,caja de sazon en polvo 24/1 maggi,caja|sazon|polvo|24/1|maggi|24/1,,False,False,False
CAJA DE SAZON  LIQUIDO 4 GAL BALDOM,caja de sazon liquido 4 gal baldom,caja|sazon|liquido|4|gal|baldom|4 gal,,False,False,False
CAJA DE GUANDULES CON COCO 24/1,caja de guandules con coco 24/1,caja|guandules|coco|24/1|24/1,,False,False,False
CAJA DE GUANDULES  24/1 LA FAMOSA,caja de guandules 24/1 la famosa,caja|guandules|24/1|famosa|24/1,,False,False,False
CAJA DE LECHE DE COCO 24/1,caja de leche de coco 24/1,caja|leche|coco|24/1|24/1,,False,True,False
LATA DE ACEITE GRANDE SPECIAL,lata de aceite grande special,lata|aceite|grande|special,,False,False,False
CAJA DE PASTA DE TOMATE LINDA,caja de pasta de tomate linda,caja|pasta|tomate|linda,,False,False,False
CAJA DE LECHE EVAPORADA 48/1 CARNATION,caja de leche evaporada 48/1 carnation,caja|leche|evaporada|48/1|carnation|48/1,,False,True,False
CAJA DE MAIZ DULCE 24/1 LA FAMOSA,caja de maiz dulce 24/1 la famosa,caja|maiz|dulce|24/1|famosa|24/1,,False,False,False
CAJA DE TUNA EN TROZOS EN ACEITE VEGETAL 24/1 CHERRY S. TROZO,caja de tuna en trozos en aceite vegetal 24/1 cherry s. trozo,caja|tuna|trozos|aceite|vegetal|24/1|cherry|s.|24/1,,False,True,False
CAJA DE MAYONESA C/4 POSTES DE 5LB BALDOM,caja de mayonesa c/4 postes de 5lb baldom,caja|mayonesa|c/4|postes|5|lb|baldom|5 lb,,False,True,False
CAJAS DE MANTEQUILLA C4 TARROS DE 5LB,cajas de mantequilla c4 tarros de 5lb,cajas|mantequilla|c4|tarros|5|lb|5 lb,,False,True,False
CAJA DE VINAGRE C/4 GL AMBAR CONSTANZA,caja de vinagre c/4 gl ambar constanza,caja|vinagre|c/4|gal|ambar|constanza|4 gl,,False,False,False
CAJA DE SALSA CHINA C/4 GL BALDOM,caja de salsa china c/4 gl baldom,caja|salsa|china|c/4|gal|baldom|4 gl,,False,False,False
CAJA DE SOPITA 6/1 240 UND DOÑA GALLINA,caja de sopita 6/1 240 und dona gallina,caja|sopita|6/1|240|und|dona|gallina|6/1,,False,False,False
CAJAS DE CHOCOLATES EN TABLETAS 60TB EMBAJADOR,cajas de chocolates en tabletas 60tb embajador,cajas|chocolates|tabletas|60tb|embajador,,False,False,False
FUNDA DE LECHE EN POLVO DE 55LB INCO,funda de leche en polvo de 55lb inco,funda|leche|polvo|55|lb|inco|55 lb,,False,True,False
FARDO DE ESPAGUETIS 10 LB MILANO,fardo de espaguetis 10 lb milano,fardo|espaguetis|10|lb|milano|10 lb,,False,False,False
ESPIRALES 10/1 MIXTOS,espirales 10/1 mixtos,espirales|10/1|mixtos|10/1,,False,False,False
FIDEOS FARDOS 10/1 MILANO,fideos fardos 10/1 milano,fideos|fardos|10/1|milano|10/1,,False,False,False
VAINILLA BLANCA GL,vainilla blanca gl,vainilla|blanca|gal,,False,False,False
VINO BLANCO PARA COCINAR CHEFF,vino blanco para cocinar cheff,vino|blanco|para|cocinar|cheff,,False,False,False
ACEITE VEGETAL GL FIGARO,aceite vegetal gl figaro,aceite|vegetal|gal|figaro,,False,True,False
PAN INTEGRAL VIGA FUNDA,pan integral viga funda,pan|integral|viga|funda,,False,False,False
PAN BLANCO VIGA FUNDA LUMIJOR,pan blanco viga funda lumijor,pan|blanco|viga|funda|lumijor,,False,False,False
GELATINA CAJA 48 UND ROYAL,gelatina caja 48 und royal,gelatina|caja|48|und|royal,,False,False,False
HARINA DE MAIZ,harina de maiz,harina|maiz,,False,True,False
COMPOTA PEQUEÑAS,compota pequenas,compota|pequenas,,False,False,False
JUGOS PEQUÑOS DE CARTON 200ML SANTAL,jugos pequnos de carton 200ml santal,jugos|pequnos|carton|200ml|santal,,False,False,False
AZAFRAN 12/9 G,azafran 12/9 g,azafran|12/9|g|12/9,,False,False,False
