CANONICAL_ID,CANONICAL_NAME,TYPE,CATEGORY,UOM,BRAND,MODEL,SPECIFICATION,IS_FOOD,IS_MEAT,IS_SERVICE,COMPANY_SCOPE,CURRENT_ODOO_PRODUCT_ID,CURRENT_ODOO_NAME,CURRENT_LIST_PRICE,HISTORICAL_OCCURRENCES,HISTORICAL_MIN_PRICE,HISTORICAL_MAX_PRICE,FINAL_LIST_PRICE,MATCH_TYPE,SOURCE_FILES_COUNT,SOURCE_SHEETS_COUNT,ACTION,REVIEW_REASON,PRICE_RULE,MAX_PRICE_SOURCE_FILE,MAX_PRICE_SOURCE_SHEET,MAX_PRICE_SOURCE_ROW,MAX_PRICE_DOCUMENT_TYPE,MAX_PRICE_DESCRIPTION,MAX_PRICE_QTY,MAX_PRICE_UNIT_EXCL,MAX_PRICE_CURRENCY,IDENTITY_KEY,SOURCE_FILES
AG-0001,Preliminares,consu,Ferretería,Units,,,,False,False,False,SHARED,,,,15,,,,NEW_PRODUCT,2,8,MANUAL_REVIEW,MISSING_VALID_PRICE,NO_PRICE,,,,,,,,,preliminares,COTIZACIONES_0.2_b68c.xlsx | COTIZACIONES_b089.xlsx
AG-0002,Servicios profesionales,service,Servicios,Units,,,,False,False,True,SHARED,,,,220,3.0,,0.0,NEW_PRODUCT,7,38,MAP_TO_SERVICIOS_PROFESIONALES,PRICE_OUTLIER_REVIEW,PRICE_OUTLIER_REVIEW,,,,,,,,,SERVICE::profesional,COTIZACIONES_0.2_b68c.xlsx | COTIZACIONES_DORALEX_SRL_bb53.xlsx | COTIZACIONES_DORALEX_f72a.xlsx | COTIZACIONES__REMPART_GROUP_2_3578.xlsx | COTIZACIONES_b089.xlsx | COT_95d1.xlsx | FORMATO_DE_COTIZACION_2_21f4.xlsx
AG-0003,Construccion De Rampa P/puerta Principal,consu,Ferretería,Units,,,,False,False,False,SHARED,,,,4,,,,NEW_PRODUCT,2,2,MANUAL_REVIEW,MISSING_VALID_PRICE,NO_PRICE,,,,,,,,,construccion|rampa|p/puerta|principal,COTIZACIONES_0.2_b68c.xlsx | COTIZACIONES_b089.xlsx
AG-0004,Rampa En Hormigon 210 Kg/cm2-h:0.20 Con Malla Electrosoldada,consu,Construcción,m³,,,presentation=210 kg,False,False,False,SHARED,,,,4,10500.0,10500.0,10500.0,NEW_PRODUCT,2,2,CREATE_SHARED_PRODUCT,,MAX,COTIZACIONES_0.2_b68c.xlsx,Cotizacion1,20,QUOTATION,Rampa en Hormigon 210 kg/cm2-h:0.20  con malla electrosoldada,7.0,10500.0,DOP,rampa|hormigon|210|kg/cm2-h|0.20|malla|electrosoldada|210 kg,COTIZACIONES_0.2_b68c.xlsx | COTIZACIONES_b089.xlsx
AG-0005,Construccion Acera,consu,Ferretería,Units,,,,False,False,False,SHARED,,,,4,,,,NEW_PRODUCT,2,2,MANUAL_REVIEW,MISSING_VALID_PRICE,NO_PRICE,,,,,,,,,construccion|acera,COTIZACIONES_0.2_b68c.xlsx | COTIZACIONES_b089.xlsx
AG-0006,Acera E=0.10m Malla Electrosold. D2.3 10x10 (violinada),consu,Ferretería,m³,,,,False,False,False,SHARED,,,,4,10300.0,10300.0,10300.0,NEW_PRODUCT,2,2,CREATE_SHARED_PRODUCT,,MAX,COTIZACIONES_0.2_b68c.xlsx,Cotizacion1,22,QUOTATION,Acera e=0.10m malla electrosold. D2.3 10x10 (Violinada),3.0,10300.0,DOP,acera|e|0.10m|malla|electrosold.|d2.3|10x10|violinada,COTIZACIONES_0.2_b68c.xlsx | COTIZACIONES_b089.xlsx
AG-0007,Conten Pulido De H=0.20m,consu,Ferretería,Units,,,,False,False,False,SHARED,,,,8,1000.0,1200.0,1200.0,NEW_PRODUCT,2,4,CREATE_SHARED_PRODUCT,,MAX,COTIZACIONES_0.2_b68c.xlsx,Cotizacion2,25,QUOTATION,Conten pulido de  h=0.20m,8.0,1200.0,DOP,conten|pulido|h|0.20m,COTIZACIONES_0.2_b68c.xlsx | COTIZACIONES_b089.xlsx
AG-0008,Pisos,consu,Ferretería,Units,,,,False,False,False,SHARED,,,,4,,,,NEW_PRODUCT,2,2,MANUAL_REVIEW,MISSING_VALID_PRICE,NO_PRICE,,,,,,,,,pisos,COTIZACIONES_0.2_b68c.xlsx | COTIZACIONES_b089.xlsx
AG-0009,Porcelanato 60x60 Español,consu,Ferretería,m²,,,,False,False,False,SHARED,,,,4,1650.0,1650.0,1650.0,NEW_PRODUCT,2,2,CREATE_SHARED_PRODUCT,,MAX,COTIZACIONES_0.2_b68c.xlsx,Cotizacion1,25,QUOTATION,Porcelanato 60x60 Español,175.0,1650.0,DOP,porcelanato|60x60|espanol,COTIZACIONES_0.2_b68c.xlsx | COTIZACIONES_b089.xlsx
AG-0010,Socalo,consu,Ferretería,Units,,,,False,False,False,SHARED,,,,4,400.0,400.0,400.0,NEW_PRODUCT,2,2,CREATE_SHARED_PRODUCT,,MAX,COTIZACIONES_0.2_b68c.xlsx,Cotizacion1,26,QUOTATION,Socalo,60.0,400.0,DOP,socalo,COTIZACIONES_0.2_b68c.xlsx | COTIZACIONES_b089.xlsx
AG-0011,Direccion Tecnica,consu,Ferretería,Units,,,,False,False,False,SHARED,,,,21,3305.993,,,NEW_PRODUCT,3,12,MANUAL_REVIEW,PRICE_OUTLIER_REVIEW;MISSING_VALID_PRICE,PRICE_OUTLIER_REVIEW,,,,,,,,,direccion|tecnica,COTIZACIONES_0.2_b68c.xlsx | COTIZACIONES__REMPART_GROUP_2_3578.xlsx | COTIZACIONES_b089.xlsx
AG-0012,Transporte,consu,Ferretería,Units,,,,False,False,False,SHARED,,,,22,3305.993,,,NEW_PRODUCT,5,13,MANUAL_REVIEW,PRICE_OUTLIER_REVIEW;MISSING_VALID_PRICE,PRICE_OUTLIER_REVIEW,,,,,,,,,transporte,COTIZACIONES_0.2_b68c.xlsx | COTIZACIONES_DORALEX_SRL_bb53.xlsx | COTIZACIONES_DORALEX_f72a.xlsx | COTIZACIONES__REMPART_GROUP_2_3578.xlsx | COTIZACIONES_b089.xlsx
AG-0013,Volumen Análisis,consu,Ferretería,m³,,,,False,False,False,SHARED,,,,6,,,,NEW_PRODUCT,4,3,MANUAL_REVIEW,MISSING_VALID_PRICE,NO_PRICE,,,,,,,,,volumen|analisis,COTIZACIONES_0.2_b68c.xlsx | COTIZACIONES_DORALEX_SRL_bb53.xlsx | COTIZACIONES_DORALEX_f72a.xlsx | COTIZACIONES_b089.xlsx
AG-0014,Materiales Y Equipos,consu,Ferretería,Units,,,,False,False,False,SHARED,,,,6,,,,NEW_PRODUCT,4,3,MANUAL_REVIEW,MISSING_VALID_PRICE,NO_PRICE,,,,,,,,,materiales|equipos,COTIZACIONES_0.2_b68c.xlsx | COTIZACIONES_DORALEX_SRL_bb53.xlsx | COTIZACIONES_DORALEX_f72a.xlsx | COTIZACIONES_b089.xlsx
AG-0015,Malla Electrosoldada D2.3 10x10mm + 10% Desp.,consu,Ferretería,Units,,,,False,False,False,SHARED,,,,6,,,,NEW_PRODUCT,4,3,MANUAL_REVIEW,MISSING_VALID_PRICE,NO_PRICE,,,,,,,,,malla|electrosoldada|d2.3|10x10|mm|10%|desp.,COTIZACIONES_0.2_b68c.xlsx | COTIZACIONES_DORALEX_SRL_bb53.xlsx | COTIZACIONES_DORALEX_f72a.xlsx | COTIZACIONES_b089.xlsx
AG-0016,Hormigón Industrial 210kg/cm2 - 10% Desp,consu,Construcción,m³,,,presentation=210 kg,False,False,False,SHARED,,,,6,,,,NEW_PRODUCT,4,3,MANUAL_REVIEW,MISSING_VALID_PRICE,NO_PRICE,,,,,,,,,hormigon|industrial|210|kg/cm2|-|10%|desp|210 kg,COTIZACIONES_0.2_b68c.xlsx | COTIZACIONES_DORALEX_SRL_bb53.xlsx | COTIZACIONES_DORALEX_f72a.xlsx | COTIZACIONES_b089.xlsx
AG-0017,Alambre Dulce No. 18,consu,Ferretería,lb,,,,False,False,False,SHARED,,,,6,,,,NEW_PRODUCT,4,3,MANUAL_REVIEW,MISSING_VALID_PRICE,NO_PRICE,,,,,,,,,alambre|dulce|no.|18,COTIZACIONES_0.2_b68c.xlsx | COTIZACIONES_DORALEX_SRL_bb53.xlsx | COTIZACIONES_DORALEX_f72a.xlsx | COTIZACIONES_b089.xlsx
AG-0018,Total/und,consu,Ferretería,Units,,,,False,False,False,SHARED,,,,6,,,,NEW_PRODUCT,4,3,MANUAL_REVIEW,MISSING_VALID_PRICE,NO_PRICE,,,,,,,,,total/und,COTIZACIONES_0.2_b68c.xlsx | COTIZACIONES_DORALEX_SRL_bb53.xlsx | COTIZACIONES_DORALEX_f72a.xlsx | COTIZACIONES_b089.xlsx
AG-0019,TOTAL/M3,consu,Ferretería,Units,,,,False,False,False,SHARED,,,,6,,,,NEW_PRODUCT,4,3,MANUAL_REVIEW,MISSING_VALID_PRICE,NO_PRICE,,,,,,,,,total/m3,COTIZACIONES_0.2_b68c.xlsx | COTIZACIONES_DORALEX_SRL_bb53.xlsx | COTIZACIONES_DORALEX_f72a.xlsx | COTIZACIONES_b089.xlsx
AG-0020,Construccion De Rampa Y Platea P/parqueos En Hormigon Asfaltico E:0.07,consu,Construcción,Units,,,,False,False,False,SHARED,,,,4,,,,NEW_PRODUCT,2,2,MANUAL_REVIEW,MISSING_VALID_PRICE,NO_PRICE,,,,,,,,,construccion|rampa|platea|p/parqueos|hormigon|asfaltico|e|0.07,COTIZACIONES_0.2_b68c.xlsx | COTIZACIONES_b089.xlsx
AG-0021,Hormigon Asfaltico,consu,Construcción,m³,,,,False,False,False,SHARED,,,,4,12000.0,12000.0,12000.0,NEW_PRODUCT,2,2,CREATE_SHARED_PRODUCT,,MAX,COTIZACIONES_0.2_b68c.xlsx,Cotizacion2,22,QUOTATION,Hormigon Asfaltico,29.0,12000.0,DOP,hormigon|asfaltico,COTIZACIONES_0.2_b68c.xlsx | COTIZACIONES_b089.xlsx
AG-0022,"Construccion Conten, Acera Y Platea",consu,Ferretería,Units,,,,False,False,False,SHARED,,,,4,,,,NEW_PRODUCT,2,2,MANUAL_REVIEW,MISSING_VALID_PRICE,NO_PRICE,,,,,,,,,construccion|conten|acera|platea,COTIZACIONES_0.2_b68c.xlsx | COTIZACIONES_b089.xlsx
AG-0023,Acera En Hormigon 210 Kg/cm2- E=0.10m (violinada),consu,Construcción,m³,,,presentation=210 kg,False,False,False,SHARED,,,,4,10300.0,10300.0,10300.0,NEW_PRODUCT,2,2,CREATE_SHARED_PRODUCT,,MAX,COTIZACIONES_0.2_b68c.xlsx,Cotizacion2,24,QUOTATION,Acera en Hormigon 210 kg/cm2- e=0.10m   (Violinada),1.0,10300.0,DOP,acera|hormigon|210|kg/cm2-|e|0.10m|violinada|210 kg,COTIZACIONES_0.2_b68c.xlsx | COTIZACIONES_b089.xlsx
AG-0024,Platea En Hormigon 210 Kg/cm2-h:0.10 Con Malla Electrosold. D2.3 20x20,consu,Construcción,m³,,,presentation=210 kg,False,False,False,SHARED,,,,4,10000.0,10000.0,10000.0,NEW_PRODUCT,2,2,CREATE_SHARED_PRODUCT,,MAX,COTIZACIONES_0.2_b68c.xlsx,Cotizacion2,26,QUOTATION,Platea en Hormigon 210 kg/cm2-h:0.10  con malla electrosold. D2.3 20x20,2.0,10000.0,DOP,platea|hormigon|210|kg/cm2-h|0.10|malla|electrosold.|d2.3|210 kg,COTIZACIONES_0.2_b68c.xlsx | COTIZACIONES_b089.xlsx
AG-0025,Construccion Pandereta P/division En Sheetrock,consu,Ferretería,Units,,,,False,False,False,SHARED,,,,6,,,,NEW_PRODUCT,3,4,MANUAL_REVIEW,MISSING_VALID_PRICE,NO_PRICE,,,,,,,,,construccion|pandereta|p/division|sheetrock,COTIZACIONES_0.2_b68c.xlsx | COTIZACIONES__REMPART_GROUP_2_3578.xlsx | COTIZACIONES_b089.xlsx
AG-0026,Pandereta En Sheetrock,consu,Ferretería,Units,,,,False,False,False,SHARED,,,,4,55000.0,55000.0,55000.0,NEW_PRODUCT,2,2,CREATE_SHARED_PRODUCT,,MAX,COTIZACIONES_0.2_b68c.xlsx,Cotizacion2,28,QUOTATION,Pandereta en Sheetrock,1.0,55000.0,DOP,pandereta|sheetrock,COTIZACIONES_0.2_b68c.xlsx | COTIZACIONES_b089.xlsx
AG-0027,Desintacion De Compresor De 5 Ton,consu,Ferretería,Units,,,,False,False,False,SHARED,,,,4,5000.0,5000.0,5000.0,NEW_PRODUCT,2,2,CREATE_SHARED_PRODUCT,,MAX,COTIZACIONES_0.2_b68c.xlsx,Cotizacion3,19,QUOTATION,Desintacion de compresor de 5 ton,1.0,5000.0,DOP,desintacion|compresor|5|ton,COTIZACIONES_0.2_b68c.xlsx | COTIZACIONES_b089.xlsx
AG-0028,Sistema De Cuarto Frio Y Congelador,consu,Ferretería,Units,,,,False,False,False,SHARED,,,,4,,,,NEW_PRODUCT,2,2,MANUAL_REVIEW,MISSING_VALID_PRICE,NO_PRICE,,,,,,,,,sistema|cuarto|frio|congelador,COTIZACIONES_0.2_b68c.xlsx | COTIZACIONES_b089.xlsx
AG-0029,Intalacion De Resistencias De Descongelamiento De Evaporador De Cuarto Congelador,consu,Ferretería,Units,,,,False,False,False,SHARED,,,,4,6300.0,6300.0,6300.0,NEW_PRODUCT,2,2,CREATE_SHARED_PRODUCT,,MAX,COTIZACIONES_0.2_b68c.xlsx,Cotizacion3,32,QUOTATION,Intalacion de resistencias de descongelamiento de evaporador de cuarto congelador,2.0,6300.0,DOP,intalacion|resistencias|descongelamiento|evaporador|cuarto|congelador,COTIZACIONES_0.2_b68c.xlsx | COTIZACIONES_b089.xlsx
AG-0030,Suministro De Refigerante R-404,consu,Ferretería,Units,,R-404,model=R-404,False,False,False,SHARED,,,,8,22000.0,22000.0,22000.0,NEW_PRODUCT,2,2,CREATE_SHARED_PRODUCT,,MAX,COTIZACIONES_0.2_b68c.xlsx,Cotizacion3,35,QUOTATION,Suministro de Refigerante R-404,2.0,22000.0,DOP,suministro|refigerante|r-404|R-404,COTIZACIONES_0.2_b68c.xlsx | COTIZACIONES_b089.xlsx
AG-0031,A/C,consu,Ferretería,Units,,,,False,False,False,SHARED,,,,8,,,,NEW_PRODUCT,2,2,MANUAL_REVIEW,MISSING_VALID_PRICE,NO_PRICE,,,,,,,,,a/c,COTIZACIONES_0.2_b68c.xlsx | COTIZACIONES_b089.xlsx
AG-0032,Mantenimiento/hidrolavado,consu,Ferretería,Units,,,,False,False,False,SHARED,,,,4,,,,NEW_PRODUCT,2,2,MANUAL_REVIEW,MISSING_VALID_PRICE,NO_PRICE,,,,,,,,,mantenimiento/hidrolavado,COTIZACIONES_0.2_b68c.xlsx | COTIZACIONES_b089.xlsx
AG-0033,A/C Split 12 Btu,consu,Ferretería,Units,,,,False,False,False,SHARED,,,,4,3500.0,3500.0,3500.0,NEW_PRODUCT,2,2,CREATE_SHARED_PRODUCT,,MAX,COTIZACIONES_0.2_b68c.xlsx,Cotizacion3,42,QUOTATION,A/C split 12 btu,1.0,3500.0,DOP,a/c|split|12|btu,COTIZACIONES_0.2_b68c.xlsx | COTIZACIONES_b089.xlsx
AG-0034,A/C Split 24 Btu,consu,Ferretería,Units,,,,False,False,False,SHARED,,,,8,5000.0,6000.0,6000.0,NEW_PRODUCT,2,2,CREATE_SHARED_PRODUCT,,MAX,COTIZACIONES_0.2_b68c.xlsx,Cotizacion3,43,QUOTATION,A/C split 24 btu,2.0,6000.0,DOP,a/c|split|24|btu,COTIZACIONES_0.2_b68c.xlsx | COTIZACIONES_b089.xlsx
AG-0035,Manejadora De 5ton,consu,Ferretería,Units,,,,False,False,False,SHARED,,,,4,9500.0,9500.0,9500.0,NEW_PRODUCT,2,2,CREATE_SHARED_PRODUCT,,MAX,COTIZACIONES_0.2_b68c.xlsx,Cotizacion3,44,QUOTATION,Manejadora de 5ton,1.0,9500.0,DOP,manejadora|5ton,COTIZACIONES_0.2_b68c.xlsx | COTIZACIONES_b089.xlsx
AG-0036,Reparacion/instalacion/vacio-suministro,consu,Ferretería,Units,,,,False,False,False,SHARED,,,,4,,,,NEW_PRODUCT,2,2,MANUAL_REVIEW,MISSING_VALID_PRICE,NO_PRICE,,,,,,,,,reparacion/instalacion/vacio-suministro,COTIZACIONES_0.2_b68c.xlsx | COTIZACIONES_b089.xlsx
AG-0037,A/C Tipo Paquete De 10 Ton,consu,Ferretería,Units,,,,False,False,False,SHARED,,,,4,7500.0,7500.0,7500.0,NEW_PRODUCT,2,2,CREATE_SHARED_PRODUCT,,MAX,COTIZACIONES_0.2_b68c.xlsx,Cotizacion3,50,QUOTATION,A/C tipo paquete de 10 Ton,1.0,7500.0,DOP,a/c|tipo|paquete|10|ton,COTIZACIONES_0.2_b68c.xlsx | COTIZACIONES_b089.xlsx
AG-0038,Suministro De Refigerante R-22,consu,Ferretería,Units,,,,False,False,False,SHARED,,,,4,20000.0,20000.0,20000.0,NEW_PRODUCT,2,2,CREATE_SHARED_PRODUCT,,MAX,COTIZACIONES_0.2_b68c.xlsx,Cotizacion3,56,QUOTATION,Suministro de Refigerante R-22,1.0,20000.0,DOP,suministro|refigerante|r-22,COTIZACIONES_0.2_b68c.xlsx | COTIZACIONES_b089.xlsx
AG-0039,A/C PISO TECHO,consu,Ferretería,Units,,,,False,False,False,SHARED,,,,2,,,,NEW_PRODUCT,2,1,MANUAL_REVIEW,MISSING_VALID_PRICE,NO_PRICE,,,,,,,,,a/c|piso|techo,COTIZACIONES_0.2_b68c.xlsx | COTIZACIONES_b089.xlsx
AG-0040,"Consola PISO TECHO Inverte 60,000 BTU",consu,Ferretería,Units,,,,False,False,False,SHARED,,,,2,85700.0,85700.0,85700.0,NEW_PRODUCT,2,1,CREATE_SHARED_PRODUCT,,MAX,COTIZACIONES_0.2_b68c.xlsx,Cotizacion4 ,16,QUOTATION,"CONSOLA PISO TECHO INVERTE 60,000 BTU",2.0,85700.0,DOP,consola|piso|techo|inverte|60|000|btu,COTIZACIONES_0.2_b68c.xlsx | COTIZACIONES_b089.xlsx
AG-0041,"Condensador Inverter 60,000 BTU 220/1/60",consu,Ferretería,Units,,,caliber=220/1,False,False,False,SHARED,,,,2,265000.0,265000.0,265000.0,NEW_PRODUCT,2,1,CREATE_SHARED_PRODUCT,,MAX,COTIZACIONES_0.2_b68c.xlsx,Cotizacion4 ,17,QUOTATION,"CONDENSADOR INVERTER 60,000 BTU 220/1/60",2.0,265000.0,DOP,condensador|inverter|60|000|btu|220/1/60|220/1,COTIZACIONES_0.2_b68c.xlsx | COTIZACIONES_b089.xlsx
AG-0042,A/C SPLIT,consu,Ferretería,Units,,,,False,False,False,SHARED,,,,6,,,,NEW_PRODUCT,2,3,MANUAL_REVIEW,MISSING_VALID_PRICE,NO_PRICE,,,,,,,,,a/c|split,COTIZACIONES_0.2_b68c.xlsx | COTIZACIONES_b089.xlsx
AG-0043,LENNOX I3 SEER 12 K BTU,consu,Ferretería,Units,,,,False,False,False,SHARED,,,,7,61850.0,65000.0,65000.0,NEW_PRODUCT,2,4,CREATE_SHARED_PRODUCT,,MAX,COTIZACIONES_0.2_b68c.xlsx,Cotizacion 5,16,QUOTATION,LENNOX I3 SEER 12 K BTU,2.0,65000.0,DOP,lennox|i3|seer|12|k|btu,COTIZACIONES_0.2_b68c.xlsx | COTIZACIONES_b089.xlsx
AG-0044,A/C DE 5 TON Ductiable,consu,Ferretería,Units,,,,False,False,False,SHARED,,,,2,,,,NEW_PRODUCT,2,1,MANUAL_REVIEW,MISSING_VALID_PRICE,NO_PRICE,,,,,,,,,a/c|5|ton|ductiable,COTIZACIONES_0.2_b68c.xlsx | COTIZACIONES_b089.xlsx
AG-0045,"Manejadora Inverter 60,000 BTU",consu,Ferretería,Units,,,,False,False,False,SHARED,,,,2,190000.0,190000.0,190000.0,NEW_PRODUCT,2,1,CREATE_SHARED_PRODUCT,,MAX,COTIZACIONES_0.2_b68c.xlsx,Cotizacion4 ,25,QUOTATION,"MANEJADORA INVERTER 60,000 BTU",1.0,190000.0,DOP,manejadora|inverter|60|000|btu,COTIZACIONES_0.2_b68c.xlsx | COTIZACIONES_b089.xlsx
AG-0046,"Condensador Inverter 60,000 BTU",consu,Ferretería,Units,,,,False,False,False,SHARED,,,,2,253200.0,253200.0,253200.0,NEW_PRODUCT,2,1,CREATE_SHARED_PRODUCT,,MAX,COTIZACIONES_0.2_b68c.xlsx,Cotizacion4 ,26,QUOTATION,"CONDENSADOR INVERTER 60,000 BTU",1.0,253200.0,DOP,condensador|inverter|60|000|btu,COTIZACIONES_0.2_b68c.xlsx | COTIZACIONES_b089.xlsx
AG-0047,DISEÑO Y Construccion DE Ducteria,consu,Ferretería,Units,,,,False,False,False,SHARED,,,,2,75000.0,75000.0,75000.0,NEW_PRODUCT,2,1,CREATE_SHARED_PRODUCT,,MAX,COTIZACIONES_0.2_b68c.xlsx,Cotizacion4 ,27,QUOTATION,DISEÑO Y CONSTRUCCION DE DUCTERIA,1.0,75000.0,DOP,diseno|construccion|ducteria,COTIZACIONES_0.2_b68c.xlsx | COTIZACIONES_b089.xlsx
AG-0048,Embobinado DE MOTOR DE BOMBA DE AGUA Pedrollo MOD. CP-680A 10 HP 220 Voltios 3 PHASES 60,consu,Ferretería,Units,Cano,CP-680A,model=CP-680A,False,False,False,SHARED,,,,5,20000.0,25000.0,25000.0,NEW_PRODUCT,3,3,CREATE_SHARED_PRODUCT,,MAX,COTIZACIONES_0.2_b68c.xlsx,Cotizacion 5,20,QUOTATION,EMBOBINADO DE MOTOR DE BOMBA DE AGUA PEDROLLO MOD. CP-680A     10 HP 220 VOLTIOS 3 PHASES 60 HZ.  CON ALAMBRE DE COBRE AMERICANO MARCA BNTECHGO NEMA MW-80C,1.0,25000.0,DOP,embobinado|motor|bomba|agua|pedrollo|mod.|cp-680a|10|CP-680A,COTIZACIONES_0.2_b68c.xlsx | COTIZACIONES__REMPART_GROUP_2_3578.xlsx | COTIZACIONES_b089.xlsx
AG-0049,Rodamiento C-6206 Z DE ALTA Temperatura SKF,consu,Ferretería,Units,,C-6206,model=C-6206,False,False,False,SHARED,,,,6,5000.0,5000.0,5000.0,NEW_PRODUCT,3,4,CREATE_SHARED_PRODUCT,,MAX,COTIZACIONES_0.2_b68c.xlsx,Cotizacion 5,21,QUOTATION,RODAMIENTO C-6206 Z DE ALTA TEMPERATURA SKF,1.0,5000.0,DOP,rodamiento|c-6206|z|alta|temperatura|skf|C-6206,COTIZACIONES_0.2_b68c.xlsx | COTIZACIONES__REMPART_GROUP_2_3578.xlsx | COTIZACIONES_b089.xlsx
AG-0050,Abanico DE BOMBA Pedrollo CP-680A,consu,Electrodomésticos,Units,,CP-680A,model=CP-680A,False,False,False,SHARED,,,,6,5000.0,5000.0,5000.0,NEW_PRODUCT,3,4,CREATE_SHARED_PRODUCT,,MAX,COTIZACIONES_0.2_b68c.xlsx,Cotizacion 5,24,QUOTATION,ABANICO DE BOMBA PEDROLLO CP-680A,1.0,5000.0,DOP,abanico|bomba|pedrollo|cp-680a|CP-680A,COTIZACIONES_0.2_b68c.xlsx | COTIZACIONES__REMPART_GROUP_2_3578.xlsx | COTIZACIONES_b089.xlsx
AG-0051,Acondicionamiento DE BOMBA DE AGUA CON Pintura Industrial,consu,Pinturas,Units,,,,False,False,False,SHARED,,,,6,3000.0,3000.0,3000.0,NEW_PRODUCT,3,4,CREATE_SHARED_PRODUCT,,MAX,COTIZACIONES_0.2_b68c.xlsx,Cotizacion 5,25,QUOTATION,ACONDICIONAMIENTO DE BOMBA DE AGUA CON PINTURA INDUSTRIAL,1.0,3000.0,DOP,acondicionamiento|bomba|agua|pintura|industrial,COTIZACIONES_0.2_b68c.xlsx | COTIZACIONES__REMPART_GROUP_2_3578.xlsx | COTIZACIONES_b089.xlsx
AG-0052,Sustitucion DE Calbles Electrico #4 POR 1/0 EN LINEA DE Alimentacion DEL EDIF DE VIH,consu,Ferretería,Units,,,caliber=1/0,False,False,False,SHARED,,,,5,95000.0,95000.0,95000.0,NEW_PRODUCT,2,3,CREATE_SHARED_PRODUCT,,MAX,COTIZACIONES_0.2_b68c.xlsx,Cotizacion 5,28,QUOTATION,SUSTITUCION DE CALBLES ELECTRICO #4 POR 1/0 EN LINEA DE ALIMENTACION DEL EDIF DE VIH,1.0,95000.0,DOP,sustitucion|calbles|electrico|4|por|1/0|linea|alimentacion|1/0,COTIZACIONES_0.2_b68c.xlsx | COTIZACIONES_b089.xlsx
AG-0053,Entregado POR,consu,Ferretería,Units,,,,False,False,False,SHARED,,,,3,,,,NEW_PRODUCT,2,2,MANUAL_REVIEW,MISSING_VALID_PRICE,NO_PRICE,,,,,,,,,entregado|por,COTIZACIONES_0.2_b68c.xlsx | COTIZACIONES_b089.xlsx
AG-0054,Porcelanato 60x60,consu,Ferretería,m²,,,,False,False,False,SHARED,,,,2,2450.55,2450.55,2450.55,NEW_PRODUCT,2,1,CREATE_SHARED_PRODUCT,,MAX,COTIZACIONES_0.2_b68c.xlsx,EJEMPLO COT JORGE,15,QUOTATION,Porcelanato 60x60,8.0,2450.55,DOP,porcelanato|60x60,COTIZACIONES_0.2_b68c.xlsx | COTIZACIONES_b089.xlsx
AG-0055,Construccion De Tapa P/registro Sanitario,consu,Ferretería,Units,,,,False,False,False,SHARED,,,,2,45000.0,45000.0,45000.0,NEW_PRODUCT,2,1,CREATE_SHARED_PRODUCT,,MAX,COTIZACIONES_0.2_b68c.xlsx,EJEMPLO COT JORGE,18,QUOTATION,Construccion de tapa P/Registro sanitario,1.0,45000.0,DOP,construccion|tapa|p/registro|sanitario,COTIZACIONES_0.2_b68c.xlsx | COTIZACIONES_b089.xlsx
AG-0056,Resane De Pared Y Hueco En Distribucion Red Agua Potable,consu,Ferretería,Units,,,,False,False,False,SHARED,,,,2,65455.0,65455.0,65455.0,NEW_PRODUCT,2,1,CREATE_SHARED_PRODUCT,,MAX,COTIZACIONES_0.2_b68c.xlsx,EJEMPLO COT JORGE,19,QUOTATION,Resane de pared y hueco en distribucion red agua potable,1.0,65455.0,DOP,resane|pared|hueco|distribucion|red|agua|potable,COTIZACIONES_0.2_b68c.xlsx | COTIZACIONES_b089.xlsx
AG-0057,Division En Sheetrock,consu,Ferretería,Units,,,,False,False,False,SHARED,,,,2,51200.0,51200.0,51200.0,NEW_PRODUCT,2,1,CREATE_SHARED_PRODUCT,,MAX,COTIZACIONES_0.2_b68c.xlsx,EJEMPLO COT JORGE,20,QUOTATION,Division en sheetrock,1.0,51200.0,DOP,division|sheetrock,COTIZACIONES_0.2_b68c.xlsx | COTIZACIONES_b089.xlsx
AG-0058,Construccion De Drenaje En Planta De Oxigeno Medico,consu,Ferretería,Units,,,,False,False,False,SHARED,,,,2,35480.0,35480.0,35480.0,NEW_PRODUCT,2,1,CREATE_SHARED_PRODUCT,,MAX,COTIZACIONES_0.2_b68c.xlsx,EJEMPLO COT JORGE,21,QUOTATION,Construccion de drenaje en planta de Oxigeno Medico,1.0,35480.0,DOP,construccion|drenaje|planta|oxigeno|medico,COTIZACIONES_0.2_b68c.xlsx | COTIZACIONES_b089.xlsx
AG-0059,Tubo Led 18w 48'' 6000k,consu,Plomería,Units,,,power=18W,False,False,False,SHARED,,,,4,480.0,480.0,480.0,NEW_PRODUCT,2,4,CREATE_SHARED_PRODUCT,,MAX,COTIZACIONES_0.2_b68c.xlsx,Cotizacion 5 (4),15,QUOTATION,Tubo led 18w 48'' 6000k,400.0,480.0,DOP,tubo|led|18|w|48|6000k|18W,COTIZACIONES_0.2_b68c.xlsx | COTIZACIONES_DORALEX_SRL_bb53.xlsx
AG-0060,Tape Scotch Super 33 3m,consu,Ferretería,Units,,,,False,False,False,SHARED,,,,2,939.8,939.8,939.8,NEW_PRODUCT,2,2,CREATE_SHARED_PRODUCT,,MAX,COTIZACIONES_0.2_b68c.xlsx,Cotizacion 5 (4),16,QUOTATION,Tape scotch super 33 3m,10.0,939.8,DOP,tape|scotch|super|33|3m,COTIZACIONES_0.2_b68c.xlsx | COTIZACIONES_DORALEX_SRL_bb53.xlsx
AG-0061,Roseta Porcelana Leviton,consu,Ferretería,Units,,,,False,False,False,SHARED,,,,12,230.0,325.0,325.0,NEW_PRODUCT,4,12,CREATE_SHARED_PRODUCT,,MAX,COTIZACIONES_0.2_b68c.xlsx,Cotizacion ASDE1 (6),36,QUOTATION,ROSETA DE PORCELANA LEVITON,13.0,325.0,DOP,roseta|porcelana|leviton,COTIZACIONES_0.2_b68c.xlsx | COTIZACIONES_DORALEX_SRL_bb53.xlsx | COTIZACIONES_DORALEX_f72a.xlsx | COTIZACIONES__REMPART_GROUP_2_3578.xlsx
AG-0062,Cable #14 AWG Thhn Negro,consu,Material eléctrico,Units,,,,False,False,False,SHARED,,,,4,46.7,46.7,46.7,NEW_PRODUCT,2,4,CREATE_SHARED_PRODUCT,,MAX,COTIZACIONES_0.2_b68c.xlsx,Cotizacion 5 (4),18,QUOTATION,Cable #14 AWG thhn negro,30.0,46.7,DOP,cable|14|awg|thhn|negro,COTIZACIONES_0.2_b68c.xlsx | COTIZACIONES_DORALEX_SRL_bb53.xlsx
AG-0063,Candado Yale 70 Mm 110-70,consu,Ferretería,Units,,,,False,False,False,SHARED,,,,2,2740.0,2740.0,2740.0,NEW_PRODUCT,2,2,CREATE_SHARED_PRODUCT,,MAX,COTIZACIONES_0.2_b68c.xlsx,Cotizacion 5 (4),19,QUOTATION,Candado Yale 70 mm 110-70,3.0,2740.0,DOP,candado|yale|70|mm|110-70,COTIZACIONES_0.2_b68c.xlsx | COTIZACIONES_DORALEX_SRL_bb53.xlsx
AG-0064,Bombillo Led 20w Sylvania 20w-6500k,consu,Material eléctrico,Units,,,power=20W,False,False,False,SHARED,,,,2,420.0,420.0,420.0,NEW_PRODUCT,2,2,CREATE_SHARED_PRODUCT,,MAX,COTIZACIONES_0.2_b68c.xlsx,Cotizacion 5 (4),20,QUOTATION,Bombillo led 20w sylvania 20w-6500k,10.0,420.0,DOP,bombillo|led|20|w|sylvania|20|w-6500k|W-6500K|20W,COTIZACIONES_0.2_b68c.xlsx | COTIZACIONES_DORALEX_SRL_bb53.xlsx
AG-0065,Pintura Popular Ext-int PRO BLANCO 50,consu,Pinturas,Units,,,,False,False,False,SHARED,,,,4,11932.5,11932.5,11932.5,NEW_PRODUCT,2,4,CREATE_SHARED_PRODUCT,,MAX,COTIZACIONES_0.2_b68c.xlsx,Cotizacion 5 (5),15,QUOTATION,PINTURA POPULAR EXT-INT PRO BLANCO 50,3.0,11932.5,DOP,pintura|popular|ext-int|pro|blanco|50,COTIZACIONES_0.2_b68c.xlsx | COTIZACIONES_DORALEX_SRL_bb53.xlsx
AG-0066,Pintura Popular Ext-int PRO ARENA 23,consu,Pinturas,Units,,,,False,False,False,SHARED,,,,5,2386.5,11932.5,11932.5,NEW_PRODUCT,2,5,CREATE_SHARED_PRODUCT,,MAX,COTIZACIONES_DORALEX_SRL_bb53.xlsx,Cotizacion (75),20,QUOTATION,PINTURA POPULAR EXT-INT PRO  ARENA 23,5.0,11932.5,DOP,pintura|popular|ext-int|pro|arena|23,COTIZACIONES_0.2_b68c.xlsx | COTIZACIONES_DORALEX_SRL_bb53.xlsx
AG-0067,Pintura Tropical Contractor NEGRO 53 Positivo,consu,Pinturas,Units,Tropical,,,False,False,False,SHARED,,,,11,2386.0,10932.5,10932.5,NEW_PRODUCT,3,11,CREATE_SHARED_PRODUCT,,MAX,COTIZACIONES_0.2_b68c.xlsx,Cotizacion 5 (41),20,QUOTATION,PINTURA TROPICAL CONTRACTOR NEGRO 53 POSITIVO,10.0,10932.5,DOP,pintura|tropical|contractor|negro|53|positivo,COTIZACIONES_0.2_b68c.xlsx | COTIZACIONES_DORALEX_SRL_bb53.xlsx | COTIZACIONES__REMPART_GROUP_2_3578.xlsx
AG-0068,Varilla 1/2,consu,Construcción,Units,,,caliber=1/2,False,False,False,SHARED,,,,18,4233.65,110325.62,110325.62,NEW_PRODUCT,4,18,CREATE_SHARED_PRODUCT,,MAX,COTIZACIONES__REMPART_GROUP_2_3578.xlsx,COT ASDE (32),18,QUOTATION,'VARILLA 1/2'',3.0,110325.62,DOP,varilla|1/2|1/2,COTIZACIONES_0.2_b68c.xlsx | COTIZACIONES_DORALEX_SRL_bb53.xlsx | COTIZACIONES_DORALEX_f72a.xlsx | COTIZACIONES__REMPART_GROUP_2_3578.xlsx
AG-0069,BLOCK DE 8'' Frabrica P.108,consu,Construcción,Units,,,,False,False,False,SHARED,,,,5,93.86,93.86,93.86,NEW_PRODUCT,2,5,CREATE_SHARED_PRODUCT,,MAX,COTIZACIONES_0.2_b68c.xlsx,Cotizacion 5 (6),16,QUOTATION,BLOCK DE 8''  FRABRICA P.108,600.0,93.86,DOP,block|8|frabrica|p.108,COTIZACIONES_0.2_b68c.xlsx | COTIZACIONES_DORALEX_SRL_bb53.xlsx
AG-0070,Pintura Acrilica ROJO Positvo Popular,consu,Pinturas,Units,,,,False,False,False,SHARED,,,,3,11790.13,12529.13,12529.13,NEW_PRODUCT,1,3,CREATE_SHARED_PRODUCT,,MAX,COTIZACIONES_0.2_b68c.xlsx,Cotizacion 5 (19),15,QUOTATION,PINTURA ACRILICA ROJO POSITVO POPULAR,41.0,12529.13,DOP,pintura|acrilica|rojo|positvo|popular,COTIZACIONES_0.2_b68c.xlsx
AG-0071,Pintura Acrilica AZUL Positvo Popular,consu,Pinturas,Units,,,,False,False,False,SHARED,,,,3,2386.5,12529.13,12529.13,NEW_PRODUCT,1,3,CREATE_SHARED_PRODUCT,,MAX,COTIZACIONES_0.2_b68c.xlsx,Cotizacion 5 (19),16,QUOTATION,PINTURA ACRILICA AZUL POSITVO POPULAR,41.0,12529.13,DOP,pintura|acrilica|azul|positvo|popular,COTIZACIONES_0.2_b68c.xlsx
AG-0072,Pintura Acrilica BLANCA Popular 50,consu,Pinturas,Units,,,,False,False,False,SHARED,,,,2,6352.5,11932.5,11932.5,NEW_PRODUCT,1,2,CREATE_SHARED_PRODUCT,,MAX,COTIZACIONES_0.2_b68c.xlsx,Cotizacion 5 (7),17,QUOTATION,PINTURA ACRILICA BLANCA POPULAR 50,1.0,11932.5,DOP,pintura|acrilica|blanca|popular|50,COTIZACIONES_0.2_b68c.xlsx
AG-0073,Pintura ALTO Transito (amarillo Trafico) Popular,consu,Pinturas,Units,,,,False,False,False,SHARED,,,,3,14100.75,18453.75,18453.75,NEW_PRODUCT,1,3,CREATE_SHARED_PRODUCT,,MAX,COTIZACIONES_0.2_b68c.xlsx,Cotizacion 5 (19),18,QUOTATION,PINTURA ALTO TRANSITO (AMARILLO TRAFICO) POPULAR,20.0,18453.75,DOP,pintura|alto|transito|amarillo|trafico|popular,COTIZACIONES_0.2_b68c.xlsx
AG-0074,Alambre #8 AWG,consu,Ferretería,Units,,,,False,False,False,SHARED,,,,16,43.0,,,NEW_PRODUCT,3,16,MANUAL_REVIEW,PRICE_OUTLIER_REVIEW;MISSING_VALID_PRICE,PRICE_OUTLIER_REVIEW,,,,,,,,,alambre|8|awg,COTIZACIONES_0.2_b68c.xlsx | COTIZACIONES_DORALEX_SRL_bb53.xlsx | COTIZACIONES__REMPART_GROUP_2_3578.xlsx
AG-0075,Alambre #10 AWG,consu,Ferretería,Units,,,,False,False,False,SHARED,,,,12,37.5,39.2,39.2,NEW_PRODUCT,3,12,CREATE_SHARED_PRODUCT,,MAX,COTIZACIONES_0.2_b68c.xlsx,Cotizacion ASDE1 (6),40,QUOTATION,ALAMBRE #10 AWG,1000.0,39.2,DOP,alambre|10|awg,COTIZACIONES_0.2_b68c.xlsx | COTIZACIONES_DORALEX_SRL_bb53.xlsx | COTIZACIONES__REMPART_GROUP_2_3578.xlsx
AG-0076,Alambre DE GOMA 12/3,consu,Neumáticos,Units,,,caliber=12/3,False,False,False,SHARED,,,,5,68.0,68.0,68.0,NEW_PRODUCT,2,5,CREATE_SHARED_PRODUCT,,MAX,COTIZACIONES_0.2_b68c.xlsx,Cotizacion 5 (8),17,QUOTATION,ALAMBRE DE GOMA 12/3,200.0,68.0,DOP,alambre|goma|12/3|12/3,COTIZACIONES_0.2_b68c.xlsx | COTIZACIONES_DORALEX_SRL_bb53.xlsx
AG-0077,TAPE VINIL SCOTCH 3M SUPER33,consu,Ferretería,Units,,SUPER33,model=SUPER33,False,False,False,SHARED,100,TAPE VINIL SCOTCH 3M SUPER33+,1375.0,8,525.0,1658.0,1658.0,EXACT_MATCH,4,7,REUSE_UPDATE_PRICE,,MAX,COTIZACIONES__REMPART_GROUP_2_3578.xlsx,COT RECONOCIMIENTO DE DEUDA (4),23,QUOTATION,TAPE VINIL SCOTCH 3M SUPER33+,1.0,1658.0,DOP,tape|vinil|scotch|3m|super33|SUPER33,COTIZACIONES_0.2_b68c.xlsx | COTIZACIONES_DORALEX_SRL_bb53.xlsx | COTIZACIONES_DORALEX_f72a.xlsx | COTIZACIONES__REMPART_GROUP_2_3578.xlsx
AG-0078,Alambre 12/2 AWG PHELPS DODGE,consu,Ferretería,Units,,,caliber=12/2,False,False,False,SHARED,,,,5,57.2,57.2,57.2,NEW_PRODUCT,2,5,CREATE_SHARED_PRODUCT,,MAX,COTIZACIONES_0.2_b68c.xlsx,Cotizacion 5 (9),15,QUOTATION,ALAMBRE 12/2 AWG PHELPS DODGE,200.0,57.2,DOP,alambre|12/2|awg|phelps|dodge|12/2,COTIZACIONES_0.2_b68c.xlsx | COTIZACIONES_DORALEX_SRL_bb53.xlsx
AG-0079,Candado DE BRONCE YALE ITALY 70MM,consu,Ferretería,Units,,,,False,False,False,SHARED,,,,6,3090.0,3090.0,3090.0,NEW_PRODUCT,2,6,CREATE_SHARED_PRODUCT,,MAX,COTIZACIONES_0.2_b68c.xlsx,Cotizacion 5 (10),15,QUOTATION,CANDADO DE BRONCE YALE ITALY 70MM,3.0,3090.0,DOP,candado|bronce|yale|italy|70|mm,COTIZACIONES_0.2_b68c.xlsx | COTIZACIONES_DORALEX_SRL_bb53.xlsx
AG-0080,CAJA DE Breaker Plastico Europeo DE 12 Circuito,consu,Material eléctrico,Units,,,,False,False,False,SHARED,,,,4,3250.0,3250.0,3250.0,NEW_PRODUCT,2,4,CREATE_SHARED_PRODUCT,,MAX,COTIZACIONES_0.2_b68c.xlsx,Cotizacion 5 (10),16,QUOTATION,CAJA DE BREAKER  PLASTICO EUROPEO DE 12 CIRCUITO,1.0,3250.0,DOP,caja|breaker|plastico|europeo|12|circuito,COTIZACIONES_0.2_b68c.xlsx | COTIZACIONES_DORALEX_SRL_bb53.xlsx
AG-0081,Circuito Breaker DE 20 AMP,consu,Material eléctrico,Units,,,,False,False,False,SHARED,,,,5,400.0,400.0,400.0,NEW_PRODUCT,2,5,CREATE_SHARED_PRODUCT,,MAX,COTIZACIONES_0.2_b68c.xlsx,Cotizacion 5 (10),17,QUOTATION,CIRCUITO BREAKER DE 20 AMP,12.0,400.0,DOP,circuito|breaker|20|amp,COTIZACIONES_0.2_b68c.xlsx | COTIZACIONES_DORALEX_SRL_bb53.xlsx
AG-0082,Bombillos DE COLOR ROJO Modalidad Escunfe Estanadar,consu,Material eléctrico,Units,,,,False,False,False,SHARED,,,,4,125.0,125.0,125.0,NEW_PRODUCT,2,4,CREATE_SHARED_PRODUCT,,MAX,COTIZACIONES_0.2_b68c.xlsx,Cotizacion 5 (10),18,QUOTATION,BOMBILLOS DE COLOR ROJO MODALIDAD ESCUNFE ESTANADAR,10.0,125.0,DOP,bombillos|color|rojo|modalidad|escunfe|estanadar,COTIZACIONES_0.2_b68c.xlsx | COTIZACIONES_DORALEX_SRL_bb53.xlsx
AG-0083,Bombillos DE COLOR AZUL Modalidad Escunfe Estanadar,consu,Material eléctrico,Units,,,,False,False,False,SHARED,,,,4,125.0,125.0,125.0,NEW_PRODUCT,2,4,CREATE_SHARED_PRODUCT,,MAX,COTIZACIONES_0.2_b68c.xlsx,Cotizacion 5 (10),19,QUOTATION,BOMBILLOS DE COLOR AZUL MODALIDAD ESCUNFE ESTANADAR,10.0,125.0,DOP,bombillos|color|azul|modalidad|escunfe|estanadar,COTIZACIONES_0.2_b68c.xlsx | COTIZACIONES_DORALEX_SRL_bb53.xlsx
AG-0084,Bombillos DE COLOR BLANCO Modalidad Escunfe Estanadar,consu,Material eléctrico,Units,,,,False,False,False,SHARED,,,,4,125.0,125.0,125.0,NEW_PRODUCT,2,4,CREATE_SHARED_PRODUCT,,MAX,COTIZACIONES_0.2_b68c.xlsx,Cotizacion 5 (10),20,QUOTATION,BOMBILLOS DE COLOR BLANCO MODALIDAD ESCUNFE ESTANADAR,10.0,125.0,DOP,bombillos|color|blanco|modalidad|escunfe|estanadar,COTIZACIONES_0.2_b68c.xlsx | COTIZACIONES_DORALEX_SRL_bb53.xlsx
AG-0085,Contactor Magnetico DE 65 AMP,consu,Ferretería,Units,,,,False,False,False,SHARED,,,,4,4000.0,4000.0,4000.0,NEW_PRODUCT,2,4,CREATE_SHARED_PRODUCT,,MAX,COTIZACIONES_0.2_b68c.xlsx,Cotizacion 5 (10),21,QUOTATION,CONTACTOR MAGNETICO DE 65 AMP,1.0,4000.0,DOP,contactor|magnetico|65|amp,COTIZACIONES_0.2_b68c.xlsx | COTIZACIONES_DORALEX_SRL_bb53.xlsx
AG-0086,SALIDA Cenital (roseta Porcelana Leviton),consu,Ferretería,Units,,,,False,False,False,SHARED,,,,2,230.0,230.0,230.0,NEW_PRODUCT,1,2,CREATE_SHARED_PRODUCT,,MAX,COTIZACIONES_0.2_b68c.xlsx,Cotizacion 5 (11),15,QUOTATION,SALIDA CENITAL (Roseta porcelana leviton),5.0,230.0,DOP,salida|cenital|roseta|porcelana|leviton,COTIZACIONES_0.2_b68c.xlsx
AG-0087,TOMA Corriente DOBLE HOME Solution 110 V,consu,Ferretería,Units,,,,False,False,False,SHARED,,,,3,180.0,180.0,180.0,NEW_PRODUCT,1,3,CREATE_SHARED_PRODUCT,,MAX,COTIZACIONES_0.2_b68c.xlsx,Cotizacion 5 (11),16,QUOTATION,TOMA CORRIENTE  DOBLE HOME SOLUTION 110 V,5.0,180.0,DOP,toma|corriente|doble|home|solution|110|v,COTIZACIONES_0.2_b68c.xlsx
AG-0088,Tomacorriente 220V KOLNY,consu,Material eléctrico,Units,,,,False,False,False,SHARED,,,,3,450.0,450.0,450.0,NEW_PRODUCT,1,3,CREATE_SHARED_PRODUCT,,MAX,COTIZACIONES_0.2_b68c.xlsx,Cotizacion 5 (11),17,QUOTATION,TOMACORRIENTE 220V KOLNY,1.0,450.0,DOP,tomacorriente|220v|kolny,COTIZACIONES_0.2_b68c.xlsx
AG-0089,CAJA Breaker GE 2 A 4,consu,Material eléctrico,Units,,,,False,False,False,SHARED,,,,4,3300.0,4300.0,4300.0,NEW_PRODUCT,1,4,CREATE_SHARED_PRODUCT,,MAX,COTIZACIONES_0.2_b68c.xlsx,Cotizacion 5 (11),18,QUOTATION,CAJA BREAKER GE 2 A 4,1.0,4300.0,DOP,caja|breaker|ge|2|a|4,COTIZACIONES_0.2_b68c.xlsx
AG-0090,Breaker GE 1P 20A GRUESO,consu,Material eléctrico,Units,,,,False,False,False,SHARED,,,,3,780.0,780.0,780.0,NEW_PRODUCT,1,3,CREATE_SHARED_PRODUCT,,MAX,COTIZACIONES_0.2_b68c.xlsx,Cotizacion 5 (11),19,QUOTATION,BREAKER GE 1P 20A GRUESO,1.0,780.0,DOP,breaker|ge|1p|20a|grueso,COTIZACIONES_0.2_b68c.xlsx
AG-0091,CABLE GOMA 8/3 SJTW NEGRO,consu,Neumáticos,Units,,,caliber=8/3,False,False,False,SHARED,,,,4,125.0,125.0,125.0,NEW_PRODUCT,1,4,CREATE_SHARED_PRODUCT,,MAX,COTIZACIONES_0.2_b68c.xlsx,Cotizacion 5 (11),20,QUOTATION,CABLE GOMA 8/3 SJTW NEGRO,100.0,125.0,DOP,cable|goma|8/3|sjtw|negro|8/3,COTIZACIONES_0.2_b68c.xlsx
AG-0092,Alambre ELECT. AWG #12 NEGRO,consu,Ferretería,Units,,,,False,False,False,SHARED,,,,3,23.0,23.0,23.0,NEW_PRODUCT,1,3,CREATE_SHARED_PRODUCT,,MAX,COTIZACIONES_0.2_b68c.xlsx,Cotizacion 5 (11),21,QUOTATION,ALAMBRE ELECT. AWG  #12 NEGRO,400.0,23.0,DOP,alambre|elect.|awg|12|negro,COTIZACIONES_0.2_b68c.xlsx
AG-0093,Alambre ELECT. AWG #12 BLANCO,consu,Ferretería,Units,,,,False,False,False,SHARED,,,,3,23.0,23.0,23.0,NEW_PRODUCT,1,3,CREATE_SHARED_PRODUCT,,MAX,COTIZACIONES_0.2_b68c.xlsx,Cotizacion 5 (11),22,QUOTATION,ALAMBRE ELECT. AWG  #12 BLANCO,400.0,23.0,DOP,alambre|elect.|awg|12|blanco,COTIZACIONES_0.2_b68c.xlsx
AG-0094,Pintura Sherwin Williams DE 1/4 (SW 7558),consu,Pinturas,Units,,,caliber=1/4,False,False,False,SHARED,,,,4,30663.1,30663.1,30663.1,NEW_PRODUCT,2,4,CREATE_SHARED_PRODUCT,,MAX,COTIZACIONES_0.2_b68c.xlsx,Cotizacion 5 (12),15,QUOTATION,PINTURA SHERWIN WILLIAMS DE 1/4 (SW 7558),2.0,30663.1,DOP,pintura|sherwin|williams|1/4|sw|7558|1/4,COTIZACIONES_0.2_b68c.xlsx | COTIZACIONES__REMPART_GROUP_2_3578.xlsx
AG-0095,Tropical Acrilica US Satinada BLANCO 00,consu,Ferretería,Units,Tropical,,,False,False,False,SHARED,,,,4,12930.0,12930.0,12930.0,NEW_PRODUCT,2,4,CREATE_SHARED_PRODUCT,,MAX,COTIZACIONES_0.2_b68c.xlsx,Cotizacion 5 (12),27,QUOTATION,TROPICAL ACRILICA US SATINADA BLANCO 00,1.0,12930.0,DOP,tropical|acrilica|us|satinada|blanco|00,COTIZACIONES_0.2_b68c.xlsx | COTIZACIONES__REMPART_GROUP_2_3578.xlsx
AG-0096,MOTAS Antigotas 9'' EM,consu,Ferretería,Units,,,,False,False,False,SHARED,,,,9,160.0,180.0,180.0,NEW_PRODUCT,3,9,CREATE_SHARED_PRODUCT,,MAX,COTIZACIONES_0.2_b68c.xlsx,Cotizacion 5 (12),29,QUOTATION,MOTAS ANTIGOTAS 9'' EM,8.0,180.0,DOP,motas|antigotas|9|em,COTIZACIONES_0.2_b68c.xlsx | COTIZACIONES_DORALEX_SRL_bb53.xlsx | COTIZACIONES__REMPART_GROUP_2_3578.xlsx
AG-0097,Brochas DE 1'' EMTOP,consu,Pinturas,Units,,,,False,False,False,SHARED,,,,4,115.0,115.0,115.0,NEW_PRODUCT,2,4,CREATE_SHARED_PRODUCT,,MAX,COTIZACIONES_0.2_b68c.xlsx,Cotizacion 5 (12),30,QUOTATION,BROCHAS DE 1'' EMTOP,3.0,115.0,DOP,brochas|1|emtop,COTIZACIONES_0.2_b68c.xlsx | COTIZACIONES__REMPART_GROUP_2_3578.xlsx
AG-0098,Brochas DE 2'' EMTOP,consu,Pinturas,Units,,,,False,False,False,SHARED,,,,5,185.0,185.0,185.0,NEW_PRODUCT,2,5,CREATE_SHARED_PRODUCT,,MAX,COTIZACIONES_0.2_b68c.xlsx,Cotizacion 5 (12),31,QUOTATION,BROCHAS DE 2'' EMTOP,3.0,185.0,DOP,brochas|2|emtop,COTIZACIONES_0.2_b68c.xlsx | COTIZACIONES__REMPART_GROUP_2_3578.xlsx
AG-0099,Brochas DE 3'' EMTOP,consu,Pinturas,Units,,,,False,False,False,SHARED,,,,5,275.0,275.0,275.0,NEW_PRODUCT,2,5,CREATE_SHARED_PRODUCT,,MAX,COTIZACIONES_0.2_b68c.xlsx,Cotizacion 5 (12),32,QUOTATION,BROCHAS DE 3'' EMTOP,3.0,275.0,DOP,brochas|3|emtop,COTIZACIONES_0.2_b68c.xlsx | COTIZACIONES__REMPART_GROUP_2_3578.xlsx
AG-0100,Brochas DE 4'''emtop,consu,Pinturas,Units,,,,False,False,False,SHARED,,,,4,325.0,325.0,325.0,NEW_PRODUCT,2,4,CREATE_SHARED_PRODUCT,,MAX,COTIZACIONES_0.2_b68c.xlsx,Cotizacion 5 (12),33,QUOTATION,BROCHAS DE 4'''EMTOP,3.0,325.0,DOP,brochas|4|emtop,COTIZACIONES_0.2_b68c.xlsx | COTIZACIONES__REMPART_GROUP_2_3578.xlsx
AG-0101,PORTA ROLO PINTAR SML,consu,Ferretería,Units,,,,False,False,False,SHARED,,,,4,220.0,220.0,220.0,NEW_PRODUCT,2,4,CREATE_SHARED_PRODUCT,,MAX,COTIZACIONES_0.2_b68c.xlsx,Cotizacion 5 (12),34,QUOTATION,PORTA ROLO PINTAR SML,4.0,220.0,DOP,porta|rolo|pintar|sml,COTIZACIONES_0.2_b68c.xlsx | COTIZACIONES__REMPART_GROUP_2_3578.xlsx
AG-0102,CHINA CUPS Grandes 32 OZ,consu,Ferretería,Units,,,,False,False,False,SHARED,,,,4,90.0,90.0,90.0,NEW_PRODUCT,2,4,CREATE_SHARED_PRODUCT,,MAX,COTIZACIONES_0.2_b68c.xlsx,Cotizacion 5 (12),35,QUOTATION,CHINA CUPS GRANDES 32 OZ,20.0,90.0,DOP,china|cups|grandes|32|oz,COTIZACIONES_0.2_b68c.xlsx | COTIZACIONES__REMPART_GROUP_2_3578.xlsx
AG-0103,Extension P/ PINTAR REMIER 6''-12'',consu,Ferretería,Units,,,,False,False,False,SHARED,,,,4,2500.0,2500.0,2500.0,NEW_PRODUCT,2,4,CREATE_SHARED_PRODUCT,,MAX,COTIZACIONES_0.2_b68c.xlsx,Cotizacion 5 (12),36,QUOTATION,EXTENSION P/ PINTAR  REMIER 6''-12'',4.0,2500.0,DOP,extension|p/|pintar|remier|6|-12,COTIZACIONES_0.2_b68c.xlsx | COTIZACIONES__REMPART_GROUP_2_3578.xlsx
AG-0104,"Pinceles Windsor & Newton, ROYAL Y Langnikel Y Pricenton (16 UND)",consu,Ferretería,Units,,,,False,False,False,SHARED,,,,5,8000.0,8000.0,8000.0,NEW_PRODUCT,3,5,CREATE_SHARED_PRODUCT,,MAX,COTIZACIONES_0.2_b68c.xlsx,Cotizacion 5 (12),37,QUOTATION,"PINCELES WINDSOR & NEWTON, ROYAL Y LANGNIKEL Y  PRICENTON (16 UND)",2.0,8000.0,DOP,pinceles|windsor|newton|royal|langnikel|pricenton|16|und,COTIZACIONES_0.2_b68c.xlsx | COTIZACIONES_DORALEX_SRL_bb53.xlsx | COTIZACIONES__REMPART_GROUP_2_3578.xlsx
AG-0105,Tornillo Hexagonal 5/16X2,consu,Ferretería,Units,,,,False,False,False,SHARED,,,,4,24.0,24.0,24.0,NEW_PRODUCT,2,4,CREATE_SHARED_PRODUCT,,MAX,COTIZACIONES_0.2_b68c.xlsx,Cotizacion 5 (12),39,QUOTATION,TORNILLO  HEXAGONAL 5/16X2,100.0,24.0,DOP,tornillo|hexagonal|5/16x2,COTIZACIONES_0.2_b68c.xlsx | COTIZACIONES__REMPART_GROUP_2_3578.xlsx
AG-0106,LAMPRA LED 150 W TIPO COBRA,consu,Material eléctrico,Units,,,power=150W,False,False,False,SHARED,,,,6,5300.0,5300.0,5300.0,NEW_PRODUCT,2,6,CREATE_SHARED_PRODUCT,,MAX,COTIZACIONES_0.2_b68c.xlsx,Cotizacion 5 (13),15,QUOTATION,LAMPRA LED 150 W TIPO COBRA,30.0,5300.0,DOP,lampra|led|150|w|tipo|cobra|150W,COTIZACIONES_0.2_b68c.xlsx | COTIZACIONES__REMPART_GROUP_2_3578.xlsx
AG-0107,Conector KIT,consu,Ferretería,Units,,,,False,False,False,SHARED,,,,6,230.0,,,NEW_PRODUCT,3,6,MANUAL_REVIEW,PRICE_OUTLIER_REVIEW;MISSING_VALID_PRICE,PRICE_OUTLIER_REVIEW,,,,,,,,,conector|kit,COTIZACIONES_0.2_b68c.xlsx | COTIZACIONES_DORALEX_SRL_bb53.xlsx | COTIZACIONES__REMPART_GROUP_2_3578.xlsx
AG-0108,TARUGO PLOMO 1/2X5/16X11/4,consu,Ferretería,Units,,,,False,False,False,SHARED,,,,5,38.0,38.0,38.0,NEW_PRODUCT,2,5,CREATE_SHARED_PRODUCT,,MAX,COTIZACIONES_0.2_b68c.xlsx,Cotizacion 5 (13),17,QUOTATION,TARUGO PLOMO 1/2X5/16X11/4,100.0,38.0,DOP,tarugo|plomo|1/2x5/16x11/4,COTIZACIONES_0.2_b68c.xlsx | COTIZACIONES__REMPART_GROUP_2_3578.xlsx
AG-0109,TAPE NEGRO DE GOMA Electrico SCOTCH 3M,consu,Neumáticos,Units,,,,False,False,False,SHARED,,,,13,1375.0,1375.0,1375.0,NEW_PRODUCT,4,13,CREATE_SHARED_PRODUCT,,MAX,COTIZACIONES_0.2_b68c.xlsx,Cotizacion 5 (13),18,QUOTATION,TAPE NEGRO DE GOMA ELECTRICO  SCOTCH  3M,10.0,1375.0,DOP,tape|negro|goma|electrico|scotch|3m,COTIZACIONES_0.2_b68c.xlsx | COTIZACIONES_DORALEX_SRL_bb53.xlsx | COTIZACIONES_DORALEX_f72a.xlsx | COTIZACIONES__REMPART_GROUP_2_3578.xlsx
AG-0110,Taladros Profesionales DEWALT,consu,Herramientas,Units,Dewalt,,,False,False,False,SHARED,,,,5,13500.0,13500.0,13500.0,NEW_PRODUCT,2,5,CREATE_SHARED_PRODUCT,,MAX,COTIZACIONES_0.2_b68c.xlsx,Cotizacion 5 (13),19,QUOTATION,TALADROS PROFESIONALES DEWALT,2.0,13500.0,DOP,taladros|profesionales|dewalt,COTIZACIONES_0.2_b68c.xlsx | COTIZACIONES__REMPART_GROUP_2_3578.xlsx
AG-0111,Tabla Madera De Pino 1x10x10 Cepillada,consu,Ferretería,Units,,,,False,False,False,SHARED,,,,2,1120.0,1120.0,1120.0,NEW_PRODUCT,2,2,CREATE_SHARED_PRODUCT,,MAX,COTIZACIONES_0.2_b68c.xlsx,Cotizacion ASDE1,16,QUOTATION,Tabla madera de pino 1x10x10 cepillada,180.0,1120.0,DOP,tabla|madera|pino|1x10x10|cepillada,COTIZACIONES_0.2_b68c.xlsx | COTIZACIONES_DORALEX_SRL_bb53.xlsx
AG-0112,Tabla Madera De Pino 1x10x12 Bandeada,consu,Ferretería,Units,,,,False,False,False,SHARED,,,,2,1150.0,1150.0,1150.0,NEW_PRODUCT,2,2,CREATE_SHARED_PRODUCT,,MAX,COTIZACIONES_0.2_b68c.xlsx,Cotizacion ASDE1,17,QUOTATION,Tabla madera de pino 1x10x12 bandeada,180.0,1150.0,DOP,tabla|madera|pino|1x10x12|bandeada,COTIZACIONES_0.2_b68c.xlsx | COTIZACIONES_DORALEX_SRL_bb53.xlsx
AG-0113,Pl Mdf 1/2 Hidrofugo Brazil Duratex,consu,Ferretería,Units,,,caliber=1/2,False,False,False,SHARED,,,,10,1700.5,2550.0,2550.0,NEW_PRODUCT,3,10,CREATE_SHARED_PRODUCT,,MAX,COTIZACIONES_0.2_b68c.xlsx,Cotizacion ASDE1,18,QUOTATION,Pl mdf 1/2 hidrofugo brazil Duratex,100.0,2550.0,DOP,pl|mdf|1/2|hidrofugo|brazil|duratex|1/2,COTIZACIONES_0.2_b68c.xlsx | COTIZACIONES_DORALEX_SRL_bb53.xlsx | COTIZACIONES__REMPART_GROUP_2_3578.xlsx
AG-0114,Barra Agarradera Para Ataud 6 1/2 Pies,consu,Ferretería,Units,,,caliber=1/2 capacity=2 pies,False,False,False,SHARED,,,,7,1900.0,2310.0,2310.0,NEW_PRODUCT,3,7,CREATE_SHARED_PRODUCT,,MAX,COTIZACIONES_DORALEX_SRL_bb53.xlsx,Cotizacion (68),22,QUOTATION,BARRA AGARRADERA PARA ATAUD 6 1/2 pies,100.0,2310.0,DOP,barra|agarradera|para|ataud|6|1/2|pies|1/2|2 pies,COTIZACIONES_0.2_b68c.xlsx | COTIZACIONES_DORALEX_SRL_bb53.xlsx | COTIZACIONES__REMPART_GROUP_2_3578.xlsx
AG-0115,Cola Amarilla Universal (105 Oz),consu,Ferretería,Units,,,,False,False,False,SHARED,,,,10,1080.0,1995.0,1995.0,NEW_PRODUCT,3,10,CREATE_SHARED_PRODUCT,,MAX,COTIZACIONES_0.2_b68c.xlsx,Cotizacion ASDE1 (ataud),20,QUOTATION,COLA AMARILLA UNIVERSAL (105 oz),9.0,1995.0,DOP,cola|amarilla|universal|105|oz,COTIZACIONES_0.2_b68c.xlsx | COTIZACIONES_DORALEX_SRL_bb53.xlsx | COTIZACIONES__REMPART_GROUP_2_3578.xlsx
AG-0116,Cristal 16x12 De 3/16,consu,Ferretería,Units,,,caliber=3/16,False,False,False,SHARED,,,,8,499.5,510.0,510.0,NEW_PRODUCT,3,8,CREATE_SHARED_PRODUCT,,MAX,COTIZACIONES_0.2_b68c.xlsx,Cotizacion ASDE1 (ataud) (2),43,QUOTATION,CRISTAL 16x12 de 3/16,150.0,510.0,DOP,cristal|16x12|3/16|3/16,COTIZACIONES_0.2_b68c.xlsx | COTIZACIONES_DORALEX_SRL_bb53.xlsx | COTIZACIONES__REMPART_GROUP_2_3578.xlsx
AG-0117,Primer Para Madera Blanco /relleno POWER RIDER 2014 GL,consu,Ferretería,Units,,,presentation=2014 gl,False,False,False,SHARED,,,,2,3750.0,3750.0,3750.0,NEW_PRODUCT,2,2,CREATE_SHARED_PRODUCT,,MAX,COTIZACIONES_0.2_b68c.xlsx,Cotizacion ASDE1,22,QUOTATION,Primer para madera blanco /Relleno POWER RIDER 2014 GL,10.0,3750.0,DOP,primer|para|madera|blanco|/relleno|power|rider|2014|2014 gl,COTIZACIONES_0.2_b68c.xlsx | COTIZACIONES_DORALEX_SRL_bb53.xlsx
AG-0118,Laca Para Madera Blanca Terminacion Power Rider,consu,Ferretería,Units,,,,False,False,False,SHARED,,,,2,3180.0,3180.0,3180.0,NEW_PRODUCT,2,2,CREATE_SHARED_PRODUCT,,MAX,COTIZACIONES_0.2_b68c.xlsx,Cotizacion ASDE1,23,QUOTATION,Laca para madera blanca terminacion power rider,10.0,3180.0,DOP,laca|para|madera|blanca|terminacion|power|rider,COTIZACIONES_0.2_b68c.xlsx | COTIZACIONES_DORALEX_SRL_bb53.xlsx
AG-0119,Sealer Tropical (6158),consu,Ferretería,Units,Tropical,,,False,False,False,SHARED,,,,12,1185.0,2125.0,2125.0,NEW_PRODUCT,3,12,CREATE_SHARED_PRODUCT,,MAX,COTIZACIONES_0.2_b68c.xlsx,Cotizacion ASDE1 (ataud),26,QUOTATION,SEALER TROPICAL  (6158),30.0,2125.0,DOP,sealer|tropical|6158,COTIZACIONES_0.2_b68c.xlsx | COTIZACIONES_DORALEX_SRL_bb53.xlsx | COTIZACIONES__REMPART_GROUP_2_3578.xlsx
AG-0120,Barpicolor 605 1LT Caoba #2 MD Barpimo,consu,Ferretería,Units,,,,False,False,False,SHARED,,,,13,1350.45,3350.0,3350.0,NEW_PRODUCT,3,13,CREATE_SHARED_PRODUCT,,MAX,COTIZACIONES_0.2_b68c.xlsx,Cotizacion ASDE1 (ataud),27,QUOTATION,BARPICOLOR  605 1LT CAOBA  #2 MD BARPIMO,3.0,3350.0,DOP,barpicolor|605|1lt|caoba|2|md|barpimo,COTIZACIONES_0.2_b68c.xlsx | COTIZACIONES_DORALEX_SRL_bb53.xlsx | COTIZACIONES__REMPART_GROUP_2_3578.xlsx
AG-0121,Barpicolor 605 1LT Caoba #3 MD Barpimo,consu,Ferretería,Units,,,,False,False,False,SHARED,,,,13,1350.45,3350.0,3350.0,NEW_PRODUCT,3,13,CREATE_SHARED_PRODUCT,,MAX,COTIZACIONES_0.2_b68c.xlsx,Cotizacion ASDE1 (ataud),28,QUOTATION,BARPICOLOR 605 1LT CAOBA  #3 MD BARPIMO,3.0,3350.0,DOP,barpicolor|605|1lt|caoba|3|md|barpimo,COTIZACIONES_0.2_b68c.xlsx | COTIZACIONES_DORALEX_SRL_bb53.xlsx | COTIZACIONES__REMPART_GROUP_2_3578.xlsx
AG-0122,GL DE Thinner TH-900 Tropical,consu,Pinturas,Units,Tropical,TH-900,model=TH-900,False,False,False,SHARED,,,,3,600.0,600.0,600.0,NEW_PRODUCT,2,3,CREATE_SHARED_PRODUCT,,MAX,COTIZACIONES_0.2_b68c.xlsx,Cotizacion ASDE1,27,QUOTATION,GL DE THINNER TH-900 TROPICAL,60.0,600.0,DOP,gal|thinner|th-900|tropical|TH-900,COTIZACIONES_0.2_b68c.xlsx | COTIZACIONES_DORALEX_SRL_bb53.xlsx
AG-0123,1/4 Masilla P/madera Wood F Caoba WF-828-,consu,Mobiliario,Units,,WF-828,caliber=1/4 model=WF-828,False,False,False,SHARED,,,,2,630.0,630.0,630.0,NEW_PRODUCT,2,2,CREATE_SHARED_PRODUCT,,MAX,COTIZACIONES_0.2_b68c.xlsx,Cotizacion ASDE1,28,QUOTATION,1/4 masilla p/madera wood f caoba WF-828-,25.0,630.0,DOP,1/4|masilla|p/madera|wood|f|caoba|wf-828-|1/4|WF-828,COTIZACIONES_0.2_b68c.xlsx | COTIZACIONES_DORALEX_SRL_bb53.xlsx
AG-0124,1/4 Pasta Acrilica Cano (32 OZ),consu,Ferretería,Units,Cano,,caliber=1/4,False,False,False,SHARED,,,,6,560.0,790.0,790.0,NEW_PRODUCT,3,6,CREATE_SHARED_PRODUCT,,MAX,COTIZACIONES_0.2_b68c.xlsx,Cotizacion ASDE1 (ataud),46,QUOTATION,1/4 PASTA ACRILICA CANO  (32 OZ),25.0,790.0,DOP,1/4|pasta|acrilica|cano|32|oz|1/4,COTIZACIONES_0.2_b68c.xlsx | COTIZACIONES_DORALEX_SRL_bb53.xlsx | COTIZACIONES__REMPART_GROUP_2_3578.xlsx
AG-0125,Tornillo Diablito 6x 1 1/2 Pulgada,consu,Ferretería,Units,LG,,"size=2"" caliber=1/2",False,False,False,SHARED,,,,14,885.91,4240.0,4240.0,NEW_PRODUCT,3,14,CREATE_SHARED_PRODUCT,,MAX,COTIZACIONES_0.2_b68c.xlsx,Cotizacion ASDE1 (ataud) (3),38,QUOTATION,TORNILLO DIABLITO 6x 1 1/2 PULGADA,5.0,4240.0,DOP,"tornillo|diablito|6x|1|1/2|pulgada|1/2|2""",COTIZACIONES_0.2_b68c.xlsx | COTIZACIONES_DORALEX_SRL_bb53.xlsx | COTIZACIONES__REMPART_GROUP_2_3578.xlsx
AG-0126,Tornillo Diablito 6x 2 Pulgada,consu,Ferretería,Units,LG,,"size=2""",False,False,False,SHARED,,,,13,900.17,2950.0,2950.0,NEW_PRODUCT,3,13,CREATE_SHARED_PRODUCT,,MAX,COTIZACIONES_0.2_b68c.xlsx,Cotizacion ASDE1 (ataud),44,QUOTATION,TORNILLO DIABLITO 6x 2 PULGADA,5.0,2950.0,DOP,"tornillo|diablito|6x|2|pulgada|2""",COTIZACIONES_0.2_b68c.xlsx | COTIZACIONES_DORALEX_SRL_bb53.xlsx | COTIZACIONES__REMPART_GROUP_2_3578.xlsx
AG-0127,"Disco Lija De Pulidora (norton) F227 7"" #50",consu,Ferretería,Units,,F227,"size=7"" model=F227",False,False,False,SHARED,,,,2,110.0,110.0,110.0,NEW_PRODUCT,2,2,CREATE_SHARED_PRODUCT,,MAX,COTIZACIONES_0.2_b68c.xlsx,Cotizacion ASDE1,32,QUOTATION,"Disco lija de pulidora  (Norton) F227 7"" #50",50.0,110.0,DOP,"disco|lija|pulidora|norton|f227|7""|50|F227|7""",COTIZACIONES_0.2_b68c.xlsx | COTIZACIONES_DORALEX_SRL_bb53.xlsx
AG-0128,Disco Lija De Pulidora #60 (norton),consu,Ferretería,Units,,,,False,False,False,SHARED,,,,2,110.0,110.0,110.0,NEW_PRODUCT,2,2,CREATE_SHARED_PRODUCT,,MAX,COTIZACIONES_0.2_b68c.xlsx,Cotizacion ASDE1,33,QUOTATION,Disco lija de pulidora #60 (Norton),50.0,110.0,DOP,disco|lija|pulidora|60|norton,COTIZACIONES_0.2_b68c.xlsx | COTIZACIONES_DORALEX_SRL_bb53.xlsx
AG-0129,Disco Lija De Pulidora #80 (norton),consu,Ferretería,Units,,,,False,False,False,SHARED,,,,2,110.0,110.0,110.0,NEW_PRODUCT,2,2,CREATE_SHARED_PRODUCT,,MAX,COTIZACIONES_0.2_b68c.xlsx,Cotizacion ASDE1,34,QUOTATION,Disco lija de pulidora #80 (Norton),50.0,110.0,DOP,disco|lija|pulidora|80|norton,COTIZACIONES_0.2_b68c.xlsx | COTIZACIONES_DORALEX_SRL_bb53.xlsx
AG-0130,Disco Lija De Pulidora #100 (norton),consu,Ferretería,Units,,,,False,False,False,SHARED,,,,2,110.0,110.0,110.0,NEW_PRODUCT,2,2,CREATE_SHARED_PRODUCT,,MAX,COTIZACIONES_0.2_b68c.xlsx,Cotizacion ASDE1,35,QUOTATION,Disco lija de pulidora #100 (Norton),50.0,110.0,DOP,disco|lija|pulidora|100|norton,COTIZACIONES_0.2_b68c.xlsx | COTIZACIONES_DORALEX_SRL_bb53.xlsx
AG-0131,Disco Lija De Pulidora #120 (norton),consu,Ferretería,Units,,,,False,False,False,SHARED,,,,2,110.0,110.0,110.0,NEW_PRODUCT,2,2,CREATE_SHARED_PRODUCT,,MAX,COTIZACIONES_0.2_b68c.xlsx,Cotizacion ASDE1,36,QUOTATION,Disco lija de pulidora #120 (Norton),50.0,110.0,DOP,disco|lija|pulidora|120|norton,COTIZACIONES_0.2_b68c.xlsx | COTIZACIONES_DORALEX_SRL_bb53.xlsx
AG-0132,Disco Lija Pulidora #50 (norton),consu,Ferretería,Units,,,,False,False,False,SHARED,,,,2,110.0,110.0,110.0,NEW_PRODUCT,2,2,CREATE_SHARED_PRODUCT,,MAX,COTIZACIONES_0.2_b68c.xlsx,Cotizacion ASDE1,37,QUOTATION,Disco lija pulidora #50 (Norton),50.0,110.0,DOP,disco|lija|pulidora|50|norton,COTIZACIONES_0.2_b68c.xlsx | COTIZACIONES_DORALEX_SRL_bb53.xlsx
AG-0133,Pliego De Lija #60 SILOX LIJA Esmeril,consu,Ferretería,Units,,,,False,False,False,SHARED,,,,2,60.0,60.0,60.0,NEW_PRODUCT,2,2,CREATE_SHARED_PRODUCT,,MAX,COTIZACIONES_0.2_b68c.xlsx,Cotizacion ASDE1,38,QUOTATION,Pliego de lija #60 SILOX LIJA ESMERIL,100.0,60.0,DOP,pliego|lija|60|silox|lija|esmeril,COTIZACIONES_0.2_b68c.xlsx | COTIZACIONES_DORALEX_SRL_bb53.xlsx
AG-0134,Pliego De Lija #80 SILOX LIJA Esmeril,consu,Ferretería,Units,,,,False,False,False,SHARED,,,,2,60.0,60.0,60.0,NEW_PRODUCT,2,2,CREATE_SHARED_PRODUCT,,MAX,COTIZACIONES_0.2_b68c.xlsx,Cotizacion ASDE1,39,QUOTATION,Pliego de lija #80 SILOX LIJA ESMERIL,100.0,60.0,DOP,pliego|lija|80|silox|lija|esmeril,COTIZACIONES_0.2_b68c.xlsx | COTIZACIONES_DORALEX_SRL_bb53.xlsx
AG-0135,Pliego De Lija #100 SILOX LIJA Esmeril,consu,Ferretería,Units,,,,False,False,False,SHARED,,,,2,60.0,60.0,60.0,NEW_PRODUCT,2,2,CREATE_SHARED_PRODUCT,,MAX,COTIZACIONES_0.2_b68c.xlsx,Cotizacion ASDE1,40,QUOTATION,Pliego de lija #100 SILOX LIJA ESMERIL,100.0,60.0,DOP,pliego|lija|100|silox|lija|esmeril,COTIZACIONES_0.2_b68c.xlsx | COTIZACIONES_DORALEX_SRL_bb53.xlsx
AG-0136,Pliego De Lija #120 SILOX LIJA Esmeril,consu,Ferretería,Units,,,,False,False,False,SHARED,,,,2,60.0,60.0,60.0,NEW_PRODUCT,2,2,CREATE_SHARED_PRODUCT,,MAX,COTIZACIONES_0.2_b68c.xlsx,Cotizacion ASDE1,41,QUOTATION,Pliego de lija #120 SILOX LIJA ESMERIL,100.0,60.0,DOP,pliego|lija|120|silox|lija|esmeril,COTIZACIONES_0.2_b68c.xlsx | COTIZACIONES_DORALEX_SRL_bb53.xlsx
AG-0137,Pliego De Lija #240 SILOX LIJA Esmeril,consu,Ferretería,Units,,,,False,False,False,SHARED,,,,2,60.0,60.0,60.0,NEW_PRODUCT,2,2,CREATE_SHARED_PRODUCT,,MAX,COTIZACIONES_0.2_b68c.xlsx,Cotizacion ASDE1,42,QUOTATION,Pliego de lija #240  SILOX LIJA ESMERIL,100.0,60.0,DOP,pliego|lija|240|silox|lija|esmeril,COTIZACIONES_0.2_b68c.xlsx | COTIZACIONES_DORALEX_SRL_bb53.xlsx
AG-0138,Pliego De Lija #120 De Agua GRINCO,consu,Ferretería,Units,,,,False,False,False,SHARED,,,,2,125.0,125.0,125.0,NEW_PRODUCT,2,2,CREATE_SHARED_PRODUCT,,MAX,COTIZACIONES_0.2_b68c.xlsx,Cotizacion ASDE1,43,QUOTATION,Pliego de lija #120 de agua GRINCO,100.0,125.0,DOP,pliego|lija|120|agua|grinco,COTIZACIONES_0.2_b68c.xlsx | COTIZACIONES_DORALEX_SRL_bb53.xlsx
AG-0139,Pliego De Lija #220 De Agua GRINCO,consu,Ferretería,Units,,,,False,False,False,SHARED,,,,2,130.0,130.0,130.0,NEW_PRODUCT,2,2,CREATE_SHARED_PRODUCT,,MAX,COTIZACIONES_0.2_b68c.xlsx,Cotizacion ASDE1,44,QUOTATION,Pliego de lija #220 de agua GRINCO,100.0,130.0,DOP,pliego|lija|220|agua|grinco,COTIZACIONES_0.2_b68c.xlsx | COTIZACIONES_DORALEX_SRL_bb53.xlsx
AG-0140,Sustache Dorado Yute 5 Metros,consu,Ferretería,Units,,,,False,False,False,SHARED,,,,2,175.0,175.0,175.0,NEW_PRODUCT,2,2,CREATE_SHARED_PRODUCT,,MAX,COTIZACIONES_0.2_b68c.xlsx,Cotizacion ASDE1,45,QUOTATION,Sustache dorado Yute 5 metros,10.0,175.0,DOP,sustache|dorado|yute|5|metros,COTIZACIONES_0.2_b68c.xlsx | COTIZACIONES_DORALEX_SRL_bb53.xlsx
AG-0141,Goma De 1/2 Blanca,consu,Neumáticos,Units,,,caliber=1/2,False,False,False,SHARED,,,,13,415.13,620.0,620.0,NEW_PRODUCT,3,13,CREATE_SHARED_PRODUCT,,MAX,COTIZACIONES_0.2_b68c.xlsx,Cotizacion ASDE1 (ataud) (3),36,QUOTATION,GOMA DE 1/2 BLANCA,100.0,620.0,DOP,goma|1/2|blanca|1/2,COTIZACIONES_0.2_b68c.xlsx | COTIZACIONES_DORALEX_SRL_bb53.xlsx | COTIZACIONES__REMPART_GROUP_2_3578.xlsx
AG-0142,Cemento Spray Web Adhesive Mult-purpos,consu,Construcción,Units,,,,False,False,False,SHARED,,,,2,500.0,500.0,500.0,NEW_PRODUCT,2,2,CREATE_SHARED_PRODUCT,,MAX,COTIZACIONES_0.2_b68c.xlsx,Cotizacion ASDE1,47,QUOTATION,Cemento  spray web adhesive MULT-PURPOS,25.0,500.0,DOP,cemento|spray|web|adhesive|mult-purpos,COTIZACIONES_0.2_b68c.xlsx | COTIZACIONES_DORALEX_SRL_bb53.xlsx
AG-0143,Grapadora Neumatica,consu,Neumáticos,Units,,,,False,False,False,SHARED,,,,2,13390.0,13390.0,13390.0,NEW_PRODUCT,2,2,CREATE_SHARED_PRODUCT,,MAX,COTIZACIONES_0.2_b68c.xlsx,Cotizacion ASDE1,48,QUOTATION,Grapadora neumatica,2.0,13390.0,DOP,grapadora|neumatica,COTIZACIONES_0.2_b68c.xlsx | COTIZACIONES_DORALEX_SRL_bb53.xlsx
AG-0144,Lampara Led 150 W Tipo Cobra,consu,Material eléctrico,Units,,,power=150W,False,False,False,SHARED,,,,1,5300.0,5300.0,5300.0,NEW_PRODUCT,1,1,CREATE_SHARED_PRODUCT,,SINGLE,COTIZACIONES_0.2_b68c.xlsx,Cotizacion ASDE1,49,QUOTATION,Lampara led 150 W Tipo cobra,25.0,5300.0,DOP,lampara|led|150|w|tipo|cobra|150W,COTIZACIONES_0.2_b68c.xlsx
AG-0145,Alambre Elect. AWG #12,consu,Ferretería,Units,,,,False,False,False,SHARED,,,,2,11500.0,11500.0,11500.0,NEW_PRODUCT,2,2,CREATE_SHARED_PRODUCT,,MAX,COTIZACIONES_0.2_b68c.xlsx,Cotizacion ASDE1,51,QUOTATION,Alambre elect. AWG  #12,4.0,11500.0,DOP,alambre|elect.|awg|12,COTIZACIONES_0.2_b68c.xlsx | COTIZACIONES__REMPART_GROUP_2_3578.xlsx
AG-0146,Alambre DE GOMA #12/2 AWG,consu,Neumáticos,Units,,,caliber=12/2,False,False,False,SHARED,,,,3,43.0,43.0,43.0,NEW_PRODUCT,2,3,CREATE_SHARED_PRODUCT,,MAX,COTIZACIONES_0.2_b68c.xlsx,Cotizacion ASDE1 (2),16,QUOTATION,ALAMBRE DE GOMA #12/2 AWG,1200.0,43.0,DOP,alambre|goma|12/2|awg|12/2,COTIZACIONES_0.2_b68c.xlsx | COTIZACIONES_DORALEX_SRL_bb53.xlsx
AG-0147,Alambre De Goma 10/2 Awg,consu,Neumáticos,Units,,,caliber=10/2,False,False,False,SHARED,94,ALAMBRE DE GOMA 10/2 AWG,105.0,6,55.0,113.0,113.0,EXACT_MATCH,3,6,REUSE_UPDATE_PRICE,,MAX,COTIZACIONES__REMPART_GROUP_2_3578.xlsx,COT RECONOCIMIENTO DE DEUDA (4),17,QUOTATION,ALAMBRE DE GOMA 10/2 AWG,200.0,113.0,DOP,alambre|goma|10/2|awg|10/2,COTIZACIONES_0.2_b68c.xlsx | COTIZACIONES_DORALEX_SRL_bb53.xlsx | COTIZACIONES__REMPART_GROUP_2_3578.xlsx
AG-0148,SPRAY DORADO,consu,Ferretería,Units,,,,False,False,False,SHARED,,,,3,675.0,675.0,675.0,NEW_PRODUCT,2,3,CREATE_SHARED_PRODUCT,,MAX,COTIZACIONES_0.2_b68c.xlsx,Cotizacion ASDE1 (2),18,QUOTATION,SPRAY DORADO,4.0,675.0,DOP,spray|dorado,COTIZACIONES_0.2_b68c.xlsx | COTIZACIONES_DORALEX_SRL_bb53.xlsx
AG-0149,SPRAY Decorativo Naranja,consu,Ferretería,Units,,,,False,False,False,SHARED,,,,3,675.0,675.0,675.0,NEW_PRODUCT,2,3,CREATE_SHARED_PRODUCT,,MAX,COTIZACIONES_0.2_b68c.xlsx,Cotizacion ASDE1 (2),19,QUOTATION,SPRAY DECORATIVO NARANJA,4.0,675.0,DOP,spray|decorativo|naranja,COTIZACIONES_0.2_b68c.xlsx | COTIZACIONES_DORALEX_SRL_bb53.xlsx
AG-0150,SPRAY Decorativo AZUL,consu,Ferretería,Units,,,,False,False,False,SHARED,,,,3,675.0,675.0,675.0,NEW_PRODUCT,2,3,CREATE_SHARED_PRODUCT,,MAX,COTIZACIONES_0.2_b68c.xlsx,Cotizacion ASDE1 (2),20,QUOTATION,SPRAY DECORATIVO AZUL,4.0,675.0,DOP,spray|decorativo|azul,COTIZACIONES_0.2_b68c.xlsx | COTIZACIONES_DORALEX_SRL_bb53.xlsx
AG-0151,SPRAY Decorativo MARRON,consu,Ferretería,Units,,,,False,False,False,SHARED,,,,3,675.0,675.0,675.0,NEW_PRODUCT,2,3,CREATE_SHARED_PRODUCT,,MAX,COTIZACIONES_0.2_b68c.xlsx,Cotizacion ASDE1 (2),21,QUOTATION,SPRAY DECORATIVO MARRON,4.0,675.0,DOP,spray|decorativo|marron,COTIZACIONES_0.2_b68c.xlsx | COTIZACIONES_DORALEX_SRL_bb53.xlsx
AG-0152,SPRAY Decorativo BLANCO,consu,Ferretería,Units,,,,False,False,False,SHARED,,,,3,675.0,675.0,675.0,NEW_PRODUCT,2,3,CREATE_SHARED_PRODUCT,,MAX,COTIZACIONES_0.2_b68c.xlsx,Cotizacion ASDE1 (2),22,QUOTATION,SPRAY DECORATIVO BLANCO,4.0,675.0,DOP,spray|decorativo|blanco,COTIZACIONES_0.2_b68c.xlsx | COTIZACIONES_DORALEX_SRL_bb53.xlsx
AG-0153,SPRAY Decorativo NEGRO,consu,Ferretería,Units,,,,False,False,False,SHARED,,,,3,675.0,675.0,675.0,NEW_PRODUCT,2,3,CREATE_SHARED_PRODUCT,,MAX,COTIZACIONES_0.2_b68c.xlsx,Cotizacion ASDE1 (2),23,QUOTATION,SPRAY DECORATIVO NEGRO,4.0,675.0,DOP,spray|decorativo|negro,COTIZACIONES_0.2_b68c.xlsx | COTIZACIONES_DORALEX_SRL_bb53.xlsx
AG-0154,SPRAY Decorativo CREMA,consu,Ferretería,Units,,,,False,False,False,SHARED,,,,3,675.0,675.0,675.0,NEW_PRODUCT,2,3,CREATE_SHARED_PRODUCT,,MAX,COTIZACIONES_0.2_b68c.xlsx,Cotizacion ASDE1 (2),24,QUOTATION,SPRAY DECORATIVO CREMA,4.0,675.0,DOP,spray|decorativo|crema,COTIZACIONES_0.2_b68c.xlsx | COTIZACIONES_DORALEX_SRL_bb53.xlsx
AG-0155,DRISA PARA Bandera TIPO Bandera DE Escuela,consu,Ferretería,Units,,,,False,False,False,SHARED,,,,3,15.0,15.0,15.0,NEW_PRODUCT,2,3,CREATE_SHARED_PRODUCT,,MAX,COTIZACIONES_0.2_b68c.xlsx,Cotizacion ASDE1 (2),25,QUOTATION,DRISA PARA BANDERA TIPO BANDERA DE ESCUELA,500.0,15.0,DOP,drisa|para|bandera|tipo|bandera|escuela,COTIZACIONES_0.2_b68c.xlsx | COTIZACIONES_DORALEX_SRL_bb53.xlsx
AG-0156,Contactores DE 30 AMP,consu,Ferretería,Units,,,,False,False,False,SHARED,,,,4,650.0,650.0,650.0,NEW_PRODUCT,3,4,CREATE_SHARED_PRODUCT,,MAX,COTIZACIONES_0.2_b68c.xlsx,Cotizacion ASDE1 (2),26,QUOTATION,CONTACTORES DE 30 AMP,2.0,650.0,DOP,contactores|30|amp,COTIZACIONES_0.2_b68c.xlsx | COTIZACIONES_DORALEX_SRL_bb53.xlsx | COTIZACIONES_DORALEX_f72a.xlsx
AG-0157,Contactores DE 32 AMP,consu,Ferretería,Units,,,,False,False,False,SHARED,,,,4,650.0,650.0,650.0,NEW_PRODUCT,3,4,CREATE_SHARED_PRODUCT,,MAX,COTIZACIONES_0.2_b68c.xlsx,Cotizacion ASDE1 (2),27,QUOTATION,CONTACTORES DE 32 AMP,2.0,650.0,DOP,contactores|32|amp,COTIZACIONES_0.2_b68c.xlsx | COTIZACIONES_DORALEX_SRL_bb53.xlsx | COTIZACIONES_DORALEX_f72a.xlsx
AG-0158,Alambre DUPLO #12 AWG,consu,Ferretería,Units,,,,False,False,False,SHARED,,,,3,40.0,40.0,40.0,NEW_PRODUCT,2,3,CREATE_SHARED_PRODUCT,,MAX,COTIZACIONES_0.2_b68c.xlsx,Cotizacion ASDE1 (2),28,QUOTATION,ALAMBRE DUPLO #12 AWG,5000.0,40.0,DOP,alambre|duplo|12|awg,COTIZACIONES_0.2_b68c.xlsx | COTIZACIONES_DORALEX_SRL_bb53.xlsx
AG-0159,TAPE NEGRO Electrico SCOTCH SUPER 33 +,consu,Ferretería,Units,,,,False,False,False,SHARED,,,,4,7000.0,7000.0,7000.0,NEW_PRODUCT,2,4,CREATE_SHARED_PRODUCT,,MAX,COTIZACIONES_0.2_b68c.xlsx,Cotizacion ASDE1 (2),29,QUOTATION,TAPE NEGRO ELECTRICO  SCOTCH  SUPER 33 +,2.0,7000.0,DOP,tape|negro|electrico|scotch|super|33,COTIZACIONES_0.2_b68c.xlsx | COTIZACIONES_DORALEX_SRL_bb53.xlsx
AG-0160,FOTO CELDA,consu,Ferretería,Units,,,,False,False,False,SHARED,,,,3,775.0,775.0,775.0,NEW_PRODUCT,2,3,CREATE_SHARED_PRODUCT,,MAX,COTIZACIONES_0.2_b68c.xlsx,Cotizacion ASDE1 (2),30,QUOTATION,FOTO CELDA,50.0,775.0,DOP,foto|celda,COTIZACIONES_0.2_b68c.xlsx | COTIZACIONES_DORALEX_SRL_bb53.xlsx
AG-0161,BASE P/ FOTO CELDA,consu,Ferretería,Units,,,,False,False,False,SHARED,,,,7,400.0,400.0,400.0,NEW_PRODUCT,3,7,CREATE_SHARED_PRODUCT,,MAX,COTIZACIONES_0.2_b68c.xlsx,Cotizacion ASDE1 (2),31,QUOTATION,BASE P/ FOTO CELDA,50.0,400.0,DOP,base|p/|foto|celda,COTIZACIONES_0.2_b68c.xlsx | COTIZACIONES_DORALEX_SRL_bb53.xlsx | COTIZACIONES_DORALEX_f72a.xlsx
AG-0162,GRAPA DE Alambre,consu,Ferretería,Units,,,,False,False,False,SHARED,,,,3,750.0,750.0,750.0,NEW_PRODUCT,2,3,CREATE_SHARED_PRODUCT,,MAX,COTIZACIONES_0.2_b68c.xlsx,Cotizacion ASDE1 (2),32,QUOTATION,GRAPA DE ALAMBRE,5.0,750.0,DOP,grapa|alambre,COTIZACIONES_0.2_b68c.xlsx | COTIZACIONES_DORALEX_SRL_bb53.xlsx
AG-0163,TAPA Waterproof DOBLE 110 V Leviton,consu,Ferretería,Units,,,,False,False,False,SHARED,,,,4,450.0,450.0,450.0,NEW_PRODUCT,3,3,CREATE_SHARED_PRODUCT,,MAX,COTIZACIONES_0.2_b68c.xlsx,Cotizacion ASDE1 (2),33,QUOTATION,TAPA WATERPROOF DOBLE 110 V LEVITON,20.0,450.0,DOP,tapa|waterproof|doble|110|v|leviton,COTIZACIONES_0.2_b68c.xlsx | COTIZACIONES_DORALEX_SRL_bb53.xlsx | COTIZACIONES_DORALEX_f72a.xlsx
AG-0164,PIE DE Alambre STR No.10 AWG THHN,consu,Ferretería,Units,,,,False,False,False,SHARED,,,,4,30.0,30.0,30.0,NEW_PRODUCT,3,3,CREATE_SHARED_PRODUCT,,MAX,COTIZACIONES_0.2_b68c.xlsx,Cotizacion ASDE1 (2),34,QUOTATION,PIE DE ALAMBRE STR No.10 AWG THHN,1000.0,30.0,DOP,pie|alambre|str|no.10|awg|thhn,COTIZACIONES_0.2_b68c.xlsx | COTIZACIONES_DORALEX_SRL_bb53.xlsx | COTIZACIONES_DORALEX_f72a.xlsx
AG-0165,PIE DE Alambre STR No.12 AWG THHN,consu,Ferretería,Units,,,,False,False,False,SHARED,,,,4,23.0,23.0,23.0,NEW_PRODUCT,3,3,CREATE_SHARED_PRODUCT,,MAX,COTIZACIONES_0.2_b68c.xlsx,Cotizacion ASDE1 (2),35,QUOTATION,PIE DE ALAMBRE STR No.12 AWG THHN,1000.0,23.0,DOP,pie|alambre|str|no.12|awg|thhn,COTIZACIONES_0.2_b68c.xlsx | COTIZACIONES_DORALEX_SRL_bb53.xlsx | COTIZACIONES_DORALEX_f72a.xlsx
AG-0166,Canaletas Cuadradas C/ADH 1/2,consu,Ferretería,Units,,,caliber=1/2,False,False,False,SHARED,,,,4,275.0,275.0,275.0,NEW_PRODUCT,3,3,CREATE_SHARED_PRODUCT,,MAX,COTIZACIONES_0.2_b68c.xlsx,Cotizacion ASDE1 (2),36,QUOTATION,CANALETAS CUADRADAS C/ADH 1/2,20.0,275.0,DOP,canaletas|cuadradas|c/adh|1/2|1/2,COTIZACIONES_0.2_b68c.xlsx | COTIZACIONES_DORALEX_SRL_bb53.xlsx | COTIZACIONES_DORALEX_f72a.xlsx
AG-0167,TOMA Corriente DOBLE 20 AMP Leviton,consu,Ferretería,Units,,,,False,False,False,SHARED,,,,4,472.75,472.75,472.75,NEW_PRODUCT,3,3,CREATE_SHARED_PRODUCT,,MAX,COTIZACIONES_0.2_b68c.xlsx,Cotizacion ASDE1 (2),37,QUOTATION,TOMA CORRIENTE DOBLE 20 AMP LEVITON,20.0,472.75,DOP,toma|corriente|doble|20|amp|leviton,COTIZACIONES_0.2_b68c.xlsx | COTIZACIONES_DORALEX_SRL_bb53.xlsx | COTIZACIONES_DORALEX_f72a.xlsx
AG-0168,TAPE Tenflex 1600 GRAN,consu,Ferretería,Units,,,,False,False,False,SHARED,,,,4,350.0,350.0,350.0,NEW_PRODUCT,3,3,CREATE_SHARED_PRODUCT,,MAX,COTIZACIONES_0.2_b68c.xlsx,Cotizacion ASDE1 (2),38,QUOTATION,TAPE TENFLEX 1600 GRAN,3.0,350.0,DOP,tape|tenflex|1600|gran,COTIZACIONES_0.2_b68c.xlsx | COTIZACIONES_DORALEX_SRL_bb53.xlsx | COTIZACIONES_DORALEX_f72a.xlsx
AG-0169,PANEL 6-12 CIR TL612 G.E,consu,Ferretería,Units,,TL612,model=TL612,False,False,False,SHARED,,,,4,5525.69,5525.69,5525.69,NEW_PRODUCT,3,3,CREATE_SHARED_PRODUCT,,MAX,COTIZACIONES_0.2_b68c.xlsx,Cotizacion ASDE1 (2),39,QUOTATION,PANEL 6-12 CIR  TL612 G.E,3.0,5525.69,DOP,panel|6-12|cir|tl612|g.e|TL612,COTIZACIONES_0.2_b68c.xlsx | COTIZACIONES_DORALEX_SRL_bb53.xlsx | COTIZACIONES_DORALEX_f72a.xlsx
AG-0170,Breaker Sencillo G.E 30 AMP,consu,Material eléctrico,Units,,,,False,False,False,SHARED,,,,4,648.6,648.6,648.6,NEW_PRODUCT,3,3,CREATE_SHARED_PRODUCT,,MAX,COTIZACIONES_0.2_b68c.xlsx,Cotizacion ASDE1 (2),40,QUOTATION,BREAKER SENCILLO G.E 30 AMP,20.0,648.6,DOP,breaker|sencillo|g.e|30|amp,COTIZACIONES_0.2_b68c.xlsx | COTIZACIONES_DORALEX_SRL_bb53.xlsx | COTIZACIONES_DORALEX_f72a.xlsx
AG-0171,Breaker Sencillo G.E 20 AMP,consu,Material eléctrico,Units,,,,False,False,False,SHARED,,,,4,695.6,695.6,695.6,NEW_PRODUCT,3,3,CREATE_SHARED_PRODUCT,,MAX,COTIZACIONES_0.2_b68c.xlsx,Cotizacion ASDE1 (2),41,QUOTATION,BREAKER SENCILLO G.E 20 AMP,15.0,695.6,DOP,breaker|sencillo|g.e|20|amp,COTIZACIONES_0.2_b68c.xlsx | COTIZACIONES_DORALEX_SRL_bb53.xlsx | COTIZACIONES_DORALEX_f72a.xlsx
AG-0172,CLAVO DE 4 Pulgadas ACERO CAJA DE 50 LIBRA,consu,Ferretería,Units,LG,,"size=4""",False,False,False,SHARED,,,,3,7500.0,7500.0,7500.0,NEW_PRODUCT,2,3,CREATE_SHARED_PRODUCT,,MAX,COTIZACIONES_0.2_b68c.xlsx,Cotizacion ASDE1 (2),42,QUOTATION,CLAVO DE 4 PULGADAS ACERO CAJA DE 50 LIBRA,1.0,7500.0,DOP,"clavo|4|pulgadas|acero|caja|50|libra|4""",COTIZACIONES_0.2_b68c.xlsx | COTIZACIONES_DORALEX_SRL_bb53.xlsx
AG-0173,CLAVO DE 4 Pulgadas DULCE CAJA DE 50 LIBRA,consu,Ferretería,Units,LG,,"size=4""",False,False,False,SHARED,,,,3,6500.0,6500.0,6500.0,NEW_PRODUCT,2,3,CREATE_SHARED_PRODUCT,,MAX,COTIZACIONES_0.2_b68c.xlsx,Cotizacion ASDE1 (2),43,QUOTATION,CLAVO DE 4 PULGADAS DULCE CAJA DE 50 LIBRA,2.0,6500.0,DOP,"clavo|4|pulgadas|dulce|caja|50|libra|4""",COTIZACIONES_0.2_b68c.xlsx | COTIZACIONES_DORALEX_SRL_bb53.xlsx
AG-0174,CLAVO DE 3 Pulgadas ACERO Koreano CAJA DE 50 LIBRA,consu,Ferretería,Units,LG,,"size=3""",False,False,False,SHARED,,,,3,5220.0,5220.0,5220.0,NEW_PRODUCT,2,3,CREATE_SHARED_PRODUCT,,MAX,COTIZACIONES_0.2_b68c.xlsx,Cotizacion ASDE1 (2),44,QUOTATION,CLAVO DE 3 PULGADAS ACERO KOREANO CAJA DE 50 LIBRA,2.0,5220.0,DOP,"clavo|3|pulgadas|acero|koreano|caja|50|libra|3""",COTIZACIONES_0.2_b68c.xlsx | COTIZACIONES_DORALEX_SRL_bb53.xlsx
AG-0175,CLAVO DE 3 Pulgada DULCE CAJA DE 50 LIBRA,consu,Ferretería,Units,LG,,"size=3""",False,False,False,SHARED,,,,2,6500.0,6500.0,6500.0,NEW_PRODUCT,1,2,CREATE_SHARED_PRODUCT,,MAX,COTIZACIONES_0.2_b68c.xlsx,Cotizacion ASDE1 (2),45,QUOTATION,CLAVO DE 3 PULGADA DULCE CAJA DE 50 LIBRA,1.0,6500.0,DOP,"clavo|3|pulgada|dulce|caja|50|libra|3""",COTIZACIONES_0.2_b68c.xlsx
AG-0176,CLAVO DE 2 1/2PULGADA DE ACERO Koreano CAJA DE 50 LIBRA,consu,Ferretería,Units,LG,,"size=2""",False,False,False,SHARED,,,,2,5220.0,5220.0,5220.0,NEW_PRODUCT,1,2,CREATE_SHARED_PRODUCT,,MAX,COTIZACIONES_0.2_b68c.xlsx,Cotizacion ASDE1 (2),46,QUOTATION,CLAVO DE  2 1/2PULGADA DE ACERO KOREANO CAJA DE 50 LIBRA,3.0,5220.0,DOP,"clavo|2|1/2pulgada|acero|koreano|caja|50|libra|2""",COTIZACIONES_0.2_b68c.xlsx
AG-0177,CLAVO DE ZINC CAJA DE 50 LIBRA,consu,Ferretería,Units,,,,False,False,False,SHARED,,,,3,10974.0,10974.0,10974.0,NEW_PRODUCT,2,3,CREATE_SHARED_PRODUCT,,MAX,COTIZACIONES_0.2_b68c.xlsx,Cotizacion ASDE1 (2),47,QUOTATION,CLAVO DE ZINC CAJA DE 50 LIBRA,5.0,10974.0,DOP,clavo|zinc|caja|50|libra,COTIZACIONES_0.2_b68c.xlsx | COTIZACIONES_DORALEX_SRL_bb53.xlsx
AG-0178,Transformador LED DRIVER MODELO SS M 13648 600 IMPUT AC85 265V 50/60,consu,Material eléctrico,Units,,AC85,caliber=50/60 model=AC85,False,False,False,SHARED,,,,3,700.0,700.0,700.0,NEW_PRODUCT,2,3,CREATE_SHARED_PRODUCT,,MAX,COTIZACIONES_0.2_b68c.xlsx,Cotizacion ASDE1 (2),48,QUOTATION,TRANSFORMADOR LED DRIVER MODELO SS M 13648 600 IMPUT AC85 265V 50/60,100.0,700.0,DOP,transformador|led|driver|modelo|ss|m|13648|600|50/60|AC85,COTIZACIONES_0.2_b68c.xlsx | COTIZACIONES_DORALEX_SRL_bb53.xlsx
AG-0179,TUBOS SKTG4F-18 T8 18W 10% 100-265V 25000 H,consu,Plomería,Units,,SKTG4F-18,power=18W model=SKTG4F-18,False,False,False,SHARED,,,,4,480.0,480.0,480.0,NEW_PRODUCT,3,4,CREATE_SHARED_PRODUCT,,MAX,COTIZACIONES_0.2_b68c.xlsx,Cotizacion ASDE1 (2),49,QUOTATION,TUBOS SKTG4F-18 T8 18W 10% 100-265V 25000 H,100.0,480.0,DOP,tubos|sktg4f-18|t8|18|w|10%|100-265v|25000|SKTG4F-18|18W,COTIZACIONES_0.2_b68c.xlsx | COTIZACIONES_DORALEX_SRL_bb53.xlsx | COTIZACIONES_DORALEX_f72a.xlsx
AG-0180,UND.,consu,Ferretería,Units,,,,False,False,False,SHARED,,,,2,1750.0,1750.0,1750.0,NEW_PRODUCT,1,2,CREATE_SHARED_PRODUCT,,MAX,COTIZACIONES_0.2_b68c.xlsx,Cotizacion ASDE1 (2),50,QUOTATION,UND.,1750.0,1750.0,DOP,und.,COTIZACIONES_0.2_b68c.xlsx
AG-0181,Cemento GRIS SANTO Domingo 94LB,consu,Construcción,Units,,,presentation=94 lb,False,False,False,SHARED,,,,12,529.5,675.5,675.5,NEW_PRODUCT,3,12,CREATE_SHARED_PRODUCT,,MAX,COTIZACIONES_DORALEX_SRL_bb53.xlsx,Cotizacion (61).......,23,QUOTATION,CEMENTO GRIS SANTO DOMINGO  94 LB,200.0,675.5,DOP,cemento|gris|santo|domingo|94|lb|94 lb,COTIZACIONES_0.2_b68c.xlsx | COTIZACIONES_DORALEX_SRL_bb53.xlsx | COTIZACIONES__REMPART_GROUP_2_3578.xlsx
AG-0182,Varilla 3/4,consu,Construcción,Units,,,caliber=3/4,False,False,False,SHARED,,,,9,5233.65,118143.51,118143.51,NEW_PRODUCT,3,9,CREATE_SHARED_PRODUCT,,MAX,COTIZACIONES__REMPART_GROUP_2_3578.xlsx,COT ASDE (32),19,QUOTATION,VARILLA 3/4'',1.0,118143.51,DOP,varilla|3/4|3/4,COTIZACIONES_0.2_b68c.xlsx | COTIZACIONES_DORALEX_SRL_bb53.xlsx | COTIZACIONES__REMPART_GROUP_2_3578.xlsx
AG-0183,ARENA LAVADA,consu,Construcción,Units,,,,False,False,False,SHARED,,,,20,92.0,4070.0,4070.0,NEW_PRODUCT,4,20,CREATE_SHARED_PRODUCT,,MAX,COTIZACIONES_0.2_b68c.xlsx,Cotizacion ASDE1 (2),53,QUOTATION,ARENA LAVADA,18.0,4070.0,DOP,arena|lavada,COTIZACIONES_0.2_b68c.xlsx | COTIZACIONES_DORALEX_SRL_bb53.xlsx | COTIZACIONES_DORALEX_f72a.xlsx | COTIZACIONES__REMPART_GROUP_2_3578.xlsx
AG-0184,GRAVA 3/4,consu,Construcción,Units,,,caliber=3/4,False,False,False,SHARED,,,,19,86.22,3530.0,3530.0,NEW_PRODUCT,4,19,CREATE_SHARED_PRODUCT,,MAX,COTIZACIONES_0.2_b68c.xlsx,Cotizacion ASDE1 (2),54,QUOTATION,GRAVA 3/4,18.0,3530.0,DOP,grava|3/4|3/4,COTIZACIONES_0.2_b68c.xlsx | COTIZACIONES_DORALEX_SRL_bb53.xlsx | COTIZACIONES_DORALEX_f72a.xlsx | COTIZACIONES__REMPART_GROUP_2_3578.xlsx
AG-0185,ARENA ITABO,consu,Construcción,Units,,,,False,False,False,SHARED,,,,17,1300.0,3530.0,3530.0,NEW_PRODUCT,4,16,CREATE_SHARED_PRODUCT,,MAX,COTIZACIONES_0.2_b68c.xlsx,Cotizacion ASDE1 (2),55,QUOTATION,ARENA ITABO,18.0,3530.0,DOP,arena|itabo,COTIZACIONES_0.2_b68c.xlsx | COTIZACIONES_DORALEX_SRL_bb53.xlsx | COTIZACIONES_DORALEX_f72a.xlsx | COTIZACIONES__REMPART_GROUP_2_3578.xlsx
AG-0186,Enchufe Leviton 120 Vamarillo 515PV,consu,Ferretería,Units,,,,False,False,False,SHARED,,,,4,425.0,425.0,425.0,NEW_PRODUCT,3,4,CREATE_SHARED_PRODUCT,,MAX,COTIZACIONES_0.2_b68c.xlsx,Cotizacion ASDE1 (3),16,QUOTATION,ENCHUFE LEVITON 120 VAMARILLO 515PV,1.0,425.0,DOP,enchufe|leviton|120|vamarillo|515pv,COTIZACIONES_0.2_b68c.xlsx | COTIZACIONES_DORALEX_SRL_bb53.xlsx | COTIZACIONES_DORALEX_f72a.xlsx
AG-0187,FOTO CELDA FISHER,consu,Ferretería,Units,,,,False,False,False,SHARED,,,,5,775.0,775.0,775.0,NEW_PRODUCT,3,5,CREATE_SHARED_PRODUCT,,MAX,COTIZACIONES_0.2_b68c.xlsx,Cotizacion ASDE1 (3),18,QUOTATION,FOTO CELDA  FISHER,50.0,775.0,DOP,foto|celda|fisher,COTIZACIONES_0.2_b68c.xlsx | COTIZACIONES_DORALEX_SRL_bb53.xlsx | COTIZACIONES_DORALEX_f72a.xlsx
AG-0188,BASE P/ FOTO CELDA Volteck,consu,Ferretería,Units,,,,False,False,False,SHARED,,,,5,525.0,550.0,550.0,NEW_PRODUCT,3,5,CREATE_SHARED_PRODUCT,,MAX,COTIZACIONES_0.2_b68c.xlsx,Cotizacion ASDE,34,QUOTATION,BASE P/ FOTO CELDA VOLTECK,50.0,550.0,DOP,base|p/|foto|celda|volteck,COTIZACIONES_0.2_b68c.xlsx | COTIZACIONES_DORALEX_SRL_bb53.xlsx | COTIZACIONES_DORALEX_f72a.xlsx
AG-0189,Alambre GOMA 8/3,consu,Neumáticos,Units,,,caliber=8/3,False,False,False,SHARED,,,,4,125.0,125.0,125.0,NEW_PRODUCT,3,4,CREATE_SHARED_PRODUCT,,MAX,COTIZACIONES_0.2_b68c.xlsx,Cotizacion ASDE1 (3),21,QUOTATION,ALAMBRE GOMA 8/3,300.0,125.0,DOP,alambre|goma|8/3|8/3,COTIZACIONES_0.2_b68c.xlsx | COTIZACIONES_DORALEX_SRL_bb53.xlsx | COTIZACIONES_DORALEX_f72a.xlsx
AG-0190,Alambre GOMA 10/3,consu,Neumáticos,Units,,,caliber=10/3,False,False,False,SHARED,,,,4,75.0,75.0,75.0,NEW_PRODUCT,3,4,CREATE_SHARED_PRODUCT,,MAX,COTIZACIONES_0.2_b68c.xlsx,Cotizacion ASDE1 (3),22,QUOTATION,ALAMBRE GOMA 10/3,200.0,75.0,DOP,alambre|goma|10/3|10/3,COTIZACIONES_0.2_b68c.xlsx | COTIZACIONES_DORALEX_SRL_bb53.xlsx | COTIZACIONES_DORALEX_f72a.xlsx
AG-0191,Alambre Electrico #12 STD NEGRO,consu,Ferretería,Units,,,,False,False,False,SHARED,,,,4,20.0,20.0,20.0,NEW_PRODUCT,3,4,CREATE_SHARED_PRODUCT,,MAX,COTIZACIONES_0.2_b68c.xlsx,Cotizacion ASDE1 (3),23,QUOTATION,ALAMBRE ELECTRICO #12 STD NEGRO,2000.0,20.0,DOP,alambre|electrico|12|std|negro,COTIZACIONES_0.2_b68c.xlsx | COTIZACIONES_DORALEX_SRL_bb53.xlsx | COTIZACIONES_DORALEX_f72a.xlsx
AG-0192,Alambre GOMA 14/2,consu,Neumáticos,Units,,,caliber=14/2,False,False,False,SHARED,,,,5,27.0,27.0,27.0,NEW_PRODUCT,3,5,CREATE_SHARED_PRODUCT,,MAX,COTIZACIONES_0.2_b68c.xlsx,Cotizacion ASDE1 (3),24,QUOTATION,ALAMBRE GOMA 14/2,12000.0,27.0,DOP,alambre|goma|14/2|14/2,COTIZACIONES_0.2_b68c.xlsx | COTIZACIONES_DORALEX_SRL_bb53.xlsx | COTIZACIONES_DORALEX_f72a.xlsx
AG-0193,CAJA DE Breaker GE 6 A 12,consu,Material eléctrico,Units,,,,False,False,False,SHARED,,,,4,6450.0,6450.0,6450.0,NEW_PRODUCT,3,4,CREATE_SHARED_PRODUCT,,MAX,COTIZACIONES_0.2_b68c.xlsx,Cotizacion ASDE1 (3),25,QUOTATION,CAJA DE BREAKER GE 6 A 12,1.0,6450.0,DOP,caja|breaker|ge|6|a|12,COTIZACIONES_0.2_b68c.xlsx | COTIZACIONES_DORALEX_SRL_bb53.xlsx | COTIZACIONES_DORALEX_f72a.xlsx
AG-0194,Breaker GE 1P 30A GRUESO,consu,Material eléctrico,Units,,,,False,False,False,SHARED,,,,7,550.0,620.0,620.0,NEW_PRODUCT,3,7,CREATE_SHARED_PRODUCT,,MAX,COTIZACIONES_DORALEX_SRL_bb53.xlsx,Cotizacion (53),35,QUOTATION,BREAKER GE 1P 30A GRUESO,50.0,620.0,DOP,breaker|ge|1p|30a|grueso,COTIZACIONES_0.2_b68c.xlsx | COTIZACIONES_DORALEX_SRL_bb53.xlsx | COTIZACIONES_DORALEX_f72a.xlsx
AG-0195,CAJA DE Breaker 4/8,consu,Material eléctrico,Units,,,caliber=4/8,False,False,False,SHARED,,,,4,4208.0,5150.0,5150.0,NEW_PRODUCT,2,4,CREATE_SHARED_PRODUCT,,MAX,COTIZACIONES_0.2_b68c.xlsx,Cotizacion ASDE1 (3),27,QUOTATION,CAJA DE BREAKER 4/8,15.0,5150.0,DOP,caja|breaker|4/8|4/8,COTIZACIONES_0.2_b68c.xlsx | COTIZACIONES_DORALEX_SRL_bb53.xlsx
AG-0196,CAJA DE Breaker 8/16,consu,Material eléctrico,Units,,,caliber=8/16,False,False,False,SHARED,,,,3,7850.0,7850.0,7850.0,NEW_PRODUCT,2,3,CREATE_SHARED_PRODUCT,,MAX,COTIZACIONES_0.2_b68c.xlsx,Cotizacion ASDE1 (3),28,QUOTATION,CAJA DE BREAKER 8/16,15.0,7850.0,DOP,caja|breaker|8/16|8/16,COTIZACIONES_0.2_b68c.xlsx | COTIZACIONES_DORALEX_SRL_bb53.xlsx
AG-0197,Breaker GRUESO DE 30 AMP,consu,Material eléctrico,Units,,,,False,False,False,SHARED,,,,3,550.0,550.0,550.0,NEW_PRODUCT,2,3,CREATE_SHARED_PRODUCT,,MAX,COTIZACIONES_0.2_b68c.xlsx,Cotizacion ASDE1 (3),29,QUOTATION,BREAKER GRUESO DE 30 AMP,15.0,550.0,DOP,breaker|grueso|30|amp,COTIZACIONES_0.2_b68c.xlsx | COTIZACIONES_DORALEX_SRL_bb53.xlsx
AG-0198,Fotocelda,consu,Ferretería,Units,,,,False,False,False,SHARED,,,,3,775.0,775.0,775.0,NEW_PRODUCT,2,3,CREATE_SHARED_PRODUCT,,MAX,COTIZACIONES_0.2_b68c.xlsx,Cotizacion ASDE1 (3),30,QUOTATION,FOTOCELDA,15.0,775.0,DOP,fotocelda,COTIZACIONES_0.2_b68c.xlsx | COTIZACIONES_DORALEX_SRL_bb53.xlsx
AG-0199,Varilla 1/4,consu,Construcción,Units,,,caliber=1/4,False,False,False,SHARED,,,,11,2141.3565,,,NEW_PRODUCT,4,11,MANUAL_REVIEW,PRICE_OUTLIER_REVIEW;MISSING_VALID_PRICE,PRICE_OUTLIER_REVIEW,,,,,,,,,varilla|1/4|1/4,COTIZACIONES_0.2_b68c.xlsx | COTIZACIONES_DORALEX_SRL_bb53.xlsx | COTIZACIONES_DORALEX_f72a.xlsx | COTIZACIONES__REMPART_GROUP_2_3578.xlsx
AG-0200,Varilla 3/8,consu,Construcción,Units,,,caliber=3/8,False,False,False,SHARED,,,,21,1000.0,110325.62,110325.62,NEW_PRODUCT,4,18,CREATE_SHARED_PRODUCT,,MAX,COTIZACIONES__REMPART_GROUP_2_3578.xlsx,COT ASDE (32),17,QUOTATION,VARILLA 3/8'',2.0,110325.62,DOP,varilla|3/8|3/8,COTIZACIONES_0.2_b68c.xlsx | COTIZACIONES_DORALEX_SRL_bb53.xlsx | COTIZACIONES_DORALEX_f72a.xlsx | COTIZACIONES__REMPART_GROUP_2_3578.xlsx
AG-0201,BLOCK DE 6 BISONO,consu,Construcción,Units,,,,False,False,False,SHARED,,,,20,56.0,81.0,81.0,NEW_PRODUCT,4,19,CREATE_SHARED_PRODUCT,,MAX,COTIZACIONES_0.2_b68c.xlsx,Cotizacion ASDE1 (6),29,QUOTATION,BLOCK DE 6'' BISONO,241.0,81.0,DOP,block|6|bisono,COTIZACIONES_0.2_b68c.xlsx | COTIZACIONES_DORALEX_SRL_bb53.xlsx | COTIZACIONES_DORALEX_f72a.xlsx | COTIZACIONES__REMPART_GROUP_2_3578.xlsx
AG-0202,Alambre CAL 18 Galvanizado ASTM A641,consu,Ferretería,Units,,A641,model=A641,False,False,False,SHARED,,,,7,83.5275,83.53,83.53,NEW_PRODUCT,3,7,CREATE_SHARED_PRODUCT,,MAX,COTIZACIONES_0.2_b68c.xlsx,Cotizacion ASDE,17,QUOTATION,ALAMBRE CAL 18 GALVANIZADO ASTM A641,436.0,83.53,DOP,alambre|cal|18|galvanizado|astm|a641|A641,COTIZACIONES_0.2_b68c.xlsx | COTIZACIONES_DORALEX_SRL_bb53.xlsx | COTIZACIONES_DORALEX_f72a.xlsx
AG-0203,DRIZA NYLON 1/4,consu,Ferretería,Units,,,caliber=1/4,False,False,False,SHARED,,,,3,25.0,25.0,25.0,NEW_PRODUCT,2,3,CREATE_SHARED_PRODUCT,,MAX,COTIZACIONES_0.2_b68c.xlsx,Cotizacion ASDE1 (3),35,QUOTATION,DRIZA NYLON 1/4,656.0,25.0,DOP,driza|nylon|1/4|1/4,COTIZACIONES_0.2_b68c.xlsx | COTIZACIONES_DORALEX_SRL_bb53.xlsx
AG-0204,Alambre DE GOMA #10/3 AWG,consu,Neumáticos,Units,,,caliber=10/3,False,False,False,SHARED,,,,3,75.0,75.0,75.0,NEW_PRODUCT,2,3,CREATE_SHARED_PRODUCT,,MAX,COTIZACIONES_0.2_b68c.xlsx,Cotizacion ASDE1 (3),36,QUOTATION,ALAMBRE DE GOMA #10/3 AWG,375.0,75.0,DOP,alambre|goma|10/3|awg|10/3,COTIZACIONES_0.2_b68c.xlsx | COTIZACIONES_DORALEX_SRL_bb53.xlsx
AG-0205,Alambre DE GOMA #8/3 AWG,consu,Neumáticos,Units,,,caliber=8/3,False,False,False,SHARED,,,,3,125.0,125.0,125.0,NEW_PRODUCT,2,3,CREATE_SHARED_PRODUCT,,MAX,COTIZACIONES_0.2_b68c.xlsx,Cotizacion ASDE1 (3),37,QUOTATION,ALAMBRE DE GOMA #8/3 AWG,175.0,125.0,DOP,alambre|goma|8/3|awg|8/3,COTIZACIONES_0.2_b68c.xlsx | COTIZACIONES_DORALEX_SRL_bb53.xlsx
AG-0206,ROSETA Porselana Leviton,consu,Ferretería,Units,,,,False,False,False,SHARED,,,,2,230.0,230.0,230.0,NEW_PRODUCT,1,2,CREATE_SHARED_PRODUCT,,MAX,COTIZACIONES_0.2_b68c.xlsx,Cotizacion ASDE1 (3),39,QUOTATION,ROSETA PORSELANA LEVITON,10.0,230.0,DOP,roseta|porselana|leviton,COTIZACIONES_0.2_b68c.xlsx
AG-0207,Bombillo LED 20w Sylvania20w-6500k,consu,Material eléctrico,Units,,SYLVANIA20W-6500K,power=20W model=SYLVANIA20W-6500K,False,False,False,SHARED,,,,2,420.0,420.0,420.0,NEW_PRODUCT,1,2,CREATE_SHARED_PRODUCT,,MAX,COTIZACIONES_0.2_b68c.xlsx,Cotizacion ASDE1 (3),41,QUOTATION,BOMBILLO LED  20w SYLVANIA20w-6500k,10.0,420.0,DOP,bombillo|led|20|w|sylvania20|w-6500k|SYLVANIA20|20W,COTIZACIONES_0.2_b68c.xlsx
AG-0208,Archivo Arcordeon,consu,Ferretería,Units,,,,False,False,False,SHARED,,,,1,1780.0,1780.0,1780.0,NEW_PRODUCT,1,1,CREATE_SHARED_PRODUCT,,SINGLE,COTIZACIONES_0.2_b68c.xlsx,Cotizacion 5 (15),16,QUOTATION,ARCHIVO ARCORDEON,2.0,1780.0,DOP,archivo|arcordeon,COTIZACIONES_0.2_b68c.xlsx
AG-0209,RESMA DE PAPEL Ofi-nota 8 1/2 X11,consu,Oficina,Units,,,caliber=1/2,False,False,False,SHARED,,,,1,594.0,594.0,594.0,NEW_PRODUCT,1,1,CREATE_SHARED_PRODUCT,,SINGLE,COTIZACIONES_0.2_b68c.xlsx,Cotizacion 5 (15),17,QUOTATION,RESMA DE PAPEL OFI-NOTA  8 1/2 X11,30.0,594.0,DOP,resma|papel|ofi-nota|8|1/2|x11|1/2,COTIZACIONES_0.2_b68c.xlsx
AG-0210,CINTA EPSON FX- 890,consu,Ferretería,Units,Epson,,,False,False,False,SHARED,,,,3,1325.0,1925.0,1925.0,NEW_PRODUCT,3,3,CREATE_SHARED_PRODUCT,,MAX,COTIZACIONES_0.2_b68c.xlsx,Cotizacion 5 (15),18,QUOTATION,CINTA EPSON FX- 890,1.0,1925.0,DOP,cinta|epson|fx-|890,COTIZACIONES_0.2_b68c.xlsx | COTIZACIONES_DORALEX_f72a.xlsx | COTIZACIONES__DOMINION_BUSINESS_18aa.xlsx
AG-0211,BANDAS DE GOMA Artesco #32,consu,Neumáticos,Units,,,,False,False,False,SHARED,,,,3,80.0,155.0,155.0,NEW_PRODUCT,3,3,CREATE_SHARED_PRODUCT,,MAX,COTIZACIONES_0.2_b68c.xlsx,Cotizacion 5 (15),19,QUOTATION,BANDAS DE GOMA ARTESCO #32,10.0,155.0,DOP,bandas|goma|artesco|32,COTIZACIONES_0.2_b68c.xlsx | COTIZACIONES_DORALEX_f72a.xlsx | COTIZACIONES__DOMINION_BUSINESS_18aa.xlsx
AG-0212,CAJA DE GRAPA Estandar,consu,Ferretería,Units,,,,False,False,False,SHARED,,,,3,140.0,180.0,180.0,NEW_PRODUCT,3,3,CREATE_SHARED_PRODUCT,,MAX,COTIZACIONES_0.2_b68c.xlsx,Cotizacion 5 (15),20,QUOTATION,CAJA DE GRAPA ESTANDAR,10.0,180.0,DOP,caja|grapa|estandar,COTIZACIONES_0.2_b68c.xlsx | COTIZACIONES_DORALEX_f72a.xlsx | COTIZACIONES__DOMINION_BUSINESS_18aa.xlsx
AG-0213,Post-it Amarillos 12/1,consu,Ferretería,Units,,,caliber=12/1,False,False,False,SHARED,,,,3,472.5,590.0,590.0,NEW_PRODUCT,3,3,CREATE_SHARED_PRODUCT,,MAX,COTIZACIONES_0.2_b68c.xlsx,Cotizacion 5 (15),21,QUOTATION,POST-IT AMARILLOS 12/1,1.0,590.0,DOP,post-it|amarillos|12/1|12/1,COTIZACIONES_0.2_b68c.xlsx | COTIZACIONES_DORALEX_f72a.xlsx | COTIZACIONES__DOMINION_BUSINESS_18aa.xlsx
AG-0214,Post-it DE Colores 12/1,consu,Ferretería,Units,,,caliber=12/1,False,False,False,SHARED,,,,3,472.5,590.0,590.0,NEW_PRODUCT,3,3,CREATE_SHARED_PRODUCT,,MAX,COTIZACIONES_0.2_b68c.xlsx,Cotizacion 5 (15),22,QUOTATION,POST-IT DE COLORES 12/1,1.0,590.0,DOP,post-it|colores|12/1|12/1,COTIZACIONES_0.2_b68c.xlsx | COTIZACIONES_DORALEX_f72a.xlsx | COTIZACIONES__DOMINION_BUSINESS_18aa.xlsx
AG-0215,GLADE SPRAY Ambientador Paraiso AZUL,consu,Ferretería,Units,,,,False,False,False,SHARED,,,,1,555.0,555.0,555.0,NEW_PRODUCT,1,1,CREATE_SHARED_PRODUCT,,SINGLE,COTIZACIONES_0.2_b68c.xlsx,Cotizacion 5 (15),23,QUOTATION,GLADE SPRAY AMBIENTADOR PARAISO AZUL,5.0,555.0,DOP,glade|spray|ambientador|paraiso|azul,COTIZACIONES_0.2_b68c.xlsx
AG-0216,GLADE SPRAY Ambientador Lavanda Lavanda Y Vainilla,consu,Ferretería,Units,,,,False,False,False,SHARED,,,,1,640.0,640.0,640.0,NEW_PRODUCT,1,1,CREATE_SHARED_PRODUCT,,SINGLE,COTIZACIONES_0.2_b68c.xlsx,Cotizacion 5 (15),24,QUOTATION,GLADE  SPRAY AMBIENTADOR LAVANDA LAVANDA Y VAINILLA,5.0,640.0,DOP,glade|spray|ambientador|lavanda|lavanda|vainilla,COTIZACIONES_0.2_b68c.xlsx
AG-0217,GLADE SPRAY Ambientador Manzana Y CANELA,consu,Ferretería,Units,,,,False,False,False,SHARED,,,,1,670.0,670.0,670.0,NEW_PRODUCT,1,1,CREATE_SHARED_PRODUCT,,SINGLE,COTIZACIONES_0.2_b68c.xlsx,Cotizacion 5 (15),25,QUOTATION,GLADE SPRAY AMBIENTADOR MANZANA Y CANELA,5.0,670.0,DOP,glade|spray|ambientador|manzana|canela,COTIZACIONES_0.2_b68c.xlsx
AG-0218,Libreta RAYADA Marilla 50 HOJAS Artesco 8½x 11,consu,Ferretería,Units,,,,False,False,False,SHARED,,,,2,296.0,296.0,296.0,NEW_PRODUCT,2,2,CREATE_SHARED_PRODUCT,,SINGLE,COTIZACIONES_0.2_b68c.xlsx,Cotizacion 5 (15),26,QUOTATION,LIBRETA RAYADA MARILLA 50 HOJAS ARTESCO  8½x 11,6.0,296.0,DOP,libreta|rayada|marilla|50|hojas|artesco|81|2x,COTIZACIONES_0.2_b68c.xlsx | COTIZACIONES__DOMINION_BUSINESS_18aa.xlsx
AG-0219,Libreta RAYADA Amarilla 50 HOJAS Artesco 5x8,consu,Ferretería,Units,,,,False,False,False,SHARED,,,,1,245.0,245.0,245.0,NEW_PRODUCT,1,1,CREATE_SHARED_PRODUCT,,SINGLE,COTIZACIONES_0.2_b68c.xlsx,Cotizacion 5 (15),27,QUOTATION,LIBRETA RAYADA AMARILLA 50 HOJAS ARTESCO 5x8,6.0,245.0,DOP,libreta|rayada|amarilla|50|hojas|artesco|5x8,COTIZACIONES_0.2_b68c.xlsx
AG-0220,Zafacon 200 LT,consu,Ferretería,Units,,,,False,False,False,SHARED,,,,1,9560.0,9560.0,9560.0,NEW_PRODUCT,1,1,CREATE_SHARED_PRODUCT,,SINGLE,COTIZACIONES_0.2_b68c.xlsx,Cotizacion 5 (16),16,QUOTATION,ZAFACON 200 LT,3.0,9560.0,DOP,zafacon|200|lt,COTIZACIONES_0.2_b68c.xlsx
AG-0221,PICO TRUPER M H,consu,Herramientas,Units,Truper,,,False,False,False,SHARED,,,,2,2900.0,2900.0,2900.0,NEW_PRODUCT,1,2,CREATE_SHARED_PRODUCT,,MAX,COTIZACIONES_0.2_b68c.xlsx,Cotizacion ASDE1 (4),16,QUOTATION,PICO TRUPER M H,14.0,2900.0,DOP,pico|truper|m|h,COTIZACIONES_0.2_b68c.xlsx
AG-0222,PALA Cuadrada TRUPER 17161,consu,Herramientas,Units,Truper,,,False,False,False,SHARED,,,,9,875.0,4200.0,4200.0,NEW_PRODUCT,3,9,CREATE_SHARED_PRODUCT,,MAX,COTIZACIONES_0.2_b68c.xlsx,Cotizacion ASDE1 (4),17,QUOTATION,PALA CUADRADA TRUPER 17161,14.0,4200.0,DOP,pala|cuadrada|truper|17161,COTIZACIONES_0.2_b68c.xlsx | COTIZACIONES_DORALEX_SRL_bb53.xlsx | COTIZACIONES__REMPART_GROUP_2_3578.xlsx
AG-0223,PALA Redonda TRUPER,consu,Herramientas,Units,Truper,,,False,False,False,SHARED,,,,1,1980.0,1980.0,1980.0,NEW_PRODUCT,1,1,CREATE_SHARED_PRODUCT,,SINGLE,COTIZACIONES_0.2_b68c.xlsx,Cotizacion ASDE1 (4),18,QUOTATION,PALA REDONDA TRUPER,14.0,1980.0,DOP,pala|redonda|truper,COTIZACIONES_0.2_b68c.xlsx
AG-0224,PALA DE CORTE TRUPER 17162,consu,Herramientas,Units,Truper,,,False,False,False,SHARED,,,,2,1422.0,1980.0,1980.0,NEW_PRODUCT,1,2,CREATE_SHARED_PRODUCT,,MAX,COTIZACIONES_0.2_b68c.xlsx,Cotizacion ASDE1 (4),19,QUOTATION,PALA DE CORTE TRUPER 17162,14.0,1980.0,DOP,pala|corte|truper|17162,COTIZACIONES_0.2_b68c.xlsx
AG-0225,Genrador DIESEL,consu,Ferretería,Units,,,,False,False,False,SHARED,,,,1,,,,NEW_PRODUCT,1,1,MANUAL_REVIEW,MISSING_VALID_PRICE,NO_PRICE,,,,,,,,,genrador|diesel,COTIZACIONES_0.2_b68c.xlsx
AG-0226,Pulidora 41/2 TRUPER 16452,consu,Herramientas,Units,Truper,,caliber=41/2,False,False,False,SHARED,,,,2,7650.0,7650.0,7650.0,NEW_PRODUCT,1,2,CREATE_SHARED_PRODUCT,,MAX,COTIZACIONES_0.2_b68c.xlsx,Cotizacion ASDE1 (4),21,QUOTATION,PULIDORA 41/2 TRUPER 16452,2.0,7650.0,DOP,pulidora|41/2|truper|16452|41/2,COTIZACIONES_0.2_b68c.xlsx
AG-0227,Pulidora 41/2 TRUPER GRANDE,consu,Herramientas,Units,Truper,,caliber=41/2,False,False,False,SHARED,,,,2,26880.0,26880.0,26880.0,NEW_PRODUCT,1,2,CREATE_SHARED_PRODUCT,,MAX,COTIZACIONES_0.2_b68c.xlsx,Cotizacion ASDE1 (4),22,QUOTATION,PULIDORA 41/2 TRUPER GRANDE,2.0,26880.0,DOP,pulidora|41/2|truper|grande|41/2,COTIZACIONES_0.2_b68c.xlsx
AG-0228,BOTAS DE GOMA,consu,Ferretería,Units,,,,False,False,False,SHARED,,,,4,1825.0,1825.0,1825.0,NEW_PRODUCT,1,4,CREATE_SHARED_PRODUCT,,MAX,COTIZACIONES_0.2_b68c.xlsx,Cotizacion ASDE1 (4),23,QUOTATION,BOTAS DE GOMA,200.0,1825.0,DOP,botas|goma,COTIZACIONES_0.2_b68c.xlsx
AG-0229,GUANTE GOMA NEGRO IND,consu,Neumáticos,Units,,,,False,False,False,SHARED,,,,2,700.0,700.0,700.0,NEW_PRODUCT,1,2,CREATE_SHARED_PRODUCT,,MAX,COTIZACIONES_0.2_b68c.xlsx,Cotizacion ASDE1 (4),24,QUOTATION,GUANTE GOMA NEGRO IND,200.0,700.0,DOP,guante|goma|negro|ind,COTIZACIONES_0.2_b68c.xlsx
AG-0230,MACETA TRUPER 4LB MD-4 16536,consu,Herramientas,Units,Truper,,presentation=4 lb,False,False,False,SHARED,,,,1,2250.0,2250.0,2250.0,NEW_PRODUCT,1,1,CREATE_SHARED_PRODUCT,,SINGLE,COTIZACIONES_0.2_b68c.xlsx,Cotizacion ASDE1 (4),25,QUOTATION,MACETA TRUPER 4LB MD-4 16536,10.0,2250.0,DOP,maceta|truper|4|lb|md-4|16536|4 lb,COTIZACIONES_0.2_b68c.xlsx
AG-0231,CASCO DE Seguridad Amarillo PRETUL,consu,Ferretería,Units,,,,False,False,False,SHARED,,,,1,1070.0,1070.0,1070.0,NEW_PRODUCT,1,1,CREATE_SHARED_PRODUCT,,SINGLE,COTIZACIONES_0.2_b68c.xlsx,Cotizacion ASDE1 (4),26,QUOTATION,CASCO DE SEGURIDAD AMARILLO PRETUL,100.0,1070.0,DOP,casco|seguridad|amarillo|pretul,COTIZACIONES_0.2_b68c.xlsx
AG-0232,CASCO DE Seguridad AZUL CON AJUSTE,consu,Ferretería,Units,,,,False,False,False,SHARED,,,,1,1070.0,1070.0,1070.0,NEW_PRODUCT,1,1,CREATE_SHARED_PRODUCT,,SINGLE,COTIZACIONES_0.2_b68c.xlsx,Cotizacion ASDE1 (4),27,QUOTATION,CASCO DE SEGURIDAD AZUL CON AJUSTE,10.0,1070.0,DOP,casco|seguridad|azul|ajuste,COTIZACIONES_0.2_b68c.xlsx
AG-0233,CASCO DE Seguridad BLANCO CON AJUSTE,consu,Ferretería,Units,,,,False,False,False,SHARED,,,,2,1070.0,1070.0,1070.0,NEW_PRODUCT,1,2,CREATE_SHARED_PRODUCT,,MAX,COTIZACIONES_0.2_b68c.xlsx,Cotizacion ASDE1 (4),28,QUOTATION,CASCO DE SEGURIDAD BLANCO CON AJUSTE,20.0,1070.0,DOP,casco|seguridad|blanco|ajuste,COTIZACIONES_0.2_b68c.xlsx
AG-0234,Taladro BOSCH Profesional GBH2-24D,consu,Herramientas,Units,Bosch,GBH2-24D,model=GBH2-24D,False,False,False,SHARED,,,,1,21600.0,21600.0,21600.0,NEW_PRODUCT,1,1,CREATE_SHARED_PRODUCT,,SINGLE,COTIZACIONES_0.2_b68c.xlsx,Cotizacion ASDE1 (4),29,QUOTATION,TALADRO BOSCH PROFESIONAL GBH2-24D,1.0,21600.0,DOP,taladro|bosch|profesional|gbh2-24d|GBH2-24D,COTIZACIONES_0.2_b68c.xlsx
AG-0235,SIERRA Electrica,consu,Herramientas,Units,,,,False,False,False,SHARED,,,,2,,,,NEW_PRODUCT,1,2,MANUAL_REVIEW,MISSING_VALID_PRICE,NO_PRICE,,,,,,,,,sierra|electrica,COTIZACIONES_0.2_b68c.xlsx
AG-0236,Carretilla TRUPER CAT-50,consu,Herramientas,Units,Truper,,,False,False,False,SHARED,,,,2,10575.0,10575.0,10575.0,NEW_PRODUCT,1,2,CREATE_SHARED_PRODUCT,,MAX,COTIZACIONES_0.2_b68c.xlsx,Cotizacion ASDE1 (4),31,QUOTATION,CARRETILLA TRUPER CAT-50,14.0,10575.0,DOP,carretilla|truper|cat-50,COTIZACIONES_0.2_b68c.xlsx
AG-0237,Sistema DE Seguridad PARA Choques,consu,Ferretería,Units,,,,False,False,False,SHARED,,,,2,,,,NEW_PRODUCT,1,2,MANUAL_REVIEW,MISSING_VALID_PRICE,NO_PRICE,,,,,,,,,sistema|seguridad|para|choques,COTIZACIONES_0.2_b68c.xlsx
AG-0238,Impresiones Serigrafiadas A UN COLOR Espalda Y Tetilla,consu,Ferretería,Units,,,,False,False,False,SHARED,,,,1,250.0,250.0,250.0,NEW_PRODUCT,1,1,CREATE_SHARED_PRODUCT,,SINGLE,COTIZACIONES_0.2_b68c.xlsx,Cotizacion ASDE1 (4),33,QUOTATION,IMPRESIONES SERIGRAFIADAS A UN COLOR ESPALDA Y TETILLA,130.0,250.0,DOP,impresiones|serigrafiadas|a|un|color|espalda|tetilla,COTIZACIONES_0.2_b68c.xlsx
AG-0239,Chalecos DE Seguridad VERDES CON EL LOGO D,consu,Ferretería,Units,,,,False,False,False,SHARED,,,,1,650.0,650.0,650.0,NEW_PRODUCT,1,1,CREATE_SHARED_PRODUCT,,SINGLE,COTIZACIONES_0.2_b68c.xlsx,Cotizacion ASDE1 (4),34,QUOTATION,CHALECOS DE SEGURIDAD VERDES CON EL LOGO D,130.0,650.0,DOP,chalecos|seguridad|verdes|logo|d,COTIZACIONES_0.2_b68c.xlsx
AG-0240,Chaleco CON CINTA VERDE 14425,consu,Ferretería,Units,,,,False,False,False,SHARED,,,,2,650.0,650.0,650.0,NEW_PRODUCT,1,2,CREATE_SHARED_PRODUCT,,MAX,COTIZACIONES_0.2_b68c.xlsx,Cotizacion ASDE1 (4),35,QUOTATION,CHALECO CON CINTA VERDE 14425,130.0,650.0,DOP,chaleco|cinta|verde|14425,COTIZACIONES_0.2_b68c.xlsx
AG-0241,CAPA Amarilla,consu,Ferretería,Units,,,,False,False,False,SHARED,,,,3,1852.0,1852.0,1852.0,NEW_PRODUCT,1,3,CREATE_SHARED_PRODUCT,,MAX,COTIZACIONES_0.2_b68c.xlsx,Cotizacion ASDE1 (4),36,QUOTATION,CAPA AMARILLA,100.0,1852.0,DOP,capa|amarilla,COTIZACIONES_0.2_b68c.xlsx
AG-0242,Maquina PARA SOLDAR,consu,Ferretería,Units,,,,False,False,False,SHARED,,,,1,,,,NEW_PRODUCT,1,1,MANUAL_REVIEW,MISSING_VALID_PRICE,NO_PRICE,,,,,,,,,maquina|para|soldar,COTIZACIONES_0.2_b68c.xlsx
AG-0243,Cemento PVC LANCO AZUL 1/4,consu,Plomería,Units,,,caliber=1/4,False,False,False,SHARED,,,,1,2200.0,2200.0,2200.0,NEW_PRODUCT,1,1,CREATE_SHARED_PRODUCT,,SINGLE,COTIZACIONES_0.2_b68c.xlsx,Cotizacion 5 (17),22,QUOTATION,CEMENTO PVC LANCO AZUL 1/4,1.0,2200.0,DOP,cemento|pvc|lanco|azul|1/4|1/4,COTIZACIONES_0.2_b68c.xlsx
AG-0244,TUBO PVC SDR-26 X 1/2,consu,Plomería,Units,,,caliber=1/2,False,False,False,SHARED,,,,1,180.0,180.0,180.0,NEW_PRODUCT,1,1,CREATE_SHARED_PRODUCT,,SINGLE,COTIZACIONES_0.2_b68c.xlsx,Cotizacion 5 (17),24,QUOTATION,TUBO PVC SDR-26 X 1/2,10.0,180.0,DOP,tubo|pvc|sdr-26|x|1/2|1/2,COTIZACIONES_0.2_b68c.xlsx
AG-0245,CAJA Octagonal 3/4 METAL,consu,Ferretería,Units,,,caliber=3/4,False,False,False,SHARED,,,,1,140.0,140.0,140.0,NEW_PRODUCT,1,1,CREATE_SHARED_PRODUCT,,SINGLE,COTIZACIONES_0.2_b68c.xlsx,Cotizacion 5 (17),25,QUOTATION,CAJA OCTAGONAL 3/4 METAL,5.0,140.0,DOP,caja|octagonal|3/4|metal|3/4,COTIZACIONES_0.2_b68c.xlsx
AG-0246,CAJA 2X4,consu,Ferretería,Units,,,,False,False,False,SHARED,,,,1,104.0,104.0,104.0,NEW_PRODUCT,1,1,CREATE_SHARED_PRODUCT,,SINGLE,COTIZACIONES_0.2_b68c.xlsx,Cotizacion 5 (17),26,QUOTATION,CAJA 2X4,6.0,104.0,DOP,caja|2x4,COTIZACIONES_0.2_b68c.xlsx
AG-0247,Pintura Amarillo Trafico Popular,consu,Pinturas,Units,,,,False,False,False,SHARED,,,,2,17575.0,17575.0,17575.0,NEW_PRODUCT,1,2,CREATE_SHARED_PRODUCT,,SINGLE,COTIZACIONES_0.2_b68c.xlsx,Cotizacion 5 (20),15,QUOTATION,PINTURA AMARILLO TRAFICO POPULAR,25.0,17575.0,DOP,pintura|amarillo|trafico|popular,COTIZACIONES_0.2_b68c.xlsx
AG-0248,Pintura BLANCO Trafico Tropical,consu,Pinturas,Units,Tropical,,,False,False,False,SHARED,,,,1,19050.0,19050.0,19050.0,NEW_PRODUCT,1,1,CREATE_SHARED_PRODUCT,,SINGLE,COTIZACIONES_0.2_b68c.xlsx,Cotizacion 5 (20),16,QUOTATION,PINTURA BLANCO TRAFICO TROPICAL,10.0,19050.0,DOP,pintura|blanco|trafico|tropical,COTIZACIONES_0.2_b68c.xlsx
AG-0249,Pintura GRIS Industrial,consu,Pinturas,Units,,,,False,False,False,SHARED,,,,2,2386.5,2744.48,2744.48,NEW_PRODUCT,2,2,CREATE_SHARED_PRODUCT,,MAX,COTIZACIONES__REMPART_GROUP_2_3578.xlsx,COT ASDE (3),19,QUOTATION,PINTURA GRIS INDUSTRIAL,6.0,2744.48,DOP,pintura|gris|industrial,COTIZACIONES_0.2_b68c.xlsx | COTIZACIONES__REMPART_GROUP_2_3578.xlsx
AG-0250,MOTAS DE ROLO PARA PINTAR 9'',consu,Ferretería,Units,,,,False,False,False,SHARED,,,,2,165.0,190.0,190.0,NEW_PRODUCT,2,2,CREATE_SHARED_PRODUCT,,MAX,COTIZACIONES__REMPART_GROUP_2_3578.xlsx,COT ASDE (3),21,QUOTATION,MOTAS DE ROLO PARA PINTAR 9'',15.0,190.0,DOP,motas|rolo|para|pintar|9,COTIZACIONES_0.2_b68c.xlsx | COTIZACIONES__REMPART_GROUP_2_3578.xlsx
AG-0251,BROCHA DE 3 ATLAS,consu,Pinturas,Units,,,,False,False,False,SHARED,,,,8,94.0,186.184,186.184,NEW_PRODUCT,3,8,CREATE_SHARED_PRODUCT,,MAX,COTIZACIONES_0.2_b68c.xlsx,Cotizacion 5 (20),21,QUOTATION,BROCHA DE 3'' ATLAS,12.0,186.184,DOP,brocha|3|atlas,COTIZACIONES_0.2_b68c.xlsx | COTIZACIONES_DORALEX_SRL_bb53.xlsx | COTIZACIONES_DORALEX_f72a.xlsx
AG-0252,BROCHA DE 4'' ATLAS,consu,Pinturas,Units,,,,False,False,False,SHARED,,,,7,212.0,222.925,222.925,NEW_PRODUCT,3,7,CREATE_SHARED_PRODUCT,,MAX,COTIZACIONES_0.2_b68c.xlsx,Cotizacion 5 (20),22,QUOTATION,BROCHA DE 4'' ATLAS,12.0,222.925,DOP,brocha|4|atlas,COTIZACIONES_0.2_b68c.xlsx | COTIZACIONES_DORALEX_SRL_bb53.xlsx | COTIZACIONES_DORALEX_f72a.xlsx
AG-0253,Minirolo CON MOTA 2,consu,Ferretería,Units,,,,False,False,False,SHARED,,,,2,322.0,338.0,338.0,NEW_PRODUCT,2,2,CREATE_SHARED_PRODUCT,,MAX,COTIZACIONES_DORALEX_SRL_bb53.xlsx,Cotizacion (41),23,QUOTATION,MINIROLO CON MOTA 2,12.0,338.0,DOP,minirolo|mota|2,COTIZACIONES_0.2_b68c.xlsx | COTIZACIONES_DORALEX_SRL_bb53.xlsx
AG-0254,MOTA ROLO Antigota 4,consu,Ferretería,Units,,,,False,False,False,SHARED,,,,2,210.0,210.0,210.0,NEW_PRODUCT,1,2,CREATE_SHARED_PRODUCT,,MAX,COTIZACIONES_0.2_b68c.xlsx,Cotizacion 5 (20),24,QUOTATION,MOTA ROLO ANTIGOTA 4,12.0,210.0,DOP,mota|rolo|antigota|4,COTIZACIONES_0.2_b68c.xlsx
AG-0255,VARA PARA Extension BYP,consu,Ferretería,Units,,,,False,False,False,SHARED,,,,5,1650.0,1650.0,1650.0,NEW_PRODUCT,3,5,CREATE_SHARED_PRODUCT,,MAX,COTIZACIONES_0.2_b68c.xlsx,Cotizacion 5 (20),25,QUOTATION,VARA PARA EXTENSION BYP,10.0,1650.0,DOP,vara|para|extension|byp,COTIZACIONES_0.2_b68c.xlsx | COTIZACIONES_DORALEX_SRL_bb53.xlsx | COTIZACIONES_DORALEX_f72a.xlsx
AG-0256,SACOS 45X74 CM,consu,Ferretería,Units,,,,False,False,False,SHARED,,,,1,35.0,35.0,35.0,NEW_PRODUCT,1,1,CREATE_SHARED_PRODUCT,,SINGLE,COTIZACIONES_0.2_b68c.xlsx,Cotizacion 5 (21),15,QUOTATION,SACOS 45X74 CM,5000.0,35.0,DOP,sacos|45x74|cm,COTIZACIONES_0.2_b68c.xlsx
AG-0257,Serigrafia A COLOR,consu,Ferretería,Units,,,,False,False,False,SHARED,,,,1,40.0,40.0,40.0,NEW_PRODUCT,1,1,CREATE_SHARED_PRODUCT,,SINGLE,COTIZACIONES_0.2_b68c.xlsx,Cotizacion 5 (21),16,QUOTATION,SERIGRAFIA A COLOR,5000.0,40.0,DOP,serigrafia|a|color,COTIZACIONES_0.2_b68c.xlsx
AG-0258,GAFAS DE Proteccion,consu,Ferretería,Units,,,,False,False,False,SHARED,,,,8,340.0,875.0,875.0,NEW_PRODUCT,3,8,CREATE_SHARED_PRODUCT,,MAX,COTIZACIONES_DORALEX_SRL_bb53.xlsx,Cotizacion (93),25,QUOTATION,GAFAS DE PROTECCION,20.0,875.0,DOP,gafas|proteccion,COTIZACIONES_0.2_b68c.xlsx | COTIZACIONES_DORALEX_SRL_bb53.xlsx | COTIZACIONES__REMPART_GROUP_2_3578.xlsx
AG-0259,ING-UMMA1605 Soldadora Inverter 160A 110/220V 40% MMA Ingco<4> Sustitucion DE,consu,Ferretería,Units,,ING-UMMA1605,model=ING-UMMA1605,False,False,False,SHARED,,,,1,12189.82,12189.82,12189.82,NEW_PRODUCT,1,1,CREATE_SHARED_PRODUCT,,SINGLE,COTIZACIONES_0.2_b68c.xlsx,Cotizacion 5 (22),15,QUOTATION,ING-UMMA1605 SOLDADORA INVERTER 160A 110/220V 40% MMA INGCO<4> SUSTITUCION DE ING-UMMAC1602,4.0,12189.82,DOP,ing-umma1605|soldadora|inverter|160a|110/220v|40%|mma|ingco|ING-UMMA1605,COTIZACIONES_0.2_b68c.xlsx
AG-0260,ING-UMMAC2502 Soldadora 250A 110/220V 10% MMA Ingco<1>,consu,Ferretería,Units,,ING-UMMAC2502,model=ING-UMMAC2502,False,False,False,SHARED,,,,1,14092.2,14092.2,14092.2,NEW_PRODUCT,1,1,CREATE_SHARED_PRODUCT,,SINGLE,COTIZACIONES_0.2_b68c.xlsx,Cotizacion 5 (22),16,QUOTATION,ING-UMMAC2502 SOLDADORA 250A 110/220V 10% MMA INGCO<1>,4.0,14092.2,DOP,ing-ummac2502|soldadora|250a|110/220v|10%|mma|ingco|1|ING-UMMAC2502,COTIZACIONES_0.2_b68c.xlsx
AG-0261,ING-UMMAC3002 Soldadora 300A 110/220V 10% MMA Ingco<1>,consu,Ferretería,Units,,ING-UMMAC3002,model=ING-UMMAC3002,False,False,False,SHARED,,,,1,13842.38,13842.38,13842.38,NEW_PRODUCT,1,1,CREATE_SHARED_PRODUCT,,SINGLE,COTIZACIONES_0.2_b68c.xlsx,Cotizacion 5 (22),17,QUOTATION,ING-UMMAC3002 SOLDADORA 300A 110/220V 10% MMA INGCO<1>,4.0,13842.38,DOP,ing-ummac3002|soldadora|300a|110/220v|10%|mma|ingco|1|ING-UMMAC3002,COTIZACIONES_0.2_b68c.xlsx
AG-0262,Pulidora Stanley 7'' (180mm) 110-120V,consu,Ferretería,Units,,,,False,False,False,SHARED,,,,1,6421.19,6421.19,6421.19,NEW_PRODUCT,1,1,CREATE_SHARED_PRODUCT,,SINGLE,COTIZACIONES_0.2_b68c.xlsx,Cotizacion 5 (22),18,QUOTATION,PULIDORA STANLEY 7'' (180MM) 110-120V,4.0,6421.19,DOP,pulidora|stanley|7|180|mm|110-120v,COTIZACIONES_0.2_b68c.xlsx
AG-0263,Pulidora Angular Stanley 9'' (2200w) 110-120V,consu,Ferretería,Units,,,power=2200W,False,False,False,SHARED,,,,1,8855.93,8855.93,8855.93,NEW_PRODUCT,1,1,CREATE_SHARED_PRODUCT,,SINGLE,COTIZACIONES_0.2_b68c.xlsx,Cotizacion 5 (22),19,QUOTATION,PULIDORA ANGULAR  STANLEY 9'' (2200W)  110-120V,4.0,8855.93,DOP,pulidora|angular|stanley|9|2200|w|110-120v|2200W,COTIZACIONES_0.2_b68c.xlsx
AG-0264,ARENA ESTADO Natural,consu,Construcción,Units,,,,False,False,False,SHARED,,,,1,2790.0,2790.0,2790.0,NEW_PRODUCT,1,1,CREATE_SHARED_PRODUCT,,SINGLE,COTIZACIONES_0.2_b68c.xlsx,Cotizacion 5 (23),16,QUOTATION,ARENA ESTADO NATURAL,100.0,2790.0,DOP,arena|estado|natural,COTIZACIONES_0.2_b68c.xlsx
AG-0265,"Hidrolavadora Karcher K4 1,800 PSI 1,500 W Electrica",consu,Electrodomésticos,Units,,,power=500W,False,False,False,SHARED,,,,1,20792.0,20792.0,20792.0,NEW_PRODUCT,1,1,CREATE_SHARED_PRODUCT,,SINGLE,COTIZACIONES_0.2_b68c.xlsx,Cotizacion 5 (24),15,QUOTATION,"HIDROLAVADORA KARCHER K4 1,800 PSI 1,500 W ELECTRICA",1.0,20792.0,DOP,hidrolavadora|karcher|k4|1|800|psi|1|500|500W,COTIZACIONES_0.2_b68c.xlsx
AG-0266,Hidrolavadora TRUPER 2000 PSI Electrica,consu,Electrodomésticos,Units,Truper,,,False,False,False,SHARED,,,,1,31888.0,31888.0,31888.0,NEW_PRODUCT,1,1,CREATE_SHARED_PRODUCT,,SINGLE,COTIZACIONES_0.2_b68c.xlsx,Cotizacion 5 (24),16,QUOTATION,HIDROLAVADORA TRUPER 2000 PSI ELECTRICA,1.0,31888.0,DOP,hidrolavadora|truper|2000|psi|electrica,COTIZACIONES_0.2_b68c.xlsx
AG-0267,Escalera CUPRUM C-3217-06 TIJERA FIBRA VIDRIO 6' VERDE 175 KG,consu,Ferretería,Units,,C-3217-06,presentation=175 kg model=C-3217-06,False,False,False,SHARED,,,,1,15032.0,15032.0,15032.0,NEW_PRODUCT,1,1,CREATE_SHARED_PRODUCT,,SINGLE,COTIZACIONES_0.2_b68c.xlsx,Cotizacion 5 (24),17,QUOTATION,ESCALERA CUPRUM C-3217-06 TIJERA FIBRA VIDRIO 6' VERDE 175 KG,1.0,15032.0,DOP,escalera|cuprum|c-3217-06|tijera|fibra|vidrio|6|verde|C-3217-06|175 kg,COTIZACIONES_0.2_b68c.xlsx
AG-0268,Escalera CUPRUM C-2213-10N TIJERA Aluminio 10' 175 KG,consu,Ferretería,Units,,C-2213-10N,presentation=175 kg model=C-2213-10N,False,False,False,SHARED,,,,1,20152.0,20152.0,20152.0,NEW_PRODUCT,1,1,CREATE_SHARED_PRODUCT,,SINGLE,COTIZACIONES_0.2_b68c.xlsx,Cotizacion 5 (24),18,QUOTATION,ESCALERA CUPRUM C-2213-10N TIJERA ALUMINIO 10' 175 KG,1.0,20152.0,DOP,escalera|cuprum|c-2213-10n|tijera|aluminio|10|175|kg|C-2213-10N|175 kg,COTIZACIONES_0.2_b68c.xlsx
AG-0269,"Taladro TOTAL UTH1153256 Rotomartillo SDS PLUS 1-1/4"" 1500W",consu,Herramientas,Units,,UTH1153256,"size=4"" caliber=1/4 power=1500W model=UTH1153256",False,False,False,SHARED,,,,1,8312.0,8312.0,8312.0,NEW_PRODUCT,1,1,CREATE_SHARED_PRODUCT,,SINGLE,COTIZACIONES_0.2_b68c.xlsx,Cotizacion 5 (24),19,QUOTATION,"TALADRO TOTAL UTH1153256 ROTOMARTILLO SDS PLUS 1-1/4"" 1500W",1.0,8312.0,DOP,"taladro|total|uth1153256|rotomartillo|sds|plus|1-1/4""|1500|1/4|UTH1153256|1500W|4""",COTIZACIONES_0.2_b68c.xlsx
AG-0270,Escalera CUPRUM C-2224-40PG Extension Aluminio 40' 175 KG,consu,Ferretería,Units,,C-2224-40PG,presentation=175 kg model=C-2224-40PG,False,False,False,SHARED,,,,1,71992.0,71992.0,71992.0,NEW_PRODUCT,1,1,CREATE_SHARED_PRODUCT,,SINGLE,COTIZACIONES_0.2_b68c.xlsx,Cotizacion 5 (25),15,QUOTATION,ESCALERA CUPRUM C-2224-40PG EXTENSION ALUMINIO 40' 175 KG,1.0,71992.0,DOP,escalera|cuprum|c-2224-40pg|extension|aluminio|40|175|kg|C-2224-40PG|175 kg,COTIZACIONES_0.2_b68c.xlsx
AG-0271,Guantes DE Carnaza,consu,Ferretería,Units,,,,False,False,False,SHARED,,,,2,560.0,560.0,560.0,NEW_PRODUCT,1,2,CREATE_SHARED_PRODUCT,,MAX,COTIZACIONES_0.2_b68c.xlsx,Cotizacion 5 (26),15,QUOTATION,GUANTES DE CARNAZA,500.0,560.0,DOP,guantes|carnaza,COTIZACIONES_0.2_b68c.xlsx
AG-0272,Chalecos Reflectivos Naranja,consu,Ferretería,Units,,,,False,False,False,SHARED,,,,3,650.0,650.0,650.0,NEW_PRODUCT,1,3,CREATE_SHARED_PRODUCT,,MAX,COTIZACIONES_0.2_b68c.xlsx,Cotizacion 5 (26),16,QUOTATION,CHALECOS REFLECTIVOS  NARANJA,1000.0,650.0,DOP,chalecos|reflectivos|naranja,COTIZACIONES_0.2_b68c.xlsx
AG-0273,Mascarilla CON FILTRO DOBLE RES-PP P/ Pintura TRUPER,consu,Pinturas,Units,Truper,,,False,False,False,SHARED,,,,2,4125.0,4125.0,4125.0,NEW_PRODUCT,1,2,CREATE_SHARED_PRODUCT,,MAX,COTIZACIONES_0.2_b68c.xlsx,Cotizacion 5 (26),17,QUOTATION,MASCARILLA CON FILTRO DOBLE RES-PP P/ PINTURA TRUPER,200.0,4125.0,DOP,mascarilla|filtro|doble|res-pp|p/|pintura|truper,COTIZACIONES_0.2_b68c.xlsx
AG-0274,Mascarilla KN95,consu,Ferretería,Units,,KN95,model=KN95,False,False,False,SHARED,,,,2,45.0,45.0,45.0,NEW_PRODUCT,1,2,CREATE_SHARED_PRODUCT,,MAX,COTIZACIONES_0.2_b68c.xlsx,Cotizacion 5 (26),18,QUOTATION,MASCARILLA KN95,1000.0,45.0,DOP,mascarilla|kn95|KN95,COTIZACIONES_0.2_b68c.xlsx
AG-0275,CAPA Amarilla Impeable,consu,Ferretería,Units,,,,False,False,False,SHARED,,,,2,1852.0,1862.0,1862.0,NEW_PRODUCT,1,2,CREATE_SHARED_PRODUCT,,MAX,COTIZACIONES_0.2_b68c.xlsx,Cotizacion 5 (27),19,QUOTATION,CAPA AMARILLA IMPEABLE,500.0,1862.0,DOP,capa|amarilla|impeable,COTIZACIONES_0.2_b68c.xlsx
AG-0276,CONO PVC 70 CM CON Reflectivo,consu,Plomería,Units,,,,False,False,False,SHARED,,,,6,1115.1,1470.0,1470.0,NEW_PRODUCT,2,6,CREATE_SHARED_PRODUCT,,MAX,COTIZACIONES_0.2_b68c.xlsx,Cotizacion 5 (27),21,QUOTATION,CONO PVC 70 CM CON REFLECTIVO,100.0,1470.0,DOP,cono|pvc|70|cm|reflectivo,COTIZACIONES_0.2_b68c.xlsx | COTIZACIONES_DORALEX_SRL_bb53.xlsx
AG-0277,Recogedor Plastico,consu,Ferretería,Units,,,,False,False,False,SHARED,,,,1,348.0,348.0,348.0,NEW_PRODUCT,1,1,CREATE_SHARED_PRODUCT,,SINGLE,COTIZACIONES_0.2_b68c.xlsx,Cotizacion 5 (28),16,QUOTATION,RECOGEDOR PLASTICO,300.0,348.0,DOP,recogedor|plastico,COTIZACIONES_0.2_b68c.xlsx
AG-0278,Rastrillo Plastico,consu,Ferretería,Units,,,,False,False,False,SHARED,,,,4,966.0,966.0,966.0,NEW_PRODUCT,2,4,CREATE_SHARED_PRODUCT,,MAX,COTIZACIONES_0.2_b68c.xlsx,Cotizacion 5 (28),17,QUOTATION,RASTRILLO PLASTICO,500.0,966.0,DOP,rastrillo|plastico,COTIZACIONES_0.2_b68c.xlsx | COTIZACIONES_DORALEX_SRL_bb53.xlsx
AG-0279,Guantes DE CUERO (carnaza),consu,Ferretería,Units,,,,False,False,False,SHARED,,,,5,530.0,560.0,560.0,NEW_PRODUCT,3,5,CREATE_SHARED_PRODUCT,,MAX,COTIZACIONES_0.2_b68c.xlsx,Cotizacion 5 (28),22,QUOTATION,GUANTES DE CUERO (CARNAZA),700.0,560.0,DOP,guantes|cuero|carnaza,COTIZACIONES_0.2_b68c.xlsx | COTIZACIONES_DORALEX_SRL_bb53.xlsx | COTIZACIONES__REMPART_GROUP_2_3578.xlsx
AG-0280,Guantes Plasticos Desechables 100PCS/1,consu,Ferretería,Units,,,,False,False,False,SHARED,,,,3,440.0,440.0,440.0,NEW_PRODUCT,1,3,CREATE_SHARED_PRODUCT,,MAX,COTIZACIONES_0.2_b68c.xlsx,Cotizacion 5 (28),23,QUOTATION,GUANTES PLASTICOS DESECHABLES 100PCS/1,6.0,440.0,DOP,guantes|plasticos|desechables|100pcs/1,COTIZACIONES_0.2_b68c.xlsx
AG-0281,LIMA Triangulada TRUPER,consu,Herramientas,Units,Truper,,,False,False,False,SHARED,,,,1,5760.0,5760.0,5760.0,NEW_PRODUCT,1,1,CREATE_SHARED_PRODUCT,,SINGLE,COTIZACIONES_0.2_b68c.xlsx,Cotizacion 5 (28),24,QUOTATION,LIMA TRIANGULADA TRUPER,100.0,5760.0,DOP,lima|triangulada|truper,COTIZACIONES_0.2_b68c.xlsx
AG-0282,ARENA DE Empañete,consu,Construcción,Units,,,,False,False,False,SHARED,,,,13,2515.0,4820.0,4820.0,NEW_PRODUCT,3,13,CREATE_SHARED_PRODUCT,,MAX,COTIZACIONES_0.2_b68c.xlsx,Cotizacion ASDE1 (6),16,QUOTATION,ARENA DE EMPAÑETE,6.5,4820.0,DOP,arena|empanete,COTIZACIONES_0.2_b68c.xlsx | COTIZACIONES_DORALEX_SRL_bb53.xlsx | COTIZACIONES__REMPART_GROUP_2_3578.xlsx
AG-0283,Acrlico AZUL NAVY Ext-int PRO Popular,consu,Ferretería,Units,,,,False,False,False,SHARED,,,,6,2386.5,2595.5,2595.5,NEW_PRODUCT,3,6,CREATE_SHARED_PRODUCT,,MAX,COTIZACIONES_0.2_b68c.xlsx,Cotizacion ASDE1 (6),17,QUOTATION,ACRLICO AZUL NAVY EXT-INT PRO POPULAR,8.0,2595.5,DOP,acrlico|azul|navy|ext-int|pro|popular,COTIZACIONES_0.2_b68c.xlsx | COTIZACIONES_DORALEX_SRL_bb53.xlsx | COTIZACIONES__REMPART_GROUP_2_3578.xlsx
AG-0284,Semiglos BLANCO HUESO Ext-int PRO Tropical,consu,Ferretería,Units,Tropical,,,False,False,False,SHARED,,,,7,3615.84,3675.72,3675.72,NEW_PRODUCT,3,7,CREATE_SHARED_PRODUCT,,MAX,COTIZACIONES_0.2_b68c.xlsx,Cotizacion ASDE1 (6),18,QUOTATION,SEMIGLOS BLANCO HUESO EXT-INT PRO TROPICAL,33.0,3675.72,DOP,semiglos|blanco|hueso|ext-int|pro|tropical,COTIZACIONES_0.2_b68c.xlsx | COTIZACIONES_DORALEX_SRL_bb53.xlsx | COTIZACIONES__REMPART_GROUP_2_3578.xlsx
AG-0285,Pintura Acrilica PARA Exterior BLANCA MATE POPULAR/50 Ext-int PRO,consu,Pinturas,Units,,,,False,False,False,SHARED,,,,7,2386.5,2565.5,2565.5,NEW_PRODUCT,3,7,CREATE_SHARED_PRODUCT,,MAX,COTIZACIONES_0.2_b68c.xlsx,Cotizacion ASDE1 (6),19,QUOTATION,PINTURA ACRILICA PARA EXTERIOR BLANCA  MATE  POPULAR/50  EXT-INT PRO,17.0,2565.5,DOP,pintura|acrilica|para|exterior|blanca|mate|popular/50|ext-int,COTIZACIONES_0.2_b68c.xlsx | COTIZACIONES_DORALEX_SRL_bb53.xlsx | COTIZACIONES__REMPART_GROUP_2_3578.xlsx
AG-0286,Pintura Popular Esmalte GRIS PLATA,consu,Pinturas,Units,,,,False,False,False,SHARED,,,,7,2386.5,2565.5,2565.5,NEW_PRODUCT,3,7,CREATE_SHARED_PRODUCT,,MAX,COTIZACIONES_0.2_b68c.xlsx,Cotizacion ASDE1 (6),20,QUOTATION,PINTURA POPULAR  ESMALTE GRIS PLATA,4.0,2565.5,DOP,pintura|popular|esmalte|gris|plata,COTIZACIONES_0.2_b68c.xlsx | COTIZACIONES_DORALEX_SRL_bb53.xlsx | COTIZACIONES__REMPART_GROUP_2_3578.xlsx
AG-0287,Pintura Tropical ULTRA Esmalte NEGRO MATE,consu,Pinturas,Units,Tropical,,,False,False,False,SHARED,,,,1,2565.5,2565.5,2565.5,NEW_PRODUCT,1,1,CREATE_SHARED_PRODUCT,,SINGLE,COTIZACIONES_0.2_b68c.xlsx,Cotizacion ASDE1 (6),21,QUOTATION,PINTURA TROPICAL ULTRA ESMALTE NEGRO MATE,5.0,2565.5,DOP,pintura|tropical|ultra|esmalte|negro|mate,COTIZACIONES_0.2_b68c.xlsx
AG-0288,Rondana DE 3'',consu,Ferretería,Units,,,,False,False,False,SHARED,,,,7,750.0,800.0,800.0,NEW_PRODUCT,3,7,CREATE_SHARED_PRODUCT,,MAX,COTIZACIONES_0.2_b68c.xlsx,Cotizacion ASDE1 (6),22,QUOTATION,RONDANA DE 3'',6.0,800.0,DOP,rondana|3,COTIZACIONES_0.2_b68c.xlsx | COTIZACIONES_DORALEX_SRL_bb53.xlsx | COTIZACIONES__REMPART_GROUP_2_3578.xlsx
AG-0289,PERFIL 2X3 GALV.,consu,Ferretería,Units,,,,False,False,False,SHARED,50,PERFIL 2X3 GALV.,2529.92,7,2529.92,2630.02,2630.02,EXACT_MATCH,2,7,REUSE_UPDATE_PRICE,,MAX,COTIZACIONES_0.2_b68c.xlsx,Cotizacion ASDE1 (6),23,QUOTATION,PERFIL 2X3 GALV.,4.0,2630.02,DOP,perfil|2x3|galv.,COTIZACIONES_0.2_b68c.xlsx | COTIZACIONES_DORALEX_SRL_bb53.xlsx
AG-0290,TOLA 1/16 Galvaniz 4X8,consu,Ferretería,Units,,,caliber=1/16,False,False,False,SHARED,,,,9,4780.0,4995.0,4995.0,NEW_PRODUCT,3,9,CREATE_SHARED_PRODUCT,,MAX,COTIZACIONES_0.2_b68c.xlsx,Cotizacion ASDE1 (6),24,QUOTATION,TOLA 1/16 GALVANIZ 4X8,2.0,4995.0,DOP,tola|1/16|galvaniz|4x8|1/16,COTIZACIONES_0.2_b68c.xlsx | COTIZACIONES_DORALEX_SRL_bb53.xlsx | COTIZACIONES__REMPART_GROUP_2_3578.xlsx
AG-0291,PERFIL 1 1/2 H.GALV.1.6,consu,Ferretería,Units,,,caliber=1/2,False,False,False,SHARED,53,PERFIL 1 1/2 H.GALV.1.6,1390.0,9,1390.0,1680.0,1680.0,EXACT_MATCH,3,9,REUSE_UPDATE_PRICE,,MAX,COTIZACIONES_0.2_b68c.xlsx,Cotizacion ASDE1 (6),25,QUOTATION,PERFIL 1 1/2 H.GALV.1.6,5.0,1680.0,DOP,perfil|1|1/2|h.galv.1.6|1/2,COTIZACIONES_0.2_b68c.xlsx | COTIZACIONES_DORALEX_SRL_bb53.xlsx | COTIZACIONES__REMPART_GROUP_2_3578.xlsx
AG-0292,Pintura Antioxido,consu,Pinturas,Units,,,,False,False,False,SHARED,,,,7,1360.0,1455.0,1455.0,NEW_PRODUCT,3,7,CREATE_SHARED_PRODUCT,,MAX,COTIZACIONES_0.2_b68c.xlsx,Cotizacion ASDE1 (6),26,QUOTATION,PINTURA ANTIOXIDO,0.5,1455.0,DOP,pintura|antioxido,COTIZACIONES_0.2_b68c.xlsx | COTIZACIONES_DORALEX_SRL_bb53.xlsx | COTIZACIONES__REMPART_GROUP_2_3578.xlsx
AG-0293,GUIAS PLAST- 40X60MM,consu,Ferretería,Units,,,,False,False,False,SHARED,51,GUIAS PLAST- 40X60MM,260.0,7,260.0,285.0,285.0,EXACT_MATCH,2,7,REUSE_UPDATE_PRICE,,MAX,COTIZACIONES_0.2_b68c.xlsx,Cotizacion ASDE1 (6),27,QUOTATION,GUIAS PLAST- 40X60MM,3.0,285.0,DOP,guias|plast-|40x60|mm,COTIZACIONES_0.2_b68c.xlsx | COTIZACIONES_DORALEX_SRL_bb53.xlsx
AG-0294,Plancha Playwood DE 1/2,consu,Ferretería,Units,,,caliber=1/2,False,False,False,SHARED,,,,7,2340.0,2399.0,2399.0,NEW_PRODUCT,3,7,CREATE_SHARED_PRODUCT,,MAX,COTIZACIONES_0.2_b68c.xlsx,Cotizacion ASDE1 (6),28,QUOTATION,PLANCHA PLAYWOOD DE 1/2,6.0,2399.0,DOP,plancha|playwood|1/2|1/2,COTIZACIONES_0.2_b68c.xlsx | COTIZACIONES_DORALEX_SRL_bb53.xlsx | COTIZACIONES__REMPART_GROUP_2_3578.xlsx
AG-0295,PUERTA DE Polimetal BLANCA 0.90 X 2.10M,consu,Ferretería,Units,,,,False,False,False,SHARED,,,,7,17850.0,18745.0,18745.0,NEW_PRODUCT,3,7,CREATE_SHARED_PRODUCT,,MAX,COTIZACIONES_0.2_b68c.xlsx,Cotizacion ASDE1 (6),30,QUOTATION,PUERTA DE POLIMETAL BLANCA 0.90 X 2.10M,1.0,18745.0,DOP,puerta|polimetal|blanca|0.90|x|2.10m,COTIZACIONES_0.2_b68c.xlsx | COTIZACIONES_DORALEX_SRL_bb53.xlsx | COTIZACIONES__REMPART_GROUP_2_3578.xlsx
AG-0296,TAPAS DE METAL PARA Cisterna 33X33 PULG,consu,Ferretería,Units,LG,,"size=33""",False,False,False,SHARED,,,,7,12800.0,12895.0,12895.0,NEW_PRODUCT,3,7,CREATE_SHARED_PRODUCT,,MAX,COTIZACIONES_0.2_b68c.xlsx,Cotizacion ASDE1 (6),31,QUOTATION,TAPAS DE METAL PARA CISTERNA 33X33 PULG,2.0,12895.0,DOP,"tapas|metal|para|cisterna|33x33|pulg|33""",COTIZACIONES_0.2_b68c.xlsx | COTIZACIONES_DORALEX_SRL_bb53.xlsx | COTIZACIONES__REMPART_GROUP_2_3578.xlsx
AG-0297,TINACO DE 400GL,consu,Ferretería,Units,,,presentation=400 gl,False,False,False,SHARED,,,,7,22678.0,24698.0,24698.0,NEW_PRODUCT,3,7,CREATE_SHARED_PRODUCT,,MAX,COTIZACIONES_0.2_b68c.xlsx,Cotizacion ASDE1 (6),32,QUOTATION,TINACO DE 400GL,1.0,24698.0,DOP,tinaco|400|gal|400 gl,COTIZACIONES_0.2_b68c.xlsx | COTIZACIONES_DORALEX_SRL_bb53.xlsx | COTIZACIONES__REMPART_GROUP_2_3578.xlsx
AG-0298,Tomacorriente 220V 15A Bticino NOBILE,consu,Material eléctrico,Units,,,,False,False,False,SHARED,,,,8,950.0,999.0,999.0,NEW_PRODUCT,4,8,CREATE_SHARED_PRODUCT,,MAX,COTIZACIONES_0.2_b68c.xlsx,Cotizacion ASDE1 (6),34,QUOTATION,TOMACORRIENTE 220V 15A BTICINO NOBILE,3.0,999.0,DOP,tomacorriente|220v|15a|bticino|nobile,COTIZACIONES_0.2_b68c.xlsx | COTIZACIONES_DORALEX_SRL_bb53.xlsx | COTIZACIONES_DORALEX_f72a.xlsx | COTIZACIONES__REMPART_GROUP_2_3578.xlsx
AG-0299,Tomacorriente 110V Bticino NOBILE,consu,Material eléctrico,Units,,,,False,False,False,SHARED,,,,8,470.0,485.0,485.0,NEW_PRODUCT,4,8,CREATE_SHARED_PRODUCT,,MAX,COTIZACIONES_0.2_b68c.xlsx,Cotizacion ASDE1 (6),35,QUOTATION,TOMACORRIENTE 110V BTICINO NOBILE,23.0,485.0,DOP,tomacorriente|110v|bticino|nobile,COTIZACIONES_0.2_b68c.xlsx | COTIZACIONES_DORALEX_SRL_bb53.xlsx | COTIZACIONES_DORALEX_f72a.xlsx | COTIZACIONES__REMPART_GROUP_2_3578.xlsx
AG-0300,Lampara LED 2X4,consu,Material eléctrico,Units,,,,False,False,False,SHARED,,,,10,7800.0,7975.0,7975.0,NEW_PRODUCT,4,10,CREATE_SHARED_PRODUCT,,MAX,COTIZACIONES_0.2_b68c.xlsx,Cotizacion ASDE1 (6),37,QUOTATION,LAMPARA LED 2X4,6.0,7975.0,DOP,lampara|led|2x4,COTIZACIONES_0.2_b68c.xlsx | COTIZACIONES_DORALEX_SRL_bb53.xlsx | COTIZACIONES_DORALEX_f72a.xlsx | COTIZACIONES__REMPART_GROUP_2_3578.xlsx
AG-0301,Interruptor TRIPLE Bticino NOBILE BCO,consu,Ferretería,Units,,,,False,False,False,SHARED,,,,8,970.0,1020.0,1020.0,NEW_PRODUCT,4,8,CREATE_SHARED_PRODUCT,,MAX,COTIZACIONES_0.2_b68c.xlsx,Cotizacion ASDE1 (6),38,QUOTATION,INTERRUPTOR TRIPLE BTICINO NOBILE BCO,2.0,1020.0,DOP,interruptor|triple|bticino|nobile|bco,COTIZACIONES_0.2_b68c.xlsx | COTIZACIONES_DORALEX_SRL_bb53.xlsx | COTIZACIONES_DORALEX_f72a.xlsx | COTIZACIONES__REMPART_GROUP_2_3578.xlsx
AG-0302,Abanico DE PARED DAIWA,consu,Electrodomésticos,Units,Daiwa,,,False,False,False,SHARED,,,,6,6630.0,6845.0,6845.0,NEW_PRODUCT,3,6,CREATE_SHARED_PRODUCT,,MAX,COTIZACIONES_0.2_b68c.xlsx,Cotizacion ASDE1 (6),39,QUOTATION,ABANICO DE PARED DAIWA,14.0,6845.0,DOP,abanico|pared|daiwa,COTIZACIONES_0.2_b68c.xlsx | COTIZACIONES_DORALEX_SRL_bb53.xlsx | COTIZACIONES__REMPART_GROUP_2_3578.xlsx
AG-0303,Reflector LED 50W,consu,Material eléctrico,Units,,,power=50W,False,False,False,SHARED,,,,7,3100.0,3425.0,3425.0,NEW_PRODUCT,3,7,CREATE_SHARED_PRODUCT,,MAX,COTIZACIONES_0.2_b68c.xlsx,Cotizacion ASDE1 (6),41,QUOTATION,REFLECTOR LED 50W,2.0,3425.0,DOP,reflector|led|50|w|50W,COTIZACIONES_0.2_b68c.xlsx | COTIZACIONES_DORALEX_SRL_bb53.xlsx | COTIZACIONES__REMPART_GROUP_2_3578.xlsx
AG-0304,Abanico DE TECHO HUNTER,consu,Electrodomésticos,Units,,,,False,False,False,SHARED,,,,6,13260.0,13875.0,13875.0,NEW_PRODUCT,3,6,CREATE_SHARED_PRODUCT,,MAX,COTIZACIONES_0.2_b68c.xlsx,Cotizacion ASDE1 (6),42,QUOTATION,ABANICO DE TECHO HUNTER,1.0,13875.0,DOP,abanico|techo|hunter,COTIZACIONES_0.2_b68c.xlsx | COTIZACIONES_DORALEX_SRL_bb53.xlsx | COTIZACIONES__REMPART_GROUP_2_3578.xlsx
AG-0305,BOMBA Pedrollo 3/4 HP 110V / 220V,consu,Ferretería,Units,HP,,caliber=3/4,False,False,False,SHARED,,,,6,24650.0,24985.0,24985.0,NEW_PRODUCT,3,6,CREATE_SHARED_PRODUCT,,MAX,COTIZACIONES_0.2_b68c.xlsx,Cotizacion ASDE1 (6),43,QUOTATION,BOMBA PEDROLLO 3/4 HP 110V / 220V,1.0,24985.0,DOP,bomba|pedrollo|3/4|hp|110v|/|220v|3/4,COTIZACIONES_0.2_b68c.xlsx | COTIZACIONES_DORALEX_SRL_bb53.xlsx | COTIZACIONES__REMPART_GROUP_2_3578.xlsx
AG-0306,TANQUE Presurisado METAL 30GL I/f,consu,Ferretería,Units,,,presentation=30 gl,False,False,False,SHARED,,,,7,38760.0,39855.0,39855.0,NEW_PRODUCT,3,7,CREATE_SHARED_PRODUCT,,MAX,COTIZACIONES_0.2_b68c.xlsx,Cotizacion ASDE1 (7),44,QUOTATION,TANQUE PRESURISADO METAL 30GL I/f,1.0,39855.0,DOP,tanque|presurisado|metal|30|gal|i/f|30 gl,COTIZACIONES_0.2_b68c.xlsx | COTIZACIONES_DORALEX_SRL_bb53.xlsx | COTIZACIONES__REMPART_GROUP_2_3578.xlsx
AG-0307,Manometro P/bomba DE AGUA 0-100PSI,consu,Ferretería,Units,,,,False,False,False,SHARED,,,,7,530.0,650.0,650.0,NEW_PRODUCT,3,7,CREATE_SHARED_PRODUCT,,MAX,COTIZACIONES_0.2_b68c.xlsx,Cotizacion ASDE1 (6),45,QUOTATION,MANOMETRO P/BOMBA DE AGUA 0-100PSI,1.0,650.0,DOP,manometro|p/bomba|agua|0-100psi,COTIZACIONES_0.2_b68c.xlsx | COTIZACIONES_DORALEX_SRL_bb53.xlsx | COTIZACIONES__REMPART_GROUP_2_3578.xlsx
AG-0308,T DE 5 VIAS,consu,Ferretería,Units,,,,False,False,False,SHARED,,,,7,1300.0,1500.0,1500.0,NEW_PRODUCT,3,7,CREATE_SHARED_PRODUCT,,MAX,COTIZACIONES_0.2_b68c.xlsx,Cotizacion ASDE1 (6),46,QUOTATION,T DE 5 VIAS,1.0,1500.0,DOP,t|5|vias,COTIZACIONES_0.2_b68c.xlsx | COTIZACIONES_DORALEX_SRL_bb53.xlsx | COTIZACIONES__REMPART_GROUP_2_3578.xlsx
AG-0309,Control D/AIRE,consu,Ferretería,Units,,,,False,False,False,SHARED,,,,7,720.0,835.0,835.0,NEW_PRODUCT,3,7,CREATE_SHARED_PRODUCT,,MAX,COTIZACIONES_0.2_b68c.xlsx,Cotizacion ASDE1 (6),47,QUOTATION,CONTROL D/AIRE,1.0,835.0,DOP,control|d/aire,COTIZACIONES_0.2_b68c.xlsx | COTIZACIONES_DORALEX_SRL_bb53.xlsx | COTIZACIONES__REMPART_GROUP_2_3578.xlsx
AG-0310,Control Automatico LEO,consu,Ferretería,Units,,,,False,False,False,SHARED,,,,6,1960.0,2125.0,2125.0,NEW_PRODUCT,3,6,CREATE_SHARED_PRODUCT,,MAX,COTIZACIONES_0.2_b68c.xlsx,Cotizacion ASDE1 (6),48,QUOTATION,CONTROL AUTOMATICO LEO,1.0,2125.0,DOP,control|automatico|leo,COTIZACIONES_0.2_b68c.xlsx | COTIZACIONES_DORALEX_SRL_bb53.xlsx | COTIZACIONES__REMPART_GROUP_2_3578.xlsx
AG-0311,Conector DE Manguera,consu,Ferretería,Units,,,,False,False,False,SHARED,,,,1,875.0,875.0,875.0,NEW_PRODUCT,1,1,CREATE_SHARED_PRODUCT,,SINGLE,COTIZACIONES_0.2_b68c.xlsx,Cotizacion ASDE1 (6),49,QUOTATION,CONECTOR DE MANGUERA,1.0,875.0,DOP,conector|manguera,COTIZACIONES_0.2_b68c.xlsx
AG-0312,Abanico DE PARED,consu,Electrodomésticos,Units,,,,False,False,False,SHARED,,,,2,6845.0,6845.0,6845.0,NEW_PRODUCT,2,2,CREATE_SHARED_PRODUCT,,SINGLE,COTIZACIONES_0.2_b68c.xlsx,Cotizacion ASDE1 (7),17,QUOTATION,ABANICO DE PARED,14.0,6845.0,DOP,abanico|pared,COTIZACIONES_0.2_b68c.xlsx | COTIZACION_MATERIALES_FERRETERO1_7286.xlsx
AG-0313,Abanico DE TECHO,consu,Electrodomésticos,Units,,,,False,False,False,SHARED,,,,1,13875.0,13875.0,13875.0,NEW_PRODUCT,1,1,CREATE_SHARED_PRODUCT,,SINGLE,COTIZACIONES_0.2_b68c.xlsx,Cotizacion ASDE1 (7),18,QUOTATION,ABANICO DE TECHO,1.0,13875.0,DOP,abanico|techo,COTIZACIONES_0.2_b68c.xlsx
AG-0314,Acrlico AZUL NAVY Ext-int PRO,consu,Ferretería,Units,,,,False,False,False,SHARED,,,,1,2595.5,2595.5,2595.5,NEW_PRODUCT,1,1,CREATE_SHARED_PRODUCT,,SINGLE,COTIZACIONES_0.2_b68c.xlsx,Cotizacion ASDE1 (7),19,QUOTATION,ACRLICO AZUL NAVY EXT-INT PRO,8.0,2595.5,DOP,acrlico|azul|navy|ext-int|pro,COTIZACIONES_0.2_b68c.xlsx
AG-0315,BOMBA TRUPER 3/4 HP 110V / 220V,consu,Herramientas,Units,Truper,,caliber=3/4,False,False,False,SHARED,,,,1,24985.0,24985.0,24985.0,NEW_PRODUCT,1,1,CREATE_SHARED_PRODUCT,,SINGLE,COTIZACIONES_0.2_b68c.xlsx,Cotizacion ASDE1 (7),23,QUOTATION,BOMBA TRUPER 3/4 HP 110V / 220V,1.0,24985.0,DOP,bomba|truper|3/4|hp|110v|/|220v|3/4,COTIZACIONES_0.2_b68c.xlsx
AG-0316,Conector DE Manguera TRUPER,consu,Herramientas,Units,Truper,,,False,False,False,SHARED,,,,1,875.0,875.0,875.0,NEW_PRODUCT,1,1,CREATE_SHARED_PRODUCT,,SINGLE,COTIZACIONES_0.2_b68c.xlsx,Cotizacion ASDE1 (7),24,QUOTATION,CONECTOR DE MANGUERA TRUPER,1.0,875.0,DOP,conector|manguera|truper,COTIZACIONES_0.2_b68c.xlsx
AG-0317,Control Automatico,consu,Ferretería,Units,,,,False,False,False,SHARED,,,,1,2125.0,2125.0,2125.0,NEW_PRODUCT,1,1,CREATE_SHARED_PRODUCT,,SINGLE,COTIZACIONES_0.2_b68c.xlsx,Cotizacion ASDE1 (7),25,QUOTATION,CONTROL AUTOMATICO,1.0,2125.0,DOP,control|automatico,COTIZACIONES_0.2_b68c.xlsx
AG-0318,Pinturatropical ULTRA Esmalte NEGRO MATE,consu,Pinturas,Units,Tropical,,,False,False,False,SHARED,,,,6,2386.5,2565.5,2565.5,NEW_PRODUCT,3,6,CREATE_SHARED_PRODUCT,,MAX,COTIZACIONES_0.2_b68c.xlsx,Cotizacion ASDE1 (7),36,QUOTATION,PINTURATROPICAL ULTRA ESMALTE NEGRO MATE,5.0,2565.5,DOP,pinturatropical|ultra|esmalte|negro|mate,COTIZACIONES_0.2_b68c.xlsx | COTIZACIONES_DORALEX_SRL_bb53.xlsx | COTIZACIONES__REMPART_GROUP_2_3578.xlsx
AG-0319,MADERA BRUTA Americana 1 X 10 X 14,consu,Ferretería,Units,,,,False,False,False,SHARED,,,,7,1135.0,1140.0,1140.0,NEW_PRODUCT,3,7,CREATE_SHARED_PRODUCT,,MAX,COTIZACIONES_0.2_b68c.xlsx,Cotizacion ASDE1 (ataud) (2),16,QUOTATION,MADERA BRUTA AMERICANA 1 X 10 X 14,240.0,1140.0,DOP,madera|bruta|americana|1|x|10|x|14,COTIZACIONES_0.2_b68c.xlsx | COTIZACIONES_DORALEX_SRL_bb53.xlsx | COTIZACIONES__REMPART_GROUP_2_3578.xlsx
AG-0320,PL MDF 3/8 Hidrofugo BRAZIL,consu,Ferretería,Units,,,caliber=3/8,False,False,False,SHARED,,,,13,1650.63,2380.0,2380.0,NEW_PRODUCT,3,13,CREATE_SHARED_PRODUCT,,MAX,COTIZACIONES_0.2_b68c.xlsx,Cotizacion ASDE1 (ataud) (3),17,QUOTATION,PL MDF 3/8 HIDROFUGO BRAZIL,40.0,2380.0,DOP,pl|mdf|3/8|hidrofugo|brazil|3/8,COTIZACIONES_0.2_b68c.xlsx | COTIZACIONES_DORALEX_SRL_bb53.xlsx | COTIZACIONES__REMPART_GROUP_2_3578.xlsx
AG-0321,PL Plywood 1/2 PINO S/CARA,consu,Construcción,Units,,,caliber=1/2,False,False,False,SHARED,,,,12,1750.0,2450.0,2450.0,NEW_PRODUCT,3,12,CREATE_SHARED_PRODUCT,,MAX,COTIZACIONES_0.2_b68c.xlsx,Cotizacion ASDE1 (ataud),18,QUOTATION,PL PLYWOOD 1/2 PINO S/CARA,80.0,2450.0,DOP,pl|plywood|1/2|pino|s/cara|1/2,COTIZACIONES_0.2_b68c.xlsx | COTIZACIONES_DORALEX_SRL_bb53.xlsx | COTIZACIONES__REMPART_GROUP_2_3578.xlsx
AG-0322,PL Plywood 3/8 PINO S/CARA,consu,Construcción,Units,,,caliber=3/8,False,False,False,SHARED,,,,11,1175.0,1895.0,1895.0,NEW_PRODUCT,3,11,CREATE_SHARED_PRODUCT,,MAX,COTIZACIONES_0.2_b68c.xlsx,Cotizacion ASDE1 (ataud),19,QUOTATION,PL PLYWOOD 3/8 PINO S/CARA,80.0,1895.0,DOP,pl|plywood|3/8|pino|s/cara|3/8,COTIZACIONES_0.2_b68c.xlsx | COTIZACIONES_DORALEX_SRL_bb53.xlsx | COTIZACIONES__REMPART_GROUP_2_3578.xlsx
AG-0323,Tropical LACA Natural BRILLO,consu,Ferretería,Gal,Tropical,,,False,False,False,SHARED,,,,10,1490.0,2725.0,2725.0,NEW_PRODUCT,3,10,CREATE_SHARED_PRODUCT,,MAX,COTIZACIONES_0.2_b68c.xlsx,Cotizacion ASDE1 (ataud),21,QUOTATION,TROPICAL LACA NATURAL BRILLO,30.0,2725.0,DOP,tropical|laca|natural|brillo,COTIZACIONES_0.2_b68c.xlsx | COTIZACIONES_DORALEX_SRL_bb53.xlsx | COTIZACIONES__REMPART_GROUP_2_3578.xlsx
AG-0324,Thinner TH-900 Tropical,consu,Pinturas,Gal,Tropical,TH-900,model=TH-900,False,False,False,SHARED,,,,21,406.0,680.0,680.0,NEW_PRODUCT,3,21,CREATE_SHARED_PRODUCT,,MAX,COTIZACIONES_0.2_b68c.xlsx,Cotizacion ASDE1 (ataud),22,QUOTATION,THINNER  TH-900 TROPICAL,30.0,680.0,DOP,thinner|th-900|tropical|TH-900,COTIZACIONES_0.2_b68c.xlsx | COTIZACIONES_DORALEX_SRL_bb53.xlsx | COTIZACIONES__REMPART_GROUP_2_3578.xlsx
AG-0325,Retardador Tropical,consu,Ferretería,Gal,Tropical,,,False,False,False,SHARED,,,,10,1295.95,2600.0,2600.0,NEW_PRODUCT,3,10,CREATE_SHARED_PRODUCT,,MAX,COTIZACIONES__REMPART_GROUP_2_3578.xlsx,COT ASDE (4),24,QUOTATION,RETARDADOR TROPICAL,30.0,2600.0,DOP,retardador|tropical,COTIZACIONES_0.2_b68c.xlsx | COTIZACIONES_DORALEX_SRL_bb53.xlsx | COTIZACIONES__REMPART_GROUP_2_3578.xlsx
AG-0326,PRIMER PARA MADERA BLANCO /relleno POWER RIDER 2014,consu,Ferretería,Gal,,,,False,False,False,SHARED,,,,13,1950.96,3798.0,3798.0,NEW_PRODUCT,3,13,CREATE_SHARED_PRODUCT,,MAX,COTIZACIONES_0.2_b68c.xlsx,Cotizacion ASDE1 (ataud) (3),23,QUOTATION,PRIMER PARA MADERA BLANCO  /RELLENO POWER RIDER 2014,30.0,3798.0,DOP,primer|para|madera|blanco|/relleno|power|rider|2014,COTIZACIONES_0.2_b68c.xlsx | COTIZACIONES_DORALEX_SRL_bb53.xlsx | COTIZACIONES__REMPART_GROUP_2_3578.xlsx
AG-0327,LACA Pigmentada BLANCA Tropical (6159),consu,Ferretería,Gal,Tropical,,,False,False,False,SHARED,,,,11,1184.0,2987.0,2987.0,NEW_PRODUCT,3,11,CREATE_SHARED_PRODUCT,,MAX,COTIZACIONES_0.2_b68c.xlsx,Cotizacion ASDE1 (ataud),25,QUOTATION,LACA PIGMENTADA BLANCA TROPICAL (6159),15.0,2987.0,DOP,laca|pigmentada|blanca|tropical|6159,COTIZACIONES_0.2_b68c.xlsx | COTIZACIONES_DORALEX_SRL_bb53.xlsx | COTIZACIONES__REMPART_GROUP_2_3578.xlsx
AG-0328,CAJA DE CLAVOS F-25 (1),consu,Ferretería,Units,,,,False,False,False,SHARED,,,,11,205.0,415.0,415.0,NEW_PRODUCT,3,11,CREATE_SHARED_PRODUCT,,MAX,COTIZACIONES_0.2_b68c.xlsx,Cotizacion ASDE1 (ataud) (2),29,QUOTATION,CAJA DE CLAVOS F-25 (1),10.0,415.0,DOP,caja|clavos|f-25|1,COTIZACIONES_0.2_b68c.xlsx | COTIZACIONES_DORALEX_SRL_bb53.xlsx | COTIZACIONES__REMPART_GROUP_2_3578.xlsx
AG-0329,GRAPAS PARA Grapadora Neumatica 7/10,consu,Neumáticos,Units,,,caliber=7/10,False,False,False,SHARED,,,,7,205.0,225.0,225.0,NEW_PRODUCT,3,7,CREATE_SHARED_PRODUCT,,MAX,COTIZACIONES_0.2_b68c.xlsx,Cotizacion ASDE1 (ataud) (2),30,QUOTATION,GRAPAS PARA GRAPADORA NEUMATICA 7/10,10.0,225.0,DOP,grapas|para|grapadora|neumatica|7/10|7/10,COTIZACIONES_0.2_b68c.xlsx | COTIZACIONES_DORALEX_SRL_bb53.xlsx | COTIZACIONES__REMPART_GROUP_2_3578.xlsx
AG-0330,PAR Bisagras DE Presion CAOBA AC,consu,Ferretería,Units,,,,False,False,False,SHARED,,,,11,44.5,65.0,65.0,NEW_PRODUCT,3,11,CREATE_SHARED_PRODUCT,,MAX,COTIZACIONES_0.2_b68c.xlsx,Cotizacion ASDE1 (ataud),30,QUOTATION,PAR BISAGRAS DE PRESION CAOBA AC,250.0,65.0,DOP,par|bisagras|presion|caoba|ac,COTIZACIONES_0.2_b68c.xlsx | COTIZACIONES_DORALEX_SRL_bb53.xlsx | COTIZACIONES__REMPART_GROUP_2_3578.xlsx
AG-0331,DISCO DE Pulidora NORTON #50,consu,Ferretería,Units,,,,False,False,False,SHARED,,,,13,85.0,122.4,122.4,NEW_PRODUCT,3,13,CREATE_SHARED_PRODUCT,,MAX,COTIZACIONES_0.2_b68c.xlsx,Cotizacion ASDE1 (ataud) (3),32,QUOTATION,DISCO DE PULIDORA NORTON #50,50.0,122.4,DOP,disco|pulidora|norton|50,COTIZACIONES_0.2_b68c.xlsx | COTIZACIONES_DORALEX_SRL_bb53.xlsx | COTIZACIONES__REMPART_GROUP_2_3578.xlsx
AG-0332,DISCO DE Pulidora NORTON #60,consu,Ferretería,Units,,,,False,False,False,SHARED,,,,13,85.0,122.4,122.4,NEW_PRODUCT,3,13,CREATE_SHARED_PRODUCT,,MAX,COTIZACIONES_0.2_b68c.xlsx,Cotizacion ASDE1 (ataud) (3),33,QUOTATION,DISCO DE PULIDORA NORTON #60,50.0,122.4,DOP,disco|pulidora|norton|60,COTIZACIONES_0.2_b68c.xlsx | COTIZACIONES_DORALEX_SRL_bb53.xlsx | COTIZACIONES__REMPART_GROUP_2_3578.xlsx
AG-0333,DISCO DE Pulidora NORTON #80,consu,Ferretería,Units,,,,False,False,False,SHARED,,,,13,85.0,122.4,122.4,NEW_PRODUCT,3,13,CREATE_SHARED_PRODUCT,,MAX,COTIZACIONES_0.2_b68c.xlsx,Cotizacion ASDE1 (ataud) (3),34,QUOTATION,DISCO DE PULIDORA NORTON #80,50.0,122.4,DOP,disco|pulidora|norton|80,COTIZACIONES_0.2_b68c.xlsx | COTIZACIONES_DORALEX_SRL_bb53.xlsx | COTIZACIONES__REMPART_GROUP_2_3578.xlsx
AG-0334,DISCO DE Pulidora NORTON #100,consu,Ferretería,Units,,,,False,False,False,SHARED,,,,13,85.0,122.4,122.4,NEW_PRODUCT,3,13,CREATE_SHARED_PRODUCT,,MAX,COTIZACIONES_0.2_b68c.xlsx,Cotizacion ASDE1 (ataud) (3),35,QUOTATION,DISCO DE PULIDORA NORTON #100,50.0,122.4,DOP,disco|pulidora|norton|100,COTIZACIONES_0.2_b68c.xlsx | COTIZACIONES_DORALEX_SRL_bb53.xlsx | COTIZACIONES__REMPART_GROUP_2_3578.xlsx
AG-0335,PLIEGO DE LIJA Esmeril NORTON #100,consu,Ferretería,Units,,,,False,False,False,SHARED,,,,8,45.1,68.5,68.5,NEW_PRODUCT,3,8,CREATE_SHARED_PRODUCT,,MAX,COTIZACIONES_0.2_b68c.xlsx,Cotizacion ASDE1 (ataud),36,QUOTATION,PLIEGO DE LIJA ESMERIL NORTON #100,100.0,68.5,DOP,pliego|lija|esmeril|norton|100,COTIZACIONES_0.2_b68c.xlsx | COTIZACIONES_DORALEX_SRL_bb53.xlsx | COTIZACIONES__REMPART_GROUP_2_3578.xlsx
AG-0336,LIJA AGUA Deerfos #240 AC768,consu,Ferretería,Units,,AC768,model=AC768,False,False,False,SHARED,,,,8,45.1,68.5,68.5,NEW_PRODUCT,3,8,CREATE_SHARED_PRODUCT,,MAX,COTIZACIONES_0.2_b68c.xlsx,Cotizacion ASDE1 (ataud),38,QUOTATION,LIJA AGUA DEERFOS #240 AC768,100.0,68.5,DOP,lija|agua|deerfos|240|ac768|AC768,COTIZACIONES_0.2_b68c.xlsx | COTIZACIONES_DORALEX_SRL_bb53.xlsx | COTIZACIONES__REMPART_GROUP_2_3578.xlsx
AG-0337,LIJA AGUA Deerfos #120 CC768,consu,Ferretería,Units,,CC768,model=CC768,False,False,False,SHARED,,,,8,100.6,125.0,125.0,NEW_PRODUCT,3,8,CREATE_SHARED_PRODUCT,,MAX,COTIZACIONES__REMPART_GROUP_2_3578.xlsx,COT ASDE (4),40,QUOTATION,LIJA AGUA DEERFOS #120 CC768,100.0,125.0,DOP,lija|agua|deerfos|120|cc768|CC768,COTIZACIONES_0.2_b68c.xlsx | COTIZACIONES_DORALEX_SRL_bb53.xlsx | COTIZACIONES__REMPART_GROUP_2_3578.xlsx
AG-0338,Tornillos 8X1 FMB P/diablito,consu,Ferretería,Units,,,,False,False,False,SHARED,,,,9,1975.12,3662.0,3662.0,NEW_PRODUCT,3,9,CREATE_SHARED_PRODUCT,,MAX,COTIZACIONES_0.2_b68c.xlsx,Cotizacion ASDE1 (ataud) (3),37,QUOTATION,TORNILLOS 8X1 FMB P/DIABLITO,5.0,3662.0,DOP,tornillos|8x1|fmb|p/diablito,COTIZACIONES_0.2_b68c.xlsx | COTIZACIONES_DORALEX_SRL_bb53.xlsx | COTIZACIONES__REMPART_GROUP_2_3578.xlsx
AG-0339,MANIJA TIPO PUNO PARA ATAUD,consu,Ferretería,Units,,,,False,False,False,SHARED,,,,11,411.4,730.0,730.0,NEW_PRODUCT,3,11,CREATE_SHARED_PRODUCT,,MAX,COTIZACIONES_0.2_b68c.xlsx,Cotizacion ASDE1 (ataud),45,QUOTATION,MANIJA TIPO PUNO PARA ATAUD,200.0,730.0,DOP,manija|tipo|puno|para|ataud,COTIZACIONES_0.2_b68c.xlsx | COTIZACIONES_DORALEX_SRL_bb53.xlsx | COTIZACIONES__REMPART_GROUP_2_3578.xlsx
AG-0340,1/4 PASTA Acrilica CANO BLANCA (32 OZ),consu,Ferretería,Units,Cano,,caliber=1/4,False,False,False,SHARED,,,,7,400.49,790.0,790.0,NEW_PRODUCT,3,7,CREATE_SHARED_PRODUCT,,MAX,COTIZACIONES_0.2_b68c.xlsx,Cotizacion ASDE1 (ataud) (2),41,QUOTATION,1/4 PASTA ACRILICA CANO BLANCA  (32 OZ),15.0,790.0,DOP,1/4|pasta|acrilica|cano|blanca|32|oz|1/4,COTIZACIONES_0.2_b68c.xlsx | COTIZACIONES_DORALEX_SRL_bb53.xlsx | COTIZACIONES__REMPART_GROUP_2_3578.xlsx
AG-0341,1/4 PASTA Acrilica CANO CAOBA (32 OZ),consu,Ferretería,Units,Cano,,caliber=1/4,False,False,False,SHARED,,,,3,400.49,400.49,400.49,NEW_PRODUCT,2,3,CREATE_SHARED_PRODUCT,,MAX,COTIZACIONES_0.2_b68c.xlsx,Cotizacion ASDE1 (8),43,QUOTATION,1/4 PASTA ACRILICA CANO CAOBA (32 OZ),25.0,400.49,DOP,1/4|pasta|acrilica|cano|caoba|32|oz|1/4,COTIZACIONES_0.2_b68c.xlsx | COTIZACIONES__REMPART_GROUP_2_3578.xlsx
AG-0342,Mascarilla Respirador PARA Particulas,consu,Ferretería,Units,,,,False,False,False,SHARED,,,,9,200.16,320.0,320.0,NEW_PRODUCT,3,9,CREATE_SHARED_PRODUCT,,MAX,COTIZACIONES_0.2_b68c.xlsx,Cotizacion ASDE1 (ataud),51,QUOTATION,MASCARILLA RESPIRADOR PARA PARTICULAS,3.0,320.0,DOP,mascarilla|respirador|para|particulas,COTIZACIONES_0.2_b68c.xlsx | COTIZACIONES_DORALEX_SRL_bb53.xlsx | COTIZACIONES__REMPART_GROUP_2_3578.xlsx
AG-0343,Protector Auditivo 100/1,consu,Ferretería,Units,,,caliber=100/1,False,False,False,SHARED,,,,8,4989.89,7890.0,7890.0,NEW_PRODUCT,3,8,CREATE_SHARED_PRODUCT,,MAX,COTIZACIONES_0.2_b68c.xlsx,Cotizacion ASDE1 (ataud),53,QUOTATION,PROTECTOR AUDITIVO 100/1,2.0,7890.0,DOP,protector|auditivo|100/1|100/1,COTIZACIONES_0.2_b68c.xlsx | COTIZACIONES_DORALEX_SRL_bb53.xlsx | COTIZACIONES__REMPART_GROUP_2_3578.xlsx
AG-0344,PAPEL Plastico EN ROLLO 18X15000 Stretch FILM,consu,Oficina,Units,,,,False,False,False,SHARED,,,,6,900.01,975.0,975.0,NEW_PRODUCT,3,6,CREATE_SHARED_PRODUCT,,MAX,COTIZACIONES_0.2_b68c.xlsx,Cotizacion ASDE1 (ataud) (2),44,QUOTATION,PAPEL PLASTICO EN ROLLO 18X15000 STRETCH FILM,10.0,975.0,DOP,papel|plastico|rollo|18x15000|stretch|film,COTIZACIONES_0.2_b68c.xlsx | COTIZACIONES_DORALEX_SRL_bb53.xlsx | COTIZACIONES__REMPART_GROUP_2_3578.xlsx
AG-0345,ESTOPA DE LUSTRE LB,consu,Ferretería,lb,,,,False,False,False,SHARED,,,,4,125.0,160.0,160.0,NEW_PRODUCT,3,4,CREATE_SHARED_PRODUCT,,MAX,COTIZACIONES_DORALEX_SRL_bb53.xlsx,Cotizacion (68),35,QUOTATION,ESTOPA DE LUSTRE LB,25.0,160.0,DOP,estopa|lustre|lb,COTIZACIONES_0.2_b68c.xlsx | COTIZACIONES_DORALEX_SRL_bb53.xlsx | COTIZACIONES__REMPART_GROUP_2_3578.xlsx
AG-0346,Uniforme TIPO OVEROL SIZE (8 L Y 4 M),consu,Ferretería,Units,,,presentation=8 l,False,False,False,SHARED,,,,4,2185.6,2250.34,2250.34,NEW_PRODUCT,3,4,CREATE_SHARED_PRODUCT,,MAX,COTIZACIONES_0.2_b68c.xlsx,Cotizacion ASDE1 (8),50,QUOTATION,UNIFORME TIPO OVEROL SIZE (8 L Y 4 M),12.0,2250.34,DOP,uniforme|tipo|overol|size|8|l|4|m|8 l,COTIZACIONES_0.2_b68c.xlsx | COTIZACIONES_DORALEX_SRL_bb53.xlsx | COTIZACIONES__REMPART_GROUP_2_3578.xlsx
AG-0347,"PUNTA P/ DES. #3 2"" 5/1 TRUPER COD.12149",consu,Herramientas,Units,Truper,,"size=2"" caliber=5/1",False,False,False,SHARED,,,,6,275.19,275.19,275.19,NEW_PRODUCT,2,6,CREATE_SHARED_PRODUCT,,MAX,COTIZACIONES_0.2_b68c.xlsx,Cotizacion ASDE1 (8),51,QUOTATION,"PUNTA P/ DES. #3  2""  5/1 TRUPER  COD.12149",20.0,275.19,DOP,"punta|p/|des.|3|2""|5/1|truper|cod.12149|5/1|2""",COTIZACIONES_0.2_b68c.xlsx | COTIZACIONES__REMPART_GROUP_2_3578.xlsx
AG-0348,"PUNTA PARA DES #2 2"" TRUPER 5/1 COD.12147",consu,Herramientas,Units,Truper,,"size=2"" caliber=5/1",False,False,False,SHARED,,,,6,255.75,255.75,255.75,NEW_PRODUCT,2,6,CREATE_SHARED_PRODUCT,,MAX,COTIZACIONES_0.2_b68c.xlsx,Cotizacion ASDE1 (8),52,QUOTATION,"PUNTA PARA DES #2 2"" TRUPER 5/1 COD.12147",20.0,255.75,DOP,"punta|para|des|2|2""|truper|5/1|cod.12147|5/1|2""",COTIZACIONES_0.2_b68c.xlsx | COTIZACIONES__REMPART_GROUP_2_3578.xlsx
AG-0349,PINZA DE CORTE Diagonal 8,consu,Ferretería,Units,,,,False,False,False,SHARED,,,,4,665.46,680.9,680.9,NEW_PRODUCT,3,4,CREATE_SHARED_PRODUCT,,MAX,COTIZACIONES_DORALEX_SRL_bb53.xlsx,Cotizacion (68),51,QUOTATION,PINZA DE CORTE DIAGONAL 8,2.0,680.9,DOP,pinza|corte|diagonal|8,COTIZACIONES_0.2_b68c.xlsx | COTIZACIONES_DORALEX_SRL_bb53.xlsx | COTIZACIONES__REMPART_GROUP_2_3578.xlsx
AG-0350,Destor. PLANO 1/4X4 TRUPER 13998,consu,Herramientas,Units,Truper,,,False,False,False,SHARED,,,,3,204.89,204.89,204.89,NEW_PRODUCT,2,3,CREATE_SHARED_PRODUCT,,MAX,COTIZACIONES_0.2_b68c.xlsx,Cotizacion ASDE1 (8),54,QUOTATION,DESTOR. PLANO 1/4X4 TRUPER 13998,3.0,204.89,DOP,destor.|plano|1/4x4|truper|13998,COTIZACIONES_0.2_b68c.xlsx | COTIZACIONES__REMPART_GROUP_2_3578.xlsx
AG-0351,Destor. STRIA 1/4X4 TRUPER 14076,consu,Herramientas,Units,Truper,,,False,False,False,SHARED,,,,3,211.1,211.1,211.1,NEW_PRODUCT,2,3,CREATE_SHARED_PRODUCT,,MAX,COTIZACIONES_0.2_b68c.xlsx,Cotizacion ASDE1 (8),55,QUOTATION,DESTOR. STRIA 1/4X4 TRUPER 14076,3.0,211.1,DOP,destor.|stria|1/4x4|truper|14076,COTIZACIONES_0.2_b68c.xlsx | COTIZACIONES__REMPART_GROUP_2_3578.xlsx
AG-0352,Martillo TRUPER 16OZ MAR-16 19710,consu,Herramientas,Units,Truper,,,False,False,False,SHARED,,,,4,885.98,985.0,985.0,NEW_PRODUCT,2,4,CREATE_SHARED_PRODUCT,,MAX,COTIZACIONES_0.2_b68c.xlsx,Cotizacion ASDE,92,QUOTATION,MARTILLO TRUPER 16OZ MAR-16 19710,30.0,985.0,DOP,martillo|truper|16oz|mar-16|19710,COTIZACIONES_0.2_b68c.xlsx | COTIZACIONES__REMPART_GROUP_2_3578.xlsx
AG-0353,Martillo TRUPER 07OZ MA-7 16750,consu,Herramientas,Units,Truper,,,False,False,False,SHARED,,,,3,823.28,823.28,823.28,NEW_PRODUCT,2,3,CREATE_SHARED_PRODUCT,,MAX,COTIZACIONES_0.2_b68c.xlsx,Cotizacion ASDE1 (8),57,QUOTATION,MARTILLO TRUPER 07OZ MA-7 16750,1.0,823.28,DOP,martillo|truper|07oz|ma-7|16750,COTIZACIONES_0.2_b68c.xlsx | COTIZACIONES__REMPART_GROUP_2_3578.xlsx
AG-0354,"Alicate DE Presion 10"" TRUPER",consu,Herramientas,Units,Truper,,"size=10""",False,False,False,SHARED,,,,3,1050.95,1050.95,1050.95,NEW_PRODUCT,2,3,CREATE_SHARED_PRODUCT,,MAX,COTIZACIONES_0.2_b68c.xlsx,Cotizacion ASDE1 (8),58,QUOTATION,"ALICATE DE PRESION 10"" TRUPER",2.0,1050.95,DOP,"alicate|presion|10""|truper|10""",COTIZACIONES_0.2_b68c.xlsx | COTIZACIONES__REMPART_GROUP_2_3578.xlsx
AG-0355,JUEGO DE LLAVE ALLEN TRUPER 15556,consu,Herramientas,Units,Truper,,,False,False,False,SHARED,,,,4,590.91,690.0,690.0,NEW_PRODUCT,2,4,CREATE_SHARED_PRODUCT,,MAX,COTIZACIONES_0.2_b68c.xlsx,Cotizacion ASDE,82,QUOTATION,JUEGO DE LLAVE ALLEN TRUPER 15556,5.0,690.0,DOP,juego|llave|allen|truper|15556,COTIZACIONES_0.2_b68c.xlsx | COTIZACIONES__REMPART_GROUP_2_3578.xlsx
AG-0356,MARCO DE Segueta TRUPER,consu,Herramientas,Units,Truper,,,False,False,False,SHARED,,,,3,650.06,650.06,650.06,NEW_PRODUCT,2,3,CREATE_SHARED_PRODUCT,,MAX,COTIZACIONES_0.2_b68c.xlsx,Cotizacion ASDE1 (8),60,QUOTATION,MARCO DE SEGUETA TRUPER,2.0,650.06,DOP,marco|segueta|truper,COTIZACIONES_0.2_b68c.xlsx | COTIZACIONES__REMPART_GROUP_2_3578.xlsx
AG-0357,"DISCO DE CORTE MADERA Stanley 10"" 40T",consu,Ferretería,Units,,,"size=10""",False,False,False,SHARED,,,,7,2000.08,2030.0,2030.0,NEW_PRODUCT,3,7,CREATE_SHARED_PRODUCT,,MAX,COTIZACIONES_DORALEX_SRL_bb53.xlsx,Cotizacion (68),29,QUOTATION,"DISCO DE CORTE MADERA STANLEY 10""  40T",2.0,2030.0,DOP,"disco|corte|madera|stanley|10""|40t|10""",COTIZACIONES_0.2_b68c.xlsx | COTIZACIONES_DORALEX_SRL_bb53.xlsx | COTIZACIONES__REMPART_GROUP_2_3578.xlsx
AG-0358,"DISCO DE CORTE Stanley 12"" 40T",consu,Ferretería,Units,,,"size=12""",False,False,False,SHARED,,,,9,1886.7,1975.6,1975.6,NEW_PRODUCT,3,9,CREATE_SHARED_PRODUCT,,MAX,COTIZACIONES_0.2_b68c.xlsx,Cotizacion ASDE1 (ataud) (3),52,QUOTATION,"DISCO DE CORTE STANLEY 12""  40T",1.0,1975.6,DOP,"disco|corte|stanley|12""|40t|12""",COTIZACIONES_0.2_b68c.xlsx | COTIZACIONES_DORALEX_SRL_bb53.xlsx | COTIZACIONES__REMPART_GROUP_2_3578.xlsx
AG-0359,Adaptadoe DE RUTER DE 1/2 A UN 1/4,consu,Ferretería,Units,,,caliber=1/2,False,False,False,SHARED,,,,4,900.04,945.6,945.6,NEW_PRODUCT,3,4,CREATE_SHARED_PRODUCT,,MAX,COTIZACIONES_DORALEX_SRL_bb53.xlsx,Cotizacion (68),18,QUOTATION,ADAPTADOE DE RUTER DE 1/2 A UN 1/4,1.0,945.6,DOP,adaptadoe|ruter|1/2|a|un|1/4|1/2,COTIZACIONES_0.2_b68c.xlsx | COTIZACIONES_DORALEX_SRL_bb53.xlsx | COTIZACIONES__REMPART_GROUP_2_3578.xlsx
AG-0360,Pistola PARA PINTAR TRUPER COD.1900,consu,Herramientas,Units,Truper,,,False,False,False,SHARED,,,,4,2850.0,2890.0,2890.0,NEW_PRODUCT,3,4,CREATE_SHARED_PRODUCT,,MAX,COTIZACIONES_DORALEX_SRL_bb53.xlsx,Cotizacion (68),52,QUOTATION,PISTOLA PARA PINTAR TRUPER COD.1900,1.0,2890.0,DOP,pistola|para|pintar|truper|cod.1900,COTIZACIONES_0.2_b68c.xlsx | COTIZACIONES_DORALEX_SRL_bb53.xlsx | COTIZACIONES__REMPART_GROUP_2_3578.xlsx
AG-0361,CINTA Metrica 5MTS TRUPER 15388,consu,Herramientas,Units,Truper,,,False,False,False,SHARED,,,,3,745.0,745.0,745.0,NEW_PRODUCT,2,3,CREATE_SHARED_PRODUCT,,MAX,COTIZACIONES_0.2_b68c.xlsx,Cotizacion ASDE1 (8),65,QUOTATION,CINTA METRICA 5MTS TRUPER 15388,5.0,745.0,DOP,cinta|metrica|5mts|truper|15388,COTIZACIONES_0.2_b68c.xlsx | COTIZACIONES__REMPART_GROUP_2_3578.xlsx
AG-0362,GUANTE GOMA NEGRO IND (10L Y 10M),consu,Neumáticos,Units,,,presentation=10 l,False,False,False,SHARED,,,,4,270.0,285.0,285.0,NEW_PRODUCT,3,4,CREATE_SHARED_PRODUCT,,MAX,COTIZACIONES_DORALEX_SRL_bb53.xlsx,Cotizacion (68),38,QUOTATION,GUANTE GOMA NEGRO IND (10L Y 10M),20.0,285.0,DOP,guante|goma|negro|ind|10l|10m|10 l,COTIZACIONES_0.2_b68c.xlsx | COTIZACIONES_DORALEX_SRL_bb53.xlsx | COTIZACIONES__REMPART_GROUP_2_3578.xlsx
AG-0363,GUANTE OBRERO Naranja TRUPER 14246,consu,Herramientas,Units,Truper,,,False,False,False,SHARED,,,,4,560.0,595.0,595.0,NEW_PRODUCT,3,4,CREATE_SHARED_PRODUCT,,MAX,COTIZACIONES_DORALEX_SRL_bb53.xlsx,Cotizacion (68),39,QUOTATION,GUANTE OBRERO NARANJA TRUPER 14246,10.0,595.0,DOP,guante|obrero|naranja|truper|14246,COTIZACIONES_0.2_b68c.xlsx | COTIZACIONES_DORALEX_SRL_bb53.xlsx | COTIZACIONES__REMPART_GROUP_2_3578.xlsx
AG-0364,Proteccion Auditiva TRUPER 14257,consu,Herramientas,Units,Truper,,,False,False,False,SHARED,,,,3,996.0,996.0,996.0,NEW_PRODUCT,2,3,CREATE_SHARED_PRODUCT,,MAX,COTIZACIONES_0.2_b68c.xlsx,Cotizacion ASDE1 (8),68,QUOTATION,PROTECCION AUDITIVA TRUPER 14257,10.0,996.0,DOP,proteccion|auditiva|truper|14257,COTIZACIONES_0.2_b68c.xlsx | COTIZACIONES__REMPART_GROUP_2_3578.xlsx
AG-0365,Acondicionamiento De Techo Con Mortero,consu,Ferretería,m²,,,,False,False,False,SHARED,,,,1,72.35,72.35,72.35,NEW_PRODUCT,1,1,CREATE_SHARED_PRODUCT,,SINGLE,COTIZACIONES_0.2_b68c.xlsx,Cotizacion PROA,18,QUOTATION,Acondicionamiento de techo con mortero,230.56,72.35,DOP,acondicionamiento|techo|mortero,COTIZACIONES_0.2_b68c.xlsx
AG-0366,Impermiabilizante,consu,Ferretería,Units,,,,False,False,False,SHARED,,,,2,,,,NEW_PRODUCT,2,2,MANUAL_REVIEW,MISSING_VALID_PRICE,NO_PRICE,,,,,,,,,impermiabilizante,COTIZACIONES_0.2_b68c.xlsx | COTIZACIONES__REMPART_GROUP_2_3578.xlsx
AG-0367,"Impermiabilizacion De Techo, A Base De Lona Asfaltica 4kg Granular (5mm) De Espesor Y",consu,Ferretería,m²,,,presentation=4 kg,False,False,False,SHARED,,,,2,1250.0,,,NEW_PRODUCT,2,2,MANUAL_REVIEW,PRICE_OUTLIER_REVIEW;MISSING_VALID_PRICE,PRICE_OUTLIER_REVIEW,,,,,,,,,impermiabilizacion|techo|a|base|lona|asfaltica|4|kg|4 kg,COTIZACIONES_0.2_b68c.xlsx | COTIZACIONES__REMPART_GROUP_2_3578.xlsx
AG-0368,Ventana Y Puerta,consu,Ferretería,Units,,,,False,False,False,SHARED,,,,2,,,,NEW_PRODUCT,2,2,MANUAL_REVIEW,MISSING_VALID_PRICE,NO_PRICE,,,,,,,,,ventana|puerta,COTIZACIONES_0.2_b68c.xlsx | COTIZACIONES__REMPART_GROUP_2_3578.xlsx
AG-0369,Puerta Comercial 2.10X2 M Con Dintel Y Panos Fijo Laterales,consu,Ferretería,Units,,,,False,False,False,SHARED,,,,2,82500.0,125800.0,125800.0,NEW_PRODUCT,2,2,CREATE_SHARED_PRODUCT,,MAX,COTIZACIONES__REMPART_GROUP_2_3578.xlsx,PRESUPUESTO,21,QUOTATION,Puerta comercial 2.10X2 m con Dintel y panos fijo laterales en sheetrock,125800.0,125800.0,DOP,puerta|comercial|2.10x2|m|dintel|panos|fijo|laterales,COTIZACIONES_0.2_b68c.xlsx | COTIZACIONES__REMPART_GROUP_2_3578.xlsx
AG-0370,Puerta Polimetal 2.10x1 M,consu,Ferretería,Units,,,,False,False,False,SHARED,,,,2,12000.0,,,NEW_PRODUCT,2,2,MANUAL_REVIEW,PRICE_OUTLIER_REVIEW;MISSING_VALID_PRICE,PRICE_OUTLIER_REVIEW,,,,,,,,,puerta|polimetal|2.10x1|m,COTIZACIONES_0.2_b68c.xlsx | COTIZACIONES__REMPART_GROUP_2_3578.xlsx
AG-0371,Puerta Polimetal 2.10x0.90 M,consu,Ferretería,Units,,,,False,False,False,SHARED,,,,2,11500.0,20000.0,20000.0,NEW_PRODUCT,2,2,CREATE_SHARED_PRODUCT,,MAX,COTIZACIONES__REMPART_GROUP_2_3578.xlsx,PRESUPUESTO,23,QUOTATION,Puerta polimetal 2.10x0.90 m,20000.0,20000.0,DOP,puerta|polimetal|2.10x0.90|m,COTIZACIONES_0.2_b68c.xlsx | COTIZACIONES__REMPART_GROUP_2_3578.xlsx
AG-0372,Ventana Salomonica AA 1.10X1.30 M,consu,Ferretería,Units,,,,False,False,False,SHARED,,,,1,8200.0,8200.0,8200.0,NEW_PRODUCT,1,1,CREATE_SHARED_PRODUCT,,SINGLE,COTIZACIONES_0.2_b68c.xlsx,Cotizacion PROA,28,QUOTATION,Ventana Salomonica AA 1.10X1.30 m,1.0,8200.0,DOP,ventana|salomonica|aa|1.10x1.30|m,COTIZACIONES_0.2_b68c.xlsx
AG-0373,Ventana Salomonica AA 1.50X1.60 M,consu,Ferretería,Units,,,,False,False,False,SHARED,,,,1,10850.0,10850.0,10850.0,NEW_PRODUCT,1,1,CREATE_SHARED_PRODUCT,,SINGLE,COTIZACIONES_0.2_b68c.xlsx,Cotizacion PROA,29,QUOTATION,Ventana Salomonica AA 1.50X1.60 m,3.0,10850.0,DOP,ventana|salomonica|aa|1.50x1.60|m,COTIZACIONES_0.2_b68c.xlsx
AG-0374,Ventana Salomonica AA 1X1.60 M,consu,Ferretería,Units,,,,False,False,False,SHARED,,,,1,8500.0,8500.0,8500.0,NEW_PRODUCT,1,1,CREATE_SHARED_PRODUCT,,SINGLE,COTIZACIONES_0.2_b68c.xlsx,Cotizacion PROA,30,QUOTATION,Ventana Salomonica AA 1X1.60 m,1.0,8500.0,DOP,ventana|salomonica|aa|1x1.60|m,COTIZACIONES_0.2_b68c.xlsx
AG-0375,Ventana Salomonica AA 1.50X1.50 M,consu,Ferretería,Units,,,,False,False,False,SHARED,,,,1,9400.0,9400.0,9400.0,NEW_PRODUCT,1,1,CREATE_SHARED_PRODUCT,,SINGLE,COTIZACIONES_0.2_b68c.xlsx,Cotizacion PROA,31,QUOTATION,Ventana Salomonica AA 1.50X1.50 m,1.0,9400.0,DOP,ventana|salomonica|aa|1.50x1.50|m,COTIZACIONES_0.2_b68c.xlsx
AG-0376,Ventana Salomonica AA 1.60X1.60 M,consu,Ferretería,Units,,,,False,False,False,SHARED,,,,1,12750.0,12750.0,12750.0,NEW_PRODUCT,1,1,CREATE_SHARED_PRODUCT,,SINGLE,COTIZACIONES_0.2_b68c.xlsx,Cotizacion PROA,32,QUOTATION,Ventana Salomonica AA 1.60X1.60 m,1.0,12750.0,DOP,ventana|salomonica|aa|1.60x1.60|m,COTIZACIONES_0.2_b68c.xlsx
AG-0377,Muro (pandereta) En Sheetrock,consu,Ferretería,m²,,,,False,False,False,SHARED,,,,1,2100.0,2100.0,2100.0,NEW_PRODUCT,1,1,CREATE_SHARED_PRODUCT,,SINGLE,COTIZACIONES_0.2_b68c.xlsx,Cotizacion PROA,36,QUOTATION,Muro (Pandereta) en Sheetrock,226.0,2100.0,DOP,muro|pandereta|sheetrock,COTIZACIONES_0.2_b68c.xlsx
AG-0378,Mocheta Y Canto Muro (pandereta) En Sheetrock,consu,Ferretería,Units,,,,False,False,False,SHARED,,,,1,1050.0,1050.0,1050.0,NEW_PRODUCT,1,1,CREATE_SHARED_PRODUCT,,SINGLE,COTIZACIONES_0.2_b68c.xlsx,Cotizacion PROA,37,QUOTATION,Mocheta y canto Muro (Pandereta) en Sheetrock,21.0,1050.0,DOP,mocheta|canto|muro|pandereta|sheetrock,COTIZACIONES_0.2_b68c.xlsx
AG-0379,Pintura,consu,Pinturas,Units,,,,False,False,False,SHARED,,,,3,198.9,198.9,198.9,NEW_PRODUCT,3,3,CREATE_SHARED_PRODUCT,,SINGLE,COTIZACIONES_DORALEX_SRL_bb53.xlsx,Cotizacion 40,29,QUOTATION,Pintura,14.4,198.9,DOP,pintura,COTIZACIONES_0.2_b68c.xlsx | COTIZACIONES_DORALEX_SRL_bb53.xlsx | COTIZACIONES__REMPART_GROUP_2_3578.xlsx
AG-0380,Pintura Semi-gloss (dos Manos),consu,Pinturas,m²,,,,False,False,False,SHARED,,,,1,250.0,250.0,250.0,NEW_PRODUCT,1,1,CREATE_SHARED_PRODUCT,,SINGLE,COTIZACIONES_0.2_b68c.xlsx,Cotizacion PROA,40,QUOTATION,Pintura semi-Gloss (Dos Manos),215.2,250.0,DOP,pintura|semi-gloss|dos|manos,COTIZACIONES_0.2_b68c.xlsx
AG-0381,Supervision,consu,Ferretería,Units,,,,False,False,False,SHARED,,,,3,11462.8102,84066.35,84066.35,NEW_PRODUCT,3,3,CREATE_SHARED_PRODUCT,,MAX,COTIZACIONES__REMPART_GROUP_2_3578.xlsx,PRESUPUESTO,42,QUOTATION,SUPERVISION,,84066.35,DOP,supervision,COTIZACIONES_0.2_b68c.xlsx | COTIZACIONES_DORALEX_SRL_bb53.xlsx | COTIZACIONES__REMPART_GROUP_2_3578.xlsx
AG-0382,CODIA,consu,Ferretería,Units,,,,False,False,False,SHARED,,,,3,11462.8102,16813.27,16813.27,NEW_PRODUCT,3,3,CREATE_SHARED_PRODUCT,,MAX,COTIZACIONES__REMPART_GROUP_2_3578.xlsx,PRESUPUESTO,40,QUOTATION,CODIA,,16813.27,DOP,codia,COTIZACIONES_0.2_b68c.xlsx | COTIZACIONES_DORALEX_SRL_bb53.xlsx | COTIZACIONES__REMPART_GROUP_2_3578.xlsx
AG-0383,LEY 686,consu,Ferretería,Units,,,,False,False,False,SHARED,,,,2,11462.8102,11462.8102,11462.8102,NEW_PRODUCT,2,2,CREATE_SHARED_PRODUCT,,SINGLE,COTIZACIONES_0.2_b68c.xlsx,Cotizacion PROA,50,QUOTATION,LEY 686,1.0,11462.8102,DOP,ley|686,COTIZACIONES_0.2_b68c.xlsx | COTIZACIONES_DORALEX_SRL_bb53.xlsx
AG-0384,2812013 Recogedor LINDA C/PALO PALOS 32 PULG LINDA,consu,Ferretería,Units,LG,,"size=32""",False,False,False,SHARED,,,,3,250.0,250.0,250.0,NEW_PRODUCT,2,3,CREATE_SHARED_PRODUCT,,MAX,COTIZACIONES_0.2_b68c.xlsx,Cotizacion 5 (29),16,QUOTATION,2812013 RECOGEDOR LINDA C/PALO  PALOS 32 PULG LINDA,300.0,250.0,DOP,"2812013|recogedor|linda|c/palo|palos|32|pulg|linda|32""",COTIZACIONES_0.2_b68c.xlsx | COTIZACIONES_DORALEX_SRL_bb53.xlsx
AG-0385,BOTA DE GOMA DEL #39 AL #45 LARGA NEGRA Dinosaurio,consu,Neumáticos,Units,,,,False,False,False,SHARED,,,,7,889.2,980.0,980.0,NEW_PRODUCT,2,7,CREATE_SHARED_PRODUCT,,MAX,COTIZACIONES_DORALEX_SRL_bb53.xlsx,Cotizacion (81),20,QUOTATION,BOTA DE GOMA DEL #39 AL #45 LARGA NEGRA DINOSAURIO,100.0,980.0,DOP,bota|goma|39|al|45|larga|negra|dinosaurio,COTIZACIONES_0.2_b68c.xlsx | COTIZACIONES_DORALEX_SRL_bb53.xlsx
AG-0386,CAPA P/AGUA 1 PZA Amarilla,consu,Ferretería,Units,,,,False,False,False,SHARED,,,,8,490.0,875.0,875.0,NEW_PRODUCT,2,8,CREATE_SHARED_PRODUCT,,MAX,COTIZACIONES_DORALEX_SRL_bb53.xlsx,Cotizacion (93),34,QUOTATION,CAPA P/AGUA 1 PZA AMARILLA,60.0,875.0,DOP,capa|p/agua|1|pza|amarilla,COTIZACIONES_0.2_b68c.xlsx | COTIZACIONES_DORALEX_SRL_bb53.xlsx
AG-0387,CASCO Seguridad BLANCO 201758 CLIMAX,consu,Ferretería,Units,,,,False,False,False,SHARED,,,,5,460.0,565.0,565.0,NEW_PRODUCT,2,5,CREATE_SHARED_PRODUCT,,MAX,COTIZACIONES_DORALEX_SRL_bb53.xlsx,Cotizacion (93),19,QUOTATION,CASCO SEGURIDAD BLANCO  201758 CLIMAX,20.0,565.0,DOP,casco|seguridad|blanco|201758|climax,COTIZACIONES_0.2_b68c.xlsx | COTIZACIONES_DORALEX_SRL_bb53.xlsx
AG-0388,Chaleco REFLEC SEG MAMEY (L),consu,Ferretería,Units,,,,False,False,False,SHARED,,,,2,208.0,208.0,208.0,NEW_PRODUCT,1,2,CREATE_SHARED_PRODUCT,,MAX,COTIZACIONES_0.2_b68c.xlsx,Cotizacion 5 (29),21,QUOTATION,CHALECO REFLEC SEG MAMEY (L),1000.0,208.0,DOP,chaleco|reflec|seg|mamey|l,COTIZACIONES_0.2_b68c.xlsx
AG-0389,LIMA TRIANG P/sierra DE 8 4081 Bellota 10/1,consu,Herramientas,Units,,,caliber=10/1,False,False,False,SHARED,,,,2,2040.0,2040.0,2040.0,NEW_PRODUCT,1,2,CREATE_SHARED_PRODUCT,,MAX,COTIZACIONES_0.2_b68c.xlsx,Cotizacion 5 (29),24,QUOTATION,LIMA TRIANG P/SIERRA DE 8  4081 BELLOTA 10/1,100.0,2040.0,DOP,lima|triang|p/sierra|8|4081|bellota|10/1|10/1,COTIZACIONES_0.2_b68c.xlsx
AG-0390,LENTE Seguridad Transparente,consu,Ferretería,Units,,,,False,False,False,SHARED,,,,2,140.0,140.0,140.0,NEW_PRODUCT,1,2,CREATE_SHARED_PRODUCT,,MAX,COTIZACIONES_0.2_b68c.xlsx,Cotizacion 5 (29),25,QUOTATION,LENTE SEGURIDAD TRANSPARENTE,1000.0,140.0,DOP,lente|seguridad|transparente,COTIZACIONES_0.2_b68c.xlsx
AG-0391,HILO PARA Cortagrama 15 MTS Hta-80(1153) TRUPER,consu,Herramientas,Units,Truper,,,False,False,False,SHARED,,,,2,155.0,155.0,155.0,NEW_PRODUCT,1,2,CREATE_SHARED_PRODUCT,,MAX,COTIZACIONES_0.2_b68c.xlsx,Cotizacion 5 (29),26,QUOTATION,"HILO PARA CORTAGRAMA 15 MTS  HTA-80(1153) 
TRUPER",600.0,155.0,DOP,hilo|para|cortagrama|15|mts|hta-80|1153|truper,COTIZACIONES_0.2_b68c.xlsx
AG-0392,CABLE 10 AWG THHN NEGRO,consu,Material eléctrico,Units,,,,False,False,False,SHARED,,,,6,37.5,37.5,37.5,NEW_PRODUCT,2,6,CREATE_SHARED_PRODUCT,,MAX,COTIZACIONES_0.2_b68c.xlsx,Cotizacion 5 (30),15,QUOTATION,CABLE #10 AWG THHN NEGRO,500.0,37.5,DOP,cable|10|awg|thhn|negro,COTIZACIONES_0.2_b68c.xlsx | COTIZACIONES_DORALEX_SRL_bb53.xlsx
AG-0393,CABLE #10 AWG THHN BLANCO,consu,Material eléctrico,Units,,,,False,False,False,SHARED,,,,1,37.5,37.5,37.5,NEW_PRODUCT,1,1,CREATE_SHARED_PRODUCT,,SINGLE,COTIZACIONES_0.2_b68c.xlsx,Cotizacion 5 (30),16,QUOTATION,CABLE #10 AWG THHN BLANCO,500.0,37.5,DOP,cable|10|awg|thhn|blanco,COTIZACIONES_0.2_b68c.xlsx
AG-0394,CABLE #10 AWG THHN VERDE,consu,Material eléctrico,Units,,,,False,False,False,SHARED,,,,1,37.5,37.5,37.5,NEW_PRODUCT,1,1,CREATE_SHARED_PRODUCT,,SINGLE,COTIZACIONES_0.2_b68c.xlsx,Cotizacion 5 (30),17,QUOTATION,CABLE #10 AWG THHN VERDE,500.0,37.5,DOP,cable|10|awg|thhn|verde,COTIZACIONES_0.2_b68c.xlsx
AG-0395,CABLE #12 AWG THHN BLANCO,consu,Material eléctrico,Units,,,,False,False,False,SHARED,,,,4,23.0,23.0,23.0,NEW_PRODUCT,1,4,CREATE_SHARED_PRODUCT,,MAX,COTIZACIONES_0.2_b68c.xlsx,Cotizacion 5 (30),18,QUOTATION,CABLE #12 AWG THHN BLANCO,500.0,23.0,DOP,cable|12|awg|thhn|blanco,COTIZACIONES_0.2_b68c.xlsx
AG-0396,CABLE #12 AWG THHN RO JO,consu,Material eléctrico,Units,,,,False,False,False,SHARED,,,,1,23.0,23.0,23.0,NEW_PRODUCT,1,1,CREATE_SHARED_PRODUCT,,SINGLE,COTIZACIONES_0.2_b68c.xlsx,Cotizacion 5 (30),19,QUOTATION,CABLE #12 AWG THHN RO JO,500.0,23.0,DOP,cable|12|awg|thhn|ro|jo,COTIZACIONES_0.2_b68c.xlsx
AG-0397,PLIEGO DE LIJA Esmeril NORTON #60,consu,Ferretería,Units,,,,False,False,False,SHARED,,,,4,55.1,68.5,68.5,NEW_PRODUCT,3,4,CREATE_SHARED_PRODUCT,,MAX,COTIZACIONES_0.2_b68c.xlsx,Cotizacion ASDE1 (ataud),35,QUOTATION,PLIEGO DE LIJA ESMERIL NORTON #60,100.0,68.5,DOP,pliego|lija|esmeril|norton|60,COTIZACIONES_0.2_b68c.xlsx | COTIZACIONES_DORALEX_SRL_bb53.xlsx | COTIZACIONES__REMPART_GROUP_2_3578.xlsx
AG-0398,PLIEGO DE LIJA Esmeril NORTON #120,consu,Ferretería,Units,,,,False,False,False,SHARED,,,,4,55.1,68.5,68.5,NEW_PRODUCT,3,4,CREATE_SHARED_PRODUCT,,MAX,COTIZACIONES_0.2_b68c.xlsx,Cotizacion ASDE1 (ataud),37,QUOTATION,PLIEGO DE LIJA ESMERIL NORTON #120,100.0,68.5,DOP,pliego|lija|esmeril|norton|120,COTIZACIONES_0.2_b68c.xlsx | COTIZACIONES_DORALEX_SRL_bb53.xlsx | COTIZACIONES__REMPART_GROUP_2_3578.xlsx
AG-0399,LIJA AGUA Deerfos #220 AC768,consu,Ferretería,Units,,AC768,model=AC768,False,False,False,SHARED,,,,4,120.0,130.0,130.0,NEW_PRODUCT,3,4,CREATE_SHARED_PRODUCT,,MAX,COTIZACIONES_0.2_b68c.xlsx,Cotizacion ASDE1 (ataud),40,QUOTATION,LIJA AGUA DEERFOS #220 AC768,100.0,130.0,DOP,lija|agua|deerfos|220|ac768|AC768,COTIZACIONES_0.2_b68c.xlsx | COTIZACIONES_DORALEX_SRL_bb53.xlsx | COTIZACIONES__REMPART_GROUP_2_3578.xlsx
AG-0400,Sustache BLANCO 54 Y/D,consu,Ferretería,Units,,,,False,False,False,SHARED,,,,3,170.0,205.0,205.0,NEW_PRODUCT,2,3,CREATE_SHARED_PRODUCT,,MAX,COTIZACIONES_0.2_b68c.xlsx,Cotizacion ASDE1 (ataud),41,QUOTATION,SUSTACHE BLANCO 54 Y/D,12.0,205.0,DOP,sustache|blanco|54|y/d,COTIZACIONES_0.2_b68c.xlsx | COTIZACIONES_DORALEX_SRL_bb53.xlsx
AG-0401,Extractor DAIWA 25A VEW 10'' PARED,consu,Ferretería,Units,Daiwa,,,False,False,False,SHARED,,,,8,3450.0,3900.0,3900.0,NEW_PRODUCT,3,8,CREATE_SHARED_PRODUCT,,MAX,COTIZACIONES_0.2_b68c.xlsx,Cotizacion ASDE1 (ataud),47,QUOTATION,EXTRACTOR DAIWA 25A VEW 10'' PARED,1.0,3900.0,DOP,extractor|daiwa|25a|vew|10|pared,COTIZACIONES_0.2_b68c.xlsx | COTIZACIONES_DORALEX_SRL_bb53.xlsx | COTIZACIONES__REMPART_GROUP_2_3578.xlsx
AG-0402,Bombillo Infrarojo 250W 120V,consu,Material eléctrico,Units,,,power=250W,False,False,False,SHARED,,,,5,315.0,325.0,325.0,NEW_PRODUCT,3,5,CREATE_SHARED_PRODUCT,,MAX,COTIZACIONES_0.2_b68c.xlsx,Cotizacion ASDE1 (ataud),48,QUOTATION,BOMBILLO INFRAROJO 250W 120V,2.0,325.0,DOP,bombillo|infrarojo|250|w|120v|250W,COTIZACIONES_0.2_b68c.xlsx | COTIZACIONES_DORALEX_SRL_bb53.xlsx | COTIZACIONES__REMPART_GROUP_2_3578.xlsx
AG-0403,Penetrante (9.6onz) WD-40,consu,Ferretería,Units,,,,False,False,False,SHARED,,,,7,690.0,765.0,765.0,NEW_PRODUCT,3,7,CREATE_SHARED_PRODUCT,,MAX,COTIZACIONES_0.2_b68c.xlsx,Cotizacion ASDE1 (ataud),49,QUOTATION,PENETRANTE (9.6ONZ) WD-40,2.0,765.0,DOP,penetrante|9.6onz|wd-40,COTIZACIONES_0.2_b68c.xlsx | COTIZACIONES_DORALEX_SRL_bb53.xlsx | COTIZACIONES__REMPART_GROUP_2_3578.xlsx
AG-0404,Mascarilla CON FILTRO DOBLE TRUPER,consu,Herramientas,Units,Truper,,,False,False,False,SHARED,,,,5,3760.0,4545.0,4545.0,NEW_PRODUCT,3,5,CREATE_SHARED_PRODUCT,,MAX,COTIZACIONES_0.2_b68c.xlsx,Cotizacion ASDE1 (ataud),50,QUOTATION,MASCARILLA CON FILTRO DOBLE TRUPER,5.0,4545.0,DOP,mascarilla|filtro|doble|truper,COTIZACIONES_0.2_b68c.xlsx | COTIZACIONES_DORALEX_SRL_bb53.xlsx | COTIZACIONES__REMPART_GROUP_2_3578.xlsx
AG-0405,Pistola Mecanica PARA Sopletear PISO-1 TRUPER,consu,Herramientas,Units,Truper,,,False,False,False,SHARED,,,,4,500.0,750.0,750.0,NEW_PRODUCT,3,4,CREATE_SHARED_PRODUCT,,MAX,COTIZACIONES_0.2_b68c.xlsx,Cotizacion ASDE1 (ataud),54,QUOTATION,PISTOLA MECANICA PARA SOPLETEAR PISO-1 TRUPER,5.0,750.0,DOP,pistola|mecanica|para|sopletear|piso-1|truper,COTIZACIONES_0.2_b68c.xlsx | COTIZACIONES_DORALEX_SRL_bb53.xlsx | COTIZACIONES__REMPART_GROUP_2_3578.xlsx
AG-0406,Cepillo DE Alambre TRUPER 4 X 16 CEA-54,consu,Herramientas,Units,Truper,,,False,False,False,SHARED,,,,5,250.0,360.0,360.0,NEW_PRODUCT,3,5,CREATE_SHARED_PRODUCT,,MAX,COTIZACIONES_0.2_b68c.xlsx,Cotizacion ASDE1 (ataud),55,QUOTATION,CEPILLO DE ALAMBRE TRUPER 4 X 16 CEA-54,4.0,360.0,DOP,cepillo|alambre|truper|4|x|16|cea-54,COTIZACIONES_0.2_b68c.xlsx | COTIZACIONES_DORALEX_SRL_bb53.xlsx | COTIZACIONES__REMPART_GROUP_2_3578.xlsx
AG-0407,Cemento P/ceramica 50LBS GRIS Pegaforte,consu,Construcción,Units,,,presentation=50 lbs,False,False,False,SHARED,,,,1,462.0,462.0,462.0,NEW_PRODUCT,1,1,CREATE_SHARED_PRODUCT,,SINGLE,COTIZACIONES_0.2_b68c.xlsx,Cotizacion ASDE,16,QUOTATION,CEMENTO P/CERAMICA 50LBS  GRIS PEGAFORTE,30.0,462.0,DOP,cemento|p/ceramica|50|lb|gris|pegaforte|50 lbs,COTIZACIONES_0.2_b68c.xlsx
AG-0408,Alambre Galvanizado C-18 C-18 Generico,consu,Ferretería,Units,Generico,,,False,False,False,SHARED,,,,1,5906.85,5906.85,5906.85,NEW_PRODUCT,1,1,CREATE_SHARED_PRODUCT,,SINGLE,COTIZACIONES_0.2_b68c.xlsx,Cotizacion ASDE,18,QUOTATION,ALAMBRE GALVANIZADO C-18  C-18 GENERICO,4.36,5906.85,DOP,alambre|galvanizado|c-18|c-18|generico,COTIZACIONES_0.2_b68c.xlsx
AG-0409,CABLE VINYL 10/2 UF TW GRIS Cordiflex,consu,Material eléctrico,ft,,,caliber=10/2,False,False,False,SHARED,,,,1,66.0,66.0,66.0,NEW_PRODUCT,1,1,CREATE_SHARED_PRODUCT,,SINGLE,COTIZACIONES_0.2_b68c.xlsx,Cotizacion ASDE,21,QUOTATION,CABLE VINYL 10/2 UF TW GRIS CORDIFLEX,5000.0,66.0,DOP,cable|vinyl|10/2|uf|tw|gris|cordiflex|10/2,COTIZACIONES_0.2_b68c.xlsx
AG-0410,Alambre DE VINIL 12/2 AWG PHELPS DODGE,consu,Ferretería,ft,,,caliber=12/2,False,False,False,SHARED,,,,4,57.195,57.2,57.2,NEW_PRODUCT,3,4,CREATE_SHARED_PRODUCT,,MAX,COTIZACIONES_0.2_b68c.xlsx,Cotizacion ASDE,22,QUOTATION,ALAMBRE DE VINIL 12/2 AWG PHELPS DODGE,5000.0,57.2,DOP,alambre|vinil|12/2|awg|phelps|dodge|12/2,COTIZACIONES_0.2_b68c.xlsx | COTIZACIONES_DORALEX_SRL_bb53.xlsx | COTIZACIONES_DORALEX_f72a.xlsx
AG-0411,Alambre DE GOMA 12/2,consu,Neumáticos,ft,,,caliber=12/2,False,False,False,SHARED,,,,1,43.0,43.0,43.0,NEW_PRODUCT,1,1,CREATE_SHARED_PRODUCT,,SINGLE,COTIZACIONES_0.2_b68c.xlsx,Cotizacion ASDE,23,QUOTATION,ALAMBRE DE GOMA 12/2,5000.0,43.0,DOP,alambre|goma|12/2|12/2,COTIZACIONES_0.2_b68c.xlsx
AG-0412,Alambre DE VINIL 14/2 AWG PHELPS DODGE,consu,Ferretería,ft,,,caliber=14/2,False,False,False,SHARED,,,,4,47.6,47.6005,47.6005,NEW_PRODUCT,3,4,CREATE_SHARED_PRODUCT,,MAX,COTIZACIONES_DORALEX_SRL_bb53.xlsx,Cot Licitacion ASDE,47,QUOTATION,ALAMBRE DE VINIL 14/2 AWG PHELPS DODGE,1000.0,47.6005,DOP,alambre|vinil|14/2|awg|phelps|dodge|14/2,COTIZACIONES_0.2_b68c.xlsx | COTIZACIONES_DORALEX_SRL_bb53.xlsx | COTIZACIONES_DORALEX_f72a.xlsx
AG-0413,CABLE GOMA 14/2 SJTW NEGRO,consu,Neumáticos,ft,,,caliber=14/2,False,False,False,SHARED,,,,1,30.5,30.5,30.5,NEW_PRODUCT,1,1,CREATE_SHARED_PRODUCT,,SINGLE,COTIZACIONES_0.2_b68c.xlsx,Cotizacion ASDE,26,QUOTATION,CABLE GOMA 14/2 SJTW NEGRO,5000.0,30.5,DOP,cable|goma|14/2|sjtw|negro|14/2,COTIZACIONES_0.2_b68c.xlsx
AG-0414,PINZA DE CORTE PICO LARGO 8 10306 KENDO,consu,Ferretería,Units,,,,False,False,False,SHARED,,,,1,286.0,286.0,286.0,NEW_PRODUCT,1,1,CREATE_SHARED_PRODUCT,,SINGLE,COTIZACIONES_0.2_b68c.xlsx,Cotizacion ASDE,28,QUOTATION,PINZA DE CORTE PICO LARGO 8  10306 KENDO,10.0,286.0,DOP,pinza|corte|pico|largo|8|10306|kendo,COTIZACIONES_0.2_b68c.xlsx
AG-0415,Alicate P/electricista 8'' 10113 KENDO,consu,Herramientas,Units,,,,False,False,False,SHARED,,,,1,345.0,345.0,345.0,NEW_PRODUCT,1,1,CREATE_SHARED_PRODUCT,,SINGLE,COTIZACIONES_0.2_b68c.xlsx,Cotizacion ASDE,29,QUOTATION,ALICATE P/ELECTRICISTA 8''  10113 KENDO,10.0,345.0,DOP,alicate|p/electricista|8|10113|kendo,COTIZACIONES_0.2_b68c.xlsx
AG-0416,Angular DE 1-1/2* 1/4,consu,Ferretería,Units,,,caliber=1/2,False,False,False,SHARED,,,,1,2608.0,2608.0,2608.0,NEW_PRODUCT,1,1,CREATE_SHARED_PRODUCT,,SINGLE,COTIZACIONES_0.2_b68c.xlsx,Cotizacion ASDE,30,QUOTATION,ANGULAR DE 1-1/2* 1/4,200.0,2608.0,DOP,angular|1-1/2|1/4|1/2,COTIZACIONES_0.2_b68c.xlsx
AG-0417,Armario DE METAL DE 2 Puertas 15x33x72,consu,Ferretería,Units,,,,False,False,False,SHARED,,,,1,35230.0,35230.0,35230.0,NEW_PRODUCT,1,1,CREATE_SHARED_PRODUCT,,SINGLE,COTIZACIONES_0.2_b68c.xlsx,Cotizacion ASDE,31,QUOTATION,ARMARIO DE METAL DE 2 PUERTAS 15x33x72,3.0,35230.0,DOP,armario|metal|2|puertas|15x33x72,COTIZACIONES_0.2_b68c.xlsx
AG-0418,BARRA P/hacer HOYO 1''x6' BAP-175 TRUPER,consu,Herramientas,Units,Truper,BAP-175,model=BAP-175,False,False,False,SHARED,,,,1,2539.2,2539.2,2539.2,NEW_PRODUCT,1,1,CREATE_SHARED_PRODUCT,,SINGLE,COTIZACIONES_0.2_b68c.xlsx,Cotizacion ASDE,32,QUOTATION,BARRA P/HACER HOYO 1''x6'  BAP-175 TRUPER,5.0,2539.2,DOP,barra|p/hacer|hoyo|1|x6|bap-175|truper|BAP-175,COTIZACIONES_0.2_b68c.xlsx
AG-0419,BARRA Redonda 5/8''x20' ATADO-106 UD) Generico,consu,Ferretería,Units,Generico,,caliber=5/8,False,False,False,SHARED,,,,1,1110.0,1110.0,1110.0,NEW_PRODUCT,1,1,CREATE_SHARED_PRODUCT,,SINGLE,COTIZACIONES_0.2_b68c.xlsx,Cotizacion ASDE,33,QUOTATION,BARRA REDONDA 5/8''x20'  ATADO-106 UD) GENERICO,40.0,1110.0,DOP,barra|redonda|5/8|x20|atado-106|ud|generico|5/8,COTIZACIONES_0.2_b68c.xlsx
AG-0420,Bombillo LUZ BLANCA 65W Volteck,consu,Material eléctrico,Units,,,power=65W,False,False,False,SHARED,,,,1,1160.0,1160.0,1160.0,NEW_PRODUCT,1,1,CREATE_SHARED_PRODUCT,,SINGLE,COTIZACIONES_0.2_b68c.xlsx,Cotizacion ASDE,35,QUOTATION,BOMBILLO LUZ BLANCA 65W VOLTECK,50.0,1160.0,DOP,bombillo|luz|blanca|65|w|volteck|65W,COTIZACIONES_0.2_b68c.xlsx
AG-0421,Bombillo METAL HALIDE 1500W,consu,Material eléctrico,Units,,,power=1500W,False,False,False,SHARED,,,,1,3280.0,3280.0,3280.0,NEW_PRODUCT,1,1,CREATE_SHARED_PRODUCT,,SINGLE,COTIZACIONES_0.2_b68c.xlsx,Cotizacion ASDE,36,QUOTATION,BOMBILLO METAL HALIDE 1500W,10.0,3280.0,DOP,bombillo|metal|halide|1500|w|1500W,COTIZACIONES_0.2_b68c.xlsx
AG-0422,Bombillo METAL HALIDE 1000W,consu,Material eléctrico,Units,,,power=1000W,False,False,False,SHARED,,,,1,3125.0,3125.0,3125.0,NEW_PRODUCT,1,1,CREATE_SHARED_PRODUCT,,SINGLE,COTIZACIONES_0.2_b68c.xlsx,Cotizacion ASDE,37,QUOTATION,BOMBILLO METAL HALIDE 1000W,10.0,3125.0,DOP,bombillo|metal|halide|1000|w|1000W,COTIZACIONES_0.2_b68c.xlsx
AG-0423,Bombillo Halogeno 250W 120V,consu,Material eléctrico,Units,,,power=250W,False,False,False,SHARED,,,,1,990.0,990.0,990.0,NEW_PRODUCT,1,1,CREATE_SHARED_PRODUCT,,SINGLE,COTIZACIONES_0.2_b68c.xlsx,Cotizacion ASDE,38,QUOTATION,BOMBILLO HALOGENO 250W 120V,500.0,990.0,DOP,bombillo|halogeno|250|w|120v|250W,COTIZACIONES_0.2_b68c.xlsx
AG-0424,"Bombillas DE 150 W ,HPS (HIGH Pressure Sodium)",consu,Ferretería,Units,HP,,power=150W,False,False,False,SHARED,,,,4,832.5,832.5,832.5,NEW_PRODUCT,3,4,CREATE_SHARED_PRODUCT,,MAX,COTIZACIONES_0.2_b68c.xlsx,Cotizacion ASDE,39,QUOTATION,"BOMBILLAS DE 150 W ,HPS (HIGH PRESSURE SODIUM)",1000.0,832.5,DOP,bombillas|150|w|hps|high|pressure|sodium|150W,COTIZACIONES_0.2_b68c.xlsx | COTIZACIONES_DORALEX_SRL_bb53.xlsx | COTIZACIONES_DORALEX_f72a.xlsx
AG-0425,BRAZO GALV. 6FT,consu,Ferretería,Units,,,capacity=6 pies,False,False,False,SHARED,,,,1,3025.0,3025.0,3025.0,NEW_PRODUCT,1,1,CREATE_SHARED_PRODUCT,,SINGLE,COTIZACIONES_0.2_b68c.xlsx,Cotizacion ASDE,40,QUOTATION,BRAZO GALV. 6FT,100.0,3025.0,DOP,brazo|galv.|6ft|6 pies,COTIZACIONES_0.2_b68c.xlsx
AG-0426,BOLSAS DE BASURA,consu,Ferretería,Units,,,,False,False,False,SHARED,,,,2,,,,NEW_PRODUCT,1,2,MANUAL_REVIEW,MISSING_VALID_PRICE,NO_PRICE,,,,,,,,,bolsas|basura,COTIZACIONES_0.2_b68c.xlsx
AG-0427,BROCHA DE 2 1/2'' ATLAS,consu,Pinturas,Units,,,caliber=1/2,False,False,False,SHARED,,,,4,148.74,150.0,150.0,NEW_PRODUCT,3,4,CREATE_SHARED_PRODUCT,,MAX,COTIZACIONES_0.2_b68c.xlsx,Cotizacion ASDE,45,QUOTATION,BROCHA DE 2 1/2'' ATLAS,200.0,150.0,DOP,brocha|2|1/2|atlas|1/2,COTIZACIONES_0.2_b68c.xlsx | COTIZACIONES_DORALEX_SRL_bb53.xlsx | COTIZACIONES_DORALEX_f72a.xlsx
AG-0428,BROCHA DE 3'' EMTOP,consu,Pinturas,Units,,,,False,False,False,SHARED,,,,1,275.0,275.0,275.0,NEW_PRODUCT,1,1,CREATE_SHARED_PRODUCT,,SINGLE,COTIZACIONES_0.2_b68c.xlsx,Cotizacion ASDE,46,QUOTATION,BROCHA DE 3'' EMTOP,200.0,275.0,DOP,brocha|3|emtop,COTIZACIONES_0.2_b68c.xlsx
AG-0429,BROCHA DE 4'''emtop,consu,Pinturas,Units,,,,False,False,False,SHARED,,,,1,325.0,325.0,325.0,NEW_PRODUCT,1,1,CREATE_SHARED_PRODUCT,,SINGLE,COTIZACIONES_0.2_b68c.xlsx,Cotizacion ASDE,47,QUOTATION,BROCHA DE 4'''EMTOP,200.0,325.0,DOP,brocha|4|emtop,COTIZACIONES_0.2_b68c.xlsx
AG-0430,TIZA DE CERA P/marcar ROJA ROJA Generico,consu,Ferretería,Units,Generico,,,False,False,False,SHARED,,,,1,95.0,95.0,95.0,NEW_PRODUCT,1,1,CREATE_SHARED_PRODUCT,,SINGLE,COTIZACIONES_0.2_b68c.xlsx,Cotizacion ASDE,49,QUOTATION,TIZA DE CERA P/MARCAR ROJA  ROJA GENERICO,4.0,95.0,DOP,tiza|cera|p/marcar|roja|roja|generico,COTIZACIONES_0.2_b68c.xlsx
AG-0431,Carretilla TRUPER,consu,Herramientas,Units,Truper,,,False,False,False,SHARED,,,,4,6944.9,6944.9,6944.9,NEW_PRODUCT,3,4,CREATE_SHARED_PRODUCT,,MAX,COTIZACIONES_0.2_b68c.xlsx,Cotizacion ASDE,52,QUOTATION,CARRETILLA TRUPER,10.0,6944.9,DOP,carretilla|truper,COTIZACIONES_0.2_b68c.xlsx | COTIZACIONES_DORALEX_SRL_bb53.xlsx | COTIZACIONES_DORALEX_f72a.xlsx
AG-0432,Carretillla Reforzada PARA Asfalto Tramotina,consu,Ferretería,Units,,,,False,False,False,SHARED,,,,4,11048.2,11048.2,11048.2,NEW_PRODUCT,3,4,CREATE_SHARED_PRODUCT,,MAX,COTIZACIONES_0.2_b68c.xlsx,Cotizacion ASDE,53,QUOTATION,CARRETILLLA REFORZADA PARA ASFALTO TRAMOTINA,10.0,11048.2,DOP,carretillla|reforzada|para|asfalto|tramotina,COTIZACIONES_0.2_b68c.xlsx | COTIZACIONES_DORALEX_SRL_bb53.xlsx | COTIZACIONES_DORALEX_f72a.xlsx
AG-0433,CEDAZO DE ARENA,consu,Construcción,Units,,,,False,False,False,SHARED,,,,1,750.0,750.0,750.0,NEW_PRODUCT,1,1,CREATE_SHARED_PRODUCT,,SINGLE,COTIZACIONES_0.2_b68c.xlsx,Cotizacion ASDE,54,QUOTATION,CEDAZO DE ARENA,3.0,750.0,DOP,cedazo|arena,COTIZACIONES_0.2_b68c.xlsx
AG-0434,Chaleco REFLEC SEG MAMEY,consu,Ferretería,Units,,,,False,False,False,SHARED,,,,2,208.0,235.0,235.0,NEW_PRODUCT,2,2,CREATE_SHARED_PRODUCT,,MAX,COTIZACIONES__REMPART_GROUP_2_3578.xlsx,COT ASDE (9),19,QUOTATION,CHALECO REFLEC SEG MAMEY,80.0,235.0,DOP,chaleco|reflec|seg|mamey,COTIZACIONES_0.2_b68c.xlsx | COTIZACIONES__REMPART_GROUP_2_3578.xlsx
AG-0435,CINCEL PLANO 3/4x12 (18x300) 5825 Bellota,consu,Ferretería,Units,,,,False,False,False,SHARED,,,,1,755.25,755.25,755.25,NEW_PRODUCT,1,1,CREATE_SHARED_PRODUCT,,SINGLE,COTIZACIONES_0.2_b68c.xlsx,Cotizacion ASDE,56,QUOTATION,CINCEL PLANO 3/4x12 (18x300)  5825 BELLOTA,10.0,755.25,DOP,cincel|plano|3/4x12|18x300|5825|bellota,COTIZACIONES_0.2_b68c.xlsx
AG-0436,CINCEL PUNTA 3/4x12'' (18x300) 5821 Bellota,consu,Ferretería,Units,,,,False,False,False,SHARED,,,,1,838.5,838.5,838.5,NEW_PRODUCT,1,1,CREATE_SHARED_PRODUCT,,SINGLE,COTIZACIONES_0.2_b68c.xlsx,Cotizacion ASDE,57,QUOTATION,CINCEL PUNTA 3/4x12'' (18x300)  5821 BELLOTA,10.0,838.5,DOP,cincel|punta|3/4x12|18x300|5821|bellota,COTIZACIONES_0.2_b68c.xlsx
AG-0437,CINTA DE MEDIR Electrica GUIA-30 DE TRUPER,consu,Herramientas,Units,Truper,,,False,False,False,SHARED,,,,4,3385.0,4385.24,4385.24,NEW_PRODUCT,3,4,CREATE_SHARED_PRODUCT,,MAX,COTIZACIONES_DORALEX_SRL_bb53.xlsx,Cot Licitacion ASDE,48,QUOTATION,CINTA DE MEDIR ELECTRICA GUIA-30 DE TRUPER,2.0,4385.24,DOP,cinta|medir|electrica|guia-30|truper,COTIZACIONES_0.2_b68c.xlsx | COTIZACIONES_DORALEX_SRL_bb53.xlsx | COTIZACIONES_DORALEX_f72a.xlsx
AG-0438,CINTA Metrica 30MT 35166 KENDO,consu,Ferretería,Units,,,,False,False,False,SHARED,,,,1,451.0,451.0,451.0,NEW_PRODUCT,1,1,CREATE_SHARED_PRODUCT,,SINGLE,COTIZACIONES_0.2_b68c.xlsx,Cotizacion ASDE,59,QUOTATION,CINTA METRICA 30MT  35166 KENDO,10.0,451.0,DOP,cinta|metrica|30|mt|35166|kendo,COTIZACIONES_0.2_b68c.xlsx
AG-0439,CINTA Metrica 8MTS 14579-FH-8M TRUPER,consu,Herramientas,Units,Truper,,,False,False,False,SHARED,,,,1,455.0,455.0,455.0,NEW_PRODUCT,1,1,CREATE_SHARED_PRODUCT,,SINGLE,COTIZACIONES_0.2_b68c.xlsx,Cotizacion ASDE,60,QUOTATION,CINTA METRICA 8MTS  14579-FH-8M TRUPER,10.0,455.0,DOP,cinta|metrica|8mts|14579-fh-8m|truper,COTIZACIONES_0.2_b68c.xlsx
AG-0440,Cizalla PROF 36'' (cp-36x) 12835 TRUPER,consu,Herramientas,Units,Truper,,,False,False,False,SHARED,,,,1,4018.65,4018.65,4018.65,NEW_PRODUCT,1,1,CREATE_SHARED_PRODUCT,,SINGLE,COTIZACIONES_0.2_b68c.xlsx,Cotizacion ASDE,61,QUOTATION,CIZALLA PROF 36'' (CP-36X)  12835 TRUPER,100.0,4018.65,DOP,cizalla|prof|36|cp-36x|12835|truper,COTIZACIONES_0.2_b68c.xlsx
AG-0441,CLAVO ACERO 2 1/2'' ACERO Generico,consu,Ferretería,lb,Generico,,caliber=1/2,False,False,False,SHARED,,,,1,70.5,70.5,70.5,NEW_PRODUCT,1,1,CREATE_SHARED_PRODUCT,,SINGLE,COTIZACIONES_0.2_b68c.xlsx,Cotizacion ASDE,62,QUOTATION,CLAVO ACERO 2 1/2''  ACERO GENERICO,290.0,70.5,DOP,clavo|acero|2|1/2|acero|generico|1/2,COTIZACIONES_0.2_b68c.xlsx
AG-0442,CLAVO ACERO 3'' ACERO Generico,consu,Ferretería,lb,Generico,,,False,False,False,SHARED,,,,1,70.5,70.5,70.5,NEW_PRODUCT,1,1,CREATE_SHARED_PRODUCT,,SINGLE,COTIZACIONES_0.2_b68c.xlsx,Cotizacion ASDE,63,QUOTATION,CLAVO ACERO 3''  ACERO GENERICO,290.0,70.5,DOP,clavo|acero|3|acero|generico,COTIZACIONES_0.2_b68c.xlsx
AG-0443,CLAVO Corriente 2 1/2X10 2999 Generico,consu,Ferretería,lb,Generico,,,False,False,False,SHARED,,,,1,60.6,60.6,60.6,NEW_PRODUCT,1,1,CREATE_SHARED_PRODUCT,,SINGLE,COTIZACIONES_0.2_b68c.xlsx,Cotizacion ASDE,64,QUOTATION,CLAVO CORRIENTE 2 1/2X10  2999 GENERICO,290.0,60.6,DOP,clavo|corriente|2|1/2x10|2999|generico,COTIZACIONES_0.2_b68c.xlsx
AG-0444,CLAVO Corriente 3X9 2816 Generico,consu,Ferretería,lb,Generico,,,False,False,False,SHARED,,,,1,60.6,60.6,60.6,NEW_PRODUCT,1,1,CREATE_SHARED_PRODUCT,,SINGLE,COTIZACIONES_0.2_b68c.xlsx,Cotizacion ASDE,65,QUOTATION,CLAVO CORRIENTE 3X9  2816 GENERICO,290.0,60.6,DOP,clavo|corriente|3x9|2816|generico,COTIZACIONES_0.2_b68c.xlsx
AG-0445,Conectores PARA Triplex 2/0 Generico,consu,Ferretería,Units,Generico,,caliber=2/0,False,False,False,SHARED,,,,4,588.3,588.3,588.3,NEW_PRODUCT,3,4,CREATE_SHARED_PRODUCT,,MAX,COTIZACIONES_0.2_b68c.xlsx,Cotizacion ASDE,66,QUOTATION,CONECTORES PARA TRIPLEX 2/0 GENERICO,200.0,588.3,DOP,conectores|para|triplex|2/0|generico|2/0,COTIZACIONES_0.2_b68c.xlsx | COTIZACIONES_DORALEX_SRL_bb53.xlsx | COTIZACIONES_DORALEX_f72a.xlsx
AG-0446,CUBO DE GOMA #10,consu,Neumáticos,Units,,,,False,False,False,SHARED,,,,1,750.0,750.0,750.0,NEW_PRODUCT,1,1,CREATE_SHARED_PRODUCT,,SINGLE,COTIZACIONES_0.2_b68c.xlsx,Cotizacion ASDE,68,QUOTATION,CUBO DE GOMA #10,20.0,750.0,DOP,cubo|goma|10,COTIZACIONES_0.2_b68c.xlsx
AG-0447,DISCO CORTE METAL INOX 7x1/16 7x1/16 METABO,consu,Ferretería,Units,,,,False,False,False,SHARED,,,,1,272.48,272.48,272.48,NEW_PRODUCT,1,1,CREATE_SHARED_PRODUCT,,SINGLE,COTIZACIONES_0.2_b68c.xlsx,Cotizacion ASDE,69,QUOTATION,DISCO CORTE METAL INOX 7x1/16  7x1/16 METABO,30.0,272.48,DOP,disco|corte|metal|inox|7x1/16|7x1/16|metabo,COTIZACIONES_0.2_b68c.xlsx
AG-0448,DISCO CORTE METAL INOX 9x5/64 9x5/64 METABO,consu,Ferretería,Units,,,,False,False,False,SHARED,,,,2,388.0,388.64,388.64,NEW_PRODUCT,2,2,CREATE_SHARED_PRODUCT,,MAX,COTIZACIONES_0.2_b68c.xlsx,Cotizacion ASDE,70,QUOTATION,DISCO CORTE METAL INOX 9x5/64  9x5/64 METABO,30.0,388.64,DOP,disco|corte|metal|inox|9x5/64|9x5/64|metabo,COTIZACIONES_0.2_b68c.xlsx | COTIZACIONES_DORALEX_SRL_bb53.xlsx
AG-0449,Escuadra DE 24 45-600 Stanley,consu,Ferretería,Units,,,,False,False,False,SHARED,,,,1,776.0,776.0,776.0,NEW_PRODUCT,1,1,CREATE_SHARED_PRODUCT,,SINGLE,COTIZACIONES_0.2_b68c.xlsx,Cotizacion ASDE,71,QUOTATION,ESCUADRA DE 24  45-600 STANLEY,10.0,776.0,DOP,escuadra|24|45-600|stanley,COTIZACIONES_0.2_b68c.xlsx
AG-0450,Escalera F/ VIDRIO T/tijera 12 FTR-12 MAMEY Escalumex,consu,Ferretería,Units,,,,False,False,False,SHARED,,,,1,28353.6,28353.6,28353.6,NEW_PRODUCT,1,1,CREATE_SHARED_PRODUCT,,SINGLE,COTIZACIONES_0.2_b68c.xlsx,Cotizacion ASDE,72,QUOTATION,"ESCALERA F/ VIDRIO T/TIJERA 12  FTR-12 MAMEY 
ESCALUMEX",4.0,28353.6,DOP,escalera|f/|vidrio|t/tijera|12|ftr-12|mamey|escalumex,COTIZACIONES_0.2_b68c.xlsx
AG-0451,Escalera F/ VIDRIO T/tijera 8 FTS-8 VERDE Escalumex,consu,Ferretería,Units,,,,False,False,False,SHARED,,,,1,14256.0,14256.0,14256.0,NEW_PRODUCT,1,1,CREATE_SHARED_PRODUCT,,SINGLE,COTIZACIONES_0.2_b68c.xlsx,Cotizacion ASDE,73,QUOTATION,"ESCALERA F/ VIDRIO T/TIJERA 8  FTS-8 VERDE 
ESCALUMEX",4.0,14256.0,DOP,escalera|f/|vidrio|t/tijera|8|fts-8|verde|escalumex,COTIZACIONES_0.2_b68c.xlsx
AG-0452,ESCOBA Plastica Mediana 600026 Lamaria,consu,Ferretería,Units,,,,False,False,False,SHARED,,,,1,260.0,260.0,260.0,NEW_PRODUCT,1,1,CREATE_SHARED_PRODUCT,,SINGLE,COTIZACIONES_0.2_b68c.xlsx,Cotizacion ASDE,74,QUOTATION,ESCOBA PLASTICA MEDIANA  600026 LAMARIA,25.0,260.0,DOP,escoba|plastica|mediana|600026|lamaria,COTIZACIONES_0.2_b68c.xlsx
AG-0453,Escobillon Plastico FIBRA Leopardo,consu,Ferretería,Units,,,,False,False,False,SHARED,,,,5,630.85,635.0,635.0,NEW_PRODUCT,3,5,CREATE_SHARED_PRODUCT,,MAX,COTIZACIONES_0.2_b68c.xlsx,Cotizacion ASDE,75,QUOTATION,ESCOBILLON PLASTICO FIBRA LEOPARDO,30.0,635.0,DOP,escobillon|plastico|fibra|leopardo,COTIZACIONES_0.2_b68c.xlsx | COTIZACIONES_DORALEX_SRL_bb53.xlsx | COTIZACIONES_DORALEX_f72a.xlsx
AG-0454,Guantes PARA Electricos,consu,Ferretería,Units,,,,False,False,False,SHARED,,,,2,,,,NEW_PRODUCT,1,2,MANUAL_REVIEW,MISSING_VALID_PRICE,NO_PRICE,,,,,,,,,guantes|para|electricos,COTIZACIONES_0.2_b68c.xlsx
AG-0455,Guantes DE Nitrilo MANGA CORTA,consu,Ferretería,Units,,,,False,False,False,SHARED,,,,2,85.0,85.0,85.0,NEW_PRODUCT,1,2,CREATE_SHARED_PRODUCT,,SINGLE,COTIZACIONES_0.2_b68c.xlsx,Cotizacion ASDE,78,QUOTATION,GUANTES DE NITRILO MANGA CORTA,50.0,85.0,DOP,guantes|nitrilo|manga|corta,COTIZACIONES_0.2_b68c.xlsx
AG-0456,GUANTE EXTRA GRIP XL 400XL GRX,consu,Ferretería,Units,,,,False,False,False,SHARED,,,,1,476.8,476.8,476.8,NEW_PRODUCT,1,1,CREATE_SHARED_PRODUCT,,SINGLE,COTIZACIONES_0.2_b68c.xlsx,Cotizacion ASDE,79,QUOTATION,GUANTE EXTRA GRIP  XL  400XL GRX,50.0,476.8,DOP,guante|extra|grip|xl|400xl|grx,COTIZACIONES_0.2_b68c.xlsx
AG-0457,Guantes PUNTO PVC 10 76133 KENDO,consu,Plomería,Units,,,,False,False,False,SHARED,,,,1,44.88,44.88,44.88,NEW_PRODUCT,1,1,CREATE_SHARED_PRODUCT,,SINGLE,COTIZACIONES_0.2_b68c.xlsx,Cotizacion ASDE,80,QUOTATION,GUANTES PUNTO PVC 10  76133 KENDO,106.0,44.88,DOP,guantes|punto|pvc|10|76133|kendo,COTIZACIONES_0.2_b68c.xlsx
AG-0458,JUEGO DE Destornilladores 8 EN 1 85115 KENDO,consu,Herramientas,Units,,,,False,False,False,SHARED,,,,1,734.0,734.0,734.0,NEW_PRODUCT,1,1,CREATE_SHARED_PRODUCT,,SINGLE,COTIZACIONES_0.2_b68c.xlsx,Cotizacion ASDE,81,QUOTATION,"JUEGO DE DESTORNILLADORES 8 EN 1  85115 
KENDO",5.0,734.0,DOP,juego|destornilladores|8|1|85115|kendo,COTIZACIONES_0.2_b68c.xlsx
AG-0459,LLAVE Stilson 12'' 50183 KENDO,consu,Ferretería,Units,,,,False,False,False,SHARED,,,,1,462.0,462.0,462.0,NEW_PRODUCT,1,1,CREATE_SHARED_PRODUCT,,SINGLE,COTIZACIONES_0.2_b68c.xlsx,Cotizacion ASDE,83,QUOTATION,LLAVE STILSON 12''  50183 KENDO,5.0,462.0,DOP,llave|stilson|12|50183|kendo,COTIZACIONES_0.2_b68c.xlsx
AG-0460,Lampara LED T/cobra 100W EMSOL,consu,Material eléctrico,Units,,,power=100W,False,False,False,SHARED,,,,2,4600.0,4600.0,4600.0,NEW_PRODUCT,2,2,CREATE_SHARED_PRODUCT,,MAX,COTIZACIONES_0.2_b68c.xlsx,Cotizacion ASDE,84,QUOTATION,LAMPARA LED T/COBRA 100W EMSOL,300.0,4600.0,DOP,lampara|led|t/cobra|100|w|emsol|100W,COTIZACIONES_0.2_b68c.xlsx | COTIZACIONES_DORALEX_SRL_bb53.xlsx
AG-0461,Lampara TIPO COBRA 150 W,consu,Ferretería,Units,,,power=150W,False,False,False,SHARED,,,,1,5300.0,5300.0,5300.0,NEW_PRODUCT,1,1,CREATE_SHARED_PRODUCT,,SINGLE,COTIZACIONES_0.2_b68c.xlsx,Cotizacion ASDE,85,QUOTATION,LAMPARA TIPO COBRA 150 W,200.0,5300.0,DOP,lampara|tipo|cobra|150|w|150W,COTIZACIONES_0.2_b68c.xlsx
AG-0462,Lampara LED T/cobra 200W EMSOL,consu,Material eléctrico,Units,,,power=200W,False,False,False,SHARED,,,,1,5760.0,5760.0,5760.0,NEW_PRODUCT,1,1,CREATE_SHARED_PRODUCT,,SINGLE,COTIZACIONES_0.2_b68c.xlsx,Cotizacion ASDE,86,QUOTATION,LAMPARA LED T/COBRA 200W EMSOL,300.0,5760.0,DOP,lampara|led|t/cobra|200|w|emsol|200W,COTIZACIONES_0.2_b68c.xlsx
AG-0463,Reflector DE 500 W LED,consu,Material eléctrico,Units,,,power=500W,False,False,False,SHARED,,,,2,,,,NEW_PRODUCT,1,2,MANUAL_REVIEW,MISSING_VALID_PRICE,NO_PRICE,,,,,,,,,reflector|500|w|led|500W,COTIZACIONES_0.2_b68c.xlsx
AG-0464,LLANA LISA M/madera (llm-6l) 15406 TRUPER,consu,Herramientas,Units,Truper,,presentation=6 l,False,False,False,SHARED,,,,1,376.0,376.0,376.0,NEW_PRODUCT,1,1,CREATE_SHARED_PRODUCT,,SINGLE,COTIZACIONES_0.2_b68c.xlsx,Cotizacion ASDE,88,QUOTATION,LLANA LISA M/MADERA (LLM-6L)  15406 TRUPER,20.0,376.0,DOP,llana|lisa|m/madera|llm-6l|15406|truper|6 l,COTIZACIONES_0.2_b68c.xlsx
AG-0465,MALLA 6X50-C9,consu,Ferretería,Units,,,,False,False,False,SHARED,,,,17,15075.98,16095.5,16095.5,NEW_PRODUCT,3,17,CREATE_SHARED_PRODUCT,,MAX,COTIZACIONES__REMPART_GROUP_2_3578.xlsx,COT ASDE (7),21,QUOTATION,MALLA 6X50-C9,6.0,16095.5,DOP,malla|6x50-c9,COTIZACIONES_0.2_b68c.xlsx | COTIZACIONES_DORALEX_SRL_bb53.xlsx | COTIZACIONES__REMPART_GROUP_2_3578.xlsx
AG-0466,Mandarria C/mango 16 LBS MD-16M TRUPER,consu,Herramientas,Units,Truper,,presentation=16 lbs,False,False,False,SHARED,,,,1,3643.0,3643.0,3643.0,NEW_PRODUCT,1,1,CREATE_SHARED_PRODUCT,,SINGLE,COTIZACIONES_0.2_b68c.xlsx,Cotizacion ASDE,90,QUOTATION,MANDARRIA C/MANGO 16 LBS  MD-16M TRUPER,15.0,3643.0,DOP,mandarria|c/mango|16|lb|md-16m|truper|16 lbs,COTIZACIONES_0.2_b68c.xlsx
AG-0467,Mortero P/panete NORMAL100L P.50 NORMAL (A-12) Antillana,consu,Ferretería,Units,,NORMAL100L,presentation=100 l model=NORMAL100L,False,False,False,SHARED,,,,1,417.6,417.6,417.6,NEW_PRODUCT,1,1,CREATE_SHARED_PRODUCT,,SINGLE,COTIZACIONES_0.2_b68c.xlsx,Cotizacion ASDE,91,QUOTATION,"MORTERO P/PANETE NORMAL100L P.50  NORMAL 
(A-12) ANTILLANA",50.0,417.6,DOP,mortero|p/panete|normal100l|p.50|normal|a-12|antillana|NORMAL100L|100 l,COTIZACIONES_0.2_b68c.xlsx
AG-0468,Barrena 1/2X6 Concreto IRWIN 14169,consu,Ferretería,Units,,,,False,False,False,SHARED,,,,1,3700.0,3700.0,3700.0,NEW_PRODUCT,1,1,CREATE_SHARED_PRODUCT,,SINGLE,COTIZACIONES_0.2_b68c.xlsx,Cotizacion ASDE,93,QUOTATION,BARRENA 1/2X6 CONCRETO IRWIN 14169,1.0,3700.0,DOP,barrena|1/2x6|concreto|irwin|14169,COTIZACIONES_0.2_b68c.xlsx
AG-0469,Barrena 1/4X6 Concreto IRWIN 14153 T/H,consu,Ferretería,Units,,,,False,False,False,SHARED,,,,1,2750.0,2750.0,2750.0,NEW_PRODUCT,1,1,CREATE_SHARED_PRODUCT,,SINGLE,COTIZACIONES_0.2_b68c.xlsx,Cotizacion ASDE,94,QUOTATION,BARRENA 1/4X6 CONCRETO IRWIN 14153 T/H,1.0,2750.0,DOP,barrena|1/4x6|concreto|irwin|14153|t/h,COTIZACIONES_0.2_b68c.xlsx
AG-0470,Barrena 3/16 X 3 1/2 Concreto IRWIN IW977,consu,Ferretería,Units,,IW977,caliber=3/16 model=IW977,False,False,False,SHARED,,,,1,1800.0,1800.0,1800.0,NEW_PRODUCT,1,1,CREATE_SHARED_PRODUCT,,SINGLE,COTIZACIONES_0.2_b68c.xlsx,Cotizacion ASDE,95,QUOTATION,BARRENA 3/16 X 3 1/2 CONCRETO IRWIN IW977,1.0,1800.0,DOP,barrena|3/16|x|3|1/2|concreto|irwin|iw977|3/16|IW977,COTIZACIONES_0.2_b68c.xlsx
AG-0471,Barrena 3/8 Concreto IRWIN,consu,Ferretería,Units,,,caliber=3/8,False,False,False,SHARED,,,,2,295.0,,,NEW_PRODUCT,2,2,MANUAL_REVIEW,PRICE_OUTLIER_REVIEW;MISSING_VALID_PRICE,PRICE_OUTLIER_REVIEW,,,,,,,,,barrena|3/8|concreto|irwin|3/8,COTIZACIONES_0.2_b68c.xlsx | COTIZACIONES__REMPART_GROUP_2_3578.xlsx
AG-0472,Medidor Distancia LASER 60MT 35532 KENDO,consu,Ferretería,Units,,,,False,False,False,SHARED,,,,1,2398.4,2398.4,2398.4,NEW_PRODUCT,1,1,CREATE_SHARED_PRODUCT,,SINGLE,COTIZACIONES_0.2_b68c.xlsx,Cotizacion ASDE,97,QUOTATION,MEDIDOR DISTANCIA LASER 60MT  35532 KENDO,5.0,2398.4,DOP,medidor|distancia|laser|60|mt|35532|kendo,COTIZACIONES_0.2_b68c.xlsx
AG-0473,"NIVEL Mediano KENDO MODELO 35256 DE 32""",consu,Ferretería,Units,,,"size=32""",False,False,False,SHARED,,,,4,705.95,705.95,705.95,NEW_PRODUCT,3,4,CREATE_SHARED_PRODUCT,,MAX,COTIZACIONES_0.2_b68c.xlsx,Cotizacion ASDE,99,QUOTATION,"NIVEL MEDIANO KENDO MODELO 35256 DE 32""",22.0,705.95,DOP,"nivel|mediano|kendo|modelo|35256|32""|32""",COTIZACIONES_0.2_b68c.xlsx | COTIZACIONES_DORALEX_SRL_bb53.xlsx | COTIZACIONES_DORALEX_f72a.xlsx
AG-0474,Odometro MEDIR Distancia METRO 15830 TRUPER,consu,Herramientas,Units,Truper,,,False,False,False,SHARED,,,,1,1947.2,1947.2,1947.2,NEW_PRODUCT,1,1,CREATE_SHARED_PRODUCT,,SINGLE,COTIZACIONES_0.2_b68c.xlsx,Cotizacion ASDE,100,QUOTATION,"ODOMETRO MEDIR DISTANCIA METRO  15830 
TRUPER",10.0,1947.2,DOP,odometro|medir|distancia|metro|15830|truper,COTIZACIONES_0.2_b68c.xlsx
AG-0475,PALA DE CORTE C/mango 77424/404 Tramontina,consu,Ferretería,Units,,,caliber=77424/404,False,False,False,SHARED,,,,1,930.0,930.0,930.0,NEW_PRODUCT,1,1,CREATE_SHARED_PRODUCT,,SINGLE,COTIZACIONES_0.2_b68c.xlsx,Cotizacion ASDE,102,QUOTATION,PALA DE CORTE C/MANGO  77424/404 TRAMONTINA,10.0,930.0,DOP,pala|corte|c/mango|77424/404|tramontina|77424/404,COTIZACIONES_0.2_b68c.xlsx
AG-0476,PALA Redonda C/mango 17160PRY-P TRUPER,consu,Herramientas,Units,Truper,,,False,False,False,SHARED,,,,2,1096.0,1096.0,1096.0,NEW_PRODUCT,2,2,CREATE_SHARED_PRODUCT,,MAX,COTIZACIONES_0.2_b68c.xlsx,Cotizacion ASDE,103,QUOTATION,PALA REDONDA C/MANGO  17160PRY-P TRUPER,20.0,1096.0,DOP,pala|redonda|c/mango|17160pry-p|truper,COTIZACIONES_0.2_b68c.xlsx | COTIZACIONES__REMPART_GROUP_2_3578.xlsx
AG-0477,Zapapico CON MANGO 5LBS 77303/553 Tramontina,consu,Ferretería,Units,,,caliber=77303/553 presentation=5 lbs,False,False,False,SHARED,,,,1,1571.2,1571.2,1571.2,NEW_PRODUCT,1,1,CREATE_SHARED_PRODUCT,,SINGLE,COTIZACIONES_0.2_b68c.xlsx,Cotizacion ASDE,104,QUOTATION,"ZAPAPICO CON MANGO 5LBS  77303/553 
TRAMONTINA",32.0,1571.2,DOP,zapapico|mango|5|lb|77303/553|tramontina|77303/553|5 lbs,COTIZACIONES_0.2_b68c.xlsx
AG-0478,PALO P/PARA PICO,consu,Ferretería,Units,,,,False,False,False,SHARED,,,,1,,,,NEW_PRODUCT,1,1,MANUAL_REVIEW,MISSING_VALID_PRICE,NO_PRICE,,,,,,,,,palo|p/para|pico,COTIZACIONES_0.2_b68c.xlsx
AG-0479,PINZA DE PUNTA 8 PRETUL 22627,consu,Ferretería,Units,,,,False,False,False,SHARED,,,,1,650.0,650.0,650.0,NEW_PRODUCT,1,1,CREATE_SHARED_PRODUCT,,SINGLE,COTIZACIONES_0.2_b68c.xlsx,Cotizacion ASDE,107,QUOTATION,PINZA DE PUNTA 8 PRETUL 22627,10.0,650.0,DOP,pinza|punta|8|pretul|22627,COTIZACIONES_0.2_b68c.xlsx
AG-0480,PORTA ROLO PA-576-19 LANCO,consu,Ferretería,Units,,PA-576-19,model=PA-576-19,False,False,False,SHARED,,,,7,220.0,225.0,225.0,NEW_PRODUCT,3,7,CREATE_SHARED_PRODUCT,,MAX,COTIZACIONES_DORALEX_SRL_bb53.xlsx,Cotizacion (61).......,34,QUOTATION,PORTA ROLO PA-576-19 LANCO,50.0,225.0,DOP,porta|rolo|pa-576-19|lanco|PA-576-19,COTIZACIONES_0.2_b68c.xlsx | COTIZACIONES_DORALEX_SRL_bb53.xlsx | COTIZACIONES_DORALEX_f72a.xlsx
AG-0481,PLANA P/albañil 7'' 45204 KENDO,consu,Ferretería,Units,,,,False,False,False,SHARED,,,,1,212.0,212.0,212.0,NEW_PRODUCT,1,1,CREATE_SHARED_PRODUCT,,SINGLE,COTIZACIONES_0.2_b68c.xlsx,Cotizacion ASDE,111,QUOTATION,PLANA P/ALBAÑIL 7''  45204 KENDO,50.0,212.0,DOP,plana|p/albanil|7|45204|kendo,COTIZACIONES_0.2_b68c.xlsx
AG-0482,Pulidora 4 1/2 - 1 000W STGS1011 Stanley,consu,Ferretería,Units,,STGS1011,caliber=1/2 power=000W model=STGS1011,False,False,False,SHARED,,,,1,4512.0,4512.0,4512.0,NEW_PRODUCT,1,1,CREATE_SHARED_PRODUCT,,SINGLE,COTIZACIONES_0.2_b68c.xlsx,Cotizacion ASDE,112,QUOTATION,PULIDORA  4 1/2 - 1 000W  STGS1011 STANLEY,5.0,4512.0,DOP,pulidora|4|1/2|-|1|000|w|stgs1011|1/2|STGS1011|000W,COTIZACIONES_0.2_b68c.xlsx
AG-0483,Rastrillo DE Asfalto PRETUL,consu,Ferretería,Units,,,,False,False,False,SHARED,,,,4,880.6,885.0,885.0,NEW_PRODUCT,3,4,CREATE_SHARED_PRODUCT,,MAX,COTIZACIONES_0.2_b68c.xlsx,Cotizacion ASDE,113,QUOTATION,RASTRILLO DE ASFALTO PRETUL,50.0,885.0,DOP,rastrillo|asfalto|pretul,COTIZACIONES_0.2_b68c.xlsx | COTIZACIONES_DORALEX_SRL_bb53.xlsx | COTIZACIONES_DORALEX_f72a.xlsx
AG-0484,Disluido Asfaltico RC2 5GL,consu,Ferretería,Gal,,,presentation=5 gl,False,False,False,SHARED,,,,1,3960.0,3960.0,3960.0,NEW_PRODUCT,1,1,CREATE_SHARED_PRODUCT,,SINGLE,COTIZACIONES_0.2_b68c.xlsx,Cotizacion ASDE,114,QUOTATION,DISLUIDO ASFALTICO RC2 5GL,165.0,3960.0,DOP,disluido|asfaltico|rc2|5|gal|5 gl,COTIZACIONES_0.2_b68c.xlsx
AG-0485,SIERRA Circular 7-1/4 1500W 10A DWE.5615,consu,Herramientas,Units,,,caliber=1/4 power=1500W,False,False,False,SHARED,,,,1,16108.8,16108.8,16108.8,NEW_PRODUCT,1,1,CREATE_SHARED_PRODUCT,,SINGLE,COTIZACIONES_0.2_b68c.xlsx,Cotizacion ASDE,116,QUOTATION,SIERRA CIRCULAR 7-1/4 1500W  10A  DWE.5615,5.0,16108.8,DOP,sierra|circular|7-1/4|1500|w|10a|dwe.5615|1/4|1500W,COTIZACIONES_0.2_b68c.xlsx
AG-0486,Varilla P/soldar 3/32 C/10LBS E-6013 Universal,consu,Construcción,Units,,E-6013,caliber=3/32 presentation=10 lbs model=E-6013,False,False,False,SHARED,,,,1,1649.4,1649.4,1649.4,NEW_PRODUCT,1,1,CREATE_SHARED_PRODUCT,,SINGLE,COTIZACIONES_0.2_b68c.xlsx,Cotizacion ASDE,117,QUOTATION,VARILLA P/SOLDAR 3/32 C/10LBS  E-6013 UNIVERSAL,100.0,1649.4,DOP,varilla|p/soldar|3/32|c/10|lb|e-6013|universal|3/32|E-6013|10 lbs,COTIZACIONES_0.2_b68c.xlsx
AG-0487,Varilla P/soldar 1/8 C/10LBS E-7018 Universal,consu,Construcción,Units,,E-7018,caliber=1/8 presentation=10 lbs model=E-7018,False,False,False,SHARED,,,,1,2016.0,2016.0,2016.0,NEW_PRODUCT,1,1,CREATE_SHARED_PRODUCT,,SINGLE,COTIZACIONES_0.2_b68c.xlsx,Cotizacion ASDE,118,QUOTATION,VARILLA P/SOLDAR 1/8 C/10LBS  E-7018 UNIVERSAL,100.0,2016.0,DOP,varilla|p/soldar|1/8|c/10|lb|e-7018|universal|1/8|E-7018|10 lbs,COTIZACIONES_0.2_b68c.xlsx
AG-0488,Pintura SPRAY ROJO CHINO 23 Scarlata Smartlife,consu,Pinturas,Units,,,,False,False,False,SHARED,,,,1,182.0,182.0,182.0,NEW_PRODUCT,1,1,CREATE_SHARED_PRODUCT,,SINGLE,COTIZACIONES_0.2_b68c.xlsx,Cotizacion ASDE,119,QUOTATION,"PINTURA SPRAY ROJO CHINO 23   SCARLATA 
SMARTLIFE",50.0,182.0,DOP,pintura|spray|rojo|chino|23|scarlata|smartlife,COTIZACIONES_0.2_b68c.xlsx
AG-0489,Taladro Rotamartillo 1/2 1200W,consu,Herramientas,Units,,,caliber=1/2 power=1200W,False,False,False,SHARED,,,,1,14931.0,14931.0,14931.0,NEW_PRODUCT,1,1,CREATE_SHARED_PRODUCT,,SINGLE,COTIZACIONES_0.2_b68c.xlsx,Cotizacion ASDE,120,QUOTATION,TALADRO ROTAMARTILLO 1/2 1200W,3.0,14931.0,DOP,taladro|rotamartillo|1/2|1200|w|1/2|1200W,COTIZACIONES_0.2_b68c.xlsx
AG-0490,Taladro TRUPER 1/2 600W,consu,Herramientas,Units,Truper,,caliber=1/2 power=600W,False,False,False,SHARED,,,,1,6400.0,6400.0,6400.0,NEW_PRODUCT,1,1,CREATE_SHARED_PRODUCT,,SINGLE,COTIZACIONES_0.2_b68c.xlsx,Cotizacion ASDE,121,QUOTATION,TALADRO TRUPER 1/2 600W,3.0,6400.0,DOP,taladro|truper|1/2|600|w|1/2|600W,COTIZACIONES_0.2_b68c.xlsx
AG-0491,TAPE DE VINIL 3M-33 SCOTCH,consu,Ferretería,Units,,,,False,False,False,SHARED,,,,5,939.0,939.8,939.8,NEW_PRODUCT,3,5,CREATE_SHARED_PRODUCT,,MAX,COTIZACIONES_DORALEX_SRL_bb53.xlsx,Cot Licitacion ASDE,45,QUOTATION,TAPE DE VINIL 3M-33 SCOTCH,30.0,939.8,DOP,tape|vinil|3m-33|scotch,COTIZACIONES_0.2_b68c.xlsx | COTIZACIONES_DORALEX_SRL_bb53.xlsx | COTIZACIONES_DORALEX_f72a.xlsx
AG-0492,Tornillo Hexagonal 5/8X2,consu,Ferretería,Units,,,,False,False,False,SHARED,,,,1,10.0,10.0,10.0,NEW_PRODUCT,1,1,CREATE_SHARED_PRODUCT,,SINGLE,COTIZACIONES_0.2_b68c.xlsx,Cotizacion ASDE,124,QUOTATION,TORNILLO HEXAGONAL 5/8X2,100.0,10.0,DOP,tornillo|hexagonal|5/8x2,COTIZACIONES_0.2_b68c.xlsx
AG-0493,TUERCA DE 5/8,consu,Ferretería,Units,,,caliber=5/8,False,False,False,SHARED,,,,2,10.0,10.0,10.0,NEW_PRODUCT,1,2,CREATE_SHARED_PRODUCT,,SINGLE,COTIZACIONES_0.2_b68c.xlsx,Cotizacion ASDE,125,QUOTATION,TUERCA DE 5/8,100.0,10.0,DOP,tuerca|5/8|5/8,COTIZACIONES_0.2_b68c.xlsx
AG-0494,Arandela PLANA 5/8,consu,Ferretería,Units,,,caliber=5/8,False,False,False,SHARED,,,,1,10.0,10.0,10.0,NEW_PRODUCT,1,1,CREATE_SHARED_PRODUCT,,SINGLE,COTIZACIONES_0.2_b68c.xlsx,Cotizacion ASDE,126,QUOTATION,ARANDELA PLANA 5/8,100.0,10.0,DOP,arandela|plana|5/8|5/8,COTIZACIONES_0.2_b68c.xlsx
AG-0495,Amperimetro Digital MUT-202 TRUPER,consu,Herramientas,Units,Truper,MUT-202,model=MUT-202,False,False,False,SHARED,,,,1,2608.0,2608.0,2608.0,NEW_PRODUCT,1,1,CREATE_SHARED_PRODUCT,,SINGLE,COTIZACIONES_0.2_b68c.xlsx,Cotizacion ASDE,127,QUOTATION,AMPERIMETRO DIGITAL  MUT-202 TRUPER,3.0,2608.0,DOP,amperimetro|digital|mut-202|truper|MUT-202,COTIZACIONES_0.2_b68c.xlsx
AG-0496,TUBO PVC 12X19 SDR41 CORVI,consu,Plomería,Units,,SDR41,model=SDR41,False,False,False,SHARED,,,,1,20351.68,20351.68,20351.68,NEW_PRODUCT,1,1,CREATE_SHARED_PRODUCT,,SINGLE,COTIZACIONES_0.2_b68c.xlsx,Cotizacion ASDE,128,QUOTATION,TUBO PVC 12X19  SDR41 CORVI,50.0,20351.68,DOP,tubo|pvc|12x19|sdr41|corvi|SDR41,COTIZACIONES_0.2_b68c.xlsx
AG-0497,TUBO PVC 8X19 SDR41 CORVI,consu,Plomería,Units,,SDR41,model=SDR41,False,False,False,SHARED,,,,1,8309.12,8309.12,8309.12,NEW_PRODUCT,1,1,CREATE_SHARED_PRODUCT,,SINGLE,COTIZACIONES_0.2_b68c.xlsx,Cotizacion ASDE,129,QUOTATION,TUBO PVC 8X19  SDR41 CORVI,50.0,8309.12,DOP,tubo|pvc|8x19|sdr41|corvi|SDR41,COTIZACIONES_0.2_b68c.xlsx
AG-0498,VALLA DE Senalizacion EN METAL (hombres Trabajando),consu,Ferretería,Units,,,,False,False,False,SHARED,,,,2,9600.0,9600.0,9600.0,NEW_PRODUCT,1,2,CREATE_SHARED_PRODUCT,,SINGLE,COTIZACIONES_0.2_b68c.xlsx,Cotizacion ASDE,130,QUOTATION,VALLA DE SENALIZACION EN METAL (HOMBRES TRABAJANDO),100.0,9600.0,DOP,valla|senalizacion|metal|hombres|trabajando,COTIZACIONES_0.2_b68c.xlsx
AG-0499,PINO AMER BRUTO 1680 PIES 1.0x04x12 American,consu,Ferretería,Units,,,capacity=1680 pies,False,False,False,SHARED,,,,1,114.0,114.0,114.0,NEW_PRODUCT,1,1,CREATE_SHARED_PRODUCT,,SINGLE,COTIZACIONES_0.2_b68c.xlsx,Cotizacion ASDE,135,QUOTATION,"PINO AMER BRUTO 1680 PIES 1.0x04x12 
AMERICAN",420.0,114.0,DOP,pino|amer|bruto|1680|pies|1.0x04x12|american|1680 pies,COTIZACIONES_0.2_b68c.xlsx
AG-0500,MADERA 2X4X12,consu,Ferretería,Units,,,,False,False,False,SHARED,,,,2,,,,NEW_PRODUCT,1,2,MANUAL_REVIEW,MISSING_VALID_PRICE,NO_PRICE,,,,,,,,,madera|2x4x12,COTIZACIONES_0.2_b68c.xlsx
AG-0501,PAB2612 PINO AMER BRUTO 336 PIES 2.0x06x12 American,consu,Ferretería,Units,,PAB2612,capacity=336 pies model=PAB2612,False,False,False,SHARED,,,,1,96.0,96.0,96.0,NEW_PRODUCT,1,1,CREATE_SHARED_PRODUCT,,SINGLE,COTIZACIONES_0.2_b68c.xlsx,Cotizacion ASDE,137,QUOTATION,PAB2612 PINO AMER BRUTO 336 PIES 2.0x06x12 AMERICAN,28.0,96.0,DOP,pab2612|pino|amer|bruto|336|pies|2.0x06x12|american|336 pies|PAB2612,COTIZACIONES_0.2_b68c.xlsx
AG-0502,Granzote GRUESO,consu,Ferretería,m³,,,,False,False,False,SHARED,,,,1,1260.0,1260.0,1260.0,NEW_PRODUCT,1,1,CREATE_SHARED_PRODUCT,,SINGLE,COTIZACIONES_0.2_b68c.xlsx,Cotizacion ASDE,138,QUOTATION,GRANZOTE GRUESO,500.0,1260.0,DOP,granzote|grueso,COTIZACIONES_0.2_b68c.xlsx
AG-0503,Andamios 6X3 Completos,consu,Ferretería,Units,,,,False,False,False,SHARED,,,,2,,,,NEW_PRODUCT,1,2,MANUAL_REVIEW,MISSING_VALID_PRICE,NO_PRICE,,,,,,,,,andamios|6x3|completos,COTIZACIONES_0.2_b68c.xlsx
AG-0504,CINTA Precaucion AMAR 3''x1000' BTCC31000G Gripite,consu,Ferretería,Units,,X1000,model=X1000,False,False,False,SHARED,,,,1,1619.2,1619.2,1619.2,NEW_PRODUCT,1,1,CREATE_SHARED_PRODUCT,,SINGLE,COTIZACIONES_0.2_b68c.xlsx,Cotizacion ASDE,140,QUOTATION,CINTA PRECAUCION AMAR  3''X1000'  BTCC31000G GRIPITE,50.0,1619.2,DOP,cinta|precaucion|amar|3|x1000|btcc31000g|gripite|X1000,COTIZACIONES_0.2_b68c.xlsx
AG-0505,MALLA Senalizacion MAMEY 4'x100' BFW4100E Griprite,consu,Ferretería,Units,,X100,model=X100,False,False,False,SHARED,,,,1,2864.0,2864.0,2864.0,NEW_PRODUCT,1,1,CREATE_SHARED_PRODUCT,,SINGLE,COTIZACIONES_0.2_b68c.xlsx,Cotizacion ASDE,141,QUOTATION,"MALLA SENALIZACION MAMEY 4'X100'  BFW4100E 
GRIPRITE",5.0,2864.0,DOP,malla|senalizacion|mamey|4|x100|bfw4100e|griprite|X100,COTIZACIONES_0.2_b68c.xlsx
AG-0506,TUBO PARA MALLA 1 1/2 X 15 S/rosca Generico,consu,Plomería,Units,Generico,,caliber=1/2,False,False,False,SHARED,,,,1,708.0,708.0,708.0,NEW_PRODUCT,1,1,CREATE_SHARED_PRODUCT,,SINGLE,COTIZACIONES_0.2_b68c.xlsx,Cotizacion ASDE,143,QUOTATION,TUBO PARA MALLA 1 1/2 x 15  S/ROSCA GENERICO,400.0,708.0,DOP,tubo|para|malla|1|1/2|x|15|s/rosca|1/2,COTIZACIONES_0.2_b68c.xlsx
AG-0507,TUBO PARA MALLA 1 1/4 X20 S/rosca Generico,consu,Plomería,Units,Generico,,caliber=1/4,False,False,False,SHARED,,,,1,881.6,881.6,881.6,NEW_PRODUCT,1,1,CREATE_SHARED_PRODUCT,,SINGLE,COTIZACIONES_0.2_b68c.xlsx,Cotizacion ASDE,144,QUOTATION,TUBO PARA MALLA 1 1/4 x20  S/ROSCA GENERICO,400.0,881.6,DOP,tubo|para|malla|1|1/4|x20|s/rosca|generico|1/4,COTIZACIONES_0.2_b68c.xlsx
AG-0508,MALLA Elect/s D2.5X D2.5X20X20 ROLLO 40MT/ 2.74 QQ Generico,consu,Ferretería,Units,Generico,,,False,False,False,SHARED,,,,1,12113.6,12113.6,12113.6,NEW_PRODUCT,1,1,CREATE_SHARED_PRODUCT,,SINGLE,COTIZACIONES_0.2_b68c.xlsx,Cotizacion ASDE,145,QUOTATION,"MALLA ELECT/S D2.5X D2.5X20X20  ROLLO 40MT/ 2.74
QQ GENERICO",100.0,12113.6,DOP,malla|elect/s|d2.5x|d2.5x20x20|rollo|40|mt/|2.74,COTIZACIONES_0.2_b68c.xlsx
AG-0509,Bandeja P/pintar Profesional 9 CPR9 BYP,consu,Ferretería,Units,,CPR9,model=CPR9,False,False,False,SHARED,,,,1,156.0,156.0,156.0,NEW_PRODUCT,1,1,CREATE_SHARED_PRODUCT,,SINGLE,COTIZACIONES_0.2_b68c.xlsx,Cotizacion ASDE,147,QUOTATION,BANDEJA P/PINTAR PROFESIONAL 9  CPR9 BYP,25.0,156.0,DOP,bandeja|p/pintar|profesional|9|cpr9|byp|CPR9,COTIZACIONES_0.2_b68c.xlsx
AG-0510,Rotulos DE CALLE,consu,Ferretería,Units,,,,False,False,False,SHARED,,,,2,2400.0,2400.0,2400.0,NEW_PRODUCT,1,2,CREATE_SHARED_PRODUCT,,SINGLE,COTIZACIONES_0.2_b68c.xlsx,Cotizacion ASDE,148,QUOTATION,ROTULOS DE CALLE,500.0,2400.0,DOP,rotulos|calle,COTIZACIONES_0.2_b68c.xlsx
AG-0511,BOYAS Reductoras DE Velocidad 2 OJOS,consu,Ferretería,Units,,,,False,False,False,SHARED,,,,1,625.0,625.0,625.0,NEW_PRODUCT,1,1,CREATE_SHARED_PRODUCT,,SINGLE,COTIZACIONES_0.2_b68c.xlsx,Cotizacion ASDE,149,QUOTATION,BOYAS REDUCTORAS DE VELOCIDAD 2 OJOS,4000.0,625.0,DOP,boyas|reductoras|velocidad|2|ojos,COTIZACIONES_0.2_b68c.xlsx
AG-0512,HILO NYLON BLANCO NO.18 NO.18 Ballena,consu,Ferretería,Units,,,,False,False,False,SHARED,,,,1,126.0,126.0,126.0,NEW_PRODUCT,1,1,CREATE_SHARED_PRODUCT,,SINGLE,COTIZACIONES_0.2_b68c.xlsx,Cotizacion ASDE,150,QUOTATION,HILO NYLON BLANCO NO.18  NO.18 BALLENA,5.0,126.0,DOP,hilo|nylon|blanco|no.18|no.18|ballena,COTIZACIONES_0.2_b68c.xlsx
AG-0513,Espatula METAL 4'' PA-2292-19 LANCO,consu,Ferretería,Units,,PA-2292-19,model=PA-2292-19,False,False,False,SHARED,,,,1,220.0,220.0,220.0,NEW_PRODUCT,1,1,CREATE_SHARED_PRODUCT,,SINGLE,COTIZACIONES_0.2_b68c.xlsx,Cotizacion ASDE,151,QUOTATION,ESPATULA METAL 4''  PA-2292-19 LANCO,200.0,220.0,DOP,espatula|metal|4|pa-2292-19|lanco|PA-2292-19,COTIZACIONES_0.2_b68c.xlsx
AG-0514,PROA LA URENA- Ayuntamiento SANTO Domingo ESTE,consu,Ferretería,Units,,,,False,False,False,SHARED,,,,1,,,,NEW_PRODUCT,1,1,MANUAL_REVIEW,MISSING_VALID_PRICE,NO_PRICE,,,,,,,,,proa|urena-|ayuntamiento|santo|domingo|este,COTIZACIONES_0.2_b68c.xlsx
AG-0515,Construcción Pandereta DE Sheetrock,consu,Ferretería,Units,,,,False,False,False,SHARED,,,,7,40000.0,75400.0,75400.0,NEW_PRODUCT,2,7,CREATE_SHARED_PRODUCT,,MAX,COTIZACIONES__REMPART_GROUP_2_3578.xlsx,COTIZACION 2,17,QUOTATION,CONSTRUCCION pandereta en sheetrock,1.0,75400.0,DOP,construccion|pandereta|sheetrock,COTIZACIONES_0.2_b68c.xlsx | COTIZACIONES__REMPART_GROUP_2_3578.xlsx
AG-0516,Mocheta Y Canto (1 Hueco),consu,Ferretería,Units,,,,False,False,False,SHARED,,,,1,7865.61,7865.61,7865.61,NEW_PRODUCT,1,1,CREATE_SHARED_PRODUCT,,SINGLE,COTIZACIONES_0.2_b68c.xlsx,Cotizacion ASDE 9 (2),19,QUOTATION,Mocheta y canto (1 Hueco),1.0,7865.61,DOP,mocheta|canto|1|hueco,COTIZACIONES_0.2_b68c.xlsx
AG-0517,Plancha Sheetrock,consu,Ferretería,Units,,,,False,False,False,SHARED,,,,1,650.0,650.0,650.0,NEW_PRODUCT,1,1,CREATE_SHARED_PRODUCT,,SINGLE,COTIZACIONES_0.2_b68c.xlsx,Cotizacion ASDE 9 (2),20,QUOTATION,Plancha Sheetrock,0.5,650.0,DOP,plancha|sheetrock,COTIZACIONES_0.2_b68c.xlsx
AG-0518,Paral De Metal 2 1/2,consu,Ferretería,Units,,,caliber=1/2,False,False,False,SHARED,,,,1,500.0,500.0,500.0,NEW_PRODUCT,1,1,CREATE_SHARED_PRODUCT,,SINGLE,COTIZACIONES_0.2_b68c.xlsx,Cotizacion ASDE 9 (2),21,QUOTATION,Paral de metal 2 1/2,3.0,500.0,DOP,paral|metal|2|1/2|1/2,COTIZACIONES_0.2_b68c.xlsx
AG-0519,Madera Bruta Pino Americano 1x2'' De 2.10 Mt,consu,Ferretería,Units,Cano,,,False,False,False,SHARED,,,,1,450.0,450.0,450.0,NEW_PRODUCT,1,1,CREATE_SHARED_PRODUCT,,SINGLE,COTIZACIONES_0.2_b68c.xlsx,Cotizacion ASDE 9 (2),22,QUOTATION,Madera bruta pino americano 1x2'' de 2.10 mt,2.0,450.0,DOP,madera|bruta|pino|americano|1x2|2.10|mt,COTIZACIONES_0.2_b68c.xlsx
AG-0520,Esquinero,consu,Ferretería,Units,,,,False,False,False,SHARED,,,,1,300.0,300.0,300.0,NEW_PRODUCT,1,1,CREATE_SHARED_PRODUCT,,SINGLE,COTIZACIONES_0.2_b68c.xlsx,Cotizacion ASDE 9 (2),23,QUOTATION,Esquinero,5.0,300.0,DOP,esquinero,COTIZACIONES_0.2_b68c.xlsx
AG-0521,Tornillo De 2'',consu,Ferretería,Units,,,,False,False,False,SHARED,,,,1,200.0,200.0,200.0,NEW_PRODUCT,1,1,CREATE_SHARED_PRODUCT,,SINGLE,COTIZACIONES_0.2_b68c.xlsx,Cotizacion ASDE 9 (2),24,QUOTATION,Tornillo de 2'',0.5,200.0,DOP,tornillo|2,COTIZACIONES_0.2_b68c.xlsx
AG-0522,Cinta De Papel,consu,Oficina,Units,,,,False,False,False,SHARED,,,,1,350.0,350.0,350.0,NEW_PRODUCT,1,1,CREATE_SHARED_PRODUCT,,SINGLE,COTIZACIONES_0.2_b68c.xlsx,Cotizacion ASDE 9 (2),25,QUOTATION,Cinta de Papel,0.25,350.0,DOP,cinta|papel,COTIZACIONES_0.2_b68c.xlsx
AG-0523,Material,consu,Ferretería,Gal,,,,False,False,False,SHARED,,,,1,3000.0,3000.0,3000.0,NEW_PRODUCT,1,1,CREATE_SHARED_PRODUCT,,SINGLE,COTIZACIONES_0.2_b68c.xlsx,Cotizacion ASDE 9 (2),26,QUOTATION,Material,0.25,3000.0,DOP,material,COTIZACIONES_0.2_b68c.xlsx
AG-0524,Lija De Agua,consu,Ferretería,Units,,,,False,False,False,SHARED,,,,1,100.0,100.0,100.0,NEW_PRODUCT,1,1,CREATE_SHARED_PRODUCT,,SINGLE,COTIZACIONES_0.2_b68c.xlsx,Cotizacion ASDE 9 (2),27,QUOTATION,Lija de agua,1.0,100.0,DOP,lija|agua,COTIZACIONES_0.2_b68c.xlsx
AG-0525,Ayudante (AY),consu,Ferretería,Units,,,,False,False,False,SHARED,,,,1,250.0,250.0,250.0,NEW_PRODUCT,1,1,CREATE_SHARED_PRODUCT,,SINGLE,COTIZACIONES_0.2_b68c.xlsx,Cotizacion ASDE 9 (2),28,QUOTATION,Ayudante (AY),1.0,250.0,DOP,ayudante|ay,COTIZACIONES_0.2_b68c.xlsx
AG-0526,Trabajador De 2da Categoría (T2),consu,Ferretería,Units,,,,False,False,False,SHARED,,,,1,520.0,520.0,520.0,NEW_PRODUCT,1,1,CREATE_SHARED_PRODUCT,,SINGLE,COTIZACIONES_0.2_b68c.xlsx,Cotizacion ASDE 9 (2),29,QUOTATION,Trabajador de 2da Categoría (T2),1.0,520.0,DOP,trabajador|2da|categoria|t2,COTIZACIONES_0.2_b68c.xlsx
AG-0527,Total 22,consu,Ferretería,Units,,,,False,False,False,SHARED,,,,1,7865.61,7865.61,7865.61,NEW_PRODUCT,1,1,CREATE_SHARED_PRODUCT,,SINGLE,COTIZACIONES_0.2_b68c.xlsx,Cotizacion ASDE 9 (2),31,QUOTATION,Total 22,1.0,7865.61,DOP,total|22,COTIZACIONES_0.2_b68c.xlsx
AG-0528,Alambre VINIL 10/2,consu,Ferretería,ft,,,caliber=10/2,False,False,False,SHARED,,,,1,,,,NEW_PRODUCT,1,1,MANUAL_REVIEW,MISSING_VALID_PRICE,NO_PRICE,,,,,,,,,alambre|vinil|10/2|10/2,COTIZACIONES_0.2_b68c.xlsx
AG-0529,Angular DE 1/2X1/4,consu,Ferretería,Units,,,,False,False,False,SHARED,,,,1,,,,NEW_PRODUCT,1,1,MANUAL_REVIEW,MISSING_VALID_PRICE,NO_PRICE,,,,,,,,,angular|1/2x1/4,COTIZACIONES_0.2_b68c.xlsx
AG-0530,Armario DE Oficina,consu,Ferretería,Units,,,,False,False,False,SHARED,,,,1,,,,NEW_PRODUCT,1,1,MANUAL_REVIEW,MISSING_VALID_PRICE,NO_PRICE,,,,,,,,,armario|oficina,COTIZACIONES_0.2_b68c.xlsx
AG-0531,Bombilla 65 W,consu,Ferretería,Units,,,power=65W,False,False,False,SHARED,,,,1,,,,NEW_PRODUCT,1,1,MANUAL_REVIEW,MISSING_VALID_PRICE,NO_PRICE,,,,,,,,,bombilla|65|w|65W,COTIZACIONES_0.2_b68c.xlsx
AG-0532,Bombillas MH 1500W,consu,Ferretería,Units,,,power=1500W,False,False,False,SHARED,,,,1,,,,NEW_PRODUCT,1,1,MANUAL_REVIEW,MISSING_VALID_PRICE,NO_PRICE,,,,,,,,,bombillas|mh|1500|w|1500W,COTIZACIONES_0.2_b68c.xlsx
AG-0533,Bombillas MH 1000W,consu,Ferretería,Units,,,power=1000W,False,False,False,SHARED,,,,1,,,,NEW_PRODUCT,1,1,MANUAL_REVIEW,MISSING_VALID_PRICE,NO_PRICE,,,,,,,,,bombillas|mh|1000|w|1000W,COTIZACIONES_0.2_b68c.xlsx
AG-0534,Bombillas MH 250W,consu,Ferretería,Units,,,power=250W,False,False,False,SHARED,,,,1,,,,NEW_PRODUCT,1,1,MANUAL_REVIEW,MISSING_VALID_PRICE,NO_PRICE,,,,,,,,,bombillas|mh|250|w|250W,COTIZACIONES_0.2_b68c.xlsx
AG-0535,BRAZOS DE 6 HG PARA Lampara,consu,Ferretería,Units,,,,False,False,False,SHARED,,,,1,,,,NEW_PRODUCT,1,1,MANUAL_REVIEW,MISSING_VALID_PRICE,NO_PRICE,,,,,,,,,brazos|6|hg|para|lampara,COTIZACIONES_0.2_b68c.xlsx
AG-0536,CEDAZO DE Construccion,consu,Ferretería,Units,,,,False,False,False,SHARED,,,,1,,,,NEW_PRODUCT,1,1,MANUAL_REVIEW,MISSING_VALID_PRICE,NO_PRICE,,,,,,,,,cedazo|construccion,COTIZACIONES_0.2_b68c.xlsx
AG-0537,LAMPRA LED TIPO COBRA 200 W,consu,Material eléctrico,Units,,,power=200W,False,False,False,SHARED,,,,1,,,,NEW_PRODUCT,1,1,MANUAL_REVIEW,MISSING_VALID_PRICE,NO_PRICE,,,,,,,,,lampra|led|tipo|cobra|200|w|200W,COTIZACIONES_0.2_b68c.xlsx
AG-0538,MECHAS DE 1/2,consu,Ferretería,Units,,,caliber=1/2,False,False,False,SHARED,,,,1,,,,NEW_PRODUCT,1,1,MANUAL_REVIEW,MISSING_VALID_PRICE,NO_PRICE,,,,,,,,,mechas|1/2|1/2,COTIZACIONES_0.2_b68c.xlsx
AG-0539,MECHAS DE 1/4,consu,Ferretería,Units,,,caliber=1/4,False,False,False,SHARED,,,,1,,,,NEW_PRODUCT,1,1,MANUAL_REVIEW,MISSING_VALID_PRICE,NO_PRICE,,,,,,,,,mechas|1/4|1/4,COTIZACIONES_0.2_b68c.xlsx
AG-0540,MECHAS DE 3/16,consu,Ferretería,Units,,,caliber=3/16,False,False,False,SHARED,,,,1,,,,NEW_PRODUCT,1,1,MANUAL_REVIEW,MISSING_VALID_PRICE,NO_PRICE,,,,,,,,,mechas|3/16|3/16,COTIZACIONES_0.2_b68c.xlsx
AG-0541,MECHAS DE 3/8,consu,Ferretería,Units,,,caliber=3/8,False,False,False,SHARED,,,,1,,,,NEW_PRODUCT,1,1,MANUAL_REVIEW,MISSING_VALID_PRICE,NO_PRICE,,,,,,,,,mechas|3/8|3/8,COTIZACIONES_0.2_b68c.xlsx
AG-0542,PALA DE PICO,consu,Ferretería,Units,,,,False,False,False,SHARED,,,,1,,,,NEW_PRODUCT,1,1,MANUAL_REVIEW,MISSING_VALID_PRICE,NO_PRICE,,,,,,,,,pala|pico,COTIZACIONES_0.2_b68c.xlsx
AG-0543,PINZA DE CORTE,consu,Ferretería,Units,,,,False,False,False,SHARED,,,,1,,,,NEW_PRODUCT,1,1,MANUAL_REVIEW,MISSING_VALID_PRICE,NO_PRICE,,,,,,,,,pinza|corte,COTIZACIONES_0.2_b68c.xlsx
AG-0544,PINZA DE AGARRE,consu,Ferretería,Units,,,,False,False,False,SHARED,,,,1,,,,NEW_PRODUCT,1,1,MANUAL_REVIEW,MISSING_VALID_PRICE,NO_PRICE,,,,,,,,,pinza|agarre,COTIZACIONES_0.2_b68c.xlsx
AG-0545,RC2 (disluido Asfaltico ),consu,Ferretería,Gal,,,,False,False,False,SHARED,,,,1,,,,NEW_PRODUCT,1,1,MANUAL_REVIEW,MISSING_VALID_PRICE,NO_PRICE,,,,,,,,,rc2|disluido|asfaltico,COTIZACIONES_0.2_b68c.xlsx
AG-0546,Taladro 1 HP,consu,Herramientas,Units,HP,,,False,False,False,SHARED,,,,1,,,,NEW_PRODUCT,1,1,MANUAL_REVIEW,MISSING_VALID_PRICE,NO_PRICE,,,,,,,,,taladro|1|hp,COTIZACIONES_0.2_b68c.xlsx
AG-0547,Taladro DE 500 W,consu,Herramientas,Units,,,power=500W,False,False,False,SHARED,,,,1,,,,NEW_PRODUCT,1,1,MANUAL_REVIEW,MISSING_VALID_PRICE,NO_PRICE,,,,,,,,,taladro|500|w|500W,COTIZACIONES_0.2_b68c.xlsx
AG-0548,Tornillo DE 5/8,consu,Ferretería,Units,,,caliber=5/8,False,False,False,SHARED,,,,1,,,,NEW_PRODUCT,1,1,MANUAL_REVIEW,MISSING_VALID_PRICE,NO_PRICE,,,,,,,,,tornillo|5/8|5/8,COTIZACIONES_0.2_b68c.xlsx
AG-0549,Arandela 5/8,consu,Ferretería,Units,,,caliber=5/8,False,False,False,SHARED,,,,1,,,,NEW_PRODUCT,1,1,MANUAL_REVIEW,MISSING_VALID_PRICE,NO_PRICE,,,,,,,,,arandela|5/8|5/8,COTIZACIONES_0.2_b68c.xlsx
AG-0550,Granzote (relleno),consu,Ferretería,m³,,,,False,False,False,SHARED,,,,1,,,,NEW_PRODUCT,1,1,MANUAL_REVIEW,MISSING_VALID_PRICE,NO_PRICE,,,,,,,,,granzote|relleno,COTIZACIONES_0.2_b68c.xlsx
AG-0551,Reductores DE Velocidad (boyas),consu,Ferretería,Units,,,,False,False,False,SHARED,,,,1,,,,NEW_PRODUCT,1,1,MANUAL_REVIEW,MISSING_VALID_PRICE,NO_PRICE,,,,,,,,,reductores|velocidad|boyas,COTIZACIONES_0.2_b68c.xlsx
AG-0552,Cemento GRIS (aglomerante Portland) SANTO Domingo/titan-cemex FDA 94LB,consu,Construcción,Units,,,presentation=94 lb,False,False,False,SHARED,,,,9,492.59,550.0,550.0,NEW_PRODUCT,2,9,CREATE_SHARED_PRODUCT,,MAX,COTIZACIONES_0.2_b68c.xlsx,Cotizacion 5 (67),15,QUOTATION,CEMENTO GRIS (AGLOMERANTE PORTLAND) SANTO DOMINGO/TITAN-CEMEX FDA 94LB,2000.0,550.0,DOP,cemento|gris|aglomerante|portland|santo|domingo/titan-cemex|fda|94|94 lb,COTIZACIONES_0.2_b68c.xlsx | COTIZACIONES__REMPART_GROUP_2_3578.xlsx
AG-0553,TUBO DE 2X20 P/malla,consu,Plomería,Units,,,,False,False,False,SHARED,,,,7,1958.0,1985.0,1985.0,NEW_PRODUCT,3,7,CREATE_SHARED_PRODUCT,,MAX,COTIZACIONES_0.2_b68c.xlsx,Cotizacion 5 (34),16,QUOTATION,TUBO DE 2X20  P/MALLA,96.0,1985.0,DOP,tubo|2x20|p/malla,COTIZACIONES_0.2_b68c.xlsx | COTIZACIONES_DORALEX_SRL_bb53.xlsx | COTIZACIONES__REMPART_GROUP_2_3578.xlsx
AG-0554,Materiales,consu,Ferretería,Units,,,,False,False,False,SHARED,,,,1,,,,NEW_PRODUCT,1,1,MANUAL_REVIEW,MISSING_VALID_PRICE,NO_PRICE,,,,,,,,,materiales,COTIZACIONES_0.2_b68c.xlsx
AG-0555,C AJAS DE Plafones,consu,Ferretería,Units,,,,False,False,False,SHARED,,,,1,,,,NEW_PRODUCT,1,1,MANUAL_REVIEW,MISSING_VALID_PRICE,NO_PRICE,,,,,,,,,c|ajas|plafones,COTIZACIONES_0.2_b68c.xlsx
AG-0556,BRAZOS DE Puertas,consu,Ferretería,Units,,,,False,False,False,SHARED,,,,1,,,,NEW_PRODUCT,1,1,MANUAL_REVIEW,MISSING_VALID_PRICE,NO_PRICE,,,,,,,,,brazos|puertas,COTIZACIONES_0.2_b68c.xlsx
AG-0557,LLAVES DE Lavamanos,consu,Plomería,Units,,,,False,False,False,SHARED,,,,1,,,,NEW_PRODUCT,1,1,MANUAL_REVIEW,MISSING_VALID_PRICE,NO_PRICE,,,,,,,,,llaves|lavamanos,COTIZACIONES_0.2_b68c.xlsx
AG-0558,JUNTAS DE CERA,consu,Ferretería,Units,,,,False,False,False,SHARED,,,,1,,,,NEW_PRODUCT,1,1,MANUAL_REVIEW,MISSING_VALID_PRICE,NO_PRICE,,,,,,,,,juntas|cera,COTIZACIONES_0.2_b68c.xlsx
AG-0559,Chupones DE Orinales DE 1/2,consu,Ferretería,Units,,,caliber=1/2,False,False,False,SHARED,,,,1,,,,NEW_PRODUCT,1,1,MANUAL_REVIEW,MISSING_VALID_PRICE,NO_PRICE,,,,,,,,,chupones|orinales|1/2|1/2,COTIZACIONES_0.2_b68c.xlsx
AG-0560,Chupones DE Orinales DE 3/4,consu,Ferretería,Units,,,caliber=3/4,False,False,False,SHARED,,,,1,,,,NEW_PRODUCT,1,1,MANUAL_REVIEW,MISSING_VALID_PRICE,NO_PRICE,,,,,,,,,chupones|orinales|3/4|3/4,COTIZACIONES_0.2_b68c.xlsx
AG-0561,LLAVES PARA Orinario,consu,Ferretería,Units,,,,False,False,False,SHARED,,,,1,,,,NEW_PRODUCT,1,1,MANUAL_REVIEW,MISSING_VALID_PRICE,NO_PRICE,,,,,,,,,llaves|para|orinario,COTIZACIONES_0.2_b68c.xlsx
AG-0562,JUNTAS PARA ORINAL,consu,Ferretería,Units,,,,False,False,False,SHARED,,,,1,,,,NEW_PRODUCT,1,1,MANUAL_REVIEW,MISSING_VALID_PRICE,NO_PRICE,,,,,,,,,juntas|para|orinal,COTIZACIONES_0.2_b68c.xlsx
AG-0563,Extenciones DE Lavamano 1-1 1/4,consu,Ferretería,Units,,,caliber=1/4,False,False,False,SHARED,,,,1,,,,NEW_PRODUCT,1,1,MANUAL_REVIEW,MISSING_VALID_PRICE,NO_PRICE,,,,,,,,,extenciones|lavamano|1-1|1/4|1/4,COTIZACIONES_0.2_b68c.xlsx
AG-0564,LLAVES Fuxomerto,consu,Ferretería,Units,,,,False,False,False,SHARED,,,,1,,,,NEW_PRODUCT,1,1,MANUAL_REVIEW,MISSING_VALID_PRICE,NO_PRICE,,,,,,,,,llaves|fuxomerto,COTIZACIONES_0.2_b68c.xlsx
AG-0565,Pinturas,consu,Pinturas,Units,,,,False,False,False,SHARED,,,,2,,,,NEW_PRODUCT,2,2,MANUAL_REVIEW,MISSING_VALID_PRICE,NO_PRICE,,,,,,,,,pinturas,COTIZACIONES_0.2_b68c.xlsx | COTIZACIONES_DORALEX_SRL_bb53.xlsx
AG-0566,Pintura DE ACEITE GRIS,consu,Pinturas,Gal,,,,False,False,False,SHARED,,,,1,,,,NEW_PRODUCT,1,1,MANUAL_REVIEW,MISSING_VALID_PRICE,NO_PRICE,,,,,,,,,pintura|aceite|gris,COTIZACIONES_0.2_b68c.xlsx
AG-0567,Pintura BLANCO Colonial,consu,Pinturas,Units,,,,False,False,False,SHARED,,,,1,,,,NEW_PRODUCT,1,1,MANUAL_REVIEW,MISSING_VALID_PRICE,NO_PRICE,,,,,,,,,pintura|blanco|colonial,COTIZACIONES_0.2_b68c.xlsx
AG-0568,SPRAY NEGRO,consu,Ferretería,Units,,,,False,False,False,SHARED,,,,2,,,,NEW_PRODUCT,1,2,MANUAL_REVIEW,MISSING_VALID_PRICE,NO_PRICE,,,,,,,,,spray|negro,COTIZACIONES_0.2_b68c.xlsx
AG-0569,Electricidad,consu,Ferretería,Units,,,,False,False,False,SHARED,,,,1,,,,NEW_PRODUCT,1,1,MANUAL_REVIEW,MISSING_VALID_PRICE,NO_PRICE,,,,,,,,,electricidad,COTIZACIONES_0.2_b68c.xlsx
AG-0570,CAJAS DE TUBO DE 32,consu,Plomería,Units,,,,False,False,False,SHARED,,,,1,,,,NEW_PRODUCT,1,1,MANUAL_REVIEW,MISSING_VALID_PRICE,NO_PRICE,,,,,,,,,cajas|tubo|32,COTIZACIONES_0.2_b68c.xlsx
AG-0571,CAJAS DE TUBO DE 40,consu,Plomería,Units,,,,False,False,False,SHARED,,,,1,,,,NEW_PRODUCT,1,1,MANUAL_REVIEW,MISSING_VALID_PRICE,NO_PRICE,,,,,,,,,cajas|tubo|40,COTIZACIONES_0.2_b68c.xlsx
AG-0572,TAPE NEGRO 3 M,consu,Ferretería,Units,,,,False,False,False,SHARED,,,,1,,,,NEW_PRODUCT,1,1,MANUAL_REVIEW,MISSING_VALID_PRICE,NO_PRICE,,,,,,,,,tape|negro|3|m,COTIZACIONES_0.2_b68c.xlsx
AG-0573,Ebanisteria,consu,Ferretería,Units,,,,False,False,False,SHARED,,,,1,,,,NEW_PRODUCT,1,1,MANUAL_REVIEW,MISSING_VALID_PRICE,NO_PRICE,,,,,,,,,ebanisteria,COTIZACIONES_0.2_b68c.xlsx
AG-0574,Silicon BLANCO,consu,Ferretería,Units,,,,False,False,False,SHARED,,,,1,,,,NEW_PRODUCT,1,1,MANUAL_REVIEW,MISSING_VALID_PRICE,NO_PRICE,,,,,,,,,silicon|blanco,COTIZACIONES_0.2_b68c.xlsx
AG-0575,Galones DE CERA,consu,Ferretería,Units,,,,False,False,False,SHARED,,,,1,,,,NEW_PRODUCT,1,1,MANUAL_REVIEW,MISSING_VALID_PRICE,NO_PRICE,,,,,,,,,galones|cera,COTIZACIONES_0.2_b68c.xlsx
AG-0576,BRILLO,consu,Ferretería,lb,,,,False,False,False,SHARED,,,,1,,,,NEW_PRODUCT,1,1,MANUAL_REVIEW,MISSING_VALID_PRICE,NO_PRICE,,,,,,,,,brillo,COTIZACIONES_0.2_b68c.xlsx
AG-0577,Plancha MDF 4X8 X 12 MM,consu,Ferretería,Units,,,,False,False,False,SHARED,,,,1,,,,NEW_PRODUCT,1,1,MANUAL_REVIEW,MISSING_VALID_PRICE,NO_PRICE,,,,,,,,,plancha|mdf|4x8|x|12|mm,COTIZACIONES_0.2_b68c.xlsx
AG-0578,Bisagra Invisible RECTA LARGA,consu,Ferretería,Units,,,,False,False,False,SHARED,,,,1,,,,NEW_PRODUCT,1,1,MANUAL_REVIEW,MISSING_VALID_PRICE,NO_PRICE,,,,,,,,,bisagra|invisible|recta|larga,COTIZACIONES_0.2_b68c.xlsx
AG-0579,Cerradura PARA Gavetas TIRI LARGO,consu,Ferretería,Units,,,,False,False,False,SHARED,,,,1,,,,NEW_PRODUCT,1,1,MANUAL_REVIEW,MISSING_VALID_PRICE,NO_PRICE,,,,,,,,,cerradura|para|gavetas|tiri|largo,COTIZACIONES_0.2_b68c.xlsx
AG-0580,Correderas FULL No. 18,consu,Ferretería,Units,,,,False,False,False,SHARED,,,,1,,,,NEW_PRODUCT,1,1,MANUAL_REVIEW,MISSING_VALID_PRICE,NO_PRICE,,,,,,,,,correderas|full|no.|18,COTIZACIONES_0.2_b68c.xlsx
AG-0581,LACA,consu,Ferretería,Gal,,,,False,False,False,SHARED,,,,1,,,,NEW_PRODUCT,1,1,MANUAL_REVIEW,MISSING_VALID_PRICE,NO_PRICE,,,,,,,,,laca,COTIZACIONES_0.2_b68c.xlsx
AG-0582,Tninner LACA,consu,Ferretería,Gal,,,,False,False,False,SHARED,,,,1,,,,NEW_PRODUCT,1,1,MANUAL_REVIEW,MISSING_VALID_PRICE,NO_PRICE,,,,,,,,,tninner|laca,COTIZACIONES_0.2_b68c.xlsx
AG-0583,LIJAS DE AGUA No. 240,consu,Ferretería,Units,,,,False,False,False,SHARED,,,,1,,,,NEW_PRODUCT,1,1,MANUAL_REVIEW,MISSING_VALID_PRICE,NO_PRICE,,,,,,,,,lijas|agua|no.|240,COTIZACIONES_0.2_b68c.xlsx
AG-0584,LIJAS DE AGUA No. 120,consu,Ferretería,Units,,,,False,False,False,SHARED,,,,1,,,,NEW_PRODUCT,1,1,MANUAL_REVIEW,MISSING_VALID_PRICE,NO_PRICE,,,,,,,,,lijas|agua|no.|120,COTIZACIONES_0.2_b68c.xlsx
AG-0585,OLEO No. 2 GRANDE,consu,Ferretería,Units,,,,False,False,False,SHARED,,,,1,,,,NEW_PRODUCT,1,1,MANUAL_REVIEW,MISSING_VALID_PRICE,NO_PRICE,,,,,,,,,oleo|no.|2|grande,COTIZACIONES_0.2_b68c.xlsx
AG-0586,COLA,consu,Ferretería,Gal,,,,False,False,False,SHARED,,,,1,,,,NEW_PRODUCT,1,1,MANUAL_REVIEW,MISSING_VALID_PRICE,NO_PRICE,,,,,,,,,cola,COTIZACIONES_0.2_b68c.xlsx
AG-0587,Maskintape DE 1,consu,Ferretería,Units,,,,False,False,False,SHARED,,,,1,,,,NEW_PRODUCT,1,1,MANUAL_REVIEW,MISSING_VALID_PRICE,NO_PRICE,,,,,,,,,maskintape|1,COTIZACIONES_0.2_b68c.xlsx
AG-0588,Pistola BAJO Presison,consu,Ferretería,Units,,,,False,False,False,SHARED,,,,1,,,,NEW_PRODUCT,1,1,MANUAL_REVIEW,MISSING_VALID_PRICE,NO_PRICE,,,,,,,,,pistola|bajo|presison,COTIZACIONES_0.2_b68c.xlsx
AG-0589,Mascarilla AUTO Filtranate,consu,Ferretería,Units,,,,False,False,False,SHARED,,,,1,,,,NEW_PRODUCT,1,1,MANUAL_REVIEW,MISSING_VALID_PRICE,NO_PRICE,,,,,,,,,mascarilla|auto|filtranate,COTIZACIONES_0.2_b68c.xlsx
AG-0590,Tornillos Diablito 3/4 X 8,consu,Ferretería,lb,,,caliber=3/4,False,False,False,SHARED,,,,1,,,,NEW_PRODUCT,1,1,MANUAL_REVIEW,MISSING_VALID_PRICE,NO_PRICE,,,,,,,,,tornillos|diablito|3/4|x|8|3/4,COTIZACIONES_0.2_b68c.xlsx
AG-0591,Tornillos Diablito 11/2 X 8,consu,Ferretería,lb,,,caliber=11/2,False,False,False,SHARED,,,,1,,,,NEW_PRODUCT,1,1,MANUAL_REVIEW,MISSING_VALID_PRICE,NO_PRICE,,,,,,,,,tornillos|diablito|11/2|x|8|11/2,COTIZACIONES_0.2_b68c.xlsx
AG-0592,CLAVOS DE 1 CON CABEZA,consu,Ferretería,lb,,,,False,False,False,SHARED,,,,1,,,,NEW_PRODUCT,1,1,MANUAL_REVIEW,MISSING_VALID_PRICE,NO_PRICE,,,,,,,,,clavos|1|cabeza,COTIZACIONES_0.2_b68c.xlsx
AG-0593,Tornillos Diablito DE 2 1/2 X 10,consu,Ferretería,Units,,,caliber=1/2,False,False,False,SHARED,,,,1,,,,NEW_PRODUCT,1,1,MANUAL_REVIEW,MISSING_VALID_PRICE,NO_PRICE,,,,,,,,,tornillos|diablito|2|1/2|x|10|1/2,COTIZACIONES_0.2_b68c.xlsx
AG-0594,Tornillos Diablito 3 X 10,consu,Ferretería,Units,,,,False,False,False,SHARED,,,,1,,,,NEW_PRODUCT,1,1,MANUAL_REVIEW,MISSING_VALID_PRICE,NO_PRICE,,,,,,,,,tornillos|diablito|3|x|10,COTIZACIONES_0.2_b68c.xlsx
AG-0595,Vinagre BLANCO,consu,Ferretería,Gal,,,,False,False,False,SHARED,,,,2,,,,NEW_PRODUCT,2,2,MANUAL_REVIEW,MISSING_VALID_PRICE,NO_PRICE,,,,,,,,,vinagre|blanco,COTIZACIONES_0.2_b68c.xlsx | COTIZACIONES___2023-2024_PIN_ARIAS_2_fddc.xlsx
AG-0596,Bicarbonato DE SODA,consu,Ferretería,lb,,,,False,False,False,SHARED,,,,1,,,,NEW_PRODUCT,1,1,MANUAL_REVIEW,MISSING_VALID_PRICE,NO_PRICE,,,,,,,,,bicarbonato|soda,COTIZACIONES_0.2_b68c.xlsx
AG-0597,Viga H 6X6 De 30'',consu,Ferretería,Units,,,,False,False,False,SHARED,,,,1,17294.95,17294.95,17294.95,NEW_PRODUCT,1,1,CREATE_SHARED_PRODUCT,,SINGLE,COTIZACIONES_0.2_b68c.xlsx,Cotizacion 5 (40),15,QUOTATION,Viga H 6X6 de 30'',85.0,17294.95,DOP,viga|h|6x6|30,COTIZACIONES_0.2_b68c.xlsx
AG-0598,Pintura Acrilica PARA Exterior BLANCA 50 POPULAR/00 Tropical,consu,Pinturas,Units,Tropical,,,False,False,False,SHARED,,,,7,2386.5,8050.0,8050.0,NEW_PRODUCT,2,7,CREATE_SHARED_PRODUCT,,MAX,COTIZACIONES_0.2_b68c.xlsx,Cotizacion 5 (41),15,QUOTATION,PINTURA ACRILICA PARA EXTERIOR BLANCA 50   POPULAR/00 TROPICAL  PRO,15.0,8050.0,DOP,pintura|acrilica|para|exterior|blanca|50|popular/00|tropical,COTIZACIONES_0.2_b68c.xlsx | COTIZACIONES_DORALEX_SRL_bb53.xlsx
AG-0599,Pintura Acrilica AZUL Positivo Popular/tropical,consu,Pinturas,Units,Tropical,,,False,False,False,SHARED,,,,3,8680.5,10932.5,10932.5,NEW_PRODUCT,2,3,CREATE_SHARED_PRODUCT,,MAX,COTIZACIONES_0.2_b68c.xlsx,Cotizacion 5 (41),16,QUOTATION,PINTURA ACRILICA AZUL POSITIVO POPULAR/TROPICAL,10.0,10932.5,DOP,pintura|acrilica|azul|positivo|popular/tropical,COTIZACIONES_0.2_b68c.xlsx | COTIZACIONES_DORALEX_SRL_bb53.xlsx
AG-0600,Pintura Acrilica ROJO Positvo Popular/tropical,consu,Pinturas,Units,Tropical,,,False,False,False,SHARED,,,,5,8680.5,11932.5,11932.5,NEW_PRODUCT,2,5,CREATE_SHARED_PRODUCT,,MAX,COTIZACIONES_DORALEX_SRL_bb53.xlsx,Cotizacion (40),17,QUOTATION,PINTURA ACRILICA ROJO POSITVO POPULAR/TROPICAL,41.0,11932.5,DOP,pintura|acrilica|rojo|positvo|popular/tropical,COTIZACIONES_0.2_b68c.xlsx | COTIZACIONES_DORALEX_SRL_bb53.xlsx
AG-0601,Pintura Acrilica VERDE Positivo Tropical/popular,consu,Pinturas,Units,Tropical,,,False,False,False,SHARED,,,,3,8680.5,10932.5,10932.5,NEW_PRODUCT,2,3,CREATE_SHARED_PRODUCT,,MAX,COTIZACIONES_0.2_b68c.xlsx,Cotizacion 5 (41),18,QUOTATION,PINTURA ACRILICA VERDE POSITIVO TROPICAL/POPULAR,10.0,10932.5,DOP,pintura|acrilica|verde|positivo|tropical/popular,COTIZACIONES_0.2_b68c.xlsx | COTIZACIONES_DORALEX_SRL_bb53.xlsx
AG-0602,Pintura Acrilica Amarillo Positivo Tropical/popular,consu,Pinturas,Units,Tropical,,,False,False,False,SHARED,,,,3,8680.5,10932.5,10932.5,NEW_PRODUCT,2,3,CREATE_SHARED_PRODUCT,,MAX,COTIZACIONES_0.2_b68c.xlsx,Cotizacion 5 (41),19,QUOTATION,PINTURA ACRILICA AMARILLO POSITIVO TROPICAL/POPULAR,10.0,10932.5,DOP,pintura|acrilica|amarillo|positivo|tropical/popular,COTIZACIONES_0.2_b68c.xlsx | COTIZACIONES_DORALEX_SRL_bb53.xlsx
AG-0603,Pintura ALTO Transito (amarillo Trafico) Popular/tropical,consu,Pinturas,Units,Tropical,,,False,False,False,SHARED,,,,4,11798.0,17575.0,17575.0,NEW_PRODUCT,2,4,CREATE_SHARED_PRODUCT,,MAX,COTIZACIONES_DORALEX_SRL_bb53.xlsx,Cotizacion (40),18,QUOTATION,PINTURA ALTO TRANSITO (AMARILLO TRAFICO) POPULAR/TROPICAL,20.0,17575.0,DOP,pintura|alto|transito|amarillo|trafico|popular/tropical,COTIZACIONES_0.2_b68c.xlsx | COTIZACIONES_DORALEX_SRL_bb53.xlsx
AG-0604,Pintura ALTO Transito (blanco Trafico) Tropical/popular,consu,Pinturas,Units,Tropical,,,False,False,False,SHARED,,,,6,3515.0,13575.0,13575.0,NEW_PRODUCT,3,6,CREATE_SHARED_PRODUCT,,MAX,COTIZACIONES_0.2_b68c.xlsx,Cotizacion 5 (41),22,QUOTATION,PINTURA ALTO TRANSITO (BLANCO TRAFICO) TROPICAL/POPULAR,30.0,13575.0,DOP,pintura|alto|transito|blanco|trafico|tropical/popular,COTIZACIONES_0.2_b68c.xlsx | COTIZACIONES_DORALEX_SRL_bb53.xlsx | COTIZACIONES_DORALEX_f72a.xlsx
AG-0605,Pintura Acrilica PARA Exterior BLANCA 50 Popular,consu,Pinturas,Units,,,,False,False,False,SHARED,47,PINTURA ACRILICA PARA EXTERIOR BLANCA 50 POPULAR,8050.0,1,9352.5,9352.5,9352.5,EXACT_MATCH,1,1,REUSE_UPDATE_PRICE,,SINGLE,COTIZACIONES_0.2_b68c.xlsx,Cotizacion 5 (42),15,QUOTATION,PINTURA ACRILICA PARA EXTERIOR BLANCA 50   POPULAR,14.0,9352.5,DOP,pintura|acrilica|para|exterior|blanca|50|popular,COTIZACIONES_0.2_b68c.xlsx
AG-0606,BROCHA DE 2'',consu,Pinturas,Units,,,,False,False,False,SHARED,,,,1,190.0,190.0,190.0,NEW_PRODUCT,1,1,CREATE_SHARED_PRODUCT,,SINGLE,COTIZACIONES_0.2_b68c.xlsx,Cotizacion 5 (42),16,QUOTATION,BROCHA DE 2'',12.0,190.0,DOP,brocha|2,COTIZACIONES_0.2_b68c.xlsx
AG-0607,BROCHA DE 3'',consu,Pinturas,Units,,,,False,False,False,SHARED,,,,3,196.0,215.0,215.0,NEW_PRODUCT,3,3,CREATE_SHARED_PRODUCT,,MAX,COTIZACIONES_0.2_b68c.xlsx,Cotizacion 5 (42),17,QUOTATION,BROCHA DE 3'',12.0,215.0,DOP,brocha|3,COTIZACIONES_0.2_b68c.xlsx | COTIZACIONES_DORALEX_SRL_bb53.xlsx | COTIZACIONES__REMPART_GROUP_2_3578.xlsx
AG-0608,BROCHA DE 4'',consu,Pinturas,Units,,,,False,False,False,SHARED,,,,3,235.0,260.0,260.0,NEW_PRODUCT,3,3,CREATE_SHARED_PRODUCT,,MAX,COTIZACIONES_0.2_b68c.xlsx,Cotizacion 5 (42),18,QUOTATION,BROCHA DE 4'',12.0,260.0,DOP,brocha|4,COTIZACIONES_0.2_b68c.xlsx | COTIZACIONES_DORALEX_SRL_bb53.xlsx | COTIZACIONES__REMPART_GROUP_2_3578.xlsx
AG-0609,MOTA 9'',consu,Ferretería,Units,,,,False,False,False,SHARED,,,,3,225.0,225.0,225.0,NEW_PRODUCT,1,3,CREATE_SHARED_PRODUCT,,MAX,COTIZACIONES_0.2_b68c.xlsx,Cotizacion 5 (42),19,QUOTATION,MOTA  9'',24.0,225.0,DOP,mota|9,COTIZACIONES_0.2_b68c.xlsx
AG-0610,Pintura Acrilica Amarillo Positivo Popular,consu,Pinturas,Units,,,,False,False,False,SHARED,,,,1,11790.13,11790.13,11790.13,NEW_PRODUCT,1,1,CREATE_SHARED_PRODUCT,,SINGLE,COTIZACIONES_0.2_b68c.xlsx,Cotizacion 5 (42),20,QUOTATION,PINTURA ACRILICA AMARILLO POSITIVO POPULAR,9.0,11790.13,DOP,pintura|acrilica|amarillo|positivo|popular,COTIZACIONES_0.2_b68c.xlsx
AG-0611,Pintura Acrilica AZUL Positivo Popular,consu,Pinturas,Units,,,,False,False,False,SHARED,,,,1,11790.13,11790.13,11790.13,NEW_PRODUCT,1,1,CREATE_SHARED_PRODUCT,,SINGLE,COTIZACIONES_0.2_b68c.xlsx,Cotizacion 5 (42),21,QUOTATION,PINTURA ACRILICA AZUL POSITIVO POPULAR,9.0,11790.13,DOP,pintura|acrilica|azul|positivo|popular,COTIZACIONES_0.2_b68c.xlsx
AG-0612,Pintura Acrilica VERDE Positivo Popular,consu,Pinturas,Units,,,,False,False,False,SHARED,,,,1,11790.13,11790.13,11790.13,NEW_PRODUCT,1,1,CREATE_SHARED_PRODUCT,,SINGLE,COTIZACIONES_0.2_b68c.xlsx,Cotizacion 5 (42),23,QUOTATION,PINTURA ACRILICA VERDE POSITIVO POPULAR,9.0,11790.13,DOP,pintura|acrilica|verde|positivo|popular,COTIZACIONES_0.2_b68c.xlsx
AG-0613,Pintura ALTO Transito (blanco Trafico) Popular,consu,Pinturas,Units,,,,False,False,False,SHARED,,,,1,14100.75,14100.75,14100.75,NEW_PRODUCT,1,1,CREATE_SHARED_PRODUCT,,SINGLE,COTIZACIONES_0.2_b68c.xlsx,Cotizacion 5 (42),25,QUOTATION,PINTURA ALTO TRANSITO (BLANCO TRAFICO) POPULAR,20.0,14100.75,DOP,pintura|alto|transito|blanco|trafico|popular,COTIZACIONES_0.2_b68c.xlsx
AG-0614,Pintura NEGRO Positivo,consu,Pinturas,Units,,,,False,False,False,SHARED,,,,1,11790.13,11790.13,11790.13,NEW_PRODUCT,1,1,CREATE_SHARED_PRODUCT,,SINGLE,COTIZACIONES_0.2_b68c.xlsx,Cotizacion 5 (42),26,QUOTATION,PINTURA NEGRO POSITIVO,9.0,11790.13,DOP,pintura|negro|positivo,COTIZACIONES_0.2_b68c.xlsx
AG-0615,PORTA ROLO,consu,Ferretería,Units,,,,False,False,False,SHARED,,,,2,325.0,340.0,340.0,NEW_PRODUCT,2,2,CREATE_SHARED_PRODUCT,,MAX,COTIZACIONES_0.2_b68c.xlsx,Cotizacion 5 (42),27,QUOTATION,PORTA ROLO,12.0,340.0,DOP,porta|rolo,COTIZACIONES_0.2_b68c.xlsx | COTIZACIONES__REMPART_GROUP_2_3578.xlsx
AG-0616,Thinner Tropical,consu,Pinturas,Units,Tropical,,,False,False,False,SHARED,63,THINNER TROPICAL,692.0,2,692.0,755.0,755.0,EXACT_MATCH,2,2,REUSE_UPDATE_PRICE,,MAX,COTIZACIONES_0.2_b68c.xlsx,Cotizacion 5 (42),28,QUOTATION,THINNER  TROPICAL,10.0,755.0,DOP,thinner|tropical,COTIZACIONES_0.2_b68c.xlsx | COTIZACIONES__REMPART_GROUP_2_3578.xlsx
AG-0617,Pintura ALTO Transito (amarillo Trafico) Popular PRO /tropical,consu,Pinturas,Units,Tropical,,,False,False,False,SHARED,,,,5,3515.0,3515.0,3515.0,NEW_PRODUCT,1,5,CREATE_SHARED_PRODUCT,,MAX,COTIZACIONES_0.2_b68c.xlsx,Cotizacion 5 (44),15,QUOTATION,PINTURA ALTO TRANSITO (AMARILLO TRAFICO) POPULAR PRO /TROPICAL,60.0,3515.0,DOP,pintura|alto|transito|amarillo|trafico|popular|pro|/tropical,COTIZACIONES_0.2_b68c.xlsx
AG-0618,Pintura Acrilica Naranja Positivo Popular Pro/tropical,consu,Pinturas,Units,Tropical,,,False,False,False,SHARED,40,PINTURA ACRILICA NARANJA POSITIVO POPULAR PRO/TROPICAL,2386.5,5,2386.5,2386.5,2386.5,EXACT_MATCH,1,5,REUSE_NO_CHANGE,,MAX,COTIZACIONES_0.2_b68c.xlsx,Cotizacion 5 (44),16,QUOTATION,PINTURA ACRILICA NARANJA POSITIVO POPULAR PRO/TROPICAL,60.0,2386.5,DOP,pintura|acrilica|naranja|positivo|popular|pro/tropical,COTIZACIONES_0.2_b68c.xlsx
AG-0619,Pintura Acrilica ROJO Positvo Popular Pro/tropical,consu,Pinturas,Units,Tropical,,,False,False,False,SHARED,,,,5,2386.5,2386.5,2386.5,NEW_PRODUCT,1,5,CREATE_SHARED_PRODUCT,,MAX,COTIZACIONES_0.2_b68c.xlsx,Cotizacion 5 (44),17,QUOTATION,PINTURA ACRILICA ROJO POSITVO POPULAR PRO/TROPICAL,60.0,2386.5,DOP,pintura|acrilica|rojo|positvo|popular|pro/tropical,COTIZACIONES_0.2_b68c.xlsx
AG-0620,Pintura Acrilica VERDE Positivo Tropical/popular PRO,consu,Pinturas,Units,Tropical,,,False,False,False,SHARED,42,PINTURA ACRILICA VERDE POSITIVO TROPICAL/POPULAR PRO,2386.5,5,2386.5,2386.5,2386.5,EXACT_MATCH,1,5,REUSE_NO_CHANGE,,MAX,COTIZACIONES_0.2_b68c.xlsx,Cotizacion 5 (44),18,QUOTATION,PINTURA ACRILICA VERDE POSITIVO TROPICAL/POPULAR PRO,60.0,2386.5,DOP,pintura|acrilica|verde|positivo|tropical/popular|pro,COTIZACIONES_0.2_b68c.xlsx
AG-0621,Pintura Acrilica AZUL Positivo Popular PRO /tropical,consu,Pinturas,Units,Tropical,,,False,False,False,SHARED,43,PINTURA ACRILICA AZUL POSITIVO POPULAR PRO /TROPICAL,2386.5,5,2386.5,2386.5,2386.5,EXACT_MATCH,1,5,REUSE_NO_CHANGE,,MAX,COTIZACIONES_0.2_b68c.xlsx,Cotizacion 5 (44),19,QUOTATION,PINTURA ACRILICA AZUL POSITIVO POPULAR PRO /TROPICAL,60.0,2386.5,DOP,pintura|acrilica|azul|positivo|popular|pro|/tropical,COTIZACIONES_0.2_b68c.xlsx
AG-0622,Pintura Acrilica Amarillo Positivo Popular Pro/tropical,consu,Pinturas,Units,Tropical,,,False,False,False,SHARED,44,PINTURA ACRILICA AMARILLO POSITIVO POPULAR PRO/TROPICAL,2386.5,5,2386.5,2386.5,2386.5,EXACT_MATCH,1,5,REUSE_NO_CHANGE,,MAX,COTIZACIONES_0.2_b68c.xlsx,Cotizacion 5 (44),20,QUOTATION,PINTURA ACRILICA AMARILLO POSITIVO POPULAR PRO/TROPICAL,60.0,2386.5,DOP,pintura|acrilica|amarillo|positivo|popular|pro/tropical,COTIZACIONES_0.2_b68c.xlsx
AG-0623,Pintura Contractor Acrilica ROJO TEJA 18 Popular Pro/tropical,consu,Pinturas,Units,Tropical,,,False,False,False,SHARED,,,,5,2386.5,2386.5,2386.5,NEW_PRODUCT,1,5,CREATE_SHARED_PRODUCT,,MAX,COTIZACIONES_0.2_b68c.xlsx,Cotizacion 5 (44),21,QUOTATION,PINTURA CONTRACTOR ACRILICA ROJO TEJA 18 POPULAR PRO/TROPICAL,60.0,2386.5,DOP,pintura|contractor|acrilica|rojo|teja|18|popular|pro/tropical,COTIZACIONES_0.2_b68c.xlsx
AG-0624,Pintura Acrilica Contractor GRIS CLARO 26 Popular Pro/tropical,consu,Pinturas,Units,Tropical,,,False,False,False,SHARED,,,,5,11932.5,11932.5,11932.5,NEW_PRODUCT,1,5,CREATE_SHARED_PRODUCT,,MAX,COTIZACIONES_0.2_b68c.xlsx,Cotizacion 5 (44),22,QUOTATION,PINTURA ACRILICA CONTRACTOR GRIS CLARO 26 POPULAR PRO/TROPICAL,9.0,11932.5,DOP,pintura|acrilica|contractor|gris|claro|26|popular|pro/tropical,COTIZACIONES_0.2_b68c.xlsx
AG-0625,Pintura Acrilica PARA Exterior BLANCA 50 Popular PRO/00 Tropical,consu,Pinturas,Units,Tropical,,,False,False,False,SHARED,,,,6,8050.0,8050.0,8050.0,NEW_PRODUCT,1,6,CREATE_SHARED_PRODUCT,,MAX,COTIZACIONES_0.2_b68c.xlsx,Cotizacion 5 (44),23,QUOTATION,PINTURA ACRILICA PARA EXTERIOR BLANCA 50   POPULAR PRO/00 TROPICAL,9.0,8050.0,DOP,pintura|acrilica|para|exterior|blanca|50|popular|pro/00,COTIZACIONES_0.2_b68c.xlsx
AG-0626,Pintura Esmalte PLUS AZUL 54 Tropica/ Popular PRO,consu,Pinturas,Units,,,,False,False,False,SHARED,48,PINTURA ESMALTE PLUS AZUL 54 TROPICA/ POPULAR PRO,11932.5,5,11932.5,11932.5,11932.5,EXACT_MATCH,1,5,REUSE_NO_CHANGE,,MAX,COTIZACIONES_0.2_b68c.xlsx,Cotizacion 5 (44),24,QUOTATION,PINTURA ESMALTE PLUS AZUL 54  TROPICA/ POPULAR PRO,9.0,11932.5,DOP,pintura|esmalte|plus|azul|54|tropica/|popular|pro,COTIZACIONES_0.2_b68c.xlsx
AG-0627,Pintura Acrilica VERDE LIMON 25 Popular Pro/tropical,consu,Pinturas,Units,Tropical,,,False,False,False,SHARED,49,PINTURA ACRILICA VERDE LIMON 25 POPULAR PRO/TROPICAL,11932.5,5,11932.5,11932.5,11932.5,EXACT_MATCH,1,5,REUSE_NO_CHANGE,,MAX,COTIZACIONES_0.2_b68c.xlsx,Cotizacion 5 (44),25,QUOTATION,PINTURA ACRILICA VERDE LIMON 25 POPULAR PRO/TROPICAL,9.0,11932.5,DOP,pintura|acrilica|verde|limon|25|popular|pro/tropical,COTIZACIONES_0.2_b68c.xlsx
AG-0628,CAJA DE CLAVOS F-20 (1),consu,Ferretería,Units,,,,False,False,False,SHARED,,,,3,395.0,395.0,395.0,NEW_PRODUCT,2,3,CREATE_SHARED_PRODUCT,,MAX,COTIZACIONES_0.2_b68c.xlsx,Cotizacion ASDE1 (ataud) (2),28,QUOTATION,CAJA DE CLAVOS F-20 (1),10.0,395.0,DOP,caja|clavos|f-20|1,COTIZACIONES_0.2_b68c.xlsx | COTIZACIONES__REMPART_GROUP_2_3578.xlsx
AG-0629,1/4 PASTA Acrilica CANO MARRON (32 OZ),consu,Ferretería,Units,Cano,,caliber=1/4,False,False,False,SHARED,,,,4,425.6,790.0,790.0,NEW_PRODUCT,3,4,CREATE_SHARED_PRODUCT,,MAX,COTIZACIONES_0.2_b68c.xlsx,Cotizacion ASDE1 (ataud) (2),42,QUOTATION,1/4 PASTA ACRILICA CANO MARRON  (32 OZ),15.0,790.0,DOP,1/4|pasta|acrilica|cano|marron|32|oz|1/4,COTIZACIONES_0.2_b68c.xlsx | COTIZACIONES_DORALEX_SRL_bb53.xlsx | COTIZACIONES__REMPART_GROUP_2_3578.xlsx
AG-0630,SPRAY Adhesivo SUPER 77,consu,Ferretería,Units,,,,False,False,False,SHARED,,,,3,1446.4,1446.4,1446.4,NEW_PRODUCT,2,3,CREATE_SHARED_PRODUCT,,MAX,COTIZACIONES_0.2_b68c.xlsx,Cotizacion ASDE1 (ataud) (2),45,QUOTATION,SPRAY ADHESIVO SUPER 77,10.0,1446.4,DOP,spray|adhesivo|super|77,COTIZACIONES_0.2_b68c.xlsx | COTIZACIONES__REMPART_GROUP_2_3578.xlsx
AG-0631,TELA GUATA,consu,Ferretería,Units,,,,False,False,False,SHARED,,,,2,9600.0,9600.0,9600.0,NEW_PRODUCT,2,2,CREATE_SHARED_PRODUCT,,MAX,COTIZACIONES_0.2_b68c.xlsx,Cotizacion ASDE1 (ataud) (2),46,QUOTATION,TELA GUATA,5.0,9600.0,DOP,tela|guata,COTIZACIONES_0.2_b68c.xlsx | COTIZACIONES__REMPART_GROUP_2_3578.xlsx
AG-0632,Compresor AIRE PUMA PE30100 3HP CORREA 100LTS,consu,Ferretería,Units,HP,PE30100,model=PE30100,False,False,False,SHARED,,,,5,98155.2,102020.2,102020.2,NEW_PRODUCT,2,5,CREATE_SHARED_PRODUCT,,MAX,COTIZACIONES_0.2_b68c.xlsx,Cotizacion ASDE1 (ataud) (3),53,QUOTATION,COMPRESOR AIRE PUMA PE30100 3HP CORREA 100LTS,1.0,102020.2,DOP,compresor|aire|puma|pe30100|3hp|correa|100lts|PE30100,COTIZACIONES_0.2_b68c.xlsx | COTIZACIONES__REMPART_GROUP_2_3578.xlsx
AG-0633,LAPIZ Carpintero,consu,Ferretería,Units,,,,False,False,False,SHARED,,,,3,25.0,25.0,25.0,NEW_PRODUCT,2,3,CREATE_SHARED_PRODUCT,,MAX,COTIZACIONES_0.2_b68c.xlsx,Cotizacion ASDE1 (ataud) (2),55,QUOTATION,LAPIZ CARPINTERO,20.0,25.0,DOP,lapiz|carpintero,COTIZACIONES_0.2_b68c.xlsx | COTIZACIONES__REMPART_GROUP_2_3578.xlsx
AG-0634,MADERA Americana 1 X 10 X 14,consu,Ferretería,Units,,,,False,False,False,SHARED,,,,2,1265.0,1265.0,1265.0,NEW_PRODUCT,1,2,CREATE_SHARED_PRODUCT,,MAX,COTIZACIONES_0.2_b68c.xlsx,Cotizacion ASDE1 (ataud) (3),16,QUOTATION,MADERA AMERICANA 1 X 10 X 14,150.0,1265.0,DOP,madera|americana|1|x|10|x|14,COTIZACIONES_0.2_b68c.xlsx
AG-0635,PL Plywood 1/2 PINO,consu,Construcción,Units,,,caliber=1/2,False,False,False,SHARED,,,,2,2725.0,2725.0,2725.0,NEW_PRODUCT,1,2,CREATE_SHARED_PRODUCT,,MAX,COTIZACIONES_0.2_b68c.xlsx,Cotizacion ASDE1 (ataud) (3),18,QUOTATION,PL PLYWOOD 1/2 PINO,40.0,2725.0,DOP,pl|plywood|1/2|pino|1/2,COTIZACIONES_0.2_b68c.xlsx
AG-0636,PL Plywood 3/8 PINO,consu,Construcción,Units,,,caliber=3/8,False,False,False,SHARED,,,,2,1860.0,1860.0,1860.0,NEW_PRODUCT,1,2,CREATE_SHARED_PRODUCT,,MAX,COTIZACIONES_0.2_b68c.xlsx,Cotizacion ASDE1 (ataud) (3),19,QUOTATION,PL PLYWOOD 3/8 PINO,80.0,1860.0,DOP,pl|plywood|3/8|pino|3/8,COTIZACIONES_0.2_b68c.xlsx
AG-0637,LACA Natural Tropical,consu,Ferretería,Gal,Tropical,,,False,False,False,SHARED,,,,2,2732.0,2732.0,2732.0,NEW_PRODUCT,1,2,CREATE_SHARED_PRODUCT,,MAX,COTIZACIONES_0.2_b68c.xlsx,Cotizacion ASDE1 (ataud) (3),20,QUOTATION,LACA NATURAL TROPICAL,15.0,2732.0,DOP,laca|natural|tropical,COTIZACIONES_0.2_b68c.xlsx
AG-0638,Retardador Tropical TODO USO,consu,Ferretería,Gal,Tropical,,,False,False,False,SHARED,,,,2,2456.0,2456.0,2456.0,NEW_PRODUCT,1,2,CREATE_SHARED_PRODUCT,,MAX,COTIZACIONES_0.2_b68c.xlsx,Cotizacion ASDE1 (ataud) (3),21,QUOTATION,RETARDADOR TROPICAL TODO USO,15.0,2456.0,DOP,retardador|tropical|todo|uso,COTIZACIONES_0.2_b68c.xlsx
AG-0639,Thinner TH Tropical,consu,Pinturas,Gal,Tropical,,,False,False,False,SHARED,,,,2,698.0,698.0,698.0,NEW_PRODUCT,1,2,CREATE_SHARED_PRODUCT,,MAX,COTIZACIONES_0.2_b68c.xlsx,Cotizacion ASDE1 (ataud) (3),22,QUOTATION,THINNER  TH TROPICAL,80.0,698.0,DOP,thinner|th|tropical,COTIZACIONES_0.2_b68c.xlsx
AG-0640,LACA Tropical Pigmentada BLANCA,consu,Ferretería,Gal,Tropical,,,False,False,False,SHARED,,,,2,2993.0,2993.0,2993.0,NEW_PRODUCT,1,2,CREATE_SHARED_PRODUCT,,MAX,COTIZACIONES_0.2_b68c.xlsx,Cotizacion ASDE1 (ataud) (3),24,QUOTATION,LACA TROPICAL PIGMENTADA BLANCA,15.0,2993.0,DOP,laca|tropical|pigmentada|blanca,COTIZACIONES_0.2_b68c.xlsx
AG-0641,Sanding SEALER Tropical,consu,Ferretería,Gal,Tropical,,,False,False,False,SHARED,,,,2,2118.0,2118.0,2118.0,NEW_PRODUCT,1,2,CREATE_SHARED_PRODUCT,,MAX,COTIZACIONES_0.2_b68c.xlsx,Cotizacion ASDE1 (ataud) (3),25,QUOTATION,SANDING SEALER TROPICAL,30.0,2118.0,DOP,sanding|sealer|tropical,COTIZACIONES_0.2_b68c.xlsx
AG-0642,TINTA P/madera CAOBA #2 MD,consu,Ferretería,Units,,,,False,False,False,SHARED,,,,2,3378.2,3378.2,3378.2,NEW_PRODUCT,1,2,CREATE_SHARED_PRODUCT,,MAX,COTIZACIONES_0.2_b68c.xlsx,Cotizacion ASDE1 (ataud) (3),26,QUOTATION,TINTA P/MADERA CAOBA  #2 MD,6.0,3378.2,DOP,tinta|p/madera|caoba|2|md,COTIZACIONES_0.2_b68c.xlsx
AG-0643,TINTA P/madera CAOBA #3 MD,consu,Ferretería,Units,,,,False,False,False,SHARED,,,,2,3378.2,3378.2,3378.2,NEW_PRODUCT,1,2,CREATE_SHARED_PRODUCT,,MAX,COTIZACIONES_0.2_b68c.xlsx,Cotizacion ASDE1 (ataud) (3),27,QUOTATION,TINTA P/MADERA CAOBA  #3 MD,6.0,3378.2,DOP,tinta|p/madera|caoba|3|md,COTIZACIONES_0.2_b68c.xlsx
AG-0644,CLAVOS F-20,consu,Ferretería,Units,,,,False,False,False,SHARED,,,,2,395.0,395.0,395.0,NEW_PRODUCT,1,2,CREATE_SHARED_PRODUCT,,MAX,COTIZACIONES_0.2_b68c.xlsx,Cotizacion ASDE1 (ataud) (3),28,QUOTATION,CLAVOS F-20,5.0,395.0,DOP,clavos|f-20,COTIZACIONES_0.2_b68c.xlsx
AG-0645,CLAVOS F-25,consu,Ferretería,Units,,,,False,False,False,SHARED,,,,2,445.0,445.0,445.0,NEW_PRODUCT,1,2,CREATE_SHARED_PRODUCT,,MAX,COTIZACIONES_0.2_b68c.xlsx,Cotizacion ASDE1 (ataud) (3),29,QUOTATION,CLAVOS F-25,5.0,445.0,DOP,clavos|f-25,COTIZACIONES_0.2_b68c.xlsx
AG-0646,GRAPAS 7/10,consu,Ferretería,Units,,,caliber=7/10,False,False,False,SHARED,,,,2,266.0,266.0,266.0,NEW_PRODUCT,1,2,CREATE_SHARED_PRODUCT,,MAX,COTIZACIONES_0.2_b68c.xlsx,Cotizacion ASDE1 (ataud) (3),30,QUOTATION,GRAPAS  7/10,5.0,266.0,DOP,grapas|7/10|7/10,COTIZACIONES_0.2_b68c.xlsx
AG-0647,Bisagras,consu,Ferretería,Units,,,,False,False,False,SHARED,,,,2,82.3,82.3,82.3,NEW_PRODUCT,1,2,CREATE_SHARED_PRODUCT,,MAX,COTIZACIONES_0.2_b68c.xlsx,Cotizacion ASDE1 (ataud) (3),31,QUOTATION,BISAGRAS,50.0,82.3,DOP,bisagras,COTIZACIONES_0.2_b68c.xlsx
AG-0648,Manubrio P/ ATAUD,consu,Ferretería,Units,,,,False,False,False,SHARED,,,,2,752.0,752.0,752.0,NEW_PRODUCT,1,2,CREATE_SHARED_PRODUCT,,MAX,COTIZACIONES_0.2_b68c.xlsx,Cotizacion ASDE1 (ataud) (3),40,QUOTATION,MANUBRIO P/ ATAUD,100.0,752.0,DOP,manubrio|p/|ataud,COTIZACIONES_0.2_b68c.xlsx
AG-0649,PASTA Acrilica CANO BLANCA (32 OZ) 1/4,consu,Ferretería,Units,Cano,,caliber=1/4,False,False,False,SHARED,,,,2,810.0,810.0,810.0,NEW_PRODUCT,1,2,CREATE_SHARED_PRODUCT,,MAX,COTIZACIONES_0.2_b68c.xlsx,Cotizacion ASDE1 (ataud) (3),41,QUOTATION,PASTA ACRILICA CANO BLANCA  (32 OZ) 1/4,10.0,810.0,DOP,pasta|acrilica|cano|blanca|32|oz|1/4|1/4,COTIZACIONES_0.2_b68c.xlsx
AG-0650,PASTA Acrilica CANO MARRON (32 OZ) 1/4,consu,Ferretería,Units,Cano,,caliber=1/4,False,False,False,SHARED,,,,2,810.0,810.0,810.0,NEW_PRODUCT,1,2,CREATE_SHARED_PRODUCT,,MAX,COTIZACIONES_0.2_b68c.xlsx,Cotizacion ASDE1 (ataud) (3),42,QUOTATION,PASTA ACRILICA CANO MARRON  (32 OZ) 1/4,10.0,810.0,DOP,pasta|acrilica|cano|marron|32|oz|1/4|1/4,COTIZACIONES_0.2_b68c.xlsx
AG-0651,Cristales 16x12 DE 3/16,consu,Ferretería,Units,,,caliber=3/16,False,False,False,SHARED,,,,2,582.0,582.0,582.0,NEW_PRODUCT,1,2,CREATE_SHARED_PRODUCT,,MAX,COTIZACIONES_0.2_b68c.xlsx,Cotizacion ASDE1 (ataud) (3),43,QUOTATION,CRISTALES 16x12 DE 3/16,100.0,582.0,DOP,cristales|16x12|3/16|3/16,COTIZACIONES_0.2_b68c.xlsx
AG-0652,PAPEL Plastico 18X15000 Stretch FILM,consu,Oficina,Units,,,,False,False,False,SHARED,,,,2,975.0,975.0,975.0,NEW_PRODUCT,1,2,CREATE_SHARED_PRODUCT,,MAX,COTIZACIONES_0.2_b68c.xlsx,Cotizacion ASDE1 (ataud) (3),44,QUOTATION,PAPEL PLASTICO 18X15000 STRETCH FILM,10.0,975.0,DOP,papel|plastico|18x15000|stretch|film,COTIZACIONES_0.2_b68c.xlsx
AG-0653,Adhesivo EN Aerosol,consu,Ferretería,Units,,,,False,False,False,SHARED,,,,2,1243.2,1243.2,1243.2,NEW_PRODUCT,1,2,CREATE_SHARED_PRODUCT,,MAX,COTIZACIONES_0.2_b68c.xlsx,Cotizacion ASDE1 (ataud) (3),45,QUOTATION,ADHESIVO EN AEROSOL,10.0,1243.2,DOP,adhesivo|aerosol,COTIZACIONES_0.2_b68c.xlsx
AG-0654,DACRON,consu,Ferretería,Units,,,,False,False,False,SHARED,,,,2,12000.0,12000.0,12000.0,NEW_PRODUCT,1,2,CREATE_SHARED_PRODUCT,,MAX,COTIZACIONES_0.2_b68c.xlsx,Cotizacion ASDE1 (ataud) (3),46,QUOTATION,DACRON,2.0,12000.0,DOP,dacron,COTIZACIONES_0.2_b68c.xlsx
AG-0655,Penetrante WD-40,consu,Ferretería,Units,,,,False,False,False,SHARED,,,,2,796.0,796.0,796.0,NEW_PRODUCT,1,2,CREATE_SHARED_PRODUCT,,MAX,COTIZACIONES_0.2_b68c.xlsx,Cotizacion ASDE1 (ataud) (3),47,QUOTATION,PENETRANTE WD-40,10.0,796.0,DOP,penetrante|wd-40,COTIZACIONES_0.2_b68c.xlsx
AG-0656,Pintura Acrilica BLANCO 00 Tropical,consu,Pinturas,Gal,Tropical,,,False,False,False,SHARED,,,,2,2545.0,2545.0,2545.0,NEW_PRODUCT,1,2,CREATE_SHARED_PRODUCT,,MAX,COTIZACIONES_0.2_b68c.xlsx,Cotizacion ASDE1 (ataud) (3),48,QUOTATION,PINTURA ACRILICA BLANCO 00 TROPICAL,5.0,2545.0,DOP,pintura|acrilica|blanco|00|tropical,COTIZACIONES_0.2_b68c.xlsx
AG-0657,"PUNTA P/ DES. #3 2"" 5/1 TRUPER",consu,Herramientas,Units,Truper,,"size=2"" caliber=5/1",False,False,False,SHARED,,,,2,312.15,312.15,312.15,NEW_PRODUCT,1,2,CREATE_SHARED_PRODUCT,,MAX,COTIZACIONES_0.2_b68c.xlsx,Cotizacion ASDE1 (ataud) (3),49,QUOTATION,"PUNTA P/ DES. #3  2""  5/1 TRUPER",25.0,312.15,DOP,"punta|p/|des.|3|2""|5/1|truper|5/1|2""",COTIZACIONES_0.2_b68c.xlsx
AG-0658,"PUNTA PARA DES #2 2"" TRUPER 5/1",consu,Herramientas,Units,Truper,,"size=2"" caliber=5/1",False,False,False,SHARED,,,,2,324.0,324.0,324.0,NEW_PRODUCT,1,2,CREATE_SHARED_PRODUCT,,MAX,COTIZACIONES_0.2_b68c.xlsx,Cotizacion ASDE1 (ataud) (3),50,QUOTATION,"PUNTA PARA DES #2 2"" TRUPER 5/1",25.0,324.0,DOP,"punta|para|des|2|2""|truper|5/1|5/1|2""",COTIZACIONES_0.2_b68c.xlsx
AG-0659,"DISCO DE CORTE P/ MADERA Stanley 10"" 40T",consu,Ferretería,Units,,,"size=10""",False,False,False,SHARED,,,,2,2155.1,2155.1,2155.1,NEW_PRODUCT,1,2,CREATE_SHARED_PRODUCT,,MAX,COTIZACIONES_0.2_b68c.xlsx,Cotizacion ASDE1 (ataud) (3),51,QUOTATION,"DISCO DE CORTE P/ MADERA STANLEY 10""  40T",1.0,2155.1,DOP,"disco|corte|p/|madera|stanley|10""|40t|10""",COTIZACIONES_0.2_b68c.xlsx
AG-0660,Extractor DE AIRE KDK Kdk M-30auht,consu,Ferretería,Units,,,,False,False,False,SHARED,,,,2,6895.0,6895.0,6895.0,NEW_PRODUCT,1,2,CREATE_SHARED_PRODUCT,,MAX,COTIZACIONES_0.2_b68c.xlsx,Cotizacion ASDE1 (ataud) (3),54,QUOTATION,EXTRACTOR DE AIRE KDK Kdk M-30auht,1.0,6895.0,DOP,extractor|aire|kdk|kdk|m-30auht,COTIZACIONES_0.2_b68c.xlsx
AG-0661,LAPIZ P/ Carpintero,consu,Ferretería,Units,,,,False,False,False,SHARED,,,,2,28.0,28.0,28.0,NEW_PRODUCT,1,2,CREATE_SHARED_PRODUCT,,MAX,COTIZACIONES_0.2_b68c.xlsx,Cotizacion ASDE1 (ataud) (3),55,QUOTATION,LAPIZ P/ CARPINTERO,20.0,28.0,DOP,lapiz|p/|carpintero,COTIZACIONES_0.2_b68c.xlsx
AG-0662,CABLE 12 AWG THHN-500 PIE,consu,Material eléctrico,Units,,THHN-500,capacity=500 pies model=THHN-500,False,False,False,SHARED,,,,2,11500.0,11500.0,11500.0,NEW_PRODUCT,2,2,CREATE_SHARED_PRODUCT,,MAX,COTIZACIONES_0.2_b68c.xlsx,Cotizacion 5 (47),15,QUOTATION,CABLE 12 AWG THHN-500 PIE,15.0,11500.0,DOP,cable|12|awg|thhn-500|pie|500 pies|THHN-500,COTIZACIONES_0.2_b68c.xlsx | COTIZACIONES__REMPART_GROUP_2_3578.xlsx
AG-0663,TAPE GOMA SCOTCH 3M,consu,Neumáticos,Units,,,,False,False,False,SHARED,,,,1,1335.0,1335.0,1335.0,NEW_PRODUCT,1,1,CREATE_SHARED_PRODUCT,,SINGLE,COTIZACIONES_0.2_b68c.xlsx,Cotizacion 5 (48),16,QUOTATION,TAPE GOMA SCOTCH 3M,2.0,1335.0,DOP,tape|goma|scotch|3m,COTIZACIONES_0.2_b68c.xlsx
AG-0664,CAJA 2X4 3/4 Suplemento,consu,Ferretería,Units,,,caliber=3/4,False,False,False,SHARED,,,,1,115.0,115.0,115.0,NEW_PRODUCT,1,1,CREATE_SHARED_PRODUCT,,SINGLE,COTIZACIONES_0.2_b68c.xlsx,Cotizacion 5 (48),17,QUOTATION,CAJA 2X4 3/4 SUPLEMENTO,2.0,115.0,DOP,caja|2x4|3/4|suplemento|3/4,COTIZACIONES_0.2_b68c.xlsx
AG-0665,Bombillo 18W 120V,consu,Material eléctrico,Units,,,power=18W,False,False,False,SHARED,,,,2,280.0,280.0,280.0,NEW_PRODUCT,1,2,CREATE_SHARED_PRODUCT,,MAX,COTIZACIONES_0.2_b68c.xlsx,Cotizacion 5 (49),17,QUOTATION,BOMBILLO 18W 120V,18.0,280.0,DOP,bombillo|18|w|120v|18W,COTIZACIONES_0.2_b68c.xlsx
AG-0666,LLAVE Lavamanos Vikingo Cromada,consu,Plomería,Units,,,,False,False,False,SHARED,,,,4,1250.0,1550.0,1550.0,NEW_PRODUCT,3,3,CREATE_SHARED_PRODUCT,,MAX,COTIZACIONES_0.2_b68c.xlsx,Cotizacion 5 (49),18,QUOTATION,LLAVE LAVAMANOS VIKINGO CROMADA,10.0,1550.0,DOP,llave|lavamanos|vikingo|cromada,COTIZACIONES_0.2_b68c.xlsx | COTIZACIONES_DORALEX_SRL_bb53.xlsx | COTIZACIONES_DORALEX_f72a.xlsx
AG-0667,Manguera Lavamanos EASTAM 1/2''x30,consu,Plomería,Units,,,caliber=1/2,False,False,False,SHARED,,,,4,410.0,435.0,435.0,NEW_PRODUCT,3,3,CREATE_SHARED_PRODUCT,,MAX,COTIZACIONES_0.2_b68c.xlsx,Cotizacion 5 (49),19,QUOTATION,MANGUERA LAVAMANOS EASTAM 1/2''X30,10.0,435.0,DOP,manguera|lavamanos|eastam|1/2|x30|1/2,COTIZACIONES_0.2_b68c.xlsx | COTIZACIONES_DORALEX_SRL_bb53.xlsx | COTIZACIONES_DORALEX_f72a.xlsx
AG-0668,Adaptador MACHO PVC1,consu,Plomería,Units,,PVC1,model=PVC1,False,False,False,SHARED,,,,6,35.0,40.0,40.0,NEW_PRODUCT,3,3,CREATE_SHARED_PRODUCT,,MAX,COTIZACIONES_0.2_b68c.xlsx,Cotizacion 5 (49),20,QUOTATION,ADAPTADOR MACHO PVC1,10.0,40.0,DOP,adaptador|macho|pvc1|PVC1,COTIZACIONES_0.2_b68c.xlsx | COTIZACIONES_DORALEX_SRL_bb53.xlsx | COTIZACIONES_DORALEX_f72a.xlsx
AG-0669,TUBO SCH-40 1'',consu,Plomería,Units,,,,False,False,False,SHARED,,,,2,780.0,780.0,780.0,NEW_PRODUCT,1,2,CREATE_SHARED_PRODUCT,,MAX,COTIZACIONES_0.2_b68c.xlsx,Cotizacion 5 (49),21,QUOTATION,TUBO SCH-40 1'',5.0,780.0,DOP,tubo|sch-40|1,COTIZACIONES_0.2_b68c.xlsx
AG-0670,TUBO Presion 3/4''X 19 SCH 40,consu,Plomería,Units,,,caliber=3/4,False,False,False,SHARED,,,,4,435.0,565.0,565.0,NEW_PRODUCT,3,3,CREATE_SHARED_PRODUCT,,MAX,COTIZACIONES_0.2_b68c.xlsx,Cotizacion 5 (49),22,QUOTATION,TUBO PRESION 3/4''X 19 SCH 40,5.0,565.0,DOP,tubo|presion|3/4|x|19|sch|40|3/4,COTIZACIONES_0.2_b68c.xlsx | COTIZACIONES_DORALEX_SRL_bb53.xlsx | COTIZACIONES_DORALEX_f72a.xlsx
AG-0671,TUBO SCH-40 DE 1/2'',consu,Plomería,Units,,,caliber=1/2,False,False,False,SHARED,,,,3,595.0,595.0,595.0,NEW_PRODUCT,1,3,CREATE_SHARED_PRODUCT,,MAX,COTIZACIONES_0.2_b68c.xlsx,Cotizacion 5 (49),23,QUOTATION,TUBO SCH-40 DE 1/2'',5.0,595.0,DOP,tubo|sch-40|1/2|1/2,COTIZACIONES_0.2_b68c.xlsx
AG-0672,"Reduccion PVC 1 X 3/4""",consu,Plomería,Units,,,"size=4"" caliber=3/4",False,False,False,SHARED,,,,4,30.0,30.0,30.0,NEW_PRODUCT,3,3,CREATE_SHARED_PRODUCT,,MAX,COTIZACIONES_0.2_b68c.xlsx,Cotizacion 5 (49),24,QUOTATION,"REDUCCION PVC 1 X 3/4""",20.0,30.0,DOP,"reduccion|pvc|1|x|3/4""|3/4|4""",COTIZACIONES_0.2_b68c.xlsx | COTIZACIONES_DORALEX_SRL_bb53.xlsx | COTIZACIONES_DORALEX_f72a.xlsx
AG-0673,"Reduccion PVC 1/2 X 3/4""",consu,Plomería,Units,,,"size=4"" caliber=1/2",False,False,False,SHARED,,,,2,28.0,28.0,28.0,NEW_PRODUCT,1,2,CREATE_SHARED_PRODUCT,,MAX,COTIZACIONES_0.2_b68c.xlsx,Cotizacion 5 (49),25,QUOTATION,"REDUCCION PVC 1/2 X 3/4""",20.0,28.0,DOP,"reduccion|pvc|1/2|x|3/4""|1/2|4""",COTIZACIONES_0.2_b68c.xlsx
AG-0674,CODO DE Presion DE 1'',consu,Plomería,Units,,,,False,False,False,SHARED,,,,2,56.0,56.0,56.0,NEW_PRODUCT,1,2,CREATE_SHARED_PRODUCT,,MAX,COTIZACIONES_0.2_b68c.xlsx,Cotizacion 5 (49),26,QUOTATION,CODO DE PRESION DE 1'',20.0,56.0,DOP,codo|presion|1,COTIZACIONES_0.2_b68c.xlsx
AG-0675,CODO DE Presion DE 3/4'',consu,Plomería,Units,,,caliber=3/4,False,False,False,SHARED,,,,2,32.0,32.0,32.0,NEW_PRODUCT,1,2,CREATE_SHARED_PRODUCT,,MAX,COTIZACIONES_0.2_b68c.xlsx,Cotizacion 5 (49),27,QUOTATION,CODO DE PRESION DE 3/4'',20.0,32.0,DOP,codo|presion|3/4|3/4,COTIZACIONES_0.2_b68c.xlsx
AG-0676,CODO DE Presion DE 1/2'',consu,Plomería,Units,,,caliber=1/2,False,False,False,SHARED,,,,3,28.0,28.0,28.0,NEW_PRODUCT,1,3,CREATE_SHARED_PRODUCT,,MAX,COTIZACIONES_0.2_b68c.xlsx,Cotizacion 5 (49),28,QUOTATION,CODO DE PRESION DE 1/2'',20.0,28.0,DOP,codo|presion|1/2|1/2,COTIZACIONES_0.2_b68c.xlsx
AG-0677,HOJA DE Segueta BEYOTA,consu,Ferretería,Units,,,,False,False,False,SHARED,,,,2,120.0,120.0,120.0,NEW_PRODUCT,1,2,CREATE_SHARED_PRODUCT,,MAX,COTIZACIONES_0.2_b68c.xlsx,Cotizacion 5 (49),29,QUOTATION,HOJA DE SEGUETA BEYOTA,5.0,120.0,DOP,hoja|segueta|beyota,COTIZACIONES_0.2_b68c.xlsx
AG-0678,LLAVE Angular DE 1/2 X 3/8 Eastman,consu,Ferretería,Units,,,caliber=1/2,False,False,False,SHARED,,,,3,593.0,593.0,593.0,NEW_PRODUCT,1,3,CREATE_SHARED_PRODUCT,,MAX,COTIZACIONES_0.2_b68c.xlsx,Cotizacion 5 (49),30,QUOTATION,LLAVE ANGULAR DE 1/2 X 3/8 EASTMAN,50.0,593.0,DOP,llave|angular|1/2|x|3/8|eastman|1/2,COTIZACIONES_0.2_b68c.xlsx
AG-0679,LLAVE Angular DE 1/2 X 3/8 DOBLE Eastman,consu,Ferretería,Units,,,caliber=1/2,False,False,False,SHARED,,,,2,568.0,568.0,568.0,NEW_PRODUCT,1,2,CREATE_SHARED_PRODUCT,,MAX,COTIZACIONES_0.2_b68c.xlsx,Cotizacion 5 (49),31,QUOTATION,LLAVE ANGULAR DE 1/2 X 3/8 DOBLE EASTMAN,50.0,568.0,DOP,llave|angular|1/2|x|3/8|doble|eastman|1/2,COTIZACIONES_0.2_b68c.xlsx
AG-0680,"CINTA DE TEFLÓN Industrial, TRUPER EXPERT 13M X 3/4""",consu,Herramientas,Units,Truper,,"size=4"" caliber=3/4",False,False,False,SHARED,,,,3,165.0,165.0,165.0,NEW_PRODUCT,1,3,CREATE_SHARED_PRODUCT,,MAX,COTIZACIONES_0.2_b68c.xlsx,Cotizacion 5 (49),32,QUOTATION,"CINTA DE TEFLÓN INDUSTRIAL, TRUPER EXPERT 13M X 3/4""",50.0,165.0,DOP,"cinta|teflon|industrial|truper|expert|13m|x|3/4""|3/4|4""",COTIZACIONES_0.2_b68c.xlsx
AG-0681,LLAVE DE CHORRO 3/4 URREAS,consu,Ferretería,Units,,,caliber=3/4,False,False,False,SHARED,,,,2,775.0,775.0,775.0,NEW_PRODUCT,1,2,CREATE_SHARED_PRODUCT,,MAX,COTIZACIONES_0.2_b68c.xlsx,Cotizacion 5 (49),33,QUOTATION,LLAVE DE CHORRO 3/4 URREAS,20.0,775.0,DOP,llave|chorro|3/4|urreas|3/4,COTIZACIONES_0.2_b68c.xlsx
AG-0682,LLAVE DE CHORRO 1/2 URREAS,consu,Ferretería,Units,,,caliber=1/2,False,False,False,SHARED,,,,2,775.0,775.0,775.0,NEW_PRODUCT,1,2,CREATE_SHARED_PRODUCT,,MAX,COTIZACIONES_0.2_b68c.xlsx,Cotizacion 5 (49),34,QUOTATION,LLAVE DE CHORRO 1/2 URREAS,20.0,775.0,DOP,llave|chorro|1/2|urreas|1/2,COTIZACIONES_0.2_b68c.xlsx
AG-0683,Pegatod Pegamento GRIS,consu,Ferretería,Units,,,,False,False,False,SHARED,,,,1,590.0,590.0,590.0,NEW_PRODUCT,1,1,CREATE_SHARED_PRODUCT,,SINGLE,COTIZACIONES_0.2_b68c.xlsx,Cotizacion 5 (50),19,QUOTATION,PEGATOD PEGAMENTO GRIS,9.0,590.0,DOP,pegatod|pegamento|gris,COTIZACIONES_0.2_b68c.xlsx
AG-0684,Cemento BLANCO,consu,Construcción,lb,,,,False,False,False,SHARED,,,,1,60.0,60.0,60.0,NEW_PRODUCT,1,1,CREATE_SHARED_PRODUCT,,SINGLE,COTIZACIONES_0.2_b68c.xlsx,Cotizacion 5 (50),20,QUOTATION,CEMENTO BLANCO,20.0,60.0,DOP,cemento|blanco,COTIZACIONES_0.2_b68c.xlsx
AG-0685,ESTOPA DE LUSTRE,consu,Ferretería,lb,,,,False,False,False,SHARED,,,,1,125.0,125.0,125.0,NEW_PRODUCT,1,1,CREATE_SHARED_PRODUCT,,SINGLE,COTIZACIONES_0.2_b68c.xlsx,Cotizacion 5 (50),23,QUOTATION,ESTOPA DE LUSTRE,2.0,125.0,DOP,estopa|lustre,COTIZACIONES_0.2_b68c.xlsx
AG-0686,TUBO SCH-40 2'',consu,Plomería,Units,,,,False,False,False,SHARED,,,,1,880.0,880.0,880.0,NEW_PRODUCT,1,1,CREATE_SHARED_PRODUCT,,SINGLE,COTIZACIONES_0.2_b68c.xlsx,Cotizacion 5 (50),31,QUOTATION,TUBO SCH-40 2'',1.0,880.0,DOP,tubo|sch-40|2,COTIZACIONES_0.2_b68c.xlsx
AG-0687,ROST OFF SPRAY 300 ML WURTH,consu,Ferretería,Units,,,,False,False,False,SHARED,,,,1,690.0,690.0,690.0,NEW_PRODUCT,1,1,CREATE_SHARED_PRODUCT,,SINGLE,COTIZACIONES_0.2_b68c.xlsx,Cotizacion 5 (51),15,QUOTATION,ROST OFF SPRAY 300 ML WURTH,18.0,690.0,DOP,rost|off|spray|300|ml|wurth,COTIZACIONES_0.2_b68c.xlsx
AG-0688,HILO PARA Cortadora DE GRAMA 3.3MM X 237M Htr5/podar Truper,consu,Herramientas,Units,Truper,HTR5,model=HTR5,False,False,False,SHARED,38,HILO PARA CORTADORA DE GRAMA 3.3MM X 237M HTR5/PODAR TRUPER,4000.0,14,2850.0,4000.0,4000.0,EXACT_MATCH,4,13,REUSE_NO_CHANGE,,MAX,COTIZACIONES_0.2_b68c.xlsx,Cotizacion 5 (57),15,QUOTATION,HILO PARA CORTADORA DE GRAMA  3.3MM X 237M htr5/podar truper,200.0,4000.0,DOP,hilo|para|cortadora|grama|3.3|mm|x|237m|HTR5,COTIZACIONES_0.2_b68c.xlsx | COTIZACIONES_DORALEX_SRL_bb53.xlsx | COTIZACIONES_DORALEX_f72a.xlsx | COTIZACIONES__REMPART_GROUP_2_3578.xlsx
AG-0689,Angular DE 2 X 1/8,consu,Ferretería,Units,,,caliber=1/8,False,False,False,SHARED,,,,6,2288.0,2860.0,2860.0,NEW_PRODUCT,2,6,CREATE_SHARED_PRODUCT,,MAX,COTIZACIONES__REMPART_GROUP_2_3578.xlsx,COT ASDE (23),18,QUOTATION,ANGULAR DE 2 X 1/8'',7.0,2860.0,DOP,angular|2|x|1/8|1/8,COTIZACIONES_0.2_b68c.xlsx | COTIZACIONES__REMPART_GROUP_2_3578.xlsx
AG-0690,Angular DE 3 X 3/16,consu,Ferretería,Units,,,caliber=3/16,False,False,False,SHARED,,,,6,4560.0,4935.0,4935.0,NEW_PRODUCT,2,6,CREATE_SHARED_PRODUCT,,MAX,COTIZACIONES__REMPART_GROUP_2_3578.xlsx,COT ASDE (23),19,QUOTATION,ANGULAR DE 3 X 3/16'',1.0,4935.0,DOP,angular|3|x|3/16|3/16,COTIZACIONES_0.2_b68c.xlsx | COTIZACIONES__REMPART_GROUP_2_3578.xlsx
AG-0691,DISCO DE 14 X 3/32 DEWALT,consu,Herramientas,Units,Dewalt,,caliber=3/32,False,False,False,SHARED,62,DISCO DEWALT DE 14 X 3/32,620.0,5,556.0,556.0,620.0,SAFE_SEMANTIC_MATCH,2,5,REUSE_NO_CHANGE,,MAX,COTIZACIONES_0.2_b68c.xlsx,Cotizacion 5 (53),17,QUOTATION,DISCO DE 14 X 3/32 DEWALT,2.0,556.0,DOP,disco|14|x|3/32|dewalt|3/32,COTIZACIONES_0.2_b68c.xlsx | COTIZACIONES__REMPART_GROUP_2_3578.xlsx
AG-0692,OXIDO NEGRO GL DOM,consu,Ferretería,Gal,,,,False,False,False,SHARED,,,,5,1778.0,1778.0,1778.0,NEW_PRODUCT,2,5,CREATE_SHARED_PRODUCT,,MAX,COTIZACIONES_0.2_b68c.xlsx,Cotizacion 5 (53),19,QUOTATION,OXIDO NEGRO GL DOM,1.0,1778.0,DOP,oxido|negro|gal|dom,COTIZACIONES_0.2_b68c.xlsx | COTIZACIONES__REMPART_GROUP_2_3578.xlsx
AG-0693,Soldadura 3/32 Universal 6013,consu,Ferretería,lb,,,caliber=3/32,False,False,False,SHARED,,,,5,205.0,205.0,205.0,NEW_PRODUCT,2,5,CREATE_SHARED_PRODUCT,,MAX,COTIZACIONES_0.2_b68c.xlsx,Cotizacion 5 (53),20,QUOTATION,SOLDADURA 3/32 UNIVERSAL 6013,30.0,205.0,DOP,soldadura|3/32|universal|6013|3/32,COTIZACIONES_0.2_b68c.xlsx | COTIZACIONES__REMPART_GROUP_2_3578.xlsx
AG-0694,VIGA H 6X6X30 15 LB/P,consu,Ferretería,Units,,,presentation=15 lb,False,False,False,SHARED,66,VIGA H 6X6X30 15 LB/P,35360.0,6,35000.0,35360.0,35360.0,EXACT_MATCH,2,6,REUSE_NO_CHANGE,,MAX,COTIZACIONES__REMPART_GROUP_2_3578.xlsx,COT ASDE (23),24,QUOTATION,VIGA H 6X6X30 15 LB/P,1.0,35360.0,DOP,viga|h|6x6x30|15|lb/p|15 lb,COTIZACIONES_0.2_b68c.xlsx | COTIZACIONES__REMPART_GROUP_2_3578.xlsx
AG-0695,Inodoro FLUX Baltico ENT SUP BLANCO / CORONA,consu,Plomería,Units,,,,False,False,False,SHARED,67,INODORO FLUX BALTICO ENT SUP BLANCO / CORONA,11890.0,6,11890.0,11890.0,11890.0,EXACT_MATCH,2,6,REUSE_NO_CHANGE,,MAX,COTIZACIONES_0.2_b68c.xlsx,Cotizacion 5 (54),15,QUOTATION,INODORO FLUX BALTICO ENT SUP BLANCO / CORONA,7.0,11890.0,DOP,inodoro|flux|baltico|ent|sup|blanco|/|corona,COTIZACIONES_0.2_b68c.xlsx | COTIZACIONES__REMPART_GROUP_2_3578.xlsx
AG-0696,Valvula Fluxometro P/inodoro Z6000-WS1-YB YC ZURN,consu,Plomería,Units,,Z6000-WS1-YB,model=Z6000-WS1-YB,False,False,False,SHARED,,,,6,11232.0,11232.0,11232.0,NEW_PRODUCT,2,6,CREATE_SHARED_PRODUCT,,MAX,COTIZACIONES_0.2_b68c.xlsx,Cotizacion 5 (54),16,QUOTATION,"VALVULA FLUXOMETRO P/INODORO  Z6000-WS1-YB
YC ZURN",7.0,11232.0,DOP,valvula|fluxometro|p/inodoro|z6000-ws1-yb|yc|zurn|Z6000-WS1-YB,COTIZACIONES_0.2_b68c.xlsx | COTIZACIONES__REMPART_GROUP_2_3578.xlsx
AG-0697,ORINAL Arrecife ENT SUP BLANCO,consu,Ferretería,Units,,,,False,False,False,SHARED,69,ORINAL ARRECIFE ENT SUP BLANCO,8960.0,6,8960.0,8960.0,8960.0,EXACT_MATCH,2,6,REUSE_NO_CHANGE,,MAX,COTIZACIONES_0.2_b68c.xlsx,Cotizacion 5 (54),17,QUOTATION,ORINAL ARRECIFE ENT SUP BLANCO,2.0,8960.0,DOP,orinal|arrecife|ent|sup|blanco,COTIZACIONES_0.2_b68c.xlsx | COTIZACIONES__REMPART_GROUP_2_3578.xlsx
AG-0698,Boquilla P/LAV PUSH BOT C/rebose 100206 45 Genebre,consu,Ferretería,Units,,,,False,False,False,SHARED,70,BOQUILLA P/LAV PUSH BOT C/REBOSE 100206 45 GENEBRE,1898.0,6,1098.0,1898.0,1898.0,EXACT_MATCH,2,6,REUSE_NO_CHANGE,,MAX,COTIZACIONES__REMPART_GROUP_2_3578.xlsx,COT ASDE (25),19,QUOTATION,BOQUILLA P/LAV PUSH BOT C/REBOSE 100206 45 GENEBRE,4.0,1898.0,DOP,boquilla|p/lav|push|bot|c/rebose|100206|45|genebre,COTIZACIONES_0.2_b68c.xlsx | COTIZACIONES__REMPART_GROUP_2_3578.xlsx
AG-0699,Mezcladora P/LAV Monomando 1H T-4119 Aquavita,consu,Ferretería,Units,,T-4119,model=T-4119,False,False,False,SHARED,71,MEZCLADORA P/LAV MONOMANDO 1H T-4119 AQUAVITA,3090.0,6,3090.0,3090.0,3090.0,EXACT_MATCH,2,6,REUSE_NO_CHANGE,,MAX,COTIZACIONES_0.2_b68c.xlsx,Cotizacion 5 (54),19,QUOTATION,MEZCLADORA P/LAV MONOMANDO 1H T-4119 AQUAVITA,4.0,3090.0,DOP,mezcladora|p/lav|monomando|1h|t-4119|aquavita|T-4119,COTIZACIONES_0.2_b68c.xlsx | COTIZACIONES__REMPART_GROUP_2_3578.xlsx
AG-0700,JUNTA DE CERA P/inodoro 40143 Eastman,consu,Plomería,Units,,,,False,False,False,SHARED,72,JUNTA DE CERA P/INODORO 40143 EASTMAN,185.0,6,139.8,185.0,185.0,EXACT_MATCH,2,6,REUSE_NO_CHANGE,,MAX,COTIZACIONES__REMPART_GROUP_2_3578.xlsx,COT ASDE (25),21,QUOTATION,JUNTA DE CERA P/INODORO 40143 EASTMAN,10.0,185.0,DOP,junta|cera|p/inodoro|40143|eastman,COTIZACIONES_0.2_b68c.xlsx | COTIZACIONES__REMPART_GROUP_2_3578.xlsx
AG-0701,Cemento BLANCO 2kg (4.4lbs) 2KG Pegaforte,consu,Construcción,Units,,,presentation=2 kg,False,False,False,SHARED,73,CEMENTO BLANCO 2KG (4.4LBS) 2KG PEGAFORTE,205.0,6,192.0,205.0,205.0,EXACT_MATCH,2,6,REUSE_NO_CHANGE,,MAX,COTIZACIONES__REMPART_GROUP_2_3578.xlsx,COT ASDE (25),22,QUOTATION,CEMENTO BLANCO 2kg (4.4LBS) 2KG PEGAFORTE,1.0,205.0,DOP,cemento|blanco|2|kg|4.4|lb|2|kg|2 kg,COTIZACIONES_0.2_b68c.xlsx | COTIZACIONES__REMPART_GROUP_2_3578.xlsx
AG-0702,SIFON PARA Lavamano PVC 1 1/2'' 35376 Eastman,consu,Plomería,Units,,,caliber=1/2,False,False,False,SHARED,,,,6,189.1,215.12,215.12,NEW_PRODUCT,2,6,CREATE_SHARED_PRODUCT,,MAX,COTIZACIONES__REMPART_GROUP_2_3578.xlsx,COT ASDE (25),23,QUOTATION,SIFON PARA LAVAMANO PVC 1 1/2'' 35376 EASTMAN,10.0,215.12,DOP,sifon|para|lavamano|pvc|1|1/2|35376|eastman|1/2,COTIZACIONES_0.2_b68c.xlsx | COTIZACIONES__REMPART_GROUP_2_3578.xlsx
AG-0703,PORTA PAPEL TOALLA,consu,Oficina,Units,,,,False,False,False,SHARED,,,,1,,,,NEW_PRODUCT,1,1,MANUAL_REVIEW,MISSING_VALID_PRICE,NO_PRICE,,,,,,,,,porta|papel|toalla,COTIZACIONES_0.2_b68c.xlsx
AG-0704,Zafacones DE BAÑO,consu,Ferretería,Units,,,,False,False,False,SHARED,,,,1,,,,NEW_PRODUCT,1,1,MANUAL_REVIEW,MISSING_VALID_PRICE,NO_PRICE,,,,,,,,,zafacones|bano,COTIZACIONES_0.2_b68c.xlsx
AG-0705,Zafacones DE BAÑO Grandes,consu,Ferretería,Units,,,,False,False,False,SHARED,,,,1,,,,NEW_PRODUCT,1,1,MANUAL_REVIEW,MISSING_VALID_PRICE,NO_PRICE,,,,,,,,,zafacones|bano|grandes,COTIZACIONES_0.2_b68c.xlsx
AG-0706,Silicon 100% RTV CLEAR TUBO 10.3 SS-888-18 LANCO,consu,Electrodomésticos,Units,,SS-888-18,model=SS-888-18,False,False,False,SHARED,78,SILICON 100% RTV CLEAR TUBO 10.3 SS-888-18 LANCO,570.0,6,570.0,570.0,570.0,EXACT_MATCH,2,6,REUSE_NO_CHANGE,,MAX,COTIZACIONES_0.2_b68c.xlsx,Cotizacion 5 (54),26,QUOTATION,SILICON 100% RTV CLEAR TUBO 10.3 SS-888-18 LANCO,4.0,570.0,DOP,silicon|100%|rtv|clear|tubo|10.3|ss-888-18|lanco|SS-888-18,COTIZACIONES_0.2_b68c.xlsx | COTIZACIONES__REMPART_GROUP_2_3578.xlsx
AG-0707,LLAVE Angular DOBLE 1/2x3/8x3/8 04326 Eastman,consu,Ferretería,Units,,,,False,False,False,SHARED,79,LLAVE ANGULAR DOBLE 1/2X3/8X3/8 04326 EASTMAN,578.0,6,574.0,578.0,578.0,EXACT_MATCH,2,6,REUSE_NO_CHANGE,,MAX,COTIZACIONES__REMPART_GROUP_2_3578.xlsx,COT ASDE (25),28,QUOTATION,LLAVE ANGULAR DOBLE 1/2x3/8x3/8 04326 EASTMAN,10.0,578.0,DOP,llave|angular|doble|1/2x3/8x3/8|04326|eastman,COTIZACIONES_0.2_b68c.xlsx | COTIZACIONES__REMPART_GROUP_2_3578.xlsx
AG-0708,LLAVE Sencilla P/LAV NIQ 1/2'' VK-0380 Vikingo,consu,Ferretería,Units,,VK-0380,caliber=1/2 model=VK-0380,False,False,False,SHARED,,,,6,1082.2,1099.2,1099.2,NEW_PRODUCT,2,6,CREATE_SHARED_PRODUCT,,MAX,COTIZACIONES__REMPART_GROUP_2_3578.xlsx,COT ASDE (25),29,QUOTATION,LLAVE SENCILLA P/LAV NIQ 1/2'' VK-0380 VIKINGO,10.0,1099.2,DOP,llave|sencilla|p/lav|niq|1/2|vk-0380|vikingo|1/2|VK-0380,COTIZACIONES_0.2_b68c.xlsx | COTIZACIONES__REMPART_GROUP_2_3578.xlsx
AG-0709,NIPLE COBRE NIQ 1/2'' X 3'' 25866 Eastman,consu,Ferretería,Units,,,caliber=1/2,False,False,False,SHARED,,,,6,352.0,398.82,398.82,NEW_PRODUCT,2,6,CREATE_SHARED_PRODUCT,,MAX,COTIZACIONES__REMPART_GROUP_2_3578.xlsx,COT ASDE (25),30,QUOTATION,NIPLE COBRE NIQ 1/2'' X 3'' 25866 EASTMAN,20.0,398.82,DOP,niple|cobre|niq|1/2|x|3|25866|eastman|1/2,COTIZACIONES_0.2_b68c.xlsx | COTIZACIONES__REMPART_GROUP_2_3578.xlsx
AG-0710,6 TEFLON 3/4x0.075mmx10mts Estuche Generico,consu,Ferretería,Units,Generico,,,False,False,False,SHARED,82,6 TEFLON 3/4X0.075MMX10MTS ESTUCHE GENERICO,61.97,6,14.97,61.97,61.97,EXACT_MATCH,2,6,REUSE_NO_CHANGE,,MAX,COTIZACIONES__REMPART_GROUP_2_3578.xlsx,COT ASDE (25),31,QUOTATION,6 TEFLON 3/4x0.075mmx10mts ESTUCHE GENERICO,20.0,61.97,DOP,6|teflon|3/4x0.075mmx10mts|estuche|generico,COTIZACIONES_0.2_b68c.xlsx | COTIZACIONES__REMPART_GROUP_2_3578.xlsx
AG-0711,Pintura ACRIL Porcelana 90 (5GL) ACRI Porcela 90 Popular,consu,Pinturas,Units,,,presentation=5 gl,False,False,False,SHARED,83,PINTURA ACRIL PORCELANA 90 (5GL) ACRI PORCELA 90 POPULAR,10958.99,6,10951.2,10958.99,10958.99,EXACT_MATCH,2,6,REUSE_NO_CHANGE,,MAX,COTIZACIONES__REMPART_GROUP_2_3578.xlsx,COT ASDE (25),32,QUOTATION,PINTURA ACRIL PORCELANA 90 (5GL) ACRI PORCELA 90 POPULAR,8.0,10958.99,DOP,pintura|acril|porcelana|90|5|gal|acri|porcela|5 gl,COTIZACIONES_0.2_b68c.xlsx | COTIZACIONES__REMPART_GROUP_2_3578.xlsx
AG-0712,Pintura Acrilica BLANCO 00 Tropical 5GL,consu,Pinturas,Units,Tropical,,presentation=5 gl,False,False,False,SHARED,84,PINTURA ACRILICA BLANCO 00 TROPICAL 5GL,8050.0,6,8050.0,8050.0,8050.0,EXACT_MATCH,2,6,REUSE_NO_CHANGE,,MAX,COTIZACIONES_0.2_b68c.xlsx,Cotizacion 5 (54),32,QUOTATION,PINTURA ACRILICA BLANCO 00 TROPICAL 5GL,2.0,8050.0,DOP,pintura|acrilica|blanco|00|tropical|5|gal|5 gl,COTIZACIONES_0.2_b68c.xlsx | COTIZACIONES__REMPART_GROUP_2_3578.xlsx
AG-0713,MOTA Microfibra 9'' X 3/8'' FAN89 BYP,consu,Ferretería,Units,,FAN89,caliber=3/8 model=FAN89,False,False,False,SHARED,,,,6,92.0,105.98,105.98,NEW_PRODUCT,2,6,CREATE_SHARED_PRODUCT,,MAX,COTIZACIONES__REMPART_GROUP_2_3578.xlsx,COT ASDE (25),34,QUOTATION,MOTA MICROFIBRA 9'' X 3/8'' FAN89 BYP,6.0,105.98,DOP,mota|microfibra|9|x|3/8|fan89|byp|3/8|FAN89,COTIZACIONES_0.2_b68c.xlsx | COTIZACIONES__REMPART_GROUP_2_3578.xlsx
AG-0714,BROCHA M/BCO PELO GRIS 2'' BCM20 BYP,consu,Pinturas,Units,,BCM20,model=BCM20,False,False,False,SHARED,,,,6,69.58,89.99,89.99,NEW_PRODUCT,2,6,CREATE_SHARED_PRODUCT,,MAX,COTIZACIONES__REMPART_GROUP_2_3578.xlsx,COT ASDE (25),35,QUOTATION,BROCHA M/BCO PELO GRIS 2'' BCM20 BYP,6.0,89.99,DOP,brocha|m/bco|pelo|gris|2|bcm20|byp|BCM20,COTIZACIONES_0.2_b68c.xlsx | COTIZACIONES__REMPART_GROUP_2_3578.xlsx
AG-0715,ESPEJO DE BAÑO 66x36'',consu,Ferretería,Units,,,,False,False,False,SHARED,,,,6,4984.0,4984.0,4984.0,NEW_PRODUCT,2,6,CREATE_SHARED_PRODUCT,,MAX,COTIZACIONES__REMPART_GROUP_2_3578.xlsx,COT ASDE (25),36,QUOTATION,ESPEJO DE BAÑO 66X36'',1.0,4984.0,DOP,espejo|bano|66x36,COTIZACIONES_0.2_b68c.xlsx | COTIZACIONES__REMPART_GROUP_2_3578.xlsx
AG-0716,TANQUE Precargado FIBRA 120 GAL C2N-120GV GLOBAL WATER,consu,Ferretería,Units,,,presentation=120 gal,False,False,False,SHARED,,,,2,98900.12,98900.12,98900.12,NEW_PRODUCT,2,2,CREATE_SHARED_PRODUCT,,MAX,COTIZACIONES_0.2_b68c.xlsx,Cotizacion 5 (55),15,QUOTATION,TANQUE PRECARGADO FIBRA 120 GAL  C2N-120GV GLOBAL WATER,1.0,98900.12,DOP,tanque|precargado|fibra|120|gal|c2n-120gv|global|water|120 gal,COTIZACIONES_0.2_b68c.xlsx | COTIZACIONES__REMPART_GROUP_2_3578.xlsx
AG-0717,"GUANTE GOMA NEGRO IND (SIZE S,MY L)",consu,Neumáticos,Units,,,,False,False,False,SHARED,,,,1,700.0,700.0,700.0,NEW_PRODUCT,1,1,CREATE_SHARED_PRODUCT,,SINGLE,COTIZACIONES_0.2_b68c.xlsx,Cotizacion 5 (56),15,QUOTATION,"GUANTE GOMA NEGRO IND (SIZE S,MY L)",600.0,700.0,DOP,guante|goma|negro|ind|size|s|my|l,COTIZACIONES_0.2_b68c.xlsx
AG-0718,Rotomartillo SDS MAX 1050 W 1 9 / 16 DEWALT,consu,Herramientas,Units,Dewalt,,power=1050W,False,False,False,SHARED,,,,2,85025.76,85025.76,85025.76,NEW_PRODUCT,1,1,CREATE_SHARED_PRODUCT,,SINGLE,COTIZACIONES_0.2_b68c.xlsx,Cotizacion 5 (58),15,QUOTATION,ROTOMARTILLO SDS MAX  1050 W  1 9 / 16 DEWALT,1.0,85025.76,DOP,rotomartillo|sds|max|1050|w|1|9|/|1050W,COTIZACIONES_0.2_b68c.xlsx
AG-0719,Rotomartillo SDS PLUS 800 W DEWALT,consu,Herramientas,Units,Dewalt,,power=800W,False,False,False,SHARED,,,,1,25193.22,25193.22,25193.22,NEW_PRODUCT,1,1,CREATE_SHARED_PRODUCT,,SINGLE,COTIZACIONES_0.2_b68c.xlsx,Cotizacion 5 (58),16,QUOTATION,ROTOMARTILLO SDS PLUS  800 W  DEWALT,2.0,25193.22,DOP,rotomartillo|sds|plus|800|w|dewalt|800W,COTIZACIONES_0.2_b68c.xlsx
AG-0720,"DEWALT Taladro DE Martillo,1/2 '' 7.8 Amperios RANGO DUAL (dw505) 900W",consu,Herramientas,Units,Dewalt,DW505,caliber=1/2 power=900W model=DW505,False,False,False,SHARED,,,,2,20203.54,20203.54,20203.54,NEW_PRODUCT,1,1,CREATE_SHARED_PRODUCT,,SINGLE,COTIZACIONES_0.2_b68c.xlsx,Cotizacion 5 (58),17,QUOTATION,"DEWALT TALADRO DE MARTILLO,1/2 '' 7.8 AMPERIOS RANGO DUAL (DW505) 900W",2.0,20203.54,DOP,dewalt|taladro|martillo|1/2|7.8|amperios|rango|dual|1/2|DW505|900W,COTIZACIONES_0.2_b68c.xlsx
AG-0721,Taladro Destornillador 20 V MAX DEWALT 500 W,consu,Herramientas,Units,Dewalt,,power=500W,False,False,False,SHARED,,,,1,29350.0,29350.0,29350.0,NEW_PRODUCT,1,1,CREATE_SHARED_PRODUCT,,SINGLE,COTIZACIONES_0.2_b68c.xlsx,Cotizacion 5 (58),18,QUOTATION,TALADRO DESTORNILLADOR 20 V MAX DEWALT 500 W,1.0,29350.0,DOP,taladro|destornillador|20|v|max|dewalt|500|w|500W,COTIZACIONES_0.2_b68c.xlsx
AG-0722,Cemento BLANCO FUNDA 40KG,consu,Construcción,Units,,,presentation=40 kg,False,False,False,SHARED,54,CEMENTO BLANCO FUNDA 40KG,2750.0,3,2750.0,2750.0,2750.0,EXACT_MATCH,1,3,REUSE_NO_CHANGE,,MAX,COTIZACIONES_0.2_b68c.xlsx,Cot Reconocimiento de deuda ASD,31,QUOTATION,CEMENTO BLANCO FUNDA 40KG,5.0,2750.0,DOP,cemento|blanco|funda|40|kg|40 kg,COTIZACIONES_0.2_b68c.xlsx
AG-0723,Pintura Acrilica ARENA 24 Popular PRO,consu,Pinturas,Units,,,,False,False,False,SHARED,,,,1,,,,NEW_PRODUCT,1,1,MANUAL_REVIEW,MISSING_VALID_PRICE,NO_PRICE,,,,,,,,,pintura|acrilica|arena|24|popular|pro,COTIZACIONES_0.2_b68c.xlsx
AG-0724,Pintura Acrilica BLANCO Colonial Popular PRO,consu,Pinturas,Units,,,,False,False,False,SHARED,,,,1,,,,NEW_PRODUCT,1,1,MANUAL_REVIEW,MISSING_VALID_PRICE,NO_PRICE,,,,,,,,,pintura|acrilica|blanco|colonial|popular|pro,COTIZACIONES_0.2_b68c.xlsx
AG-0725,Pintura Acrilica BLANCO GRIS PERLA Popular PRO,consu,Pinturas,Units,,,,False,False,False,SHARED,,,,1,,,,NEW_PRODUCT,1,1,MANUAL_REVIEW,MISSING_VALID_PRICE,NO_PRICE,,,,,,,,,pintura|acrilica|blanco|gris|perla|popular|pro,COTIZACIONES_0.2_b68c.xlsx
AG-0726,Pintura Acrilica ORANGE Popular PRO,consu,Pinturas,Units,,,,False,False,False,SHARED,,,,1,,,,NEW_PRODUCT,1,1,MANUAL_REVIEW,MISSING_VALID_PRICE,NO_PRICE,,,,,,,,,pintura|acrilica|orange|popular|pro,COTIZACIONES_0.2_b68c.xlsx
AG-0727,Pintura Acrilica AZUL Positivo Popular PRO,consu,Pinturas,Units,,,,False,False,False,SHARED,,,,1,11932.5,11932.5,11932.5,NEW_PRODUCT,1,1,CREATE_SHARED_PRODUCT,,SINGLE,COTIZACIONES_0.2_b68c.xlsx,Cotizacion 5 (62),20,QUOTATION,PINTURA ACRILICA AZUL POSITIVO POPULAR PRO,10.0,11932.5,DOP,pintura|acrilica|azul|positivo|popular|pro,COTIZACIONES_0.2_b68c.xlsx
AG-0728,Pintura Acrilica ROJO Positvo Popular PRO,consu,Pinturas,Units,,,,False,False,False,SHARED,,,,1,11932.5,11932.5,11932.5,NEW_PRODUCT,1,1,CREATE_SHARED_PRODUCT,,SINGLE,COTIZACIONES_0.2_b68c.xlsx,Cotizacion 5 (62),21,QUOTATION,PINTURA ACRILICA ROJO POSITVO POPULAR PRO,10.0,11932.5,DOP,pintura|acrilica|rojo|positvo|popular|pro,COTIZACIONES_0.2_b68c.xlsx
AG-0729,Pintura Acrilica VERDE Positivo Popular PRO,consu,Pinturas,Units,,,,False,False,False,SHARED,,,,1,11932.5,11932.5,11932.5,NEW_PRODUCT,1,1,CREATE_SHARED_PRODUCT,,SINGLE,COTIZACIONES_0.2_b68c.xlsx,Cotizacion 5 (62),22,QUOTATION,PINTURA ACRILICA VERDE POSITIVO  POPULAR PRO,10.0,11932.5,DOP,pintura|acrilica|verde|positivo|popular|pro,COTIZACIONES_0.2_b68c.xlsx
AG-0730,Pintura Acrilica Amarillo Positivo Popular PRO,consu,Pinturas,Units,,,,False,False,False,SHARED,,,,1,11932.5,11932.5,11932.5,NEW_PRODUCT,1,1,CREATE_SHARED_PRODUCT,,SINGLE,COTIZACIONES_0.2_b68c.xlsx,Cotizacion 5 (62),23,QUOTATION,PINTURA ACRILICA AMARILLO POSITIVO POPULAR PRO,10.0,11932.5,DOP,pintura|acrilica|amarillo|positivo|popular|pro,COTIZACIONES_0.2_b68c.xlsx
AG-0731,Pintura Acrilica NEGRO Popular PRO,consu,Pinturas,Units,,,,False,False,False,SHARED,,,,1,,,,NEW_PRODUCT,1,1,MANUAL_REVIEW,MISSING_VALID_PRICE,NO_PRICE,,,,,,,,,pintura|acrilica|negro|popular|pro,COTIZACIONES_0.2_b68c.xlsx
AG-0732,CUBETA DE BARNIZ,consu,Ferretería,Units,,,,False,False,False,SHARED,,,,1,,,,NEW_PRODUCT,1,1,MANUAL_REVIEW,MISSING_VALID_PRICE,NO_PRICE,,,,,,,,,cubeta|barniz,COTIZACIONES_0.2_b68c.xlsx
AG-0733,Acrilica Caramelo SUAVE 21,consu,Ferretería,Units,,,,False,False,False,SHARED,,,,1,,,,NEW_PRODUCT,1,1,MANUAL_REVIEW,MISSING_VALID_PRICE,NO_PRICE,,,,,,,,,acrilica|caramelo|suave|21,COTIZACIONES_0.2_b68c.xlsx
AG-0734,Pintura Esmalte Superior GRIS PLATA 65,consu,Pinturas,Units,,,,False,False,False,SHARED,,,,1,,,,NEW_PRODUCT,1,1,MANUAL_REVIEW,MISSING_VALID_PRICE,NO_PRICE,,,,,,,,,pintura|esmalte|superior|gris|plata|65,COTIZACIONES_0.2_b68c.xlsx
AG-0735,Pintura Esmalte Superior BLANCO,consu,Pinturas,Units,,,,False,False,False,SHARED,,,,1,,,,NEW_PRODUCT,1,1,MANUAL_REVIEW,MISSING_VALID_PRICE,NO_PRICE,,,,,,,,,pintura|esmalte|superior|blanco,COTIZACIONES_0.2_b68c.xlsx
AG-0736,Pintura Esmalte Superior ROJO,consu,Pinturas,Units,,,,False,False,False,SHARED,,,,1,,,,NEW_PRODUCT,1,1,MANUAL_REVIEW,MISSING_VALID_PRICE,NO_PRICE,,,,,,,,,pintura|esmalte|superior|rojo,COTIZACIONES_0.2_b68c.xlsx
AG-0737,Pintura Esmalte Superior Amarillo,consu,Pinturas,Units,,,,False,False,False,SHARED,,,,1,,,,NEW_PRODUCT,1,1,MANUAL_REVIEW,MISSING_VALID_PRICE,NO_PRICE,,,,,,,,,pintura|esmalte|superior|amarillo,COTIZACIONES_0.2_b68c.xlsx
AG-0738,Pintura Esmalte Superior AZUL,consu,Pinturas,Units,,,,False,False,False,SHARED,,,,1,,,,NEW_PRODUCT,1,1,MANUAL_REVIEW,MISSING_VALID_PRICE,NO_PRICE,,,,,,,,,pintura|esmalte|superior|azul,COTIZACIONES_0.2_b68c.xlsx
AG-0739,Pintura Esmalte Superior LIMON,consu,Pinturas,Units,,,,False,False,False,SHARED,,,,1,,,,NEW_PRODUCT,1,1,MANUAL_REVIEW,MISSING_VALID_PRICE,NO_PRICE,,,,,,,,,pintura|esmalte|superior|limon,COTIZACIONES_0.2_b68c.xlsx
AG-0740,Pintura Acrilica Amarillo MAIZ 70 Popular PRO,consu,Pinturas,Units,,,,False,False,False,SHARED,,,,1,,,,NEW_PRODUCT,1,1,MANUAL_REVIEW,MISSING_VALID_PRICE,NO_PRICE,,,,,,,,,pintura|acrilica|amarillo|maiz|70|popular|pro,COTIZACIONES_0.2_b68c.xlsx
AG-0741,Pintura BLANCO Trafico Popular,consu,Pinturas,Units,,,,False,False,False,SHARED,,,,1,,,,NEW_PRODUCT,1,1,MANUAL_REVIEW,MISSING_VALID_PRICE,NO_PRICE,,,,,,,,,pintura|blanco|trafico|popular,COTIZACIONES_0.2_b68c.xlsx
AG-0742,Pintura Acrilica AZUL CIELO Popular PRO,consu,Pinturas,Units,,,,False,False,False,SHARED,,,,1,,,,NEW_PRODUCT,1,1,MANUAL_REVIEW,MISSING_VALID_PRICE,NO_PRICE,,,,,,,,,pintura|acrilica|azul|cielo|popular|pro,COTIZACIONES_0.2_b68c.xlsx
AG-0743,Pintura Acrilica ROJO Ladrillo Popular,consu,Pinturas,Units,,,,False,False,False,SHARED,,,,1,,,,NEW_PRODUCT,1,1,MANUAL_REVIEW,MISSING_VALID_PRICE,NO_PRICE,,,,,,,,,pintura|acrilica|rojo|ladrillo|popular,COTIZACIONES_0.2_b68c.xlsx
AG-0744,Sellador P/ TECHO Urethanizer ROOF SEALER LANCO 5GL,consu,Ferretería,Units,,,presentation=5 gl,False,False,False,SHARED,,,,1,15505.0,15505.0,15505.0,NEW_PRODUCT,1,1,CREATE_SHARED_PRODUCT,,SINGLE,COTIZACIONES_0.2_b68c.xlsx,Cotizacion 5 (62),39,QUOTATION,SELLADOR P/ TECHO URETHANIZER ROOF SEALER LANCO 5GL,10.0,15505.0,DOP,sellador|p/|techo|urethanizer|roof|sealer|lanco|5|5 gl,COTIZACIONES_0.2_b68c.xlsx
AG-0745,Pintura Anticorrosiva ROJO OXIDO,consu,Pinturas,Units,,,,False,False,False,SHARED,,,,1,,,,NEW_PRODUCT,1,1,MANUAL_REVIEW,MISSING_VALID_PRICE,NO_PRICE,,,,,,,,,pintura|anticorrosiva|rojo|oxido,COTIZACIONES_0.2_b68c.xlsx
AG-0746,Pintura Anticorrosiva ROJO NEGRO,consu,Pinturas,Units,,,,False,False,False,SHARED,,,,1,,,,NEW_PRODUCT,1,1,MANUAL_REVIEW,MISSING_VALID_PRICE,NO_PRICE,,,,,,,,,pintura|anticorrosiva|rojo|negro,COTIZACIONES_0.2_b68c.xlsx
AG-0747,SPRAY BLANCO,consu,Ferretería,Units,,,,False,False,False,SHARED,,,,1,,,,NEW_PRODUCT,1,1,MANUAL_REVIEW,MISSING_VALID_PRICE,NO_PRICE,,,,,,,,,spray|blanco,COTIZACIONES_0.2_b68c.xlsx
AG-0748,BROCHA ATLAS DE 1'',consu,Pinturas,Units,,,,False,False,False,SHARED,,,,1,140.0,140.0,140.0,NEW_PRODUCT,1,1,CREATE_SHARED_PRODUCT,,SINGLE,COTIZACIONES_0.2_b68c.xlsx,Cotizacion 5 (63),15,QUOTATION,BROCHA ATLAS DE 1'',10.0,140.0,DOP,brocha|atlas|1,COTIZACIONES_0.2_b68c.xlsx
AG-0749,BROCHA ATLAS DE 2'',consu,Pinturas,Units,,,,False,False,False,SHARED,,,,2,190.0,190.0,190.0,NEW_PRODUCT,1,2,CREATE_SHARED_PRODUCT,,MAX,COTIZACIONES_0.2_b68c.xlsx,Cotizacion 5 (63),16,QUOTATION,BROCHA ATLAS DE 2'',10.0,190.0,DOP,brocha|atlas|2,COTIZACIONES_0.2_b68c.xlsx
AG-0750,BROCHA ATLAS DE 3'',consu,Pinturas,Units,,,,False,False,False,SHARED,,,,2,215.0,215.0,215.0,NEW_PRODUCT,1,2,CREATE_SHARED_PRODUCT,,MAX,COTIZACIONES_0.2_b68c.xlsx,Cotizacion 5 (63),17,QUOTATION,BROCHA ATLAS DE 3'',10.0,215.0,DOP,brocha|atlas|3,COTIZACIONES_0.2_b68c.xlsx
AG-0751,BROCHA ATLAS DE 4'',consu,Pinturas,Units,,,,False,False,False,SHARED,,,,1,260.0,260.0,260.0,NEW_PRODUCT,1,1,CREATE_SHARED_PRODUCT,,SINGLE,COTIZACIONES_0.2_b68c.xlsx,Cotizacion 5 (63),18,QUOTATION,BROCHA ATLAS DE 4'',10.0,260.0,DOP,brocha|atlas|4,COTIZACIONES_0.2_b68c.xlsx
AG-0752,MOTA GRUESA,consu,Ferretería,Units,,,,False,False,False,SHARED,,,,1,,,,NEW_PRODUCT,1,1,MANUAL_REVIEW,MISSING_VALID_PRICE,NO_PRICE,,,,,,,,,mota|gruesa,COTIZACIONES_0.2_b68c.xlsx
AG-0753,Carrete PORTA MOTAS,consu,Ferretería,Units,,,,False,False,False,SHARED,,,,1,,,,NEW_PRODUCT,1,1,MANUAL_REVIEW,MISSING_VALID_PRICE,NO_PRICE,,,,,,,,,carrete|porta|motas,COTIZACIONES_0.2_b68c.xlsx
AG-0754,PORTA ROLO DE 6,consu,Ferretería,Units,,,,False,False,False,SHARED,,,,1,,,,NEW_PRODUCT,1,1,MANUAL_REVIEW,MISSING_VALID_PRICE,NO_PRICE,,,,,,,,,porta|rolo|6,COTIZACIONES_0.2_b68c.xlsx
AG-0755,PORTA ROLO DE 4,consu,Ferretería,Units,,,,False,False,False,SHARED,,,,1,,,,NEW_PRODUCT,1,1,MANUAL_REVIEW,MISSING_VALID_PRICE,NO_PRICE,,,,,,,,,porta|rolo|4,COTIZACIONES_0.2_b68c.xlsx
AG-0756,Espatula,consu,Ferretería,Units,,,,False,False,False,SHARED,,,,1,,,,NEW_PRODUCT,1,1,MANUAL_REVIEW,MISSING_VALID_PRICE,NO_PRICE,,,,,,,,,espatula,COTIZACIONES_0.2_b68c.xlsx
AG-0757,Masilla,consu,Mobiliario,Units,,,,False,False,False,SHARED,,,,1,,,,NEW_PRODUCT,1,1,MANUAL_REVIEW,MISSING_VALID_PRICE,NO_PRICE,,,,,,,,,masilla,COTIZACIONES_0.2_b68c.xlsx
AG-0758,PORTA ROLO LANCO HEAVY DUTY ROLLER FRAME,consu,Ferretería,Units,,,,False,False,False,SHARED,127,PORTA ROLO LANCO HEAVY DUTY ROLLER FRAME,608.48,2,608.48,608.48,608.48,EXACT_MATCH,2,2,REUSE_NO_CHANGE,,MAX,COTIZACIONES_0.2_b68c.xlsx,Cotizacion 5 (70),15,QUOTATION,PORTA ROLO LANCO HEAVY DUTY ROLLER FRAME,2.0,608.48,DOP,porta|rolo|lanco|heavy|duty|roller|frame,COTIZACIONES_0.2_b68c.xlsx | COTIZACIONES__REMPART_GROUP_2_3578.xlsx
AG-0759,MOTA LANCO 9''X1 1/4'',consu,Ferretería,Units,,,caliber=1/4,False,False,False,SHARED,,,,2,422.0,422.0,422.0,NEW_PRODUCT,2,2,CREATE_SHARED_PRODUCT,,MAX,COTIZACIONES_0.2_b68c.xlsx,Cotizacion 5 (70),16,QUOTATION,MOTA LANCO 9''X1 1/4'',4.0,422.0,DOP,mota|lanco|9|x1|1/4|1/4,COTIZACIONES_0.2_b68c.xlsx | COTIZACIONES__REMPART_GROUP_2_3578.xlsx
AG-0760,Sellatodo Silbond CANO,consu,Ferretería,Gal,Cano,,,False,False,False,SHARED,129,SELLATODO SILBOND CANO,2780.0,2,2780.0,2780.0,2780.0,EXACT_MATCH,2,2,REUSE_NO_CHANGE,,MAX,COTIZACIONES_0.2_b68c.xlsx,Cotizacion 5 (70),17,QUOTATION,SELLATODO SILBOND CANO,5.0,2780.0,DOP,sellatodo|silbond|cano,COTIZACIONES_0.2_b68c.xlsx | COTIZACIONES__REMPART_GROUP_2_3578.xlsx
AG-0761,Impermiabilizante Tropical GOMA Liquida Aluminio,consu,Neumáticos,Units,Tropical,,,False,False,False,SHARED,,,,2,17635.8,17635.8,17635.8,NEW_PRODUCT,2,2,CREATE_SHARED_PRODUCT,,MAX,COTIZACIONES_0.2_b68c.xlsx,Cotizacion 5 (70),18,QUOTATION,IMPERMIABILIZANTE TROPICAL GOMA LIQUIDA ALUMINIO,2.0,17635.8,DOP,impermiabilizante|tropical|goma|liquida|aluminio,COTIZACIONES_0.2_b68c.xlsx | COTIZACIONES__REMPART_GROUP_2_3578.xlsx
AG-0762,Membrana Asfaltica Italiana FIBRA VIDRIO 2.5MM,consu,Ferretería,Units,,,,False,False,False,SHARED,131,MEMBRANA ASFALTICA ITALIANA FIBRA VIDRIO 2.5MM,6956.0,2,6956.0,6956.0,6956.0,EXACT_MATCH,2,2,REUSE_NO_CHANGE,,MAX,COTIZACIONES_0.2_b68c.xlsx,Cotizacion 5 (70),19,QUOTATION,MEMBRANA ASFALTICA ITALIANA FIBRA VIDRIO  2.5MM,16.0,6956.0,DOP,membrana|asfaltica|italiana|fibra|vidrio|2.5|mm,COTIZACIONES_0.2_b68c.xlsx | COTIZACIONES__REMPART_GROUP_2_3578.xlsx
AG-0763,LONA Asfaltica 3MM 1X10 MT,consu,Ferretería,Units,,,,False,False,False,SHARED,,,,1,3540.0,3540.0,3540.0,NEW_PRODUCT,1,1,CREATE_SHARED_PRODUCT,,SINGLE,COTIZACIONES_0.2_b68c.xlsx,Cotizacion 5 (71),15,QUOTATION,LONA ASFALTICA 3MM 1X10 MT,1.0,3540.0,DOP,lona|asfaltica|3|mm|1x10|mt,COTIZACIONES_0.2_b68c.xlsx
AG-0764,PRIMER P/LONA Asfaltica,consu,Ferretería,Units,,,,False,False,False,SHARED,,,,1,2380.5,2380.5,2380.5,NEW_PRODUCT,1,1,CREATE_SHARED_PRODUCT,,SINGLE,COTIZACIONES_0.2_b68c.xlsx,Cotizacion 5 (71),16,QUOTATION,PRIMER P/LONA ASFALTICA,1.0,2380.5,DOP,primer|p/lona|asfaltica,COTIZACIONES_0.2_b68c.xlsx
AG-0765,Impermiabilizante Tropical GOMA LIQ. ALUM,consu,Neumáticos,Units,Tropical,,,False,False,False,SHARED,,,,1,10260.0,10260.0,10260.0,NEW_PRODUCT,1,1,CREATE_SHARED_PRODUCT,,SINGLE,COTIZACIONES_0.2_b68c.xlsx,Cotizacion 5 (71),17,QUOTATION,IMPERMIABILIZANTE TROPICAL GOMA LIQ. ALUM,1.0,10260.0,DOP,impermiabilizante|tropical|goma|liq.|alum,COTIZACIONES_0.2_b68c.xlsx
AG-0766,Cemento Plastico Polyplus 2.8,consu,Construcción,Units,,,,False,False,False,SHARED,,,,1,2691.0,2691.0,2691.0,NEW_PRODUCT,1,1,CREATE_SHARED_PRODUCT,,SINGLE,COTIZACIONES_0.2_b68c.xlsx,Cotizacion 5 (71),18,QUOTATION,CEMENTO PLASTICO POLYPLUS 2.8,1.0,2691.0,DOP,cemento|plastico|polyplus|2.8,COTIZACIONES_0.2_b68c.xlsx
AG-0767,MOTA ATLAS 1 1/4 BLANCA 723/200,consu,Ferretería,Units,,,caliber=1/4,False,False,False,SHARED,,,,1,147.0,147.0,147.0,NEW_PRODUCT,1,1,CREATE_SHARED_PRODUCT,,SINGLE,COTIZACIONES_0.2_b68c.xlsx,Cotizacion 5 (71),19,QUOTATION,MOTA ATLAS 1 1/4 BLANCA 723/200,1.0,147.0,DOP,mota|atlas|1|1/4|blanca|723/200|1/4,COTIZACIONES_0.2_b68c.xlsx
AG-0768,PORTA ROLO CANO Reforzado,consu,Ferretería,Units,Cano,,,False,False,False,SHARED,,,,2,335.0,335.0,335.0,NEW_PRODUCT,1,2,CREATE_SHARED_PRODUCT,,MAX,COTIZACIONES_0.2_b68c.xlsx,Cotizacion 5 (71),20,QUOTATION,PORTA ROLO CANO REFORZADO,1.0,335.0,DOP,porta|rolo|cano|reforzado,COTIZACIONES_0.2_b68c.xlsx
AG-0769,Artista,consu,Ferretería,Units,,,,False,False,False,SHARED,,,,4,2750.0,,,NEW_PRODUCT,2,4,MANUAL_REVIEW,PRICE_OUTLIER_REVIEW;MISSING_VALID_PRICE,PRICE_OUTLIER_REVIEW,,,,,,,,,artista,COTIZACIONES_0.2_b68c.xlsx | FORMATO_DE_COTIZACION_2_21f4.xlsx
AG-0770,FUEGOS Artificiales,consu,Ferretería,Units,,,,False,False,False,SHARED,,,,6,,,,NEW_PRODUCT,3,6,MANUAL_REVIEW,MISSING_VALID_PRICE,NO_PRICE,,,,,,,,,fuegos|artificiales,COTIZACIONES_0.2_b68c.xlsx | COT_95d1.xlsx | FORMATO_DE_COTIZACION_2_21f4.xlsx
AG-0771,TARIMA 24X20,consu,Ferretería,Units,,,,False,False,False,SHARED,,,,4,,,,NEW_PRODUCT,2,4,MANUAL_REVIEW,MISSING_VALID_PRICE,NO_PRICE,,,,,,,,,tarima|24x20,COTIZACIONES_0.2_b68c.xlsx | FORMATO_DE_COTIZACION_2_21f4.xlsx
AG-0772,TARIMA VIP 16X16 CON SILLAS P/50 Personas,consu,Mobiliario,Units,,,,False,False,False,SHARED,,,,4,,,,NEW_PRODUCT,2,4,MANUAL_REVIEW,MISSING_VALID_PRICE,NO_PRICE,,,,,,,,,tarima|vip|16x16|sillas|p/50|personas,COTIZACIONES_0.2_b68c.xlsx | FORMATO_DE_COTIZACION_2_21f4.xlsx
AG-0773,BANNER,consu,Ferretería,Units,,,,False,False,False,SHARED,,,,1,,,,NEW_PRODUCT,1,1,MANUAL_REVIEW,MISSING_VALID_PRICE,NO_PRICE,,,,,,,,,banner,COTIZACIONES_0.2_b68c.xlsx
AG-0774,TECHO 29X22,consu,Ferretería,Units,,,,False,False,False,SHARED,,,,4,,,,NEW_PRODUCT,2,4,MANUAL_REVIEW,MISSING_VALID_PRICE,NO_PRICE,,,,,,,,,techo|29x22,COTIZACIONES_0.2_b68c.xlsx | FORMATO_DE_COTIZACION_2_21f4.xlsx
AG-0775,LUCES,consu,Ferretería,Units,,,,False,False,False,SHARED,,,,6,,,,NEW_PRODUCT,3,6,MANUAL_REVIEW,MISSING_VALID_PRICE,NO_PRICE,,,,,,,,,luces,COTIZACIONES_0.2_b68c.xlsx | COT_95d1.xlsx | FORMATO_DE_COTIZACION_2_21f4.xlsx
AG-0776,Equipos DE SONIDO Y Microfono,consu,Ferretería,Units,,,,False,False,False,SHARED,,,,4,,,,NEW_PRODUCT,2,4,MANUAL_REVIEW,MISSING_VALID_PRICE,NO_PRICE,,,,,,,,,equipos|sonido|microfono,COTIZACIONES_0.2_b68c.xlsx | FORMATO_DE_COTIZACION_2_21f4.xlsx
AG-0777,PLANTA Electrica 25KW,consu,Ferretería,Units,,,,False,False,False,SHARED,,,,4,,,,NEW_PRODUCT,2,4,MANUAL_REVIEW,MISSING_VALID_PRICE,NO_PRICE,,,,,,,,,planta|electrica|25kw,COTIZACIONES_0.2_b68c.xlsx | FORMATO_DE_COTIZACION_2_21f4.xlsx
AG-0778,Presentadora,consu,Ferretería,Units,,,,False,False,False,SHARED,,,,3,,,,NEW_PRODUCT,2,3,MANUAL_REVIEW,MISSING_VALID_PRICE,NO_PRICE,,,,,,,,,presentadora,COTIZACIONES_0.2_b68c.xlsx | FORMATO_DE_COTIZACION_2_21f4.xlsx
AG-0779,Coordinacion Artistica,consu,Ferretería,Units,,,,False,False,False,SHARED,,,,6,,,,NEW_PRODUCT,3,6,MANUAL_REVIEW,MISSING_VALID_PRICE,NO_PRICE,,,,,,,,,coordinacion|artistica,COTIZACIONES_0.2_b68c.xlsx | COT_95d1.xlsx | FORMATO_DE_COTIZACION_2_21f4.xlsx
AG-0780,Perifoneo 5 DIAS PREVIO A LA Actividad,consu,Ferretería,Units,,,,False,False,False,SHARED,,,,4,,,,NEW_PRODUCT,2,4,MANUAL_REVIEW,MISSING_VALID_PRICE,NO_PRICE,,,,,,,,,perifoneo|5|dias|previo|a|actividad,COTIZACIONES_0.2_b68c.xlsx | FORMATO_DE_COTIZACION_2_21f4.xlsx
AG-0781,Seguridad,consu,Ferretería,Units,,,,False,False,False,SHARED,,,,4,,,,NEW_PRODUCT,2,4,MANUAL_REVIEW,MISSING_VALID_PRICE,NO_PRICE,,,,,,,,,seguridad,COTIZACIONES_0.2_b68c.xlsx | FORMATO_DE_COTIZACION_2_21f4.xlsx
AG-0782,ENLATE BRUTO Americano 2 X 4 X 16,consu,Ferretería,Units,Cano,,,False,False,False,SHARED,,,,1,1140.0,1140.0,1140.0,NEW_PRODUCT,1,1,CREATE_SHARED_PRODUCT,,SINGLE,COTIZACIONES_0.2_b68c.xlsx,Cotizacion 5 (73),15,QUOTATION,ENLATE BRUTO AMERICANO 2 X 4 X 16,100.0,1140.0,DOP,enlate|bruto|americano|2|x|4|x|16,COTIZACIONES_0.2_b68c.xlsx
AG-0783,MOTA Antigota NO. 4'',consu,Ferretería,Units,,,,False,False,False,SHARED,,,,1,65.0,65.0,65.0,NEW_PRODUCT,1,1,CREATE_SHARED_PRODUCT,,SINGLE,COTIZACIONES_0.2_b68c.xlsx,Cotizacion 5 (74),19,QUOTATION,MOTA ANTIGOTA NO. 4'',100.0,65.0,DOP,mota|antigota|no.|4,COTIZACIONES_0.2_b68c.xlsx
AG-0784,MINI PORTA ROLO CON JAULA,consu,Ferretería,Units,,,,False,False,False,SHARED,,,,1,178.0,178.0,178.0,NEW_PRODUCT,1,1,CREATE_SHARED_PRODUCT,,SINGLE,COTIZACIONES_0.2_b68c.xlsx,Cotizacion 5 (74),20,QUOTATION,MINI PORTA ROLO CON JAULA,100.0,178.0,DOP,mini|porta|rolo|jaula,COTIZACIONES_0.2_b68c.xlsx
AG-0785,Extension P/pintar 3.6M DE FRIBRA DE VIDRIO TRUPER,consu,Herramientas,Units,Truper,,,False,False,False,SHARED,,,,1,2150.0,2150.0,2150.0,NEW_PRODUCT,1,1,CREATE_SHARED_PRODUCT,,SINGLE,COTIZACIONES_0.2_b68c.xlsx,Cotizacion 5 (74),21,QUOTATION,EXTENSION P/PINTAR 3.6M DE FRIBRA DE VIDRIO TRUPER,50.0,2150.0,DOP,extension|p/pintar|3.6m|fribra|vidrio|truper,COTIZACIONES_0.2_b68c.xlsx
AG-0786,Espatula 2'',consu,Ferretería,Units,,,,False,False,False,SHARED,,,,1,180.0,180.0,180.0,NEW_PRODUCT,1,1,CREATE_SHARED_PRODUCT,,SINGLE,COTIZACIONES_0.2_b68c.xlsx,Cotizacion 5 (74),22,QUOTATION,ESPATULA 2'',100.0,180.0,DOP,espatula|2,COTIZACIONES_0.2_b68c.xlsx
AG-0787,"CINTA Aislante 19MM X 18 MT BLANCO ""truper"" 96/1",consu,Herramientas,Units,Truper,,caliber=96/1,False,False,False,SHARED,,,,1,10752.0,10752.0,10752.0,NEW_PRODUCT,1,1,CREATE_SHARED_PRODUCT,,SINGLE,COTIZACIONES_0.2_b68c.xlsx,Cotizacion 5 (74),23,QUOTATION,"CINTA AISLANTE 19MM X 18 MT BLANCO ""TRUPER"" 96/1",2.0,10752.0,DOP,cinta|aislante|19|mm|x|18|mt|blanco|96/1,COTIZACIONES_0.2_b68c.xlsx
AG-0788,Alambre CAL 12,consu,Ferretería,Units,,,,False,False,False,SHARED,,,,1,34.0,34.0,34.0,NEW_PRODUCT,1,1,CREATE_SHARED_PRODUCT,,SINGLE,COTIZACIONES_0.2_b68c.xlsx,Cotizacion 5 (78),15,QUOTATION,ALAMBRE CAL 12,100.0,34.0,DOP,alambre|cal|12,COTIZACIONES_0.2_b68c.xlsx
AG-0789,Alambre CAL 10,consu,Ferretería,Units,,,,False,False,False,SHARED,,,,1,30.0,30.0,30.0,NEW_PRODUCT,1,1,CREATE_SHARED_PRODUCT,,SINGLE,COTIZACIONES_0.2_b68c.xlsx,Cotizacion 5 (78),16,QUOTATION,ALAMBRE CAL 10,25.0,30.0,DOP,alambre|cal|10,COTIZACIONES_0.2_b68c.xlsx
AG-0790,TAPE NEGRO VOLECK,consu,Ferretería,Units,,,,False,False,False,SHARED,,,,2,40.0,55.0,55.0,NEW_PRODUCT,2,2,CREATE_SHARED_PRODUCT,,MAX,COTIZACIONES__REMPART_GROUP_2_3578.xlsx,ELECTRICOS,19,QUOTATION,TAPE NEGRO VOLECK,10.0,55.0,DOP,tape|negro|voleck,COTIZACIONES_0.2_b68c.xlsx | COTIZACIONES__REMPART_GROUP_2_3578.xlsx
AG-0791,KIT DE Conectores,consu,Ferretería,Units,,,,False,False,False,SHARED,,,,1,2445.0,2445.0,2445.0,NEW_PRODUCT,1,1,CREATE_SHARED_PRODUCT,,SINGLE,COTIZACIONES_0.2_b68c.xlsx,Cotizacion 5 (78),18,QUOTATION,KIT DE CONECTORES,200.0,2445.0,DOP,kit|conectores,COTIZACIONES_0.2_b68c.xlsx
AG-0792,Breaker DE 30,consu,Material eléctrico,Units,,,,False,False,False,SHARED,,,,3,550.0,550.0,550.0,NEW_PRODUCT,3,3,CREATE_SHARED_PRODUCT,,MAX,COTIZACIONES_0.2_b68c.xlsx,Cotizacion 5 (78),19,QUOTATION,BREAKER DE 30,100.0,550.0,DOP,breaker|30,COTIZACIONES_0.2_b68c.xlsx | COTIZACIONES_DORALEX_SRL_bb53.xlsx | COTIZACIONES__REMPART_GROUP_2_3578.xlsx
AG-0793,Breaker DE 60,consu,Material eléctrico,Units,,,,False,False,False,SHARED,,,,3,827.0,830.0,830.0,NEW_PRODUCT,3,3,CREATE_SHARED_PRODUCT,,MAX,COTIZACIONES_0.2_b68c.xlsx,Cotizacion 5 (78),20,QUOTATION,BREAKER DE 60,100.0,830.0,DOP,breaker|60,COTIZACIONES_0.2_b68c.xlsx | COTIZACIONES_DORALEX_SRL_bb53.xlsx | COTIZACIONES__REMPART_GROUP_2_3578.xlsx
AG-0794,GUANTE DE Proteccion TRUPER,consu,Herramientas,Units,Truper,,,False,False,False,SHARED,,,,1,280.0,280.0,280.0,NEW_PRODUCT,1,1,CREATE_SHARED_PRODUCT,,SINGLE,COTIZACIONES_0.2_b68c.xlsx,Cotizacion 5 (78),21,QUOTATION,GUANTE DE PROTECCION TRUPER,20.0,280.0,DOP,guante|proteccion|truper,COTIZACIONES_0.2_b68c.xlsx
AG-0795,CINTA Electrica Temflex,consu,Ferretería,Units,,,,False,False,False,SHARED,,,,2,90.0,90.0,90.0,NEW_PRODUCT,2,2,CREATE_SHARED_PRODUCT,,MAX,COTIZACIONES_0.2_b68c.xlsx,Cotizacion 5 (78),22,QUOTATION,CINTA ELECTRICA TEMFLEX,2.0,90.0,DOP,cinta|electrica|temflex,COTIZACIONES_0.2_b68c.xlsx | COTIZACIONES__REMPART_GROUP_2_3578.xlsx
AG-0796,ENLATE 2x4,consu,Ferretería,Units,,,,False,False,False,SHARED,,,,1,510.0,510.0,510.0,NEW_PRODUCT,1,1,CREATE_SHARED_PRODUCT,,SINGLE,COTIZACIONES_0.2_b68c.xlsx,Cotizacion 5 (79),15,QUOTATION,ENLATE 2x4,100.0,510.0,DOP,enlate|2x4,COTIZACIONES_0.2_b68c.xlsx
AG-0797,Playwood 1/2 Ferremix,consu,Ferretería,Units,,,caliber=1/2,False,False,False,SHARED,,,,2,1886.0,1886.0,1886.0,NEW_PRODUCT,2,2,CREATE_SHARED_PRODUCT,,MAX,COTIZACIONES_0.2_b68c.xlsx,Cotizacion 5 (79),16,QUOTATION,PLAYWOOD 1/2 FERREMIX,30.0,1886.0,DOP,playwood|1/2|ferremix|1/2,COTIZACIONES_0.2_b68c.xlsx | COTIZACIONES__REMPART_GROUP_2_3578.xlsx
AG-0798,CONOS TRUPER,consu,Herramientas,Units,Truper,,,False,False,False,SHARED,,,,2,785.0,785.0,785.0,NEW_PRODUCT,2,2,CREATE_SHARED_PRODUCT,,MAX,COTIZACIONES_0.2_b68c.xlsx,Cotizacion 5 (79),17,QUOTATION,CONOS TRUPER,100.0,785.0,DOP,conos|truper,COTIZACIONES_0.2_b68c.xlsx | COTIZACIONES__REMPART_GROUP_2_3578.xlsx
AG-0799,"Inodoros Completos Incluyendo Fluxometro, TAPAS Y Valvulas ULTRA",consu,Plomería,Units,,,,False,False,False,SHARED,,,,1,7290.0,7290.0,7290.0,NEW_PRODUCT,1,1,CREATE_SHARED_PRODUCT,,SINGLE,COTIZACIONES_0.2_b68c.xlsx,Cotizacion 5 (80),15,QUOTATION,"INODOROS COMPLETOS INCLUYENDO FLUXOMETRO, TAPAS Y VALVULAS ULTRA",50.0,7290.0,DOP,inodoros|completos|incluyendo|fluxometro|tapas|valvulas|ultra,COTIZACIONES_0.2_b68c.xlsx
AG-0800,Valvula TIPO Fluxometro PARA Inodoro,consu,Plomería,Units,,,,False,False,False,SHARED,,,,3,9120.0,9130.0,9130.0,NEW_PRODUCT,3,3,CREATE_SHARED_PRODUCT,,MAX,COTIZACIONES_0.2_b68c.xlsx,Cotizacion 5 (81),15,QUOTATION,VALVULA TIPO FLUXOMETRO PARA INODORO,10.0,9130.0,DOP,valvula|tipo|fluxometro|para|inodoro,COTIZACIONES_0.2_b68c.xlsx | COTIZACIONES_DORALEX_SRL_bb53.xlsx | COTIZACIONES__REMPART_GROUP_2_3578.xlsx
AG-0801,VIGA H 6x6x30' (15.0# Lb/p)-450 Lbs,consu,Ferretería,Units,,,presentation=15.0 lb,False,False,False,SHARED,,,,1,2288.0,2288.0,2288.0,NEW_PRODUCT,1,1,CREATE_SHARED_PRODUCT,,SINGLE,COTIZACIONES_0.2_b68c.xlsx,Cotizacion 5 (82),15,QUOTATION,VIGA H 6X6X30' (15.0# LB/P)-450 Lbs,7.0,2288.0,DOP,viga|h|6x6x30|15.0|lb/p|-450|lb|15.0 lb,COTIZACIONES_0.2_b68c.xlsx
AG-0802,VIGA H 6x6x30' (25.0# Lb/p)-750 Lbs,consu,Ferretería,Units,,,presentation=25.0 lb,False,False,False,SHARED,,,,1,,,,NEW_PRODUCT,1,1,MANUAL_REVIEW,MISSING_VALID_PRICE,NO_PRICE,,,,,,,,,viga|h|6x6x30|25.0|lb/p|-750|lb|25.0 lb,COTIZACIONES_0.2_b68c.xlsx
AG-0803,VIGA H 6x4x30' (16.0# Lb/p)-480 Lbs,consu,Ferretería,Units,,,presentation=16.0 lb,False,False,False,SHARED,,,,1,,,,NEW_PRODUCT,1,1,MANUAL_REVIEW,MISSING_VALID_PRICE,NO_PRICE,,,,,,,,,viga|h|6x4x30|16.0|lb/p|-480|lb|16.0 lb,COTIZACIONES_0.2_b68c.xlsx
AG-0804,Canales 6x30'-8.20#'lb/p- 246 Lbs,consu,Ferretería,Units,,,presentation=8.20 lb,False,False,False,SHARED,,,,1,,,,NEW_PRODUCT,1,1,MANUAL_REVIEW,MISSING_VALID_PRICE,NO_PRICE,,,,,,,,,canales|6x30|-8.20|lb/p-|246|lb|8.20 lb,COTIZACIONES_0.2_b68c.xlsx
AG-0805,MALLA Ciclonica 6X50″ C-29,consu,Ferretería,Units,,,,False,False,False,SHARED,,,,1,12458.85,12458.85,12458.85,NEW_PRODUCT,1,1,CREATE_SHARED_PRODUCT,,SINGLE,COTIZACIONES_0.2_b68c.xlsx,Cotizacion complementaria (2),15,QUOTATION,MALLA CICLONICA 6X50″  C-29,100.0,12458.85,DOP,malla|ciclonica|6x50|c-29,COTIZACIONES_0.2_b68c.xlsx
AG-0806,TUBO DE 20X20″ P/malla,consu,Plomería,Units,,,,False,False,False,SHARED,,,,1,929.97,929.97,929.97,NEW_PRODUCT,1,1,CREATE_SHARED_PRODUCT,,SINGLE,COTIZACIONES_0.2_b68c.xlsx,Cotizacion complementaria (2),16,QUOTATION,TUBO DE 20X20″ P/MALLA,300.0,929.97,DOP,tubo|20x20|p/malla,COTIZACIONES_0.2_b68c.xlsx
AG-0807,Mezcladora P/lavamanos Monomando UREA,consu,Plomería,Units,,,,False,False,False,SHARED,,,,2,5450.0,5450.0,5450.0,NEW_PRODUCT,2,1,CREATE_SHARED_PRODUCT,,MAX,COTIZACIONES_DORALEX_SRL_bb53.xlsx,Cotizacion,15,QUOTATION,MEZCLADORA P/LAVAMANOS MONOMANDO UREA,2.0,5450.0,DOP,mezcladora|p/lavamanos|monomando|urea,COTIZACIONES_DORALEX_SRL_bb53.xlsx | COTIZACIONES_DORALEX_f72a.xlsx
AG-0808,LLAVE Angular EASTAM 1/2'' X 3/8'',consu,Ferretería,Units,,,caliber=1/2,False,False,False,SHARED,,,,2,475.0,475.0,475.0,NEW_PRODUCT,2,1,CREATE_SHARED_PRODUCT,,MAX,COTIZACIONES_DORALEX_SRL_bb53.xlsx,Cotizacion,16,QUOTATION,LLAVE ANGULAR EASTAM 1/2'' X 3/8'',5.0,475.0,DOP,llave|angular|eastam|1/2|x|3/8|1/2,COTIZACIONES_DORALEX_SRL_bb53.xlsx | COTIZACIONES_DORALEX_f72a.xlsx
AG-0809,LLAVE Empotrar NIBCO 1/2'' DE UN PUÑO URREA Original,consu,Ferretería,Units,,,caliber=1/2,False,False,False,SHARED,,,,2,5250.0,5250.0,5250.0,NEW_PRODUCT,2,1,CREATE_SHARED_PRODUCT,,MAX,COTIZACIONES_DORALEX_SRL_bb53.xlsx,Cotizacion,17,QUOTATION,LLAVE EMPOTRAR NIBCO 1/2'' DE UN PUÑO URREA ORIGINAL,3.0,5250.0,DOP,llave|empotrar|nibco|1/2|un|puno|urrea|original|1/2,COTIZACIONES_DORALEX_SRL_bb53.xlsx | COTIZACIONES_DORALEX_f72a.xlsx
AG-0810,LLAVE Angular EASTAM 1/2'' X 3/8'' X 13/8'',consu,Ferretería,Units,,,caliber=1/2,False,False,False,SHARED,,,,2,550.0,550.0,550.0,NEW_PRODUCT,2,1,CREATE_SHARED_PRODUCT,,MAX,COTIZACIONES_DORALEX_SRL_bb53.xlsx,Cotizacion,19,QUOTATION,LLAVE ANGULAR EASTAM 1/2'' X 3/8'' X 13/8'',2.0,550.0,DOP,llave|angular|eastam|1/2|x|3/8|x|13/8|1/2,COTIZACIONES_DORALEX_SRL_bb53.xlsx | COTIZACIONES_DORALEX_f72a.xlsx
AG-0811,DUCHA C/brazo Cuadrada LUKAN,consu,Ferretería,Units,,,,False,False,False,SHARED,,,,2,8150.0,8150.0,8150.0,NEW_PRODUCT,2,1,CREATE_SHARED_PRODUCT,,MAX,COTIZACIONES_DORALEX_SRL_bb53.xlsx,Cotizacion,20,QUOTATION,DUCHA C/BRAZO CUADRADA LUKAN,1.0,8150.0,DOP,ducha|c/brazo|cuadrada|lukan,COTIZACIONES_DORALEX_SRL_bb53.xlsx | COTIZACIONES_DORALEX_f72a.xlsx
AG-0812,"Rejilla P/PISO Decorativa 11/2""",consu,Ferretería,Units,,,"size=2"" caliber=11/2",False,False,False,SHARED,,,,2,510.0,510.0,510.0,NEW_PRODUCT,2,1,CREATE_SHARED_PRODUCT,,MAX,COTIZACIONES_DORALEX_SRL_bb53.xlsx,Cotizacion,21,QUOTATION,"REJILLA P/PISO DECORATIVA 11/2""",4.0,510.0,DOP,"rejilla|p/piso|decorativa|11/2""|11/2|2""",COTIZACIONES_DORALEX_SRL_bb53.xlsx | COTIZACIONES_DORALEX_f72a.xlsx
AG-0813,JUEGO DE Valvula FAMA Economax,consu,Plomería,Units,,,,False,False,False,SHARED,,,,2,850.0,850.0,850.0,NEW_PRODUCT,2,1,CREATE_SHARED_PRODUCT,,MAX,COTIZACIONES_DORALEX_SRL_bb53.xlsx,Cotizacion,22,QUOTATION,JUEGO DE VALVULA FAMA ECONOMAX,2.0,850.0,DOP,juego|valvula|fama|economax,COTIZACIONES_DORALEX_SRL_bb53.xlsx | COTIZACIONES_DORALEX_f72a.xlsx
AG-0814,Boquilla PUSH BOTTON Lavamanos KAROS 11/4''x8,consu,Plomería,Units,,,caliber=11/4,False,False,False,SHARED,,,,2,785.0,785.0,785.0,NEW_PRODUCT,2,1,CREATE_SHARED_PRODUCT,,MAX,COTIZACIONES_DORALEX_SRL_bb53.xlsx,Cotizacion,23,QUOTATION,BOQUILLA PUSH BOTTON LAVAMANOS KAROS 11/4''X8,2.0,785.0,DOP,boquilla|push|botton|lavamanos|karos|11/4|x8|11/4,COTIZACIONES_DORALEX_SRL_bb53.xlsx | COTIZACIONES_DORALEX_f72a.xlsx
AG-0815,Manguera Inodoro EASTAM 320'',consu,Plomería,Units,,,,False,False,False,SHARED,,,,2,400.0,400.0,400.0,NEW_PRODUCT,2,1,CREATE_SHARED_PRODUCT,,MAX,COTIZACIONES_DORALEX_SRL_bb53.xlsx,Cotizacion,25,QUOTATION,MANGUERA INODORO EASTAM 320'',1.0,400.0,DOP,manguera|inodoro|eastam|320,COTIZACIONES_DORALEX_SRL_bb53.xlsx | COTIZACIONES_DORALEX_f72a.xlsx
AG-0816,NIPLE HG Galv.1/2'' X 21/2'',consu,Ferretería,Units,,,caliber=1/2,False,False,False,SHARED,,,,2,60.0,60.0,60.0,NEW_PRODUCT,2,1,CREATE_SHARED_PRODUCT,,MAX,COTIZACIONES_DORALEX_SRL_bb53.xlsx,Cotizacion,26,QUOTATION,NIPLE HG GALV.1/2'' X 21/2'',7.0,60.0,DOP,niple|hg|galv.1/2|x|21/2|1/2,COTIZACIONES_DORALEX_SRL_bb53.xlsx | COTIZACIONES_DORALEX_f72a.xlsx
AG-0817,Cubrefalta Niquelado 1/2'',consu,Ferretería,Units,,,caliber=1/2,False,False,False,SHARED,,,,2,50.0,50.0,50.0,NEW_PRODUCT,2,1,CREATE_SHARED_PRODUCT,,MAX,COTIZACIONES_DORALEX_SRL_bb53.xlsx,Cotizacion,27,QUOTATION,CUBREFALTA NIQUELADO 1/2'',7.0,50.0,DOP,cubrefalta|niquelado|1/2|1/2,COTIZACIONES_DORALEX_SRL_bb53.xlsx | COTIZACIONES_DORALEX_f72a.xlsx
AG-0818,SIFON Sencillo Americano EASTAM 11/2'',consu,Ferretería,Units,Cano,,caliber=11/2,False,False,False,SHARED,,,,2,165.0,165.0,165.0,NEW_PRODUCT,2,1,CREATE_SHARED_PRODUCT,,MAX,COTIZACIONES_DORALEX_SRL_bb53.xlsx,Cotizacion,28,QUOTATION,SIFON SENCILLO AMERICANO EASTAM 11/2'',4.0,165.0,DOP,sifon|sencillo|americano|eastam|11/2|11/2,COTIZACIONES_DORALEX_SRL_bb53.xlsx | COTIZACIONES_DORALEX_f72a.xlsx
AG-0819,Reduccion Bushing PVC 2'' X11/2'',consu,Plomería,Units,,,,False,False,False,SHARED,,,,2,59.0,59.0,59.0,NEW_PRODUCT,2,1,CREATE_SHARED_PRODUCT,,MAX,COTIZACIONES_DORALEX_SRL_bb53.xlsx,Cotizacion,29,QUOTATION,REDUCCION BUSHING PVC 2'' X11/2'',2.0,59.0,DOP,reduccion|bushing|pvc|2|x11/2,COTIZACIONES_DORALEX_SRL_bb53.xlsx | COTIZACIONES_DORALEX_f72a.xlsx
AG-0820,T DE 5 VIAS Aquavita,consu,Ferretería,Units,,,,False,False,False,SHARED,,,,2,860.0,860.0,860.0,NEW_PRODUCT,2,1,CREATE_SHARED_PRODUCT,,MAX,COTIZACIONES_DORALEX_SRL_bb53.xlsx,Cotizacion,30,QUOTATION,T DE 5 VIAS AQUAVITA,1.0,860.0,DOP,t|5|vias|aquavita,COTIZACIONES_DORALEX_SRL_bb53.xlsx | COTIZACIONES_DORALEX_f72a.xlsx
AG-0821,Manometro G/glicerina Genebre 1/4'',consu,Ferretería,Units,,,caliber=1/4,False,False,False,SHARED,,,,2,610.0,610.0,610.0,NEW_PRODUCT,2,1,CREATE_SHARED_PRODUCT,,MAX,COTIZACIONES_DORALEX_SRL_bb53.xlsx,Cotizacion,31,QUOTATION,MANOMETRO G/GLICERINA GENEBRE 1/4'',1.0,610.0,DOP,manometro|g/glicerina|genebre|1/4|1/4,COTIZACIONES_DORALEX_SRL_bb53.xlsx | COTIZACIONES_DORALEX_f72a.xlsx
AG-0822,Automatico BOMBA Squared 20-40 PSI,consu,Ferretería,Units,,,,False,False,False,SHARED,,,,2,2350.0,2350.0,2350.0,NEW_PRODUCT,2,1,CREATE_SHARED_PRODUCT,,MAX,COTIZACIONES_DORALEX_SRL_bb53.xlsx,Cotizacion,32,QUOTATION,AUTOMATICO BOMBA SQUARED 20-40 PSI,1.0,2350.0,DOP,automatico|bomba|squared|20-40|psi,COTIZACIONES_DORALEX_SRL_bb53.xlsx | COTIZACIONES_DORALEX_f72a.xlsx
AG-0823,TEE Presion PVC 1'',consu,Plomería,Units,,,,False,False,False,SHARED,,,,2,45.0,45.0,45.0,NEW_PRODUCT,2,1,CREATE_SHARED_PRODUCT,,MAX,COTIZACIONES_DORALEX_SRL_bb53.xlsx,Cotizacion,34,QUOTATION,TEE PRESION PVC 1'',4.0,45.0,DOP,tee|presion|pvc|1,COTIZACIONES_DORALEX_SRL_bb53.xlsx | COTIZACIONES_DORALEX_f72a.xlsx
AG-0824,UNION Universal PVC 1'',consu,Plomería,Units,,,,False,False,False,SHARED,,,,2,155.0,155.0,155.0,NEW_PRODUCT,2,1,CREATE_SHARED_PRODUCT,,MAX,COTIZACIONES_DORALEX_SRL_bb53.xlsx,Cotizacion,36,QUOTATION,UNION UNIVERSAL PVC 1'',6.0,155.0,DOP,union|universal|pvc|1,COTIZACIONES_DORALEX_SRL_bb53.xlsx | COTIZACIONES_DORALEX_f72a.xlsx
AG-0825,Cemento PVC LANCO WET DRY 8 OZ,consu,Plomería,Units,,,,False,False,False,SHARED,,,,2,675.0,675.0,675.0,NEW_PRODUCT,2,1,CREATE_SHARED_PRODUCT,,MAX,COTIZACIONES_DORALEX_SRL_bb53.xlsx,Cotizacion,37,QUOTATION,CEMENTO PVC LANCO WET DRY 8 OZ,2.0,675.0,DOP,cemento|pvc|lanco|wet|dry|8|oz,COTIZACIONES_DORALEX_SRL_bb53.xlsx | COTIZACIONES_DORALEX_f72a.xlsx
AG-0826,Silicon LANCO Transparente Industrial,consu,Ferretería,Units,,,,False,False,False,SHARED,,,,2,800.0,800.0,800.0,NEW_PRODUCT,2,1,CREATE_SHARED_PRODUCT,,MAX,COTIZACIONES_DORALEX_SRL_bb53.xlsx,Cotizacion,38,QUOTATION,SILICON LANCO TRANSPARENTE INDUSTRIAL,2.0,800.0,DOP,silicon|lanco|transparente|industrial,COTIZACIONES_DORALEX_SRL_bb53.xlsx | COTIZACIONES_DORALEX_f72a.xlsx
AG-0827,TEFLON Aquaflex Amarillo 1'',consu,Ferretería,Units,,,,False,False,False,SHARED,,,,2,85.0,85.0,85.0,NEW_PRODUCT,2,1,CREATE_SHARED_PRODUCT,,MAX,COTIZACIONES_DORALEX_SRL_bb53.xlsx,Cotizacion,39,QUOTATION,TEFLON AQUAFLEX AMARILLO 1'',8.0,85.0,DOP,teflon|aquaflex|amarillo|1,COTIZACIONES_DORALEX_SRL_bb53.xlsx | COTIZACIONES_DORALEX_f72a.xlsx
AG-0828,Silicon Uretano WEST NEGRO 310 ML,consu,Ferretería,Units,,,,False,False,False,SHARED,,,,2,870.0,870.0,870.0,NEW_PRODUCT,2,1,CREATE_SHARED_PRODUCT,,MAX,COTIZACIONES_DORALEX_SRL_bb53.xlsx,Cotizacion,40,QUOTATION,SILICON URETANO WEST NEGRO 310 ML,2.0,870.0,DOP,silicon|uretano|west|negro|310|ml,COTIZACIONES_DORALEX_SRL_bb53.xlsx | COTIZACIONES_DORALEX_f72a.xlsx
AG-0829,Mezcladora Fregadero URREA T/nibco,consu,Ferretería,Units,,,,False,False,False,SHARED,,,,2,7000.0,7000.0,7000.0,NEW_PRODUCT,2,1,CREATE_SHARED_PRODUCT,,MAX,COTIZACIONES_DORALEX_SRL_bb53.xlsx,Cotizacion,41,QUOTATION,MEZCLADORA FREGADERO URREA T/NIBCO,1.0,7000.0,DOP,mezcladora|fregadero|urrea|t/nibco,COTIZACIONES_DORALEX_SRL_bb53.xlsx | COTIZACIONES_DORALEX_f72a.xlsx
AG-0830,Mezcladora BAÑERA Monomando Aquavita,consu,Ferretería,Units,,,,False,False,False,SHARED,,,,2,4950.0,4950.0,4950.0,NEW_PRODUCT,2,1,CREATE_SHARED_PRODUCT,,MAX,COTIZACIONES_DORALEX_SRL_bb53.xlsx,Cotizacion,42,QUOTATION,MEZCLADORA BAÑERA MONOMANDO AQUAVITA,1.0,4950.0,DOP,mezcladora|banera|monomando|aquavita,COTIZACIONES_DORALEX_SRL_bb53.xlsx | COTIZACIONES_DORALEX_f72a.xlsx
AG-0831,Boquilla Fregadero Aquavita,consu,Ferretería,Units,,,,False,False,False,SHARED,,,,2,500.0,500.0,500.0,NEW_PRODUCT,2,1,CREATE_SHARED_PRODUCT,,MAX,COTIZACIONES_DORALEX_SRL_bb53.xlsx,Cotizacion,43,QUOTATION,BOQUILLA FREGADERO AQUAVITA,1.0,500.0,DOP,boquilla|fregadero|aquavita,COTIZACIONES_DORALEX_SRL_bb53.xlsx | COTIZACIONES_DORALEX_f72a.xlsx
AG-0832,Boquilla Lavamanos PUSH Aquavita 11/4'',consu,Plomería,Units,,,caliber=11/4,False,False,False,SHARED,,,,2,675.0,675.0,675.0,NEW_PRODUCT,2,1,CREATE_SHARED_PRODUCT,,MAX,COTIZACIONES_DORALEX_SRL_bb53.xlsx,Cotizacion,44,QUOTATION,BOQUILLA LAVAMANOS PUSH AQUAVITA 11/4'',1.0,675.0,DOP,boquilla|lavamanos|push|aquavita|11/4|11/4,COTIZACIONES_DORALEX_SRL_bb53.xlsx | COTIZACIONES_DORALEX_f72a.xlsx
AG-0833,COLA DE Extencion PARA Lavamanos 11/4''x8,consu,Plomería,Units,,,caliber=11/4,False,False,False,SHARED,,,,2,90.0,90.0,90.0,NEW_PRODUCT,2,1,CREATE_SHARED_PRODUCT,,MAX,COTIZACIONES_DORALEX_SRL_bb53.xlsx,Cotizacion,45,QUOTATION,COLA DE EXTENCION PARA LAVAMANOS 11/4''X8,1.0,90.0,DOP,cola|extencion|para|lavamanos|11/4|x8|11/4,COTIZACIONES_DORALEX_SRL_bb53.xlsx | COTIZACIONES_DORALEX_f72a.xlsx
AG-0834,Reduccion PVC 2x11/2'',consu,Plomería,Units,,,,False,False,False,SHARED,,,,2,65.0,65.0,65.0,NEW_PRODUCT,2,1,CREATE_SHARED_PRODUCT,,MAX,COTIZACIONES_DORALEX_SRL_bb53.xlsx,Cotizacion,46,QUOTATION,REDUCCION PVC 2X11/2'',2.0,65.0,DOP,reduccion|pvc|2x11/2,COTIZACIONES_DORALEX_SRL_bb53.xlsx | COTIZACIONES_DORALEX_f72a.xlsx
AG-0835,LLAVE PASO BOLA 3/4'',consu,Ferretería,Units,,,caliber=3/4,False,False,False,SHARED,,,,2,525.0,525.0,525.0,NEW_PRODUCT,2,1,CREATE_SHARED_PRODUCT,,MAX,COTIZACIONES_DORALEX_SRL_bb53.xlsx,Cotizacion,47,QUOTATION,LLAVE PASO BOLA 3/4'',2.0,525.0,DOP,llave|paso|bola|3/4|3/4,COTIZACIONES_DORALEX_SRL_bb53.xlsx | COTIZACIONES_DORALEX_f72a.xlsx
AG-0836,LLAVE PASO BOLA 1'',consu,Ferretería,Units,,,,False,False,False,SHARED,,,,2,885.0,885.0,885.0,NEW_PRODUCT,2,1,CREATE_SHARED_PRODUCT,,MAX,COTIZACIONES_DORALEX_SRL_bb53.xlsx,Cotizacion,48,QUOTATION,LLAVE PASO BOLA 1'',1.0,885.0,DOP,llave|paso|bola|1,COTIZACIONES_DORALEX_SRL_bb53.xlsx | COTIZACIONES_DORALEX_f72a.xlsx
AG-0837,Adaptador MACHO PVC 3/4,consu,Plomería,Units,,,caliber=3/4,False,False,False,SHARED,117,ADAPTADOR MACHO PVC 3/4,20.0,4,20.0,30.0,30.0,EXACT_MATCH,3,3,REUSE_UPDATE_PRICE,,MAX,COTIZACIONES_DORALEX_SRL_bb53.xlsx,Cotizacion,51,QUOTATION,ADAPTADOR MACHO PVC 3/4'',4.0,30.0,DOP,adaptador|macho|pvc|3/4|3/4,COTIZACIONES_DORALEX_SRL_bb53.xlsx | COTIZACIONES_DORALEX_f72a.xlsx | COTIZACIONES__REMPART_GROUP_2_3578.xlsx
AG-0838,Fregadero Tramontina Sencillo,consu,Ferretería,Units,,,,False,False,False,SHARED,,,,2,5050.0,5050.0,5050.0,NEW_PRODUCT,2,1,CREATE_SHARED_PRODUCT,,MAX,COTIZACIONES_DORALEX_SRL_bb53.xlsx,Cotizacion,52,QUOTATION,FREGADERO TRAMONTINA SENCILLO,1.0,5050.0,DOP,fregadero|tramontina|sencillo,COTIZACIONES_DORALEX_SRL_bb53.xlsx | COTIZACIONES_DORALEX_f72a.xlsx
AG-0839,Cemento BLANCO Portland 94LB,consu,Construcción,Units,,,presentation=94 lb,False,False,False,SHARED,,,,2,1950.0,1950.0,1950.0,NEW_PRODUCT,2,1,CREATE_SHARED_PRODUCT,,MAX,COTIZACIONES_DORALEX_SRL_bb53.xlsx,Cotizacion,53,QUOTATION,CEMENTO BLANCO PORTLAND 94LB,1.0,1950.0,DOP,cemento|blanco|portland|94|lb|94 lb,COTIZACIONES_DORALEX_SRL_bb53.xlsx | COTIZACIONES_DORALEX_f72a.xlsx
AG-0840,Credito A 60 Dias,consu,Ferretería,Units,,,,False,False,False,SHARED,,,,24,,,,NEW_PRODUCT,2,13,MANUAL_REVIEW,MISSING_VALID_PRICE,NO_PRICE,,,,,,,,,credito|a|60|dias,COTIZACIONES_DORALEX_SRL_bb53.xlsx | COTIZACIONES_DORALEX_f72a.xlsx
AG-0841,Entrega Inmediata Una Vez Sea Enviada La Orden De Compras,consu,Ferretería,Units,,,,False,False,False,SHARED,,,,126,,,,NEW_PRODUCT,2,108,MANUAL_REVIEW,MISSING_VALID_PRICE,NO_PRICE,,,,,,,,,entrega|inmediata|una|vez|sea|enviada|orden|compras,COTIZACIONES_DORALEX_SRL_bb53.xlsx | COTIZACIONES_DORALEX_f72a.xlsx
AG-0842,FIRMA Autorizada,consu,Ferretería,Units,,,,False,False,False,SHARED,,,,152,,,,NEW_PRODUCT,5,122,MANUAL_REVIEW,MISSING_VALID_PRICE,NO_PRICE,,,,,,,,,firma|autorizada,COTIZACIONES_DORALEX_SRL_bb53.xlsx | COTIZACIONES_DORALEX_f72a.xlsx | COTIZACIONES__DOMINION_BUSINESS_18aa.xlsx | COTIZACIONES__REMPART_GROUP_2_3578.xlsx | COTIZACIONES___2023-2024_PIN_ARIAS_2_fddc.xlsx
AG-0843,"Resma De Papel Tamaño Carta Calibre 20, 8 1/2 * 11 Pulgadas.",consu,Oficina,Units,LG,,"size=11"" caliber=1/2",False,False,False,SHARED,,,,2,,,,NEW_PRODUCT,2,1,MANUAL_REVIEW,MISSING_VALID_PRICE,NO_PRICE,,,,,,,,,"resma|papel|tamano|carta|calibre|20|8|1/2|1/2|11""",COTIZACIONES_DORALEX_SRL_bb53.xlsx | COTIZACIONES_DORALEX_f72a.xlsx
AG-0844,"Resma De Papel Tamaño Carta Calibre 20, 8 1/2 * 14 Pulgadas.",consu,Oficina,Units,LG,,"size=14"" caliber=1/2",False,False,False,SHARED,,,,2,,,,NEW_PRODUCT,2,1,MANUAL_REVIEW,MISSING_VALID_PRICE,NO_PRICE,,,,,,,,,"resma|papel|tamano|carta|calibre|20|8|1/2|1/2|14""",COTIZACIONES_DORALEX_SRL_bb53.xlsx | COTIZACIONES_DORALEX_f72a.xlsx
AG-0845,Libretas Rayadas Amarillas 5x8.,consu,Ferretería,Units,,,,False,False,False,SHARED,,,,2,,,,NEW_PRODUCT,2,1,MANUAL_REVIEW,MISSING_VALID_PRICE,NO_PRICE,,,,,,,,,libretas|rayadas|amarillas|5x8.,COTIZACIONES_DORALEX_SRL_bb53.xlsx | COTIZACIONES_DORALEX_f72a.xlsx
AG-0846,Libretas Rayadas Amarillas 8 1/2 X 11.,consu,Ferretería,Units,,,caliber=1/2,False,False,False,SHARED,,,,2,,,,NEW_PRODUCT,2,1,MANUAL_REVIEW,MISSING_VALID_PRICE,NO_PRICE,,,,,,,,,libretas|rayadas|amarillas|8|1/2|x|11.|1/2,COTIZACIONES_DORALEX_SRL_bb53.xlsx | COTIZACIONES_DORALEX_f72a.xlsx
AG-0847,"Libro Récord 200 Páginas Numeradas, Tapa Dura.",consu,Ferretería,Units,,,,False,False,False,SHARED,,,,2,,,,NEW_PRODUCT,2,1,MANUAL_REVIEW,MISSING_VALID_PRICE,NO_PRICE,,,,,,,,,libro|record|200|paginas|numeradas|tapa|dura.,COTIZACIONES_DORALEX_SRL_bb53.xlsx | COTIZACIONES_DORALEX_f72a.xlsx
AG-0848,"Notas Adhesivas 3 Pulgadas * 5 Pulgadas, Colores Neón.",consu,Ferretería,Units,LG,,"size=3""",False,False,False,SHARED,,,,2,,,,NEW_PRODUCT,2,1,MANUAL_REVIEW,MISSING_VALID_PRICE,NO_PRICE,,,,,,,,,"notas|adhesivas|3|pulgadas|5|pulgadas|colores|neon.|3""",COTIZACIONES_DORALEX_SRL_bb53.xlsx | COTIZACIONES_DORALEX_f72a.xlsx
AG-0849,"Notas Adhesivas 3 Pulgadas * 2 Pulgadas, Colores Neón.",consu,Ferretería,Units,LG,,"size=3""",False,False,False,SHARED,,,,2,,,,NEW_PRODUCT,2,1,MANUAL_REVIEW,MISSING_VALID_PRICE,NO_PRICE,,,,,,,,,"notas|adhesivas|3|pulgadas|2|pulgadas|colores|neon.|3""",COTIZACIONES_DORALEX_SRL_bb53.xlsx | COTIZACIONES_DORALEX_f72a.xlsx
AG-0850,"Notas Adhesivas 3 Pulgadas * 3 Pulgadas, Colores Neón.",consu,Ferretería,Units,LG,,"size=3""",False,False,False,SHARED,,,,2,,,,NEW_PRODUCT,2,1,MANUAL_REVIEW,MISSING_VALID_PRICE,NO_PRICE,,,,,,,,,"notas|adhesivas|3|pulgadas|3|pulgadas|colores|neon.|3""",COTIZACIONES_DORALEX_SRL_bb53.xlsx | COTIZACIONES_DORALEX_f72a.xlsx
AG-0851,"Bandejas De Escritorios De Tres Compartimentos, Altura 24.5 Cm, Anchura 29 Cm, Con Carga",consu,Mobiliario,Units,,,,False,False,False,SHARED,,,,2,,,,NEW_PRODUCT,2,1,MANUAL_REVIEW,MISSING_VALID_PRICE,NO_PRICE,,,,,,,,,bandejas|escritorios|tres|compartimentos|altura|24.5|cm|anchura,COTIZACIONES_DORALEX_SRL_bb53.xlsx | COTIZACIONES_DORALEX_f72a.xlsx
AG-0852,"Cera Para Contar De 14 Gr, 5.6 Cm Diámetro.",consu,Ferretería,Units,,,,False,False,False,SHARED,,,,2,,,,NEW_PRODUCT,2,1,MANUAL_REVIEW,MISSING_VALID_PRICE,NO_PRICE,,,,,,,,,cera|para|contar|14|gr|5.6|cm|diametro.,COTIZACIONES_DORALEX_SRL_bb53.xlsx | COTIZACIONES_DORALEX_f72a.xlsx
AG-0853,"Cinta De Embalar 2"", Transparente.",consu,Ferretería,Units,,,"size=2""",False,False,False,SHARED,,,,2,,,,NEW_PRODUCT,2,1,MANUAL_REVIEW,MISSING_VALID_PRICE,NO_PRICE,,,,,,,,,"cinta|embalar|2""|transparente.|2""",COTIZACIONES_DORALEX_SRL_bb53.xlsx | COTIZACIONES_DORALEX_f72a.xlsx
AG-0854,"Cinta Adhesiva Invisible, 3/4 In X 1296 In, 36 Yd.",consu,Ferretería,Units,,,caliber=3/4,False,False,False,SHARED,,,,2,,,,NEW_PRODUCT,2,1,MANUAL_REVIEW,MISSING_VALID_PRICE,NO_PRICE,,,,,,,,,cinta|adhesiva|invisible|3/4|in|x|1296|in|3/4,COTIZACIONES_DORALEX_SRL_bb53.xlsx | COTIZACIONES_DORALEX_f72a.xlsx
AG-0855,"Clip De Billeteros Negros, 55mm, 12/1.",consu,Ferretería,Units,,,caliber=12/1,False,False,False,SHARED,,,,2,,,,NEW_PRODUCT,2,1,MANUAL_REVIEW,MISSING_VALID_PRICE,NO_PRICE,,,,,,,,,clip|billeteros|negros|55|mm|12/1.|12/1,COTIZACIONES_DORALEX_SRL_bb53.xlsx | COTIZACIONES_DORALEX_f72a.xlsx
AG-0856,"Clip De Billeteros Negros, 25mm, 12/1.",consu,Ferretería,Units,,,caliber=12/1,False,False,False,SHARED,,,,2,,,,NEW_PRODUCT,2,1,MANUAL_REVIEW,MISSING_VALID_PRICE,NO_PRICE,,,,,,,,,clip|billeteros|negros|25|mm|12/1.|12/1,COTIZACIONES_DORALEX_SRL_bb53.xlsx | COTIZACIONES_DORALEX_f72a.xlsx
AG-0857,"Clip De Billeteros Negros, 15mm, 12/1.",consu,Ferretería,Units,,,caliber=12/1,False,False,False,SHARED,,,,2,,,,NEW_PRODUCT,2,1,MANUAL_REVIEW,MISSING_VALID_PRICE,NO_PRICE,,,,,,,,,clip|billeteros|negros|15|mm|12/1.|12/1,COTIZACIONES_DORALEX_SRL_bb53.xlsx | COTIZACIONES_DORALEX_f72a.xlsx
AG-0858,Clips Pequeños 33mm 100/1,consu,Ferretería,Units,,,caliber=100/1,False,False,False,SHARED,,,,2,,,,NEW_PRODUCT,2,1,MANUAL_REVIEW,MISSING_VALID_PRICE,NO_PRICE,,,,,,,,,clips|pequenos|33|mm|100/1|100/1,COTIZACIONES_DORALEX_SRL_bb53.xlsx | COTIZACIONES_DORALEX_f72a.xlsx
AG-0859,Clips Grandes 50mm 100/1,consu,Ferretería,Units,,,caliber=100/1,False,False,False,SHARED,,,,2,,,,NEW_PRODUCT,2,1,MANUAL_REVIEW,MISSING_VALID_PRICE,NO_PRICE,,,,,,,,,clips|grandes|50|mm|100/1|100/1,COTIZACIONES_DORALEX_SRL_bb53.xlsx | COTIZACIONES_DORALEX_f72a.xlsx
AG-0860,"Dispensador De Cintas Adhesiva De Escritorio Negro, Base Antideslizante, Para Usar Con",consu,Mobiliario,Units,,,caliber=3/4,False,False,False,SHARED,,,,2,,,,NEW_PRODUCT,2,1,MANUAL_REVIEW,MISSING_VALID_PRICE,NO_PRICE,,,,,,,,,dispensador|cintas|adhesiva|escritorio|negro|base|antideslizante|para|3/4,COTIZACIONES_DORALEX_SRL_bb53.xlsx | COTIZACIONES_DORALEX_f72a.xlsx
AG-0861,"Folder Manila 8 1/2 X 11, Caja 100/1",consu,Oficina,Units,,,caliber=1/2,False,False,False,SHARED,,,,2,,,,NEW_PRODUCT,2,1,MANUAL_REVIEW,MISSING_VALID_PRICE,NO_PRICE,,,,,,,,,folder|manila|8|1/2|x|11|caja|100/1|1/2,COTIZACIONES_DORALEX_SRL_bb53.xlsx | COTIZACIONES_DORALEX_f72a.xlsx
AG-0862,"Grapas Estándar 6 Mm, 26/6, 5000/1",consu,Ferretería,Units,,,caliber=26/6,False,False,False,SHARED,,,,2,,,,NEW_PRODUCT,2,1,MANUAL_REVIEW,MISSING_VALID_PRICE,NO_PRICE,,,,,,,,,grapas|estandar|6|mm|26/6|5000/1|26/6,COTIZACIONES_DORALEX_SRL_bb53.xlsx | COTIZACIONES_DORALEX_f72a.xlsx
AG-0863,"Bolígrafo Retráctil De Punta Fina 0,7mm, Color Azul Caja De 12/1",consu,Oficina,Units,,,caliber=12/1,False,False,False,SHARED,,,,6,,,,NEW_PRODUCT,2,1,MANUAL_REVIEW,MISSING_VALID_PRICE,NO_PRICE,,,,,,,,,boligrafo|retractil|punta|fina|0|7|mm|color|12/1,COTIZACIONES_DORALEX_SRL_bb53.xlsx | COTIZACIONES_DORALEX_f72a.xlsx
AG-0864,"Bolígrafo En Gel Retráctil, Punta De Aguja 0,7mm, Agarre Con Textura Suave, Color Azul.",consu,Oficina,Units,,,,False,False,False,SHARED,,,,4,,,,NEW_PRODUCT,2,1,MANUAL_REVIEW,MISSING_VALID_PRICE,NO_PRICE,,,,,,,,,boligrafo|gel|retractil|punta|aguja|0|7|mm,COTIZACIONES_DORALEX_SRL_bb53.xlsx | COTIZACIONES_DORALEX_f72a.xlsx
AG-0865,"Pegamento En Barra De 40gr, Adhesivo Sin Solventes, Tapa Rosca, Adherencia Instantánea.",consu,Ferretería,Units,,,,False,False,False,SHARED,,,,2,,,,NEW_PRODUCT,2,1,MANUAL_REVIEW,MISSING_VALID_PRICE,NO_PRICE,,,,,,,,,pegamento|barra|40gr|adhesivo|sin|solventes|tapa|rosca,COTIZACIONES_DORALEX_SRL_bb53.xlsx | COTIZACIONES_DORALEX_f72a.xlsx
AG-0866,Pegamento De Resina Sintética Transparente Para Aplicación Universal De 35ml.,consu,Ferretería,Units,,,,False,False,False,SHARED,,,,2,,,,NEW_PRODUCT,2,1,MANUAL_REVIEW,MISSING_VALID_PRICE,NO_PRICE,,,,,,,,,pegamento|resina|sintetica|transparente|para|aplicacion|universal|35ml.,COTIZACIONES_DORALEX_SRL_bb53.xlsx | COTIZACIONES_DORALEX_f72a.xlsx
AG-0867,"Perforadora De 2 Orificios En Metal, Color Negro, Capacidad De Perforación 10 Hojas.",consu,Ferretería,Units,,,,False,False,False,SHARED,,,,2,,,,NEW_PRODUCT,2,1,MANUAL_REVIEW,MISSING_VALID_PRICE,NO_PRICE,,,,,,,,,perforadora|2|orificios|metal|color|negro|capacidad|perforacion,COTIZACIONES_DORALEX_SRL_bb53.xlsx | COTIZACIONES_DORALEX_f72a.xlsx
AG-0868,"Perforadora De 3 Orificios En Metal, Color Negro, Capacidad De Perforación 10 Hojas.",consu,Ferretería,Units,,,,False,False,False,SHARED,,,,2,,,,NEW_PRODUCT,2,1,MANUAL_REVIEW,MISSING_VALID_PRICE,NO_PRICE,,,,,,,,,perforadora|3|orificios|metal|color|negro|capacidad|perforacion,COTIZACIONES_DORALEX_SRL_bb53.xlsx | COTIZACIONES_DORALEX_f72a.xlsx
AG-0869,"Tinta Superfluorescente, Trazos De 1 Mm, 2 Mm Y 5 Mm (resaltadores Mamey).",consu,Ferretería,Units,,,,False,False,False,SHARED,,,,8,,,,NEW_PRODUCT,2,1,MANUAL_REVIEW,MISSING_VALID_PRICE,NO_PRICE,,,,,,,,,tinta|superfluorescente|trazos|1|mm|2|mm|5,COTIZACIONES_DORALEX_SRL_bb53.xlsx | COTIZACIONES_DORALEX_f72a.xlsx
AG-0870,"Rollo De Cinta Para Sumadora, Colores Negro Y Rojo.",consu,Ferretería,Units,,,,False,False,False,SHARED,,,,2,,,,NEW_PRODUCT,2,1,MANUAL_REVIEW,MISSING_VALID_PRICE,NO_PRICE,,,,,,,,,rollo|cinta|para|sumadora|colores|negro|rojo.,COTIZACIONES_DORALEX_SRL_bb53.xlsx | COTIZACIONES_DORALEX_f72a.xlsx
AG-0871,Rollo De Cinta Tricolor Fina En Poliester De 1cm.,consu,Ferretería,Units,,,,False,False,False,SHARED,,,,2,,,,NEW_PRODUCT,2,1,MANUAL_REVIEW,MISSING_VALID_PRICE,NO_PRICE,,,,,,,,,rollo|cinta|tricolor|fina|poliester|1|cm.,COTIZACIONES_DORALEX_SRL_bb53.xlsx | COTIZACIONES_DORALEX_f72a.xlsx
AG-0872,Rollo De Cinta Tricolor Gruesa En Poliester De 8cm.,consu,Ferretería,Units,,,,False,False,False,SHARED,,,,2,,,,NEW_PRODUCT,2,1,MANUAL_REVIEW,MISSING_VALID_PRICE,NO_PRICE,,,,,,,,,rollo|cinta|tricolor|gruesa|poliester|8|cm.,COTIZACIONES_DORALEX_SRL_bb53.xlsx | COTIZACIONES_DORALEX_f72a.xlsx
AG-0873,Rollo Grande De Papel Burbuja Con 75 Metros De Largo Y 60 Cm De Ancho.,consu,Oficina,Units,,,,False,False,False,SHARED,,,,2,,,,NEW_PRODUCT,2,1,MANUAL_REVIEW,MISSING_VALID_PRICE,NO_PRICE,,,,,,,,,rollo|grande|papel|burbuja|75|metros|largo|60,COTIZACIONES_DORALEX_SRL_bb53.xlsx | COTIZACIONES_DORALEX_f72a.xlsx
AG-0874,"Etiqueta (labels) Tamaño 5.1x10.2cm / 2""x4"", Transparentes, Adhesivo Permanente, 10",consu,Ferretería,Units,,,"size=2""",False,False,False,SHARED,,,,2,,,,NEW_PRODUCT,2,1,MANUAL_REVIEW,MISSING_VALID_PRICE,NO_PRICE,,,,,,,,,"etiqueta|labels|tamano|5.1x10.2|cm|/|2""x4""|transparentes|2""",COTIZACIONES_DORALEX_SRL_bb53.xlsx | COTIZACIONES_DORALEX_f72a.xlsx
AG-0875,"Etiqueta (labels) Tamaño 3.4x10.2cm / 3""x4"", Transparentes, Adhesivo Permanente, 14",consu,Ferretería,Units,,,"size=3""",False,False,False,SHARED,,,,2,,,,NEW_PRODUCT,2,1,MANUAL_REVIEW,MISSING_VALID_PRICE,NO_PRICE,,,,,,,,,"etiqueta|labels|tamano|3.4x10.2|cm|/|3""x4""|transparentes|3""",COTIZACIONES_DORALEX_SRL_bb53.xlsx | COTIZACIONES_DORALEX_f72a.xlsx
AG-0876,"Etiqueta (labels) Tamaño 5.1x10.2cm / 2""x4"", Blancas, Adhesivo Permanente, 10 Etiquetas",consu,Ferretería,Units,,,"size=2""",False,False,False,SHARED,,,,2,,,,NEW_PRODUCT,2,1,MANUAL_REVIEW,MISSING_VALID_PRICE,NO_PRICE,,,,,,,,,"etiqueta|labels|tamano|5.1x10.2|cm|/|2""x4""|blancas|2""",COTIZACIONES_DORALEX_SRL_bb53.xlsx | COTIZACIONES_DORALEX_f72a.xlsx
AG-0877,"Etiqueta (labels) Tamaño 3.4x10.2cm / 3""x4"", Blancas, Adhesivo Permanente, 14 Etiquetas",consu,Ferretería,Units,,,"size=3""",False,False,False,SHARED,,,,2,,,,NEW_PRODUCT,2,1,MANUAL_REVIEW,MISSING_VALID_PRICE,NO_PRICE,,,,,,,,,"etiqueta|labels|tamano|3.4x10.2|cm|/|3""x4""|blancas|3""",COTIZACIONES_DORALEX_SRL_bb53.xlsx | COTIZACIONES_DORALEX_f72a.xlsx
AG-0878,"Separadores De Hojas P/carpeta 5/1 De Tres Argollas, Color Amarillo, Con 5 Divisiones De",consu,Ferretería,Units,,,caliber=5/1,False,False,False,SHARED,,,,2,,,,NEW_PRODUCT,2,1,MANUAL_REVIEW,MISSING_VALID_PRICE,NO_PRICE,,,,,,,,,separadores|hojas|p/carpeta|5/1|tres|argollas|color|amarillo|5/1,COTIZACIONES_DORALEX_SRL_bb53.xlsx | COTIZACIONES_DORALEX_f72a.xlsx
AG-0879,"Carpetas De 1/2 Pulgada De Tres Aros, De Color Blanco, Con Bolsillo En El Interior Y Con",consu,Ferretería,Units,LG,,"size=2"" caliber=1/2",False,False,False,SHARED,,,,2,,,,NEW_PRODUCT,2,1,MANUAL_REVIEW,MISSING_VALID_PRICE,NO_PRICE,,,,,,,,,"carpetas|1/2|pulgada|tres|aros|color|blanco|bolsillo|1/2|2""",COTIZACIONES_DORALEX_SRL_bb53.xlsx | COTIZACIONES_DORALEX_f72a.xlsx
AG-0880,"Carpetas De 1 Pulgada De Tres Aros, De Color Blanco, Con Bolsillo En El Interior Y Con",consu,Ferretería,Units,LG,,"size=1""",False,False,False,SHARED,,,,2,,,,NEW_PRODUCT,2,1,MANUAL_REVIEW,MISSING_VALID_PRICE,NO_PRICE,,,,,,,,,"carpetas|1|pulgada|tres|aros|color|blanco|bolsillo|1""",COTIZACIONES_DORALEX_SRL_bb53.xlsx | COTIZACIONES_DORALEX_f72a.xlsx
AG-0881,"Carpetas De 2 Pulgada De Tres Aros, De Color Blanco, Con Bolsillo En El Interior Y Con",consu,Ferretería,Units,LG,,"size=2""",False,False,False,SHARED,,,,2,,,,NEW_PRODUCT,2,1,MANUAL_REVIEW,MISSING_VALID_PRICE,NO_PRICE,,,,,,,,,"carpetas|2|pulgada|tres|aros|color|blanco|bolsillo|2""",COTIZACIONES_DORALEX_SRL_bb53.xlsx | COTIZACIONES_DORALEX_f72a.xlsx
AG-0882,"Carpetas De 3 Pulgada De Tres Aros, De Color Blanco, Con Bolsillo En El Interior Y Con",consu,Ferretería,Units,LG,,"size=3""",False,False,False,SHARED,,,,2,,,,NEW_PRODUCT,2,1,MANUAL_REVIEW,MISSING_VALID_PRICE,NO_PRICE,,,,,,,,,"carpetas|3|pulgada|tres|aros|color|blanco|bolsillo|3""",COTIZACIONES_DORALEX_SRL_bb53.xlsx | COTIZACIONES_DORALEX_f72a.xlsx
AG-0883,"Sobres Manila, Papel Grueso, Tamaño 9 X 12 Pulgadas.",consu,Oficina,Units,LG,,"size=12""",False,False,False,SHARED,,,,2,,,,NEW_PRODUCT,2,1,MANUAL_REVIEW,MISSING_VALID_PRICE,NO_PRICE,,,,,,,,,"sobres|manila|papel|grueso|tamano|9|x|12|12""",COTIZACIONES_DORALEX_SRL_bb53.xlsx | COTIZACIONES_DORALEX_f72a.xlsx
AG-0884,Tinta Para Sellos Pretintados Color Azul De 30ml.,consu,Ferretería,Units,,,,False,False,False,SHARED,,,,2,,,,NEW_PRODUCT,2,1,MANUAL_REVIEW,MISSING_VALID_PRICE,NO_PRICE,,,,,,,,,tinta|para|sellos|pretintados|color|azul|30ml.,COTIZACIONES_DORALEX_SRL_bb53.xlsx | COTIZACIONES_DORALEX_f72a.xlsx
AG-0885,Tinta Para Sellos Pretintados Color Rojo De 30ml.,consu,Ferretería,Units,,,,False,False,False,SHARED,,,,2,,,,NEW_PRODUCT,2,1,MANUAL_REVIEW,MISSING_VALID_PRICE,NO_PRICE,,,,,,,,,tinta|para|sellos|pretintados|color|rojo|30ml.,COTIZACIONES_DORALEX_SRL_bb53.xlsx | COTIZACIONES_DORALEX_f72a.xlsx
AG-0886,"Cinta Adhesiva (tape) Doble Cara Grande Rollo De Espuma, 19 Mm De Ancho Y 66 Metros De",consu,Ferretería,Units,,,,False,False,False,SHARED,,,,2,,,,NEW_PRODUCT,2,1,MANUAL_REVIEW,MISSING_VALID_PRICE,NO_PRICE,,,,,,,,,cinta|adhesiva|tape|doble|cara|grande|rollo|espuma,COTIZACIONES_DORALEX_SRL_bb53.xlsx | COTIZACIONES_DORALEX_f72a.xlsx
AG-0887,Cinta Adhesiva (tape) Gris De 5 Cm De Ancho Y 50 Metros De Largo.,consu,Ferretería,Units,,,,False,False,False,SHARED,,,,2,,,,NEW_PRODUCT,2,1,MANUAL_REVIEW,MISSING_VALID_PRICE,NO_PRICE,,,,,,,,,cinta|adhesiva|tape|gris|5|cm|ancho|50,COTIZACIONES_DORALEX_SRL_bb53.xlsx | COTIZACIONES_DORALEX_f72a.xlsx
AG-0888,"Cinta Adhesiva (tape) Fluorescente 15mm X 5 M, Colore Luminico Verde Rollo.",consu,Ferretería,Units,,,,False,False,False,SHARED,,,,2,,,,NEW_PRODUCT,2,1,MANUAL_REVIEW,MISSING_VALID_PRICE,NO_PRICE,,,,,,,,,cinta|adhesiva|tape|fluorescente|15|mm|x|5,COTIZACIONES_DORALEX_SRL_bb53.xlsx | COTIZACIONES_DORALEX_f72a.xlsx
AG-0889,"Cinta Adhesiva Fluorescente 15mm X 5 M, Colore Luminico Naranja Rollo.",consu,Ferretería,Units,,,,False,False,False,SHARED,,,,2,,,,NEW_PRODUCT,2,1,MANUAL_REVIEW,MISSING_VALID_PRICE,NO_PRICE,,,,,,,,,cinta|adhesiva|fluorescente|15|mm|x|5|m,COTIZACIONES_DORALEX_SRL_bb53.xlsx | COTIZACIONES_DORALEX_f72a.xlsx
AG-0890,"Lápiz HB No. 2, Cuerpo Hexagonal Con Borrador Suave Que No Mancha.",consu,Ferretería,Units,,,,False,False,False,SHARED,,,,2,,,,NEW_PRODUCT,2,1,MANUAL_REVIEW,MISSING_VALID_PRICE,NO_PRICE,,,,,,,,,lapiz|hb|no.|2|cuerpo|hexagonal|borrador|suave,COTIZACIONES_DORALEX_SRL_bb53.xlsx | COTIZACIONES_DORALEX_f72a.xlsx
AG-0891,"Grapadora Estandar De Metal, Color Negro, Compatible Con Grapas Estándar 24/6 Y 26/6",consu,Ferretería,Units,,,caliber=24/6,False,False,False,SHARED,,,,2,,,,NEW_PRODUCT,2,1,MANUAL_REVIEW,MISSING_VALID_PRICE,NO_PRICE,,,,,,,,,grapadora|estandar|metal|color|negro|compatible|grapas|estandar|24/6,COTIZACIONES_DORALEX_SRL_bb53.xlsx | COTIZACIONES_DORALEX_f72a.xlsx
AG-0892,"Grapadora Industrial De Metal, Con Base Antideslizante, Con Capacidad De 100 Hojas De",consu,Oficina,Units,,,,False,False,False,SHARED,,,,2,,,,NEW_PRODUCT,2,1,MANUAL_REVIEW,MISSING_VALID_PRICE,NO_PRICE,,,,,,,,,grapadora|industrial|metal|base|antideslizante|capacidad|100|hojas,COTIZACIONES_DORALEX_SRL_bb53.xlsx | COTIZACIONES_DORALEX_f72a.xlsx
AG-0893,"Marcadores Permanentes, Punta Biselada De 2.0 50 Mm, Tinta Permanente A Base De Alcohol,",consu,Ferretería,Units,,,,False,False,False,SHARED,,,,2,,,,NEW_PRODUCT,2,1,MANUAL_REVIEW,MISSING_VALID_PRICE,NO_PRICE,,,,,,,,,marcadores|permanentes|punta|biselada|2.0|50|mm|tinta,COTIZACIONES_DORALEX_SRL_bb53.xlsx | COTIZACIONES_DORALEX_f72a.xlsx
AG-0894,"Porta Lápiz Metálico Color Negro, Tipo Malla",consu,Ferretería,Units,,,,False,False,False,SHARED,,,,2,,,,NEW_PRODUCT,2,1,MANUAL_REVIEW,MISSING_VALID_PRICE,NO_PRICE,,,,,,,,,porta|lapiz|metalico|color|negro|tipo|malla,COTIZACIONES_DORALEX_SRL_bb53.xlsx | COTIZACIONES_DORALEX_f72a.xlsx
AG-0895,"Reglas Plásticas De 30 Cm, Transparentes",consu,Ferretería,Units,,,,False,False,False,SHARED,,,,2,,,,NEW_PRODUCT,2,1,MANUAL_REVIEW,MISSING_VALID_PRICE,NO_PRICE,,,,,,,,,reglas|plasticas|30|cm|transparentes,COTIZACIONES_DORALEX_SRL_bb53.xlsx | COTIZACIONES_DORALEX_f72a.xlsx
AG-0896,"Pegatinas ( Stickers) Redondas Transparentes De 1.5 In, Selladoras De Pestañas De Sobres",consu,Ferretería,Units,,,,False,False,False,SHARED,,,,2,,,,NEW_PRODUCT,2,1,MANUAL_REVIEW,MISSING_VALID_PRICE,NO_PRICE,,,,,,,,,pegatinas|stickers|redondas|transparentes|1.5|in|selladoras|pestanas,COTIZACIONES_DORALEX_SRL_bb53.xlsx | COTIZACIONES_DORALEX_f72a.xlsx
AG-0897,"Sacagrapas Con Mango Plástico Ergonómico, Con Seguro Para Mantenerlo Plegado",consu,Ferretería,Units,,,,False,False,False,SHARED,,,,2,,,,NEW_PRODUCT,2,1,MANUAL_REVIEW,MISSING_VALID_PRICE,NO_PRICE,,,,,,,,,sacagrapas|mango|plastico|ergonomico|seguro|para|mantenerlo|plegado,COTIZACIONES_DORALEX_SRL_bb53.xlsx | COTIZACIONES_DORALEX_f72a.xlsx
AG-0898,"Tijeras Para Tela De Acero, Mango Grueso, Acero Inoxidable.",consu,Ferretería,Units,,,,False,False,False,SHARED,,,,2,,,,NEW_PRODUCT,2,1,MANUAL_REVIEW,MISSING_VALID_PRICE,NO_PRICE,,,,,,,,,tijeras|para|tela|acero|mango|grueso|acero|inoxidable.,COTIZACIONES_DORALEX_SRL_bb53.xlsx | COTIZACIONES_DORALEX_f72a.xlsx
AG-0899,"Tijeras De Oficina De 7 Pulgadas, Mango Grueso, Dimensión 8.5 Pulgadas",consu,Ferretería,Units,LG,,"size=7""",False,False,False,SHARED,,,,2,,,,NEW_PRODUCT,2,1,MANUAL_REVIEW,MISSING_VALID_PRICE,NO_PRICE,,,,,,,,,"tijeras|oficina|7|pulgadas|mango|grueso|dimension|8.5|7""",COTIZACIONES_DORALEX_SRL_bb53.xlsx | COTIZACIONES_DORALEX_f72a.xlsx
AG-0900,"Bandas (banditas) De Gomas Elásticas #18, 500/1",consu,Ferretería,Units,,,caliber=500/1,False,False,False,SHARED,,,,2,,,,NEW_PRODUCT,2,1,MANUAL_REVIEW,MISSING_VALID_PRICE,NO_PRICE,,,,,,,,,bandas|banditas|gomas|elasticas|18|500/1|500/1,COTIZACIONES_DORALEX_SRL_bb53.xlsx | COTIZACIONES_DORALEX_f72a.xlsx
AG-0901,Protector De Hojas (paquetes De 100 Protectores De Páginas 8.5 X 11 Pulgadas En Color,consu,Ferretería,Units,LG,,"size=11""",False,False,False,SHARED,,,,2,,,,NEW_PRODUCT,2,1,MANUAL_REVIEW,MISSING_VALID_PRICE,NO_PRICE,,,,,,,,,"protector|hojas|paquetes|100|protectores|paginas|8.5|x|11""",COTIZACIONES_DORALEX_SRL_bb53.xlsx | COTIZACIONES_DORALEX_f72a.xlsx
AG-0902,"Carpetas De 1 Pulgada De Tres Aros, Con Bolsillo En El Interior Y Con Plástico Frontal,",consu,Ferretería,Units,LG,,"size=1""",False,False,False,SHARED,,,,2,,,,NEW_PRODUCT,2,1,MANUAL_REVIEW,MISSING_VALID_PRICE,NO_PRICE,,,,,,,,,"carpetas|1|pulgada|tres|aros|bolsillo|interior|plastico|1""",COTIZACIONES_DORALEX_SRL_bb53.xlsx | COTIZACIONES_DORALEX_f72a.xlsx
AG-0903,Cartonite Blanco (paquetes De 250 Hojas C/u De Cartonite 8.5 X 11 Pulgadas).,consu,Ferretería,Units,LG,,"size=11""",False,False,False,SHARED,,,,2,,,,NEW_PRODUCT,2,1,MANUAL_REVIEW,MISSING_VALID_PRICE,NO_PRICE,,,,,,,,,"cartonite|blanco|paquetes|250|hojas|c/u|cartonite|8.5|11""",COTIZACIONES_DORALEX_SRL_bb53.xlsx | COTIZACIONES_DORALEX_f72a.xlsx
AG-0904,Opalina 8.5 X 11 Pulgadas Blanco (100 Und. C/u).,consu,Ferretería,Units,LG,,"size=11""",False,False,False,SHARED,,,,2,,,,NEW_PRODUCT,2,1,MANUAL_REVIEW,MISSING_VALID_PRICE,NO_PRICE,,,,,,,,,"opalina|8.5|x|11|pulgadas|blanco|100|und.|11""",COTIZACIONES_DORALEX_SRL_bb53.xlsx | COTIZACIONES_DORALEX_f72a.xlsx
AG-0905,"Barra De Silicón Caliente (barras Finas, 10 Unidades En 1).",consu,Ferretería,Units,,,,False,False,False,SHARED,,,,2,,,,NEW_PRODUCT,2,1,MANUAL_REVIEW,MISSING_VALID_PRICE,NO_PRICE,,,,,,,,,barra|silicon|caliente|barras|finas|10|unidades|1,COTIZACIONES_DORALEX_SRL_bb53.xlsx | COTIZACIONES_DORALEX_f72a.xlsx
AG-0906,"Tijeras De Escritorio 5 Pulgadas, Mango Grueso",consu,Mobiliario,Units,LG,,"size=5""",False,False,False,SHARED,,,,2,,,,NEW_PRODUCT,2,1,MANUAL_REVIEW,MISSING_VALID_PRICE,NO_PRICE,,,,,,,,,"tijeras|escritorio|5|pulgadas|mango|grueso|5""",COTIZACIONES_DORALEX_SRL_bb53.xlsx | COTIZACIONES_DORALEX_f72a.xlsx
AG-0907,"Pizarra Metálica Color Blanco, Borde De Aluminio Color Plata Con Cajetón Para Apoyo De",consu,Ferretería,Units,,,,False,False,False,SHARED,,,,4,,,,NEW_PRODUCT,2,1,MANUAL_REVIEW,MISSING_VALID_PRICE,NO_PRICE,,,,,,,,,pizarra|metalica|color|blanco|borde|aluminio|color|plata,COTIZACIONES_DORALEX_SRL_bb53.xlsx | COTIZACIONES_DORALEX_f72a.xlsx
AG-0908,Borrador De Pizarra.,consu,Ferretería,Units,,,,False,False,False,SHARED,,,,2,,,,NEW_PRODUCT,2,1,MANUAL_REVIEW,MISSING_VALID_PRICE,NO_PRICE,,,,,,,,,borrador|pizarra.,COTIZACIONES_DORALEX_SRL_bb53.xlsx | COTIZACIONES_DORALEX_f72a.xlsx
AG-0909,"Marcadores De Pizarra. (9 Color Negro, 9 Color Azul, 9 Color Rojo Y 9 Color Verde).",consu,Ferretería,Units,,,,False,False,False,SHARED,,,,2,,,,NEW_PRODUCT,2,1,MANUAL_REVIEW,MISSING_VALID_PRICE,NO_PRICE,,,,,,,,,marcadores|pizarra.|9|color|negro|9|color|azul,COTIZACIONES_DORALEX_SRL_bb53.xlsx | COTIZACIONES_DORALEX_f72a.xlsx
AG-0910,Chinchetas Magnéticas. 60 Color Azul Y 60 Transparente.,consu,Ferretería,Units,,,,False,False,False,SHARED,,,,2,,,,NEW_PRODUCT,2,1,MANUAL_REVIEW,MISSING_VALID_PRICE,NO_PRICE,,,,,,,,,chinchetas|magneticas.|60|color|azul|60|transparente.,COTIZACIONES_DORALEX_SRL_bb53.xlsx | COTIZACIONES_DORALEX_f72a.xlsx
AG-0911,"Sobres Manila, Papel Grueso, Tamaño 10 X 13 Pulgadas.",consu,Oficina,Units,LG,,"size=13""",False,False,False,SHARED,,,,2,,,,NEW_PRODUCT,2,1,MANUAL_REVIEW,MISSING_VALID_PRICE,NO_PRICE,,,,,,,,,"sobres|manila|papel|grueso|tamano|10|x|13|13""",COTIZACIONES_DORALEX_SRL_bb53.xlsx | COTIZACIONES_DORALEX_f72a.xlsx
AG-0912,Sobre Manila De Pago No. 7.,consu,Ferretería,Units,,,,False,False,False,SHARED,,,,2,,,,NEW_PRODUCT,2,1,MANUAL_REVIEW,MISSING_VALID_PRICE,NO_PRICE,,,,,,,,,sobre|manila|pago|no.|7.,COTIZACIONES_DORALEX_SRL_bb53.xlsx | COTIZACIONES_DORALEX_f72a.xlsx
AG-0913,"Corrector Líquido, Con Aplicador De Pincel. Botella De 18 Ml. Secado Rápido.",consu,Ferretería,Units,,,,False,False,False,SHARED,,,,2,,,,NEW_PRODUCT,2,1,MANUAL_REVIEW,MISSING_VALID_PRICE,NO_PRICE,,,,,,,,,corrector|liquido|aplicador|pincel.|botella|18|ml.|secado,COTIZACIONES_DORALEX_SRL_bb53.xlsx | COTIZACIONES_DORALEX_f72a.xlsx
AG-0914,"Borra Blanca, No Mancha",consu,Ferretería,Units,,,,False,False,False,SHARED,,,,2,,,,NEW_PRODUCT,2,1,MANUAL_REVIEW,MISSING_VALID_PRICE,NO_PRICE,,,,,,,,,borra|blanca|no|mancha,COTIZACIONES_DORALEX_SRL_bb53.xlsx | COTIZACIONES_DORALEX_f72a.xlsx
AG-0915,Broche (yoyo) Para El Carnet Retráctil Con Clip Color Negro.,consu,Ferretería,Units,,,,False,False,False,SHARED,,,,2,,,,NEW_PRODUCT,2,1,MANUAL_REVIEW,MISSING_VALID_PRICE,NO_PRICE,,,,,,,,,broche|yoyo|para|carnet|retractil|clip|color|negro.,COTIZACIONES_DORALEX_SRL_bb53.xlsx | COTIZACIONES_DORALEX_f72a.xlsx
AG-0916,Porta Carnet En Policarbonato Rígido Transparente En Medidas 2.1” X 3.3”.,consu,Ferretería,Units,,,,False,False,False,SHARED,,,,2,,,,NEW_PRODUCT,2,1,MANUAL_REVIEW,MISSING_VALID_PRICE,NO_PRICE,,,,,,,,,porta|carnet|policarbonato|rigido|transparente|medidas|2.1|x,COTIZACIONES_DORALEX_SRL_bb53.xlsx | COTIZACIONES_DORALEX_f72a.xlsx
AG-0917,Binder Size 14 7/8 X 11,consu,Ferretería,Units,,,caliber=7/8,False,False,False,SHARED,,,,2,425.0,425.0,425.0,NEW_PRODUCT,2,1,CREATE_SHARED_PRODUCT,,MAX,COTIZACIONES_DORALEX_SRL_bb53.xlsx,Hoja2,1,UNKNOWN,Binder Size 14 7/8 x 11,400.0,425.0,DOP,binder|size|14|7/8|x|11|7/8,COTIZACIONES_DORALEX_SRL_bb53.xlsx | COTIZACIONES_DORALEX_f72a.xlsx
AG-0918,Folders Manila Tamaño 8 1/2 X 11,consu,Oficina,Units,,,caliber=1/2,False,False,False,SHARED,,,,2,5.0,5.0,5.0,NEW_PRODUCT,2,1,CREATE_SHARED_PRODUCT,,MAX,COTIZACIONES_DORALEX_SRL_bb53.xlsx,Hoja2,3,UNKNOWN,Folders Manila Tamaño 8 1/2 x 11,50000.0,5.0,DOP,folders|manila|tamano|8|1/2|x|11|1/2,COTIZACIONES_DORALEX_SRL_bb53.xlsx | COTIZACIONES_DORALEX_f72a.xlsx
AG-0919,44122011 - Folders,consu,Oficina,Units,,,,False,False,False,SHARED,,,,2,350.0,350.0,350.0,NEW_PRODUCT,2,1,CREATE_SHARED_PRODUCT,,MAX,COTIZACIONES_DORALEX_SRL_bb53.xlsx,Hoja2,5,UNKNOWN,44122011 - Folders,500.0,350.0,DOP,44122011|-|folders,COTIZACIONES_DORALEX_SRL_bb53.xlsx | COTIZACIONES_DORALEX_f72a.xlsx
AG-0920,Sobres Manila Tamaño 9 X 12,consu,Ferretería,Units,,,,False,False,False,SHARED,,,,2,10.2,10.2,10.2,NEW_PRODUCT,2,1,CREATE_SHARED_PRODUCT,,MAX,COTIZACIONES_DORALEX_SRL_bb53.xlsx,Hoja2,7,UNKNOWN,Sobres Manila Tamaño 9 x 12,20000.0,10.2,DOP,sobres|manila|tamano|9|x|12,COTIZACIONES_DORALEX_SRL_bb53.xlsx | COTIZACIONES_DORALEX_f72a.xlsx
AG-0921,Sobres Manila Tamaño 10 X 13,consu,Ferretería,Units,,,,False,False,False,SHARED,,,,2,4.56,4.56,4.56,NEW_PRODUCT,2,1,CREATE_SHARED_PRODUCT,,MAX,COTIZACIONES_DORALEX_SRL_bb53.xlsx,Hoja2,9,UNKNOWN,Sobres Manila Tamaño 10 x 13,20000.0,4.56,DOP,sobres|manila|tamano|10|x|13,COTIZACIONES_DORALEX_SRL_bb53.xlsx | COTIZACIONES_DORALEX_f72a.xlsx
AG-0922,Sobres Manila Tamaño #7 De Pago Amarillo,consu,Ferretería,Units,,,,False,False,False,SHARED,,,,2,9.6,9.6,9.6,NEW_PRODUCT,2,1,CREATE_SHARED_PRODUCT,,MAX,COTIZACIONES_DORALEX_SRL_bb53.xlsx,Hoja2,11,UNKNOWN,Sobres Manila Tamaño #7 de Pago Amarillo,20000.0,9.6,DOP,sobres|manila|tamano|7|pago|amarillo,COTIZACIONES_DORALEX_SRL_bb53.xlsx | COTIZACIONES_DORALEX_f72a.xlsx
AG-0923,Sobres Manila Tamaño #7 De Pago Blanco,consu,Ferretería,Units,,,,False,False,False,SHARED,,,,2,9.6,9.6,9.6,NEW_PRODUCT,2,1,CREATE_SHARED_PRODUCT,,MAX,COTIZACIONES_DORALEX_SRL_bb53.xlsx,Hoja2,13,UNKNOWN,Sobres Manila Tamaño #7 de Pago Blanco,20000.0,9.6,DOP,sobres|manila|tamano|7|pago|blanco,COTIZACIONES_DORALEX_SRL_bb53.xlsx | COTIZACIONES_DORALEX_f72a.xlsx
AG-0924,Sobres Manila Tamaño 6 1/2 X 9 1/2,consu,Ferretería,Units,,,caliber=1/2,False,False,False,SHARED,,,,2,12.0,12.0,12.0,NEW_PRODUCT,2,1,CREATE_SHARED_PRODUCT,,MAX,COTIZACIONES_DORALEX_SRL_bb53.xlsx,Hoja2,15,UNKNOWN,Sobres Manila Tamaño 6 1/2 x 9 1/2,40000.0,12.0,DOP,sobres|manila|tamano|6|1/2|x|9|1/2|1/2,COTIZACIONES_DORALEX_SRL_bb53.xlsx | COTIZACIONES_DORALEX_f72a.xlsx
AG-0925,Cajas De Ganchos Macho Y Hembra 50/1,consu,Ferretería,Units,,,caliber=50/1,False,False,False,SHARED,,,,2,250.0,250.0,250.0,NEW_PRODUCT,2,1,CREATE_SHARED_PRODUCT,,MAX,COTIZACIONES_DORALEX_SRL_bb53.xlsx,Hoja2,16,UNKNOWN,Cajas de Ganchos Macho y Hembra 50/1,200.0,250.0,DOP,cajas|ganchos|macho|hembra|50/1|50/1,COTIZACIONES_DORALEX_SRL_bb53.xlsx | COTIZACIONES_DORALEX_f72a.xlsx
AG-0926,44103111 - Rollos De Tint(...),consu,Ferretería,Units,,,,False,False,False,SHARED,,,,2,150.0,150.0,150.0,NEW_PRODUCT,2,1,CREATE_SHARED_PRODUCT,,MAX,COTIZACIONES_DORALEX_SRL_bb53.xlsx,Hoja2,18,UNKNOWN,44103111 - Rollos de tint(...),30.0,150.0,DOP,44103111|-|rollos|tint|...,COTIZACIONES_DORALEX_SRL_bb53.xlsx | COTIZACIONES_DORALEX_f72a.xlsx
AG-0927,Cajas De Gomas Bandas No. 18,consu,Ferretería,Units,,,,False,False,False,SHARED,,,,2,55.1,55.1,55.1,NEW_PRODUCT,2,1,CREATE_SHARED_PRODUCT,,MAX,COTIZACIONES_DORALEX_SRL_bb53.xlsx,Hoja2,20,UNKNOWN,Cajas de gomas bandas no. 18,500.0,55.1,DOP,cajas|gomas|bandas|no.|18,COTIZACIONES_DORALEX_SRL_bb53.xlsx | COTIZACIONES_DORALEX_f72a.xlsx
AG-0928,Cajas De Grapas Estándar,consu,Ferretería,Units,,,,False,False,False,SHARED,,,,2,43.0,43.0,43.0,NEW_PRODUCT,2,1,CREATE_SHARED_PRODUCT,,MAX,COTIZACIONES_DORALEX_SRL_bb53.xlsx,Hoja2,22,UNKNOWN,Cajas de Grapas Estándar,500.0,43.0,DOP,cajas|grapas|estandar,COTIZACIONES_DORALEX_SRL_bb53.xlsx | COTIZACIONES_DORALEX_f72a.xlsx
AG-0929,Cajas De Grapas Grandes,consu,Ferretería,Units,,,,False,False,False,SHARED,,,,2,195.0,195.0,195.0,NEW_PRODUCT,2,1,CREATE_SHARED_PRODUCT,,MAX,COTIZACIONES_DORALEX_SRL_bb53.xlsx,Hoja2,24,UNKNOWN,Cajas de Grapas Grandes,200.0,195.0,DOP,cajas|grapas|grandes,COTIZACIONES_DORALEX_SRL_bb53.xlsx | COTIZACIONES_DORALEX_f72a.xlsx
AG-0930,Grapadoras Grandes 250 Páginas,consu,Ferretería,Units,,,,False,False,False,SHARED,,,,2,9000.0,9000.0,9000.0,NEW_PRODUCT,2,1,CREATE_SHARED_PRODUCT,,MAX,COTIZACIONES_DORALEX_SRL_bb53.xlsx,Hoja2,26,UNKNOWN,Grapadoras grandes 250 páginas,40.0,9000.0,DOP,grapadoras|grandes|250|paginas,COTIZACIONES_DORALEX_SRL_bb53.xlsx | COTIZACIONES_DORALEX_f72a.xlsx
AG-0931,44121615 - Grapadoras,consu,Ferretería,Units,,,,False,False,False,SHARED,,,,2,1700.0,1700.0,1700.0,NEW_PRODUCT,2,1,CREATE_SHARED_PRODUCT,,MAX,COTIZACIONES_DORALEX_SRL_bb53.xlsx,Hoja2,28,UNKNOWN,44121615 - Grapadoras,150.0,1700.0,DOP,44121615|-|grapadoras,COTIZACIONES_DORALEX_SRL_bb53.xlsx | COTIZACIONES_DORALEX_f72a.xlsx
AG-0932,43202001 - Discos Compact(...),consu,Ferretería,Units,,,,False,False,False,SHARED,,,,2,19.71,19.71,19.71,NEW_PRODUCT,2,1,CREATE_SHARED_PRODUCT,,MAX,COTIZACIONES_DORALEX_SRL_bb53.xlsx,Hoja2,30,UNKNOWN,43202001 - Discos compact(...),500.0,19.71,DOP,43202001|-|discos|compact|...,COTIZACIONES_DORALEX_SRL_bb53.xlsx | COTIZACIONES_DORALEX_f72a.xlsx
AG-0933,44121905 - Almohadillas D(...),consu,Ferretería,Units,,,,False,False,False,SHARED,,,,2,800.0,800.0,800.0,NEW_PRODUCT,2,1,CREATE_SHARED_PRODUCT,,MAX,COTIZACIONES_DORALEX_SRL_bb53.xlsx,Hoja2,32,UNKNOWN,44121905 - Almohadillas d(...),30.0,800.0,DOP,44121905|-|almohadillas|d|...,COTIZACIONES_DORALEX_SRL_bb53.xlsx | COTIZACIONES_DORALEX_f72a.xlsx
AG-0934,Cajas De Lapiceros Azules 12/1,consu,Oficina,Units,,,caliber=12/1,False,False,False,SHARED,,,,2,89.0,89.0,89.0,NEW_PRODUCT,2,1,CREATE_SHARED_PRODUCT,,MAX,COTIZACIONES_DORALEX_SRL_bb53.xlsx,Hoja2,34,UNKNOWN,Cajas de Lapiceros Azules 12/1,100.0,89.0,DOP,cajas|lapiceros|azules|12/1|12/1,COTIZACIONES_DORALEX_SRL_bb53.xlsx | COTIZACIONES_DORALEX_f72a.xlsx
AG-0935,Cajas De Lapiceros Negros 12/1,consu,Oficina,Units,,,caliber=12/1,False,False,False,SHARED,,,,2,89.0,89.0,89.0,NEW_PRODUCT,2,1,CREATE_SHARED_PRODUCT,,MAX,COTIZACIONES_DORALEX_SRL_bb53.xlsx,Hoja2,36,UNKNOWN,Cajas de Lapiceros Negros 12/1,100.0,89.0,DOP,cajas|lapiceros|negros|12/1|12/1,COTIZACIONES_DORALEX_SRL_bb53.xlsx | COTIZACIONES_DORALEX_f72a.xlsx
AG-0936,44122104 - Clips Para Pap(...),consu,Ferretería,Units,,,,False,False,False,SHARED,,,,4,20.0,37.0,37.0,NEW_PRODUCT,2,1,CREATE_SHARED_PRODUCT,,MAX,COTIZACIONES_DORALEX_SRL_bb53.xlsx,Hoja2,40,UNKNOWN,44122104 - Clips para pap(...),1000.0,37.0,DOP,44122104|-|clips|para|pap|...,COTIZACIONES_DORALEX_SRL_bb53.xlsx | COTIZACIONES_DORALEX_f72a.xlsx
AG-0937,44121708 - Marcadores,consu,Ferretería,Units,,,,False,False,False,SHARED,,,,2,17.0,17.0,17.0,NEW_PRODUCT,2,1,CREATE_SHARED_PRODUCT,,MAX,COTIZACIONES_DORALEX_SRL_bb53.xlsx,Hoja2,42,UNKNOWN,44121708 - Marcadores,500.0,17.0,DOP,44121708|-|marcadores,COTIZACIONES_DORALEX_SRL_bb53.xlsx | COTIZACIONES_DORALEX_f72a.xlsx
AG-0938,Cajas De Marcadores Para Pizarra Azul,consu,Ferretería,Units,,,,False,False,False,SHARED,,,,2,650.0,650.0,650.0,NEW_PRODUCT,2,1,CREATE_SHARED_PRODUCT,,MAX,COTIZACIONES_DORALEX_SRL_bb53.xlsx,Hoja2,44,UNKNOWN,Cajas de marcadores para pizarra azul,2.0,650.0,DOP,cajas|marcadores|para|pizarra|azul,COTIZACIONES_DORALEX_SRL_bb53.xlsx | COTIZACIONES_DORALEX_f72a.xlsx
AG-0939,Cajas De Marcadores Para Pizarra Negro,consu,Ferretería,Units,,,,False,False,False,SHARED,,,,2,650.0,650.0,650.0,NEW_PRODUCT,2,1,CREATE_SHARED_PRODUCT,,MAX,COTIZACIONES_DORALEX_SRL_bb53.xlsx,Hoja2,46,UNKNOWN,Cajas de marcadores para pizarra negro,2.0,650.0,DOP,cajas|marcadores|para|pizarra|negro,COTIZACIONES_DORALEX_SRL_bb53.xlsx | COTIZACIONES_DORALEX_f72a.xlsx
AG-0940,Cajas De Marcadores Para Pizarra Rojo,consu,Ferretería,Units,,,,False,False,False,SHARED,,,,2,650.0,650.0,650.0,NEW_PRODUCT,2,1,CREATE_SHARED_PRODUCT,,MAX,COTIZACIONES_DORALEX_SRL_bb53.xlsx,Hoja2,48,UNKNOWN,Cajas de marcadores para pizarra rojo,2.0,650.0,DOP,cajas|marcadores|para|pizarra|rojo,COTIZACIONES_DORALEX_SRL_bb53.xlsx | COTIZACIONES_DORALEX_f72a.xlsx
AG-0941,Cajas De Marcadores Para Pizarra Verde,consu,Ferretería,Units,,,,False,False,False,SHARED,,,,2,650.0,650.0,650.0,NEW_PRODUCT,2,1,CREATE_SHARED_PRODUCT,,MAX,COTIZACIONES_DORALEX_SRL_bb53.xlsx,Hoja2,50,UNKNOWN,Cajas de marcadores para pizarra verde,2.0,650.0,DOP,cajas|marcadores|para|pizarra|verde,COTIZACIONES_DORALEX_SRL_bb53.xlsx | COTIZACIONES_DORALEX_f72a.xlsx
AG-0942,44121716 - Resaltadores,consu,Ferretería,Units,,,,False,False,False,SHARED,,,,2,17.0,17.0,17.0,NEW_PRODUCT,2,1,CREATE_SHARED_PRODUCT,,MAX,COTIZACIONES_DORALEX_SRL_bb53.xlsx,Hoja2,52,UNKNOWN,44121716 - Resaltadores,500.0,17.0,DOP,44121716|-|resaltadores,COTIZACIONES_DORALEX_SRL_bb53.xlsx | COTIZACIONES_DORALEX_f72a.xlsx
AG-0943,43201811 - Disco Versátil(...),consu,Ferretería,Units,,,,False,False,False,SHARED,,,,2,18.22,18.22,18.22,NEW_PRODUCT,2,1,CREATE_SHARED_PRODUCT,,MAX,COTIZACIONES_DORALEX_SRL_bb53.xlsx,Hoja2,54,UNKNOWN,43201811 - Disco versátil(...),500.0,18.22,DOP,43201811|-|disco|versatil|...,COTIZACIONES_DORALEX_SRL_bb53.xlsx | COTIZACIONES_DORALEX_f72a.xlsx
AG-0944,44121802 - Fluido De Corr(...),consu,Ferretería,Units,,,,False,False,False,SHARED,,,,2,35.0,35.0,35.0,NEW_PRODUCT,2,1,CREATE_SHARED_PRODUCT,,MAX,COTIZACIONES_DORALEX_SRL_bb53.xlsx,Hoja2,56,UNKNOWN,44121802 - Fluido de corr(...),500.0,35.0,DOP,44121802|-|fluido|corr|...,COTIZACIONES_DORALEX_SRL_bb53.xlsx | COTIZACIONES_DORALEX_f72a.xlsx
AG-0945,44121706 - Lápices De Mad(...),consu,Ferretería,Units,,,,False,False,False,SHARED,,,,2,6.0,6.0,6.0,NEW_PRODUCT,2,1,CREATE_SHARED_PRODUCT,,MAX,COTIZACIONES_DORALEX_SRL_bb53.xlsx,Hoja2,58,UNKNOWN,44121706 - Lápices de mad(...),500.0,6.0,DOP,44121706|-|lapices|mad|...,COTIZACIONES_DORALEX_SRL_bb53.xlsx | COTIZACIONES_DORALEX_f72a.xlsx
AG-0946,44111515 - Cajas U Organi(...),consu,Ferretería,Units,,,,False,False,False,SHARED,,,,2,210.0,210.0,210.0,NEW_PRODUCT,2,1,CREATE_SHARED_PRODUCT,,MAX,COTIZACIONES_DORALEX_SRL_bb53.xlsx,Hoja2,60,UNKNOWN,44111515 - Cajas u organi(...),1000.0,210.0,DOP,44111515|-|cajas|u|organi|...,COTIZACIONES_DORALEX_SRL_bb53.xlsx | COTIZACIONES_DORALEX_f72a.xlsx
AG-0947,Cajas De Clips Billeteros 3/4 (19mm) 12/1,consu,Ferretería,Units,,,caliber=3/4,False,False,False,SHARED,,,,2,300.0,300.0,300.0,NEW_PRODUCT,2,1,CREATE_SHARED_PRODUCT,,MAX,COTIZACIONES_DORALEX_SRL_bb53.xlsx,Hoja2,62,UNKNOWN,Cajas de Clips Billeteros 3/4 (19mm) 12/1,100.0,300.0,DOP,cajas|clips|billeteros|3/4|19|mm|12/1|3/4,COTIZACIONES_DORALEX_SRL_bb53.xlsx | COTIZACIONES_DORALEX_f72a.xlsx
AG-0948,Cajas De Clips Billeteros 1 1/4 (32mm) 12/2,consu,Ferretería,Units,,,caliber=1/4,False,False,False,SHARED,,,,2,425.0,425.0,425.0,NEW_PRODUCT,2,1,CREATE_SHARED_PRODUCT,,MAX,COTIZACIONES_DORALEX_SRL_bb53.xlsx,Hoja2,64,UNKNOWN,Cajas de Clips Billeteros 1 1/4 (32mm) 12/2,100.0,425.0,DOP,cajas|clips|billeteros|1|1/4|32|mm|12/2|1/4,COTIZACIONES_DORALEX_SRL_bb53.xlsx | COTIZACIONES_DORALEX_f72a.xlsx
AG-0949,Cajas De Clips Billeteros 2 (51mm) 12/3,consu,Ferretería,Units,,,caliber=12/3,False,False,False,SHARED,,,,2,500.0,500.0,500.0,NEW_PRODUCT,2,1,CREATE_SHARED_PRODUCT,,MAX,COTIZACIONES_DORALEX_SRL_bb53.xlsx,Hoja2,66,UNKNOWN,Cajas de Clips Billeteros 2 (51mm) 12/3,100.0,500.0,DOP,cajas|clips|billeteros|2|51|mm|12/3|12/3,COTIZACIONES_DORALEX_SRL_bb53.xlsx | COTIZACIONES_DORALEX_f72a.xlsx
AG-0950,44121622 - Humectante O C(...),consu,Ferretería,Units,,,,False,False,False,SHARED,,,,2,70.0,70.0,70.0,NEW_PRODUCT,2,1,CREATE_SHARED_PRODUCT,,MAX,COTIZACIONES_DORALEX_SRL_bb53.xlsx,Hoja2,68,UNKNOWN,44121622 - Humectante o c(...),10.0,70.0,DOP,44121622|-|humectante|o|c|...,COTIZACIONES_DORALEX_SRL_bb53.xlsx | COTIZACIONES_DORALEX_f72a.xlsx
AG-0951,"Cajas De Felpa Tinta De Gel Azul Punto Audaz 1,0 Mm 12/1",consu,Ferretería,Units,,,caliber=12/1,False,False,False,SHARED,,,,2,2500.0,2500.0,2500.0,NEW_PRODUCT,2,1,CREATE_SHARED_PRODUCT,,MAX,COTIZACIONES_DORALEX_SRL_bb53.xlsx,Hoja2,69,UNKNOWN,"Cajas de Felpa Tinta de Gel Azul punto audaz 1,0 mm 12/1",20.0,2500.0,DOP,cajas|felpa|tinta|gel|azul|punto|audaz|1|12/1,COTIZACIONES_DORALEX_SRL_bb53.xlsx | COTIZACIONES_DORALEX_f72a.xlsx
AG-0952,44101602 - Máquinas Perfo(...),consu,Ferretería,Units,,,,False,False,False,SHARED,,,,4,850.0,1250.0,1250.0,NEW_PRODUCT,2,1,CREATE_SHARED_PRODUCT,,MAX,COTIZACIONES_DORALEX_SRL_bb53.xlsx,Hoja2,71,UNKNOWN,44101602 - Máquinas perfo(...),3.0,1250.0,DOP,44101602|-|maquinas|perfo|...,COTIZACIONES_DORALEX_SRL_bb53.xlsx | COTIZACIONES_DORALEX_f72a.xlsx
AG-0953,Saca Grapas,consu,Ferretería,Units,,,,False,False,False,SHARED,,,,2,50.0,50.0,50.0,NEW_PRODUCT,2,1,CREATE_SHARED_PRODUCT,,MAX,COTIZACIONES_DORALEX_SRL_bb53.xlsx,Hoja2,75,UNKNOWN,Saca Grapas,50.0,50.0,DOP,saca|grapas,COTIZACIONES_DORALEX_SRL_bb53.xlsx | COTIZACIONES_DORALEX_f72a.xlsx
AG-0954,Marcadores De Páginas Set De Colores Varios (44x12mm),consu,Ferretería,Units,,,,False,False,False,SHARED,,,,2,20.0,20.0,20.0,NEW_PRODUCT,2,1,CREATE_SHARED_PRODUCT,,MAX,COTIZACIONES_DORALEX_SRL_bb53.xlsx,Hoja2,76,UNKNOWN,Marcadores de Páginas Set de colores varios (44x12MM),200.0,20.0,DOP,marcadores|paginas|set|colores|varios|44x12|mm,COTIZACIONES_DORALEX_SRL_bb53.xlsx | COTIZACIONES_DORALEX_f72a.xlsx
AG-0955,14111530 - Papel De Notas(...),consu,Oficina,Units,,,,False,False,False,SHARED,,,,6,15.5,26.0,26.0,NEW_PRODUCT,2,1,CREATE_SHARED_PRODUCT,,MAX,COTIZACIONES_DORALEX_SRL_bb53.xlsx,Hoja2,80,UNKNOWN,14111530 - Papel de notas(...),20.0,26.0,DOP,14111530|-|papel|notas|...,COTIZACIONES_DORALEX_SRL_bb53.xlsx | COTIZACIONES_DORALEX_f72a.xlsx
AG-0956,60121701 - Sellos De Esta(...),consu,Ferretería,Units,,,,False,False,False,SHARED,,,,2,1800.0,1800.0,1800.0,NEW_PRODUCT,2,1,CREATE_SHARED_PRODUCT,,MAX,COTIZACIONES_DORALEX_SRL_bb53.xlsx,Hoja2,84,UNKNOWN,60121701 - Sellos de esta(...),34.0,1800.0,DOP,60121701|-|sellos|esta|...,COTIZACIONES_DORALEX_SRL_bb53.xlsx | COTIZACIONES_DORALEX_f72a.xlsx
AG-0957,Ceramica LISA 50X50,consu,Ferretería,m²,,,,False,False,False,SHARED,,,,2,750.0,750.0,750.0,NEW_PRODUCT,2,1,CREATE_SHARED_PRODUCT,,MAX,COTIZACIONES_DORALEX_SRL_bb53.xlsx,Cotizacion (2),15,QUOTATION,CERAMICA LISA 50X50,60.0,750.0,DOP,ceramica|lisa|50x50,COTIZACIONES_DORALEX_SRL_bb53.xlsx | COTIZACIONES_DORALEX_f72a.xlsx
AG-0958,OREGON GRIS 45X45,consu,Ferretería,m²,,,,False,False,False,SHARED,,,,2,725.0,725.0,725.0,NEW_PRODUCT,2,1,CREATE_SHARED_PRODUCT,,MAX,COTIZACIONES_DORALEX_SRL_bb53.xlsx,Cotizacion (2),16,QUOTATION,OREGON GRIS 45X45,3.0,725.0,DOP,oregon|gris|45x45,COTIZACIONES_DORALEX_SRL_bb53.xlsx | COTIZACIONES_DORALEX_f72a.xlsx
AG-0959,Derretidos ARENA,consu,Construcción,Units,,,,False,False,False,SHARED,,,,2,1180.0,1180.0,1180.0,NEW_PRODUCT,2,1,CREATE_SHARED_PRODUCT,,MAX,COTIZACIONES_DORALEX_SRL_bb53.xlsx,Cotizacion (2),17,QUOTATION,DERRETIDOS ARENA,2.0,1180.0,DOP,derretidos|arena,COTIZACIONES_DORALEX_SRL_bb53.xlsx | COTIZACIONES_DORALEX_f72a.xlsx
AG-0960,Torobon AZUL,consu,Ferretería,Gal,,,,False,False,False,SHARED,,,,2,1450.0,1450.0,1450.0,NEW_PRODUCT,2,1,CREATE_SHARED_PRODUCT,,MAX,COTIZACIONES_DORALEX_SRL_bb53.xlsx,Cotizacion (2),18,QUOTATION,TOROBON AZUL,2.0,1450.0,DOP,torobon|azul,COTIZACIONES_DORALEX_SRL_bb53.xlsx | COTIZACIONES_DORALEX_f72a.xlsx
AG-0961,PEGA FORTE BLANCO,consu,Ferretería,Units,,,,False,False,False,SHARED,,,,2,975.0,975.0,975.0,NEW_PRODUCT,2,1,CREATE_SHARED_PRODUCT,,MAX,COTIZACIONES_DORALEX_SRL_bb53.xlsx,Cotizacion (2),19,QUOTATION,PEGA FORTE BLANCO,25.0,975.0,DOP,pega|forte|blanco,COTIZACIONES_DORALEX_SRL_bb53.xlsx | COTIZACIONES_DORALEX_f72a.xlsx
AG-0962,Alambre ELECT 4.0mm(#10),consu,Ferretería,ft,,,,False,False,False,SHARED,,,,2,15.5,15.5,15.5,NEW_PRODUCT,2,1,CREATE_SHARED_PRODUCT,,MAX,COTIZACIONES_DORALEX_SRL_bb53.xlsx,Cotizacion (2),20,QUOTATION,ALAMBRE ELECT 4.0MM(#10),50.0,15.5,DOP,alambre|elect|4.0|mm|10,COTIZACIONES_DORALEX_SRL_bb53.xlsx | COTIZACIONES_DORALEX_f72a.xlsx
AG-0963,Alambre GOMA 10/2 (4.0/2),consu,Neumáticos,ft,,,caliber=10/2,False,False,False,SHARED,,,,2,50.0,50.0,50.0,NEW_PRODUCT,2,1,CREATE_SHARED_PRODUCT,,MAX,COTIZACIONES_DORALEX_SRL_bb53.xlsx,Cotizacion (2),22,QUOTATION,ALAMBRE GOMA 10/2 (4.0/2),5.0,50.0,DOP,alambre|goma|10/2|4.0/2|10/2,COTIZACIONES_DORALEX_SRL_bb53.xlsx | COTIZACIONES_DORALEX_f72a.xlsx
AG-0964,Cruceta P/AZUL T 1MM 300/1,consu,Ferretería,Units,,,caliber=300/1,False,False,False,SHARED,,,,2,785.0,785.0,785.0,NEW_PRODUCT,2,1,CREATE_SHARED_PRODUCT,,MAX,COTIZACIONES_DORALEX_SRL_bb53.xlsx,Cotizacion (2),23,QUOTATION,CRUCETA P/AZUL T 1MM 300/1,1.0,785.0,DOP,cruceta|p/azul|t|1|mm|300/1|300/1,COTIZACIONES_DORALEX_SRL_bb53.xlsx | COTIZACIONES_DORALEX_f72a.xlsx
AG-0965,Tuberia MT 3 Pulgadas,consu,Ferretería,Units,LG,,"size=3""",False,False,False,SHARED,,,,2,2325.0,2325.0,2325.0,NEW_PRODUCT,2,1,CREATE_SHARED_PRODUCT,,MAX,COTIZACIONES_DORALEX_SRL_bb53.xlsx,Cotizacion (3),15,QUOTATION,TUBERIA MT 3 PULGADAS,14.0,2325.0,DOP,"tuberia|mt|3|pulgadas|3""",COTIZACIONES_DORALEX_SRL_bb53.xlsx | COTIZACIONES_DORALEX_f72a.xlsx
AG-0966,Ply-mel MDP HDR Teca Limo SW 6x8-18mm(3/4),consu,Ferretería,Units,,,caliber=3/4,False,False,False,SHARED,,,,2,11590.37,11590.37,11590.37,NEW_PRODUCT,2,1,CREATE_SHARED_PRODUCT,,MAX,COTIZACIONES_DORALEX_SRL_bb53.xlsx,Cotizacion (4),15,QUOTATION,PLY-MEL MDP HDR Teca limo SW 6x8-18mm(3/4),5.0,11590.37,DOP,ply-mel|mdp|hdr|teca|limo|sw|6x8-18|mm|3/4,COTIZACIONES_DORALEX_SRL_bb53.xlsx | COTIZACIONES_DORALEX_f72a.xlsx
AG-0967,Canto PVC Teca Lino SW 22x0.4mm Pies L,consu,Plomería,Units,,,,False,False,False,SHARED,,,,2,26.27,26.27,26.27,NEW_PRODUCT,2,1,CREATE_SHARED_PRODUCT,,MAX,COTIZACIONES_DORALEX_SRL_bb53.xlsx,Cotizacion (4),16,QUOTATION,Canto PVC teca lino SW 22x0.4mm pies L,1.0,26.27,DOP,canto|pvc|teca|lino|sw|22x0.4|mm|pies,COTIZACIONES_DORALEX_SRL_bb53.xlsx | COTIZACIONES_DORALEX_f72a.xlsx
AG-0968,Bisagra Corta 52 Gr MAD,consu,Ferretería,Units,,,,False,False,False,SHARED,,,,2,85.4875,85.4875,85.4875,NEW_PRODUCT,2,1,CREATE_SHARED_PRODUCT,,MAX,COTIZACIONES_DORALEX_SRL_bb53.xlsx,Cotizacion (4),17,QUOTATION,Bisagra corta 52 gr MAD,8.0,85.4875,DOP,bisagra|corta|52|gr|mad,COTIZACIONES_DORALEX_SRL_bb53.xlsx | COTIZACIONES_DORALEX_f72a.xlsx
AG-0969,Tirador Inox Barra 96mm 9609 SS201,consu,Ferretería,Units,,SS201,model=SS201,False,False,False,SHARED,,,,2,36.644,36.644,36.644,NEW_PRODUCT,2,1,CREATE_SHARED_PRODUCT,,MAX,COTIZACIONES_DORALEX_SRL_bb53.xlsx,Cotizacion (4),18,QUOTATION,Tirador inox barra 96mm 9609 SS201,8.0,36.644,DOP,tirador|inox|barra|96|mm|9609|ss201|SS201,COTIZACIONES_DORALEX_SRL_bb53.xlsx | COTIZACIONES_DORALEX_f72a.xlsx
AG-0970,Cerradura P/gaveta Tallo Largo Mipecker,consu,Ferretería,Units,,,,False,False,False,SHARED,,,,2,165.8542,165.8542,165.8542,NEW_PRODUCT,2,1,CREATE_SHARED_PRODUCT,,MAX,COTIZACIONES_DORALEX_SRL_bb53.xlsx,Cotizacion (4),19,QUOTATION,Cerradura P/Gaveta tallo Largo MIPECKER,8.0,165.8542,DOP,cerradura|p/gaveta|tallo|largo|mipecker,COTIZACIONES_DORALEX_SRL_bb53.xlsx | COTIZACIONES_DORALEX_f72a.xlsx
AG-0971,Tornillo Diab. Negro 2.5' 'x8 Mipecker,consu,Ferretería,Units,,,,False,False,False,SHARED,,,,2,10.7697,10.7697,10.7697,NEW_PRODUCT,2,1,CREATE_SHARED_PRODUCT,,MAX,COTIZACIONES_DORALEX_SRL_bb53.xlsx,Cotizacion (4),20,QUOTATION,Tornillo Diab. Negro 2.5' 'x8 MIPECKER,500.0,10.7697,DOP,tornillo|diab.|negro|2.5|x8|mipecker,COTIZACIONES_DORALEX_SRL_bb53.xlsx | COTIZACIONES_DORALEX_f72a.xlsx
AG-0972,Punta Ph 2 X 50mm - Bianditz 239202,consu,Ferretería,Units,,,,False,False,False,SHARED,,,,2,85.3715,85.3715,85.3715,NEW_PRODUCT,2,1,CREATE_SHARED_PRODUCT,,MAX,COTIZACIONES_DORALEX_SRL_bb53.xlsx,Cotizacion (4),21,QUOTATION,Punta Ph 2 X 50mm - Bianditz 239202,2.0,85.3715,DOP,punta|ph|2|x|50|mm|-|bianditz,COTIZACIONES_DORALEX_SRL_bb53.xlsx | COTIZACIONES_DORALEX_f72a.xlsx
AG-0973,Punta Ph 2 X 75mm - Bianditz 240205,consu,Ferretería,Units,,,,False,False,False,SHARED,,,,2,350.5468,350.5468,350.5468,NEW_PRODUCT,2,1,CREATE_SHARED_PRODUCT,,MAX,COTIZACIONES_DORALEX_SRL_bb53.xlsx,Cotizacion (4),22,QUOTATION,Punta Ph 2 X 75mm - Bianditz 240205,2.0,350.5468,DOP,punta|ph|2|x|75|mm|-|bianditz,COTIZACIONES_DORALEX_SRL_bb53.xlsx | COTIZACIONES_DORALEX_f72a.xlsx
AG-0974,Resbalardores Blanco/negro C/goma 1,consu,Neumáticos,Units,,,,False,False,False,SHARED,,,,2,10.7688,10.7688,10.7688,NEW_PRODUCT,2,1,CREATE_SHARED_PRODUCT,,MAX,COTIZACIONES_DORALEX_SRL_bb53.xlsx,Cotizacion (4),23,QUOTATION,Resbalardores Blanco/Negro C/Goma 1,50.0,10.7688,DOP,resbalardores|blanco/negro|c/goma|1,COTIZACIONES_DORALEX_SRL_bb53.xlsx | COTIZACIONES_DORALEX_f72a.xlsx
AG-0975,Cubre Tornillo Ligth Grey 14mm Box 50 Uds,consu,Ferretería,Units,,,,False,False,False,SHARED,,,,2,175.9382,175.9382,175.9382,NEW_PRODUCT,2,1,CREATE_SHARED_PRODUCT,,MAX,COTIZACIONES_DORALEX_SRL_bb53.xlsx,Cotizacion (4),24,QUOTATION,Cubre tornillo Ligth Grey 14mm Box 50 uds,5.0,175.9382,DOP,cubre|tornillo|ligth|grey|14|mm|box|50,COTIZACIONES_DORALEX_SRL_bb53.xlsx | COTIZACIONES_DORALEX_f72a.xlsx
AG-0976,Cola Poliuretano Universal 1 GL,consu,Ferretería,Gal,,,presentation=1 gl,False,False,False,SHARED,,,,2,6086.2519,6086.2519,6086.2519,NEW_PRODUCT,2,1,CREATE_SHARED_PRODUCT,,MAX,COTIZACIONES_DORALEX_SRL_bb53.xlsx,Cotizacion (4),25,QUOTATION,Cola poliuretano universal 1 GL,1.0,6086.2519,DOP,cola|poliuretano|universal|1|gal|1 gl,COTIZACIONES_DORALEX_SRL_bb53.xlsx | COTIZACIONES_DORALEX_f72a.xlsx
AG-0977,(LONA PARA CUBRIR AREA ENTRE Furgones DE Electronica Y Mecanica PARA SOMBRA EN AREA DE,consu,Ferretería,Units,,,,False,False,False,SHARED,,,,2,225000.0,225000.0,225000.0,NEW_PRODUCT,2,1,CREATE_SHARED_PRODUCT,,MAX,COTIZACIONES_DORALEX_SRL_bb53.xlsx,Cotizacion (5),15,QUOTATION,"(LONA PARA CUBRIR AREA ENTRE FURGONES DE
ELECTRONICA Y MECANICA PARA SOMBRA EN AREA DE
PRACTICAS DE MECANICA. INCLUYE HERRAJES, MATERIALES
Y ACCESORIOS. ).",1.0,225000.0,DOP,lona|para|cubrir|area|entre|furgones|electronica|mecanica,COTIZACIONES_DORALEX_SRL_bb53.xlsx | COTIZACIONES_DORALEX_f72a.xlsx
AG-0978,Breaker Monopolar DE 2 AMPERE,consu,Material eléctrico,Units,,,,False,False,False,SHARED,,,,2,4036.58,4036.58,4036.58,NEW_PRODUCT,2,1,CREATE_SHARED_PRODUCT,,MAX,COTIZACIONES_DORALEX_SRL_bb53.xlsx,Cotizacion (6),15,QUOTATION,BREAKER MONOPOLAR DE 2 AMPERE,100.0,4036.58,DOP,breaker|monopolar|2|ampere,COTIZACIONES_DORALEX_SRL_bb53.xlsx | COTIZACIONES_DORALEX_f72a.xlsx
AG-0979,Breaker Bipolar DE 6 AMPERE,consu,Material eléctrico,Units,,,,False,False,False,SHARED,,,,2,6596.5,6596.5,6596.5,NEW_PRODUCT,2,1,CREATE_SHARED_PRODUCT,,MAX,COTIZACIONES_DORALEX_SRL_bb53.xlsx,Cotizacion (6),16,QUOTATION,BREAKER BIPOLAR DE 6 AMPERE,100.0,6596.5,DOP,breaker|bipolar|6|ampere,COTIZACIONES_DORALEX_SRL_bb53.xlsx | COTIZACIONES_DORALEX_f72a.xlsx
AG-0980,Breaker Bipolar DE 20 AMPERE,consu,Material eléctrico,Units,,,,False,False,False,SHARED,,,,2,1168.2,1168.2,1168.2,NEW_PRODUCT,2,1,CREATE_SHARED_PRODUCT,,MAX,COTIZACIONES_DORALEX_SRL_bb53.xlsx,Cotizacion (6),17,QUOTATION,BREAKER BIPOLAR DE 20 AMPERE,100.0,1168.2,DOP,breaker|bipolar|20|ampere,COTIZACIONES_DORALEX_SRL_bb53.xlsx | COTIZACIONES_DORALEX_f72a.xlsx
AG-0981,Contacto Auxiliar PARA Breaker,consu,Material eléctrico,Units,,,,False,False,False,SHARED,,,,2,1200.0,1200.0,1200.0,NEW_PRODUCT,2,1,CREATE_SHARED_PRODUCT,,MAX,COTIZACIONES_DORALEX_SRL_bb53.xlsx,Cotizacion (6),18,QUOTATION,CONTACTO AUXILIAR PARA BREAKER,300.0,1200.0,DOP,contacto|auxiliar|para|breaker,COTIZACIONES_DORALEX_SRL_bb53.xlsx | COTIZACIONES_DORALEX_f72a.xlsx
AG-0982,Hilo Htr5-130 0.1x23/mp/podar Truper,consu,Herramientas,Units,Truper,HTR5-130,model=HTR5-130,False,False,False,SHARED,,,,2,2750.0,2750.0,2750.0,NEW_PRODUCT,2,1,CREATE_SHARED_PRODUCT,,MAX,COTIZACIONES_DORALEX_SRL_bb53.xlsx,Cotizacion (7),15,QUOTATION,Hilo htr5-130 0.1x23/mp/podar truper,40.0,2750.0,DOP,hilo|htr5-130|0.1x23/mp/podar|truper|HTR5-130,COTIZACIONES_DORALEX_SRL_bb53.xlsx | COTIZACIONES_DORALEX_f72a.xlsx
AG-0983,Registro 12 X 12 X 4 NEMA 1,consu,Ferretería,Units,,,,False,False,False,SHARED,,,,2,1050.0,1050.0,1050.0,NEW_PRODUCT,2,1,CREATE_SHARED_PRODUCT,,MAX,COTIZACIONES_DORALEX_SRL_bb53.xlsx,Cotizacion (8),15,QUOTATION,REGISTRO 12 X 12 X 4 NEMA 1,12.0,1050.0,DOP,registro|12|x|12|x|4|nema|1,COTIZACIONES_DORALEX_SRL_bb53.xlsx | COTIZACIONES_DORALEX_f72a.xlsx
AG-0984,TUBO EMT 3/4,consu,Plomería,Units,,,caliber=3/4,False,False,False,SHARED,,,,3,300.0,300.0,300.0,NEW_PRODUCT,2,2,CREATE_SHARED_PRODUCT,,MAX,COTIZACIONES_DORALEX_SRL_bb53.xlsx,Cotizacion (8),16,QUOTATION,TUBO EMT 3/4,60.0,300.0,DOP,tubo|emt|3/4|3/4,COTIZACIONES_DORALEX_SRL_bb53.xlsx | COTIZACIONES_DORALEX_f72a.xlsx
AG-0985,Couplint EMT 3/4,consu,Ferretería,Units,,,caliber=3/4,False,False,False,SHARED,,,,3,35.0,35.0,35.0,NEW_PRODUCT,2,2,CREATE_SHARED_PRODUCT,,MAX,COTIZACIONES_DORALEX_SRL_bb53.xlsx,Cotizacion (8),17,QUOTATION,COUPLINT EMT 3/4,30.0,35.0,DOP,couplint|emt|3/4|3/4,COTIZACIONES_DORALEX_SRL_bb53.xlsx | COTIZACIONES_DORALEX_f72a.xlsx
AG-0986,Conectore EMT 3/4,consu,Ferretería,Units,,,caliber=3/4,False,False,False,SHARED,,,,3,37.0,37.0,37.0,NEW_PRODUCT,2,2,CREATE_SHARED_PRODUCT,,MAX,COTIZACIONES_DORALEX_SRL_bb53.xlsx,Cotizacion (8),18,QUOTATION,CONECTORE EMT 3/4,32.0,37.0,DOP,conectore|emt|3/4|3/4,COTIZACIONES_DORALEX_SRL_bb53.xlsx | COTIZACIONES_DORALEX_f72a.xlsx
AG-0987,BARRA Unitron DE 3/4,consu,Ferretería,Units,,,caliber=3/4,False,False,False,SHARED,,,,3,850.0,850.0,850.0,NEW_PRODUCT,2,2,CREATE_SHARED_PRODUCT,,MAX,COTIZACIONES_DORALEX_SRL_bb53.xlsx,Cotizacion (8),19,QUOTATION,BARRA UNITRON DE 3/4,3.0,850.0,DOP,barra|unitron|3/4|3/4,COTIZACIONES_DORALEX_SRL_bb53.xlsx | COTIZACIONES_DORALEX_f72a.xlsx
AG-0988,Tornillo Hexagonal 11/2,consu,Ferretería,Units,,,caliber=11/2,False,False,False,SHARED,,,,3,16.0,16.0,16.0,NEW_PRODUCT,2,2,CREATE_SHARED_PRODUCT,,MAX,COTIZACIONES_DORALEX_SRL_bb53.xlsx,Cotizacion (8),20,QUOTATION,TORNILLO HEXAGONAL 11/2,150.0,16.0,DOP,tornillo|hexagonal|11/2|11/2,COTIZACIONES_DORALEX_SRL_bb53.xlsx | COTIZACIONES_DORALEX_f72a.xlsx
AG-0989,TARUGO DE PLOMO 5/6 X 11/2,consu,Ferretería,Units,,,caliber=5/6,False,False,False,SHARED,,,,3,30.0,30.0,30.0,NEW_PRODUCT,2,2,CREATE_SHARED_PRODUCT,,MAX,COTIZACIONES_DORALEX_SRL_bb53.xlsx,Cotizacion (8),21,QUOTATION,TARUGO DE PLOMO 5/6 X 11/2,150.0,30.0,DOP,tarugo|plomo|5/6|x|11/2|5/6,COTIZACIONES_DORALEX_SRL_bb53.xlsx | COTIZACIONES_DORALEX_f72a.xlsx
AG-0990,PECHA DE Cometida,consu,Ferretería,Units,,,,False,False,False,SHARED,,,,2,275.0,275.0,275.0,NEW_PRODUCT,2,1,CREATE_SHARED_PRODUCT,,MAX,COTIZACIONES_DORALEX_SRL_bb53.xlsx,Cotizacion (8),22,QUOTATION,PECHA DE COMETIDA,10.0,275.0,DOP,pecha|cometida,COTIZACIONES_DORALEX_SRL_bb53.xlsx | COTIZACIONES_DORALEX_f72a.xlsx
AG-0991,PERCHA DE METAL 2/0,consu,Ferretería,Units,,,caliber=2/0,False,False,False,SHARED,,,,2,550.0,550.0,550.0,NEW_PRODUCT,2,1,CREATE_SHARED_PRODUCT,,MAX,COTIZACIONES_DORALEX_SRL_bb53.xlsx,Cotizacion (8),23,QUOTATION,PERCHA DE METAL 2/0,14.0,550.0,DOP,percha|metal|2/0|2/0,COTIZACIONES_DORALEX_SRL_bb53.xlsx | COTIZACIONES_DORALEX_f72a.xlsx
AG-0992,Enclouse NR3 Breaker 250 AMP 3 POLO,consu,Material eléctrico,Units,,,,False,False,False,SHARED,,,,2,5132.85,5132.85,5132.85,NEW_PRODUCT,2,1,CREATE_SHARED_PRODUCT,,MAX,COTIZACIONES_DORALEX_SRL_bb53.xlsx,Cotizacion (8),24,QUOTATION,ENCLOUSE NR3  BREAKER 250 AMP 3 POLO,1.0,5132.85,DOP,enclouse|nr3|breaker|250|amp|3|polo,COTIZACIONES_DORALEX_SRL_bb53.xlsx | COTIZACIONES_DORALEX_f72a.xlsx
AG-0993,"TAPE Plastico 3 M, Amarillo",consu,Ferretería,Units,,,,False,False,False,SHARED,,,,2,680.0,680.0,680.0,NEW_PRODUCT,2,1,CREATE_SHARED_PRODUCT,,MAX,COTIZACIONES_DORALEX_SRL_bb53.xlsx,Cotizacion (8),25,QUOTATION,"TAPE PLASTICO 3 M, AMARILLO",1.0,680.0,DOP,tape|plastico|3|m|amarillo,COTIZACIONES_DORALEX_SRL_bb53.xlsx | COTIZACIONES_DORALEX_f72a.xlsx
AG-0994,"TAPE Plastico 3 M, AZUL",consu,Ferretería,Units,,,,False,False,False,SHARED,,,,2,680.0,680.0,680.0,NEW_PRODUCT,2,1,CREATE_SHARED_PRODUCT,,MAX,COTIZACIONES_DORALEX_SRL_bb53.xlsx,Cotizacion (8),26,QUOTATION,"TAPE PLASTICO 3 M,  AZUL",1.0,680.0,DOP,tape|plastico|3|m|azul,COTIZACIONES_DORALEX_SRL_bb53.xlsx | COTIZACIONES_DORALEX_f72a.xlsx
AG-0995,"TAPE Plastico 3 M, ROJO",consu,Ferretería,Units,,,,False,False,False,SHARED,,,,2,680.0,680.0,680.0,NEW_PRODUCT,2,1,CREATE_SHARED_PRODUCT,,MAX,COTIZACIONES_DORALEX_SRL_bb53.xlsx,Cotizacion (8),27,QUOTATION,"TAPE PLASTICO 3 M, ROJO",1.0,680.0,DOP,tape|plastico|3|m|rojo,COTIZACIONES_DORALEX_SRL_bb53.xlsx | COTIZACIONES_DORALEX_f72a.xlsx
AG-0996,"TAPE Platico SUPER 33, 3M",consu,Ferretería,Units,,,,False,False,False,SHARED,,,,2,590.0,590.0,590.0,NEW_PRODUCT,2,1,CREATE_SHARED_PRODUCT,,MAX,COTIZACIONES_DORALEX_SRL_bb53.xlsx,Cotizacion (8),28,QUOTATION,"TAPE PLATICO SUPER 33, 3M",1.0,590.0,DOP,tape|platico|super|33|3m,COTIZACIONES_DORALEX_SRL_bb53.xlsx | COTIZACIONES_DORALEX_f72a.xlsx
AG-0997,Abrazadera Unitron DE 3/4,consu,Ferretería,Units,,,caliber=3/4,False,False,False,SHARED,,,,2,45.0,45.0,45.0,NEW_PRODUCT,2,1,CREATE_SHARED_PRODUCT,,MAX,COTIZACIONES_DORALEX_SRL_bb53.xlsx,Cotizacion (8),29,QUOTATION,ABRAZADERA UNITRON DE  3/4,100.0,45.0,DOP,abrazadera|unitron|3/4|3/4,COTIZACIONES_DORALEX_SRL_bb53.xlsx | COTIZACIONES_DORALEX_f72a.xlsx
AG-0998,Alambre AWG NO.6 NEGRO,consu,Ferretería,ft,,,,False,False,False,SHARED,,,,2,47.0,47.0,47.0,NEW_PRODUCT,2,1,CREATE_SHARED_PRODUCT,,MAX,COTIZACIONES_DORALEX_SRL_bb53.xlsx,Cotizacion (9),15,QUOTATION,ALAMBRE AWG  NO.6 NEGRO,900.0,47.0,DOP,alambre|awg|no.6|negro,COTIZACIONES_DORALEX_SRL_bb53.xlsx | COTIZACIONES_DORALEX_f72a.xlsx
AG-0999,Alambre AWG NO. 6 BLANCO,consu,Ferretería,ft,,,,False,False,False,SHARED,,,,2,47.0,47.0,47.0,NEW_PRODUCT,2,1,CREATE_SHARED_PRODUCT,,MAX,COTIZACIONES_DORALEX_SRL_bb53.xlsx,Cotizacion (9),16,QUOTATION,ALAMBRE AWG NO. 6 BLANCO,900.0,47.0,DOP,alambre|awg|no.|6|blanco,COTIZACIONES_DORALEX_SRL_bb53.xlsx | COTIZACIONES_DORALEX_f72a.xlsx
AG-1000,Alambre DE GOMA 8/2,consu,Neumáticos,ft,,,caliber=8/2,False,False,False,SHARED,,,,2,56.0,56.0,56.0,NEW_PRODUCT,2,1,CREATE_SHARED_PRODUCT,,MAX,COTIZACIONES_DORALEX_SRL_bb53.xlsx,Cotizacion (9),17,QUOTATION,ALAMBRE DE GOMA 8/2,1600.0,56.0,DOP,alambre|goma|8/2|8/2,COTIZACIONES_DORALEX_SRL_bb53.xlsx | COTIZACIONES_DORALEX_f72a.xlsx
AG-1001,Alambre DE GOMA 10/2 .,consu,Neumáticos,ft,,,caliber=10/2,False,False,False,SHARED,,,,2,41.0,41.0,41.0,NEW_PRODUCT,2,1,CREATE_SHARED_PRODUCT,,MAX,COTIZACIONES_DORALEX_SRL_bb53.xlsx,Cotizacion (9),18,QUOTATION,ALAMBRE DE GOMA 10/2 .,200.0,41.0,DOP,alambre|goma|10/2|.|10/2,COTIZACIONES_DORALEX_SRL_bb53.xlsx | COTIZACIONES_DORALEX_f72a.xlsx
AG-1002,"Acondicionador DE AIRE A/C Inverte DE 12MIL BTU, Eficiencia 16",consu,Ferretería,Units,,,,False,False,False,SHARED,,,,2,43992.5,43992.5,43992.5,NEW_PRODUCT,2,1,CREATE_SHARED_PRODUCT,,MAX,COTIZACIONES_DORALEX_SRL_bb53.xlsx,Cotizacion (12),15,QUOTATION,"ACONDICIONADOR DE AIRE A/C INVERTE DE 12MIL  BTU, EFICIENCIA 16",4.0,43992.5,DOP,acondicionador|aire|a/c|inverte|12mil|btu|eficiencia|16,COTIZACIONES_DORALEX_SRL_bb53.xlsx | COTIZACIONES_DORALEX_f72a.xlsx
AG-1003,Reetructuracion Pasamanos DE ACERO Inoxidable EN RAMPAS Y Escalones,consu,Ferretería,Units,,,,False,False,False,SHARED,,,,2,65000.0,65000.0,65000.0,NEW_PRODUCT,2,1,CREATE_SHARED_PRODUCT,,MAX,COTIZACIONES_DORALEX_SRL_bb53.xlsx,Cotizacion (13),15,QUOTATION,REETRUCTURACION PASAMANOS DE ACERO INOXIDABLE EN RAMPAS Y ESCALONES,1.0,65000.0,DOP,reetructuracion|pasamanos|acero|inoxidable|rampas|escalones,COTIZACIONES_DORALEX_SRL_bb53.xlsx | COTIZACIONES_DORALEX_f72a.xlsx
AG-1004,"Hilo Redondo Htr5 3,3 X 237 Mts/mp/podar Truper",consu,Herramientas,Units,Truper,HTR5,model=HTR5,False,False,False,SHARED,,,,2,,,,NEW_PRODUCT,2,1,MANUAL_REVIEW,MISSING_VALID_PRICE,NO_PRICE,,,,,,,,,hilo|redondo|htr5|3|3|x|237|mts/mp/podar|HTR5,COTIZACIONES_DORALEX_SRL_bb53.xlsx | COTIZACIONES_DORALEX_f72a.xlsx
AG-1005,Estructura Metalica CON PERFIL GALVAN,consu,Ferretería,Units,,,,False,False,False,SHARED,,,,2,110570.2,110570.2,110570.2,NEW_PRODUCT,2,1,CREATE_SHARED_PRODUCT,,MAX,COTIZACIONES_DORALEX_SRL_bb53.xlsx,Cotizacion (16),15,QUOTATION,ESTRUCTURA METALICA CON PERFIL GALVAN,1.0,110570.2,DOP,estructura|metalica|perfil|galvan,COTIZACIONES_DORALEX_SRL_bb53.xlsx | COTIZACIONES_DORALEX_f72a.xlsx
AG-1006,Techado EN Aluzinc TEJA CAL 26-1m UTIL,consu,Ferretería,Units,,,,False,False,False,SHARED,,,,2,125870.15,125870.15,125870.15,NEW_PRODUCT,2,1,CREATE_SHARED_PRODUCT,,MAX,COTIZACIONES_DORALEX_SRL_bb53.xlsx,Cotizacion (16),16,QUOTATION,TECHADO EN ALUZINC TEJA CAL 26-1m UTIL,1.0,125870.15,DOP,techado|aluzinc|teja|cal|26-1m|util,COTIZACIONES_DORALEX_SRL_bb53.xlsx | COTIZACIONES_DORALEX_f72a.xlsx
AG-1007,BLOCK DE 8 BISONO,consu,Construcción,Units,,,,False,False,False,SHARED,,,,2,68.0,68.0,68.0,NEW_PRODUCT,2,1,CREATE_SHARED_PRODUCT,,MAX,COTIZACIONES_DORALEX_SRL_bb53.xlsx,Cotizacion (17),15,QUOTATION,BLOCK DE 8 BISONO,550.0,68.0,DOP,block|8|bisono,COTIZACIONES_DORALEX_SRL_bb53.xlsx | COTIZACIONES_DORALEX_f72a.xlsx
AG-1008,FUNDA DE Cemento GRIS TITAN 94 LB,consu,Construcción,Units,,,presentation=94 lb,False,False,False,SHARED,,,,2,600.0,600.0,600.0,NEW_PRODUCT,2,1,CREATE_SHARED_PRODUCT,,MAX,COTIZACIONES_DORALEX_SRL_bb53.xlsx,Cotizacion (17),17,QUOTATION,FUNDA DE CEMENTO GRIS TITAN 94 LB,25.0,600.0,DOP,funda|cemento|gris|titan|94|lb|94 lb,COTIZACIONES_DORALEX_SRL_bb53.xlsx | COTIZACIONES_DORALEX_f72a.xlsx
AG-1009,ARENA Triturada AZUL LAVADA,consu,Construcción,m³,,,,False,False,False,SHARED,,,,2,3500.0,3500.0,3500.0,NEW_PRODUCT,2,1,CREATE_SHARED_PRODUCT,,MAX,COTIZACIONES_DORALEX_SRL_bb53.xlsx,Cotizacion (17),18,QUOTATION,ARENA TRITURADA AZUL LAVADA,1.0,3500.0,DOP,arena|triturada|azul|lavada,COTIZACIONES_DORALEX_SRL_bb53.xlsx | COTIZACIONES_DORALEX_f72a.xlsx
AG-1010,GRAVA 3/4 A 1/2,consu,Construcción,m³,,,caliber=3/4,False,False,False,SHARED,,,,2,1300.0,1300.0,1300.0,NEW_PRODUCT,2,1,CREATE_SHARED_PRODUCT,,MAX,COTIZACIONES_DORALEX_SRL_bb53.xlsx,Cotizacion (17),19,QUOTATION,GRAVA 3/4 A 1/2,0.5,1300.0,DOP,grava|3/4|a|1/2|3/4,COTIZACIONES_DORALEX_SRL_bb53.xlsx | COTIZACIONES_DORALEX_f72a.xlsx
AG-1011,"PAPEL Higienico NATURA BLANCO PARA BAÑO JUMBO 700 FTS, FARDOS DE 12/1 (1 Espliego SIN",consu,Oficina,Units,,,caliber=12/1,False,False,False,SHARED,,,,2,1175.0,1175.0,1175.0,NEW_PRODUCT,2,1,CREATE_SHARED_PRODUCT,,MAX,COTIZACIONES_DORALEX_SRL_bb53.xlsx,Cotizacion (18),16,QUOTATION,"PAPEL HIGIENICO NATURA BLANCO PARA BAÑO JUMBO 700 FTS, FARDOS DE 12/1 (1 ESPLIEGO SIN AROMA) PARA DISPENSADOR",550.0,1175.0,DOP,papel|higienico|natura|blanco|para|bano|jumbo|700|12/1,COTIZACIONES_DORALEX_SRL_bb53.xlsx | COTIZACIONES_DORALEX_f72a.xlsx
AG-1012,"PAPEL TOALLA SLIM ROLL 6/580""1, SCOOT",consu,Oficina,Units,,,"size=580"" caliber=6/580",False,False,False,SHARED,,,,2,2225.0,2225.0,2225.0,NEW_PRODUCT,2,1,CREATE_SHARED_PRODUCT,,MAX,COTIZACIONES_DORALEX_SRL_bb53.xlsx,Cotizacion (18),17,QUOTATION,"PAPEL TOALLA SLIM ROLL 6/580""1, SCOOT",210.0,2225.0,DOP,"papel|toalla|slim|roll|6/580""1|scoot|6/580|580""",COTIZACIONES_DORALEX_SRL_bb53.xlsx | COTIZACIONES_DORALEX_f72a.xlsx
AG-1013,Servilletas DE MESA 500/1 VELVET PLUS,consu,Mobiliario,Units,,,caliber=500/1,False,False,False,SHARED,,,,2,950.0,950.0,950.0,NEW_PRODUCT,2,1,CREATE_SHARED_PRODUCT,,MAX,COTIZACIONES_DORALEX_SRL_bb53.xlsx,Cotizacion (18),18,QUOTATION,SERVILLETAS DE MESA 500/1 VELVET PLUS,90.0,950.0,DOP,servilletas|mesa|500/1|velvet|plus|500/1,COTIZACIONES_DORALEX_SRL_bb53.xlsx | COTIZACIONES_DORALEX_f72a.xlsx
AG-1014,Credito A 120 Dias,consu,Ferretería,Units,,,,False,False,False,SHARED,,,,79,,,,NEW_PRODUCT,2,77,MANUAL_REVIEW,MISSING_VALID_PRICE,NO_PRICE,,,,,,,,,credito|a|120|dias,COTIZACIONES_DORALEX_SRL_bb53.xlsx | COTIZACIONES_DORALEX_f72a.xlsx
AG-1015,"Resma De Papel Abby Tamaño Carta Calibre 20, 8 1/2 * 11 Pulgadas.",consu,Oficina,Units,LG,,"size=11"" caliber=1/2",False,False,False,SHARED,,,,1,460.0,460.0,460.0,NEW_PRODUCT,1,1,CREATE_SHARED_PRODUCT,,SINGLE,COTIZACIONES_DORALEX_SRL_bb53.xlsx,Cotizacion (21),15,QUOTATION,"Resma de papel Abby tamaño carta calibre 20, 8 1/2 * 11 pulgadas.",80.0,460.0,DOP,"resma|papel|abby|tamano|carta|calibre|20|8|1/2|11""",COTIZACIONES_DORALEX_SRL_bb53.xlsx
AG-1016,"Resma De Papel Abby Tamaño Carta Calibre 20, 8 1/2 * 14 Pulgadas.",consu,Oficina,Units,LG,,"size=14"" caliber=1/2",False,False,False,SHARED,,,,1,545.0,545.0,545.0,NEW_PRODUCT,1,1,CREATE_SHARED_PRODUCT,,SINGLE,COTIZACIONES_DORALEX_SRL_bb53.xlsx,Cotizacion (21),16,QUOTATION,"Resma de papel Abby tamaño carta calibre 20, 8 1/2 * 14 pulgadas.",25.0,545.0,DOP,"resma|papel|abby|tamano|carta|calibre|20|8|1/2|14""",COTIZACIONES_DORALEX_SRL_bb53.xlsx
AG-1017,Label Para Folders 200/1 Pointer,consu,Oficina,Units,,,caliber=200/1,False,False,False,SHARED,,,,1,180.0,180.0,180.0,NEW_PRODUCT,1,1,CREATE_SHARED_PRODUCT,,SINGLE,COTIZACIONES_DORALEX_SRL_bb53.xlsx,Cotizacion (21),17,QUOTATION,Label Para Folders 200/1 Pointer,25.0,180.0,DOP,label|para|folders|200/1|pointer|200/1,COTIZACIONES_DORALEX_SRL_bb53.xlsx
AG-1018,"Grapas Estándar Artesco 6 Mm, 26/6, 5000/1",consu,Ferretería,Units,,,caliber=26/6,False,False,False,SHARED,,,,1,110.0,110.0,110.0,NEW_PRODUCT,1,1,CREATE_SHARED_PRODUCT,,SINGLE,COTIZACIONES_DORALEX_SRL_bb53.xlsx,Cotizacion (21),18,QUOTATION,"Grapas estándar Artesco 6 mm, 26/6, 5000/1",30.0,110.0,DOP,grapas|estandar|artesco|6|mm|26/6|5000/1|26/6,COTIZACIONES_DORALEX_SRL_bb53.xlsx
AG-1019,"Bolígrafo Retráctil Stabilo De Punta Fina 0,7mm, Color Azul Caja De 12/1",consu,Oficina,Units,,,caliber=12/1,False,False,False,SHARED,,,,2,286.0,300.0,300.0,NEW_PRODUCT,1,1,CREATE_SHARED_PRODUCT,,MAX,COTIZACIONES_DORALEX_SRL_bb53.xlsx,Cotizacion (21),31,QUOTATION,"Bolígrafo retráctil Stabilo de punta fina 0,7mm, color negro caja de 12/1.",30.0,300.0,DOP,boligrafo|retractil|stabilo|punta|fina|0|7|mm|12/1,COTIZACIONES_DORALEX_SRL_bb53.xlsx
AG-1020,"Sacagrapas Artesco Con Mango Plástico Ergonómico, Con Seguro Para Mantenerlo Plegado",consu,Ferretería,Units,,,,False,False,False,SHARED,,,,1,70.0,70.0,70.0,NEW_PRODUCT,1,1,CREATE_SHARED_PRODUCT,,SINGLE,COTIZACIONES_DORALEX_SRL_bb53.xlsx,Cotizacion (21),20,QUOTATION,"Sacagrapas Artesco con mango plástico ergonómico, con seguro para mantenerlo plegado",50.0,70.0,DOP,sacagrapas|artesco|mango|plastico|ergonomico|seguro|para|mantenerlo,COTIZACIONES_DORALEX_SRL_bb53.xlsx
AG-1021,"Folder Manila Ofi-folder 8 1/2 X 11, Caja 100/1",consu,Oficina,Units,,,caliber=1/2,False,False,False,SHARED,,,,1,895.0,895.0,895.0,NEW_PRODUCT,1,1,CREATE_SHARED_PRODUCT,,SINGLE,COTIZACIONES_DORALEX_SRL_bb53.xlsx,Cotizacion (21),21,QUOTATION,"Folder Manila Ofi-Folder 8 1/2 x 11, caja 100/1",50.0,895.0,DOP,folder|manila|ofi-folder|8|1/2|x|11|caja|1/2,COTIZACIONES_DORALEX_SRL_bb53.xlsx
AG-1022,"Folders Manila 8.5"" X 14"" Legal, 100 Pcs - AS Folders Plus",consu,Oficina,Units,,,"size=8.5""",False,False,False,SHARED,,,,1,1035.0,1035.0,1035.0,NEW_PRODUCT,1,1,CREATE_SHARED_PRODUCT,,SINGLE,COTIZACIONES_DORALEX_SRL_bb53.xlsx,Cotizacion (21),22,QUOTATION,"Folders Manila 8.5"" x 14"" Legal, 100 pcs - AS Folders Plus",10.0,1035.0,DOP,"folders|manila|8.5""|x|14""|legal|100|pcs|8.5""",COTIZACIONES_DORALEX_SRL_bb53.xlsx
AG-1023,Ganchos Metálicos Macho/hembra 70mm 50 Sets ACCO #12992,consu,Ferretería,Units,,,,False,False,False,SHARED,,,,1,665.5,665.5,665.5,NEW_PRODUCT,1,1,CREATE_SHARED_PRODUCT,,SINGLE,COTIZACIONES_DORALEX_SRL_bb53.xlsx,Cotizacion (21),23,QUOTATION,Ganchos Metálicos Macho/Hembra 70mm 50 sets ACCO #12992,10.0,665.5,DOP,ganchos|metalicos|macho/hembra|70|mm|50|sets|acco,COTIZACIONES_DORALEX_SRL_bb53.xlsx
AG-1024,"Grapadora Estandar Talbot De Metal, Color Negro, Compatible Con Grapas Estándar 24/6 Y",consu,Ferretería,Units,,,caliber=24/6,False,False,False,SHARED,,,,1,795.0,795.0,795.0,NEW_PRODUCT,1,1,CREATE_SHARED_PRODUCT,,SINGLE,COTIZACIONES_DORALEX_SRL_bb53.xlsx,Cotizacion (21),24,QUOTATION,"Grapadora estandar Talbot de metal, color negro, compatible con grapas estándar 24/6 y 26/6",30.0,795.0,DOP,grapadora|estandar|talbot|metal|color|negro|compatible|grapas|24/6,COTIZACIONES_DORALEX_SRL_bb53.xlsx
AG-1025,Clips Grandes Talbot 50mm 100/1,consu,Ferretería,Units,,,caliber=100/1,False,False,False,SHARED,,,,1,80.0,80.0,80.0,NEW_PRODUCT,1,1,CREATE_SHARED_PRODUCT,,SINGLE,COTIZACIONES_DORALEX_SRL_bb53.xlsx,Cotizacion (21),25,QUOTATION,Clips Grandes Talbot 50mm 100/1,30.0,80.0,DOP,clips|grandes|talbot|50|mm|100/1|100/1,COTIZACIONES_DORALEX_SRL_bb53.xlsx
AG-1026,Clips Pequeños Talbot 33mm 100/1,consu,Ferretería,Units,,,caliber=100/1,False,False,False,SHARED,,,,1,40.0,40.0,40.0,NEW_PRODUCT,1,1,CREATE_SHARED_PRODUCT,,SINGLE,COTIZACIONES_DORALEX_SRL_bb53.xlsx,Cotizacion (21),26,QUOTATION,Clips pequeños Talbot 33mm 100/1,30.0,40.0,DOP,clips|pequenos|talbot|33|mm|100/1|100/1,COTIZACIONES_DORALEX_SRL_bb53.xlsx
AG-1027,Corrector Líquido De 7ml. Caja Con 12 Piezas Pelikan,consu,Ferretería,Units,,,,False,False,False,SHARED,,,,1,740.0,740.0,740.0,NEW_PRODUCT,1,1,CREATE_SHARED_PRODUCT,,SINGLE,COTIZACIONES_DORALEX_SRL_bb53.xlsx,Cotizacion (21),27,QUOTATION,Corrector Líquido de 7ml. Caja con 12 piezas Pelikan,30.0,740.0,DOP,corrector|liquido|7ml.|caja|12|piezas|pelikan,COTIZACIONES_DORALEX_SRL_bb53.xlsx
AG-1028,Saca Puntas Manual De Metal,consu,Ferretería,Units,,,,False,False,False,SHARED,,,,1,390.0,390.0,390.0,NEW_PRODUCT,1,1,CREATE_SHARED_PRODUCT,,SINGLE,COTIZACIONES_DORALEX_SRL_bb53.xlsx,Cotizacion (21),28,QUOTATION,Saca puntas manual de metal,30.0,390.0,DOP,saca|puntas|manual|metal,COTIZACIONES_DORALEX_SRL_bb53.xlsx
AG-1029,Sacapunta Electrico Bostitch,consu,Ferretería,Units,,,,False,False,False,SHARED,,,,1,1990.0,1990.0,1990.0,NEW_PRODUCT,1,1,CREATE_SHARED_PRODUCT,,SINGLE,COTIZACIONES_DORALEX_SRL_bb53.xlsx,Cotizacion (21),29,QUOTATION,Sacapunta electrico Bostitch,30.0,1990.0,DOP,sacapunta|electrico|bostitch,COTIZACIONES_DORALEX_SRL_bb53.xlsx
AG-1030,Borrador De Goma P30 Artesco,consu,Neumáticos,Units,,,,False,False,False,SHARED,,,,1,33.0,33.0,33.0,NEW_PRODUCT,1,1,CREATE_SHARED_PRODUCT,,SINGLE,COTIZACIONES_DORALEX_SRL_bb53.xlsx,Cotizacion (21),30,QUOTATION,Borrador de goma P30 Artesco,30.0,33.0,DOP,borrador|goma|p30|artesco,COTIZACIONES_DORALEX_SRL_bb53.xlsx
AG-1031,"Tijeras De Escritorio Pelikan 5 Pulgadas, Mango Grueso",consu,Mobiliario,Units,LG,,"size=5""",False,False,False,SHARED,,,,1,115.0,115.0,115.0,NEW_PRODUCT,1,1,CREATE_SHARED_PRODUCT,,SINGLE,COTIZACIONES_DORALEX_SRL_bb53.xlsx,Cotizacion (21),32,QUOTATION,"Tijeras de escritorio Pelikan 5 pulgadas, mango grueso",30.0,115.0,DOP,"tijeras|escritorio|pelikan|5|pulgadas|mango|grueso|5""",COTIZACIONES_DORALEX_SRL_bb53.xlsx
AG-1032,"Cinta Adhesiva Invisible Talbot, 3/4 In X 1296 In, 36 Yd.",consu,Ferretería,Units,,,caliber=3/4,False,False,False,SHARED,,,,1,145.0,145.0,145.0,NEW_PRODUCT,1,1,CREATE_SHARED_PRODUCT,,SINGLE,COTIZACIONES_DORALEX_SRL_bb53.xlsx,Cotizacion (21),33,QUOTATION,"Cinta adhesiva invisible Talbot, 3/4 in x 1296 in, 36 yd.",30.0,145.0,DOP,cinta|adhesiva|invisible|talbot|3/4|in|x|1296|3/4,COTIZACIONES_DORALEX_SRL_bb53.xlsx
AG-1033,Caja De Gomitas OBIS No. 18,consu,Ferretería,Units,,,,False,False,False,SHARED,,,,1,95.0,95.0,95.0,NEW_PRODUCT,1,1,CREATE_SHARED_PRODUCT,,SINGLE,COTIZACIONES_DORALEX_SRL_bb53.xlsx,Cotizacion (21),34,QUOTATION,Caja de gomitas OBIS No. 18,50.0,95.0,DOP,caja|gomitas|obis|no.|18,COTIZACIONES_DORALEX_SRL_bb53.xlsx
AG-1034,"Grapadora Industrial De Metal Swingline, Con Base Antideslizante, Con Capacidad De 100",consu,Oficina,Units,,,,False,False,False,SHARED,,,,1,2220.0,2220.0,2220.0,NEW_PRODUCT,1,1,CREATE_SHARED_PRODUCT,,SINGLE,COTIZACIONES_DORALEX_SRL_bb53.xlsx,Cotizacion (21),35,QUOTATION,"Grapadora industrial de metal Swingline, con base antideslizante, con capacidad de 100 hojas de papel, guía ajustable de margen de engrapado.",20.0,2220.0,DOP,grapadora|industrial|metal|swingline|base|antideslizante|capacidad|100,COTIZACIONES_DORALEX_SRL_bb53.xlsx
AG-1035,Marcadores De Pizarra Stabilo NEGRO 24X12,consu,Ferretería,Units,,,,False,False,False,SHARED,,,,1,145.0,145.0,145.0,NEW_PRODUCT,1,1,CREATE_SHARED_PRODUCT,,SINGLE,COTIZACIONES_DORALEX_SRL_bb53.xlsx,Cotizacion (21),36,QUOTATION,Marcadores de pizarra Stabilo NEGRO 24X12,30.0,145.0,DOP,marcadores|pizarra|stabilo|negro|24x12,COTIZACIONES_DORALEX_SRL_bb53.xlsx
AG-1036,Marcadores De Pizarra Stabilo AZUL 24X12,consu,Ferretería,Units,,,,False,False,False,SHARED,,,,1,145.0,145.0,145.0,NEW_PRODUCT,1,1,CREATE_SHARED_PRODUCT,,SINGLE,COTIZACIONES_DORALEX_SRL_bb53.xlsx,Cotizacion (21),37,QUOTATION,Marcadores de pizarra Stabilo AZUL 24X12,30.0,145.0,DOP,marcadores|pizarra|stabilo|azul|24x12,COTIZACIONES_DORALEX_SRL_bb53.xlsx
AG-1037,Marcadores De Pizarra Stabilo ROJO 24X12,consu,Ferretería,Units,,,,False,False,False,SHARED,,,,1,145.0,145.0,145.0,NEW_PRODUCT,1,1,CREATE_SHARED_PRODUCT,,SINGLE,COTIZACIONES_DORALEX_SRL_bb53.xlsx,Cotizacion (21),38,QUOTATION,Marcadores de pizarra Stabilo ROJO 24X12,30.0,145.0,DOP,marcadores|pizarra|stabilo|rojo|24x12,COTIZACIONES_DORALEX_SRL_bb53.xlsx
AG-1038,Clavo De 3 Pulgadas Dulce Caja De 50 Libra,consu,Ferretería,Units,LG,,"size=3""",False,False,False,SHARED,,,,1,6500.0,6500.0,6500.0,NEW_PRODUCT,1,1,CREATE_SHARED_PRODUCT,,SINGLE,COTIZACIONES_DORALEX_SRL_bb53.xlsx,Cotizacion (24),18,QUOTATION,Clavo de 3 pulgadas dulce Caja de 50 libra,1.0,6500.0,DOP,"clavo|3|pulgadas|dulce|caja|50|libra|3""",COTIZACIONES_DORALEX_SRL_bb53.xlsx
AG-1039,Clavo De 2 1/2 Pulgadas De Acero Koreano Caja De 50 Libra,consu,Ferretería,Units,LG,,"size=2"" caliber=1/2",False,False,False,SHARED,,,,1,5220.0,5220.0,5220.0,NEW_PRODUCT,1,1,CREATE_SHARED_PRODUCT,,SINGLE,COTIZACIONES_DORALEX_SRL_bb53.xlsx,Cotizacion (24),19,QUOTATION,Clavo de 2 1/2 pulgadas de acero koreano Caja de 50 libra,3.0,5220.0,DOP,"clavo|2|1/2|pulgadas|acero|koreano|caja|50|1/2|2""",COTIZACIONES_DORALEX_SRL_bb53.xlsx
AG-1040,Pintura Acrilica PARA Exterior BLANCA 50 Popular PRO,consu,Pinturas,Units,,,,False,False,False,SHARED,,,,1,6050.0,6050.0,6050.0,NEW_PRODUCT,1,1,CREATE_SHARED_PRODUCT,,SINGLE,COTIZACIONES_DORALEX_SRL_bb53.xlsx,Cotizacion (25),15,QUOTATION,PINTURA ACRILICA PARA EXTERIOR BLANCA 50   POPULAR  PRO,5.0,6050.0,DOP,pintura|acrilica|para|exterior|blanca|50|popular|pro,COTIZACIONES_DORALEX_SRL_bb53.xlsx
AG-1041,TUBOS DE OLEO MARRON,consu,Plomería,Units,,,,False,False,False,SHARED,,,,1,520.0,520.0,520.0,NEW_PRODUCT,1,1,CREATE_SHARED_PRODUCT,,SINGLE,COTIZACIONES_DORALEX_SRL_bb53.xlsx,Cotizacion (25),16,QUOTATION,TUBOS DE OLEO MARRON,2.0,520.0,DOP,tubos|oleo|marron,COTIZACIONES_DORALEX_SRL_bb53.xlsx
AG-1042,Claudette Trementina 1/2 LT,consu,Ferretería,Units,,,caliber=1/2,False,False,False,SHARED,,,,1,270.0,270.0,270.0,NEW_PRODUCT,1,1,CREATE_SHARED_PRODUCT,,SINGLE,COTIZACIONES_DORALEX_SRL_bb53.xlsx,Cotizacion (25),17,QUOTATION,CLAUDETTE TREMENTINA 1/2 LT,4.0,270.0,DOP,claudette|trementina|1/2|lt|1/2,COTIZACIONES_DORALEX_SRL_bb53.xlsx
AG-1043,Pintura Acrilica PARA Exterior Naranja OSCURO Popular PRO,consu,Pinturas,Units,,,,False,False,False,SHARED,,,,1,6050.0,6050.0,6050.0,NEW_PRODUCT,1,1,CREATE_SHARED_PRODUCT,,SINGLE,COTIZACIONES_DORALEX_SRL_bb53.xlsx,Cotizacion (25),18,QUOTATION,PINTURA ACRILICA PARA EXTERIOR NARANJA OSCURO POPULAR  PRO,1.0,6050.0,DOP,pintura|acrilica|para|exterior|naranja|oscuro|popular|pro,COTIZACIONES_DORALEX_SRL_bb53.xlsx
AG-1044,LATA DE Pintura Popular ULTRA Esmalte NEGRO MATE 800 1 GL,consu,Pinturas,Units,,,presentation=1 gl,False,False,False,SHARED,,,,2,2520.0,2520.0,2520.0,NEW_PRODUCT,1,2,CREATE_SHARED_PRODUCT,,MAX,COTIZACIONES_DORALEX_SRL_bb53.xlsx,Cotizacion (25),19,QUOTATION,LATA DE PINTURA POPULAR ULTRA ESMALTE NEGRO MATE 800 1 GL,1.0,2520.0,DOP,lata|pintura|popular|ultra|esmalte|negro|mate|800|1 gl,COTIZACIONES_DORALEX_SRL_bb53.xlsx
AG-1045,Tropical BARNIZ Natural CON BRILLO GL,consu,Ferretería,Units,Tropical,,,False,False,False,SHARED,,,,1,2512.0,2512.0,2512.0,NEW_PRODUCT,1,1,CREATE_SHARED_PRODUCT,,SINGLE,COTIZACIONES_DORALEX_SRL_bb53.xlsx,Cotizacion (25),20,QUOTATION,TROPICAL BARNIZ NATURAL CON BRILLO GL,1.0,2512.0,DOP,tropical|barniz|natural|brillo|gal,COTIZACIONES_DORALEX_SRL_bb53.xlsx
AG-1046,Pintura Acrilica BLANCA 50 Popular PRO,consu,Pinturas,Units,,,,False,False,False,SHARED,,,,1,6050.0,6050.0,6050.0,NEW_PRODUCT,1,1,CREATE_SHARED_PRODUCT,,SINGLE,COTIZACIONES_DORALEX_SRL_bb53.xlsx,Cotizacion (26),15,QUOTATION,PINTURA ACRILICA BLANCA 50   POPULAR  PRO,6.0,6050.0,DOP,pintura|acrilica|blanca|50|popular|pro,COTIZACIONES_DORALEX_SRL_bb53.xlsx
AG-1047,Pintura CREMA Acrlico,consu,Pinturas,Units,,,,False,False,False,SHARED,,,,1,6050.0,6050.0,6050.0,NEW_PRODUCT,1,1,CREATE_SHARED_PRODUCT,,SINGLE,COTIZACIONES_DORALEX_SRL_bb53.xlsx,Cotizacion (26),16,QUOTATION,PINTURA CREMA ACRLICO,8.0,6050.0,DOP,pintura|crema|acrlico,COTIZACIONES_DORALEX_SRL_bb53.xlsx
AG-1048,Pintura Acrilica Naranja OSCURO Popular PRO,consu,Pinturas,Units,,,,False,False,False,SHARED,,,,1,6050.0,6050.0,6050.0,NEW_PRODUCT,1,1,CREATE_SHARED_PRODUCT,,SINGLE,COTIZACIONES_DORALEX_SRL_bb53.xlsx,Cotizacion (26),17,QUOTATION,PINTURA ACRILICA  NARANJA OSCURO POPULAR  PRO,6.0,6050.0,DOP,pintura|acrilica|naranja|oscuro|popular|pro,COTIZACIONES_DORALEX_SRL_bb53.xlsx
AG-1049,Breaker OMNIUM 040E12F 12 Modulos Empotrable Europeo,consu,Material eléctrico,Units,,,,False,False,False,SHARED,,,,1,3250.0,3250.0,3250.0,NEW_PRODUCT,1,1,CREATE_SHARED_PRODUCT,,SINGLE,COTIZACIONES_DORALEX_SRL_bb53.xlsx,Cotizacion (26),20,QUOTATION,BREAKER OMNIUM 040E12F 12 MODULOS EMPOTRABLE EUROPEO,1.0,3250.0,DOP,breaker|omnium|040e12f|12|modulos|empotrable|europeo,COTIZACIONES_DORALEX_SRL_bb53.xlsx
AG-1050,POWER ROYAL Breaker Europeo 2P 20 AMP C20,consu,Material eléctrico,Units,,,,False,False,False,SHARED,,,,1,600.0,600.0,600.0,NEW_PRODUCT,1,1,CREATE_SHARED_PRODUCT,,SINGLE,COTIZACIONES_DORALEX_SRL_bb53.xlsx,Cotizacion (26),21,QUOTATION,POWER ROYAL BREAKER EUROPEO 2P 20 AMP C20,12.0,600.0,DOP,power|royal|breaker|europeo|2p|20|amp|c20,COTIZACIONES_DORALEX_SRL_bb53.xlsx
AG-1051,Bombillo ROJO Modalidad DE Enchufe Estandar,consu,Material eléctrico,Units,,,,False,False,False,SHARED,,,,1,125.0,125.0,125.0,NEW_PRODUCT,1,1,CREATE_SHARED_PRODUCT,,SINGLE,COTIZACIONES_DORALEX_SRL_bb53.xlsx,Cotizacion (26),22,QUOTATION,BOMBILLO ROJO MODALIDAD DE ENCHUFE ESTANDAR,10.0,125.0,DOP,bombillo|rojo|modalidad|enchufe|estandar,COTIZACIONES_DORALEX_SRL_bb53.xlsx
AG-1052,Bombillo AZUL Modalidad DE Enchufe Estandar,consu,Material eléctrico,Units,,,,False,False,False,SHARED,,,,1,125.0,125.0,125.0,NEW_PRODUCT,1,1,CREATE_SHARED_PRODUCT,,SINGLE,COTIZACIONES_DORALEX_SRL_bb53.xlsx,Cotizacion (26),23,QUOTATION,BOMBILLO AZUL MODALIDAD DE ENCHUFE ESTANDAR,10.0,125.0,DOP,bombillo|azul|modalidad|enchufe|estandar,COTIZACIONES_DORALEX_SRL_bb53.xlsx
AG-1053,Bombillo BLANCO Modalidad DE Enchufe Estandar,consu,Material eléctrico,Units,,,,False,False,False,SHARED,,,,1,125.0,125.0,125.0,NEW_PRODUCT,1,1,CREATE_SHARED_PRODUCT,,SINGLE,COTIZACIONES_DORALEX_SRL_bb53.xlsx,Cotizacion (26),24,QUOTATION,BOMBILLO BLANCO MODALIDAD DE ENCHUFE ESTANDAR,10.0,125.0,DOP,bombillo|blanco|modalidad|enchufe|estandar,COTIZACIONES_DORALEX_SRL_bb53.xlsx
AG-1054,Plancha PLAFON PVC Machihembrado,consu,Plomería,Units,,,,False,False,False,SHARED,,,,1,1750.0,1750.0,1750.0,NEW_PRODUCT,1,1,CREATE_SHARED_PRODUCT,,SINGLE,COTIZACIONES_DORALEX_SRL_bb53.xlsx,Cotizacion (28),17,QUOTATION,PLANCHA PLAFON PVC MACHIHEMBRADO,1.0,1750.0,DOP,plancha|plafon|pvc|machihembrado,COTIZACIONES_DORALEX_SRL_bb53.xlsx
AG-1055,Cemento GRIS TITAN 94 LB,consu,Construcción,Units,,,presentation=94 lb,False,False,False,SHARED,,,,3,624.708,624.708,624.708,NEW_PRODUCT,2,3,CREATE_SHARED_PRODUCT,,MAX,COTIZACIONES_DORALEX_SRL_bb53.xlsx,Cot Licitacion ASDE,15,QUOTATION,CEMENTO GRIS TITAN 94 LB,1000.0,624.708,DOP,cemento|gris|titan|94|lb|94 lb,COTIZACIONES_DORALEX_SRL_bb53.xlsx | COTIZACIONES_DORALEX_f72a.xlsx
AG-1056,CLAVO DULCE 2 1/2'',consu,Ferretería,lb,,,caliber=1/2,False,False,False,SHARED,,,,3,75.11,75.11,75.11,NEW_PRODUCT,2,3,CREATE_SHARED_PRODUCT,,MAX,COTIZACIONES_DORALEX_SRL_bb53.xlsx,Cot Licitacion ASDE,23,QUOTATION,CLAVO DULCE 2 1/2'',200.0,75.11,DOP,clavo|dulce|2|1/2|1/2,COTIZACIONES_DORALEX_SRL_bb53.xlsx | COTIZACIONES_DORALEX_f72a.xlsx
AG-1057,CLAVO DULCE DE 4'',consu,Ferretería,lb,,,,False,False,False,SHARED,,,,3,102.86,102.86,102.86,NEW_PRODUCT,2,3,CREATE_SHARED_PRODUCT,,MAX,COTIZACIONES_DORALEX_SRL_bb53.xlsx,Cot Licitacion ASDE,24,QUOTATION,CLAVO DULCE DE 4'',200.0,102.86,DOP,clavo|dulce|4,COTIZACIONES_DORALEX_SRL_bb53.xlsx | COTIZACIONES_DORALEX_f72a.xlsx
AG-1058,CLAVO DE ACERO 2 1/2,consu,Ferretería,lb,,,caliber=1/2,False,False,False,SHARED,,,,3,87.954,87.954,87.954,NEW_PRODUCT,2,3,CREATE_SHARED_PRODUCT,,MAX,COTIZACIONES_DORALEX_SRL_bb53.xlsx,Cot Licitacion ASDE,25,QUOTATION,CLAVO DE ACERO 2 1/2'',200.0,87.954,DOP,clavo|acero|2|1/2|1/2,COTIZACIONES_DORALEX_SRL_bb53.xlsx | COTIZACIONES_DORALEX_f72a.xlsx
AG-1059,CLAVO DE ACERO DE 4'',consu,Ferretería,lb,,,,False,False,False,SHARED,,,,3,136.7335,136.7335,136.7335,NEW_PRODUCT,2,3,CREATE_SHARED_PRODUCT,,MAX,COTIZACIONES_DORALEX_SRL_bb53.xlsx,Cot Licitacion ASDE,26,QUOTATION,CLAVO DE ACERO DE 4'',200.0,136.7335,DOP,clavo|acero|4,COTIZACIONES_DORALEX_SRL_bb53.xlsx | COTIZACIONES_DORALEX_f72a.xlsx
AG-1060,PICO Tramotina,consu,Ferretería,lb,,,,False,False,False,SHARED,,,,4,1480.6,1509.6,1509.6,NEW_PRODUCT,3,4,CREATE_SHARED_PRODUCT,,MAX,COTIZACIONES_DORALEX_SRL_bb53.xlsx,Cot Licitacion ASDE,28,QUOTATION,PICO TRAMOTINA,15.0,1509.6,DOP,pico|tramotina,COTIZACIONES_DORALEX_SRL_bb53.xlsx | COTIZACIONES_DORALEX_f72a.xlsx | COTIZACIONES__REMPART_GROUP_2_3578.xlsx
AG-1061,PALA Cuadrada Tramotina,consu,Ferretería,Units,,,,False,False,False,SHARED,,,,3,1476.3,1476.3,1476.3,NEW_PRODUCT,2,3,CREATE_SHARED_PRODUCT,,MAX,COTIZACIONES_DORALEX_SRL_bb53.xlsx,Cot Licitacion ASDE,29,QUOTATION,PALA CUADRADA TRAMOTINA,20.0,1476.3,DOP,pala|cuadrada|tramotina,COTIZACIONES_DORALEX_SRL_bb53.xlsx | COTIZACIONES_DORALEX_f72a.xlsx
AG-1062,Martillo M/fibra KENDO,consu,Herramientas,Units,,,,False,False,False,SHARED,,,,3,815.85,815.85,815.85,NEW_PRODUCT,2,3,CREATE_SHARED_PRODUCT,,MAX,COTIZACIONES_DORALEX_SRL_bb53.xlsx,Cot Licitacion ASDE,33,QUOTATION,MARTILLO M/FIBRA KENDO,5.0,815.85,DOP,martillo|m/fibra|kendo,COTIZACIONES_DORALEX_SRL_bb53.xlsx | COTIZACIONES_DORALEX_f72a.xlsx
AG-1063,"TUBO PVC DE 12''x19 , SDR-41 CORVI",consu,Plomería,Units,,,,False,False,False,SHARED,,,,3,16656.29,16656.29,16656.29,NEW_PRODUCT,2,3,CREATE_SHARED_PRODUCT,,MAX,COTIZACIONES_DORALEX_SRL_bb53.xlsx,Cot Licitacion ASDE,35,QUOTATION,"TUBO PVC DE 12''X19 , SDR-41 CORVI",10.0,16656.29,DOP,tubo|pvc|12|x19|sdr-41|corvi,COTIZACIONES_DORALEX_SRL_bb53.xlsx | COTIZACIONES_DORALEX_f72a.xlsx
AG-1064,"TUBO PVC DE 8''X19 , SDR-41 CORVI",consu,Plomería,Units,,,,False,False,False,SHARED,,,,3,12956.29,12956.29,12956.29,NEW_PRODUCT,2,3,CREATE_SHARED_PRODUCT,,MAX,COTIZACIONES_DORALEX_SRL_bb53.xlsx,Cot Licitacion ASDE,36,QUOTATION,"TUBO PVC DE 8''X19 , SDR-41 CORVI",30.0,12956.29,DOP,tubo|pvc|8|x19|sdr-41|corvi,COTIZACIONES_DORALEX_SRL_bb53.xlsx | COTIZACIONES_DORALEX_f72a.xlsx
AG-1065,BROCHA DE 2'' ATLAS,consu,Pinturas,Units,,,,False,False,False,SHARED,,,,5,140.2,141.2105,141.2105,NEW_PRODUCT,2,5,CREATE_SHARED_PRODUCT,,MAX,COTIZACIONES_DORALEX_SRL_bb53.xlsx,Cot Licitacion ASDE,37,QUOTATION,BROCHA DE 2'' ATLAS,20.0,141.2105,DOP,brocha|2|atlas,COTIZACIONES_DORALEX_SRL_bb53.xlsx | COTIZACIONES_DORALEX_f72a.xlsx
AG-1066,MOTA 6'' Anti-gota LANCO,consu,Ferretería,Units,,,,False,False,False,SHARED,,,,3,372.775,372.775,372.775,NEW_PRODUCT,2,3,CREATE_SHARED_PRODUCT,,MAX,COTIZACIONES_DORALEX_SRL_bb53.xlsx,Cot Licitacion ASDE,41,QUOTATION,MOTA 6'' ANTI-GOTA LANCO,40.0,372.775,DOP,mota|6|anti-gota|lanco,COTIZACIONES_DORALEX_SRL_bb53.xlsx | COTIZACIONES_DORALEX_f72a.xlsx
AG-1067,VARA PARA PINTAR BYP,consu,Ferretería,Units,,,,False,False,False,SHARED,,,,4,1425.0,1425.0,1425.0,NEW_PRODUCT,2,4,CREATE_SHARED_PRODUCT,,MAX,COTIZACIONES_DORALEX_SRL_bb53.xlsx,Cot Licitacion ASDE,43,QUOTATION,VARA PARA PINTAR BYP,5.0,1425.0,DOP,vara|para|pintar|byp,COTIZACIONES_DORALEX_SRL_bb53.xlsx | COTIZACIONES_DORALEX_f72a.xlsx
AG-1068,"NIVEL GRANDE KENDO MODELO 35256 DE 48""",consu,Ferretería,Units,,,"size=48""",False,False,False,SHARED,,,,3,1418.95,1418.95,1418.95,NEW_PRODUCT,2,3,CREATE_SHARED_PRODUCT,,MAX,COTIZACIONES_DORALEX_SRL_bb53.xlsx,Cot Licitacion ASDE,49,QUOTATION,"NIVEL GRANDE KENDO MODELO 35256 DE 48""",2.0,1418.95,DOP,"nivel|grande|kendo|modelo|35256|48""|48""",COTIZACIONES_DORALEX_SRL_bb53.xlsx | COTIZACIONES_DORALEX_f72a.xlsx
AG-1069,Pintura ALTO Transito (amarillo Trafico) Tropical/popular,consu,Pinturas,Gal,Tropical,,,False,False,False,SHARED,,,,3,3515.0,3515.0,3515.0,NEW_PRODUCT,2,3,CREATE_SHARED_PRODUCT,,MAX,COTIZACIONES_DORALEX_SRL_bb53.xlsx,Cot Licitacion ASDE,51,QUOTATION,PINTURA ALTO TRANSITO (AMARILLO TRAFICO) TROPICAL/POPULAR,150.0,3515.0,DOP,pintura|alto|transito|amarillo|trafico|tropical/popular,COTIZACIONES_DORALEX_SRL_bb53.xlsx | COTIZACIONES_DORALEX_f72a.xlsx
AG-1070,Thinner AAA-3000 GL Popular/tropical,consu,Pinturas,Gal,Tropical,AAA-3000,presentation=3000 gl model=AAA-3000,False,False,False,SHARED,,,,3,1110.0,1110.0,1110.0,NEW_PRODUCT,2,3,CREATE_SHARED_PRODUCT,,MAX,COTIZACIONES_DORALEX_SRL_bb53.xlsx,Cot Licitacion ASDE,53,QUOTATION,THINNER AAA-3000 GL POPULAR/TROPICAL,100.0,1110.0,DOP,thinner|aaa-3000|gal|popular/tropical|AAA-3000|3000 gl,COTIZACIONES_DORALEX_SRL_bb53.xlsx | COTIZACIONES_DORALEX_f72a.xlsx
AG-1071,Pintura Acrilica AZUL Positvo Tropical/popular,consu,Pinturas,Gal,Tropical,,,False,False,False,SHARED,,,,3,2386.5,2386.5,2386.5,NEW_PRODUCT,2,3,CREATE_SHARED_PRODUCT,,MAX,COTIZACIONES_DORALEX_SRL_bb53.xlsx,Cot Licitacion ASDE,54,QUOTATION,PINTURA ACRILICA AZUL POSITVO TROPICAL/POPULAR,60.0,2386.5,DOP,pintura|acrilica|azul|positvo|tropical/popular,COTIZACIONES_DORALEX_SRL_bb53.xlsx | COTIZACIONES_DORALEX_f72a.xlsx
AG-1072,Pintura Acrilica VERDE Positvo Tropical/popular,consu,Pinturas,Gal,Tropical,,,False,False,False,SHARED,,,,3,2386.5,2386.5,2386.5,NEW_PRODUCT,2,3,CREATE_SHARED_PRODUCT,,MAX,COTIZACIONES_DORALEX_SRL_bb53.xlsx,Cot Licitacion ASDE,55,QUOTATION,PINTURA ACRILICA VERDE POSITVO TROPICAL/POPULAR,60.0,2386.5,DOP,pintura|acrilica|verde|positvo|tropical/popular,COTIZACIONES_DORALEX_SRL_bb53.xlsx | COTIZACIONES_DORALEX_f72a.xlsx
AG-1073,Pintura Acrilica ROJO Positvo Tropical/popular,consu,Pinturas,Gal,Tropical,,,False,False,False,SHARED,,,,3,2386.5,2386.5,2386.5,NEW_PRODUCT,2,3,CREATE_SHARED_PRODUCT,,MAX,COTIZACIONES_DORALEX_SRL_bb53.xlsx,Cot Licitacion ASDE,56,QUOTATION,PINTURA ACRILICA ROJO POSITVO TROPICAL/POPULAR,60.0,2386.5,DOP,pintura|acrilica|rojo|positvo|tropical/popular,COTIZACIONES_DORALEX_SRL_bb53.xlsx | COTIZACIONES_DORALEX_f72a.xlsx
AG-1074,Pintura Acrilica Amarillo Positvo Tropical/popular,consu,Pinturas,Gal,Tropical,,,False,False,False,SHARED,,,,3,2386.5,2386.5,2386.5,NEW_PRODUCT,2,3,CREATE_SHARED_PRODUCT,,MAX,COTIZACIONES_DORALEX_SRL_bb53.xlsx,Cot Licitacion ASDE,57,QUOTATION,PINTURA ACRILICA AMARILLO POSITVO TROPICAL/POPULAR,60.0,2386.5,DOP,pintura|acrilica|amarillo|positvo|tropical/popular,COTIZACIONES_DORALEX_SRL_bb53.xlsx | COTIZACIONES_DORALEX_f72a.xlsx
AG-1075,Pintura Acrilica BLANCA 00 Tropical/popular,consu,Pinturas,Gal,Tropical,,,False,False,False,SHARED,,,,3,2386.5,2386.5,2386.5,NEW_PRODUCT,2,3,CREATE_SHARED_PRODUCT,,MAX,COTIZACIONES_DORALEX_SRL_bb53.xlsx,Cot Licitacion ASDE,58,QUOTATION,PINTURA ACRILICA BLANCA 00 TROPICAL/POPULAR,60.0,2386.5,DOP,pintura|acrilica|blanca|00|tropical/popular,COTIZACIONES_DORALEX_SRL_bb53.xlsx | COTIZACIONES_DORALEX_f72a.xlsx
AG-1076,Fotoceldas 1800VA Generico,consu,Ferretería,Units,Generico,,,False,False,False,SHARED,,,,3,1143.3,1143.3,1143.3,NEW_PRODUCT,2,3,CREATE_SHARED_PRODUCT,,MAX,COTIZACIONES_DORALEX_SRL_bb53.xlsx,Cot Licitacion ASDE,59,QUOTATION,FOTOCELDAS 1800VA GENERICO,300.0,1143.3,DOP,fotoceldas|1800va|generico,COTIZACIONES_DORALEX_SRL_bb53.xlsx | COTIZACIONES_DORALEX_f72a.xlsx
AG-1077,Generales,consu,Ferretería,Units,,,,False,False,False,SHARED,,,,1,,,,NEW_PRODUCT,1,1,MANUAL_REVIEW,MISSING_VALID_PRICE,NO_PRICE,,,,,,,,,generales,COTIZACIONES_DORALEX_SRL_bb53.xlsx
AG-1078,Reconstruccion De Piso 10x18,consu,Ferretería,Units,,,,False,False,False,SHARED,,,,1,,,,NEW_PRODUCT,1,1,MANUAL_REVIEW,MISSING_VALID_PRICE,NO_PRICE,,,,,,,,,reconstruccion|piso|10x18,COTIZACIONES_DORALEX_SRL_bb53.xlsx
AG-1079,Bote Material Inservible,consu,Ferretería,m³,,,,False,False,False,SHARED,,,,2,721.65,721.65,721.65,NEW_PRODUCT,1,1,CREATE_SHARED_PRODUCT,,MAX,COTIZACIONES_DORALEX_SRL_bb53.xlsx,Cotizacion 40,19,QUOTATION,Bote material inservible,19.44,721.65,DOP,bote|material|inservible,COTIZACIONES_DORALEX_SRL_bb53.xlsx
AG-1080,Colocacion Ceramica 0.40x0.40mm,consu,Ferretería,m²,,,,False,False,False,SHARED,,,,1,1200.0,1200.0,1200.0,NEW_PRODUCT,1,1,CREATE_SHARED_PRODUCT,,SINGLE,COTIZACIONES_DORALEX_SRL_bb53.xlsx,Cotizacion 40,20,QUOTATION,Colocacion ceramica 0.40x0.40mm,165.0,1200.0,DOP,colocacion|ceramica|0.40x0.40|mm,COTIZACIONES_DORALEX_SRL_bb53.xlsx
AG-1081,"Ipermeabilizante De Techo, A Base De Lona Asfatica 4 Kg Granular (3mm) De Espesor Y",consu,Ferretería,m²,,,presentation=4 kg,False,False,False,SHARED,,,,1,750.0,750.0,750.0,NEW_PRODUCT,1,1,CREATE_SHARED_PRODUCT,,SINGLE,COTIZACIONES_DORALEX_SRL_bb53.xlsx,Cotizacion 40,21,QUOTATION,"Ipermeabilizante de techo, a base de lona asfatica 4 kg granular (3mm)  de espesor y terminado , incluye ruedo e antepecho)",172.6,750.0,DOP,ipermeabilizante|techo|a|base|lona|asfatica|4|kg|4 kg,COTIZACIONES_DORALEX_SRL_bb53.xlsx
AG-1082,Resane De Grieta En Entrada,consu,Ferretería,m²,,,,False,False,False,SHARED,,,,1,378.9,378.9,378.9,NEW_PRODUCT,1,1,CREATE_SHARED_PRODUCT,,SINGLE,COTIZACIONES_DORALEX_SRL_bb53.xlsx,Cotizacion 40,23,QUOTATION,Resane de grieta en entrada,0.66,378.9,DOP,resane|grieta|entrada,COTIZACIONES_DORALEX_SRL_bb53.xlsx
AG-1083,Cambio Tapa De Cisterma 1x1 Concreto,consu,Ferretería,Units,,,,False,False,False,SHARED,,,,1,6200.0,6200.0,6200.0,NEW_PRODUCT,1,1,CREATE_SHARED_PRODUCT,,SINGLE,COTIZACIONES_DORALEX_SRL_bb53.xlsx,Cotizacion 40,24,QUOTATION,Cambio tapa de cisterma 1x1 concreto,1.0,6200.0,DOP,cambio|tapa|cisterma|1x1|concreto,COTIZACIONES_DORALEX_SRL_bb53.xlsx
AG-1084,Reconstruccion Caseta De Bomba,consu,Ferretería,Units,,,,False,False,False,SHARED,,,,1,,,,NEW_PRODUCT,1,1,MANUAL_REVIEW,MISSING_VALID_PRICE,NO_PRICE,,,,,,,,,reconstruccion|caseta|bomba,COTIZACIONES_DORALEX_SRL_bb53.xlsx
AG-1085,Construccion Muros,consu,Ferretería,m²,,,,False,False,False,SHARED,,,,1,1623.15,1623.15,1623.15,NEW_PRODUCT,1,1,CREATE_SHARED_PRODUCT,,SINGLE,COTIZACIONES_DORALEX_SRL_bb53.xlsx,Cotizacion 40,27,QUOTATION,Construccion muros,7.2,1623.15,DOP,construccion|muros,COTIZACIONES_DORALEX_SRL_bb53.xlsx
AG-1086,Pañete,consu,Ferretería,m²,,,,False,False,False,SHARED,,,,2,480.0,2895.0,2895.0,NEW_PRODUCT,2,2,CREATE_SHARED_PRODUCT,,MAX,COTIZACIONES__REMPART_GROUP_2_3578.xlsx,COT ASDE (57),19,QUOTATION,PAÑETE,110.0,2895.0,DOP,panete,COTIZACIONES_DORALEX_SRL_bb53.xlsx | COTIZACIONES__REMPART_GROUP_2_3578.xlsx
AG-1087,Destronque De Arbol,consu,Ferretería,Units,,,,False,False,False,SHARED,,,,1,10000.0,10000.0,10000.0,NEW_PRODUCT,1,1,CREATE_SHARED_PRODUCT,,SINGLE,COTIZACIONES_DORALEX_SRL_bb53.xlsx,Cotizacion 40,30,QUOTATION,Destronque de arbol,1.0,10000.0,DOP,destronque|arbol,COTIZACIONES_DORALEX_SRL_bb53.xlsx
AG-1088,Tratamiento De Comejen,consu,Ferretería,Units,,,,False,False,False,SHARED,,,,1,,,,NEW_PRODUCT,1,1,MANUAL_REVIEW,MISSING_VALID_PRICE,NO_PRICE,,,,,,,,,tratamiento|comejen,COTIZACIONES_DORALEX_SRL_bb53.xlsx
AG-1089,BAÑO,consu,Ferretería,Units,,,,False,False,False,SHARED,,,,1,,,,NEW_PRODUCT,1,1,MANUAL_REVIEW,MISSING_VALID_PRICE,NO_PRICE,,,,,,,,,bano,COTIZACIONES_DORALEX_SRL_bb53.xlsx
AG-1090,Sumunistro Y Colocacion De Inodoro,consu,Plomería,Units,,,,False,False,False,SHARED,,,,1,8750.0,8750.0,8750.0,NEW_PRODUCT,1,1,CREATE_SHARED_PRODUCT,,SINGLE,COTIZACIONES_DORALEX_SRL_bb53.xlsx,Cotizacion 40,34,QUOTATION,Sumunistro y colocacion de inodoro,8.0,8750.0,DOP,sumunistro|colocacion|inodoro,COTIZACIONES_DORALEX_SRL_bb53.xlsx
AG-1091,"Sumunistro Y Colocacion De Orinal ,incluye Fluxometro",consu,Ferretería,Units,,,,False,False,False,SHARED,,,,1,24915.0,24915.0,24915.0,NEW_PRODUCT,1,1,CREATE_SHARED_PRODUCT,,SINGLE,COTIZACIONES_DORALEX_SRL_bb53.xlsx,Cotizacion 40,35,QUOTATION,"Sumunistro y colocacion de orinal ,incluye fluxometro",3.0,24915.0,DOP,sumunistro|colocacion|orinal|incluye|fluxometro,COTIZACIONES_DORALEX_SRL_bb53.xlsx
AG-1092,Sumunistro Y Colocacion De Lavamano,consu,Ferretería,Units,,,,False,False,False,SHARED,,,,1,8000.0,8000.0,8000.0,NEW_PRODUCT,1,1,CREATE_SHARED_PRODUCT,,SINGLE,COTIZACIONES_DORALEX_SRL_bb53.xlsx,Cotizacion 40,36,QUOTATION,Sumunistro y colocacion de lavamano,2.0,8000.0,DOP,sumunistro|colocacion|lavamano,COTIZACIONES_DORALEX_SRL_bb53.xlsx
AG-1093,Sumunistro Y Colocacion De Kit De Inodoro,consu,Plomería,Units,,,,False,False,False,SHARED,,,,1,640.0,640.0,640.0,NEW_PRODUCT,1,1,CREATE_SHARED_PRODUCT,,SINGLE,COTIZACIONES_DORALEX_SRL_bb53.xlsx,Cotizacion 40,37,QUOTATION,Sumunistro y colocacion de kit de inodoro,1.0,640.0,DOP,sumunistro|colocacion|kit|inodoro,COTIZACIONES_DORALEX_SRL_bb53.xlsx
AG-1094,Sumunistro Y Colocacion De Llavines De Puño,consu,Ferretería,Units,,,,False,False,False,SHARED,,,,1,700.0,700.0,700.0,NEW_PRODUCT,1,1,CREATE_SHARED_PRODUCT,,SINGLE,COTIZACIONES_DORALEX_SRL_bb53.xlsx,Cotizacion 40,38,QUOTATION,Sumunistro y colocacion de llavines de puño,10.0,700.0,DOP,sumunistro|colocacion|llavines|puno,COTIZACIONES_DORALEX_SRL_bb53.xlsx
AG-1095,Reconstruccion Ceramica De Pared,consu,Ferretería,m²,,,,False,False,False,SHARED,,,,1,,,,NEW_PRODUCT,1,1,MANUAL_REVIEW,MISSING_VALID_PRICE,NO_PRICE,,,,,,,,,reconstruccion|ceramica|pared,COTIZACIONES_DORALEX_SRL_bb53.xlsx
AG-1096,Suministro Y Colocacion Ceramica En Baño,consu,Ferretería,m²,,,,False,False,False,SHARED,,,,1,1340.0,1340.0,1340.0,NEW_PRODUCT,1,1,CREATE_SHARED_PRODUCT,,SINGLE,COTIZACIONES_DORALEX_SRL_bb53.xlsx,Cotizacion 40,42,QUOTATION,Suministro y colocacion ceramica en baño,3.0,1340.0,DOP,suministro|colocacion|ceramica|bano,COTIZACIONES_DORALEX_SRL_bb53.xlsx
AG-1097,Suministro Y Colocacion Rejilla De Piso,consu,Ferretería,Units,,,,False,False,False,SHARED,,,,1,285.0,285.0,285.0,NEW_PRODUCT,1,1,CREATE_SHARED_PRODUCT,,SINGLE,COTIZACIONES_DORALEX_SRL_bb53.xlsx,Cotizacion 40,43,QUOTATION,Suministro y colocacion Rejilla de piso,4.0,285.0,DOP,suministro|colocacion|rejilla|piso,COTIZACIONES_DORALEX_SRL_bb53.xlsx
AG-1098,COCINA,consu,Ferretería,Units,,,,False,False,False,SHARED,,,,1,,,,NEW_PRODUCT,1,1,MANUAL_REVIEW,MISSING_VALID_PRICE,NO_PRICE,,,,,,,,,cocina,COTIZACIONES_DORALEX_SRL_bb53.xlsx
AG-1099,Sumimistro Y Colocacion De Tope En Ceramica 0.60x2.00,consu,Ferretería,m²,,,,False,False,False,SHARED,,,,1,7400.0,7400.0,7400.0,NEW_PRODUCT,1,1,CREATE_SHARED_PRODUCT,,SINGLE,COTIZACIONES_DORALEX_SRL_bb53.xlsx,Cotizacion 40,50,QUOTATION,Sumimistro y colocacion de tope en ceramica 0.60x2.00,1.2,7400.0,DOP,sumimistro|colocacion|tope|ceramica|0.60x2.00,COTIZACIONES_DORALEX_SRL_bb53.xlsx
AG-1100,Colocacion De Gabinete Bajo Meseta 0.75x2.00,consu,Ferretería,Units,,,,False,False,False,SHARED,,,,1,850.0,850.0,850.0,NEW_PRODUCT,1,1,CREATE_SHARED_PRODUCT,,SINGLE,COTIZACIONES_DORALEX_SRL_bb53.xlsx,Cotizacion 40,51,QUOTATION,Colocacion de gabinete bajo meseta 0.75x2.00,16.14,850.0,DOP,colocacion|gabinete|bajo|meseta|0.75x2.00,COTIZACIONES_DORALEX_SRL_bb53.xlsx
AG-1101,Pinturas Acrilicas General (dos Mano),consu,Pinturas,m²,,,,False,False,False,SHARED,,,,1,198.9,198.9,198.9,NEW_PRODUCT,1,1,CREATE_SHARED_PRODUCT,,SINGLE,COTIZACIONES_DORALEX_SRL_bb53.xlsx,Cotizacion 40,54,QUOTATION,Pinturas acrilicas general (dos mano),272.51,198.9,DOP,pinturas|acrilicas|general|dos|mano,COTIZACIONES_DORALEX_SRL_bb53.xlsx
AG-1102,Miscelaneos,consu,Ferretería,Units,,,,False,False,False,SHARED,,,,1,,,,NEW_PRODUCT,1,1,MANUAL_REVIEW,MISSING_VALID_PRICE,NO_PRICE,,,,,,,,,miscelaneos,COTIZACIONES_DORALEX_SRL_bb53.xlsx
AG-1103,Limpieza Final,consu,Ferretería,Units,,,,False,False,False,SHARED,,,,1,8000.0,8000.0,8000.0,NEW_PRODUCT,1,1,CREATE_SHARED_PRODUCT,,SINGLE,COTIZACIONES_DORALEX_SRL_bb53.xlsx,Cotizacion 40,58,QUOTATION,Limpieza final,1.0,8000.0,DOP,limpieza|final,COTIZACIONES_DORALEX_SRL_bb53.xlsx
AG-1104,Sub-total,consu,Ferretería,Units,,,,False,False,False,SHARED,,,,1,770414.9366,770414.9366,770414.9366,NEW_PRODUCT,1,1,CREATE_SHARED_PRODUCT,,SINGLE,COTIZACIONES_DORALEX_SRL_bb53.xlsx,Cotizacion 40,61,QUOTATION,SUB-TOTAL,,770414.9366,DOP,sub-total,COTIZACIONES_DORALEX_SRL_bb53.xlsx
AG-1105,Seguros Y Fianzas,consu,Ferretería,Units,,,,False,False,False,SHARED,,,,1,,,,NEW_PRODUCT,1,1,MANUAL_REVIEW,MISSING_VALID_PRICE,NO_PRICE,,,,,,,,,seguros|fianzas,COTIZACIONES_DORALEX_SRL_bb53.xlsx
AG-1106,Beneficios,consu,Ferretería,Units,,,,False,False,False,SHARED,,,,1,,,,NEW_PRODUCT,1,1,MANUAL_REVIEW,MISSING_VALID_PRICE,NO_PRICE,,,,,,,,,beneficios,COTIZACIONES_DORALEX_SRL_bb53.xlsx
AG-1107,Itbis (direccion Tecnica O Beneficio),consu,Ferretería,Units,,,,False,False,False,SHARED,,,,1,,,,NEW_PRODUCT,1,1,MANUAL_REVIEW,MISSING_VALID_PRICE,NO_PRICE,,,,,,,,,itbis|direccion|tecnica|o|beneficio,COTIZACIONES_DORALEX_SRL_bb53.xlsx
AG-1108,Pintura Acrilica AZUL Positvo Popular/tropical,consu,Pinturas,Units,Tropical,,,False,False,False,SHARED,,,,2,11932.5,11932.5,11932.5,NEW_PRODUCT,1,2,CREATE_SHARED_PRODUCT,,MAX,COTIZACIONES_DORALEX_SRL_bb53.xlsx,Cotizacion (40),16,QUOTATION,PINTURA ACRILICA AZUL POSITVO POPULAR/TROPICAL,41.0,11932.5,DOP,pintura|acrilica|azul|positvo|popular/tropical,COTIZACIONES_DORALEX_SRL_bb53.xlsx
AG-1109,Pintura Amarillo Trafico Popular/tropical,consu,Pinturas,Units,Tropical,,,False,False,False,SHARED,,,,1,18455.0,18455.0,18455.0,NEW_PRODUCT,1,1,CREATE_SHARED_PRODUCT,,SINGLE,COTIZACIONES_DORALEX_SRL_bb53.xlsx,Cotizacion (41),15,QUOTATION,PINTURA AMARILLO TRAFICO  POPULAR/TROPICAL,25.0,18455.0,DOP,pintura|amarillo|trafico|popular/tropical,COTIZACIONES_DORALEX_SRL_bb53.xlsx
AG-1110,Pintura BLANCO Trafico Popular/tropical,consu,Pinturas,Units,Tropical,,,False,False,False,SHARED,,,,1,20002.0,20002.0,20002.0,NEW_PRODUCT,1,1,CREATE_SHARED_PRODUCT,,SINGLE,COTIZACIONES_DORALEX_SRL_bb53.xlsx,Cotizacion (41),16,QUOTATION,PINTURA BLANCO TRAFICO  POPULAR/TROPICAL,10.0,20002.0,DOP,pintura|blanco|trafico|popular/tropical,COTIZACIONES_DORALEX_SRL_bb53.xlsx
AG-1111,Pintura AZUL Positvo Popular/tropical,consu,Pinturas,Units,Tropical,,,False,False,False,SHARED,,,,1,2505.83,2505.83,2505.83,NEW_PRODUCT,1,1,CREATE_SHARED_PRODUCT,,SINGLE,COTIZACIONES_DORALEX_SRL_bb53.xlsx,Cotizacion (41),17,QUOTATION,PINTURA AZUL POSITVO  POPULAR/TROPICAL,5.0,2505.83,DOP,pintura|azul|positvo|popular/tropical,COTIZACIONES_DORALEX_SRL_bb53.xlsx
AG-1112,Pintura GRIS Industrial Popular/tropical,consu,Pinturas,Units,Tropical,,,False,False,False,SHARED,,,,1,1505.83,1505.83,1505.83,NEW_PRODUCT,1,1,CREATE_SHARED_PRODUCT,,SINGLE,COTIZACIONES_DORALEX_SRL_bb53.xlsx,Cotizacion (41),18,QUOTATION,PINTURA GRIS INDUSTRIAL  POPULAR/TROPICAL,6.0,1505.83,DOP,pintura|gris|industrial|popular/tropical,COTIZACIONES_DORALEX_SRL_bb53.xlsx
AG-1113,GL DE Thinner TH-90,consu,Pinturas,Units,,,,False,False,False,SHARED,,,,1,630.0,630.0,630.0,NEW_PRODUCT,1,1,CREATE_SHARED_PRODUCT,,SINGLE,COTIZACIONES_DORALEX_SRL_bb53.xlsx,Cotizacion (41),19,QUOTATION,GL DE THINNER TH-90,36.0,630.0,DOP,gal|thinner|th-90,COTIZACIONES_DORALEX_SRL_bb53.xlsx
AG-1114,MOTAS DE ROLO 9'',consu,Ferretería,Units,,,,False,False,False,SHARED,,,,1,175.0,175.0,175.0,NEW_PRODUCT,1,1,CREATE_SHARED_PRODUCT,,SINGLE,COTIZACIONES_DORALEX_SRL_bb53.xlsx,Cotizacion (41),20,QUOTATION,MOTAS DE ROLO 9'',15.0,175.0,DOP,motas|rolo|9,COTIZACIONES_DORALEX_SRL_bb53.xlsx
AG-1115,MOTA ROLO 4,consu,Ferretería,Units,,,,False,False,False,SHARED,,,,1,220.0,220.0,220.0,NEW_PRODUCT,1,1,CREATE_SHARED_PRODUCT,,SINGLE,COTIZACIONES_DORALEX_SRL_bb53.xlsx,Cotizacion (41),24,QUOTATION,MOTA ROLO 4,12.0,220.0,DOP,mota|rolo|4,COTIZACIONES_DORALEX_SRL_bb53.xlsx
AG-1116,VARA PARA Extension,consu,Ferretería,Units,,,,False,False,False,SHARED,,,,3,1732.0,1898.0,1898.0,NEW_PRODUCT,2,3,CREATE_SHARED_PRODUCT,,MAX,COTIZACIONES__REMPART_GROUP_2_3578.xlsx,COT ASDE (3),26,QUOTATION,VARA PARA EXTENSION,10.0,1898.0,DOP,vara|para|extension,COTIZACIONES_DORALEX_SRL_bb53.xlsx | COTIZACIONES__REMPART_GROUP_2_3578.xlsx
AG-1117,"Motosierra 18"" 45.7CC 2.82HP Husqvarna",consu,Herramientas,Units,HP,,"size=18""",False,False,False,SHARED,,,,1,74545.8144,74545.8144,74545.8144,NEW_PRODUCT,1,1,CREATE_SHARED_PRODUCT,,SINGLE,COTIZACIONES_DORALEX_SRL_bb53.xlsx,Cotizacion (43),15,QUOTATION,"MOTOSIERRA 18""  45.7CC 2.82HP HUSQVARNA",10.0,74545.8144,DOP,"motosierra|18""|45.7cc|2.82hp|husqvarna|18""",COTIZACIONES_DORALEX_SRL_bb53.xlsx
AG-1118,"Motosierra 20"" 59.8CC 4.3HP Husqvarna",consu,Herramientas,Units,HP,,"size=20""",False,False,False,SHARED,,,,1,113562.509,113562.509,113562.509,NEW_PRODUCT,1,1,CREATE_SHARED_PRODUCT,,SINGLE,COTIZACIONES_DORALEX_SRL_bb53.xlsx,Cotizacion (43),16,QUOTATION,"MOTOSIERRA  20""  59.8CC 4.3HP HUSQVARNA",10.0,113562.509,DOP,"motosierra|20""|59.8cc|4.3hp|husqvarna|20""",COTIZACIONES_DORALEX_SRL_bb53.xlsx
AG-1119,"Motosierra 24"" 94CC 6.6HP S/cadena Husqvarna",consu,Herramientas,Units,HP,,"size=24""",False,False,False,SHARED,,,,1,217011.47,217011.47,217011.47,NEW_PRODUCT,1,1,CREATE_SHARED_PRODUCT,,SINGLE,COTIZACIONES_DORALEX_SRL_bb53.xlsx,Cotizacion (43),17,QUOTATION,"MOTOSIERRA  24""  94CC 6.6HP S/CADENA HUSQVARNA",5.0,217011.47,DOP,"motosierra|24""|94cc|6.6hp|s/cadena|husqvarna|24""",COTIZACIONES_DORALEX_SRL_bb53.xlsx
AG-1120,"LENNOX Inverte 12,000 BTU SEER 18",consu,Ferretería,Units,,,,False,False,False,SHARED,,,,1,52000.0,52000.0,52000.0,NEW_PRODUCT,1,1,CREATE_SHARED_PRODUCT,,SINGLE,COTIZACIONES_DORALEX_SRL_bb53.xlsx,Cotizacion (44),15,QUOTATION,"LENNOX INVERTE 12,000 BTU SEER 18",2.0,52000.0,DOP,lennox|inverte|12|000|btu|seer|18,COTIZACIONES_DORALEX_SRL_bb53.xlsx
AG-1121,CORR. TRAD. LBCO C/ VID. LISO 3/16 CLARO - 90 1/2 X 43 3/8 Pulgds,consu,Ferretería,Units,LG,,"size=8"" caliber=3/16",False,False,False,SHARED,,,,1,22690.0,22690.0,22690.0,NEW_PRODUCT,1,1,CREATE_SHARED_PRODUCT,,SINGLE,COTIZACIONES_DORALEX_SRL_bb53.xlsx,Cotizacion (44),17,QUOTATION,CORR. TRAD. LBCO C/ VID. LISO 3/16 CLARO - 90 1/2 X 43 3/8 Pulgds,2.0,22690.0,DOP,"corr.|trad.|lbco|c/|vid.|liso|3/16|claro|3/16|8""",COTIZACIONES_DORALEX_SRL_bb53.xlsx
AG-1122,PUERTA Comercial TRAD. LBCO C/ VID. LISO 1/4 CLARO 100 0/0 X 191 0/0 Pulgds,consu,Ferretería,Units,LG,,"size=0"" caliber=1/4",False,False,False,SHARED,,,,1,27459.0,27459.0,27459.0,NEW_PRODUCT,1,1,CREATE_SHARED_PRODUCT,,SINGLE,COTIZACIONES_DORALEX_SRL_bb53.xlsx,Cotizacion (44),18,QUOTATION,PUERTA COMERCIAL TRAD. LBCO C/ VID. LISO 1/4 CLARO 100 0/0 X 191 0/0 Pulgds,2.0,27459.0,DOP,"puerta|comercial|trad.|lbco|c/|vid.|liso|1/4|1/4|0""",COTIZACIONES_DORALEX_SRL_bb53.xlsx
AG-1123,MUEBLE BAÑO MDF BLANCO + LAV,consu,Ferretería,Units,,,,False,False,False,SHARED,,,,1,22055.0,22055.0,22055.0,NEW_PRODUCT,1,1,CREATE_SHARED_PRODUCT,,SINGLE,COTIZACIONES_DORALEX_SRL_bb53.xlsx,Cotizacion (44),19,QUOTATION,MUEBLE BAÑO MDF BLANCO  + LAV,4.0,22055.0,DOP,mueble|bano|mdf|blanco|lav,COTIZACIONES_DORALEX_SRL_bb53.xlsx
AG-1124,Inodoro TREBOL SAVONA BLANCO,consu,Plomería,Units,,,,False,False,False,SHARED,,,,1,13532.2,13532.2,13532.2,NEW_PRODUCT,1,1,CREATE_SHARED_PRODUCT,,SINGLE,COTIZACIONES_DORALEX_SRL_bb53.xlsx,Cotizacion (44),20,QUOTATION,INODORO TREBOL SAVONA BLANCO,4.0,13532.2,DOP,inodoro|trebol|savona|blanco,COTIZACIONES_DORALEX_SRL_bb53.xlsx
AG-1125,Monomando LAVAM SML,consu,Ferretería,Units,,,,False,False,False,SHARED,,,,1,1560.0,1560.0,1560.0,NEW_PRODUCT,1,1,CREATE_SHARED_PRODUCT,,SINGLE,COTIZACIONES_DORALEX_SRL_bb53.xlsx,Cotizacion (44),21,QUOTATION,MONOMANDO LAVAM SML,4.0,1560.0,DOP,monomando|lavam|sml,COTIZACIONES_DORALEX_SRL_bb53.xlsx
AG-1126,TUBO DE Presion DE 12,consu,Plomería,Units,,,,False,False,False,SHARED,,,,3,45560.0,49780.0,49780.0,NEW_PRODUCT,2,3,CREATE_SHARED_PRODUCT,,MAX,COTIZACIONES__REMPART_GROUP_2_3578.xlsx,COT ASDE (6),37,QUOTATION,TUBO DE PRESION DE 12,3.0,49780.0,DOP,tubo|presion|12,COTIZACIONES_DORALEX_SRL_bb53.xlsx | COTIZACIONES__REMPART_GROUP_2_3578.xlsx
AG-1127,TEE DE 12,consu,Plomería,Units,,,,False,False,False,SHARED,,,,3,40460.0,43862.0,43862.0,NEW_PRODUCT,2,3,CREATE_SHARED_PRODUCT,,MAX,COTIZACIONES__REMPART_GROUP_2_3578.xlsx,COT ASDE (6),30,QUOTATION,TEE DE 12,3.0,43862.0,DOP,tee|12,COTIZACIONES_DORALEX_SRL_bb53.xlsx | COTIZACIONES__REMPART_GROUP_2_3578.xlsx
AG-1128,CODO DE 12,consu,Plomería,Units,,,,False,False,False,SHARED,,,,3,23800.0,25800.0,25800.0,NEW_PRODUCT,2,3,CREATE_SHARED_PRODUCT,,MAX,COTIZACIONES__REMPART_GROUP_2_3578.xlsx,COT ASDE (6),19,QUOTATION,CODO DE 12,1.0,25800.0,DOP,codo|12,COTIZACIONES_DORALEX_SRL_bb53.xlsx | COTIZACIONES__REMPART_GROUP_2_3578.xlsx
AG-1129,PERFIL 2X2 H.GALV.1.6,consu,Ferretería,Units,,,,False,False,False,SHARED,,,,3,1780.0,1825.0,1825.0,NEW_PRODUCT,2,3,CREATE_SHARED_PRODUCT,,MAX,COTIZACIONES__REMPART_GROUP_2_3578.xlsx,COT ASDE (6),23,QUOTATION,PERFIL 2X2 H.GALV.1.6,17.0,1825.0,DOP,perfil|2x2|h.galv.1.6,COTIZACIONES_DORALEX_SRL_bb53.xlsx | COTIZACIONES__REMPART_GROUP_2_3578.xlsx
AG-1130,PERFIL 2X1 H.GALV.1.6,consu,Ferretería,Units,,,,False,False,False,SHARED,,,,3,1368.98,1436.98,1436.98,NEW_PRODUCT,2,3,CREATE_SHARED_PRODUCT,,MAX,COTIZACIONES__REMPART_GROUP_2_3578.xlsx,COT ASDE (6),22,QUOTATION,PERFIL 2X1 H.GALV.1.6,7.0,1436.98,DOP,perfil|2x1|h.galv.1.6,COTIZACIONES_DORALEX_SRL_bb53.xlsx | COTIZACIONES__REMPART_GROUP_2_3578.xlsx
AG-1131,PERFIL 4X4 H.GALV.1.6,consu,Ferretería,Units,,,,False,False,False,SHARED,,,,4,5079.192,5267.192,5267.192,NEW_PRODUCT,2,4,CREATE_SHARED_PRODUCT,,MAX,COTIZACIONES__REMPART_GROUP_2_3578.xlsx,COT ASDE (6),24,QUOTATION,PERFIL 4X4 H.GALV.1.6,2.0,5267.192,DOP,perfil|4x4|h.galv.1.6,COTIZACIONES_DORALEX_SRL_bb53.xlsx | COTIZACIONES__REMPART_GROUP_2_3578.xlsx
AG-1132,Planchas DE ALUZIN DE 16,consu,Ferretería,Units,,,,False,False,False,SHARED,,,,2,3904.9,4034.6,4034.6,NEW_PRODUCT,2,2,CREATE_SHARED_PRODUCT,,MAX,COTIZACIONES__REMPART_GROUP_2_3578.xlsx,COT ASDE (6),26,QUOTATION,PLANCHAS DE ALUZIN DE 16,10.0,4034.6,DOP,planchas|aluzin|16,COTIZACIONES_DORALEX_SRL_bb53.xlsx | COTIZACIONES__REMPART_GROUP_2_3578.xlsx
AG-1133,Planchas DE ALUZIN DE 20,consu,Ferretería,Units,,,,False,False,False,SHARED,,,,2,4880.0,5390.0,5390.0,NEW_PRODUCT,2,2,CREATE_SHARED_PRODUCT,,MAX,COTIZACIONES__REMPART_GROUP_2_3578.xlsx,COT ASDE (6),27,QUOTATION,PLANCHAS DE ALUZIN DE 20,75.0,5390.0,DOP,planchas|aluzin|20,COTIZACIONES_DORALEX_SRL_bb53.xlsx | COTIZACIONES__REMPART_GROUP_2_3578.xlsx
AG-1134,Planchas DE ALUZIN DE 25,consu,Ferretería,Units,,,,False,False,False,SHARED,,,,2,5200.0,5800.0,5800.0,NEW_PRODUCT,2,2,CREATE_SHARED_PRODUCT,,MAX,COTIZACIONES__REMPART_GROUP_2_3578.xlsx,COT ASDE (6),28,QUOTATION,PLANCHAS DE ALUZIN DE 25,25.0,5800.0,DOP,planchas|aluzin|25,COTIZACIONES_DORALEX_SRL_bb53.xlsx | COTIZACIONES__REMPART_GROUP_2_3578.xlsx
AG-1135,TUBO DE 2 P/malla,consu,Plomería,Units,,,,False,False,False,SHARED,,,,5,1958.0,1958.6,1958.6,NEW_PRODUCT,2,5,CREATE_SHARED_PRODUCT,,MAX,COTIZACIONES_DORALEX_SRL_bb53.xlsx,Cotizacion (48),28,QUOTATION,TUBO DE 2 P/MALLA,25.0,1958.6,DOP,tubo|2|p/malla,COTIZACIONES_DORALEX_SRL_bb53.xlsx | COTIZACIONES__REMPART_GROUP_2_3578.xlsx
AG-1136,TUBO DE 1-1/2 *15 P/malla,consu,Plomería,Units,,,caliber=1/2,False,False,False,SHARED,,,,2,840.0,840.0,840.0,NEW_PRODUCT,1,2,CREATE_SHARED_PRODUCT,,MAX,COTIZACIONES_DORALEX_SRL_bb53.xlsx,Cotizacion (48),29,QUOTATION,TUBO DE 1-1/2 *15 P/MALLA,25.0,840.0,DOP,tubo|1-1/2|15|p/malla|1/2,COTIZACIONES_DORALEX_SRL_bb53.xlsx
AG-1137,TUBO 1/2 H.galvanizado,consu,Plomería,Units,,,caliber=1/2,False,False,False,SHARED,,,,3,1148.0,1578.0,1578.0,NEW_PRODUCT,2,3,CREATE_SHARED_PRODUCT,,MAX,COTIZACIONES__REMPART_GROUP_2_3578.xlsx,COT ASDE (6),34,QUOTATION,TUBO 1/2 H.GALVANIZADO,10.0,1578.0,DOP,tubo|1/2|h.galvanizado|1/2,COTIZACIONES_DORALEX_SRL_bb53.xlsx | COTIZACIONES__REMPART_GROUP_2_3578.xlsx
AG-1138,Soldadura 3/32 LIBRA,consu,Ferretería,Units,,,caliber=3/32,False,False,False,SHARED,,,,3,8500.0,9200.0,9200.0,NEW_PRODUCT,2,3,CREATE_SHARED_PRODUCT,,MAX,COTIZACIONES__REMPART_GROUP_2_3578.xlsx,COT ASDE (6),29,QUOTATION,SOLDADURA 3/32 LIBRA,5.0,9200.0,DOP,soldadura|3/32|libra|3/32,COTIZACIONES_DORALEX_SRL_bb53.xlsx | COTIZACIONES__REMPART_GROUP_2_3578.xlsx
AG-1139,Pintura OXIDO GRIS Tropical GALON,consu,Pinturas,Gal,Tropical,,,False,False,False,SHARED,,,,3,1580.0,1760.0,1760.0,NEW_PRODUCT,2,3,CREATE_SHARED_PRODUCT,,MAX,COTIZACIONES__REMPART_GROUP_2_3578.xlsx,COT ASDE (6),25,QUOTATION,PINTURA OXIDO GRIS TROPICAL GALON,2.0,1760.0,DOP,pintura|oxido|gris|tropical|galon,COTIZACIONES_DORALEX_SRL_bb53.xlsx | COTIZACIONES__REMPART_GROUP_2_3578.xlsx
AG-1140,VIGA 6X4X30 FINA,consu,Ferretería,Units,,,,False,False,False,SHARED,,,,3,16728.2,19938.5,19938.5,NEW_PRODUCT,2,3,CREATE_SHARED_PRODUCT,,MAX,COTIZACIONES__REMPART_GROUP_2_3578.xlsx,COT ASDE (6),38,QUOTATION,VIGA 6X4X30 FINA,3.0,19938.5,DOP,viga|6x4x30|fina,COTIZACIONES_DORALEX_SRL_bb53.xlsx | COTIZACIONES__REMPART_GROUP_2_3578.xlsx
AG-1141,CAÑOS DE 10X16,consu,Ferretería,Units,Cano,,,False,False,False,SHARED,,,,3,1123.36,1623.36,1623.36,NEW_PRODUCT,2,3,CREATE_SHARED_PRODUCT,,MAX,COTIZACIONES__REMPART_GROUP_2_3578.xlsx,COT ASDE (6),18,QUOTATION,CAÑOS DE 10X16,6.0,1623.36,DOP,canos|10x16,COTIZACIONES_DORALEX_SRL_bb53.xlsx | COTIZACIONES__REMPART_GROUP_2_3578.xlsx
AG-1142,Caballetes DE Aluzinc DE 10 PIES,consu,Ferretería,ft,,,capacity=10 pies,False,False,False,SHARED,,,,3,1500.0,1750.0,1750.0,NEW_PRODUCT,2,3,CREATE_SHARED_PRODUCT,,MAX,COTIZACIONES__REMPART_GROUP_2_3578.xlsx,COT ASDE (6),17,QUOTATION,CABALLETES DE ALUZINC DE 10 PIES,10.0,1750.0,DOP,caballetes|aluzinc|10|pies|10 pies,COTIZACIONES_DORALEX_SRL_bb53.xlsx | COTIZACIONES__REMPART_GROUP_2_3578.xlsx
AG-1143,Tornillo P/aluzinc 14X1 1000/1,consu,Ferretería,Units,,,caliber=1000/1,False,False,False,SHARED,,,,2,6520.0,6520.0,6520.0,NEW_PRODUCT,1,2,CREATE_SHARED_PRODUCT,,MAX,COTIZACIONES_DORALEX_SRL_bb53.xlsx,Cotizacion (48),39,QUOTATION,TORNILLO P/ALUZINC 14X1 1000/1,1.0,6520.0,DOP,tornillo|p/aluzinc|14x1|1000/1|1000/1,COTIZACIONES_DORALEX_SRL_bb53.xlsx
AG-1144,"Arquiler DE 100 BAÑOS Portatiles STD PARA Eventos , Incluye: Inodoro ,urinal ,PORTA",consu,Oficina,Units,,,,False,False,False,SHARED,,,,1,525000.0,525000.0,525000.0,NEW_PRODUCT,1,1,CREATE_SHARED_PRODUCT,,SINGLE,COTIZACIONES_DORALEX_SRL_bb53.xlsx,Cotizacion (45),15,QUOTATION,"ARQUILER DE 100 BAÑOS PORTATILES STD PARA EVENTOS , INCLUYE: INODORO ,URINAL ,PORTA PAPEL,PORTACANDADO, INDICADOR DE OCUPADO,VENTANILLAS DE VENTILACION, RESPIRADERO,PAPELES DE BAÑO , QUIMICO DESINFECTANTE",2.0,525000.0,DOP,arquiler|100|banos|portatiles|std|para|eventos|incluye,COTIZACIONES_DORALEX_SRL_bb53.xlsx
AG-1145,NOTA: SERAN Utilizados EN EL Festival PALAU 14 Y 15 DE MARZO 2025,consu,Ferretería,Units,,,,False,False,False,SHARED,,,,1,,,,NEW_PRODUCT,1,1,MANUAL_REVIEW,MISSING_VALID_PRICE,NO_PRICE,,,,,,,,,nota|seran|utilizados|festival|palau|14|15|marzo,COTIZACIONES_DORALEX_SRL_bb53.xlsx
AG-1146,SACO NUEVO DE 45X74 CM,consu,Ferretería,Units,,,,False,False,False,SHARED,,,,2,30.0,30.0,30.0,NEW_PRODUCT,2,2,CREATE_SHARED_PRODUCT,,MAX,COTIZACIONES_DORALEX_SRL_bb53.xlsx,Cotizacion (49),16,QUOTATION,SACO NUEVO DE 45X74 CM,5000.0,30.0,DOP,saco|nuevo|45x74|cm,COTIZACIONES_DORALEX_SRL_bb53.xlsx | COTIZACIONES__REMPART_GROUP_2_3578.xlsx
AG-1147,Impresiónes Serigrafiadas A UN COLOR,consu,Ferretería,Units,,,,False,False,False,SHARED,,,,2,37.0,37.0,37.0,NEW_PRODUCT,2,2,CREATE_SHARED_PRODUCT,,MAX,COTIZACIONES_DORALEX_SRL_bb53.xlsx,Cotizacion (49),17,QUOTATION,IMPRESIÓNES SERIGRAFIADAS A UN COLOR,5000.0,37.0,DOP,impresiones|serigrafiadas|a|un|color,COTIZACIONES_DORALEX_SRL_bb53.xlsx | COTIZACIONES__REMPART_GROUP_2_3578.xlsx
AG-1148,*LOS QUE SE Retiraron DE UNA Cotizacion Y ESTAN EN ESPERA DE OTRO Requerimiento*,consu,Ferretería,Units,,,,False,False,False,SHARED,,,,1,,,,NEW_PRODUCT,1,1,MANUAL_REVIEW,MISSING_VALID_PRICE,NO_PRICE,,,,,,,,,que|se|retiraron|una|cotizacion|estan|espera|otro,COTIZACIONES_DORALEX_SRL_bb53.xlsx
AG-1149,Alambre 12,consu,Ferretería,ft,,,,False,False,False,SHARED,,,,3,34.0,34.0,34.0,NEW_PRODUCT,2,3,CREATE_SHARED_PRODUCT,,SINGLE,COTIZACIONES__REMPART_GROUP_2_3578.xlsx,ELECTRICOS,17,QUOTATION,ALAMBRE # 12,100.0,34.0,DOP,alambre|12,COTIZACIONES_DORALEX_SRL_bb53.xlsx | COTIZACIONES__REMPART_GROUP_2_3578.xlsx
AG-1150,Alambre 14 DUPLEX,consu,Ferretería,ft,,,,False,False,False,SHARED,,,,1,,,,NEW_PRODUCT,1,1,MANUAL_REVIEW,MISSING_VALID_PRICE,NO_PRICE,,,,,,,,,alambre|14|duplex,COTIZACIONES_DORALEX_SRL_bb53.xlsx
AG-1151,Alambre VINIL 12-3 GRIS,consu,Ferretería,ft,,,,False,False,False,SHARED,,,,1,,,,NEW_PRODUCT,1,1,MANUAL_REVIEW,MISSING_VALID_PRICE,NO_PRICE,,,,,,,,,alambre|vinil|12-3|gris,COTIZACIONES_DORALEX_SRL_bb53.xlsx
AG-1152,Alambre VINILO 12-2,consu,Ferretería,ft,,,,False,False,False,SHARED,,,,1,,,,NEW_PRODUCT,1,1,MANUAL_REVIEW,MISSING_VALID_PRICE,NO_PRICE,,,,,,,,,alambre|vinilo|12-2,COTIZACIONES_DORALEX_SRL_bb53.xlsx
AG-1153,Alambres NEGROS 3 HILOS DE GOMA,consu,Ferretería,ft,,,,False,False,False,SHARED,,,,2,,,,NEW_PRODUCT,1,2,MANUAL_REVIEW,MISSING_VALID_PRICE,NO_PRICE,,,,,,,,,alambres|negros|3|hilos|goma,COTIZACIONES_DORALEX_SRL_bb53.xlsx
AG-1154,Aislantes Electricos (TAPE 3M),consu,Ferretería,Units,,,,False,False,False,SHARED,,,,1,,,,NEW_PRODUCT,1,1,MANUAL_REVIEW,MISSING_VALID_PRICE,NO_PRICE,,,,,,,,,aislantes|electricos|tape|3m,COTIZACIONES_DORALEX_SRL_bb53.xlsx
AG-1155,Alicate DE Lagarto,consu,Herramientas,Units,,,,False,False,False,SHARED,,,,1,,,,NEW_PRODUCT,1,1,MANUAL_REVIEW,MISSING_VALID_PRICE,NO_PRICE,,,,,,,,,alicate|lagarto,COTIZACIONES_DORALEX_SRL_bb53.xlsx
AG-1156,Alicate DE PUNTA Curvada,consu,Herramientas,Units,,,,False,False,False,SHARED,,,,1,,,,NEW_PRODUCT,1,1,MANUAL_REVIEW,MISSING_VALID_PRICE,NO_PRICE,,,,,,,,,alicate|punta|curvada,COTIZACIONES_DORALEX_SRL_bb53.xlsx
AG-1157,Alicate DE PUNTA LARGA,consu,Herramientas,Units,,,,False,False,False,SHARED,,,,2,,,,NEW_PRODUCT,1,2,MANUAL_REVIEW,MISSING_VALID_PRICE,NO_PRICE,,,,,,,,,alicate|punta|larga,COTIZACIONES_DORALEX_SRL_bb53.xlsx
AG-1158,Alicate DE PUNTA Redonda,consu,Herramientas,Units,,,,False,False,False,SHARED,,,,2,,,,NEW_PRODUCT,1,2,MANUAL_REVIEW,MISSING_VALID_PRICE,NO_PRICE,,,,,,,,,alicate|punta|redonda,COTIZACIONES_DORALEX_SRL_bb53.xlsx
AG-1159,Alicate Guardalinea,consu,Herramientas,Units,,,,False,False,False,SHARED,,,,2,,,,NEW_PRODUCT,1,2,MANUAL_REVIEW,MISSING_VALID_PRICE,NO_PRICE,,,,,,,,,alicate|guardalinea,COTIZACIONES_DORALEX_SRL_bb53.xlsx
AG-1160,Alicate PLANOS,consu,Herramientas,Units,,,,False,False,False,SHARED,,,,2,,,,NEW_PRODUCT,1,2,MANUAL_REVIEW,MISSING_VALID_PRICE,NO_PRICE,,,,,,,,,alicate|planos,COTIZACIONES_DORALEX_SRL_bb53.xlsx
AG-1161,Alicate PUNTA DE AGUJA,consu,Herramientas,Units,,,,False,False,False,SHARED,,,,2,,,,NEW_PRODUCT,1,2,MANUAL_REVIEW,MISSING_VALID_PRICE,NO_PRICE,,,,,,,,,alicate|punta|aguja,COTIZACIONES_DORALEX_SRL_bb53.xlsx
AG-1162,Amparimetros (texter),consu,Ferretería,Units,,,,False,False,False,SHARED,,,,1,,,,NEW_PRODUCT,1,1,MANUAL_REVIEW,MISSING_VALID_PRICE,NO_PRICE,,,,,,,,,amparimetros|texter,COTIZACIONES_DORALEX_SRL_bb53.xlsx
AG-1163,BOTAS PARA HOMBRE,consu,Ferretería,Units,,,,False,False,False,SHARED,,,,1,,,,NEW_PRODUCT,1,1,MANUAL_REVIEW,MISSING_VALID_PRICE,NO_PRICE,,,,,,,,,botas|para|hombre,COTIZACIONES_DORALEX_SRL_bb53.xlsx
AG-1164,Breakers DE 30 AMP,consu,Material eléctrico,Units,,,,False,False,False,SHARED,,,,1,,,,NEW_PRODUCT,1,1,MANUAL_REVIEW,MISSING_VALID_PRICE,NO_PRICE,,,,,,,,,breakers|30|amp,COTIZACIONES_DORALEX_SRL_bb53.xlsx
AG-1165,Breakers DE 50 AMP,consu,Material eléctrico,Units,,,,False,False,False,SHARED,,,,1,,,,NEW_PRODUCT,1,1,MANUAL_REVIEW,MISSING_VALID_PRICE,NO_PRICE,,,,,,,,,breakers|50|amp,COTIZACIONES_DORALEX_SRL_bb53.xlsx
AG-1166,Breakers DE 100 AMP,consu,Material eléctrico,Units,,,,False,False,False,SHARED,,,,1,,,,NEW_PRODUCT,1,1,MANUAL_REVIEW,MISSING_VALID_PRICE,NO_PRICE,,,,,,,,,breakers|100|amp,COTIZACIONES_DORALEX_SRL_bb53.xlsx
AG-1167,Breakers DE 100 AMP Trifasico,consu,Material eléctrico,Units,,,,False,False,False,SHARED,,,,1,,,,NEW_PRODUCT,1,1,MANUAL_REVIEW,MISSING_VALID_PRICE,NO_PRICE,,,,,,,,,breakers|100|amp|trifasico,COTIZACIONES_DORALEX_SRL_bb53.xlsx
AG-1168,Canaletas PARA CABLES,consu,Material eléctrico,Units,,,,False,False,False,SHARED,,,,1,,,,NEW_PRODUCT,1,1,MANUAL_REVIEW,MISSING_VALID_PRICE,NO_PRICE,,,,,,,,,canaletas|para|cables,COTIZACIONES_DORALEX_SRL_bb53.xlsx
AG-1169,CAJAS DE Guantes DE Aislantes,consu,Ferretería,Units,,,,False,False,False,SHARED,,,,2,,,,NEW_PRODUCT,1,2,MANUAL_REVIEW,MISSING_VALID_PRICE,NO_PRICE,,,,,,,,,cajas|guantes|aislantes,COTIZACIONES_DORALEX_SRL_bb53.xlsx
AG-1170,CAJAS DE Breaker DE 20 AMP,consu,Material eléctrico,Units,,,,False,False,False,SHARED,,,,2,,,,NEW_PRODUCT,1,2,MANUAL_REVIEW,MISSING_VALID_PRICE,NO_PRICE,,,,,,,,,cajas|breaker|20|amp,COTIZACIONES_DORALEX_SRL_bb53.xlsx
AG-1171,CAJAS DE Breaker DE 20W,consu,Material eléctrico,Units,,,power=20W,False,False,False,SHARED,,,,2,,,,NEW_PRODUCT,1,2,MANUAL_REVIEW,MISSING_VALID_PRICE,NO_PRICE,,,,,,,,,cajas|breaker|20|w|20W,COTIZACIONES_DORALEX_SRL_bb53.xlsx
AG-1172,CAJAS DE Breaker DE 30W,consu,Material eléctrico,Units,,,power=30W,False,False,False,SHARED,,,,2,,,,NEW_PRODUCT,1,2,MANUAL_REVIEW,MISSING_VALID_PRICE,NO_PRICE,,,,,,,,,cajas|breaker|30|w|30W,COTIZACIONES_DORALEX_SRL_bb53.xlsx
AG-1173,CAJAS DE Lamparas TUBOS DE 32,consu,Plomería,Units,,,,False,False,False,SHARED,,,,2,,,,NEW_PRODUCT,1,2,MANUAL_REVIEW,MISSING_VALID_PRICE,NO_PRICE,,,,,,,,,cajas|lamparas|tubos|32,COTIZACIONES_DORALEX_SRL_bb53.xlsx
AG-1174,Canaletas DE PARED,consu,Ferretería,Units,,,,False,False,False,SHARED,,,,2,,,,NEW_PRODUCT,1,2,MANUAL_REVIEW,MISSING_VALID_PRICE,NO_PRICE,,,,,,,,,canaletas|pared,COTIZACIONES_DORALEX_SRL_bb53.xlsx
AG-1175,Canaletas DE PISO,consu,Ferretería,Units,,,,False,False,False,SHARED,,,,2,,,,NEW_PRODUCT,1,2,MANUAL_REVIEW,MISSING_VALID_PRICE,NO_PRICE,,,,,,,,,canaletas|piso,COTIZACIONES_DORALEX_SRL_bb53.xlsx
AG-1176,Conectores DE CABLES Electricos,consu,Material eléctrico,Units,,,,False,False,False,SHARED,,,,2,,,,NEW_PRODUCT,1,2,MANUAL_REVIEW,MISSING_VALID_PRICE,NO_PRICE,,,,,,,,,conectores|cables|electricos,COTIZACIONES_DORALEX_SRL_bb53.xlsx
AG-1177,Cortadores DE Alambre,consu,Ferretería,Units,,,,False,False,False,SHARED,,,,2,,,,NEW_PRODUCT,1,2,MANUAL_REVIEW,MISSING_VALID_PRICE,NO_PRICE,,,,,,,,,cortadores|alambre,COTIZACIONES_DORALEX_SRL_bb53.xlsx
AG-1178,Destornilladores DE TRIA,consu,Herramientas,Units,,,,False,False,False,SHARED,,,,1,,,,NEW_PRODUCT,1,1,MANUAL_REVIEW,MISSING_VALID_PRICE,NO_PRICE,,,,,,,,,destornilladores|tria,COTIZACIONES_DORALEX_SRL_bb53.xlsx
AG-1179,Destornilladores PLANO,consu,Herramientas,Units,,,,False,False,False,SHARED,,,,1,,,,NEW_PRODUCT,1,1,MANUAL_REVIEW,MISSING_VALID_PRICE,NO_PRICE,,,,,,,,,destornilladores|plano,COTIZACIONES_DORALEX_SRL_bb53.xlsx
AG-1180,Enchufes,consu,Ferretería,Units,,,,False,False,False,SHARED,,,,1,,,,NEW_PRODUCT,1,1,MANUAL_REVIEW,MISSING_VALID_PRICE,NO_PRICE,,,,,,,,,enchufes,COTIZACIONES_DORALEX_SRL_bb53.xlsx
AG-1181,Lamaparas LED 12W PARA Interiores PLAFON,consu,Material eléctrico,Units,,,power=12W,False,False,False,SHARED,,,,2,,,,NEW_PRODUCT,1,2,MANUAL_REVIEW,MISSING_VALID_PRICE,NO_PRICE,,,,,,,,,lamaparas|led|12|w|para|interiores|plafon|12W,COTIZACIONES_DORALEX_SRL_bb53.xlsx
AG-1182,Lamapra LED DE POSTES Solares 120W,consu,Material eléctrico,Units,,,power=120W,False,False,False,SHARED,,,,2,,,,NEW_PRODUCT,1,2,MANUAL_REVIEW,MISSING_VALID_PRICE,NO_PRICE,,,,,,,,,lamapra|led|postes|solares|120|w|120W,COTIZACIONES_DORALEX_SRL_bb53.xlsx
AG-1183,Lamapara LED Interiores Redonda DE 150W,consu,Material eléctrico,Units,,,power=150W,False,False,False,SHARED,,,,1,,,,NEW_PRODUCT,1,1,MANUAL_REVIEW,MISSING_VALID_PRICE,NO_PRICE,,,,,,,,,lamapara|led|interiores|redonda|150|w|150W,COTIZACIONES_DORALEX_SRL_bb53.xlsx
AG-1184,Lamapara LED Multicolores 200W,consu,Material eléctrico,Units,,,power=200W,False,False,False,SHARED,,,,2,,,,NEW_PRODUCT,1,2,MANUAL_REVIEW,MISSING_VALID_PRICE,NO_PRICE,,,,,,,,,lamapara|led|multicolores|200|w|200W,COTIZACIONES_DORALEX_SRL_bb53.xlsx
AG-1185,Lampara LED Solares Completos 120W,consu,Material eléctrico,Units,,,power=120W,False,False,False,SHARED,,,,2,,,,NEW_PRODUCT,1,2,MANUAL_REVIEW,MISSING_VALID_PRICE,NO_PRICE,,,,,,,,,lampara|led|solares|completos|120|w|120W,COTIZACIONES_DORALEX_SRL_bb53.xlsx
AG-1186,Lampara LED TIPO COBRA,consu,Material eléctrico,Units,,,,False,False,False,SHARED,,,,1,,,,NEW_PRODUCT,1,1,MANUAL_REVIEW,MISSING_VALID_PRICE,NO_PRICE,,,,,,,,,lampara|led|tipo|cobra,COTIZACIONES_DORALEX_SRL_bb53.xlsx
AG-1187,Lampara PRO LED Ventana INLEC 500W,consu,Material eléctrico,Units,,,power=500W,False,False,False,SHARED,,,,2,,,,NEW_PRODUCT,1,2,MANUAL_REVIEW,MISSING_VALID_PRICE,NO_PRICE,,,,,,,,,lampara|pro|led|ventana|inlec|500|w|500W,COTIZACIONES_DORALEX_SRL_bb53.xlsx
AG-1188,Lampara LED LUZ BLANCA Redonda DE 18W,consu,Material eléctrico,Units,,,power=18W,False,False,False,SHARED,,,,1,,,,NEW_PRODUCT,1,1,MANUAL_REVIEW,MISSING_VALID_PRICE,NO_PRICE,,,,,,,,,lampara|led|luz|blanca|redonda|18|w|18W,COTIZACIONES_DORALEX_SRL_bb53.xlsx
AG-1189,Lampara LED LUZ Calidad Redonda DE 18W,consu,Material eléctrico,Units,,,power=18W,False,False,False,SHARED,,,,1,,,,NEW_PRODUCT,1,1,MANUAL_REVIEW,MISSING_VALID_PRICE,NO_PRICE,,,,,,,,,lampara|led|luz|calidad|redonda|18|w|18W,COTIZACIONES_DORALEX_SRL_bb53.xlsx
AG-1190,Paneles,consu,Ferretería,Units,,,,False,False,False,SHARED,,,,1,,,,NEW_PRODUCT,1,1,MANUAL_REVIEW,MISSING_VALID_PRICE,NO_PRICE,,,,,,,,,paneles,COTIZACIONES_DORALEX_SRL_bb53.xlsx
AG-1191,Pistolas DE Tornillo Electricas,consu,Ferretería,Units,,,,False,False,False,SHARED,,,,1,,,,NEW_PRODUCT,1,1,MANUAL_REVIEW,MISSING_VALID_PRICE,NO_PRICE,,,,,,,,,pistolas|tornillo|electricas,COTIZACIONES_DORALEX_SRL_bb53.xlsx
AG-1192,Reflectores,consu,Ferretería,Units,,,,False,False,False,SHARED,,,,2,,,,NEW_PRODUCT,1,2,MANUAL_REVIEW,MISSING_VALID_PRICE,NO_PRICE,,,,,,,,,reflectores,COTIZACIONES_DORALEX_SRL_bb53.xlsx
AG-1193,STRIP DE Conexiones (regleta),consu,Ferretería,Units,,,,False,False,False,SHARED,,,,2,,,,NEW_PRODUCT,1,2,MANUAL_REVIEW,MISSING_VALID_PRICE,NO_PRICE,,,,,,,,,strip|conexiones|regleta,COTIZACIONES_DORALEX_SRL_bb53.xlsx
AG-1194,Tenazas DE RANURA Y Lengüeta,consu,Ferretería,Units,,,,False,False,False,SHARED,,,,2,,,,NEW_PRODUCT,1,2,MANUAL_REVIEW,MISSING_VALID_PRICE,NO_PRICE,,,,,,,,,tenazas|ranura|lengueta,COTIZACIONES_DORALEX_SRL_bb53.xlsx
AG-1195,TOMA Corriente (receptaculos Electricos),consu,Ferretería,Units,,,,False,False,False,SHARED,,,,2,,,,NEW_PRODUCT,1,2,MANUAL_REVIEW,MISSING_VALID_PRICE,NO_PRICE,,,,,,,,,toma|corriente|receptaculos|electricos,COTIZACIONES_DORALEX_SRL_bb53.xlsx
AG-1196,TUBOS DE LUCES LED DE 40W,consu,Plomería,Units,,,power=40W,False,False,False,SHARED,,,,2,,,,NEW_PRODUCT,1,2,MANUAL_REVIEW,MISSING_VALID_PRICE,NO_PRICE,,,,,,,,,tubos|luces|led|40|w|40W,COTIZACIONES_DORALEX_SRL_bb53.xlsx
AG-1197,TUBOS DE LUCES LED DE 32W,consu,Plomería,Units,,,power=32W,False,False,False,SHARED,,,,1,,,,NEW_PRODUCT,1,1,MANUAL_REVIEW,MISSING_VALID_PRICE,NO_PRICE,,,,,,,,,tubos|luces|led|32|w|32W,COTIZACIONES_DORALEX_SRL_bb53.xlsx
AG-1198,OJOS DE BUEY,consu,Ferretería,Units,,,,False,False,False,SHARED,,,,1,,,,NEW_PRODUCT,1,1,MANUAL_REVIEW,MISSING_VALID_PRICE,NO_PRICE,,,,,,,,,ojos|buey,COTIZACIONES_DORALEX_SRL_bb53.xlsx
AG-1199,CABLE 12 AWG THHN NEGRO,consu,Material eléctrico,ft,,,,False,False,False,SHARED,,,,2,23.0,23.0,23.0,NEW_PRODUCT,1,2,CREATE_SHARED_PRODUCT,,MAX,COTIZACIONES_DORALEX_SRL_bb53.xlsx,Cotizacion (53),17,QUOTATION,CABLE 12 AWG THHN NEGRO,5000.0,23.0,DOP,cable|12|awg|thhn|negro,COTIZACIONES_DORALEX_SRL_bb53.xlsx
AG-1200,CABLE GOMA 12/2 SJTW NEGRO,consu,Neumáticos,ft,,,caliber=12/2,False,False,False,SHARED,,,,1,57.2,57.2,57.2,NEW_PRODUCT,1,1,CREATE_SHARED_PRODUCT,,SINGLE,COTIZACIONES_DORALEX_SRL_bb53.xlsx,Cotizacion (53),18,QUOTATION,CABLE GOMA 12/2 SJTW NEGRO,5000.0,57.2,DOP,cable|goma|12/2|sjtw|negro|12/2,COTIZACIONES_DORALEX_SRL_bb53.xlsx
AG-1201,CABLE GOMA 12/3 SJTW NEGRO,consu,Neumáticos,ft,,,caliber=12/3,False,False,False,SHARED,,,,1,68.0,68.0,68.0,NEW_PRODUCT,1,1,CREATE_SHARED_PRODUCT,,SINGLE,COTIZACIONES_DORALEX_SRL_bb53.xlsx,Cotizacion (53),19,QUOTATION,CABLE GOMA 12/3 SJTW NEGRO,5000.0,68.0,DOP,cable|goma|12/3|sjtw|negro|12/3,COTIZACIONES_DORALEX_SRL_bb53.xlsx
AG-1202,CABLE #14 (1.5mm) AWG THHN BLANCO,consu,Material eléctrico,ft,,,,False,False,False,SHARED,,,,1,46.7,46.7,46.7,NEW_PRODUCT,1,1,CREATE_SHARED_PRODUCT,,SINGLE,COTIZACIONES_DORALEX_SRL_bb53.xlsx,Cotizacion (53),20,QUOTATION,CABLE #14 (1.5MM) AWG THHN BLANCO,5000.0,46.7,DOP,cable|14|1.5|mm|awg|thhn|blanco,COTIZACIONES_DORALEX_SRL_bb53.xlsx
AG-1203,CABLE 8 AWG THHN NEGR,consu,Material eléctrico,ft,,,,False,False,False,SHARED,,,,1,43.0,43.0,43.0,NEW_PRODUCT,1,1,CREATE_SHARED_PRODUCT,,SINGLE,COTIZACIONES_DORALEX_SRL_bb53.xlsx,Cotizacion (53),21,QUOTATION,CABLE 8 AWG THHN NEGR,5000.0,43.0,DOP,cable|8|awg|thhn|negr,COTIZACIONES_DORALEX_SRL_bb53.xlsx
AG-1204,CABLE VINYL 12/3 UF TW GRIS Cordiflex,consu,Material eléctrico,ft,,,caliber=12/3,False,False,False,SHARED,,,,1,58.7,58.7,58.7,NEW_PRODUCT,1,1,CREATE_SHARED_PRODUCT,,SINGLE,COTIZACIONES_DORALEX_SRL_bb53.xlsx,Cotizacion (53),22,QUOTATION,CABLE VINYL 12/3 UF TW GRIS CORDIFLEX,5000.0,58.7,DOP,cable|vinyl|12/3|uf|tw|gris|cordiflex|12/3,COTIZACIONES_DORALEX_SRL_bb53.xlsx
AG-1205,CABLE VINYL 12/2 UF TW GRIS Cordiflex,consu,Material eléctrico,ft,,,caliber=12/2,False,False,False,SHARED,,,,1,41.7,41.7,41.7,NEW_PRODUCT,1,1,CREATE_SHARED_PRODUCT,,SINGLE,COTIZACIONES_DORALEX_SRL_bb53.xlsx,Cotizacion (53),23,QUOTATION,CABLE VINYL 12/2 UF TW GRIS CORDIFLEX,,41.7,DOP,cable|vinyl|12/2|uf|tw|gris|cordiflex|12/2,COTIZACIONES_DORALEX_SRL_bb53.xlsx
AG-1206,"Alicate Universal 13"" TRUPER",consu,Herramientas,Units,Truper,,"size=13""",False,False,False,SHARED,,,,1,1300.0,1300.0,1300.0,NEW_PRODUCT,1,1,CREATE_SHARED_PRODUCT,,SINGLE,COTIZACIONES_DORALEX_SRL_bb53.xlsx,Cotizacion (53),26,QUOTATION,"ALICATE UNIVERSAL 13"" TRUPER",12.0,1300.0,DOP,"alicate|universal|13""|truper|13""",COTIZACIONES_DORALEX_SRL_bb53.xlsx
AG-1207,"PINZA DE PUNTA CURVA 6"" TRUPER 17337",consu,Herramientas,Units,Truper,,"size=6""",False,False,False,SHARED,,,,1,650.0,650.0,650.0,NEW_PRODUCT,1,1,CREATE_SHARED_PRODUCT,,SINGLE,COTIZACIONES_DORALEX_SRL_bb53.xlsx,Cotizacion (53),27,QUOTATION,"PINZA DE PUNTA CURVA 6"" TRUPER 17337",12.0,650.0,DOP,"pinza|punta|curva|6""|truper|17337|6""",COTIZACIONES_DORALEX_SRL_bb53.xlsx
AG-1208,Multimetro Digital TRUPER MUT-202,consu,Herramientas,Units,Truper,MUT-202,model=MUT-202,False,False,False,SHARED,,,,1,4400.0,4400.0,4400.0,NEW_PRODUCT,1,1,CREATE_SHARED_PRODUCT,,SINGLE,COTIZACIONES_DORALEX_SRL_bb53.xlsx,Cotizacion (53),33,QUOTATION,MULTIMETRO DIGITAL TRUPER MUT-202,24.0,4400.0,DOP,multimetro|digital|truper|mut-202|MUT-202,COTIZACIONES_DORALEX_SRL_bb53.xlsx
AG-1209,BOTA Industrial PRETUL #25,consu,Ferretería,Units,,,,False,False,False,SHARED,,,,1,3995.0,3995.0,3995.0,NEW_PRODUCT,1,1,CREATE_SHARED_PRODUCT,,SINGLE,COTIZACIONES_DORALEX_SRL_bb53.xlsx,Cotizacion (53),34,QUOTATION,BOTA INDUSTRIAL PRETUL #25,24.0,3995.0,DOP,bota|industrial|pretul|25,COTIZACIONES_DORALEX_SRL_bb53.xlsx
AG-1210,Breaker GE 1P 50A GRUESO,consu,Material eléctrico,Units,,,,False,False,False,SHARED,,,,1,1100.0,1100.0,1100.0,NEW_PRODUCT,1,1,CREATE_SHARED_PRODUCT,,SINGLE,COTIZACIONES_DORALEX_SRL_bb53.xlsx,Cotizacion (53),36,QUOTATION,BREAKER GE 1P 50A GRUESO,50.0,1100.0,DOP,breaker|ge|1p|50a|grueso,COTIZACIONES_DORALEX_SRL_bb53.xlsx
AG-1211,Breaker GE 2P 100A GRUESO,consu,Material eléctrico,Units,,,,False,False,False,SHARED,,,,1,5700.0,5700.0,5700.0,NEW_PRODUCT,1,1,CREATE_SHARED_PRODUCT,,SINGLE,COTIZACIONES_DORALEX_SRL_bb53.xlsx,Cotizacion (53),37,QUOTATION,BREAKER GE 2P 100A GRUESO,50.0,5700.0,DOP,breaker|ge|2p|100a|grueso,COTIZACIONES_DORALEX_SRL_bb53.xlsx
AG-1212,Breaker GE 3P 100A GRUESO,consu,Material eléctrico,Units,,,,False,False,False,SHARED,,,,1,8400.0,8400.0,8400.0,NEW_PRODUCT,1,1,CREATE_SHARED_PRODUCT,,SINGLE,COTIZACIONES_DORALEX_SRL_bb53.xlsx,Cotizacion (53),38,QUOTATION,BREAKER GE 3P 100A GRUESO,50.0,8400.0,DOP,breaker|ge|3p|100a|grueso,COTIZACIONES_DORALEX_SRL_bb53.xlsx
AG-1213,Canaleta RECTA. 3/4X10MM KOLNY 2070-05,consu,Ferretería,Units,,,,False,False,False,SHARED,,,,1,250.0,250.0,250.0,NEW_PRODUCT,1,1,CREATE_SHARED_PRODUCT,,SINGLE,COTIZACIONES_DORALEX_SRL_bb53.xlsx,Cotizacion (53),39,QUOTATION,CANALETA RECTA. 3/4X10MM KOLNY 2070-05,300.0,250.0,DOP,canaleta|recta.|3/4x10|mm|kolny|2070-05,COTIZACIONES_DORALEX_SRL_bb53.xlsx
AG-1214,Destor. STRIA 3/16X4 TRUPER 100836,consu,Herramientas,Units,Truper,,,False,False,False,SHARED,,,,1,240.0,240.0,240.0,NEW_PRODUCT,1,1,CREATE_SHARED_PRODUCT,,SINGLE,COTIZACIONES_DORALEX_SRL_bb53.xlsx,Cotizacion (53),49,QUOTATION,DESTOR. STRIA 3/16X4 TRUPER 100836,24.0,240.0,DOP,destor.|stria|3/16x4|truper|100836,COTIZACIONES_DORALEX_SRL_bb53.xlsx
AG-1215,Destor. PLANO 3/16X4 TRUPER 14034,consu,Herramientas,Units,Truper,,,False,False,False,SHARED,,,,1,210.0,210.0,210.0,NEW_PRODUCT,1,1,CREATE_SHARED_PRODUCT,,SINGLE,COTIZACIONES_DORALEX_SRL_bb53.xlsx,Cotizacion (53),50,QUOTATION,DESTOR. PLANO 3/16X4 TRUPER 14034,24.0,210.0,DOP,destor.|plano|3/16x4|truper|14034,COTIZACIONES_DORALEX_SRL_bb53.xlsx
AG-1216,Enchufe Leviton 120V Amarillo 515PV,consu,Ferretería,Units,,,,False,False,False,SHARED,,,,1,390.0,390.0,390.0,NEW_PRODUCT,1,1,CREATE_SHARED_PRODUCT,,SINGLE,COTIZACIONES_DORALEX_SRL_bb53.xlsx,Cotizacion (53),51,QUOTATION,ENCHUFE LEVITON 120V AMARILLO 515PV,300.0,390.0,DOP,enchufe|leviton|120v|amarillo|515pv,COTIZACIONES_DORALEX_SRL_bb53.xlsx
AG-1217,Lampara Colgante 150W,consu,Ferretería,Units,LG,,power=150W,False,False,False,SHARED,,,,1,7395.0,7395.0,7395.0,NEW_PRODUCT,1,1,CREATE_SHARED_PRODUCT,,SINGLE,COTIZACIONES_DORALEX_SRL_bb53.xlsx,Cotizacion (53),54,QUOTATION,LAMPARA COLGANTE 150W,100.0,7395.0,DOP,lampara|colgante|150|w|150W,COTIZACIONES_DORALEX_SRL_bb53.xlsx
AG-1218,Lampara LED Superf. REDON. 18W 3500K,consu,Material eléctrico,Units,,,power=18W,False,False,False,SHARED,,,,1,640.0,640.0,640.0,NEW_PRODUCT,1,1,CREATE_SHARED_PRODUCT,,SINGLE,COTIZACIONES_DORALEX_SRL_bb53.xlsx,Cotizacion (53),60,QUOTATION,LAMPARA LED SUPERF. REDON. 18W 3500K,300.0,640.0,DOP,lampara|led|superf.|redon.|18|w|3500k|18W,COTIZACIONES_DORALEX_SRL_bb53.xlsx
AG-1219,Lampara LED Superf. REDON. 18W ELITE,consu,Material eléctrico,Units,,,power=18W,False,False,False,SHARED,,,,1,580.0,580.0,580.0,NEW_PRODUCT,1,1,CREATE_SHARED_PRODUCT,,SINGLE,COTIZACIONES_DORALEX_SRL_bb53.xlsx,Cotizacion (53),61,QUOTATION,LAMPARA LED SUPERF. REDON. 18W ELITE,300.0,580.0,DOP,lampara|led|superf.|redon.|18|w|elite|18W,COTIZACIONES_DORALEX_SRL_bb53.xlsx
AG-1220,PANEL Cuadrado LED 2X2 40W 6000K,consu,Material eléctrico,Units,,,power=40W,False,False,False,SHARED,,,,1,2900.0,2900.0,2900.0,NEW_PRODUCT,1,1,CREATE_SHARED_PRODUCT,,SINGLE,COTIZACIONES_DORALEX_SRL_bb53.xlsx,Cotizacion (53),62,QUOTATION,PANEL CUADRADO LED 2X2 40W 6000K,200.0,2900.0,DOP,panel|cuadrado|led|2x2|40|w|6000k|40W,COTIZACIONES_DORALEX_SRL_bb53.xlsx
AG-1221,Taladro BOSCH Profesional 650W GBH-220D,consu,Herramientas,Units,Bosch,GBH-220D,power=650W model=GBH-220D,False,False,False,SHARED,,,,1,16150.0,16150.0,16150.0,NEW_PRODUCT,1,1,CREATE_SHARED_PRODUCT,,SINGLE,COTIZACIONES_DORALEX_SRL_bb53.xlsx,Cotizacion (53),63,QUOTATION,TALADRO BOSCH PROFESIONAL 650W GBH-220D,2.0,16150.0,DOP,taladro|bosch|profesional|650|w|gbh-220d|GBH-220D|650W,COTIZACIONES_DORALEX_SRL_bb53.xlsx
AG-1222,TUBO LED 2C. 32W,consu,Plomería,Units,,,power=32W,False,False,False,SHARED,,,,1,480.0,480.0,480.0,NEW_PRODUCT,1,1,CREATE_SHARED_PRODUCT,,SINGLE,COTIZACIONES_DORALEX_SRL_bb53.xlsx,Cotizacion (53),69,QUOTATION,TUBO LED 2C. 32W,300.0,480.0,DOP,tubo|led|2c.|32|w|32W,COTIZACIONES_DORALEX_SRL_bb53.xlsx
AG-1223,Lampara OJO D/BUEY LED 3W,consu,Material eléctrico,Units,,,power=3W,False,False,False,SHARED,,,,1,750.0,750.0,750.0,NEW_PRODUCT,1,1,CREATE_SHARED_PRODUCT,,SINGLE,COTIZACIONES_DORALEX_SRL_bb53.xlsx,Cotizacion (53),70,QUOTATION,LAMPARA  OJO D/BUEY LED 3W,300.0,750.0,DOP,lampara|ojo|d/buey|led|3|w|3W,COTIZACIONES_DORALEX_SRL_bb53.xlsx
AG-1224,Escalera D/extension 32FT FIBRA,consu,Ferretería,Units,,,capacity=32 pies,False,False,False,SHARED,,,,1,77900.06,77900.06,77900.06,NEW_PRODUCT,1,1,CREATE_SHARED_PRODUCT,,SINGLE,COTIZACIONES_DORALEX_SRL_bb53.xlsx,Cotizacion (54),16,QUOTATION,ESCALERA D/EXTENSION 32FT FIBRA,1.0,77900.06,DOP,escalera|d/extension|32ft|fibra|32 pies,COTIZACIONES_DORALEX_SRL_bb53.xlsx
AG-1225,Escalera TIJERA D/12 PIES,consu,Ferretería,Units,,,capacity=12 pies,False,False,False,SHARED,,,,2,49850.3,49850.3,49850.3,NEW_PRODUCT,1,2,CREATE_SHARED_PRODUCT,,MAX,COTIZACIONES_DORALEX_SRL_bb53.xlsx,Cotizacion (54),17,QUOTATION,ESCALERA TIJERA D/12 PIES,2.0,49850.3,DOP,escalera|tijera|d/12|pies|12 pies,COTIZACIONES_DORALEX_SRL_bb53.xlsx
AG-1226,Escalera 40 PIES D/extension,consu,Ferretería,Units,,,capacity=40 pies,False,False,False,SHARED,,,,1,78150.0,78150.0,78150.0,NEW_PRODUCT,1,1,CREATE_SHARED_PRODUCT,,SINGLE,COTIZACIONES_DORALEX_SRL_bb53.xlsx,Cotizacion (54),18,QUOTATION,ESCALERA 40 PIES D/EXTENSION,1.0,78150.0,DOP,escalera|40|pies|d/extension|40 pies,COTIZACIONES_DORALEX_SRL_bb53.xlsx
AG-1227,Construccion DE MUROS DE Sheetrok,consu,Ferretería,m²,,,,False,False,False,SHARED,,,,1,,,,NEW_PRODUCT,1,1,MANUAL_REVIEW,MISSING_VALID_PRICE,NO_PRICE,,,,,,,,,construccion|muros|sheetrok,COTIZACIONES_DORALEX_SRL_bb53.xlsx
AG-1228,Ventanas Corredizas TIPO P.65 (1.50x1.50),consu,Ferretería,Units,,,,False,False,False,SHARED,,,,1,,,,NEW_PRODUCT,1,1,MANUAL_REVIEW,MISSING_VALID_PRICE,NO_PRICE,,,,,,,,,ventanas|corredizas|tipo|p.65|1.50x1.50,COTIZACIONES_DORALEX_SRL_bb53.xlsx
AG-1229,Ipermiabilizante DE TECHO A BASE DE LONA Asfaltica 4KG Granular (3MM) DE Espesor Y,consu,Ferretería,m²,,,presentation=4 kg,False,False,False,SHARED,,,,1,,,,NEW_PRODUCT,1,1,MANUAL_REVIEW,MISSING_VALID_PRICE,NO_PRICE,,,,,,,,,ipermiabilizante|techo|a|base|lona|asfaltica|4|kg|4 kg,COTIZACIONES_DORALEX_SRL_bb53.xlsx
AG-1230,Hormigon 210 KG/CM,consu,Construcción,m³,,,presentation=210 kg,False,False,False,SHARED,,,,1,10750.0,10750.0,10750.0,NEW_PRODUCT,1,1,CREATE_SHARED_PRODUCT,,SINGLE,COTIZACIONES_DORALEX_SRL_bb53.xlsx,Cotizacion (60),16,QUOTATION,HORMIGON 210 KG/CM,53.0,10750.0,DOP,hormigon|210|kg/cm|210 kg,COTIZACIONES_DORALEX_SRL_bb53.xlsx
AG-1231,TUBO DE 10X2 P/malla,consu,Plomería,Units,,,,False,False,False,SHARED,,,,1,1958.0,1958.0,1958.0,NEW_PRODUCT,1,1,CREATE_SHARED_PRODUCT,,SINGLE,COTIZACIONES_DORALEX_SRL_bb53.xlsx,Cotizacion (60),18,QUOTATION,TUBO DE 10X2 P/MALLA,7.0,1958.0,DOP,tubo|10x2|p/malla,COTIZACIONES_DORALEX_SRL_bb53.xlsx
AG-1232,Alambre DE PUA 16'',consu,Ferretería,Units,,,,False,False,False,SHARED,,,,1,3900.0,3900.0,3900.0,NEW_PRODUCT,1,1,CREATE_SHARED_PRODUCT,,SINGLE,COTIZACIONES_DORALEX_SRL_bb53.xlsx,Cotizacion (61).......,22,QUOTATION,ALAMBRE DE PUA 16'',4.0,3900.0,DOP,alambre|pua|16,COTIZACIONES_DORALEX_SRL_bb53.xlsx
AG-1233,TAPE TRUPER BLANCO,consu,Herramientas,Units,Truper,,,False,False,False,SHARED,,,,1,7200.0,7200.0,7200.0,NEW_PRODUCT,1,1,CREATE_SHARED_PRODUCT,,SINGLE,COTIZACIONES_DORALEX_SRL_bb53.xlsx,Cotizacion (61).......,29,QUOTATION,TAPE TRUPER BLANCO,1.0,7200.0,DOP,tape|truper|blanco,COTIZACIONES_DORALEX_SRL_bb53.xlsx
AG-1234,GRAVA CALIZA,consu,Construcción,m,,,,False,False,False,SHARED,,,,1,5800.0,5800.0,5800.0,NEW_PRODUCT,1,1,CREATE_SHARED_PRODUCT,,SINGLE,COTIZACIONES_DORALEX_SRL_bb53.xlsx,Cotizacion (61).......,38,QUOTATION,GRAVA CALIZA,5.0,5800.0,DOP,grava|caliza,COTIZACIONES_DORALEX_SRL_bb53.xlsx
AG-1235,Planchas DE Aluzinc DE 16,consu,Ferretería,Units,,,,False,False,False,SHARED,,,,1,3904.9,3904.9,3904.9,NEW_PRODUCT,1,1,CREATE_SHARED_PRODUCT,,SINGLE,COTIZACIONES_DORALEX_SRL_bb53.xlsx,Cotizacion (50),23,QUOTATION,PLANCHAS DE ALUZINC DE 16,10.0,3904.9,DOP,planchas|aluzinc|16,COTIZACIONES_DORALEX_SRL_bb53.xlsx
AG-1236,Planchas DE Aluzinc DE 20,consu,Ferretería,Units,,,,False,False,False,SHARED,,,,1,4880.0,4880.0,4880.0,NEW_PRODUCT,1,1,CREATE_SHARED_PRODUCT,,SINGLE,COTIZACIONES_DORALEX_SRL_bb53.xlsx,Cotizacion (50),24,QUOTATION,PLANCHAS DE ALUZINC DE 20,75.0,4880.0,DOP,planchas|aluzinc|20,COTIZACIONES_DORALEX_SRL_bb53.xlsx
AG-1237,Planchas DE Aluzinc DE 25,consu,Ferretería,Units,,,,False,False,False,SHARED,,,,1,5200.0,5200.0,5200.0,NEW_PRODUCT,1,1,CREATE_SHARED_PRODUCT,,SINGLE,COTIZACIONES_DORALEX_SRL_bb53.xlsx,Cotizacion (50),25,QUOTATION,PLANCHAS DE ALUZINC DE 25,25.0,5200.0,DOP,planchas|aluzinc|25,COTIZACIONES_DORALEX_SRL_bb53.xlsx
AG-1238,TOLA 1/16 Galvanizada 4X8,consu,Ferretería,Units,,,caliber=1/16,False,False,False,SHARED,,,,1,4780.68,4780.68,4780.68,NEW_PRODUCT,1,1,CREATE_SHARED_PRODUCT,,SINGLE,COTIZACIONES_DORALEX_SRL_bb53.xlsx,Cotizacion (50),30,QUOTATION,TOLA 1/16 GALVANIZADA 4X8,4.0,4780.68,DOP,tola|1/16|galvanizada|4x8|1/16,COTIZACIONES_DORALEX_SRL_bb53.xlsx
AG-1239,Soldadura,consu,Ferretería,Units,,,,False,False,False,SHARED,,,,1,8500.0,8500.0,8500.0,NEW_PRODUCT,1,1,CREATE_SHARED_PRODUCT,,SINGLE,COTIZACIONES_DORALEX_SRL_bb53.xlsx,Cotizacion (50),31,QUOTATION,SOLDADURA,5.0,8500.0,DOP,soldadura,COTIZACIONES_DORALEX_SRL_bb53.xlsx
AG-1240,Agregado FINO (arena) LAVADA Khoury/grupo Alterra,consu,Construcción,m³,,,,False,False,False,SHARED,,,,1,2098.0,2098.0,2098.0,NEW_PRODUCT,1,1,CREATE_SHARED_PRODUCT,,SINGLE,COTIZACIONES_DORALEX_SRL_bb53.xlsx,Cotizacion (64),16,QUOTATION,AGREGADO FINO (ARENA) LAVADA KHOURY/GRUPO ALTERRA,310.0,2098.0,DOP,agregado|fino|arena|lavada|khoury/grupo|alterra,COTIZACIONES_DORALEX_SRL_bb53.xlsx
AG-1241,Agregado FINO (arena) DE Empañete Khoury/grupo Alterra,consu,Construcción,m³,,,,False,False,False,SHARED,,,,1,2490.0,2490.0,2490.0,NEW_PRODUCT,1,1,CREATE_SHARED_PRODUCT,,SINGLE,COTIZACIONES_DORALEX_SRL_bb53.xlsx,Cotizacion (64),17,QUOTATION,AGREGADO FINO (ARENA) DE EMPAÑETE KHOURY/GRUPO ALTERRA,50.0,2490.0,DOP,agregado|fino|arena|empanete|khoury/grupo|alterra,COTIZACIONES_DORALEX_SRL_bb53.xlsx
AG-1242,Agregado GRUESO (grava) 3/4 Khoury/grupo Alterra,consu,Construcción,m³,,,caliber=3/4,False,False,False,SHARED,,,,1,1755.0,1755.0,1755.0,NEW_PRODUCT,1,1,CREATE_SHARED_PRODUCT,,SINGLE,COTIZACIONES_DORALEX_SRL_bb53.xlsx,Cotizacion (64),18,QUOTATION,AGREGADO GRUESO (GRAVA) 3/4 KHOURY/GRUPO ALTERRA,310.0,1755.0,DOP,agregado|grueso|grava|3/4|khoury/grupo|alterra|3/4,COTIZACIONES_DORALEX_SRL_bb53.xlsx
AG-1243,Agregado FINO (arena) ITABO Khoury/grupo Alterra,consu,Construcción,m³,,,,False,False,False,SHARED,,,,1,1795.0,1795.0,1795.0,NEW_PRODUCT,1,1,CREATE_SHARED_PRODUCT,,SINGLE,COTIZACIONES_DORALEX_SRL_bb53.xlsx,Cotizacion (64),19,QUOTATION,AGREGADO FINO (ARENA) ITABO KHOURY/GRUPO ALTERRA,40.0,1795.0,DOP,agregado|fino|arena|itabo|khoury/grupo|alterra,COTIZACIONES_DORALEX_SRL_bb53.xlsx
AG-1244,PALA Cuadrada TRUPER,consu,Herramientas,Units,Truper,,,False,False,False,SHARED,,,,1,1518.8,1518.8,1518.8,NEW_PRODUCT,1,1,CREATE_SHARED_PRODUCT,,SINGLE,COTIZACIONES_DORALEX_SRL_bb53.xlsx,Cotizacion (67),19,QUOTATION,PALA CUADRADA TRUPER,40.0,1518.8,DOP,pala|cuadrada|truper,COTIZACIONES_DORALEX_SRL_bb53.xlsx
AG-1245,Chaleco Reflectivo Naranja,consu,Ferretería,Units,,,,False,False,False,SHARED,,,,6,175.0,280.0,280.0,NEW_PRODUCT,1,6,CREATE_SHARED_PRODUCT,,MAX,COTIZACIONES_DORALEX_SRL_bb53.xlsx,Cotizacion (93),21,QUOTATION,CHALECO REFLECTIVO NARANJA,60.0,280.0,DOP,chaleco|reflectivo|naranja,COTIZACIONES_DORALEX_SRL_bb53.xlsx
AG-1246,Guantes DE CUERO Y TELA TIPO LONETA,consu,Ferretería,Units,,,,False,False,False,SHARED,,,,1,617.96,617.96,617.96,NEW_PRODUCT,1,1,CREATE_SHARED_PRODUCT,,SINGLE,COTIZACIONES_DORALEX_SRL_bb53.xlsx,Cotizacion (67),21,QUOTATION,GUANTES DE CUERO Y TELA TIPO LONETA,80.0,617.96,DOP,guantes|cuero|tela|tipo|loneta,COTIZACIONES_DORALEX_SRL_bb53.xlsx
AG-1247,PALA Redonda CON MANGO DE MADERA TRUPER,consu,Herramientas,Units,Truper,,,False,False,False,SHARED,,,,1,1210.24,1210.24,1210.24,NEW_PRODUCT,1,1,CREATE_SHARED_PRODUCT,,SINGLE,COTIZACIONES_DORALEX_SRL_bb53.xlsx,Cotizacion (67),22,QUOTATION,PALA REDONDA CON MANGO DE MADERA TRUPER,20.0,1210.24,DOP,pala|redonda|mango|madera|truper,COTIZACIONES_DORALEX_SRL_bb53.xlsx
AG-1248,PALA Pequeña TRUPER,consu,Herramientas,Units,Truper,,,False,False,False,SHARED,,,,1,2261.98,2261.98,2261.98,NEW_PRODUCT,1,1,CREATE_SHARED_PRODUCT,,SINGLE,COTIZACIONES_DORALEX_SRL_bb53.xlsx,Cotizacion (67),23,QUOTATION,PALA PEQUEÑA TRUPER,20.0,2261.98,DOP,pala|pequena|truper,COTIZACIONES_DORALEX_SRL_bb53.xlsx
AG-1249,PICO TRUPER MANGO DE MADERA,consu,Herramientas,Units,Truper,,,False,False,False,SHARED,,,,3,1635.55,1956.55,1956.55,NEW_PRODUCT,1,3,CREATE_SHARED_PRODUCT,,MAX,COTIZACIONES_DORALEX_SRL_bb53.xlsx,Cotizacion (93),27,QUOTATION,PICO TRUPER MANGO DE MADERA,6.0,1956.55,DOP,pico|truper|mango|madera,COTIZACIONES_DORALEX_SRL_bb53.xlsx
AG-1250,"Alicate DE Presion 10""",consu,Herramientas,Units,,,"size=10""",False,False,False,SHARED,,,,1,1125.3,1125.3,1125.3,NEW_PRODUCT,1,1,CREATE_SHARED_PRODUCT,,SINGLE,COTIZACIONES_DORALEX_SRL_bb53.xlsx,Cotizacion (68),19,QUOTATION,"ALICATE DE PRESION 10""",2.0,1125.3,DOP,"alicate|presion|10""|10""",COTIZACIONES_DORALEX_SRL_bb53.xlsx
AG-1251,CINTA Metrica 5MTS,consu,Ferretería,Units,,,,False,False,False,SHARED,,,,1,860.0,860.0,860.0,NEW_PRODUCT,1,1,CREATE_SHARED_PRODUCT,,SINGLE,COTIZACIONES_DORALEX_SRL_bb53.xlsx,Cotizacion (68),24,QUOTATION,CINTA METRICA 5MTS,5.0,860.0,DOP,cinta|metrica|5mts,COTIZACIONES_DORALEX_SRL_bb53.xlsx
AG-1252,Destor. PLANO 1/4X4,consu,Ferretería,Units,,,,False,False,False,SHARED,,,,1,235.7,235.7,235.7,NEW_PRODUCT,1,1,CREATE_SHARED_PRODUCT,,SINGLE,COTIZACIONES_DORALEX_SRL_bb53.xlsx,Cotizacion (68),27,QUOTATION,DESTOR. PLANO 1/4X4,3.0,235.7,DOP,destor.|plano|1/4x4,COTIZACIONES_DORALEX_SRL_bb53.xlsx
AG-1253,Destor. STRIA 1/4X4,consu,Ferretería,Units,,,,False,False,False,SHARED,,,,1,240.1,240.1,240.1,NEW_PRODUCT,1,1,CREATE_SHARED_PRODUCT,,SINGLE,COTIZACIONES_DORALEX_SRL_bb53.xlsx,Cotizacion (68),28,QUOTATION,DESTOR. STRIA 1/4X4,3.0,240.1,DOP,destor.|stria|1/4x4,COTIZACIONES_DORALEX_SRL_bb53.xlsx
AG-1254,JUEGO DE LLAVE ALLEN TRUPER,consu,Herramientas,Units,Truper,,,False,False,False,SHARED,,,,1,620.1,620.1,620.1,NEW_PRODUCT,1,1,CREATE_SHARED_PRODUCT,,SINGLE,COTIZACIONES_DORALEX_SRL_bb53.xlsx,Cotizacion (68),40,QUOTATION,JUEGO DE LLAVE ALLEN TRUPER,1.0,620.1,DOP,juego|llave|allen|truper,COTIZACIONES_DORALEX_SRL_bb53.xlsx
AG-1255,MARCO DE Segueta,consu,Ferretería,Units,,,,False,False,False,SHARED,,,,1,690.0,690.0,690.0,NEW_PRODUCT,1,1,CREATE_SHARED_PRODUCT,,SINGLE,COTIZACIONES_DORALEX_SRL_bb53.xlsx,Cotizacion (68),45,QUOTATION,MARCO DE SEGUETA,2.0,690.0,DOP,marco|segueta,COTIZACIONES_DORALEX_SRL_bb53.xlsx
AG-1256,Martillo TRUPER 07OZ MA-7,consu,Herramientas,Units,Truper,,,False,False,False,SHARED,,,,1,850.61,850.61,850.61,NEW_PRODUCT,1,1,CREATE_SHARED_PRODUCT,,SINGLE,COTIZACIONES_DORALEX_SRL_bb53.xlsx,Cotizacion (68),46,QUOTATION,MARTILLO TRUPER 07OZ MA-7,1.0,850.61,DOP,martillo|truper|07oz|ma-7,COTIZACIONES_DORALEX_SRL_bb53.xlsx
AG-1257,Martillo TRUPER 16OZ MAR-16,consu,Herramientas,Units,Truper,,,False,False,False,SHARED,,,,1,899.2,899.2,899.2,NEW_PRODUCT,1,1,CREATE_SHARED_PRODUCT,,SINGLE,COTIZACIONES_DORALEX_SRL_bb53.xlsx,Cotizacion (68),47,QUOTATION,MARTILLO TRUPER 16OZ MAR-16,2.0,899.2,DOP,martillo|truper|16oz|mar-16,COTIZACIONES_DORALEX_SRL_bb53.xlsx
AG-1258,Proteccion Auditiva TRUPER,consu,Herramientas,Units,Truper,,,False,False,False,SHARED,,,,1,1050.0,1050.0,1050.0,NEW_PRODUCT,1,1,CREATE_SHARED_PRODUCT,,SINGLE,COTIZACIONES_DORALEX_SRL_bb53.xlsx,Cotizacion (68),59,QUOTATION,PROTECCION AUDITIVA TRUPER,10.0,1050.0,DOP,proteccion|auditiva|truper,COTIZACIONES_DORALEX_SRL_bb53.xlsx
AG-1259,"PUNTA P/ DES. #3 2"" 5/1",consu,Ferretería,Units,,,"size=2"" caliber=5/1",False,False,False,SHARED,,,,1,299.9,299.9,299.9,NEW_PRODUCT,1,1,CREATE_SHARED_PRODUCT,,SINGLE,COTIZACIONES_DORALEX_SRL_bb53.xlsx,Cotizacion (68),61,QUOTATION,"PUNTA P/ DES. #3  2""  5/1",20.0,299.9,DOP,"punta|p/|des.|3|2""|5/1|5/1|2""",COTIZACIONES_DORALEX_SRL_bb53.xlsx
AG-1260,"PUNTA PARA DES #2 2"" 5/1",consu,Ferretería,Units,,,"size=2"" caliber=5/1",False,False,False,SHARED,,,,1,275.55,275.55,275.55,NEW_PRODUCT,1,1,CREATE_SHARED_PRODUCT,,SINGLE,COTIZACIONES_DORALEX_SRL_bb53.xlsx,Cotizacion (68),62,QUOTATION,"PUNTA PARA DES #2 2""  5/1",20.0,275.55,DOP,"punta|para|des|2|2""|5/1|5/1|2""",COTIZACIONES_DORALEX_SRL_bb53.xlsx
AG-1261,Retardador Popular,consu,Ferretería,Gal,,,,False,False,False,SHARED,,,,1,1435.87,1435.87,1435.87,NEW_PRODUCT,1,1,CREATE_SHARED_PRODUCT,,SINGLE,COTIZACIONES_DORALEX_SRL_bb53.xlsx,Cotizacion (68),63,QUOTATION,RETARDADOR POPULAR,30.0,1435.87,DOP,retardador|popular,COTIZACIONES_DORALEX_SRL_bb53.xlsx
AG-1262,Tropical SEALER (6158),consu,Ferretería,Gal,Tropical,,,False,False,False,SHARED,,,,1,1215.0,1215.0,1215.0,NEW_PRODUCT,1,1,CREATE_SHARED_PRODUCT,,SINGLE,COTIZACIONES_DORALEX_SRL_bb53.xlsx,Cotizacion (68),64,QUOTATION,TROPICAL SEALER   (6158),15.0,1215.0,DOP,tropical|sealer|6158,COTIZACIONES_DORALEX_SRL_bb53.xlsx
AG-1263,Tropical Thinner TH-900,consu,Pinturas,Gal,Tropical,TH-900,model=TH-900,False,False,False,SHARED,,,,1,475.0,475.0,475.0,NEW_PRODUCT,1,1,CREATE_SHARED_PRODUCT,,SINGLE,COTIZACIONES_DORALEX_SRL_bb53.xlsx,Cotizacion (68),65,QUOTATION,TROPICAL THINNER  TH-900,60.0,475.0,DOP,tropical|thinner|th-900|TH-900,COTIZACIONES_DORALEX_SRL_bb53.xlsx
AG-1264,Popular LACA Natural BRILLO,consu,Ferretería,Gal,,,,False,False,False,SHARED,,,,1,1460.0,1460.0,1460.0,NEW_PRODUCT,1,1,CREATE_SHARED_PRODUCT,,SINGLE,COTIZACIONES_DORALEX_SRL_bb53.xlsx,Cotizacion (68),69,QUOTATION,POPULAR LACA NATURAL BRILLO,30.0,1460.0,DOP,popular|laca|natural|brillo,COTIZACIONES_DORALEX_SRL_bb53.xlsx
AG-1265,"CAPA Impermeable, TRUPER SIZE M",consu,Herramientas,Units,Truper,,,False,False,False,SHARED,,,,1,1025.0,1025.0,1025.0,NEW_PRODUCT,1,1,CREATE_SHARED_PRODUCT,,SINGLE,COTIZACIONES_DORALEX_SRL_bb53.xlsx,Cotizacion (69),19,QUOTATION,"CAPA IMPERMEABLE, TRUPER SIZE M",150.0,1025.0,DOP,capa|impermeable|truper|size|m,COTIZACIONES_DORALEX_SRL_bb53.xlsx
AG-1266,"CAPA Impermeable, TRUPER SIZE L",consu,Herramientas,Units,Truper,,,False,False,False,SHARED,,,,1,1050.0,1050.0,1050.0,NEW_PRODUCT,1,1,CREATE_SHARED_PRODUCT,,SINGLE,COTIZACIONES_DORALEX_SRL_bb53.xlsx,Cotizacion (69),20,QUOTATION,"CAPA IMPERMEABLE, TRUPER SIZE L",150.0,1050.0,DOP,capa|impermeable|truper|size|l,COTIZACIONES_DORALEX_SRL_bb53.xlsx
AG-1267,"CAPA Impermeable, TRUPER SIZE XL",consu,Herramientas,Units,Truper,,,False,False,False,SHARED,,,,1,1075.0,1075.0,1075.0,NEW_PRODUCT,1,1,CREATE_SHARED_PRODUCT,,SINGLE,COTIZACIONES_DORALEX_SRL_bb53.xlsx,Cotizacion (69),21,QUOTATION,"CAPA IMPERMEABLE, TRUPER SIZE XL",150.0,1075.0,DOP,capa|impermeable|truper|size|xl,COTIZACIONES_DORALEX_SRL_bb53.xlsx
AG-1268,PORTA ROLO Refolsado TRUPER,consu,Herramientas,Units,Truper,,,False,False,False,SHARED,,,,1,225.0,225.0,225.0,NEW_PRODUCT,1,1,CREATE_SHARED_PRODUCT,,SINGLE,COTIZACIONES_DORALEX_SRL_bb53.xlsx,Cotizacion (70),19,QUOTATION,PORTA ROLO REFOLSADO TRUPER,250.0,225.0,DOP,porta|rolo|refolsado|truper,COTIZACIONES_DORALEX_SRL_bb53.xlsx
AG-1269,MINI PORTA ROLO,consu,Ferretería,Units,,,,False,False,False,SHARED,,,,1,205.0,205.0,205.0,NEW_PRODUCT,1,1,CREATE_SHARED_PRODUCT,,SINGLE,COTIZACIONES_DORALEX_SRL_bb53.xlsx,Cotizacion (70),20,QUOTATION,MINI PORTA ROLO,225.0,205.0,DOP,mini|porta|rolo,COTIZACIONES_DORALEX_SRL_bb53.xlsx
AG-1270,Masking TAPE BLANCO,consu,Ferretería,Units,,,,False,False,False,SHARED,,,,1,1440.0,1440.0,1440.0,NEW_PRODUCT,1,1,CREATE_SHARED_PRODUCT,,SINGLE,COTIZACIONES_DORALEX_SRL_bb53.xlsx,Cotizacion (70),22,QUOTATION,MASKING TAPE BLANCO,6.0,1440.0,DOP,masking|tape|blanco,COTIZACIONES_DORALEX_SRL_bb53.xlsx
AG-1271,Espatula DE 3'',consu,Ferretería,Units,,,,False,False,False,SHARED,,,,1,185.0,185.0,185.0,NEW_PRODUCT,1,1,CREATE_SHARED_PRODUCT,,SINGLE,COTIZACIONES_DORALEX_SRL_bb53.xlsx,Cotizacion (70),23,QUOTATION,ESPATULA DE 3'',200.0,185.0,DOP,espatula|3,COTIZACIONES_DORALEX_SRL_bb53.xlsx
AG-1272,Agregado GRUESO (GRAVA Caliza) 3/4,consu,Construcción,m,,,caliber=3/4,False,False,False,SHARED,,,,1,5800.0,5800.0,5800.0,NEW_PRODUCT,1,1,CREATE_SHARED_PRODUCT,,SINGLE,COTIZACIONES_DORALEX_SRL_bb53.xlsx,Cotizacion (72),18,QUOTATION,AGREGADO GRUESO (GRAVA CALIZA) 3/4,36.0,5800.0,DOP,agregado|grueso|grava|caliza|3/4|3/4,COTIZACIONES_DORALEX_SRL_bb53.xlsx
AG-1273,Pintura Acrilica PARA Exterior POPULAR/00,consu,Pinturas,Units,,,,False,False,False,SHARED,,,,1,9352.5,9352.5,9352.5,NEW_PRODUCT,1,1,CREATE_SHARED_PRODUCT,,SINGLE,COTIZACIONES_DORALEX_SRL_bb53.xlsx,Cotizacion (73),19,QUOTATION,PINTURA ACRILICA PARA EXTERIOR POPULAR/00,15.0,9352.5,DOP,pintura|acrilica|para|exterior|popular/00,COTIZACIONES_DORALEX_SRL_bb53.xlsx
AG-1274,AZUL Positivo Pintura Acrilica Popular,consu,Pinturas,Units,,,,False,False,False,SHARED,,,,1,11790.13,11790.13,11790.13,NEW_PRODUCT,1,1,CREATE_SHARED_PRODUCT,,SINGLE,COTIZACIONES_DORALEX_SRL_bb53.xlsx,Cotizacion (73),20,QUOTATION,AZUL POSITIVO PINTURA ACRILICA POPULAR,10.0,11790.13,DOP,azul|positivo|pintura|acrilica|popular,COTIZACIONES_DORALEX_SRL_bb53.xlsx
AG-1275,ROJO Positivo Pintura Acrilica Popular,consu,Pinturas,Units,,,,False,False,False,SHARED,,,,1,11790.13,11790.13,11790.13,NEW_PRODUCT,1,1,CREATE_SHARED_PRODUCT,,SINGLE,COTIZACIONES_DORALEX_SRL_bb53.xlsx,Cotizacion (73),21,QUOTATION,ROJO POSITIVO PINTURA ACRILICA POPULAR,10.0,11790.13,DOP,rojo|positivo|pintura|acrilica|popular,COTIZACIONES_DORALEX_SRL_bb53.xlsx
AG-1276,VERDE Positivo Pintura Acrilica Popular,consu,Pinturas,Units,,,,False,False,False,SHARED,,,,1,11790.13,11790.13,11790.13,NEW_PRODUCT,1,1,CREATE_SHARED_PRODUCT,,SINGLE,COTIZACIONES_DORALEX_SRL_bb53.xlsx,Cotizacion (73),22,QUOTATION,VERDE POSITIVO PINTURA ACRILICA POPULAR,10.0,11790.13,DOP,verde|positivo|pintura|acrilica|popular,COTIZACIONES_DORALEX_SRL_bb53.xlsx
AG-1277,Amarillo Positivo Pintura Acrilica Tropical/popular,consu,Pinturas,Units,Tropical,,,False,False,False,SHARED,,,,1,11790.13,11790.13,11790.13,NEW_PRODUCT,1,1,CREATE_SHARED_PRODUCT,,SINGLE,COTIZACIONES_DORALEX_SRL_bb53.xlsx,Cotizacion (73),23,QUOTATION,AMARILLO POSITIVO PINTURA ACRILICA TROPICAL/POPULAR,10.0,11790.13,DOP,amarillo|positivo|pintura|acrilica|tropical/popular,COTIZACIONES_DORALEX_SRL_bb53.xlsx
AG-1278,NEGRO 53 Positivo 'pintura Contractor Tropical,consu,Pinturas,Units,Tropical,,,False,False,False,SHARED,,,,1,11790.13,11790.13,11790.13,NEW_PRODUCT,1,1,CREATE_SHARED_PRODUCT,,SINGLE,COTIZACIONES_DORALEX_SRL_bb53.xlsx,Cotizacion (73),24,QUOTATION,NEGRO 53 POSITIVO 'PINTURA  CONTRACTOR  TROPICAL,10.0,11790.13,DOP,negro|53|positivo|pintura|contractor|tropical,COTIZACIONES_DORALEX_SRL_bb53.xlsx
AG-1279,Pintura ALTO Transito Popular Amarillo Trafico,consu,Pinturas,Units,,,,False,False,False,SHARED,,,,1,14100.75,14100.75,14100.75,NEW_PRODUCT,1,1,CREATE_SHARED_PRODUCT,,SINGLE,COTIZACIONES_DORALEX_SRL_bb53.xlsx,Cotizacion (73),25,QUOTATION,PINTURA ALTO TRANSITO POPULAR  AMARILLO TRAFICO,30.0,14100.75,DOP,pintura|alto|transito|popular|amarillo|trafico,COTIZACIONES_DORALEX_SRL_bb53.xlsx
AG-1280,Pintura ALTO Transito Tropical BLANCO Trafico,consu,Pinturas,Units,Tropical,,,False,False,False,SHARED,,,,1,14100.75,14100.75,14100.75,NEW_PRODUCT,1,1,CREATE_SHARED_PRODUCT,,SINGLE,COTIZACIONES_DORALEX_SRL_bb53.xlsx,Cotizacion (73),26,QUOTATION,PINTURA ALTO TRANSITO TROPICAL  BLANCO TRAFICO,30.0,14100.75,DOP,pintura|alto|transito|tropical|blanco|trafico,COTIZACIONES_DORALEX_SRL_bb53.xlsx
AG-1281,Agregado FINO (arena) LAVADA,consu,Construcción,m³,,,,False,False,False,SHARED,20,AGREGADO FINO (ARENA LAVADA),1291.5,2,2185.0,4070.0,4070.0,EXACT_MATCH,1,2,REUSE_UPDATE_PRICE,,MAX,COTIZACIONES_DORALEX_SRL_bb53.xlsx,Cotizacion (76),20,QUOTATION,AGREGADO FINO (ARENA) LAVADA,12.0,4070.0,DOP,agregado|fino|arena|lavada,COTIZACIONES_DORALEX_SRL_bb53.xlsx
AG-1282,Agregado GRUESO (grava) 3/4,consu,Construcción,m³,,,caliber=3/4,False,False,False,SHARED,,,,8,2054.91,3330.0,3330.0,AMBIGUOUS_MATCH,3,8,MANUAL_REVIEW,AMBIGUOUS_MATCH,MAX,COTIZACIONES_DORALEX_SRL_bb53.xlsx,Cotizacion (76),21,QUOTATION,AGREGADO GRUESO (GRAVA) 3/4,12.0,3330.0,DOP,agregado|grueso|grava|3/4|3/4,COTIZACIONES_DORALEX_SRL_bb53.xlsx | COTIZACIONES_DORALEX_f72a.xlsx | COTIZACIONES__REMPART_GROUP_2_3578.xlsx
AG-1283,Alambre CAL-16,consu,Ferretería,lb,,,,False,False,False,SHARED,,,,1,136.0,136.0,136.0,NEW_PRODUCT,1,1,CREATE_SHARED_PRODUCT,,SINGLE,COTIZACIONES_DORALEX_SRL_bb53.xlsx,Cotizacion (76),22,QUOTATION,ALAMBRE CAL-16,100.0,136.0,DOP,alambre|cal-16,COTIZACIONES_DORALEX_SRL_bb53.xlsx
AG-1284,Agregado FINO (arena) ITABO,consu,Construcción,m³,,,,False,False,False,SHARED,,,,2,2460.0,3330.0,3330.0,NEW_PRODUCT,1,2,CREATE_SHARED_PRODUCT,,MAX,COTIZACIONES_DORALEX_SRL_bb53.xlsx,Cotizacion (76),24,QUOTATION,AGREGADO FINO (ARENA) ITABO,5.0,3330.0,DOP,agregado|fino|arena|itabo,COTIZACIONES_DORALEX_SRL_bb53.xlsx
AG-1285,MEZCLA PAÑETE 42.5 KG/94 LB,consu,Ferretería,Units,,,presentation=42.5 kg,False,False,False,SHARED,,,,1,585.0,585.0,585.0,NEW_PRODUCT,1,1,CREATE_SHARED_PRODUCT,,SINGLE,COTIZACIONES_DORALEX_SRL_bb53.xlsx,Cotizacion (76),25,QUOTATION,MEZCLA PAÑETE 42.5 KG/94 LB,75.0,585.0,DOP,mezcla|panete|42.5|kg/94|lb|42.5 kg,COTIZACIONES_DORALEX_SRL_bb53.xlsx
AG-1286,Pintura Acrilica PARA Exterior BLANCO Colonial Popular 66 /tropical 01 PRO,consu,Pinturas,Units,Tropical,,,False,False,False,SHARED,,,,1,8050.0,8050.0,8050.0,NEW_PRODUCT,1,1,CREATE_SHARED_PRODUCT,,SINGLE,COTIZACIONES_DORALEX_SRL_bb53.xlsx,Cotizacion (75),21,QUOTATION,PINTURA ACRILICA PARA EXTERIOR BLANCO COLONIAL  POPULAR 66 /TROPICAL 01 PRO,10.0,8050.0,DOP,pintura|acrilica|para|exterior|blanco|colonial|popular|66,COTIZACIONES_DORALEX_SRL_bb53.xlsx
AG-1287,Pintura Popular Esmalte GRIS ARENA 62,consu,Pinturas,Gal,,,,False,False,False,SHARED,,,,1,2386.5,2386.5,2386.5,NEW_PRODUCT,1,1,CREATE_SHARED_PRODUCT,,SINGLE,COTIZACIONES_DORALEX_SRL_bb53.xlsx,Cotizacion (75),22,QUOTATION,PINTURA POPULAR  ESMALTE GRIS ARENA 62,1.0,2386.5,DOP,pintura|popular|esmalte|gris|arena|62,COTIZACIONES_DORALEX_SRL_bb53.xlsx
AG-1288,Pintura EN Aerosol NEGRO CON BRILLO 12/1,consu,Pinturas,Units,,,caliber=12/1,False,False,False,SHARED,,,,1,2880.0,2880.0,2880.0,NEW_PRODUCT,1,1,CREATE_SHARED_PRODUCT,,SINGLE,COTIZACIONES_DORALEX_SRL_bb53.xlsx,Cotizacion (75),23,QUOTATION,PINTURA EN AEROSOL NEGRO CON BRILLO 12/1,1.0,2880.0,DOP,pintura|aerosol|negro|brillo|12/1|12/1,COTIZACIONES_DORALEX_SRL_bb53.xlsx
AG-1289,Guantes DE CUERO P/ OBRERO (carnaza),consu,Ferretería,Units,,,,False,False,False,SHARED,,,,2,420.0,420.0,420.0,NEW_PRODUCT,1,2,CREATE_SHARED_PRODUCT,,MAX,COTIZACIONES_DORALEX_SRL_bb53.xlsx,Cotizacion (77),19,QUOTATION,GUANTES DE CUERO  P/ OBRERO (CARNAZA),500.0,420.0,DOP,guantes|cuero|p/|obrero|carnaza,COTIZACIONES_DORALEX_SRL_bb53.xlsx
AG-1290,Mascarilla CON FILTRO DOBLE Pretul/truper,consu,Herramientas,Units,Truper,,,False,False,False,SHARED,,,,2,2842.0,2842.0,2842.0,NEW_PRODUCT,1,2,CREATE_SHARED_PRODUCT,,MAX,COTIZACIONES_DORALEX_SRL_bb53.xlsx,Cotizacion (77),21,QUOTATION,MASCARILLA CON FILTRO DOBLE PRETUL/TRUPER,200.0,2842.0,DOP,mascarilla|filtro|doble|pretul/truper,COTIZACIONES_DORALEX_SRL_bb53.xlsx
AG-1291,Mascarilla Desechables KN95,consu,Ferretería,Units,,KN95,model=KN95,False,False,False,SHARED,,,,4,35.0,65.0,65.0,NEW_PRODUCT,1,4,CREATE_SHARED_PRODUCT,,MAX,COTIZACIONES_DORALEX_SRL_bb53.xlsx,Cotizacion (93),24,QUOTATION,MASCARILLA DESECHABLES KN95,120.0,65.0,DOP,mascarilla|desechables|kn95|KN95,COTIZACIONES_DORALEX_SRL_bb53.xlsx
AG-1292,LAPIZ DE CARBON Amarillo 12/1,consu,Ferretería,Units,,,caliber=12/1,False,False,False,SHARED,,,,1,68.0,68.0,68.0,NEW_PRODUCT,1,1,CREATE_SHARED_PRODUCT,,SINGLE,COTIZACIONES_DORALEX_SRL_bb53.xlsx,Cotizacion (80),19,QUOTATION,LAPIZ DE CARBON AMARILLO 12/1,500.0,68.0,DOP,lapiz|carbon|amarillo|12/1|12/1,COTIZACIONES_DORALEX_SRL_bb53.xlsx
AG-1293,Cuaderno FUSION 200 PAG,consu,Ferretería,Units,,,,False,False,False,SHARED,,,,1,75.0,75.0,75.0,NEW_PRODUCT,1,1,CREATE_SHARED_PRODUCT,,SINGLE,COTIZACIONES_DORALEX_SRL_bb53.xlsx,Cotizacion (80),20,QUOTATION,CUADERNO FUSION 200 PAG,2000.0,75.0,DOP,cuaderno|fusion|200|pag,COTIZACIONES_DORALEX_SRL_bb53.xlsx
AG-1294,Borrador 6X2CM,consu,Ferretería,Units,,,,False,False,False,SHARED,,,,1,170.0,170.0,170.0,NEW_PRODUCT,1,1,CREATE_SHARED_PRODUCT,,SINGLE,COTIZACIONES_DORALEX_SRL_bb53.xlsx,Cotizacion (80),21,QUOTATION,BORRADOR 6X2CM,500.0,170.0,DOP,borrador|6x2|cm,COTIZACIONES_DORALEX_SRL_bb53.xlsx
AG-1295,Tempera 6/1,consu,Ferretería,Units,,,caliber=6/1,False,False,False,SHARED,,,,1,125.0,125.0,125.0,NEW_PRODUCT,1,1,CREATE_SHARED_PRODUCT,,SINGLE,COTIZACIONES_DORALEX_SRL_bb53.xlsx,Cotizacion (80),22,QUOTATION,TEMPERA 6/1,500.0,125.0,DOP,tempera|6/1|6/1,COTIZACIONES_DORALEX_SRL_bb53.xlsx
AG-1296,LAPIZ DE COLOR 12/1,consu,Ferretería,Units,,,caliber=12/1,False,False,False,SHARED,,,,1,80.0,80.0,80.0,NEW_PRODUCT,1,1,CREATE_SHARED_PRODUCT,,SINGLE,COTIZACIONES_DORALEX_SRL_bb53.xlsx,Cotizacion (80),23,QUOTATION,LAPIZ DE COLOR 12/1,500.0,80.0,DOP,lapiz|color|12/1|12/1,COTIZACIONES_DORALEX_SRL_bb53.xlsx
AG-1297,EGA BLANCA 40G,consu,Ferretería,Units,,,,False,False,False,SHARED,,,,1,55.0,55.0,55.0,NEW_PRODUCT,1,1,CREATE_SHARED_PRODUCT,,SINGLE,COTIZACIONES_DORALEX_SRL_bb53.xlsx,Cotizacion (80),24,QUOTATION,EGA BLANCA 40G,500.0,55.0,DOP,ega|blanca|40g,COTIZACIONES_DORALEX_SRL_bb53.xlsx
AG-1298,SET DE Geometria,consu,Ferretería,Units,,,,False,False,False,SHARED,,,,1,50.0,50.0,50.0,NEW_PRODUCT,1,1,CREATE_SHARED_PRODUCT,,SINGLE,COTIZACIONES_DORALEX_SRL_bb53.xlsx,Cotizacion (80),25,QUOTATION,SET DE GEOMETRIA,500.0,50.0,DOP,set|geometria,COTIZACIONES_DORALEX_SRL_bb53.xlsx
AG-1299,Sacapunta,consu,Ferretería,Units,,,,False,False,False,SHARED,,,,1,6.0,6.0,6.0,NEW_PRODUCT,1,1,CREATE_SHARED_PRODUCT,,SINGLE,COTIZACIONES_DORALEX_SRL_bb53.xlsx,Cotizacion (80),26,QUOTATION,SACAPUNTA,500.0,6.0,DOP,sacapunta,COTIZACIONES_DORALEX_SRL_bb53.xlsx
AG-1300,Linterna Tactica POLICE FORCE J2 LED PFCL2F54,consu,Material eléctrico,Units,,PFCL2F54,model=PFCL2F54,False,False,False,SHARED,,,,1,2670.5,2670.5,2670.5,NEW_PRODUCT,1,1,CREATE_SHARED_PRODUCT,,SINGLE,COTIZACIONES_DORALEX_SRL_bb53.xlsx,Cotizacion (81),21,QUOTATION,LINTERNA TACTICA POLICE FORCE J2 LED PFCL2F54,50.0,2670.5,DOP,linterna|tactica|police|force|j2|led|pfcl2f54|PFCL2F54,COTIZACIONES_DORALEX_SRL_bb53.xlsx
AG-1301,TASER TYPE 928,consu,Ferretería,Units,,,,False,False,False,SHARED,,,,1,2955.0,2955.0,2955.0,NEW_PRODUCT,1,1,CREATE_SHARED_PRODUCT,,SINGLE,COTIZACIONES_DORALEX_SRL_bb53.xlsx,Cotizacion (81),22,QUOTATION,TASER TYPE 928,100.0,2955.0,DOP,taser|type|928,COTIZACIONES_DORALEX_SRL_bb53.xlsx
AG-1302,Tijeras 8'' Universal P/ Oficina Artesco,consu,Ferretería,Units,,,,False,False,False,SHARED,,,,2,205.0,205.0,205.0,NEW_PRODUCT,2,2,CREATE_SHARED_PRODUCT,,MAX,COTIZACIONES_DORALEX_SRL_bb53.xlsx,Cotizacion (87),19,QUOTATION,TIJERAS 8'' UNIVERSAL P/ OFICINA ARTESCO,50.0,205.0,DOP,tijeras|8|universal|p/|oficina|artesco,COTIZACIONES_DORALEX_SRL_bb53.xlsx | COTIZACIONES__REMPART_GROUP_2_3578.xlsx
AG-1303,PAPEL FOAMI 10/1 Colores Surtidos,consu,Oficina,Units,,,caliber=10/1,False,False,False,SHARED,,,,2,260.0,260.0,260.0,NEW_PRODUCT,2,2,CREATE_SHARED_PRODUCT,,MAX,COTIZACIONES_DORALEX_SRL_bb53.xlsx,Cotizacion (87),20,QUOTATION,PAPEL FOAMI 10/1 COLORES SURTIDOS,4.0,260.0,DOP,papel|foami|10/1|colores|surtidos|10/1,COTIZACIONES_DORALEX_SRL_bb53.xlsx | COTIZACIONES__REMPART_GROUP_2_3578.xlsx
AG-1304,PAPEL CREPE META (50x200) CM,consu,Oficina,Units,,,,False,False,False,SHARED,,,,2,45.0,45.0,45.0,NEW_PRODUCT,2,2,CREATE_SHARED_PRODUCT,,MAX,COTIZACIONES_DORALEX_SRL_bb53.xlsx,Cotizacion (87),21,QUOTATION,PAPEL CREPE META (50X200) CM,50.0,45.0,DOP,papel|crepe|meta|50x200|cm,COTIZACIONES_DORALEX_SRL_bb53.xlsx | COTIZACIONES__REMPART_GROUP_2_3578.xlsx
AG-1305,Silicon Liquido 30 ML Barrilito,consu,Ferretería,Units,,,,False,False,False,SHARED,,,,2,110.0,110.0,110.0,NEW_PRODUCT,2,2,CREATE_SHARED_PRODUCT,,MAX,COTIZACIONES_DORALEX_SRL_bb53.xlsx,Cotizacion (87),22,QUOTATION,SILICON LIQUIDO 30 ML BARRILITO,25.0,110.0,DOP,silicon|liquido|30|ml|barrilito,COTIZACIONES_DORALEX_SRL_bb53.xlsx | COTIZACIONES__REMPART_GROUP_2_3578.xlsx
AG-1306,Parchis Clasico,consu,Ferretería,Units,,,,False,False,False,SHARED,,,,2,160.0,160.0,160.0,NEW_PRODUCT,2,2,CREATE_SHARED_PRODUCT,,MAX,COTIZACIONES_DORALEX_SRL_bb53.xlsx,Cotizacion (87),23,QUOTATION,PARCHIS CLASICO,100.0,160.0,DOP,parchis|clasico,COTIZACIONES_DORALEX_SRL_bb53.xlsx | COTIZACIONES__REMPART_GROUP_2_3578.xlsx
AG-1307,AROS DE DANZA,consu,Ferretería,Units,,,,False,False,False,SHARED,,,,2,220.0,220.0,220.0,NEW_PRODUCT,2,2,CREATE_SHARED_PRODUCT,,MAX,COTIZACIONES_DORALEX_SRL_bb53.xlsx,Cotizacion (87),24,QUOTATION,AROS DE DANZA,100.0,220.0,DOP,aros|danza,COTIZACIONES_DORALEX_SRL_bb53.xlsx | COTIZACIONES__REMPART_GROUP_2_3578.xlsx
AG-1308,PELOTA Inflable Multicolor,consu,Ferretería,Units,,,,False,False,False,SHARED,,,,2,185.0,185.0,185.0,NEW_PRODUCT,2,2,CREATE_SHARED_PRODUCT,,MAX,COTIZACIONES_DORALEX_SRL_bb53.xlsx,Cotizacion (87),25,QUOTATION,PELOTA INFLABLE MULTICOLOR,100.0,185.0,DOP,pelota|inflable|multicolor,COTIZACIONES_DORALEX_SRL_bb53.xlsx | COTIZACIONES__REMPART_GROUP_2_3578.xlsx
AG-1309,OJOS Moviles P/ Manualidades 10MM 60/1,consu,Ferretería,Units,,,caliber=60/1,False,False,False,SHARED,,,,2,70.0,70.0,70.0,NEW_PRODUCT,2,2,CREATE_SHARED_PRODUCT,,MAX,COTIZACIONES_DORALEX_SRL_bb53.xlsx,Cotizacion (87),26,QUOTATION,OJOS MOVILES P/ MANUALIDADES 10MM  60/1,500.0,70.0,DOP,ojos|moviles|p/|manualidades|10|mm|60/1|60/1,COTIZACIONES_DORALEX_SRL_bb53.xlsx | COTIZACIONES__REMPART_GROUP_2_3578.xlsx
AG-1310,Botones Bariados PAQ 60/1,consu,Ferretería,Units,,,caliber=60/1,False,False,False,SHARED,,,,2,250.0,250.0,250.0,NEW_PRODUCT,2,2,CREATE_SHARED_PRODUCT,,MAX,COTIZACIONES_DORALEX_SRL_bb53.xlsx,Cotizacion (87),27,QUOTATION,BOTONES BARIADOS PAQ  60/1,200.0,250.0,DOP,botones|bariados|paq|60/1|60/1,COTIZACIONES_DORALEX_SRL_bb53.xlsx | COTIZACIONES__REMPART_GROUP_2_3578.xlsx
AG-1311,HILO DE LANA,consu,Ferretería,Units,,,,False,False,False,SHARED,,,,2,90.0,90.0,90.0,NEW_PRODUCT,2,2,CREATE_SHARED_PRODUCT,,MAX,COTIZACIONES_DORALEX_SRL_bb53.xlsx,Cotizacion (87),28,QUOTATION,HILO DE LANA,1.0,90.0,DOP,hilo|lana,COTIZACIONES_DORALEX_SRL_bb53.xlsx | COTIZACIONES__REMPART_GROUP_2_3578.xlsx
AG-1312,GLOBO LATEX 10''X 100 Balloons,consu,Ferretería,Units,,,,False,False,False,SHARED,,,,2,460.0,460.0,460.0,NEW_PRODUCT,2,2,CREATE_SHARED_PRODUCT,,MAX,COTIZACIONES_DORALEX_SRL_bb53.xlsx,Cotizacion (87),29,QUOTATION,GLOBO LATEX 10''X 100 BALLOONS,5.0,460.0,DOP,globo|latex|10|x|100|balloons,COTIZACIONES_DORALEX_SRL_bb53.xlsx | COTIZACIONES__REMPART_GROUP_2_3578.xlsx
AG-1313,Inflador Electrico,consu,Ferretería,Units,,,,False,False,False,SHARED,,,,2,2200.0,2200.0,2200.0,NEW_PRODUCT,2,2,CREATE_SHARED_PRODUCT,,MAX,COTIZACIONES_DORALEX_SRL_bb53.xlsx,Cotizacion (87),30,QUOTATION,INFLADOR ELECTRICO,1.0,2200.0,DOP,inflador|electrico,COTIZACIONES_DORALEX_SRL_bb53.xlsx | COTIZACIONES__REMPART_GROUP_2_3578.xlsx
AG-1314,Marcadores Permanentes Pelikan,consu,Ferretería,Units,,,,False,False,False,SHARED,,,,2,58.0,58.0,58.0,NEW_PRODUCT,2,2,CREATE_SHARED_PRODUCT,,MAX,COTIZACIONES_DORALEX_SRL_bb53.xlsx,Cotizacion (87),31,QUOTATION,MARCADORES PERMANENTES PELIKAN,24.0,58.0,DOP,marcadores|permanentes|pelikan,COTIZACIONES_DORALEX_SRL_bb53.xlsx | COTIZACIONES__REMPART_GROUP_2_3578.xlsx
AG-1315,Frontal -cabeza -1-LED-1XAA-200LM,consu,Material eléctrico,Units,,,,False,False,False,SHARED,,,,2,6720.0,6920.0,6920.0,NEW_PRODUCT,1,2,CREATE_SHARED_PRODUCT,,MAX,COTIZACIONES_DORALEX_SRL_bb53.xlsx,Cotizacion (93),20,QUOTATION,FRONTAL -CABEZA -1-LED-1XAA-200LM,20.0,6920.0,DOP,frontal|-cabeza|-1-led-1xaa-200lm,COTIZACIONES_DORALEX_SRL_bb53.xlsx
AG-1316,Guantes PROCT CORTE W-301 (NIVEL D) T9,consu,Ferretería,Units,,W-301,model=W-301,False,False,False,SHARED,,,,2,820.0,1300.0,1300.0,NEW_PRODUCT,1,2,CREATE_SHARED_PRODUCT,,MAX,COTIZACIONES_DORALEX_SRL_bb53.xlsx,Cotizacion (93),22,QUOTATION,GUANTES PROCT CORTE W-301 (NIVEL D) T9,20.0,1300.0,DOP,guantes|proct|corte|w-301|nivel|d|t9|W-301,COTIZACIONES_DORALEX_SRL_bb53.xlsx
AG-1317,BOTAS NEGRA DE Sguridad P/acero CON Aislante 6KV,consu,Ferretería,Units,,,,False,False,False,SHARED,,,,2,3440.0,3980.0,3980.0,NEW_PRODUCT,1,2,CREATE_SHARED_PRODUCT,,MAX,COTIZACIONES_DORALEX_SRL_bb53.xlsx,Cotizacion (93),23,QUOTATION,BOTAS NEGRA DE SGURIDAD P/ACERO CON AISLANTE 6KV,40.0,3980.0,DOP,botas|negra|sguridad|p/acero|aislante|6kv,COTIZACIONES_DORALEX_SRL_bb53.xlsx
AG-1318,Motosierra 18”48cc 2.4hp Gasoli. 2T,consu,Herramientas,Units,HP,,,False,False,False,SHARED,,,,2,30428.226,34828.226,34828.226,NEW_PRODUCT,1,2,CREATE_SHARED_PRODUCT,,MAX,COTIZACIONES_DORALEX_SRL_bb53.xlsx,Cotizacion (93),28,QUOTATION,MOTOSIERRA  18”48Cc 2.4Hp Gasoli. 2T,4.0,34828.226,DOP,motosierra|18|48cc|2.4hp|gasoli.|2t,COTIZACIONES_DORALEX_SRL_bb53.xlsx
AG-1319,"Chaleco Salvavidas (s,m,l)",consu,Ferretería,Units,,,,False,False,False,SHARED,,,,2,5800.0,5875.0,5875.0,NEW_PRODUCT,1,2,CREATE_SHARED_PRODUCT,,MAX,COTIZACIONES_DORALEX_SRL_bb53.xlsx,Cotizacion (93),29,QUOTATION,"CHALECO SALVAVIDAS (S,M,L)",20.0,5875.0,DOP,chaleco|salvavidas|s|m|l,COTIZACIONES_DORALEX_SRL_bb53.xlsx
AG-1320,Machete PULIDO Estandar CACHA Naranja TRUPER,consu,Herramientas,Units,Truper,,,False,False,False,SHARED,,,,2,740.0,1035.0,1035.0,NEW_PRODUCT,1,2,CREATE_SHARED_PRODUCT,,MAX,COTIZACIONES_DORALEX_SRL_bb53.xlsx,Cotizacion (93),30,QUOTATION,MACHETE PULIDO ESTANDAR CACHA NARANJA TRUPER,6.0,1035.0,DOP,machete|pulido|estandar|cacha|naranja|truper,COTIZACIONES_DORALEX_SRL_bb53.xlsx
AG-1321,HACHA MEDIA LABOR MANGO DE MADERA DE 36''truper,consu,Herramientas,Units,Truper,,,False,False,False,SHARED,,,,2,2046.4,2909.4,2909.4,NEW_PRODUCT,1,2,CREATE_SHARED_PRODUCT,,MAX,COTIZACIONES_DORALEX_SRL_bb53.xlsx,Cotizacion (93),31,QUOTATION,HACHA MEDIA LABOR MANGO DE MADERA  DE 36''TRUPER,6.0,2909.4,DOP,hacha|media|labor|mango|madera|36|truper,COTIZACIONES_DORALEX_SRL_bb53.xlsx
AG-1322,Megafono DE MANO 25W Grabadora Y BAT Recargable,consu,Ferretería,Units,,,power=25W,False,False,False,SHARED,,,,2,4692.82,4692.82,4692.82,NEW_PRODUCT,1,2,CREATE_SHARED_PRODUCT,,MAX,COTIZACIONES_DORALEX_SRL_bb53.xlsx,Cotizacion (86),32,QUOTATION,MEGAFONO DE MANO 25W GRABADORA Y BAT RECARGABLE,6.0,4692.82,DOP,megafono|mano|25|w|grabadora|bat|recargable|25W,COTIZACIONES_DORALEX_SRL_bb53.xlsx
AG-1323,SOGA DE CABUYA (R/ 33.07 LB),consu,Ferretería,Units,,,presentation=33.07 lb,False,False,False,SHARED,,,,2,10317.8,12317.8,12317.8,NEW_PRODUCT,1,2,CREATE_SHARED_PRODUCT,,MAX,COTIZACIONES_DORALEX_SRL_bb53.xlsx,Cotizacion (93),33,QUOTATION,SOGA DE CABUYA (R/ 33.07 LB),10.0,12317.8,DOP,soga|cabuya|r/|33.07|lb|33.07 lb,COTIZACIONES_DORALEX_SRL_bb53.xlsx
AG-1324,Botiquin DE Primeros Auxilio,consu,Ferretería,Units,,,,False,False,False,SHARED,,,,2,770.0,830.0,830.0,NEW_PRODUCT,1,2,CREATE_SHARED_PRODUCT,,MAX,COTIZACIONES_DORALEX_SRL_bb53.xlsx,Cotizacion (93),35,QUOTATION,BOTIQUIN DE PRIMEROS AUXILIO,12.0,830.0,DOP,botiquin|primeros|auxilio,COTIZACIONES_DORALEX_SRL_bb53.xlsx
AG-1325,Linterna Recargable 11 LED Rayovac,consu,Material eléctrico,Units,,,,False,False,False,SHARED,,,,2,1280.0,1680.0,1680.0,NEW_PRODUCT,1,2,CREATE_SHARED_PRODUCT,,MAX,COTIZACIONES_DORALEX_SRL_bb53.xlsx,Cotizacion (93),36,QUOTATION,LINTERNA RECARGABLE 11 LED RAYOVAC,20.0,1680.0,DOP,linterna|recargable|11|led|rayovac,COTIZACIONES_DORALEX_SRL_bb53.xlsx
AG-1326,Silbato C/cordon,consu,Ferretería,Units,,,,False,False,False,SHARED,,,,2,850.0,970.0,970.0,NEW_PRODUCT,1,2,CREATE_SHARED_PRODUCT,,MAX,COTIZACIONES_DORALEX_SRL_bb53.xlsx,Cotizacion (93),37,QUOTATION,SILBATO C/CORDON,200.0,970.0,DOP,silbato|c/cordon,COTIZACIONES_DORALEX_SRL_bb53.xlsx
AG-1327,CINTA Antideslizante Adhesiva NEGRA 5MM X 18M,consu,Ferretería,Units,,,,False,False,False,SHARED,,,,2,2880.0,2995.0,2995.0,NEW_PRODUCT,1,2,CREATE_SHARED_PRODUCT,,MAX,COTIZACIONES_DORALEX_SRL_bb53.xlsx,Cotizacion (93),38,QUOTATION,CINTA ANTIDESLIZANTE ADHESIVA NEGRA 5MM X 18M,15.0,2995.0,DOP,cinta|antideslizante|adhesiva|negra|5|mm|x|18m,COTIZACIONES_DORALEX_SRL_bb53.xlsx
AG-1328,CINTA DE Precaucion Amarilla,consu,Ferretería,Units,,,,False,False,False,SHARED,,,,2,596.0,876.0,876.0,NEW_PRODUCT,1,2,CREATE_SHARED_PRODUCT,,MAX,COTIZACIONES_DORALEX_SRL_bb53.xlsx,Cotizacion (93),39,QUOTATION,CINTA DE PRECAUCION AMARILLA,1.0,876.0,DOP,cinta|precaucion|amarilla,COTIZACIONES_DORALEX_SRL_bb53.xlsx
AG-1329,CINTA Reflectiva GRADO Diamante Amarilla 2'' X 150'',consu,Ferretería,Units,,,,False,False,False,SHARED,,,,2,7409.22,7809.22,7809.22,NEW_PRODUCT,1,2,CREATE_SHARED_PRODUCT,,MAX,COTIZACIONES_DORALEX_SRL_bb53.xlsx,Cotizacion (93),40,QUOTATION,CINTA REFLECTIVA GRADO DIAMANTE AMARILLA 2'' X 150'',3.0,7809.22,DOP,cinta|reflectiva|grado|diamante|amarilla|2|x|150,COTIZACIONES_DORALEX_SRL_bb53.xlsx
AG-1330,Señalizacion DE RUTA DE Evacuacion A LA Derecha Medidas 12X6,consu,Ferretería,Units,,,,False,False,False,SHARED,,,,2,1800.0,2250.0,2250.0,NEW_PRODUCT,1,2,CREATE_SHARED_PRODUCT,,MAX,COTIZACIONES_DORALEX_SRL_bb53.xlsx,Cotizacion (93),41,QUOTATION,SEÑALIZACION DE RUTA DE EVACUACION A LA DERECHA MEDIDAS 12X6,30.0,2250.0,DOP,senalizacion|ruta|evacuacion|a|derecha|medidas|12x6,COTIZACIONES_DORALEX_SRL_bb53.xlsx
AG-1331,Señalizacion DE PARE,consu,Ferretería,Units,,,,False,False,False,SHARED,,,,2,2700.0,2900.0,2900.0,NEW_PRODUCT,1,2,CREATE_SHARED_PRODUCT,,MAX,COTIZACIONES_DORALEX_SRL_bb53.xlsx,Cotizacion (93),42,QUOTATION,SEÑALIZACION DE PARE,8.0,2900.0,DOP,senalizacion|pare,COTIZACIONES_DORALEX_SRL_bb53.xlsx
AG-1332,Extintores ABC D/8.82 LB,consu,Ferretería,Units,,,presentation=8.82 lb,False,False,False,SHARED,,,,2,3250.0,5450.0,5450.0,NEW_PRODUCT,1,2,CREATE_SHARED_PRODUCT,,MAX,COTIZACIONES_DORALEX_SRL_bb53.xlsx,Cotizacion (93),43,QUOTATION,EXTINTORES ABC D/8.82 LB,10.0,5450.0,DOP,extintores|abc|d/8.82|lb|8.82 lb,COTIZACIONES_DORALEX_SRL_bb53.xlsx
AG-1333,"MAPA DE RD Actualizado AL 2025 FULL COLOR , 48'' X 60'', SUELTO EN BANNER C/estuche",consu,Ferretería,Units,,,,False,False,False,SHARED,,,,2,16500.0,17845.0,17845.0,NEW_PRODUCT,1,2,CREATE_SHARED_PRODUCT,,MAX,COTIZACIONES_DORALEX_SRL_bb53.xlsx,Cotizacion (93),44,QUOTATION,"MAPA DE RD ACTUALIZADO AL 2025 FULL COLOR , 48'' X 60'', SUELTO EN BANNER C/ESTUCHE",1.0,17845.0,DOP,mapa|rd|actualizado|al|2025|full|color|48,COTIZACIONES_DORALEX_SRL_bb53.xlsx
AG-1334,Alambre ELEC. AWG #12 NEGRO,consu,Ferretería,Units,,,,False,False,False,SHARED,,,,1,11500.0,11500.0,11500.0,NEW_PRODUCT,1,1,CREATE_SHARED_PRODUCT,,SINGLE,COTIZACIONES_DORALEX_SRL_bb53.xlsx,Cotizacion (90),18,QUOTATION,ALAMBRE ELEC. AWG #12 NEGRO,15.0,11500.0,DOP,alambre|elec.|awg|12|negro,COTIZACIONES_DORALEX_SRL_bb53.xlsx
AG-1335,Taladro DE Impacto 1100W EMTOP,consu,Herramientas,Units,,,power=1100W,False,False,False,SHARED,,,,1,5825.76,5825.76,5825.76,NEW_PRODUCT,1,1,CREATE_SHARED_PRODUCT,,SINGLE,COTIZACIONES_DORALEX_SRL_bb53.xlsx,Cotizacion (92),16,QUOTATION,TALADRO DE IMPACTO 1100W EMTOP,1.0,5825.76,DOP,taladro|impacto|1100|w|emtop|1100W,COTIZACIONES_DORALEX_SRL_bb53.xlsx
AG-1336,Demoledor Electrico SDS 2200W,consu,Material eléctrico,Units,,,power=2200W,False,False,False,SHARED,,,,1,57193.216,57193.216,57193.216,NEW_PRODUCT,1,1,CREATE_SHARED_PRODUCT,,SINGLE,COTIZACIONES_DORALEX_SRL_bb53.xlsx,Cotizacion (92),17,QUOTATION,DEMOLEDOR ELECTRICO SDS 2200W,2.0,57193.216,DOP,demoledor|electrico|sds|2200|w|2200W,COTIZACIONES_DORALEX_SRL_bb53.xlsx
AG-1337,ACEITE Kendall AIR COOLED 2T,consu,Material eléctrico,Units,,,,False,False,False,SHARED,,,,1,1250.0,1250.0,1250.0,NEW_PRODUCT,1,1,CREATE_SHARED_PRODUCT,,SINGLE,COTIZACIONES_DORALEX_SRL_bb53.xlsx,Cotizacion (94),16,QUOTATION,ACEITE KENDALL AIR COOLED 2T,70.0,1250.0,DOP,aceite|kendall|air|cooled|2t,COTIZACIONES_DORALEX_SRL_bb53.xlsx
AG-1338,ACEITE Kendall MOTO 4T Mineral 20W-50,consu,Ferretería,Units,,,power=20W,False,False,False,SHARED,,,,1,1535.6,1535.6,1535.6,NEW_PRODUCT,1,1,CREATE_SHARED_PRODUCT,,SINGLE,COTIZACIONES_DORALEX_SRL_bb53.xlsx,Cotizacion (94),17,QUOTATION,ACEITE KENDALL MOTO 4T MINERAL 20W-50,70.0,1535.6,DOP,aceite|kendall|moto|4t|mineral|20|w-50|20W,COTIZACIONES_DORALEX_SRL_bb53.xlsx
AG-1339,"GOMAS MAXXIS 12 R22.5 UM958 16PR TL 152/148K Combinada, TH",consu,Ferretería,Units,,UM958,model=UM958,False,False,False,SHARED,,,,1,,,,NEW_PRODUCT,1,1,MANUAL_REVIEW,MISSING_VALID_PRICE,NO_PRICE,,,,,,,,,gomas|maxxis|12|r22.5|um958|16pr|tl|152/148k|UM958,COTIZACIONES_DORALEX_SRL_bb53.xlsx
AG-1340,"SET GOMAS MAXXIS 750 R16 MA908 16PR 125/121L Combinada, SH",consu,Ferretería,Units,,MA908,presentation=121 l model=MA908,False,False,False,SHARED,,,,1,,,,NEW_PRODUCT,1,1,MANUAL_REVIEW,MISSING_VALID_PRICE,NO_PRICE,,,,,,,,,set|gomas|maxxis|750|r16|ma908|16pr|125/121l|MA908|121 l,COTIZACIONES_DORALEX_SRL_bb53.xlsx
AG-1341,"GOMAS MAXXIS 11 R22.5 UM958 16PR TL 148/145K Combinada, TH",consu,Ferretería,Units,,UM958,model=UM958,False,False,False,SHARED,,,,1,,,,NEW_PRODUCT,1,1,MANUAL_REVIEW,MISSING_VALID_PRICE,NO_PRICE,,,,,,,,,gomas|maxxis|11|r22.5|um958|16pr|tl|148/145k|UM958,COTIZACIONES_DORALEX_SRL_bb53.xlsx
AG-1342,"GOMAS MAXXIS 10 R22.5 UR288 14PR TL 144/142L Carretera, TH",consu,Ferretería,Units,,UR288,presentation=142 l model=UR288,False,False,False,SHARED,,,,1,,,,NEW_PRODUCT,1,1,MANUAL_REVIEW,MISSING_VALID_PRICE,NO_PRICE,,,,,,,,,gomas|maxxis|10|r22.5|ur288|14pr|tl|144/142l|UR288|142 l,COTIZACIONES_DORALEX_SRL_bb53.xlsx
AG-1343,FACT-B15-001,consu,Ferretería,Units,,FACT-B15-001,model=FACT-B15-001,False,False,False,SHARED,,,,1,,,,NEW_PRODUCT,1,1,MANUAL_REVIEW,PRICE_COLUMN_AMBIGUOUS;MISSING_VALID_PRICE,NO_PRICE,,,,,,,,,fact-b15-001|FACT-B15-001,COTIZACIONES_DORALEX_SRL_bb53.xlsx
AG-1344,FACT-B15-125,consu,Ferretería,Units,,FACT-B15-125,model=FACT-B15-125,False,False,False,SHARED,,,,2,,,,NEW_PRODUCT,1,2,MANUAL_REVIEW,PRICE_COLUMN_AMBIGUOUS;MISSING_VALID_PRICE,NO_PRICE,,,,,,,,,fact-b15-125|FACT-B15-125,COTIZACIONES_DORALEX_SRL_bb53.xlsx
AG-1345,FACT-B15-127,consu,Ferretería,Units,,FACT-B15-127,model=FACT-B15-127,False,False,False,SHARED,,,,2,,,,NEW_PRODUCT,1,2,MANUAL_REVIEW,PRICE_COLUMN_AMBIGUOUS;MISSING_VALID_PRICE,NO_PRICE,,,,,,,,,fact-b15-127|FACT-B15-127,COTIZACIONES_DORALEX_SRL_bb53.xlsx
AG-1346,FACT-B15-128,consu,Ferretería,Units,,FACT-B15-128,model=FACT-B15-128,False,False,False,SHARED,,,,2,,,,NEW_PRODUCT,1,2,MANUAL_REVIEW,PRICE_COLUMN_AMBIGUOUS;MISSING_VALID_PRICE,NO_PRICE,,,,,,,,,fact-b15-128|FACT-B15-128,COTIZACIONES_DORALEX_SRL_bb53.xlsx
AG-1347,FACT-B15-129,consu,Ferretería,Units,,FACT-B15-129,model=FACT-B15-129,False,False,False,SHARED,,,,2,,,,NEW_PRODUCT,1,2,MANUAL_REVIEW,PRICE_COLUMN_AMBIGUOUS;MISSING_VALID_PRICE,NO_PRICE,,,,,,,,,fact-b15-129|FACT-B15-129,COTIZACIONES_DORALEX_SRL_bb53.xlsx
AG-1348,"Tableta Samsung GALAXY TAB S6 LITE (2024) 10.4"", Velocidad2.3ghz, 1.7GHZ ,memoria",consu,Ferretería,Units,Samsung,VELOCIDAD2,"size=10.4"" model=VELOCIDAD2",False,False,False,SHARED,,,,1,30480.62,30480.62,30480.62,NEW_PRODUCT,1,1,CREATE_SHARED_PRODUCT,,SINGLE,COTIZACIONES_DORALEX_SRL_bb53.xlsx,Cotizacion (97),19,QUOTATION,"TABLETA SAMSUNG GALAXY TAB S6 LITE (2024) 10.4"", 
VELOCIDAD2.3GHZ, 1.7GHZ ,MEMORIA 4GB_64GB, 
ANDROID, WI-FI, BLUETOOTH, S PEN INCLUIDO, COVER TIPO PORTAFOLIO",10.0,30480.62,DOP,"tableta|samsung|galaxy|tab|s6|lite|2024|10.4""|VELOCIDAD2|10.4""",COTIZACIONES_DORALEX_SRL_bb53.xlsx
AG-1349,Cemento GRIS (aglomerante Portland) SANTO Domingo 42.5 Kg/94 LB,consu,Construcción,Units,,,presentation=42.5 kg,False,False,False,SHARED,,,,1,531.99,531.99,531.99,NEW_PRODUCT,1,1,CREATE_SHARED_PRODUCT,,SINGLE,COTIZACIONES_DORALEX_SRL_bb53.xlsx,Cotizacion (98),18,QUOTATION,CEMENTO GRIS (AGLOMERANTE PORTLAND) SANTO DOMINGO  42.5 Kg/94 LB,2000.0,531.99,DOP,cemento|gris|aglomerante|portland|santo|domingo|42.5|kg/94|42.5 kg,COTIZACIONES_DORALEX_SRL_bb53.xlsx
AG-1350,Alambre #10,consu,Ferretería,Units,,,,False,False,False,SHARED,,,,2,30.0,30.0,30.0,NEW_PRODUCT,2,2,CREATE_SHARED_PRODUCT,,SINGLE,COTIZACIONES__REMPART_GROUP_2_3578.xlsx,ELECTRICOS,18,QUOTATION,ALAMBRE #10,25.0,30.0,DOP,alambre|10,COTIZACIONES_DORALEX_SRL_bb53.xlsx | COTIZACIONES__REMPART_GROUP_2_3578.xlsx
AG-1351,TAPE NEGRO,consu,Ferretería,Units,,,,False,False,False,SHARED,,,,1,,,,NEW_PRODUCT,1,1,MANUAL_REVIEW,MISSING_VALID_PRICE,NO_PRICE,,,,,,,,,tape|negro,COTIZACIONES_DORALEX_SRL_bb53.xlsx
AG-1352,Conectores KIT,consu,Ferretería,Units,,,,False,False,False,SHARED,,,,2,2441.0,2441.0,2441.0,NEW_PRODUCT,2,2,CREATE_SHARED_PRODUCT,,SINGLE,COTIZACIONES__REMPART_GROUP_2_3578.xlsx,ELECTRICOS,20,QUOTATION,CONECTORES KIT,200.0,2441.0,DOP,conectores|kit,COTIZACIONES_DORALEX_SRL_bb53.xlsx | COTIZACIONES__REMPART_GROUP_2_3578.xlsx
AG-1353,Guantes DE Proteccion,consu,Ferretería,Units,,,,False,False,False,SHARED,,,,1,,,,NEW_PRODUCT,1,1,MANUAL_REVIEW,MISSING_VALID_PRICE,NO_PRICE,,,,,,,,,guantes|proteccion,COTIZACIONES_DORALEX_SRL_bb53.xlsx
AG-1354,CINTA Electrica,consu,Ferretería,Units,,,,False,False,False,SHARED,,,,1,,,,NEW_PRODUCT,1,1,MANUAL_REVIEW,MISSING_VALID_PRICE,NO_PRICE,,,,,,,,,cinta|electrica,COTIZACIONES_DORALEX_SRL_bb53.xlsx
AG-1355,ENLATE,consu,Ferretería,Units,,,,False,False,False,SHARED,,,,1,,,,NEW_PRODUCT,1,1,MANUAL_REVIEW,MISSING_VALID_PRICE,NO_PRICE,,,,,,,,,enlate,COTIZACIONES_DORALEX_SRL_bb53.xlsx
AG-1356,Playwood,consu,Ferretería,Units,,,,False,False,False,SHARED,,,,1,,,,NEW_PRODUCT,1,1,MANUAL_REVIEW,MISSING_VALID_PRICE,NO_PRICE,,,,,,,,,playwood,COTIZACIONES_DORALEX_SRL_bb53.xlsx
AG-1357,CONOS,consu,Ferretería,Units,,,,False,False,False,SHARED,,,,1,,,,NEW_PRODUCT,1,1,MANUAL_REVIEW,MISSING_VALID_PRICE,NO_PRICE,,,,,,,,,conos,COTIZACIONES_DORALEX_SRL_bb53.xlsx
AG-1358,"Inodoros Completos Incluyendo Fluxomento , TAPAS, Y Valvulas.",consu,Plomería,Units,,,,False,False,False,SHARED,,,,1,,,,NEW_PRODUCT,1,1,MANUAL_REVIEW,MISSING_VALID_PRICE,NO_PRICE,,,,,,,,,inodoros|completos|incluyendo|fluxomento|tapas|valvulas.,COTIZACIONES_DORALEX_SRL_bb53.xlsx
AG-1359,Porcelanato 60X60 LISO COLOR CREMA ANTI MANCHA,consu,Ferretería,m,,,,False,False,False,SHARED,,,,1,1150.0,1150.0,1150.0,NEW_PRODUCT,1,1,CREATE_SHARED_PRODUCT,,SINGLE,COTIZACIONES_DORALEX_f72a.xlsx,Cotizacion (19),16,QUOTATION,PORCELANATO 60X60 LISO COLOR CREMA ANTI MANCHA,150.0,1150.0,DOP,porcelanato|60x60|liso|color|crema|anti|mancha,COTIZACIONES_DORALEX_f72a.xlsx
AG-1360,Archivo Arcordeon 9x12 Pendaflex,consu,Ferretería,Units,,,,False,False,False,SHARED,,,,1,1050.0,1050.0,1050.0,NEW_PRODUCT,1,1,CREATE_SHARED_PRODUCT,,SINGLE,COTIZACIONES_DORALEX_f72a.xlsx,Cotizacion (20),16,QUOTATION,ARCHIVO ARCORDEON 9x12 PENDAFLEX,2.0,1050.0,DOP,archivo|arcordeon|9x12|pendaflex,COTIZACIONES_DORALEX_f72a.xlsx
AG-1361,Ambientador EN Aerosol GLADE Paraiso AZUL,consu,Ferretería,Units,,,,False,False,False,SHARED,,,,2,425.0,425.0,425.0,NEW_PRODUCT,2,2,CREATE_SHARED_PRODUCT,,SINGLE,COTIZACIONES_DORALEX_f72a.xlsx,Cotizacion (20),22,QUOTATION,AMBIENTADOR EN AEROSOL GLADE PARAISO AZUL,5.0,425.0,DOP,ambientador|aerosol|glade|paraiso|azul,COTIZACIONES_DORALEX_f72a.xlsx | COTIZACIONES__DOMINION_BUSINESS_18aa.xlsx
AG-1362,Ambientador EN Aerosol GLADE Lavanda Lavanda Y Vainilla,consu,Ferretería,Units,,,,False,False,False,SHARED,,,,2,425.0,425.0,425.0,NEW_PRODUCT,2,2,CREATE_SHARED_PRODUCT,,SINGLE,COTIZACIONES_DORALEX_f72a.xlsx,Cotizacion (20),23,QUOTATION,AMBIENTADOR  EN AEROSOL GLADE LAVANDA LAVANDA Y VAINILLA,5.0,425.0,DOP,ambientador|aerosol|glade|lavanda|lavanda|vainilla,COTIZACIONES_DORALEX_f72a.xlsx | COTIZACIONES__DOMINION_BUSINESS_18aa.xlsx
AG-1363,Ambientador EN Aerosol GLADE Manzana Y CANELA,consu,Ferretería,Units,,,,False,False,False,SHARED,,,,2,424.5,424.5,424.5,NEW_PRODUCT,2,2,CREATE_SHARED_PRODUCT,,SINGLE,COTIZACIONES_DORALEX_f72a.xlsx,Cotizacion (20),24,QUOTATION,AMBIENTADOR EN AEROSOL GLADE MANZANA Y CANELA,5.0,424.5,DOP,ambientador|aerosol|glade|manzana|canela,COTIZACIONES_DORALEX_f72a.xlsx | COTIZACIONES__DOMINION_BUSINESS_18aa.xlsx
AG-1364,Libreta RAYADA Amarilla 50 HOJAS Artesco 8½x 11 Plg,consu,Ferretería,Units,LG,,,False,False,False,SHARED,,,,1,140.0,140.0,140.0,NEW_PRODUCT,1,1,CREATE_SHARED_PRODUCT,,SINGLE,COTIZACIONES_DORALEX_f72a.xlsx,Cotizacion (20),25,QUOTATION,LIBRETA RAYADA AMARILLA 50 HOJAS ARTESCO  8½x 11 plg,6.0,140.0,DOP,libreta|rayada|amarilla|50|hojas|artesco|81|2x,COTIZACIONES_DORALEX_f72a.xlsx
AG-1365,Libreta RAYADA Amarilla 50 HOJAS Artesco 5x8 Plg,consu,Ferretería,Units,LG,,,False,False,False,SHARED,,,,2,74.0,74.0,74.0,NEW_PRODUCT,2,2,CREATE_SHARED_PRODUCT,,SINGLE,COTIZACIONES_DORALEX_f72a.xlsx,Cotizacion (20),26,QUOTATION,LIBRETA RAYADA AMARILLA 50 HOJAS ARTESCO 5x8 plg,6.0,74.0,DOP,libreta|rayada|amarilla|50|hojas|artesco|5x8|plg,COTIZACIONES_DORALEX_f72a.xlsx | COTIZACIONES__DOMINION_BUSINESS_18aa.xlsx
AG-1366,"RESMA DE PAPEL ABBY TAMAÑO CARTA Calibre 20, 8 1/2 * 11",consu,Oficina,Units,,,caliber=1/2,False,False,False,SHARED,,,,1,570.0,570.0,570.0,NEW_PRODUCT,1,1,CREATE_SHARED_PRODUCT,,SINGLE,COTIZACIONES_DORALEX_f72a.xlsx,Cotizacion (20),27,QUOTATION,"RESMA DE PAPEL ABBY TAMAÑO CARTA CALIBRE 20, 8 1/2 * 11",30.0,570.0,DOP,resma|papel|abby|tamano|carta|calibre|20|8|1/2,COTIZACIONES_DORALEX_f72a.xlsx
AG-1367,Contenedor DE BASURA DELTA 200 LT,consu,Ferretería,Units,,,,False,False,False,SHARED,,,,2,7650.0,7650.0,7650.0,NEW_PRODUCT,2,2,CREATE_SHARED_PRODUCT,,SINGLE,COTIZACIONES_DORALEX_f72a.xlsx,Cotizacion (21),16,QUOTATION,CONTENEDOR DE BASURA DELTA  200 LT,3.0,7650.0,DOP,contenedor|basura|delta|200|lt,COTIZACIONES_DORALEX_f72a.xlsx | COTIZACIONES__DOMINION_BUSINESS_18aa.xlsx
AG-1368,Tuberia Licuaty 3/4 Plastica,consu,Ferretería,Units,,,caliber=3/4,False,False,False,SHARED,,,,1,8450.0,8450.0,8450.0,NEW_PRODUCT,1,1,CREATE_SHARED_PRODUCT,,SINGLE,COTIZACIONES_DORALEX_f72a.xlsx,Cotizacion (22),49,QUOTATION,TUBERIA LICUATY 3/4 PLASTICA,6.0,8450.0,DOP,tuberia|licuaty|3/4|plastica|3/4,COTIZACIONES_DORALEX_f72a.xlsx
AG-1369,Caliche FINO,consu,Ferretería,m³,,,,False,False,False,SHARED,,,,1,705.0,705.0,705.0,NEW_PRODUCT,1,1,CREATE_SHARED_PRODUCT,,SINGLE,COTIZACIONES_DORALEX_f72a.xlsx,Cotizacion (23),15,QUOTATION,CALICHE FINO,298.0,705.0,DOP,caliche|fino,COTIZACIONES_DORALEX_f72a.xlsx
AG-1370,"Acondicionador DE AIRE A/C Inverte DE 18MIL BTU, Eficiencia 19 G-air/comfort TIME",consu,Ferretería,Units,,,,False,False,False,SHARED,,,,1,35995.84,35995.84,35995.84,NEW_PRODUCT,1,1,CREATE_SHARED_PRODUCT,,SINGLE,COTIZACIONES_DORALEX_f72a.xlsx,Cotizacion (24),19,QUOTATION,"ACONDICIONADOR DE AIRE A/C INVERTE DE 18MIL  BTU, EFICIENCIA 19 G-AIR/COMFORT TIME",20.0,35995.84,DOP,acondicionador|aire|a/c|inverte|18mil|btu|eficiencia|19,COTIZACIONES_DORALEX_f72a.xlsx
AG-1371,"Acondicionador DE AIRE A/C Inverte DE 24MIL BTU, Eficiencia 19 G-air/comfort TIME",consu,Ferretería,Units,,,,False,False,False,SHARED,,,,1,46988.4,46988.4,46988.4,NEW_PRODUCT,1,1,CREATE_SHARED_PRODUCT,,SINGLE,COTIZACIONES_DORALEX_f72a.xlsx,Cotizacion (24),20,QUOTATION,"ACONDICIONADOR DE AIRE A/C INVERTE DE 24MIL  BTU, EFICIENCIA 19 G-AIR/COMFORT TIME",2.0,46988.4,DOP,acondicionador|aire|a/c|inverte|24mil|btu|eficiencia|19,COTIZACIONES_DORALEX_f72a.xlsx
AG-1372,"Acondicionador DE AIRE Dutiable A/C Inverte DE 5 TON, Eficiencia 19 G-air/comfort TIME",consu,Ferretería,Units,,,,False,False,False,SHARED,,,,1,486958.0,486958.0,486958.0,NEW_PRODUCT,1,1,CREATE_SHARED_PRODUCT,,SINGLE,COTIZACIONES_DORALEX_f72a.xlsx,Cotizacion (24),21,QUOTATION,"ACONDICIONADOR DE AIRE DUTIABLE A/C INVERTE DE 5 TON, EFICIENCIA 19 G-AIR/COMFORT TIME",1.0,486958.0,DOP,acondicionador|aire|dutiable|a/c|inverte|5|ton|eficiencia,COTIZACIONES_DORALEX_f72a.xlsx
AG-1373,"NOTA: ESTA Cotizacion ESTA SUJETA A Cambios, UNA VEZ SE Proceda CON LA VISITA A CAMPO",consu,Ferretería,Units,,,,False,False,False,SHARED,,,,2,,,,NEW_PRODUCT,1,2,MANUAL_REVIEW,MISSING_VALID_PRICE,NO_PRICE,,,,,,,,,nota|esta|cotizacion|esta|sujeta|a|cambios|una,COTIZACIONES_DORALEX_f72a.xlsx
AG-1374,Alambre GALV. PICADO 12.5LB C-16 GRUESO,consu,Ferretería,lb,,,presentation=12.5 lb,False,False,False,SHARED,,,,1,679.66,679.66,679.66,NEW_PRODUCT,1,1,CREATE_SHARED_PRODUCT,,SINGLE,COTIZACIONES_DORALEX_f72a.xlsx,Cotizacion (26),15,QUOTATION,ALAMBRE GALV. PICADO 12.5LB C-16  GRUESO,40.0,679.66,DOP,alambre|galv.|picado|12.5|lb|c-16|grueso|12.5 lb,COTIZACIONES_DORALEX_f72a.xlsx
AG-1375,Varilla 3/4X40 (at-37) 40 AT 0 UD GDO 60 Metaldom,consu,Construcción,Units,,,,False,False,False,SHARED,,,,1,66945.74,66945.74,66945.74,NEW_PRODUCT,1,1,CREATE_SHARED_PRODUCT,,SINGLE,COTIZACIONES_DORALEX_f72a.xlsx,Cotizacion (27),15,QUOTATION,"VARILLA 3/4X40 (AT-37) 40 AT  0 UD  GDO 60 
METALDOM",40.0,66945.74,DOP,varilla|3/4x40|at-37|40|at|0|ud|gdo,COTIZACIONES_DORALEX_f72a.xlsx
AG-1376,Alambre GALV. PICADO 12.5LB/1 C-16 GRUESO,consu,Ferretería,Units,,,presentation=12.5 lb,False,False,False,SHARED,,,,1,729.76,729.76,729.76,NEW_PRODUCT,1,1,CREATE_SHARED_PRODUCT,,SINGLE,COTIZACIONES_DORALEX_f72a.xlsx,Cotizacion (27),16,QUOTATION,ALAMBRE GALV. PICADO 12.5LB/1 C-16  GRUESO,40.0,729.76,DOP,alambre|galv.|picado|12.5|lb/1|c-16|grueso|12.5 lb,COTIZACIONES_DORALEX_f72a.xlsx
AG-1377,12R24.5- Grandstone ZIGZAG GT168,consu,Ferretería,Units,,GT168,model=GT168,False,False,False,SHARED,,,,1,27898.13,27898.13,27898.13,NEW_PRODUCT,1,1,CREATE_SHARED_PRODUCT,,SINGLE,COTIZACIONES_DORALEX_f72a.xlsx,Cotizacion (28),15,QUOTATION,12R24.5- GRANDSTONE ZIGZAG GT168,24.0,27898.13,DOP,12r24.5-|grandstone|zigzag|gt168|GT168,COTIZACIONES_DORALEX_f72a.xlsx
AG-1378,12R22.5 GMX GM869 18PR Combinada,consu,Ferretería,Units,,GM869,model=GM869,False,False,False,SHARED,,,,1,21830.51,21830.51,21830.51,NEW_PRODUCT,1,1,CREATE_SHARED_PRODUCT,,SINGLE,COTIZACIONES_DORALEX_f72a.xlsx,Cotizacion (28),16,QUOTATION,12R22.5 GMX GM869 18PR COMBINADA,10.0,21830.51,DOP,12r22.5|gmx|gm869|18pr|combinada|GM869,COTIZACIONES_DORALEX_f72a.xlsx
AG-1379,195R15COSMO EL JEFE VAN Ll 8 PR,consu,Ferretería,Units,,,,False,False,False,SHARED,,,,1,8944.95,8944.95,8944.95,NEW_PRODUCT,1,1,CREATE_SHARED_PRODUCT,,SINGLE,COTIZACIONES_DORALEX_f72a.xlsx,Cotizacion (28),17,QUOTATION,195R15COSMO EL JEFE VAN ll 8 PR,4.0,8944.95,DOP,195r15cosmo|jefe|van|ll|8|pr,COTIZACIONES_DORALEX_f72a.xlsx
AG-1380,265/65R17 Bfgoodrich Trail-terra,consu,Ferretería,Units,,,,False,False,False,SHARED,,,,1,19386.64,19386.64,19386.64,NEW_PRODUCT,1,1,CREATE_SHARED_PRODUCT,,SINGLE,COTIZACIONES_DORALEX_f72a.xlsx,Cotizacion (28),18,QUOTATION,265/65R17 BFGOODRICH TRAIL-TERRA,4.0,19386.64,DOP,265/65r17|bfgoodrich|trail-terra,COTIZACIONES_DORALEX_f72a.xlsx
AG-1381,Alambre Electrico DE TIERRA THHN (AWG) 2.5mm. Cordiflex,consu,Ferretería,ft,,,,False,False,False,SHARED,,,,1,,,,NEW_PRODUCT,1,1,MANUAL_REVIEW,MISSING_VALID_PRICE,NO_PRICE,,,,,,,,,alambre|electrico|tierra|thhn|awg|2.5|mm.|cordiflex,COTIZACIONES_DORALEX_f72a.xlsx
AG-1382,Alambre Electrico THHN (AWG) NO.12 PHELPS DODGE ROJO,consu,Ferretería,ft,,,,False,False,False,SHARED,,,,1,,,,NEW_PRODUCT,1,1,MANUAL_REVIEW,MISSING_VALID_PRICE,NO_PRICE,,,,,,,,,alambre|electrico|thhn|awg|no.12|phelps|dodge|rojo,COTIZACIONES_DORALEX_f72a.xlsx
AG-1383,Alambres Electricothhn (AWG) NO.12 PHELPS DODGE NEGRO,consu,Ferretería,ft,,,,False,False,False,SHARED,,,,1,,,,NEW_PRODUCT,1,1,MANUAL_REVIEW,MISSING_VALID_PRICE,NO_PRICE,,,,,,,,,alambres|electricothhn|awg|no.12|phelps|dodge|negro,COTIZACIONES_DORALEX_f72a.xlsx
AG-1384,Alambre Electrico THHN (AWG) NO.12 PHELPS DODGE BANCO,consu,Ferretería,ft,,,,False,False,False,SHARED,,,,1,,,,NEW_PRODUCT,1,1,MANUAL_REVIEW,MISSING_VALID_PRICE,NO_PRICE,,,,,,,,,alambre|electrico|thhn|awg|no.12|phelps|dodge|banco,COTIZACIONES_DORALEX_f72a.xlsx
AG-1385,Alambre Electrico THHN (AWG) NO.12 PHELPS DODGE VERDE,consu,Ferretería,ft,,,,False,False,False,SHARED,,,,1,,,,NEW_PRODUCT,1,1,MANUAL_REVIEW,MISSING_VALID_PRICE,NO_PRICE,,,,,,,,,alambre|electrico|thhn|awg|no.12|phelps|dodge|verde,COTIZACIONES_DORALEX_f72a.xlsx
AG-1386,Alambre Electrico THHN (AWG) NO.08 PHELPS DODGE ROJO,consu,Ferretería,ft,,,,False,False,False,SHARED,,,,1,,,,NEW_PRODUCT,1,1,MANUAL_REVIEW,MISSING_VALID_PRICE,NO_PRICE,,,,,,,,,alambre|electrico|thhn|awg|no.08|phelps|dodge|rojo,COTIZACIONES_DORALEX_f72a.xlsx
AG-1387,Alambres Electrico THHN (AWG) NO.10 PHELPS DODGE NEGRO,consu,Ferretería,ft,,,,False,False,False,SHARED,,,,1,,,,NEW_PRODUCT,1,1,MANUAL_REVIEW,MISSING_VALID_PRICE,NO_PRICE,,,,,,,,,alambres|electrico|thhn|awg|no.10|phelps|dodge|negro,COTIZACIONES_DORALEX_f72a.xlsx
AG-1388,"Compresor DE AIRE 24 LTS, 120V PARA PINTAR",consu,Ferretería,Units,,,,False,False,False,SHARED,,,,1,17500.0,17500.0,17500.0,NEW_PRODUCT,1,1,CREATE_SHARED_PRODUCT,,SINGLE,COTIZACIONES_DORALEX_f72a.xlsx,Cotizacion (30),15,QUOTATION,"COMPRESOR DE AIRE 24 LTS, 120V PARA PINTAR",2.0,17500.0,DOP,compresor|aire|24|lts|120v|para|pintar,COTIZACIONES_DORALEX_f72a.xlsx
AG-1389,PINCEL PUNTA Redonda CERDA BLANCA DE 10 KEPP Smiling,consu,Ferretería,Units,,,,False,False,False,SHARED,,,,1,45.0,45.0,45.0,NEW_PRODUCT,1,1,CREATE_SHARED_PRODUCT,,SINGLE,COTIZACIONES_DORALEX_f72a.xlsx,Cotizacion (30),16,QUOTATION,PINCEL PUNTA REDONDA CERDA BLANCA DE 10 KEPP SMILING,300.0,45.0,DOP,pincel|punta|redonda|cerda|blanca|10|kepp|smiling,COTIZACIONES_DORALEX_f72a.xlsx
AG-1390,PINCEL PUNTA Redonda CERDA BLANCA DE 8 KEPP Smiling,consu,Ferretería,Units,,,,False,False,False,SHARED,,,,1,45.0,45.0,45.0,NEW_PRODUCT,1,1,CREATE_SHARED_PRODUCT,,SINGLE,COTIZACIONES_DORALEX_f72a.xlsx,Cotizacion (30),17,QUOTATION,PINCEL PUNTA REDONDA CERDA BLANCA DE  8 KEPP SMILING,100.0,45.0,DOP,pincel|punta|redonda|cerda|blanca|8|kepp|smiling,COTIZACIONES_DORALEX_f72a.xlsx
AG-1391,PINCEL PUNTA Redonda CERDA BLANCA DE 6 KEPP Smiling,consu,Ferretería,Units,,,,False,False,False,SHARED,,,,1,40.0,40.0,40.0,NEW_PRODUCT,1,1,CREATE_SHARED_PRODUCT,,SINGLE,COTIZACIONES_DORALEX_f72a.xlsx,Cotizacion (30),18,QUOTATION,PINCEL PUNTA REDONDA CERDA BLANCA DE 6 KEPP SMILING,100.0,40.0,DOP,pincel|punta|redonda|cerda|blanca|6|kepp|smiling,COTIZACIONES_DORALEX_f72a.xlsx
AG-1392,PINCEL PUNTA Redonda CERDA BLANCA DE 4 KEPP Smiling,consu,Ferretería,Units,,,,False,False,False,SHARED,,,,1,40.0,40.0,40.0,NEW_PRODUCT,1,1,CREATE_SHARED_PRODUCT,,SINGLE,COTIZACIONES_DORALEX_f72a.xlsx,Cotizacion (30),19,QUOTATION,PINCEL PUNTA REDONDA CERDA BLANCA DE 4 KEPP SMILING,100.0,40.0,DOP,pincel|punta|redonda|cerda|blanca|4|kepp|smiling,COTIZACIONES_DORALEX_f72a.xlsx
AG-1393,PINCEL PUNTA Redonda CERDA BLANCA DE 2 KEPP Smiling,consu,Ferretería,Units,,,,False,False,False,SHARED,,,,1,35.0,35.0,35.0,NEW_PRODUCT,1,1,CREATE_SHARED_PRODUCT,,SINGLE,COTIZACIONES_DORALEX_f72a.xlsx,Cotizacion (30),20,QUOTATION,PINCEL PUNTA REDONDA CERDA BLANCA DE 2 KEPP SMILING,100.0,35.0,DOP,pincel|punta|redonda|cerda|blanca|2|kepp|smiling,COTIZACIONES_DORALEX_f72a.xlsx
AG-1394,MOTA RUGOSA 23cm PELO Sintetico TRUPER,consu,Herramientas,Units,Truper,,,False,False,False,SHARED,,,,1,950.0,950.0,950.0,NEW_PRODUCT,1,1,CREATE_SHARED_PRODUCT,,SINGLE,COTIZACIONES_DORALEX_f72a.xlsx,Cotizacion (30),21,QUOTATION,MOTA  RUGOSA 23cm PELO SINTETICO TRUPER,500.0,950.0,DOP,mota|rugosa|23|cm|pelo|sintetico|truper,COTIZACIONES_DORALEX_f72a.xlsx
AG-1395,PORTA ROLO 9 Profesional LANCO,consu,Ferretería,Units,,,,False,False,False,SHARED,,,,1,195.3,195.3,195.3,NEW_PRODUCT,1,1,CREATE_SHARED_PRODUCT,,SINGLE,COTIZACIONES_DORALEX_f72a.xlsx,Cotizacion (30),22,QUOTATION,PORTA ROLO 9 PROFESIONAL LANCO,1000.0,195.3,DOP,porta|rolo|9|profesional|lanco,COTIZACIONES_DORALEX_f72a.xlsx
AG-1396,Masking TAPE BYP VERDE 3/4'' X25 Mts 3M,consu,Ferretería,Units,,,caliber=3/4,False,False,False,SHARED,,,,1,285.4,285.4,285.4,NEW_PRODUCT,1,1,CREATE_SHARED_PRODUCT,,SINGLE,COTIZACIONES_DORALEX_f72a.xlsx,Cotizacion (30),23,QUOTATION,MASKING TAPE BYP VERDE 3/4'' x25 mts 3M,1000.0,285.4,DOP,masking|tape|byp|verde|3/4|x25|mts|3m|3/4,COTIZACIONES_DORALEX_f72a.xlsx
AG-1397,CINTA Metrica 100m/330x Mm FIBRA TRUPER,consu,Herramientas,Units,Truper,,,False,False,False,SHARED,,,,1,329.0,329.0,329.0,NEW_PRODUCT,1,1,CREATE_SHARED_PRODUCT,,SINGLE,COTIZACIONES_DORALEX_f72a.xlsx,Cotizacion (30),24,QUOTATION,CINTA METRICA 100m/330x mm FIBRA TRUPER,4.0,329.0,DOP,cinta|metrica|100m/330x|mm|fibra|truper,COTIZACIONES_DORALEX_f72a.xlsx
AG-1398,Extencion Electrica PWE-C9-75FT PROW Naranja,consu,Ferretería,Units,,,capacity=75 pies,False,False,False,SHARED,,,,1,923.0,923.0,923.0,NEW_PRODUCT,1,1,CREATE_SHARED_PRODUCT,,SINGLE,COTIZACIONES_DORALEX_f72a.xlsx,Cotizacion (30),25,QUOTATION,EXTENCION ELECTRICA PWE-C9-75FT PROW NARANJA,8.0,923.0,DOP,extencion|electrica|pwe-c9-75ft|prow|naranja|75 pies,COTIZACIONES_DORALEX_f72a.xlsx
AG-1399,CARPAS Plegables Parasol 3x3 TORDO Pegable Impermeable Reforzado TIPO ARAÑA,consu,Ferretería,Units,,,,False,False,False,SHARED,,,,1,318.0,318.0,318.0,NEW_PRODUCT,1,1,CREATE_SHARED_PRODUCT,,SINGLE,COTIZACIONES_DORALEX_f72a.xlsx,Cotizacion (30),26,QUOTATION,CARPAS PLEGABLES PARASOL 3x3 TORDO PEGABLE IMPERMEABLE REFORZADO TIPO   ARAÑA,12.0,318.0,DOP,carpas|plegables|parasol|3x3|tordo|pegable|impermeable|reforzado,COTIZACIONES_DORALEX_f72a.xlsx
AG-1400,Sombrero PARA SOL CON CUBRE NUCA Y TAPA BOCA CON FILTRO UV,consu,Ferretería,Units,,,,False,False,False,SHARED,,,,1,900.0,900.0,900.0,NEW_PRODUCT,1,1,CREATE_SHARED_PRODUCT,,SINGLE,COTIZACIONES_DORALEX_f72a.xlsx,Cotizacion (30),27,QUOTATION,SOMBRERO  PARA SOL CON CUBRE NUCA Y TAPA BOCA CON FILTRO UV,36.0,900.0,DOP,sombrero|para|sol|cubre|nuca|tapa|boca|filtro,COTIZACIONES_DORALEX_f72a.xlsx
AG-1401,CAJA DE Herramientas Mediana Plastica KENDO,consu,Ferretería,Units,,,,False,False,False,SHARED,,,,1,915.0,915.0,915.0,NEW_PRODUCT,1,1,CREATE_SHARED_PRODUCT,,SINGLE,COTIZACIONES_DORALEX_f72a.xlsx,Cotizacion (30),28,QUOTATION,CAJA DE HERRAMIENTAS MEDIANA PLASTICA KENDO,36.0,915.0,DOP,caja|herramientas|mediana|plastica|kendo,COTIZACIONES_DORALEX_f72a.xlsx
AG-1402,Andamio DEL CARIBE 2x1 MTS CUERPO DE Andamio Completo,consu,Ferretería,Units,,,,False,False,False,SHARED,,,,1,31500.5,31500.5,31500.5,NEW_PRODUCT,1,1,CREATE_SHARED_PRODUCT,,SINGLE,COTIZACIONES_DORALEX_f72a.xlsx,Cotizacion (30),29,QUOTATION,ANDAMIO DEL CARIBE 2x1 MTS CUERPO DE ANDAMIO COMPLETO,36.0,31500.5,DOP,andamio|caribe|2x1|mts|cuerpo|andamio|completo,COTIZACIONES_DORALEX_f72a.xlsx
AG-1403,72 Marcos,consu,Ferretería,Units,,,,False,False,False,SHARED,,,,1,,,,NEW_PRODUCT,1,1,MANUAL_REVIEW,MISSING_VALID_PRICE,NO_PRICE,,,,,,,,,72|marcos,COTIZACIONES_DORALEX_f72a.xlsx
AG-1404,144 Cruzeta Cortas,consu,Ferretería,Units,,,,False,False,False,SHARED,,,,1,,,,NEW_PRODUCT,1,1,MANUAL_REVIEW,MISSING_VALID_PRICE,NO_PRICE,,,,,,,,,144|cruzeta|cortas,COTIZACIONES_DORALEX_f72a.xlsx
AG-1405,72 Cruzetas Largas,consu,Ferretería,Units,,,,False,False,False,SHARED,,,,1,,,,NEW_PRODUCT,1,1,MANUAL_REVIEW,MISSING_VALID_PRICE,NO_PRICE,,,,,,,,,72|cruzetas|largas,COTIZACIONES_DORALEX_f72a.xlsx
AG-1406,36 Tablas,consu,Ferretería,Units,,,,False,False,False,SHARED,,,,1,,,,NEW_PRODUCT,1,1,MANUAL_REVIEW,MISSING_VALID_PRICE,NO_PRICE,,,,,,,,,36|tablas,COTIZACIONES_DORALEX_f72a.xlsx
AG-1407,36 Juntos,consu,Ferretería,Units,,,,False,False,False,SHARED,,,,1,,,,NEW_PRODUCT,1,1,MANUAL_REVIEW,MISSING_VALID_PRICE,NO_PRICE,,,,,,,,,36|juntos,COTIZACIONES_DORALEX_f72a.xlsx
AG-1408,36 Tubos,consu,Plomería,Units,,,,False,False,False,SHARED,,,,1,,,,NEW_PRODUCT,1,1,MANUAL_REVIEW,MISSING_VALID_PRICE,NO_PRICE,,,,,,,,,36|tubos,COTIZACIONES_DORALEX_f72a.xlsx
AG-1409,"NEVERA PARA HIELO GRIS, Ruedas, ASA, 70QT IGLOO",consu,Electrodomésticos,Units,,,,False,False,False,SHARED,,,,1,15000.5,15000.5,15000.5,NEW_PRODUCT,1,1,CREATE_SHARED_PRODUCT,,SINGLE,COTIZACIONES_DORALEX_f72a.xlsx,Cotizacion (30),36,QUOTATION,"NEVERA PARA HIELO GRIS, RUEDAS, ASA, 70QT IGLOO",4.0,15000.5,DOP,nevera|para|hielo|gris|ruedas|asa|70qt|igloo,COTIZACIONES_DORALEX_f72a.xlsx
AG-1410,"Transformadores, Inversor DE Corriente 1000W Compuesto DE CARGA USB, 12V A 110V",consu,Ferretería,Units,,,power=1000W,False,False,False,SHARED,,,,1,5500.0,5500.0,5500.0,NEW_PRODUCT,1,1,CREATE_SHARED_PRODUCT,,SINGLE,COTIZACIONES_DORALEX_f72a.xlsx,Cotizacion (30),37,QUOTATION,"TRANSFORMADORES, INVERSOR DE CORRIENTE 1000W COMPUESTO DE CARGA USB, 12V A 110V",4.0,5500.0,DOP,transformadores|inversor|corriente|1000|w|compuesto|carga|usb|1000W,COTIZACIONES_DORALEX_f72a.xlsx
AG-1411,"Camioneta NISSAN Frontier NP300 AÑO 2019, FICHA 275, PLACA L406494 CHASIS",consu,Ferretería,Units,,NP300,model=NP300,False,False,False,SHARED,,,,1,9000.0,9000.0,9000.0,NEW_PRODUCT,1,1,CREATE_SHARED_PRODUCT,,SINGLE,COTIZACIONES_DORALEX_f72a.xlsx,MANTENIMIENTO VEHICULOS,27,QUOTATION,"CAMIONETA NISSAN FRONTIER NP300 AÑO 2019, FICHA 275, PLACA L406494 CHASIS 3N6CD33B2ZK401746",1.0,9000.0,DOP,camioneta|nissan|frontier|np300|ano|2019|ficha|275|NP300,COTIZACIONES_DORALEX_f72a.xlsx
AG-1412,Sheetrock 4x8,consu,Ferretería,Units,,,,False,False,False,SHARED,,,,1,,,,NEW_PRODUCT,1,1,MANUAL_REVIEW,MISSING_VALID_PRICE,NO_PRICE,,,,,,,,,sheetrock|4x8,COTIZACIONES_DORALEX_f72a.xlsx
AG-1413,PARAL PARA Sheetrock 2 1/2 X10,consu,Ferretería,Units,,,caliber=1/2,False,False,False,SHARED,,,,1,,,,NEW_PRODUCT,1,1,MANUAL_REVIEW,MISSING_VALID_PRICE,NO_PRICE,,,,,,,,,paral|para|sheetrock|2|1/2|x10|1/2,COTIZACIONES_DORALEX_f72a.xlsx
AG-1414,PERFIL PARA Sheetrock 2 1/2 X10,consu,Ferretería,Units,,,caliber=1/2,False,False,False,SHARED,,,,1,,,,NEW_PRODUCT,1,1,MANUAL_REVIEW,MISSING_VALID_PRICE,NO_PRICE,,,,,,,,,perfil|para|sheetrock|2|1/2|x10|1/2,COTIZACIONES_DORALEX_f72a.xlsx
AG-1415,KIT Talador 1/2 Atornillador DE Impacto 1/4,consu,Ferretería,Units,,,caliber=1/2,False,False,False,SHARED,,,,1,,,,NEW_PRODUCT,1,1,MANUAL_REVIEW,MISSING_VALID_PRICE,NO_PRICE,,,,,,,,,kit|talador|1/2|atornillador|impacto|1/4|1/2,COTIZACIONES_DORALEX_f72a.xlsx
AG-1416,Tarugos VERDES,consu,Ferretería,Units,,,,False,False,False,SHARED,,,,1,2.61,2.61,2.61,NEW_PRODUCT,1,1,CREATE_SHARED_PRODUCT,,SINGLE,COTIZACIONES_DORALEX_f72a.xlsx,LIGA MUNICIPAL,19,QUOTATION,TARUGOS VERDES,500.0,2.61,DOP,tarugos|verdes,COTIZACIONES_DORALEX_f72a.xlsx
AG-1417,Tornillos PARA Sheetrock 1 1/4,consu,Ferretería,Units,,,caliber=1/4,False,False,False,SHARED,,,,1,,,,NEW_PRODUCT,1,1,MANUAL_REVIEW,MISSING_VALID_PRICE,NO_PRICE,,,,,,,,,tornillos|para|sheetrock|1|1/4|1/4,COTIZACIONES_DORALEX_f72a.xlsx
AG-1418,Tornillos Diablitos DE 1,consu,Ferretería,Units,,,,False,False,False,SHARED,,,,1,,,,NEW_PRODUCT,1,1,MANUAL_REVIEW,MISSING_VALID_PRICE,NO_PRICE,,,,,,,,,tornillos|diablitos|1,COTIZACIONES_DORALEX_f72a.xlsx
AG-1419,Tornillos Diablito DE 1 1/2,consu,Ferretería,Units,,,caliber=1/2,False,False,False,SHARED,,,,1,,,,NEW_PRODUCT,1,1,MANUAL_REVIEW,MISSING_VALID_PRICE,NO_PRICE,,,,,,,,,tornillos|diablito|1|1/2|1/2,COTIZACIONES_DORALEX_f72a.xlsx
AG-1420,Cortadora DE CESPED,consu,Ferretería,Units,,,,False,False,False,SHARED,,,,1,,,,NEW_PRODUCT,1,1,MANUAL_REVIEW,MISSING_VALID_PRICE,NO_PRICE,,,,,,,,,cortadora|cesped,COTIZACIONES_DORALEX_f72a.xlsx
AG-1421,Desbrozadora Trimmer Cortador DE CESPED,consu,Ferretería,Units,,,,False,False,False,SHARED,,,,1,,,,NEW_PRODUCT,1,1,MANUAL_REVIEW,MISSING_VALID_PRICE,NO_PRICE,,,,,,,,,desbrozadora|trimmer|cortador|cesped,COTIZACIONES_DORALEX_f72a.xlsx
AG-1422,Sopladora,consu,Ferretería,Units,,,,False,False,False,SHARED,,,,1,,,,NEW_PRODUCT,1,1,MANUAL_REVIEW,MISSING_VALID_PRICE,NO_PRICE,,,,,,,,,sopladora,COTIZACIONES_DORALEX_f72a.xlsx
AG-1423,Soldadura Universal 7018 Universal,consu,Ferretería,lb,,,,False,False,False,SHARED,,,,2,111.0,411.95,411.95,NEW_PRODUCT,2,2,CREATE_SHARED_PRODUCT,,MAX,COTIZACIONES__REMPART_GROUP_2_3578.xlsx,ELECTRICOS (2),17,QUOTATION,soLDADURA UNIVERSAL 7018 UNIVERSAL,100.0,411.95,DOP,soldadura|universal|7018|universal,COTIZACIONES_DORALEX_f72a.xlsx | COTIZACIONES__REMPART_GROUP_2_3578.xlsx
AG-1424,DISCO CORTE METAL INOX 9 METABO,consu,Ferretería,Units,,,,False,False,False,SHARED,,,,2,232.0,895.0,895.0,NEW_PRODUCT,2,2,CREATE_SHARED_PRODUCT,,MAX,COTIZACIONES__REMPART_GROUP_2_3578.xlsx,ELECTRICOS (2),18,QUOTATION,DISCO CORTE METAL INOX 9 METABO,10.0,895.0,DOP,disco|corte|metal|inox|9|metabo,COTIZACIONES_DORALEX_f72a.xlsx | COTIZACIONES__REMPART_GROUP_2_3578.xlsx
AG-1425,Thinner TH-1000-GL Tropical,consu,Pinturas,Gal,Tropical,TH-1000-GL,model=TH-1000-GL,False,False,False,SHARED,,,,1,359.0,359.0,359.0,NEW_PRODUCT,1,1,CREATE_SHARED_PRODUCT,,SINGLE,COTIZACIONES_DORALEX_f72a.xlsx,LIGA MUNICIPAL 2 (2),17,QUOTATION,THINNER TH-1000-GL TROPICAL,5.0,359.0,DOP,thinner|th-1000-gal|tropical|TH-1000-GL,COTIZACIONES_DORALEX_f72a.xlsx
AG-1426,Pintura Esmalte OXIDO NEGRO Tropical,consu,Pinturas,Gal,Tropical,,,False,False,False,SHARED,,,,1,499.0,499.0,499.0,NEW_PRODUCT,1,1,CREATE_SHARED_PRODUCT,,SINGLE,COTIZACIONES_DORALEX_f72a.xlsx,LIGA MUNICIPAL 2 (2),18,QUOTATION,PINTURA ESMALTE OXIDO NEGRO TROPICAL,10.0,499.0,DOP,pintura|esmalte|oxido|negro|tropical,COTIZACIONES_DORALEX_f72a.xlsx
AG-1427,Planchuela 2x1/4x20 -34 LBS,consu,Ferretería,Units,,,presentation=34 lbs,False,False,False,SHARED,,,,2,1166.0,3837.29,3837.29,NEW_PRODUCT,2,2,CREATE_SHARED_PRODUCT,,MAX,COTIZACIONES__REMPART_GROUP_2_3578.xlsx,ELECTRICOS (2),19,QUOTATION,PLANCHUELA 2X1/4X20 -34 LBS,15.0,3837.29,DOP,planchuela|2x1/4x20|-34|lb|34 lbs,COTIZACIONES_DORALEX_f72a.xlsx | COTIZACIONES__REMPART_GROUP_2_3578.xlsx
AG-1428,Angular 2x1/4x20 -63.8 Lbs,consu,Ferretería,Units,,,presentation=63.8 lbs,False,False,False,SHARED,,,,1,2158.0,2158.0,2158.0,NEW_PRODUCT,1,1,CREATE_SHARED_PRODUCT,,SINGLE,COTIZACIONES_DORALEX_f72a.xlsx,LIGA MUNICIPAL 2 (2),21,QUOTATION,ANGULAR 2x1/4x20 -63.8 lbs,15.0,2158.0,DOP,angular|2x1/4x20|-63.8|lb|63.8 lb,COTIZACIONES_DORALEX_f72a.xlsx
AG-1429,VIGA H 4x4-30 (13.0# )-390 LBS,consu,Ferretería,Units,,,presentation=390 lbs,False,False,False,SHARED,,,,2,20796.85,20796.85,20796.85,NEW_PRODUCT,2,2,CREATE_SHARED_PRODUCT,,SINGLE,COTIZACIONES__REMPART_GROUP_2_3578.xlsx,ELECTRICOS (2),21,QUOTATION,VIGA H 4X4-30 (13.0#) -390 LBS,10.0,20796.85,DOP,viga|h|4x4-30|13.0|-390|lb|390 lbs,COTIZACIONES_DORALEX_f72a.xlsx | COTIZACIONES__REMPART_GROUP_2_3578.xlsx
AG-1430,VIGA H 6x6-30 (25.0# )-750 LBS,consu,Ferretería,Units,,,presentation=750 lbs,False,False,False,SHARED,,,,2,41999.88,41999.88,41999.88,NEW_PRODUCT,2,2,CREATE_SHARED_PRODUCT,,SINGLE,COTIZACIONES__REMPART_GROUP_2_3578.xlsx,ELECTRICOS (2),22,QUOTATION,VIGA H 6X6-30 (25.0#) -750 LBS,10.0,41999.88,DOP,viga|h|6x6-30|25.0|-750|lb|750 lbs,COTIZACIONES_DORALEX_f72a.xlsx | COTIZACIONES__REMPART_GROUP_2_3578.xlsx
AG-1431,VIGA H 6X4-30 (16.0#) -480 LBS FINA,consu,Ferretería,Units,,,presentation=480 lbs,False,False,False,SHARED,,,,2,24898.95,24898.95,24898.95,NEW_PRODUCT,2,2,CREATE_SHARED_PRODUCT,,SINGLE,COTIZACIONES__REMPART_GROUP_2_3578.xlsx,ELECTRICOS (2),23,QUOTATION,VIGA H 6X4-30 (16.0#) -480 LBS FINA,10.0,24898.95,DOP,viga|h|6x4-30|16.0|-480|lb|fina|480 lbs,COTIZACIONES_DORALEX_f72a.xlsx | COTIZACIONES__REMPART_GROUP_2_3578.xlsx
AG-1432,RESINA Epoxica Transparente Y ALTA Resistencia,consu,Ferretería,Gal,,,,False,False,False,SHARED,,,,1,,,,NEW_PRODUCT,1,1,MANUAL_REVIEW,MISSING_VALID_PRICE,NO_PRICE,,,,,,,,,resina|epoxica|transparente|alta|resistencia,COTIZACIONES_DORALEX_f72a.xlsx
AG-1433,VASOS Medidores DE Silicona CON Boquilla,consu,Ferretería,Units,,,,False,False,False,SHARED,,,,1,,,,NEW_PRODUCT,1,1,MANUAL_REVIEW,MISSING_VALID_PRICE,NO_PRICE,,,,,,,,,vasos|medidores|silicona|boquilla,COTIZACIONES_DORALEX_f72a.xlsx
AG-1434,BORLA DE HILO CHINO O SEDA Diversos Colores,consu,Ferretería,Units,,,,False,False,False,SHARED,,,,1,,,,NEW_PRODUCT,1,1,MANUAL_REVIEW,MISSING_VALID_PRICE,NO_PRICE,,,,,,,,,borla|hilo|chino|o|seda|diversos|colores,COTIZACIONES_DORALEX_f72a.xlsx
AG-1435,Argollas PARA Llavero Metalicos DE ALTA Resistencia 25Y 33MM,consu,Ferretería,Units,,,,False,False,False,SHARED,,,,1,,,,NEW_PRODUCT,1,1,MANUAL_REVIEW,MISSING_VALID_PRICE,NO_PRICE,,,,,,,,,argollas|para|llavero|metalicos|alta|resistencia|25y|33,COTIZACIONES_DORALEX_f72a.xlsx
AG-1436,MOLDE DE ARETES DE Silicona Flexible Y DE FORMA COMUN Y DE Calidad,consu,Ferretería,Units,,,,False,False,False,SHARED,,,,1,,,,NEW_PRODUCT,1,1,MANUAL_REVIEW,MISSING_VALID_PRICE,NO_PRICE,,,,,,,,,molde|aretes|silicona|flexible|forma|comun|calidad,COTIZACIONES_DORALEX_f72a.xlsx
AG-1437,Llaveros DE ALTA Durabilidad Y Acabado Brillante,consu,Ferretería,Units,,,,False,False,False,SHARED,,,,1,,,,NEW_PRODUCT,1,1,MANUAL_REVIEW,MISSING_VALID_PRICE,NO_PRICE,,,,,,,,,llaveros|alta|durabilidad|acabado|brillante,COTIZACIONES_DORALEX_f72a.xlsx
AG-1438,Cancamo DE Acabado Metalico DE ROSCA FINA 8 Y 10 MM,consu,Ferretería,Units,,,,False,False,False,SHARED,,,,1,,,,NEW_PRODUCT,1,1,MANUAL_REVIEW,MISSING_VALID_PRICE,NO_PRICE,,,,,,,,,cancamo|acabado|metalico|rosca|fina|8|10|mm,COTIZACIONES_DORALEX_f72a.xlsx
AG-1439,"MOLDES PARA Llavero DE Silicon DE 8 Flexibles, LISO Y Brillante EN EL Interior",consu,Ferretería,Units,,,,False,False,False,SHARED,,,,1,,,,NEW_PRODUCT,1,1,MANUAL_REVIEW,MISSING_VALID_PRICE,NO_PRICE,,,,,,,,,moldes|para|llavero|silicon|8|flexibles|liso|brillante,COTIZACIONES_DORALEX_f72a.xlsx
AG-1440,Palitos DE PALETA DE MADERA Superficie LISA Resistente 30CM,consu,Ferretería,Units,,,,False,False,False,SHARED,,,,1,,,,NEW_PRODUCT,1,1,MANUAL_REVIEW,MISSING_VALID_PRICE,NO_PRICE,,,,,,,,,palitos|paleta|madera|superficie|lisa|resistente|30|cm,COTIZACIONES_DORALEX_f72a.xlsx
AG-1441,MOLDES DE LETRAS DE Silicona DE ALTA Calidad Y Enterior Brillante Alfanumericos DE 3 Y 5,consu,Ferretería,Units,,,,False,False,False,SHARED,,,,1,,,,NEW_PRODUCT,1,1,MANUAL_REVIEW,MISSING_VALID_PRICE,NO_PRICE,,,,,,,,,moldes|letras|silicona|alta|calidad|enterior|brillante|alfanumericos,COTIZACIONES_DORALEX_f72a.xlsx
AG-1442,Mechero (sopletes) DISEÑO LIGERO LLAMA AZUL TIPO Antorcha DE BUTANO,consu,Ferretería,Units,,,,False,False,False,SHARED,,,,1,,,,NEW_PRODUCT,1,1,MANUAL_REVIEW,MISSING_VALID_PRICE,NO_PRICE,,,,,,,,,mechero|sopletes|diseno|ligero|llama|azul|tipo|antorcha,COTIZACIONES_DORALEX_f72a.xlsx
AG-1443,GAS BUTANO PARA Mechero DE LLAMA AZUL Controlable EN BOTES DE Aerosol Metalico DE 250ML,consu,Ferretería,Units,,,,False,False,False,SHARED,,,,1,,,,NEW_PRODUCT,1,1,MANUAL_REVIEW,MISSING_VALID_PRICE,NO_PRICE,,,,,,,,,gas|butano|para|mechero|llama|azul|controlable|botes,COTIZACIONES_DORALEX_f72a.xlsx
AG-1444,MICA EN POLVO Defecto Metalico Y Brillante Compatible CON RESINA DE ALTA Resistencia,consu,Ferretería,Units,,,,False,False,False,SHARED,,,,1,,,,NEW_PRODUCT,1,1,MANUAL_REVIEW,MISSING_VALID_PRICE,NO_PRICE,,,,,,,,,mica|polvo|defecto|metalico|brillante|compatible|resina|alta,COTIZACIONES_DORALEX_f72a.xlsx
AG-1445,"Liquido DE Colores Y Compatible PARA RESINA EN TONOS Intensos , Pasteles Y Brillante 24/1",consu,Ferretería,Units,,,caliber=24/1,False,False,False,SHARED,,,,1,,,,NEW_PRODUCT,1,1,MANUAL_REVIEW,MISSING_VALID_PRICE,NO_PRICE,,,,,,,,,liquido|colores|compatible|para|resina|tonos|intensos|pasteles|24/1,COTIZACIONES_DORALEX_f72a.xlsx
AG-1446,Escarcha PARA RESINA DE ALTA Resistencia Y Durabilidad VARIOS Colores 24/1,consu,Ferretería,Units,,,caliber=24/1,False,False,False,SHARED,,,,1,,,,NEW_PRODUCT,1,1,MANUAL_REVIEW,MISSING_VALID_PRICE,NO_PRICE,,,,,,,,,escarcha|para|resina|alta|resistencia|durabilidad|varios|colores|24/1,COTIZACIONES_DORALEX_f72a.xlsx
AG-1447,Ansuelos PARA ARETES Resistentes EN ACERO Inoxidable Y FORMA Curvada,consu,Ferretería,Units,,,,False,False,False,SHARED,,,,1,,,,NEW_PRODUCT,1,1,MANUAL_REVIEW,MISSING_VALID_PRICE,NO_PRICE,,,,,,,,,ansuelos|para|aretes|resistentes|acero|inoxidable|forma|curvada,COTIZACIONES_DORALEX_f72a.xlsx
AG-1448,PINZAS DE ACERO Inoxidable DE ALTA Resistencia PUNTA FINA Y MANGO Ergonomico,consu,Ferretería,Units,,,,False,False,False,SHARED,,,,1,,,,NEW_PRODUCT,1,1,MANUAL_REVIEW,MISSING_VALID_PRICE,NO_PRICE,,,,,,,,,pinzas|acero|inoxidable|alta|resistencia|punta|fina|mango,COTIZACIONES_DORALEX_f72a.xlsx
AG-1449,Guantes DE COLOR AZUL DE Nitrilo DE ALTA Resistencia Quimica,consu,Ferretería,Units,,,,False,False,False,SHARED,,,,1,,,,NEW_PRODUCT,1,1,MANUAL_REVIEW,MISSING_VALID_PRICE,NO_PRICE,,,,,,,,,guantes|color|azul|nitrilo|alta|resistencia|quimica,COTIZACIONES_DORALEX_f72a.xlsx
AG-1450,Alcohol Osopropilico DE 95% A 99% PUREZA,consu,Ferretería,Gal,,,,False,False,False,SHARED,,,,1,,,,NEW_PRODUCT,1,1,MANUAL_REVIEW,MISSING_VALID_PRICE,NO_PRICE,,,,,,,,,alcohol|osopropilico|95%|a|99%|pureza,COTIZACIONES_DORALEX_f72a.xlsx
AG-1451,Lampara UV Potencia DE 36W A 54W DE ALTA Potencia Y Recargable,consu,Ferretería,Units,,,power=36W,False,False,False,SHARED,,,,1,,,,NEW_PRODUCT,1,1,MANUAL_REVIEW,MISSING_VALID_PRICE,NO_PRICE,,,,,,,,,lampara|uv|potencia|36|w|a|54|w|36W,COTIZACIONES_DORALEX_f72a.xlsx
AG-1452,BARRO Natural DE ALTA Plasticidad Arcilla ROJA,consu,Ferretería,lb,,,,False,False,False,SHARED,,,,1,,,,NEW_PRODUCT,1,1,MANUAL_REVIEW,MISSING_VALID_PRICE,NO_PRICE,,,,,,,,,barro|natural|alta|plasticidad|arcilla|roja,COTIZACIONES_DORALEX_f72a.xlsx
AG-1453,SET DE Herrramientas Modelado DE BARRO DE MADERA,consu,Ferretería,Units,,,,False,False,False,SHARED,,,,1,,,,NEW_PRODUCT,1,1,MANUAL_REVIEW,MISSING_VALID_PRICE,NO_PRICE,,,,,,,,,set|herrramientas|modelado|barro|madera,COTIZACIONES_DORALEX_f72a.xlsx
AG-1454,215-A TONER HP PARA Impresora COLOR Laserjet (w2310a ) NEGRO,consu,Tecnología,Units,HP,W2310A,model=W2310A,False,False,False,SHARED,,,,2,6807.5,6952.05,6952.05,NEW_PRODUCT,1,1,CREATE_SHARED_PRODUCT,,MAX,COTIZACIONES_DORALEX_f72a.xlsx,LIGA MUNICIPAL 2 (4),16,QUOTATION,215-A TONER HP PARA IMPRESORA COLOR LASERJET (W2310A ) MAGENTA,1.0,6952.05,DOP,215-a|toner|hp|para|impresora|color|laserjet|w2310a|W2310A,COTIZACIONES_DORALEX_f72a.xlsx
AG-1455,Laserjet W2111A NEGRO TONER HP PARA Impresora Laserjet,consu,Tecnología,Units,HP,W2111A,model=W2111A,False,False,False,SHARED,,,,1,6832.21,6832.21,6832.21,NEW_PRODUCT,1,1,CREATE_SHARED_PRODUCT,,SINGLE,COTIZACIONES_DORALEX_f72a.xlsx,LIGA MUNICIPAL 2 (4),17,QUOTATION,LASERJET W2111A NEGRO TONER HP PARA IMPRESORA LASERJET,3.0,6832.21,DOP,laserjet|w2111a|negro|toner|hp|para|impresora|laserjet|W2111A,COTIZACIONES_DORALEX_f72a.xlsx
AG-1456,Laserjet W2111A CIAN TONER HP PARA Impresora COLOR Laserjet,consu,Tecnología,Units,HP,W2111A,model=W2111A,False,False,False,SHARED,,,,1,6941.0,6941.0,6941.0,NEW_PRODUCT,1,1,CREATE_SHARED_PRODUCT,,SINGLE,COTIZACIONES_DORALEX_f72a.xlsx,LIGA MUNICIPAL 2 (4),18,QUOTATION,LASERJET W2111A CIAN TONER HP PARA IMPRESORA COLOR LASERJET,1.0,6941.0,DOP,laserjet|w2111a|cian|toner|hp|para|impresora|color|W2111A,COTIZACIONES_DORALEX_f72a.xlsx
AG-1457,Laserjet W2112A Amarillo TONER HP PARA Impresora COLOR Laserjet,consu,Tecnología,Units,HP,W2112A,model=W2112A,False,False,False,SHARED,,,,1,6665.0,6665.0,6665.0,NEW_PRODUCT,1,1,CREATE_SHARED_PRODUCT,,SINGLE,COTIZACIONES_DORALEX_f72a.xlsx,LIGA MUNICIPAL 2 (4),19,QUOTATION,LASERJET W2112A AMARILLO TONER HP PARA IMPRESORA COLOR LASERJET,2.0,6665.0,DOP,laserjet|w2112a|amarillo|toner|hp|para|impresora|color|W2112A,COTIZACIONES_DORALEX_f72a.xlsx
AG-1458,131-A Amarillo Paginas PARA Impresora COLOR Laserjet,consu,Tecnología,Units,,,,False,False,False,SHARED,,,,1,12300.21,12300.21,12300.21,NEW_PRODUCT,1,1,CREATE_SHARED_PRODUCT,,SINGLE,COTIZACIONES_DORALEX_f72a.xlsx,LIGA MUNICIPAL 2 (4),20,QUOTATION,131-A AMARILLO PAGINAS PARA IMPRESORA COLOR LASERJET,2.0,12300.21,DOP,131-a|amarillo|paginas|para|impresora|color|laserjet,COTIZACIONES_DORALEX_f72a.xlsx
AG-1459,137-A NEGRO TONER Standard HP,consu,Tecnología,Units,HP,,,False,False,False,SHARED,,,,1,6295.0,6295.0,6295.0,NEW_PRODUCT,1,1,CREATE_SHARED_PRODUCT,,SINGLE,COTIZACIONES_DORALEX_f72a.xlsx,LIGA MUNICIPAL 2 (4),21,QUOTATION,137-A NEGRO TONER STANDARD  HP,4.0,6295.0,DOP,137-a|negro|toner|standard|hp,COTIZACIONES_DORALEX_f72a.xlsx
AG-1460,87-A NEGRO TONER CONY 87A,consu,Tecnología,Units,,,,False,False,False,SHARED,,,,1,4946.0,4946.0,4946.0,NEW_PRODUCT,1,1,CREATE_SHARED_PRODUCT,,SINGLE,COTIZACIONES_DORALEX_f72a.xlsx,LIGA MUNICIPAL 2 (4),22,QUOTATION,87-A NEGRO TONER CONY 87A,4.0,4946.0,DOP,87-a|negro|toner|cony|87a,COTIZACIONES_DORALEX_f72a.xlsx
AG-1461,136-A NEGRO TONER Standard HP,consu,Tecnología,Units,HP,,,False,False,False,SHARED,,,,1,4975.0,4975.0,4975.0,NEW_PRODUCT,1,1,CREATE_SHARED_PRODUCT,,SINGLE,COTIZACIONES_DORALEX_f72a.xlsx,LIGA MUNICIPAL 2 (4),23,QUOTATION,136-A NEGRO TONER STANDARD HP,3.0,4975.0,DOP,136-a|negro|toner|standard|hp,COTIZACIONES_DORALEX_f72a.xlsx
AG-1462,05-A NEGRO TONER HP PAGINA PARA Impresora Laserjet,consu,Tecnología,Units,HP,,,False,False,False,SHARED,,,,1,12963.0,12963.0,12963.0,NEW_PRODUCT,1,1,CREATE_SHARED_PRODUCT,,SINGLE,COTIZACIONES_DORALEX_f72a.xlsx,LIGA MUNICIPAL 2 (4),24,QUOTATION,05-A NEGRO TONER HP PAGINA PARA IMPRESORA  LASERJET,1.0,12963.0,DOP,05-a|negro|toner|hp|pagina|para|impresora|laserjet,COTIZACIONES_DORALEX_f72a.xlsx
AG-1463,215-A (w2310a ) NEGRO,consu,Ferretería,Units,,W2310A,model=W2310A,False,False,False,SHARED,,,,1,3605.93,3605.93,3605.93,NEW_PRODUCT,1,1,CREATE_SHARED_PRODUCT,,SINGLE,COTIZACIONES_DORALEX_f72a.xlsx,LIGA MUNICIPAL 2 (5),15,QUOTATION,215-A (W2310A ) NEGRO,2.0,3605.93,DOP,215-a|w2310a|negro|W2310A,COTIZACIONES_DORALEX_f72a.xlsx
AG-1464,215-A (w2310a ) Magenta,consu,Ferretería,Units,,W2310A,model=W2310A,False,False,False,SHARED,,,,1,3894.07,3894.07,3894.07,NEW_PRODUCT,1,1,CREATE_SHARED_PRODUCT,,SINGLE,COTIZACIONES_DORALEX_f72a.xlsx,LIGA MUNICIPAL 2 (5),16,QUOTATION,215-A (W2310A ) MAGENTA,1.0,3894.07,DOP,215-a|w2310a|magenta|W2310A,COTIZACIONES_DORALEX_f72a.xlsx
AG-1465,Laserjet W2111A NEGRO,consu,Ferretería,Units,,W2111A,model=W2111A,False,False,False,SHARED,,,,1,3488.14,3488.14,3488.14,NEW_PRODUCT,1,1,CREATE_SHARED_PRODUCT,,SINGLE,COTIZACIONES_DORALEX_f72a.xlsx,LIGA MUNICIPAL 2 (5),17,QUOTATION,LASERJET W2111A NEGRO,3.0,3488.14,DOP,laserjet|w2111a|negro|W2111A,COTIZACIONES_DORALEX_f72a.xlsx
AG-1466,Laserjet W2111A CIAN,consu,Ferretería,Units,,W2111A,model=W2111A,False,False,False,SHARED,,,,1,3894.0,3894.0,3894.0,NEW_PRODUCT,1,1,CREATE_SHARED_PRODUCT,,SINGLE,COTIZACIONES_DORALEX_f72a.xlsx,LIGA MUNICIPAL 2 (5),18,QUOTATION,LASERJET W2111A CIAN,1.0,3894.0,DOP,laserjet|w2111a|cian|W2111A,COTIZACIONES_DORALEX_f72a.xlsx
AG-1467,Laserjet W2112A Amarillo,consu,Ferretería,Units,,W2112A,model=W2112A,False,False,False,SHARED,,,,1,3894.0,3894.0,3894.0,NEW_PRODUCT,1,1,CREATE_SHARED_PRODUCT,,SINGLE,COTIZACIONES_DORALEX_f72a.xlsx,LIGA MUNICIPAL 2 (5),19,QUOTATION,LASERJET W2112A AMARILLO,2.0,3894.0,DOP,laserjet|w2112a|amarillo|W2112A,COTIZACIONES_DORALEX_f72a.xlsx
AG-1468,131-A Amarillo,consu,Ferretería,Units,,,,False,False,False,SHARED,,,,1,6778.81,6778.81,6778.81,NEW_PRODUCT,1,1,CREATE_SHARED_PRODUCT,,SINGLE,COTIZACIONES_DORALEX_f72a.xlsx,LIGA MUNICIPAL 2 (5),20,QUOTATION,131-A AMARILLO,2.0,6778.81,DOP,131-a|amarillo,COTIZACIONES_DORALEX_f72a.xlsx
AG-1469,137-A NEGRO,consu,Ferretería,Units,,,,False,False,False,SHARED,,,,1,2000.0,2000.0,2000.0,NEW_PRODUCT,1,1,CREATE_SHARED_PRODUCT,,SINGLE,COTIZACIONES_DORALEX_f72a.xlsx,LIGA MUNICIPAL 2 (5),21,QUOTATION,137-A NEGRO,4.0,2000.0,DOP,137-a|negro,COTIZACIONES_DORALEX_f72a.xlsx
AG-1470,87-A NEGRO,consu,Ferretería,Units,,,,False,False,False,SHARED,,,,1,1330.0,1330.0,1330.0,NEW_PRODUCT,1,1,CREATE_SHARED_PRODUCT,,SINGLE,COTIZACIONES_DORALEX_f72a.xlsx,LIGA MUNICIPAL 2 (5),22,QUOTATION,87-A NEGRO,4.0,1330.0,DOP,87-a|negro,COTIZACIONES_DORALEX_f72a.xlsx
AG-1471,136-A NEGRO,consu,Ferretería,Units,,,,False,False,False,SHARED,,,,1,1850.0,1850.0,1850.0,NEW_PRODUCT,1,1,CREATE_SHARED_PRODUCT,,SINGLE,COTIZACIONES_DORALEX_f72a.xlsx,LIGA MUNICIPAL 2 (5),23,QUOTATION,136-A NEGRO,3.0,1850.0,DOP,136-a|negro,COTIZACIONES_DORALEX_f72a.xlsx
AG-1472,05-A NEGRO,consu,Ferretería,Units,,,,False,False,False,SHARED,,,,1,7042.0,7042.0,7042.0,NEW_PRODUCT,1,1,CREATE_SHARED_PRODUCT,,SINGLE,COTIZACIONES_DORALEX_f72a.xlsx,LIGA MUNICIPAL 2 (5),24,QUOTATION,05-A NEGRO,1.0,7042.0,DOP,05-a|negro,COTIZACIONES_DORALEX_f72a.xlsx
AG-1473,Colchones Hospitalarios Imnovamed,consu,Ferretería,Units,,,,False,False,False,SHARED,,,,1,7560.0,7560.0,7560.0,NEW_PRODUCT,1,1,CREATE_SHARED_PRODUCT,,SINGLE,COTIZACIONES_DORALEX_f72a.xlsx,LIGA MUNICIPAL 2 (6),15,QUOTATION,COLCHONES HOSPITALARIOS IMNOVAMED,30.0,7560.0,DOP,colchones|hospitalarios|imnovamed,COTIZACIONES_DORALEX_f72a.xlsx
AG-1474,Cortinas,consu,Ferretería,Units,,,,False,False,False,SHARED,,,,1,1295.0,1295.0,1295.0,NEW_PRODUCT,1,1,CREATE_SHARED_PRODUCT,,SINGLE,COTIZACIONES_DORALEX_f72a.xlsx,LIGA MUNICIPAL 2 (6),16,QUOTATION,CORTINAS,50.0,1295.0,DOP,cortinas,COTIZACIONES_DORALEX_f72a.xlsx
AG-1475,MESA DE NOCHE Imnovamed,consu,Mobiliario,Units,,,,False,False,False,SHARED,,,,1,10754.0,10754.0,10754.0,NEW_PRODUCT,1,1,CREATE_SHARED_PRODUCT,,SINGLE,COTIZACIONES_DORALEX_f72a.xlsx,LIGA MUNICIPAL 2 (6),17,QUOTATION,MESA DE NOCHE IMNOVAMED,74.0,10754.0,DOP,mesa|noche|imnovamed,COTIZACIONES_DORALEX_f72a.xlsx
AG-1476,SILLAS DE Acompañante Imnovamed,consu,Mobiliario,Units,,,,False,False,False,SHARED,,,,1,42222.0,42222.0,42222.0,NEW_PRODUCT,1,1,CREATE_SHARED_PRODUCT,,SINGLE,COTIZACIONES_DORALEX_f72a.xlsx,LIGA MUNICIPAL 2 (6),18,QUOTATION,SILLAS DE ACOMPAÑANTE IMNOVAMED,74.0,42222.0,DOP,sillas|acompanante|imnovamed,COTIZACIONES_DORALEX_f72a.xlsx
AG-1477,PALOS PARA Cortina,consu,Ferretería,Units,,,,False,False,False,SHARED,,,,1,700.0,700.0,700.0,NEW_PRODUCT,1,1,CREATE_SHARED_PRODUCT,,SINGLE,COTIZACIONES_DORALEX_f72a.xlsx,LIGA MUNICIPAL 2 (6),19,QUOTATION,PALOS PARA CORTINA,30.0,700.0,DOP,palos|para|cortina,COTIZACIONES_DORALEX_f72a.xlsx
AG-1478,201-A TONER HP PARA Impresora COLOR Laserjet (W277 ) 400A NEGRO,consu,Tecnología,Units,HP,W277,model=W277,False,False,False,SHARED,140,201-A TONER HP PARA IMPRESORA COLOR LASERJET (W277),5645.0,2,5645.0,5645.0,5645.0,SAFE_SEMANTIC_MATCH,2,2,REUSE_NO_CHANGE,,SINGLE,COTIZACIONES__REMPART_GROUP_2_3578.xlsx,toners,17,QUOTATION,201-A TONER HP PARA IMPRESORA COLOR LASERJET (W277 ) 400A NEGRO,30.0,5645.0,DOP,201-a|toner|hp|para|impresora|color|laserjet|w277|W277,COTIZACIONES_DORALEX_f72a.xlsx | COTIZACIONES__REMPART_GROUP_2_3578.xlsx
AG-1479,215-A TONER HP Laserjet PRO 201A (cf401a ) CYAN,consu,Tecnología,Units,HP,CF401A,model=CF401A,False,False,False,SHARED,141,215-A TONER HP LASERJET PRO 201A (CF401A) CYAN,6947.0,2,6947.0,6947.0,6947.0,EXACT_MATCH,2,2,REUSE_NO_CHANGE,,SINGLE,COTIZACIONES__REMPART_GROUP_2_3578.xlsx,toners,18,QUOTATION,215-A TONER HP LASERJET PRO 201A  (CF401A ) CYAN,25.0,6947.0,DOP,215-a|toner|hp|laserjet|pro|201a|cf401a|cyan|CF401A,COTIZACIONES_DORALEX_f72a.xlsx | COTIZACIONES__REMPART_GROUP_2_3578.xlsx
AG-1480,TONER HP Laserjet PRO 201A (cf402a ) YELLOW,consu,Tecnología,Units,HP,CF402A,model=CF402A,False,False,False,SHARED,142,TONER HP LASERJET PRO 201A (CF402A) YELLOW,6947.0,2,6947.0,6947.0,6947.0,EXACT_MATCH,2,2,REUSE_NO_CHANGE,,SINGLE,COTIZACIONES__REMPART_GROUP_2_3578.xlsx,toners,19,QUOTATION,TONER HP LASERJET PRO 201A (CF402A ) YELLOW,20.0,6947.0,DOP,toner|hp|laserjet|pro|201a|cf402a|yellow|CF402A,COTIZACIONES_DORALEX_f72a.xlsx | COTIZACIONES__REMPART_GROUP_2_3578.xlsx
AG-1481,TONER HP Laserjet PRO 201A (cf403a ) Magenta,consu,Tecnología,Units,HP,CF403A,model=CF403A,False,False,False,SHARED,143,TONER HP LASERJET PRO 201A (CF403A) MAGENTA,6947.0,2,6947.0,6947.0,6947.0,EXACT_MATCH,2,2,REUSE_NO_CHANGE,,SINGLE,COTIZACIONES__REMPART_GROUP_2_3578.xlsx,toners,20,QUOTATION,TONER HP LASERJET PRO 201A (CF403A ) MAGENTA,15.0,6947.0,DOP,toner|hp|laserjet|pro|201a|cf403a|magenta|CF403A,COTIZACIONES_DORALEX_f72a.xlsx | COTIZACIONES__REMPART_GROUP_2_3578.xlsx
AG-1482,TONER HP Laserjet 2727n FMP Q7553A,consu,Tecnología,Units,HP,Q7553A,model=Q7553A,False,False,False,SHARED,144,TONER HP LASERJET 2727N FMP Q7553A,6000.0,2,6000.0,6000.0,6000.0,EXACT_MATCH,2,2,REUSE_NO_CHANGE,,SINGLE,COTIZACIONES__REMPART_GROUP_2_3578.xlsx,toners,21,QUOTATION,TONER HP LASERJET 2727n FMP Q7553A,10.0,6000.0,DOP,toner|hp|laserjet|2727n|fmp|q7553a|Q7553A,COTIZACIONES_DORALEX_f72a.xlsx | COTIZACIONES__REMPART_GROUP_2_3578.xlsx
AG-1483,TONER HP Laserjet MFP 137 Mnw WW 1105A,consu,Tecnología,Units,HP,,,False,False,False,SHARED,145,TONER HP LASERJET MFP 137 MNW WW 1105A,3160.0,2,3160.0,3160.0,3160.0,EXACT_MATCH,2,2,REUSE_NO_CHANGE,,SINGLE,COTIZACIONES__REMPART_GROUP_2_3578.xlsx,toners,22,QUOTATION,TONER HP LASERJET MFP 137 mnw WW 1105A,80.0,3160.0,DOP,toner|hp|laserjet|mfp|137|mnw|ww|1105a,COTIZACIONES_DORALEX_f72a.xlsx | COTIZACIONES__REMPART_GROUP_2_3578.xlsx
AG-1484,Cartucho Deskjet 1000 122,consu,Ferretería,Units,,,,False,False,False,SHARED,,,,1,,,,NEW_PRODUCT,1,1,MANUAL_REVIEW,MISSING_VALID_PRICE,NO_PRICE,,,,,,,,,cartucho|deskjet|1000|122,COTIZACIONES_DORALEX_f72a.xlsx
AG-1485,TONER CANON MF455 DW 057 (NEGRO ),consu,Tecnología,Units,Cano,MF455,model=MF455,False,False,False,SHARED,147,TONER CANON MF455 DW 057 (NEGRO),6590.0,2,6590.0,6590.0,6590.0,EXACT_MATCH,2,2,REUSE_NO_CHANGE,,SINGLE,COTIZACIONES__REMPART_GROUP_2_3578.xlsx,toners,24,QUOTATION,TONER CANON MF455 DW 057 (NEGRO ),50.0,6590.0,DOP,toner|canon|mf455|dw|057|negro|MF455,COTIZACIONES_DORALEX_f72a.xlsx | COTIZACIONES__REMPART_GROUP_2_3578.xlsx
AG-1486,TONER Laserjet Enterprise MFP M 528,consu,Tecnología,Units,,,,False,False,False,SHARED,148,TONER LASERJET ENTERPRISE MFP M 528,8530.0,2,8530.0,8530.0,8530.0,EXACT_MATCH,2,2,REUSE_NO_CHANGE,,SINGLE,COTIZACIONES__REMPART_GROUP_2_3578.xlsx,toners,25,QUOTATION,TONER LASERJET ENTERPRISE MFP M 528,3.0,8530.0,DOP,toner|laserjet|enterprise|mfp|m|528,COTIZACIONES_DORALEX_f72a.xlsx | COTIZACIONES__REMPART_GROUP_2_3578.xlsx
AG-1487,TONER HP Laserjet PRO M402-MFP M426 CF226,consu,Tecnología,Units,HP,M402-MFP,model=M402-MFP,False,False,False,SHARED,,,,1,,,,NEW_PRODUCT,1,1,MANUAL_REVIEW,MISSING_VALID_PRICE,NO_PRICE,,,,,,,,,toner|hp|laserjet|pro|m402-mfp|m426|cf226|M402-MFP,COTIZACIONES_DORALEX_f72a.xlsx
AG-1488,TONER HP Laserjet M 1536 Dnf Mfp,consu,Tecnología,Units,HP,,,False,False,False,SHARED,150,TONER HP LASERJET M 1536 DNF MFP,5530.0,2,5530.0,5530.0,5530.0,EXACT_MATCH,2,2,REUSE_NO_CHANGE,,SINGLE,COTIZACIONES__REMPART_GROUP_2_3578.xlsx,toners,27,QUOTATION,TONER HP  LASERJET M 1536 dnf mfp,40.0,5530.0,DOP,toner|hp|laserjet|m|1536|dnf|mfp,COTIZACIONES_DORALEX_f72a.xlsx | COTIZACIONES__REMPART_GROUP_2_3578.xlsx
AG-1489,VALLAS DE Seguridad DE Aluminio,consu,Ferretería,Units,,,,False,False,False,SHARED,,,,1,6525.0,6525.0,6525.0,NEW_PRODUCT,1,1,CREATE_SHARED_PRODUCT,,SINGLE,COTIZACIONES_DORALEX_f72a.xlsx,LIGA MUNICIPAL 2 (8),15,QUOTATION,VALLAS DE SEGURIDAD DE ALUMINIO,50.0,6525.0,DOP,vallas|seguridad|aluminio,COTIZACIONES_DORALEX_f72a.xlsx
AG-1490,ROLLOS DE PAPEL Higienico JUMBO JUNIOR JF,consu,Oficina,Units,,,,False,False,False,SHARED,,,,2,65.0,65.0,65.0,NEW_PRODUCT,1,2,CREATE_SHARED_PRODUCT,,MAX,COTIZACIONES_DORALEX_f72a.xlsx,MARCELINO VELEZ,15,QUOTATION,ROLLOS DE PAPEL HIGIENICO JUMBO JUNIOR JF,6000.0,65.0,DOP,rollos|papel|higienico|jumbo|junior|jf,COTIZACIONES_DORALEX_f72a.xlsx
AG-1491,ROLLOS DE PAPEL TOALLA,consu,Oficina,Units,,,,False,False,False,SHARED,,,,2,145.0,145.0,145.0,NEW_PRODUCT,1,2,CREATE_SHARED_PRODUCT,,MAX,COTIZACIONES_DORALEX_f72a.xlsx,MARCELINO VELEZ,16,QUOTATION,ROLLOS DE PAPEL TOALLA,2000.0,145.0,DOP,rollos|papel|toalla,COTIZACIONES_DORALEX_f72a.xlsx
AG-1492,"Ambientador Liquido (mistolin) BEBE, CANELA GLADE",consu,Ferretería,Gal,,,,False,False,False,SHARED,,,,2,200.0,200.0,200.0,NEW_PRODUCT,1,2,CREATE_SHARED_PRODUCT,,MAX,COTIZACIONES_DORALEX_f72a.xlsx,MARCELINO VELEZ,17,QUOTATION,"AMBIENTADOR LIQUIDO (MISTOLIN) BEBE, CANELA GLADE",300.0,200.0,DOP,ambientador|liquido|mistolin|bebe|canela|glade,COTIZACIONES_DORALEX_f72a.xlsx
AG-1493,JABON Liquido Multiuso ACEL,consu,Limpieza,Gal,,,,False,False,False,SHARED,,,,2,175.0,175.0,175.0,NEW_PRODUCT,1,2,CREATE_SHARED_PRODUCT,,MAX,COTIZACIONES_DORALEX_f72a.xlsx,MARCELINO VELEZ,18,QUOTATION,JABON LIQUIDO MULTIUSO ACEL,325.0,175.0,DOP,jabon|liquido|multiuso|acel,COTIZACIONES_DORALEX_f72a.xlsx
AG-1494,Escobas REINA,consu,Ferretería,Units,,,,False,False,False,SHARED,,,,2,150.0,150.0,150.0,NEW_PRODUCT,1,2,CREATE_SHARED_PRODUCT,,MAX,COTIZACIONES_DORALEX_f72a.xlsx,MARCELINO VELEZ,19,QUOTATION,ESCOBAS REINA,50.0,150.0,DOP,escobas|reina,COTIZACIONES_DORALEX_f72a.xlsx
AG-1495,Servilletas OCEAN BREEZE 500/1,consu,Ferretería,Units,,,caliber=500/1,False,False,False,SHARED,,,,2,100.0,100.0,100.0,NEW_PRODUCT,1,2,CREATE_SHARED_PRODUCT,,MAX,COTIZACIONES_DORALEX_f72a.xlsx,MARCELINO VELEZ,20,QUOTATION,SERVILLETAS  OCEAN BREEZE 500/1,225.0,100.0,DOP,servilletas|ocean|breeze|500/1|500/1,COTIZACIONES_DORALEX_f72a.xlsx
AG-1496,Neutralizantes DE MALOS OLORES LIMA,consu,Ferretería,Gal,,,,False,False,False,SHARED,,,,2,900.0,900.0,900.0,NEW_PRODUCT,1,2,CREATE_SHARED_PRODUCT,,MAX,COTIZACIONES_DORALEX_f72a.xlsx,MARCELINO VELEZ,21,QUOTATION,NEUTRALIZANTES DE MALOS OLORES LIMA,200.0,900.0,DOP,neutralizantes|malos|olores|lima,COTIZACIONES_DORALEX_f72a.xlsx
AG-1497,"CLORO Concentrado Macier, (clorox)",consu,Limpieza,Gal,,,,False,False,False,SHARED,,,,2,110.0,110.0,110.0,NEW_PRODUCT,1,2,CREATE_SHARED_PRODUCT,,MAX,COTIZACIONES_DORALEX_f72a.xlsx,MARCELINO VELEZ,22,QUOTATION,"CLORO CONCENTRADO MACIER, (CLOROX)",400.0,110.0,DOP,cloro|concentrado|macier|clorox,COTIZACIONES_DORALEX_f72a.xlsx
AG-1498,Desgrasante A.B,consu,Ferretería,Gal,,,,False,False,False,SHARED,,,,2,340.0,340.0,340.0,NEW_PRODUCT,1,2,CREATE_SHARED_PRODUCT,,MAX,COTIZACIONES_DORALEX_f72a.xlsx,MARCELINO VELEZ,23,QUOTATION,DESGRASANTE A.B,100.0,340.0,DOP,desgrasante|a.b,COTIZACIONES_DORALEX_f72a.xlsx
AG-1499,Descalin D´scalin,consu,Ferretería,Gal,,,,False,False,False,SHARED,,,,2,350.0,350.0,350.0,NEW_PRODUCT,1,2,CREATE_SHARED_PRODUCT,,MAX,COTIZACIONES_DORALEX_f72a.xlsx,MARCELINO VELEZ,24,QUOTATION,DESCALIN D´SCALIN,100.0,350.0,DOP,descalin|d|scalin,COTIZACIONES_DORALEX_f72a.xlsx
AG-1500,BAYGON Insecticida,consu,Ferretería,Units,,,,False,False,False,SHARED,,,,2,299.0,299.0,299.0,NEW_PRODUCT,1,2,CREATE_SHARED_PRODUCT,,MAX,COTIZACIONES_DORALEX_f72a.xlsx,MARCELINO VELEZ,25,QUOTATION,BAYGON INSECTICIDA,60.0,299.0,DOP,baygon|insecticida,COTIZACIONES_DORALEX_f72a.xlsx
AG-1501,LYSOL Desinfectante SPRAY,consu,Limpieza,Units,,,,False,False,False,SHARED,,,,2,525.0,525.0,525.0,NEW_PRODUCT,1,2,CREATE_SHARED_PRODUCT,,MAX,COTIZACIONES_DORALEX_f72a.xlsx,MARCELINO VELEZ,26,QUOTATION,LYSOL DESINFECTANTE SPRAY,60.0,525.0,DOP,lysol|desinfectante|spray,COTIZACIONES_DORALEX_f72a.xlsx
AG-1502,VASOS Higienicos NO.7,consu,Ferretería,Units,,,,False,False,False,SHARED,,,,2,60.0,60.0,60.0,NEW_PRODUCT,1,2,CREATE_SHARED_PRODUCT,,MAX,COTIZACIONES_DORALEX_f72a.xlsx,MARCELINO VELEZ,27,QUOTATION,VASOS HIGIENICOS NO.7,30.0,60.0,DOP,vasos|higienicos|no.7,COTIZACIONES_DORALEX_f72a.xlsx
AG-1503,Recogedores DE BASURA PALITA REINA,consu,Ferretería,Units,,,,False,False,False,SHARED,,,,2,100.0,100.0,100.0,NEW_PRODUCT,1,2,CREATE_SHARED_PRODUCT,,MAX,COTIZACIONES_DORALEX_f72a.xlsx,MARCELINO VELEZ,28,QUOTATION,RECOGEDORES DE BASURA PALITA REINA,50.0,100.0,DOP,recogedores|basura|palita|reina,COTIZACIONES_DORALEX_f72a.xlsx
AG-1504,Ambientadores SPRAY GLADE,consu,Ferretería,Units,,,,False,False,False,SHARED,,,,2,200.0,200.0,200.0,NEW_PRODUCT,1,2,CREATE_SHARED_PRODUCT,,MAX,COTIZACIONES_DORALEX_f72a.xlsx,MARCELINO VELEZ,29,QUOTATION,AMBIENTADORES SPRAY  GLADE,60.0,200.0,DOP,ambientadores|spray|glade,COTIZACIONES_DORALEX_f72a.xlsx
AG-1505,Toallitas DE TELA PAÑITO Lanilla,consu,Ferretería,Units,,,,False,False,False,SHARED,,,,2,35.0,35.0,35.0,NEW_PRODUCT,1,2,CREATE_SHARED_PRODUCT,,MAX,COTIZACIONES_DORALEX_f72a.xlsx,MARCELINO VELEZ,30,QUOTATION,TOALLITAS DE TELA PAÑITO LANILLA,200.0,35.0,DOP,toallitas|tela|panito|lanilla,COTIZACIONES_DORALEX_f72a.xlsx
AG-1506,Brillos DE Limpieza-verde- SCOTCH,consu,Ferretería,Units,,,,False,False,False,SHARED,,,,2,20.0,20.0,20.0,NEW_PRODUCT,1,2,CREATE_SHARED_PRODUCT,,MAX,COTIZACIONES_DORALEX_f72a.xlsx,MARCELINO VELEZ,31,QUOTATION,BRILLOS DE LIMPIEZA-VERDE- SCOTCH,300.0,20.0,DOP,brillos|limpieza-verde-|scotch,COTIZACIONES_DORALEX_f72a.xlsx
AG-1507,WD-40 AKFIX A40 MAGIC,consu,Ferretería,Units,,,,False,False,False,SHARED,,,,2,295.0,295.0,295.0,NEW_PRODUCT,1,2,CREATE_SHARED_PRODUCT,,MAX,COTIZACIONES_DORALEX_f72a.xlsx,MARCELINO VELEZ,32,QUOTATION,WD-40 AKFIX A40 MAGIC,20.0,295.0,DOP,wd-40|akfix|a40|magic,COTIZACIONES_DORALEX_f72a.xlsx
AG-1508,PALOS DE ESCOBA,consu,Ferretería,Units,,,,False,False,False,SHARED,,,,2,45.0,45.0,45.0,NEW_PRODUCT,1,2,CREATE_SHARED_PRODUCT,,MAX,COTIZACIONES_DORALEX_f72a.xlsx,MARCELINO VELEZ,33,QUOTATION,PALOS DE ESCOBA,20.0,45.0,DOP,palos|escoba,COTIZACIONES_DORALEX_f72a.xlsx
AG-1509,Servilletas PARA Dispensadores C-FOLD,consu,Ferretería,Units,,,,False,False,False,SHARED,,,,2,95.0,95.0,95.0,NEW_PRODUCT,1,2,CREATE_SHARED_PRODUCT,,MAX,COTIZACIONES_DORALEX_f72a.xlsx,MARCELINO VELEZ,34,QUOTATION,SERVILLETAS PARA DISPENSADORES  C-FOLD,100.0,95.0,DOP,servilletas|para|dispensadores|c-fold,COTIZACIONES_DORALEX_f72a.xlsx
AG-1510,JABON AZUL,consu,Limpieza,Units,,,,False,False,False,SHARED,,,,2,125.0,125.0,125.0,NEW_PRODUCT,1,2,CREATE_SHARED_PRODUCT,,MAX,COTIZACIONES_DORALEX_f72a.xlsx,MARCELINO VELEZ,35,QUOTATION,JABON AZUL,1.0,125.0,DOP,jabon|azul,COTIZACIONES_DORALEX_f72a.xlsx
AG-1511,Detergente EN POLVO Hispano,consu,Limpieza,Units,,,,False,False,False,SHARED,,,,2,1300.0,1300.0,1300.0,NEW_PRODUCT,1,2,CREATE_SHARED_PRODUCT,,MAX,COTIZACIONES_DORALEX_f72a.xlsx,MARCELINO VELEZ,36,QUOTATION,DETERGENTE EN POLVO HISPANO,2.0,1300.0,DOP,detergente|polvo|hispano,COTIZACIONES_DORALEX_f72a.xlsx
AG-1512,"Monitor AOC 27"" 27G4H, Gaming, FHD (1920 X 1080) 200HZ, PANEL FAST IPS, 0.3 MS,",consu,Tecnología,Units,,,"size=27""",False,False,False,SHARED,,,,1,14342.0,14342.0,14342.0,NEW_PRODUCT,1,1,CREATE_SHARED_PRODUCT,,SINGLE,COTIZACIONES_DORALEX_f72a.xlsx,DESARROLLO FRONTERIZO,15,QUOTATION,"MONITOR AOC 27"" 27G4H, GAMING, FHD (1920 X 1080) 200HZ, PANEL FAST IPS, 0.3 MS, DISPLAYPORT, HDMI, ALTURA AJUSTABLE, PIVOT.",1.0,14342.0,DOP,"monitor|aoc|27""|27g4h|gaming|fhd|1920|x|27""",COTIZACIONES_DORALEX_f72a.xlsx
AG-1513,"CPU DELL Refurbished 3050 SFF, I7-6700, 16GB RAM, 256GB SSD, W10P. Teclado, MOUSE Nuevos.",consu,Ferretería,Units,,,,False,False,False,SHARED,,,,1,32063.56,32063.56,32063.56,NEW_PRODUCT,1,1,CREATE_SHARED_PRODUCT,,SINGLE,COTIZACIONES_DORALEX_f72a.xlsx,DESARROLLO FRONTERIZO,16,QUOTATION,"CPU DELL REFURBISHED 3050 SFF, I7-6700, 16GB RAM, 256GB SSD, W10P. TECLADO, MOUSE NUEVOS. GRADO A",1.0,32063.56,DOP,cpu|dell|refurbished|3050|sff|i7-6700|16gb|ram,COTIZACIONES_DORALEX_f72a.xlsx
AG-1514,"Memoria RAM 16GB (1x16gb) Kingston, Pc/desktop, DDR4, 3200mhz, NON ECC, (kcp432nd8/16)",consu,Ferretería,Units,,DDR4,model=DDR4,False,False,False,SHARED,,,,1,18735.59,18735.59,18735.59,NEW_PRODUCT,1,1,CREATE_SHARED_PRODUCT,,SINGLE,COTIZACIONES_DORALEX_f72a.xlsx,DESARROLLO FRONTERIZO,17,QUOTATION,"MEMORIA RAM 16GB (1X16GB) KINGSTON, PC/DESKTOP, DDR4, 3200MHZ, NON ECC, (KCP432ND8/16)",1.0,18735.59,DOP,memoria|ram|16gb|1x16gb|kingston|pc/desktop|ddr4|3200mhz|DDR4,COTIZACIONES_DORALEX_f72a.xlsx
AG-1515,"DISCO DURO Interno Kingston SSD 512GB, 2.5"", SATA3, NEGRO. Velocidades DE Lectura /",consu,Ferretería,Units,,SATA3,"size=2.5"" model=SATA3",False,False,False,SHARED,,,,1,18741.53,18741.53,18741.53,NEW_PRODUCT,1,1,CREATE_SHARED_PRODUCT,,SINGLE,COTIZACIONES_DORALEX_f72a.xlsx,DESARROLLO FRONTERIZO,18,QUOTATION,"DISCO DURO INTERNO KINGSTON SSD 512GB, 2.5"", SATA3, NEGRO. VELOCIDADES DE LECTURA / ESCRITURA DE HASTA 550/ 520MB/ SEG",1.0,18741.53,DOP,"disco|duro|interno|kingston|ssd|512gb|2.5""|sata3|SATA3|2.5""",COTIZACIONES_DORALEX_f72a.xlsx
AG-1516,Alquiler POR DIA Compresor DOS Pistolas,consu,Ferretería,Units,,,,False,False,False,SHARED,,,,1,22000.0,22000.0,22000.0,NEW_PRODUCT,1,1,CREATE_SHARED_PRODUCT,,SINGLE,COTIZACIONES_DORALEX_f72a.xlsx,DESARROLLO FRONTERIZO (2),21,QUOTATION,ALQUILER POR DIA COMPRESOR DOS PISTOLAS,1.0,22000.0,DOP,alquiler|por|dia|compresor|dos|pistolas,COTIZACIONES_DORALEX_f72a.xlsx
AG-1517,Transporte IDA Y VUELTA DE LOWBOY,consu,Ferretería,Units,,,,False,False,False,SHARED,,,,1,16000.0,16000.0,16000.0,NEW_PRODUCT,1,1,CREATE_SHARED_PRODUCT,,SINGLE,COTIZACIONES_DORALEX_f72a.xlsx,DESARROLLO FRONTERIZO (2),22,QUOTATION,TRANSPORTE IDA Y VUELTA DE LOWBOY,1.0,16000.0,DOP,transporte|ida|vuelta|lowboy,COTIZACIONES_DORALEX_f72a.xlsx
AG-1518,NOTA Aclaratoria:,consu,Ferretería,Units,,,,False,False,False,SHARED,,,,1,,,,NEW_PRODUCT,1,1,MANUAL_REVIEW,MISSING_VALID_PRICE,NO_PRICE,,,,,,,,,nota|aclaratoria,COTIZACIONES_DORALEX_f72a.xlsx
AG-1519,pago De Anticipo De Un 30% Del Valor Total De La Cotizacion.,consu,Ferretería,Units,,,,False,False,False,SHARED,,,,1,,,,NEW_PRODUCT,1,1,MANUAL_REVIEW,MISSING_VALID_PRICE,NO_PRICE,,,,,,,,,pago|anticipo|un|30%|valor|total|cotizacion.,COTIZACIONES_DORALEX_f72a.xlsx
AG-1520," El Arrendatario Será Responsable Por Cualquier Daño, Accidente, Pérdida Del Equipo",consu,Ferretería,Units,,,,False,False,False,SHARED,,,,1,,,,NEW_PRODUCT,1,1,MANUAL_REVIEW,MISSING_VALID_PRICE,NO_PRICE,,,,,,,,,arrendatario|sera|responsable|por|cualquier|dano|accidente|perdida,COTIZACIONES_DORALEX_f72a.xlsx
AG-1521, La Disponibilidad De La Unidad Estará Sujeta A Aprobación Previa.,consu,Ferretería,Units,,,,False,False,False,SHARED,,,,1,,,,NEW_PRODUCT,1,1,MANUAL_REVIEW,MISSING_VALID_PRICE,NO_PRICE,,,,,,,,,disponibilidad|unidad|estara|sujeta|a|aprobacion|previa.,COTIZACIONES_DORALEX_f72a.xlsx
AG-1522,"se Debe Contratar Un Mínimo De 4 Horas Por Día, De Lunes A Sábado.",consu,Ferretería,Units,,,,False,False,False,SHARED,,,,1,,,,NEW_PRODUCT,1,1,MANUAL_REVIEW,MISSING_VALID_PRICE,NO_PRICE,,,,,,,,,se|debe|contratar|un|minimo|4|horas|por,COTIZACIONES_DORALEX_f72a.xlsx
AG-1523,TUBO Cuadrado Galvanizado ( 4x4 1.5 MM ),consu,Plomería,Units,,,,False,False,False,SHARED,157,TUBO CUADRADO GALVANIZADO ( 4X4 1.5 MM ),1895.73,1,1686.0,1686.0,1895.73,EXACT_MATCH,1,1,REUSE_NO_CHANGE,,SINGLE,COTIZACIONES_DORALEX_f72a.xlsx,LIGA MUNICIPAL 2 (10),15,QUOTATION,TUBO CUADRADO GALVANIZADO ( 4x4 1.5 MM  ),9.0,1686.0,DOP,tubo|cuadrado|galvanizado|4x4|1.5|mm,COTIZACIONES_DORALEX_f72a.xlsx
AG-1524,TUBO Cuadrado Galvanizado ( 3x3x1.5 MM ),consu,Plomería,Units,,,,False,False,False,SHARED,158,TUBO CUADRADO GALVANIZADO ( 3X3X1.5 MM ),1265.0,1,1249.0,1249.0,1265.0,EXACT_MATCH,1,1,REUSE_NO_CHANGE,,SINGLE,COTIZACIONES_DORALEX_f72a.xlsx,LIGA MUNICIPAL 2 (10),16,QUOTATION,TUBO CUADRADO GALVANIZADO ( 3x3x1.5 MM ),14.0,1249.0,DOP,tubo|cuadrado|galvanizado|3x3x1.5|mm,COTIZACIONES_DORALEX_f72a.xlsx
AG-1525,TUBO Rectangular Galvanizado ( 2x2x1.5 MM ),consu,Plomería,Units,,,,False,False,False,SHARED,159,TUBO RECTANGULAR GALVANIZADO ( 2X2X1.5 MM ),942.0,1,812.0,812.0,942.0,EXACT_MATCH,1,1,REUSE_NO_CHANGE,,SINGLE,COTIZACIONES_DORALEX_f72a.xlsx,LIGA MUNICIPAL 2 (10),17,QUOTATION,TUBO RECTANGULAR GALVANIZADO ( 2x2x1.5 MM ),18.0,812.0,DOP,tubo|rectangular|galvanizado|2x2x1.5|mm,COTIZACIONES_DORALEX_f72a.xlsx
AG-1526,TARUGO PARA Tornillo Expansivo ( 1/2 X3 ),consu,Ferretería,Units,,,caliber=1/2,False,False,False,SHARED,160,TARUGO PARA TORNILLO EXPANSIVO ( 1/2 X3 ),215.0,1,9.72,9.72,215.0,EXACT_MATCH,1,1,REUSE_NO_CHANGE,,SINGLE,COTIZACIONES_DORALEX_f72a.xlsx,LIGA MUNICIPAL 2 (10),18,QUOTATION,TARUGO PARA TORNILLO EXPANSIVO ( 1/2 x3 ),90.0,9.72,DOP,tarugo|para|tornillo|expansivo|1/2|x3|1/2,COTIZACIONES_DORALEX_f72a.xlsx
AG-1527,Tornillo Autoperforantes ( 1/2 32 MM ),consu,Ferretería,Units,,,caliber=1/2,False,False,False,SHARED,161,TORNILLO AUTOPERFORANTES ( 1/2 32 MM ),88.92,1,3.39,3.39,88.92,EXACT_MATCH,1,1,REUSE_NO_CHANGE,,SINGLE,COTIZACIONES_DORALEX_f72a.xlsx,LIGA MUNICIPAL 2 (10),19,QUOTATION,TORNILLO AUTOPERFORANTES ( 1/2 32 MM ),1000.0,3.39,DOP,tornillo|autoperforantes|1/2|32|mm|1/2,COTIZACIONES_DORALEX_f72a.xlsx
AG-1528,TOLA Galvanizado LISA Calibre 14 ( 4x8x2 105 LBS ),consu,Ferretería,Units,,,presentation=105 lbs,False,False,False,SHARED,162,TOLA GALVANIZADO LISA CALIBRE 14 ( 4X8X2 105 LBS ),3460.37,1,2342.37,2342.37,3460.37,EXACT_MATCH,1,1,REUSE_NO_CHANGE,,SINGLE,COTIZACIONES_DORALEX_f72a.xlsx,LIGA MUNICIPAL 2 (10),20,QUOTATION,TOLA GALVANIZADO LISA CALIBRE 14 ( 4x8x2 105 LBS ),7.0,2342.37,DOP,tola|galvanizado|lisa|calibre|14|4x8x2|105|lb|105 lbs,COTIZACIONES_DORALEX_f72a.xlsx
AG-1529,Planchas DE Aluzinc TECHO- Calibre 26 ( 1.00 MTS X 4.50 ),consu,Ferretería,Units,,,,False,False,False,SHARED,,,,2,1245.76,1423.73,1423.73,NEW_PRODUCT,1,1,CREATE_SHARED_PRODUCT,,MAX,COTIZACIONES_DORALEX_f72a.xlsx,LIGA MUNICIPAL 2 (10),22,QUOTATION,PLANCHAS DE ALUZINC TECHO- CALIBRE 26 ( 1.00 MTS x 5.00 MTS ),4.0,1423.73,DOP,planchas|aluzinc|techo-|calibre|26|1.00|mts|x,COTIZACIONES_DORALEX_f72a.xlsx
AG-1530,Planchas DE Aluzinc TECHO Calibre 26 ( 1.00 MTS X 6.20 MTS ),consu,Ferretería,Units,,,,False,False,False,SHARED,165,PLANCHAS DE ALUZINC TECHO CALIBRE 26 ( 1.00 MTS X 6.20 MTS ),1979.66,1,1779.66,1779.66,1979.66,EXACT_MATCH,1,1,REUSE_NO_CHANGE,,SINGLE,COTIZACIONES_DORALEX_f72a.xlsx,LIGA MUNICIPAL 2 (10),23,QUOTATION,PLANCHAS DE ALUZINC TECHO CALIBRE 26 ( 1.00 MTS x 6.20 MTS ),2.0,1779.66,DOP,planchas|aluzinc|techo|calibre|26|1.00|mts|x,COTIZACIONES_DORALEX_f72a.xlsx
AG-1531,Planchas DE Aluzinc PARED Calibre 26 ( 1.00 X 2.50 MTS),consu,Ferretería,Units,,,,False,False,False,SHARED,166,PLANCHAS DE ALUZINC PARED CALIBRE 26 ( 1.00 X 2.50 MTS),687.69,1,711.86,711.86,711.86,EXACT_MATCH,1,1,REUSE_UPDATE_PRICE,,SINGLE,COTIZACIONES_DORALEX_f72a.xlsx,LIGA MUNICIPAL 2 (10),24,QUOTATION,PLANCHAS DE ALUZINC PARED CALIBRE 26 ( 1.00 x 2.50 MTS),37.0,711.86,DOP,planchas|aluzinc|pared|calibre|26|1.00|x|2.50,COTIZACIONES_DORALEX_f72a.xlsx
AG-1532,PAPEL BOND 8.5X11 ABBY Premiun RESMA,consu,Oficina,Units,,,,False,False,False,SHARED,,,,1,197.0,197.0,197.0,NEW_PRODUCT,1,1,CREATE_SHARED_PRODUCT,,SINGLE,COTIZACIONES_DORALEX_f72a.xlsx,MARCELINO VELEZ (3),15,QUOTATION,PAPEL BOND 8.5X11  ABBY PREMIUN RESMA,2000.0,197.0,DOP,papel|bond|8.5x11|abby|premiun|resma,COTIZACIONES_DORALEX_f72a.xlsx
AG-1533,FOLDER TIPO CART 100/1 PAQ,consu,Oficina,Units,,,caliber=100/1,False,False,False,SHARED,,,,1,8.0,8.0,8.0,NEW_PRODUCT,1,1,CREATE_SHARED_PRODUCT,,SINGLE,COTIZACIONES_DORALEX_f72a.xlsx,MARCELINO VELEZ (3),16,QUOTATION,FOLDER TIPO CART 100/1  PAQ,150.0,8.0,DOP,folder|tipo|cart|100/1|paq|100/1,COTIZACIONES_DORALEX_f72a.xlsx
AG-1534,CINTA PARA Dispensador Studmark,consu,Ferretería,Units,,,,False,False,False,SHARED,,,,1,135.0,135.0,135.0,NEW_PRODUCT,1,1,CREATE_SHARED_PRODUCT,,SINGLE,COTIZACIONES_DORALEX_f72a.xlsx,MARCELINO VELEZ (3),17,QUOTATION,CINTA PARA DISPENSADOR STUDMARK,50.0,135.0,DOP,cinta|para|dispensador|studmark,COTIZACIONES_DORALEX_f72a.xlsx
AG-1535,Post-in 3X3 TALBOT,consu,Ferretería,Units,,,,False,False,False,SHARED,,,,1,28.0,28.0,28.0,NEW_PRODUCT,1,1,CREATE_SHARED_PRODUCT,,SINGLE,COTIZACIONES_DORALEX_f72a.xlsx,MARCELINO VELEZ (3),18,QUOTATION,POST-IN 3X3 TALBOT,300.0,28.0,DOP,post-in|3x3|talbot,COTIZACIONES_DORALEX_f72a.xlsx
AG-1536,CINTAS Adhesiva GRANDE OPUS,consu,Ferretería,Units,,,,False,False,False,SHARED,,,,1,75.0,75.0,75.0,NEW_PRODUCT,1,1,CREATE_SHARED_PRODUCT,,SINGLE,COTIZACIONES_DORALEX_f72a.xlsx,MARCELINO VELEZ (3),19,QUOTATION,CINTAS ADHESIVA GRANDE OPUS,150.0,75.0,DOP,cintas|adhesiva|grande|opus,COTIZACIONES_DORALEX_f72a.xlsx
AG-1537,Corrector Liquido 6OZ DELI,consu,Ferretería,Units,,,,False,False,False,SHARED,,,,1,35.0,35.0,35.0,NEW_PRODUCT,1,1,CREATE_SHARED_PRODUCT,,SINGLE,COTIZACIONES_DORALEX_f72a.xlsx,MARCELINO VELEZ (3),20,QUOTATION,CORRECTOR LIQUIDO 6OZ DELI,100.0,35.0,DOP,corrector|liquido|6oz|deli,COTIZACIONES_DORALEX_f72a.xlsx
AG-1538,BANDA Elastica Gomitas,consu,Ferretería,Units,,,,False,False,False,SHARED,,,,1,75.0,75.0,75.0,NEW_PRODUCT,1,1,CREATE_SHARED_PRODUCT,,SINGLE,COTIZACIONES_DORALEX_f72a.xlsx,MARCELINO VELEZ (3),21,QUOTATION,BANDA ELASTICA GOMITAS,150.0,75.0,DOP,banda|elastica|gomitas,COTIZACIONES_DORALEX_f72a.xlsx
AG-1539,CINTAS Impresoras Epson ERC39 BLACK,consu,Tecnología,Units,Epson,ERC39,model=ERC39,False,False,False,SHARED,,,,1,115.0,115.0,115.0,NEW_PRODUCT,1,1,CREATE_SHARED_PRODUCT,,SINGLE,COTIZACIONES_DORALEX_f72a.xlsx,MARCELINO VELEZ (3),22,QUOTATION,CINTAS IMPRESORAS  Epson ERC39 BLACK,100.0,115.0,DOP,cintas|impresoras|epson|erc39|black|ERC39,COTIZACIONES_DORALEX_f72a.xlsx
AG-1540,PAPEL PUNTO DE VENTAS TRES PARTES,consu,Oficina,Units,,,,False,False,False,SHARED,,,,1,526.0,526.0,526.0,NEW_PRODUCT,1,1,CREATE_SHARED_PRODUCT,,SINGLE,COTIZACIONES_DORALEX_f72a.xlsx,MARCELINO VELEZ (3),23,QUOTATION,PAPEL PUNTO DE VENTAS TRES PARTES,20.0,526.0,DOP,papel|punto|ventas|tres|partes,COTIZACIONES_DORALEX_f72a.xlsx
AG-1541,CAJAS DE SOBRES Blancos 500/1,consu,Ferretería,Units,,,caliber=500/1,False,False,False,SHARED,,,,1,945.0,945.0,945.0,NEW_PRODUCT,1,1,CREATE_SHARED_PRODUCT,,SINGLE,COTIZACIONES_DORALEX_f72a.xlsx,MARCELINO VELEZ (3),24,QUOTATION,CAJAS DE SOBRES BLANCOS 500/1,10.0,945.0,DOP,cajas|sobres|blancos|500/1|500/1,COTIZACIONES_DORALEX_f72a.xlsx
AG-1542,PILAS AA,consu,Ferretería,Units,,,,False,False,False,SHARED,,,,1,77.0,77.0,77.0,NEW_PRODUCT,1,1,CREATE_SHARED_PRODUCT,,SINGLE,COTIZACIONES_DORALEX_f72a.xlsx,MARCELINO VELEZ (3),25,QUOTATION,PILAS AA,70.0,77.0,DOP,pilas|aa,COTIZACIONES_DORALEX_f72a.xlsx
AG-1543,PILAS AAA,consu,Ferretería,Units,,,,False,False,False,SHARED,,,,1,40.0,40.0,40.0,NEW_PRODUCT,1,1,CREATE_SHARED_PRODUCT,,SINGLE,COTIZACIONES_DORALEX_f72a.xlsx,MARCELINO VELEZ (3),26,QUOTATION,PILAS AAA,40.0,40.0,DOP,pilas|aaa,COTIZACIONES_DORALEX_f72a.xlsx
AG-1544,Lapicero AZULES,consu,Oficina,Units,,,,False,False,False,SHARED,,,,1,14.0,14.0,14.0,NEW_PRODUCT,1,1,CREATE_SHARED_PRODUCT,,SINGLE,COTIZACIONES_DORALEX_f72a.xlsx,MARCELINO VELEZ (3),27,QUOTATION,LAPICERO AZULES,900.0,14.0,DOP,lapicero|azules,COTIZACIONES_DORALEX_f72a.xlsx
AG-1545,Lapicero NEGRO,consu,Oficina,Units,,,,False,False,False,SHARED,,,,1,14.0,14.0,14.0,NEW_PRODUCT,1,1,CREATE_SHARED_PRODUCT,,SINGLE,COTIZACIONES_DORALEX_f72a.xlsx,MARCELINO VELEZ (3),28,QUOTATION,LAPICERO NEGRO,200.0,14.0,DOP,lapicero|negro,COTIZACIONES_DORALEX_f72a.xlsx
AG-1546,Lapicero ROJOS,consu,Oficina,Units,,,,False,False,False,SHARED,,,,1,14.0,14.0,14.0,NEW_PRODUCT,1,1,CREATE_SHARED_PRODUCT,,SINGLE,COTIZACIONES_DORALEX_f72a.xlsx,MARCELINO VELEZ (3),29,QUOTATION,LAPICERO ROJOS,100.0,14.0,DOP,lapicero|rojos,COTIZACIONES_DORALEX_f72a.xlsx
AG-1547,LAPIZ DE CARBON,consu,Ferretería,Units,,,,False,False,False,SHARED,,,,1,6.0,6.0,6.0,NEW_PRODUCT,1,1,CREATE_SHARED_PRODUCT,,SINGLE,COTIZACIONES_DORALEX_f72a.xlsx,MARCELINO VELEZ (3),30,QUOTATION,LAPIZ DE CARBON,200.0,6.0,DOP,lapiz|carbon,COTIZACIONES_DORALEX_f72a.xlsx
AG-1548,SACA GRAPA STD NUSTAR NEGRO,consu,Ferretería,Units,,,,False,False,False,SHARED,,,,1,27.0,27.0,27.0,NEW_PRODUCT,1,1,CREATE_SHARED_PRODUCT,,SINGLE,COTIZACIONES_DORALEX_f72a.xlsx,MARCELINO VELEZ (3),31,QUOTATION,SACA GRAPA STD NUSTAR NEGRO,50.0,27.0,DOP,saca|grapa|std|nustar|negro,COTIZACIONES_DORALEX_f72a.xlsx
AG-1549,Cajitas DE GRAPAS Standard T,consu,Ferretería,Units,,,,False,False,False,SHARED,,,,1,15.0,15.0,15.0,NEW_PRODUCT,1,1,CREATE_SHARED_PRODUCT,,SINGLE,COTIZACIONES_DORALEX_f72a.xlsx,MARCELINO VELEZ (3),32,QUOTATION,CAJITAS DE GRAPAS STANDARD T,200.0,15.0,DOP,cajitas|grapas|standard|t,COTIZACIONES_DORALEX_f72a.xlsx
AG-1550,CAJITA DE GRAPAS Grandes Standard T,consu,Ferretería,Units,,,,False,False,False,SHARED,,,,1,38.0,38.0,38.0,NEW_PRODUCT,1,1,CREATE_SHARED_PRODUCT,,SINGLE,COTIZACIONES_DORALEX_f72a.xlsx,MARCELINO VELEZ (3),33,QUOTATION,CAJITA DE GRAPAS GRANDES STANDARD T,150.0,38.0,DOP,cajita|grapas|grandes|standard|t,COTIZACIONES_DORALEX_f72a.xlsx
AG-1551,CAJITA DE CLIP PEQ TALBO,consu,Ferretería,Units,,,,False,False,False,SHARED,,,,1,15.0,15.0,15.0,NEW_PRODUCT,1,1,CREATE_SHARED_PRODUCT,,SINGLE,COTIZACIONES_DORALEX_f72a.xlsx,MARCELINO VELEZ (3),34,QUOTATION,CAJITA DE CLIP PEQ TALBO,60.0,15.0,DOP,cajita|clip|peq|talbo,COTIZACIONES_DORALEX_f72a.xlsx
AG-1552,Resaltadores VARIOS Colores Blister,consu,Ferretería,Units,,,,False,False,False,SHARED,,,,1,415.0,415.0,415.0,NEW_PRODUCT,1,1,CREATE_SHARED_PRODUCT,,SINGLE,COTIZACIONES_DORALEX_f72a.xlsx,MARCELINO VELEZ (3),35,QUOTATION,RESALTADORES VARIOS COLORES BLISTER,50.0,415.0,DOP,resaltadores|varios|colores|blister,COTIZACIONES_DORALEX_f72a.xlsx
AG-1553,Creyones AZULES,consu,Ferretería,Units,,,,False,False,False,SHARED,,,,1,20.0,20.0,20.0,NEW_PRODUCT,1,1,CREATE_SHARED_PRODUCT,,SINGLE,COTIZACIONES_DORALEX_f72a.xlsx,MARCELINO VELEZ (3),36,QUOTATION,CREYONES AZULES,50.0,20.0,DOP,creyones|azules,COTIZACIONES_DORALEX_f72a.xlsx
AG-1554,Creyones NEGROS,consu,Ferretería,Units,,,,False,False,False,SHARED,,,,1,20.0,20.0,20.0,NEW_PRODUCT,1,1,CREATE_SHARED_PRODUCT,,SINGLE,COTIZACIONES_DORALEX_f72a.xlsx,MARCELINO VELEZ (3),37,QUOTATION,CREYONES NEGROS,50.0,20.0,DOP,creyones|negros,COTIZACIONES_DORALEX_f72a.xlsx
AG-1555,Creyones ROJO,consu,Ferretería,Units,,,,False,False,False,SHARED,,,,1,20.0,20.0,20.0,NEW_PRODUCT,1,1,CREATE_SHARED_PRODUCT,,SINGLE,COTIZACIONES_DORALEX_f72a.xlsx,MARCELINO VELEZ (3),38,QUOTATION,CREYONES ROJO,50.0,20.0,DOP,creyones|rojo,COTIZACIONES_DORALEX_f72a.xlsx
AG-1556,SOBRES MANILA 14X17,consu,Ferretería,Units,,,,False,False,False,SHARED,,,,1,12.0,12.0,12.0,NEW_PRODUCT,1,1,CREATE_SHARED_PRODUCT,,SINGLE,COTIZACIONES_DORALEX_f72a.xlsx,MARCELINO VELEZ (3),39,QUOTATION,SOBRES MANILA 14X17,10.0,12.0,DOP,sobres|manila|14x17,COTIZACIONES_DORALEX_f72a.xlsx
AG-1557,SOBRE MANILA 85X11,consu,Ferretería,Units,,,,False,False,False,SHARED,,,,1,6.0,6.0,6.0,NEW_PRODUCT,1,1,CREATE_SHARED_PRODUCT,,SINGLE,COTIZACIONES_DORALEX_f72a.xlsx,MARCELINO VELEZ (3),40,QUOTATION,SOBRE MANILA 85X11,10.0,6.0,DOP,sobre|manila|85x11,COTIZACIONES_DORALEX_f72a.xlsx
AG-1558,Perforaddora DOS HOYOS AJUST,consu,Ferretería,Units,,,,False,False,False,SHARED,,,,1,430.0,430.0,430.0,NEW_PRODUCT,1,1,CREATE_SHARED_PRODUCT,,SINGLE,COTIZACIONES_DORALEX_f72a.xlsx,MARCELINO VELEZ (3),41,QUOTATION,PERFORADDORA DOS HOYOS AJUST,10.0,430.0,DOP,perforaddora|dos|hoyos|ajust,COTIZACIONES_DORALEX_f72a.xlsx
AG-1559,TINTAS PARA SELLOS AZUL Pointer,consu,Ferretería,Units,,,,False,False,False,SHARED,,,,1,34.0,34.0,34.0,NEW_PRODUCT,1,1,CREATE_SHARED_PRODUCT,,SINGLE,COTIZACIONES_DORALEX_f72a.xlsx,MARCELINO VELEZ (3),42,QUOTATION,TINTAS PARA SELLOS AZUL POINTER,50.0,34.0,DOP,tintas|para|sellos|azul|pointer,COTIZACIONES_DORALEX_f72a.xlsx
AG-1560,TICKET DE TURNO,consu,Ferretería,Units,,,,False,False,False,SHARED,,,,1,296.0,296.0,296.0,NEW_PRODUCT,1,1,CREATE_SHARED_PRODUCT,,SINGLE,COTIZACIONES_DORALEX_f72a.xlsx,MARCELINO VELEZ (3),43,QUOTATION,TICKET DE TURNO,10.0,296.0,DOP,ticket|turno,COTIZACIONES_DORALEX_f72a.xlsx
AG-1561,Etiquetas PARA Carpetas Pointer,consu,Ferretería,Units,,,,False,False,False,SHARED,,,,1,75.0,75.0,75.0,NEW_PRODUCT,1,1,CREATE_SHARED_PRODUCT,,SINGLE,COTIZACIONES_DORALEX_f72a.xlsx,MARCELINO VELEZ (3),44,QUOTATION,ETIQUETAS PARA CARPETAS POINTER,50.0,75.0,DOP,etiquetas|para|carpetas|pointer,COTIZACIONES_DORALEX_f72a.xlsx
AG-1562,"FOLDER TIPO CARTA 100/1 ROJO, AZUL Pointer",consu,Oficina,Units,,,caliber=100/1,False,False,False,SHARED,,,,1,175.0,175.0,175.0,NEW_PRODUCT,1,1,CREATE_SHARED_PRODUCT,,SINGLE,COTIZACIONES_DORALEX_f72a.xlsx,MARCELINO VELEZ (3),45,QUOTATION,"FOLDER TIPO CARTA 100/1 ROJO, AZUL POINTER",20.0,175.0,DOP,folder|tipo|carta|100/1|rojo|azul|pointer|100/1,COTIZACIONES_DORALEX_f72a.xlsx
AG-1563,PILAS Cuadradas Powerone,consu,Ferretería,Units,,,,False,False,False,SHARED,,,,1,175.0,175.0,175.0,NEW_PRODUCT,1,1,CREATE_SHARED_PRODUCT,,SINGLE,COTIZACIONES_DORALEX_f72a.xlsx,MARCELINO VELEZ (3),46,QUOTATION,PILAS CUADRADAS  POWERONE,20.0,175.0,DOP,pilas|cuadradas|powerone,COTIZACIONES_DORALEX_f72a.xlsx
AG-1564,Tijeras Grandes,consu,Ferretería,Units,,,,False,False,False,SHARED,,,,1,42.0,42.0,42.0,NEW_PRODUCT,1,1,CREATE_SHARED_PRODUCT,,SINGLE,COTIZACIONES_DORALEX_f72a.xlsx,MARCELINO VELEZ (3),47,QUOTATION,TIJERAS GRANDES,30.0,42.0,DOP,tijeras|grandes,COTIZACIONES_DORALEX_f72a.xlsx
AG-1565,HIGADO,consu,Ferretería,lb,,,,False,False,False,SHARED,,,,11,180.0,180.0,180.0,NEW_PRODUCT,3,5,CREATE_SHARED_PRODUCT,,MAX,COTIZACIONES__DOMINION_BUSINESS_18aa.xlsx,FACTURA JULIO HOSPITAL MATERNO,20,INVOICE,HIGADO,300.0,180.0,DOP,higado,COTIZACIONES__DOMINION_BUSINESS_18aa.xlsx | COTIZACIONES__REMPART_GROUP_2_3578.xlsx | COTIZACIONES___2023-2024_PIN_ARIAS_2_fddc.xlsx
AG-1566,Longaniza,consu,Ferretería,lb,,,,False,False,False,SHARED,,,,17,140.0,140.0,140.0,NEW_PRODUCT,3,9,CREATE_SHARED_PRODUCT,,MAX,COTIZACIONES__DOMINION_BUSINESS_18aa.xlsx,FACTURA JULIO HOSPITAL MATERNO,18,INVOICE,LONGANIZA,300.0,140.0,DOP,longaniza,COTIZACIONES__DOMINION_BUSINESS_18aa.xlsx | COTIZACIONES__REMPART_GROUP_2_3578.xlsx | COTIZACIONES___2023-2024_PIN_ARIAS_2_fddc.xlsx
AG-1567,Costillita,consu,Ferretería,lb,,,,False,False,False,SHARED,,,,18,,,,NEW_PRODUCT,3,16,MANUAL_REVIEW,MISSING_VALID_PRICE,NO_PRICE,,,,,,,,,costillita,COTIZACIONES__DOMINION_BUSINESS_18aa.xlsx | COTIZACIONES__REMPART_GROUP_2_3578.xlsx | COTIZACIONES___2023-2024_PIN_ARIAS_2_fddc.xlsx
AG-1568,CARNE DE RES,consu,Carnes,lb,,,,False,True,False,PINARIA,,,,54,225.0,225.0,225.0,NEW_PRODUCT,3,46,CREATE_PIÑARIA_PRODUCT,,MAX,COTIZACIONES__DOMINION_BUSINESS_18aa.xlsx,FACTURA JULIO HOSPITAL MATERNO,23,INVOICE,CARNE DE RES,500.0,225.0,DOP,carne|res,COTIZACIONES__DOMINION_BUSINESS_18aa.xlsx | COTIZACIONES__REMPART_GROUP_2_3578.xlsx | COTIZACIONES___2023-2024_PIN_ARIAS_2_fddc.xlsx
AG-1569,POLLO ENTERO,consu,Carnes,lb,,,,False,True,False,PINARIA,,,,17,,,,NEW_PRODUCT,3,7,MANUAL_REVIEW,MISSING_VALID_PRICE,NO_PRICE,,,,,,,,,pollo|entero,COTIZACIONES__DOMINION_BUSINESS_18aa.xlsx | COTIZACIONES__REMPART_GROUP_2_3578.xlsx | COTIZACIONES___2023-2024_PIN_ARIAS_2_fddc.xlsx
AG-1570,SALAMI Induveca 3.5/1,consu,Carnes,Units,,,caliber=5/1,False,True,False,PINARIA,,,,3,,,,NEW_PRODUCT,3,1,MANUAL_REVIEW,MISSING_VALID_PRICE,NO_PRICE,,,,,,,,,salami|induveca|3.5/1|5/1,COTIZACIONES__DOMINION_BUSINESS_18aa.xlsx | COTIZACIONES__REMPART_GROUP_2_3578.xlsx | COTIZACIONES___2023-2024_PIN_ARIAS_2_fddc.xlsx
AG-1571,Chuleta,consu,Carnes,lb,,,,False,True,False,PINARIA,,,,28,105.0,105.0,105.0,NEW_PRODUCT,3,22,CREATE_PIÑARIA_PRODUCT,,SINGLE,COTIZACIONES___2023-2024_PIN_ARIAS_2_fddc.xlsx,Hoja1,6,QUOTATION,CHULETA,,105.0,DOP,chuleta,COTIZACIONES__DOMINION_BUSINESS_18aa.xlsx | COTIZACIONES__REMPART_GROUP_2_3578.xlsx | COTIZACIONES___2023-2024_PIN_ARIAS_2_fddc.xlsx
AG-1572,RES MOLIDA,consu,Carnes,lb,,,,False,True,False,PINARIA,,,,34,230.0,230.0,230.0,NEW_PRODUCT,3,24,CREATE_PIÑARIA_PRODUCT,,MAX,COTIZACIONES__DOMINION_BUSINESS_18aa.xlsx,FACTURA JULIO HOSPITAL MATERNO,24,INVOICE,RES MOLIDA,350.0,230.0,DOP,res|molida,COTIZACIONES__DOMINION_BUSINESS_18aa.xlsx | COTIZACIONES__REMPART_GROUP_2_3578.xlsx | COTIZACIONES___2023-2024_PIN_ARIAS_2_fddc.xlsx
AG-1573,Costilla,consu,Carnes,lb,,,,False,True,False,PINARIA,,,,9,200.0,200.0,200.0,NEW_PRODUCT,3,5,CREATE_PIÑARIA_PRODUCT,,MAX,COTIZACIONES__DOMINION_BUSINESS_18aa.xlsx,FACTURA JULIO HOSPITAL MATERNO,19,INVOICE,COSTILLA,200.0,200.0,DOP,costilla,COTIZACIONES__DOMINION_BUSINESS_18aa.xlsx | COTIZACIONES__REMPART_GROUP_2_3578.xlsx | COTIZACIONES___2023-2024_PIN_ARIAS_2_fddc.xlsx
AG-1574,RES Primium Deshuesada,consu,Ferretería,lb,,,,False,False,False,SHARED,,,,3,,,,NEW_PRODUCT,3,1,MANUAL_REVIEW,MISSING_VALID_PRICE,NO_PRICE,,,,,,,,,res|primium|deshuesada,COTIZACIONES__DOMINION_BUSINESS_18aa.xlsx | COTIZACIONES__REMPART_GROUP_2_3578.xlsx | COTIZACIONES___2023-2024_PIN_ARIAS_2_fddc.xlsx
AG-1575,CERDO,consu,Ferretería,lb,,,,False,False,False,SHARED,,,,3,,,,NEW_PRODUCT,3,1,MANUAL_REVIEW,MISSING_VALID_PRICE,NO_PRICE,,,,,,,,,cerdo,COTIZACIONES__DOMINION_BUSINESS_18aa.xlsx | COTIZACIONES__REMPART_GROUP_2_3578.xlsx | COTIZACIONES___2023-2024_PIN_ARIAS_2_fddc.xlsx
AG-1576,Chuleta Ahumada,consu,Carnes,lb,,,,False,True,False,PINARIA,,,,30,,,,NEW_PRODUCT,3,27,MANUAL_REVIEW,MISSING_VALID_PRICE,NO_PRICE,,,,,,,,,chuleta|ahumada,COTIZACIONES__DOMINION_BUSINESS_18aa.xlsx | COTIZACIONES__REMPART_GROUP_2_3578.xlsx | COTIZACIONES___2023-2024_PIN_ARIAS_2_fddc.xlsx
AG-1577,Chuleta FRESCA Rebanada,consu,Carnes,lb,,,,False,True,False,PINARIA,,,,4,195.0,195.0,195.0,NEW_PRODUCT,3,2,CREATE_PIÑARIA_PRODUCT,,MAX,COTIZACIONES__DOMINION_BUSINESS_18aa.xlsx,FACTURA JULIO HOSPITAL MATERNO,17,INVOICE,CHULETA FRESCA REBANADA,150.0,195.0,DOP,chuleta|fresca|rebanada,COTIZACIONES__DOMINION_BUSINESS_18aa.xlsx | COTIZACIONES__REMPART_GROUP_2_3578.xlsx | COTIZACIONES___2023-2024_PIN_ARIAS_2_fddc.xlsx
AG-1578,CARNE DE CERDO,consu,Carnes,lb,,,,False,True,False,PINARIA,,,,49,200.0,200.0,200.0,NEW_PRODUCT,3,45,CREATE_PIÑARIA_PRODUCT,,MAX,COTIZACIONES__DOMINION_BUSINESS_18aa.xlsx,FACTURA JULIO HOSPITAL MATERNO,21,INVOICE,CARNE DE CERDO,200.0,200.0,DOP,carne|cerdo,COTIZACIONES__DOMINION_BUSINESS_18aa.xlsx | COTIZACIONES__REMPART_GROUP_2_3578.xlsx | COTIZACIONES___2023-2024_PIN_ARIAS_2_fddc.xlsx
AG-1579,POLLO ENTERO Descongelado,consu,Carnes,lb,,,,False,True,False,PINARIA,,,,12,150.0,150.0,150.0,NEW_PRODUCT,3,10,CREATE_PIÑARIA_PRODUCT,,MAX,COTIZACIONES__DOMINION_BUSINESS_18aa.xlsx,FACTURA JULIO HOSPITAL MATERNO,22,INVOICE,POLLO ENTERO DESCONGELADO,2000.0,150.0,DOP,pollo|entero|descongelado,COTIZACIONES__DOMINION_BUSINESS_18aa.xlsx | COTIZACIONES__REMPART_GROUP_2_3578.xlsx | COTIZACIONES___2023-2024_PIN_ARIAS_2_fddc.xlsx
AG-1580,RES Deshuesada,consu,Carnes,lb,,,,False,True,False,PINARIA,,,,3,270.0,270.0,270.0,NEW_PRODUCT,3,1,CREATE_PIÑARIA_PRODUCT,,MAX,COTIZACIONES__DOMINION_BUSINESS_18aa.xlsx,FACTURA JULIO HOSPITAL MATERNO,25,INVOICE,RES DESHUESADA,,270.0,DOP,res|deshuesada,COTIZACIONES__DOMINION_BUSINESS_18aa.xlsx | COTIZACIONES__REMPART_GROUP_2_3578.xlsx | COTIZACIONES___2023-2024_PIN_ARIAS_2_fddc.xlsx
AG-1581,QUESO BLANCO,consu,Alimentos,Units,,,,True,False,False,PINARIA,,,,1,,,,NEW_PRODUCT,1,1,MANUAL_REVIEW,MISSING_VALID_PRICE,NO_PRICE,,,,,,,,,queso|blanco,COTIZACIONES__DOMINION_BUSINESS_18aa.xlsx
AG-1582,QUESO Amarillo,consu,Alimentos,Units,,,,True,False,False,PINARIA,,,,2,,,,NEW_PRODUCT,2,2,MANUAL_REVIEW,MISSING_VALID_PRICE,NO_PRICE,,,,,,,,,queso|amarillo,COTIZACIONES__DOMINION_BUSINESS_18aa.xlsx | COTIZACIONES___2023-2024_PIN_ARIAS_2_fddc.xlsx
AG-1583,QUESO GOUDA,consu,Alimentos,Units,,,,True,False,False,PINARIA,,,,3,,,,NEW_PRODUCT,2,3,MANUAL_REVIEW,MISSING_VALID_PRICE,NO_PRICE,,,,,,,,,queso|gouda,COTIZACIONES__DOMINION_BUSINESS_18aa.xlsx | COTIZACIONES___2023-2024_PIN_ARIAS_2_fddc.xlsx
AG-1584,QUESO Mozarella,consu,Alimentos,Units,,,,True,False,False,PINARIA,,,,17,,,,NEW_PRODUCT,2,17,MANUAL_REVIEW,MISSING_VALID_PRICE,NO_PRICE,,,,,,,,,queso|mozarella,COTIZACIONES__DOMINION_BUSINESS_18aa.xlsx | COTIZACIONES___2023-2024_PIN_ARIAS_2_fddc.xlsx
AG-1585,HUEVO,consu,Alimentos,Units,,,,True,False,False,PINARIA,,,,1,,,,NEW_PRODUCT,1,1,MANUAL_REVIEW,MISSING_VALID_PRICE,NO_PRICE,,,,,,,,,huevo,COTIZACIONES__DOMINION_BUSINESS_18aa.xlsx
AG-1586,PECHO DE RES,consu,Ferretería,Units,,,,False,False,False,SHARED,,,,2,,,,NEW_PRODUCT,2,2,MANUAL_REVIEW,MISSING_VALID_PRICE,NO_PRICE,,,,,,,,,pecho|res,COTIZACIONES__DOMINION_BUSINESS_18aa.xlsx | COTIZACIONES___2023-2024_PIN_ARIAS_2_fddc.xlsx
AG-1587,Pechuga DE POLLO 50/1 LB,consu,Carnes,Units,,,caliber=50/1 presentation=1 lb,False,True,False,PINARIA,,,,1,,,,NEW_PRODUCT,1,1,MANUAL_REVIEW,MISSING_VALID_PRICE,NO_PRICE,,,,,,,,,pechuga|pollo|50/1|lb|50/1|1 lb,COTIZACIONES__DOMINION_BUSINESS_18aa.xlsx
AG-1588,MUSLO DE POLLO,consu,Carnes,Units,,,,False,True,False,PINARIA,,,,3,,,,NEW_PRODUCT,2,3,MANUAL_REVIEW,MISSING_VALID_PRICE,NO_PRICE,,,,,,,,,muslo|pollo,COTIZACIONES__DOMINION_BUSINESS_18aa.xlsx | COTIZACIONES___2023-2024_PIN_ARIAS_2_fddc.xlsx
AG-1589,HUEVOS 30/1,consu,Alimentos,Units,,,caliber=30/1,True,False,False,PINARIA,,,,5,,,,NEW_PRODUCT,2,5,MANUAL_REVIEW,MISSING_VALID_PRICE,NO_PRICE,,,,,,,,,huevos|30/1|30/1,COTIZACIONES__DOMINION_BUSINESS_18aa.xlsx | COTIZACIONES___2023-2024_PIN_ARIAS_2_fddc.xlsx
AG-1590,JAMON 6/1,consu,Carnes,Units,,,caliber=6/1,False,True,False,PINARIA,,,,3,,,,NEW_PRODUCT,2,3,MANUAL_REVIEW,MISSING_VALID_PRICE,NO_PRICE,,,,,,,,,jamon|6/1|6/1,COTIZACIONES__DOMINION_BUSINESS_18aa.xlsx | COTIZACIONES___2023-2024_PIN_ARIAS_2_fddc.xlsx
AG-1591,JAMON DE PAVO,consu,Carnes,Units,,,,False,True,False,PINARIA,,,,10,,,,NEW_PRODUCT,2,10,MANUAL_REVIEW,MISSING_VALID_PRICE,NO_PRICE,,,,,,,,,jamon|pavo,COTIZACIONES__DOMINION_BUSINESS_18aa.xlsx | COTIZACIONES___2023-2024_PIN_ARIAS_2_fddc.xlsx
AG-1592,SALAMI 3.2/1LB,consu,Carnes,Units,,,presentation=1 lb,False,True,False,PINARIA,,,,3,,,,NEW_PRODUCT,2,3,MANUAL_REVIEW,MISSING_VALID_PRICE,NO_PRICE,,,,,,,,,salami|3.2/1|lb|1 lb,COTIZACIONES__DOMINION_BUSINESS_18aa.xlsx | COTIZACIONES___2023-2024_PIN_ARIAS_2_fddc.xlsx
AG-1593,Salchicha,consu,Ferretería,Units,,,,False,False,False,SHARED,,,,4,,,,NEW_PRODUCT,2,4,MANUAL_REVIEW,MISSING_VALID_PRICE,NO_PRICE,,,,,,,,,salchicha,COTIZACIONES__DOMINION_BUSINESS_18aa.xlsx | COTIZACIONES___2023-2024_PIN_ARIAS_2_fddc.xlsx
AG-1594,QUESO Amarillo 5/1,consu,Alimentos,Units,,,caliber=5/1,True,False,False,PINARIA,,,,2,,,,NEW_PRODUCT,2,2,MANUAL_REVIEW,MISSING_VALID_PRICE,NO_PRICE,,,,,,,,,queso|amarillo|5/1|5/1,COTIZACIONES__DOMINION_BUSINESS_18aa.xlsx | COTIZACIONES___2023-2024_PIN_ARIAS_2_fddc.xlsx
AG-1595,SALAMI 3.2/1 LB,consu,Carnes,Units,,,caliber=2/1 presentation=1 lb,False,True,False,PINARIA,,,,1,,,,NEW_PRODUCT,1,1,MANUAL_REVIEW,MISSING_VALID_PRICE,NO_PRICE,,,,,,,,,salami|3.2/1|lb|2/1|1 lb,COTIZACIONES__DOMINION_BUSINESS_18aa.xlsx
AG-1596,Costillitas Ahumada,consu,Ferretería,Units,,,,False,False,False,SHARED,,,,1,,,,NEW_PRODUCT,1,1,MANUAL_REVIEW,MISSING_VALID_PRICE,NO_PRICE,,,,,,,,,costillitas|ahumada,COTIZACIONES__DOMINION_BUSINESS_18aa.xlsx
AG-1597,POLLOS Enteros C/U 4 LIBRA,consu,Carnes,Units,,,,False,True,False,PINARIA,,,,1,,,,NEW_PRODUCT,1,1,MANUAL_REVIEW,MISSING_VALID_PRICE,NO_PRICE,,,,,,,,,pollos|enteros|c/u|4|libra,COTIZACIONES__DOMINION_BUSINESS_18aa.xlsx
AG-1598,LIBRAS DE CERDO PARA GUISAR,consu,Ferretería,Units,,,,False,False,False,SHARED,,,,1,,,,NEW_PRODUCT,1,1,MANUAL_REVIEW,MISSING_VALID_PRICE,NO_PRICE,,,,,,,,,libras|cerdo|para|guisar,COTIZACIONES__DOMINION_BUSINESS_18aa.xlsx
AG-1599,LIBRAS DE RES PARA GUISAR,consu,Ferretería,Units,,,,False,False,False,SHARED,,,,1,,,,NEW_PRODUCT,1,1,MANUAL_REVIEW,MISSING_VALID_PRICE,NO_PRICE,,,,,,,,,libras|res|para|guisar,COTIZACIONES__DOMINION_BUSINESS_18aa.xlsx
AG-1600,LIBRAS DE RES MOLIDA,consu,Carnes,Units,,,,False,True,False,PINARIA,,,,1,,,,NEW_PRODUCT,1,1,MANUAL_REVIEW,MISSING_VALID_PRICE,NO_PRICE,,,,,,,,,libras|res|molida,COTIZACIONES__DOMINION_BUSINESS_18aa.xlsx
AG-1601,Costilla Ahumada,consu,Carnes,Units,,,,False,True,False,PINARIA,,,,10,,,,NEW_PRODUCT,2,10,MANUAL_REVIEW,MISSING_VALID_PRICE,NO_PRICE,,,,,,,,,costilla|ahumada,COTIZACIONES__DOMINION_BUSINESS_18aa.xlsx | COTIZACIONES___2023-2024_PIN_ARIAS_2_fddc.xlsx
AG-1602,POLLO,consu,Carnes,Units,,,,False,True,False,PINARIA,,,,61,,,,NEW_PRODUCT,2,57,MANUAL_REVIEW,MISSING_VALID_PRICE,NO_PRICE,,,,,,,,,pollo,COTIZACIONES__DOMINION_BUSINESS_18aa.xlsx | COTIZACIONES___2023-2024_PIN_ARIAS_2_fddc.xlsx
AG-1603,PATA DE VACA,consu,Ferretería,Units,,,,False,False,False,SHARED,,,,32,,,,NEW_PRODUCT,2,32,MANUAL_REVIEW,MISSING_VALID_PRICE,NO_PRICE,,,,,,,,,pata|vaca,COTIZACIONES__DOMINION_BUSINESS_18aa.xlsx | COTIZACIONES___2023-2024_PIN_ARIAS_2_fddc.xlsx
AG-1604,MOLIDA DE Primera,consu,Ferretería,Units,,,,False,False,False,SHARED,,,,2,,,,NEW_PRODUCT,1,2,MANUAL_REVIEW,MISSING_VALID_PRICE,NO_PRICE,,,,,,,,,molida|primera,COTIZACIONES__DOMINION_BUSINESS_18aa.xlsx
AG-1605,HIGADO DE RES,consu,Ferretería,Units,,,,False,False,False,SHARED,,,,2,,,,NEW_PRODUCT,2,2,MANUAL_REVIEW,MISSING_VALID_PRICE,NO_PRICE,,,,,,,,,higado|res,COTIZACIONES__DOMINION_BUSINESS_18aa.xlsx | COTIZACIONES___2023-2024_PIN_ARIAS_2_fddc.xlsx
AG-1606,CARNES DE RES,consu,Ferretería,Units,,,,False,False,False,SHARED,,,,6,,,,NEW_PRODUCT,2,6,MANUAL_REVIEW,MISSING_VALID_PRICE,NO_PRICE,,,,,,,,,carnes|res,COTIZACIONES__DOMINION_BUSINESS_18aa.xlsx | COTIZACIONES___2023-2024_PIN_ARIAS_2_fddc.xlsx
AG-1607,POLLO ENTERO C/U 4LIBRA,consu,Carnes,Units,,,,False,True,False,PINARIA,,,,1,,,,NEW_PRODUCT,1,1,MANUAL_REVIEW,MISSING_VALID_PRICE,NO_PRICE,,,,,,,,,pollo|entero|c/u|4libra,COTIZACIONES__DOMINION_BUSINESS_18aa.xlsx
AG-1608,LIBRA DE CERDO PARA GUISAR,consu,Ferretería,Units,,,,False,False,False,SHARED,,,,2,,,,NEW_PRODUCT,1,2,MANUAL_REVIEW,MISSING_VALID_PRICE,NO_PRICE,,,,,,,,,libra|cerdo|para|guisar,COTIZACIONES__DOMINION_BUSINESS_18aa.xlsx
AG-1609,LIBRA DE RES PARA GUISAR,consu,Ferretería,Units,,,,False,False,False,SHARED,,,,1,,,,NEW_PRODUCT,1,1,MANUAL_REVIEW,MISSING_VALID_PRICE,NO_PRICE,,,,,,,,,libra|res|para|guisar,COTIZACIONES__DOMINION_BUSINESS_18aa.xlsx
AG-1610,LIBRA DE POLLO,consu,Carnes,Units,,,,False,True,False,PINARIA,,,,13,,,,NEW_PRODUCT,3,12,MANUAL_REVIEW,MISSING_VALID_PRICE,NO_PRICE,,,,,,,,,libra|pollo,COTIZACIONES__DOMINION_BUSINESS_18aa.xlsx | COTIZACIONES___2023-2024_PIN_ARIAS_2_fddc.xlsx | COTIZACION_-2026_MAYO_4932.xlsx
AG-1611,LIBRA DE PATA DE VACA,consu,Ferretería,Units,,,,False,False,False,SHARED,,,,11,,,,NEW_PRODUCT,3,11,MANUAL_REVIEW,MISSING_VALID_PRICE,NO_PRICE,,,,,,,,,libra|pata|vaca,COTIZACIONES__DOMINION_BUSINESS_18aa.xlsx | COTIZACIONES___2023-2024_PIN_ARIAS_2_fddc.xlsx | COTIZACION_-2026_MAYO_4932.xlsx
AG-1612,LIBRA DE CARNE RES,consu,Carnes,Units,,,,False,True,False,PINARIA,,,,7,,,,NEW_PRODUCT,3,7,MANUAL_REVIEW,MISSING_VALID_PRICE,NO_PRICE,,,,,,,,,libra|carne|res,COTIZACIONES__DOMINION_BUSINESS_18aa.xlsx | COTIZACIONES___2023-2024_PIN_ARIAS_2_fddc.xlsx | COTIZACION_-2026_MAYO_4932.xlsx
AG-1613,LIBRA DE RES MOLIDA,consu,Carnes,Units,,,,False,True,False,PINARIA,,,,3,,,,NEW_PRODUCT,1,3,MANUAL_REVIEW,MISSING_VALID_PRICE,NO_PRICE,,,,,,,,,libra|res|molida,COTIZACIONES__DOMINION_BUSINESS_18aa.xlsx
AG-1614,LIBRA DE Costillita Ahumada,consu,Ferretería,Units,,,,False,False,False,SHARED,,,,1,,,,NEW_PRODUCT,1,1,MANUAL_REVIEW,MISSING_VALID_PRICE,NO_PRICE,,,,,,,,,libra|costillita|ahumada,COTIZACIONES__DOMINION_BUSINESS_18aa.xlsx
AG-1615,LIBRA DE Chuleta,consu,Carnes,Units,,,,False,True,False,PINARIA,,,,3,,,,NEW_PRODUCT,2,3,MANUAL_REVIEW,MISSING_VALID_PRICE,NO_PRICE,,,,,,,,,libra|chuleta,COTIZACIONES__DOMINION_BUSINESS_18aa.xlsx | COTIZACIONES___2023-2024_PIN_ARIAS_2_fddc.xlsx
AG-1616,RES DE GUISAR,consu,Ferretería,Units,,,,False,False,False,SHARED,,,,1,,,,NEW_PRODUCT,1,1,MANUAL_REVIEW,MISSING_VALID_PRICE,NO_PRICE,,,,,,,,,res|guisar,COTIZACIONES__DOMINION_BUSINESS_18aa.xlsx
AG-1617,CARNE MOLIDA,consu,Ferretería,Units,,,,False,False,False,SHARED,,,,3,,,,NEW_PRODUCT,1,3,MANUAL_REVIEW,MISSING_VALID_PRICE,NO_PRICE,,,,,,,,,carne|molida,COTIZACIONES__DOMINION_BUSINESS_18aa.xlsx
AG-1618,Platano VERDE,consu,Alimentos,Units,,,,True,False,False,PINARIA,,,,25,,,,NEW_PRODUCT,2,25,MANUAL_REVIEW,MISSING_VALID_PRICE,NO_PRICE,,,,,,,,,platano|verde,COTIZACIONES__DOMINION_BUSINESS_18aa.xlsx | COTIZACIONES___2023-2024_PIN_ARIAS_2_fddc.xlsx
AG-1619,GUINEO VERDE,consu,Ferretería,Units,,,,False,False,False,SHARED,,,,25,,,,NEW_PRODUCT,2,25,MANUAL_REVIEW,MISSING_VALID_PRICE,NO_PRICE,,,,,,,,,guineo|verde,COTIZACIONES__DOMINION_BUSINESS_18aa.xlsx | COTIZACIONES___2023-2024_PIN_ARIAS_2_fddc.xlsx
AG-1620,YUCA,consu,Alimentos,Units,,,,True,False,False,PINARIA,,,,25,,,,NEW_PRODUCT,2,25,MANUAL_REVIEW,MISSING_VALID_PRICE,NO_PRICE,,,,,,,,,yuca,COTIZACIONES__DOMINION_BUSINESS_18aa.xlsx | COTIZACIONES___2023-2024_PIN_ARIAS_2_fddc.xlsx
AG-1621,YAUTIA COCO,consu,Ferretería,Units,,,,False,False,False,SHARED,,,,18,,,,NEW_PRODUCT,2,18,MANUAL_REVIEW,MISSING_VALID_PRICE,NO_PRICE,,,,,,,,,yautia|coco,COTIZACIONES__DOMINION_BUSINESS_18aa.xlsx | COTIZACIONES___2023-2024_PIN_ARIAS_2_fddc.xlsx
AG-1622,PAPA,consu,Ferretería,Units,,,,False,False,False,SHARED,,,,25,,,,NEW_PRODUCT,2,25,MANUAL_REVIEW,MISSING_VALID_PRICE,NO_PRICE,,,,,,,,,papa,COTIZACIONES__DOMINION_BUSINESS_18aa.xlsx | COTIZACIONES___2023-2024_PIN_ARIAS_2_fddc.xlsx
AG-1623,AUYAMA,consu,Ferretería,Units,,,,False,False,False,SHARED,,,,25,,,,NEW_PRODUCT,2,25,MANUAL_REVIEW,MISSING_VALID_PRICE,NO_PRICE,,,,,,,,,auyama,COTIZACIONES__DOMINION_BUSINESS_18aa.xlsx | COTIZACIONES___2023-2024_PIN_ARIAS_2_fddc.xlsx
AG-1624,ÑAME,consu,Ferretería,Units,,,,False,False,False,SHARED,,,,25,,,,NEW_PRODUCT,2,25,MANUAL_REVIEW,MISSING_VALID_PRICE,NO_PRICE,,,,,,,,,name,COTIZACIONES__DOMINION_BUSINESS_18aa.xlsx | COTIZACIONES___2023-2024_PIN_ARIAS_2_fddc.xlsx
AG-1625,SALAMI Induveca,consu,Carnes,Units,,,,False,True,False,PINARIA,,,,27,,,,NEW_PRODUCT,2,27,MANUAL_REVIEW,MISSING_VALID_PRICE,NO_PRICE,,,,,,,,,salami|induveca,COTIZACIONES__DOMINION_BUSINESS_18aa.xlsx | COTIZACIONES___2023-2024_PIN_ARIAS_2_fddc.xlsx
AG-1626,QUESO CHEDAR,consu,Alimentos,Units,,,,True,False,False,PINARIA,,,,29,,,,NEW_PRODUCT,2,29,MANUAL_REVIEW,MISSING_VALID_PRICE,NO_PRICE,,,,,,,,,queso|chedar,COTIZACIONES__DOMINION_BUSINESS_18aa.xlsx | COTIZACIONES___2023-2024_PIN_ARIAS_2_fddc.xlsx
AG-1627,JAMON PICNIC,consu,Carnes,Units,,,,False,True,False,PINARIA,,,,25,,,,NEW_PRODUCT,2,25,MANUAL_REVIEW,MISSING_VALID_PRICE,NO_PRICE,,,,,,,,,jamon|picnic,COTIZACIONES__DOMINION_BUSINESS_18aa.xlsx | COTIZACIONES___2023-2024_PIN_ARIAS_2_fddc.xlsx
AG-1628,YAUTIA BLANCA,consu,Ferretería,Units,,,,False,False,False,SHARED,,,,25,,,,NEW_PRODUCT,2,25,MANUAL_REVIEW,MISSING_VALID_PRICE,NO_PRICE,,,,,,,,,yautia|blanca,COTIZACIONES__DOMINION_BUSINESS_18aa.xlsx | COTIZACIONES___2023-2024_PIN_ARIAS_2_fddc.xlsx
AG-1629,LIBRA DE CARNE DE CERDO,consu,Carnes,Units,,,,False,True,False,PINARIA,,,,9,,,,NEW_PRODUCT,3,9,MANUAL_REVIEW,MISSING_VALID_PRICE,NO_PRICE,,,,,,,,,libra|carne|cerdo,COTIZACIONES__DOMINION_BUSINESS_18aa.xlsx | COTIZACIONES___2023-2024_PIN_ARIAS_2_fddc.xlsx | COTIZACION_-2026_MAYO_4932.xlsx
AG-1630,LIBRA DE Costillita,consu,Ferretería,Units,,,,False,False,False,SHARED,,,,1,,,,NEW_PRODUCT,1,1,MANUAL_REVIEW,MISSING_VALID_PRICE,NO_PRICE,,,,,,,,,libra|costillita,COTIZACIONES__DOMINION_BUSINESS_18aa.xlsx
AG-1631,PLATO FOAMI CON DIVISION/200/1 Catai/plastifar,consu,Ferretería,Units,,,caliber=200/1,False,False,False,SHARED,,,,12,,,,NEW_PRODUCT,2,12,MANUAL_REVIEW,MISSING_VALID_PRICE,NO_PRICE,,,,,,,,,plato|foami|division/200/1|catai/plastifar|200/1,COTIZACIONES__DOMINION_BUSINESS_18aa.xlsx | COTIZACIONES___2023-2024_PIN_ARIAS_2_fddc.xlsx
AG-1632,Cuchara Bambino/plastica 40/1,consu,Ferretería,Units,,,caliber=40/1,False,False,False,SHARED,,,,3,,,,NEW_PRODUCT,1,3,MANUAL_REVIEW,MISSING_VALID_PRICE,NO_PRICE,,,,,,,,,cuchara|bambino/plastica|40/1|40/1,COTIZACIONES__DOMINION_BUSINESS_18aa.xlsx
AG-1633,Tenedor Bambino/plastifar 40/1,consu,Ferretería,Units,,,caliber=40/1,False,False,False,SHARED,,,,12,,,,NEW_PRODUCT,2,12,MANUAL_REVIEW,MISSING_VALID_PRICE,NO_PRICE,,,,,,,,,tenedor|bambino/plastifar|40/1|40/1,COTIZACIONES__DOMINION_BUSINESS_18aa.xlsx | COTIZACIONES___2023-2024_PIN_ARIAS_2_fddc.xlsx
AG-1634,PAPEL DE Aluminio Diamond 18X1000FT,consu,Oficina,Units,,,capacity=1000 pies,False,False,False,SHARED,,,,10,,,,NEW_PRODUCT,2,10,MANUAL_REVIEW,MISSING_VALID_PRICE,NO_PRICE,,,,,,,,,papel|aluminio|diamond|18x1000ft|1000 pies,COTIZACIONES__DOMINION_BUSINESS_18aa.xlsx | COTIZACIONES___2023-2024_PIN_ARIAS_2_fddc.xlsx
AG-1635,SALTEN GRANDE DE TEFLON,consu,Ferretería,Units,,,,False,False,False,SHARED,,,,2,,,,NEW_PRODUCT,1,2,MANUAL_REVIEW,MISSING_VALID_PRICE,NO_PRICE,,,,,,,,,salten|grande|teflon,COTIZACIONES__DOMINION_BUSINESS_18aa.xlsx
AG-1636,OLLA DE ACERO Inoxidable,consu,Ferretería,Units,,,,False,False,False,SHARED,,,,2,,,,NEW_PRODUCT,1,2,MANUAL_REVIEW,MISSING_VALID_PRICE,NO_PRICE,,,,,,,,,olla|acero|inoxidable,COTIZACIONES__DOMINION_BUSINESS_18aa.xlsx
AG-1637,Caldero DE Aluminio,consu,Ferretería,Units,,,,False,False,False,SHARED,,,,2,,,,NEW_PRODUCT,1,2,MANUAL_REVIEW,MISSING_VALID_PRICE,NO_PRICE,,,,,,,,,caldero|aluminio,COTIZACIONES__DOMINION_BUSINESS_18aa.xlsx
AG-1638,Chuleta Feresca,consu,Carnes,Units,,,,False,True,False,PINARIA,,,,2,,,,NEW_PRODUCT,2,2,MANUAL_REVIEW,MISSING_VALID_PRICE,NO_PRICE,,,,,,,,,chuleta|feresca,COTIZACIONES__DOMINION_BUSINESS_18aa.xlsx | COTIZACIONES___2023-2024_PIN_ARIAS_2_fddc.xlsx
AG-1639,Longaniza GRUEZA,consu,Ferretería,Units,,,,False,False,False,SHARED,,,,2,,,,NEW_PRODUCT,2,2,MANUAL_REVIEW,MISSING_VALID_PRICE,NO_PRICE,,,,,,,,,longaniza|grueza,COTIZACIONES__DOMINION_BUSINESS_18aa.xlsx | COTIZACIONES___2023-2024_PIN_ARIAS_2_fddc.xlsx
AG-1640,MASITA DE CERDO Rebanada,consu,Ferretería,Units,,,,False,False,False,SHARED,,,,33,,,,NEW_PRODUCT,2,33,MANUAL_REVIEW,MISSING_VALID_PRICE,NO_PRICE,,,,,,,,,masita|cerdo|rebanada,COTIZACIONES__DOMINION_BUSINESS_18aa.xlsx | COTIZACIONES___2023-2024_PIN_ARIAS_2_fddc.xlsx
AG-1641,Pescado MERO,consu,Carnes,Units,,,,False,True,False,PINARIA,,,,32,,,,NEW_PRODUCT,2,32,MANUAL_REVIEW,MISSING_VALID_PRICE,NO_PRICE,,,,,,,,,pescado|mero,COTIZACIONES__DOMINION_BUSINESS_18aa.xlsx | COTIZACIONES___2023-2024_PIN_ARIAS_2_fddc.xlsx
AG-1642,BATATA,consu,Alimentos,Units,,,,True,False,False,PINARIA,,,,11,,,,NEW_PRODUCT,2,11,MANUAL_REVIEW,MISSING_VALID_PRICE,NO_PRICE,,,,,,,,,batata,COTIZACIONES__DOMINION_BUSINESS_18aa.xlsx | COTIZACIONES___2023-2024_PIN_ARIAS_2_fddc.xlsx
AG-1643,APIO,consu,Ferretería,Units,,,,False,False,False,SHARED,,,,18,,,,NEW_PRODUCT,2,18,MANUAL_REVIEW,MISSING_VALID_PRICE,NO_PRICE,,,,,,,,,apio,COTIZACIONES__DOMINION_BUSINESS_18aa.xlsx | COTIZACIONES___2023-2024_PIN_ARIAS_2_fddc.xlsx
AG-1644,LIMON VERDE,consu,Ferretería,Units,,,,False,False,False,SHARED,,,,18,,,,NEW_PRODUCT,2,18,MANUAL_REVIEW,MISSING_VALID_PRICE,NO_PRICE,,,,,,,,,limon|verde,COTIZACIONES__DOMINION_BUSINESS_18aa.xlsx | COTIZACIONES___2023-2024_PIN_ARIAS_2_fddc.xlsx
AG-1645,Naranja AGRIA,consu,Ferretería,Units,,,,False,False,False,SHARED,,,,17,,,,NEW_PRODUCT,2,17,MANUAL_REVIEW,MISSING_VALID_PRICE,NO_PRICE,,,,,,,,,naranja|agria,COTIZACIONES__DOMINION_BUSINESS_18aa.xlsx | COTIZACIONES___2023-2024_PIN_ARIAS_2_fddc.xlsx
AG-1646,TOMATE DE Ensalada,consu,Alimentos,Units,,,,True,False,False,PINARIA,,,,18,,,,NEW_PRODUCT,2,18,MANUAL_REVIEW,MISSING_VALID_PRICE,NO_PRICE,,,,,,,,,tomate|ensalada,COTIZACIONES__DOMINION_BUSINESS_18aa.xlsx | COTIZACIONES___2023-2024_PIN_ARIAS_2_fddc.xlsx
AG-1647,Zanahoria,consu,Ferretería,Units,,,,False,False,False,SHARED,,,,18,,,,NEW_PRODUCT,2,18,MANUAL_REVIEW,MISSING_VALID_PRICE,NO_PRICE,,,,,,,,,zanahoria,COTIZACIONES__DOMINION_BUSINESS_18aa.xlsx | COTIZACIONES___2023-2024_PIN_ARIAS_2_fddc.xlsx
AG-1648,Berenjena,consu,Ferretería,Units,,,,False,False,False,SHARED,,,,18,,,,NEW_PRODUCT,2,18,MANUAL_REVIEW,MISSING_VALID_PRICE,NO_PRICE,,,,,,,,,berenjena,COTIZACIONES__DOMINION_BUSINESS_18aa.xlsx | COTIZACIONES___2023-2024_PIN_ARIAS_2_fddc.xlsx
AG-1649,TOMATE Barcelo,consu,Alimentos,Units,,,,True,False,False,PINARIA,,,,12,,,,NEW_PRODUCT,2,12,MANUAL_REVIEW,MISSING_VALID_PRICE,NO_PRICE,,,,,,,,,tomate|barcelo,COTIZACIONES__DOMINION_BUSINESS_18aa.xlsx | COTIZACIONES___2023-2024_PIN_ARIAS_2_fddc.xlsx
AG-1650,Lechuga,consu,Ferretería,Units,,,,False,False,False,SHARED,,,,18,,,,NEW_PRODUCT,2,18,MANUAL_REVIEW,MISSING_VALID_PRICE,NO_PRICE,,,,,,,,,lechuga,COTIZACIONES__DOMINION_BUSINESS_18aa.xlsx | COTIZACIONES___2023-2024_PIN_ARIAS_2_fddc.xlsx
AG-1651,AJI Gustoso,consu,Ferretería,Units,,,,False,False,False,SHARED,,,,18,,,,NEW_PRODUCT,2,18,MANUAL_REVIEW,MISSING_VALID_PRICE,NO_PRICE,,,,,,,,,aji|gustoso,COTIZACIONES__DOMINION_BUSINESS_18aa.xlsx | COTIZACIONES___2023-2024_PIN_ARIAS_2_fddc.xlsx
AG-1652,AJI Cubanela,consu,Ferretería,Units,,,,False,False,False,SHARED,,,,18,,,,NEW_PRODUCT,2,18,MANUAL_REVIEW,MISSING_VALID_PRICE,NO_PRICE,,,,,,,,,aji|cubanela,COTIZACIONES__DOMINION_BUSINESS_18aa.xlsx | COTIZACIONES___2023-2024_PIN_ARIAS_2_fddc.xlsx
AG-1653,AJI MONROE,consu,Ferretería,Units,,,,False,False,False,SHARED,,,,14,,,,NEW_PRODUCT,2,14,MANUAL_REVIEW,MISSING_VALID_PRICE,NO_PRICE,,,,,,,,,aji|monroe,COTIZACIONES__DOMINION_BUSINESS_18aa.xlsx | COTIZACIONES___2023-2024_PIN_ARIAS_2_fddc.xlsx
AG-1654,PEPINO,consu,Ferretería,Units,,,,False,False,False,SHARED,,,,18,,,,NEW_PRODUCT,2,18,MANUAL_REVIEW,MISSING_VALID_PRICE,NO_PRICE,,,,,,,,,pepino,COTIZACIONES__DOMINION_BUSINESS_18aa.xlsx | COTIZACIONES___2023-2024_PIN_ARIAS_2_fddc.xlsx
AG-1655,Verdura,consu,Ferretería,Units,,,,False,False,False,SHARED,,,,18,,,,NEW_PRODUCT,2,18,MANUAL_REVIEW,MISSING_VALID_PRICE,NO_PRICE,,,,,,,,,verdura,COTIZACIONES__DOMINION_BUSINESS_18aa.xlsx | COTIZACIONES___2023-2024_PIN_ARIAS_2_fddc.xlsx
AG-1656,Cilantro ANCHO,consu,Ferretería,Units,,,,False,False,False,SHARED,,,,18,,,,NEW_PRODUCT,2,18,MANUAL_REVIEW,MISSING_VALID_PRICE,NO_PRICE,,,,,,,,,cilantro|ancho,COTIZACIONES__DOMINION_BUSINESS_18aa.xlsx | COTIZACIONES___2023-2024_PIN_ARIAS_2_fddc.xlsx
AG-1657,TOYOTA,consu,Ferretería,Units,,,,False,False,False,SHARED,,,,5,,,,NEW_PRODUCT,2,5,MANUAL_REVIEW,MISSING_VALID_PRICE,NO_PRICE,,,,,,,,,toyota,COTIZACIONES__DOMINION_BUSINESS_18aa.xlsx | COTIZACIONES___2023-2024_PIN_ARIAS_2_fddc.xlsx
AG-1658,Cebolla,consu,Alimentos,Units,,,,True,False,False,PINARIA,,,,18,,,,NEW_PRODUCT,2,18,MANUAL_REVIEW,MISSING_VALID_PRICE,NO_PRICE,,,,,,,,,cebolla,COTIZACIONES__DOMINION_BUSINESS_18aa.xlsx | COTIZACIONES___2023-2024_PIN_ARIAS_2_fddc.xlsx
AG-1659,PIÑA,consu,Ferretería,Units,,,,False,False,False,SHARED,,,,19,,,,NEW_PRODUCT,2,19,MANUAL_REVIEW,MISSING_VALID_PRICE,NO_PRICE,,,,,,,,,pina,COTIZACIONES__DOMINION_BUSINESS_18aa.xlsx | COTIZACIONES___2023-2024_PIN_ARIAS_2_fddc.xlsx
AG-1660,MELON,consu,Ferretería,Units,,,,False,False,False,SHARED,,,,19,,,,NEW_PRODUCT,2,19,MANUAL_REVIEW,MISSING_VALID_PRICE,NO_PRICE,,,,,,,,,melon,COTIZACIONES__DOMINION_BUSINESS_18aa.xlsx | COTIZACIONES___2023-2024_PIN_ARIAS_2_fddc.xlsx
AG-1661,Lechoza,consu,Ferretería,Units,,,,False,False,False,SHARED,,,,18,,,,NEW_PRODUCT,2,18,MANUAL_REVIEW,MISSING_VALID_PRICE,NO_PRICE,,,,,,,,,lechoza,COTIZACIONES__DOMINION_BUSINESS_18aa.xlsx | COTIZACIONES___2023-2024_PIN_ARIAS_2_fddc.xlsx
AG-1662,SANDIA,consu,Ferretería,Units,,,,False,False,False,SHARED,,,,17,,,,NEW_PRODUCT,2,17,MANUAL_REVIEW,MISSING_VALID_PRICE,NO_PRICE,,,,,,,,,sandia,COTIZACIONES__DOMINION_BUSINESS_18aa.xlsx | COTIZACIONES___2023-2024_PIN_ARIAS_2_fddc.xlsx
AG-1663,PAPEL MOGEE FILM 18'',consu,Oficina,Units,,,,False,False,False,SHARED,,,,4,,,,NEW_PRODUCT,1,4,MANUAL_REVIEW,MISSING_VALID_PRICE,NO_PRICE,,,,,,,,,papel|mogee|film|18,COTIZACIONES__DOMINION_BUSINESS_18aa.xlsx
AG-1664,MANTEL BLANCO,consu,Ferretería,Units,,,,False,False,False,SHARED,,,,2,1050.0,1050.0,1050.0,NEW_PRODUCT,2,2,CREATE_SHARED_PRODUCT,,SINGLE,COTIZACIONES__REMPART_GROUP_2_3578.xlsx,COT DIGECOG 2 (2),20,QUOTATION,MANTEL BLANCO,2.0,1050.0,DOP,mantel|blanco,COTIZACIONES__DOMINION_BUSINESS_18aa.xlsx | COTIZACIONES__REMPART_GROUP_2_3578.xlsx
AG-1665,Poncherita Pequeña,consu,Ferretería,Units,,,,False,False,False,SHARED,,,,2,1000.0,1000.0,1000.0,NEW_PRODUCT,2,2,CREATE_SHARED_PRODUCT,,SINGLE,COTIZACIONES__REMPART_GROUP_2_3578.xlsx,COT DIGECOG 2 (2),21,QUOTATION,PONCHERITA PEQUENA,2.0,1000.0,DOP,poncherita|pequena,COTIZACIONES__DOMINION_BUSINESS_18aa.xlsx | COTIZACIONES__REMPART_GROUP_2_3578.xlsx
AG-1666,Servilleta 10/1,consu,Ferretería,Units,,,caliber=10/1,False,False,False,SHARED,,,,1,,,,NEW_PRODUCT,1,1,MANUAL_REVIEW,MISSING_VALID_PRICE,NO_PRICE,,,,,,,,,servilleta|10/1|10/1,COTIZACIONES__DOMINION_BUSINESS_18aa.xlsx
AG-1667,PAPEL FILM DE COCINA PARA Envoltura 16 PULG 6/1,consu,Oficina,Units,LG,,"size=16"" caliber=6/1",False,False,False,SHARED,,,,1,,,,NEW_PRODUCT,1,1,MANUAL_REVIEW,MISSING_VALID_PRICE,NO_PRICE,,,,,,,,,"papel|film|cocina|para|envoltura|16|pulg|6/1|6/1|16""",COTIZACIONES__DOMINION_BUSINESS_18aa.xlsx
AG-1668,VASO MOLDY Plastico # 7 50PAQ/50,consu,Ferretería,Units,,,,False,False,False,SHARED,,,,11,,,,NEW_PRODUCT,2,11,MANUAL_REVIEW,MISSING_VALID_PRICE,NO_PRICE,,,,,,,,,vaso|moldy|plastico|7|50paq/50,COTIZACIONES__DOMINION_BUSINESS_18aa.xlsx | COTIZACIONES___2023-2024_PIN_ARIAS_2_fddc.xlsx
AG-1669,VASO MOLDY Plastico # 10 50PAQ/1,consu,Ferretería,Units,,,,False,False,False,SHARED,,,,1,,,,NEW_PRODUCT,1,1,MANUAL_REVIEW,MISSING_VALID_PRICE,NO_PRICE,,,,,,,,,vaso|moldy|plastico|10|50paq/1,COTIZACIONES__DOMINION_BUSINESS_18aa.xlsx
AG-1670,Alfombra Plastica,consu,Ferretería,Units,,,,False,False,False,SHARED,,,,1,,,,NEW_PRODUCT,1,1,MANUAL_REVIEW,MISSING_VALID_PRICE,NO_PRICE,,,,,,,,,alfombra|plastica,COTIZACIONES__DOMINION_BUSINESS_18aa.xlsx
AG-1671,Cuchillo GRANDE P/picar CARNE,consu,Ferretería,Units,,,,False,False,False,SHARED,,,,1,,,,NEW_PRODUCT,1,1,MANUAL_REVIEW,MISSING_VALID_PRICE,NO_PRICE,,,,,,,,,cuchillo|grande|p/picar|carne,COTIZACIONES__DOMINION_BUSINESS_18aa.xlsx
AG-1672,Poncherita Pequeña P/fregar,consu,Ferretería,Units,,,,False,False,False,SHARED,,,,1,,,,NEW_PRODUCT,1,1,MANUAL_REVIEW,MISSING_VALID_PRICE,NO_PRICE,,,,,,,,,poncherita|pequena|p/fregar,COTIZACIONES__DOMINION_BUSINESS_18aa.xlsx
AG-1673,TAYOTA,consu,Ferretería,Units,,,,False,False,False,SHARED,,,,13,,,,NEW_PRODUCT,2,13,MANUAL_REVIEW,MISSING_VALID_PRICE,NO_PRICE,,,,,,,,,tayota,COTIZACIONES__DOMINION_BUSINESS_18aa.xlsx | COTIZACIONES___2023-2024_PIN_ARIAS_2_fddc.xlsx
AG-1674,Repollo,consu,Carnes,Units,,,,False,True,False,PINARIA,,,,15,,,,NEW_PRODUCT,2,15,MANUAL_REVIEW,MISSING_VALID_PRICE,NO_PRICE,,,,,,,,,repollo,COTIZACIONES__DOMINION_BUSINESS_18aa.xlsx | COTIZACIONES___2023-2024_PIN_ARIAS_2_fddc.xlsx
AG-1675,QUESO Mozzarella,consu,Alimentos,Units,,,,True,False,False,PINARIA,,,,2,,,,NEW_PRODUCT,1,2,MANUAL_REVIEW,MISSING_VALID_PRICE,NO_PRICE,,,,,,,,,queso|mozzarella,COTIZACIONES__DOMINION_BUSINESS_18aa.xlsx
AG-1676,Chuleta FRESCA,consu,Carnes,Units,,,,False,True,False,PINARIA,,,,36,,,,NEW_PRODUCT,2,36,MANUAL_REVIEW,MISSING_VALID_PRICE,NO_PRICE,,,,,,,,,chuleta|fresca,COTIZACIONES__DOMINION_BUSINESS_18aa.xlsx | COTIZACIONES___2023-2024_PIN_ARIAS_2_fddc.xlsx
AG-1677,CARNE MOLIDA FRESCA,consu,Ferretería,Units,,,,False,False,False,SHARED,,,,5,,,,NEW_PRODUCT,2,5,MANUAL_REVIEW,MISSING_VALID_PRICE,NO_PRICE,,,,,,,,,carne|molida|fresca,COTIZACIONES__DOMINION_BUSINESS_18aa.xlsx | COTIZACIONES___2023-2024_PIN_ARIAS_2_fddc.xlsx
AG-1678,Longaniza GRUESA,consu,Ferretería,Units,,,,False,False,False,SHARED,,,,14,,,,NEW_PRODUCT,2,14,MANUAL_REVIEW,MISSING_VALID_PRICE,NO_PRICE,,,,,,,,,longaniza|gruesa,COTIZACIONES__DOMINION_BUSINESS_18aa.xlsx | COTIZACIONES___2023-2024_PIN_ARIAS_2_fddc.xlsx
AG-1679,POLLO FRESCO,consu,Carnes,Units,,,,False,True,False,PINARIA,,,,12,,,,NEW_PRODUCT,2,12,MANUAL_REVIEW,MISSING_VALID_PRICE,NO_PRICE,,,,,,,,,pollo|fresco,COTIZACIONES__DOMINION_BUSINESS_18aa.xlsx | COTIZACIONES___2023-2024_PIN_ARIAS_2_fddc.xlsx
AG-1680,CARNE DE RES Rebanada,consu,Carnes,Units,,,,False,True,False,PINARIA,,,,13,,,,NEW_PRODUCT,2,13,MANUAL_REVIEW,MISSING_VALID_PRICE,NO_PRICE,,,,,,,,,carne|res|rebanada,COTIZACIONES__DOMINION_BUSINESS_18aa.xlsx | COTIZACIONES___2023-2024_PIN_ARIAS_2_fddc.xlsx
AG-1681,Cucharon HIERRO,consu,Ferretería,Units,,,,False,False,False,SHARED,,,,1,,,,NEW_PRODUCT,1,1,MANUAL_REVIEW,MISSING_VALID_PRICE,NO_PRICE,,,,,,,,,cucharon|hierro,COTIZACIONES__DOMINION_BUSINESS_18aa.xlsx
AG-1682,Cuchilla Licuadora OSTER,consu,Electrodomésticos,Units,Oster,,,False,False,False,SHARED,,,,1,,,,NEW_PRODUCT,1,1,MANUAL_REVIEW,MISSING_VALID_PRICE,NO_PRICE,,,,,,,,,cuchilla|licuadora|oster,COTIZACIONES__DOMINION_BUSINESS_18aa.xlsx
AG-1683,MASITA DE CERDO,consu,Ferretería,Units,,,,False,False,False,SHARED,,,,3,145.0,145.0,145.0,NEW_PRODUCT,2,3,CREATE_SHARED_PRODUCT,,SINGLE,COTIZACIONES___2023-2024_PIN_ARIAS_2_fddc.xlsx,Hoja1,7,QUOTATION,MASITA DE CERDO,,145.0,DOP,masita|cerdo,COTIZACIONES__DOMINION_BUSINESS_18aa.xlsx | COTIZACIONES___2023-2024_PIN_ARIAS_2_fddc.xlsx
AG-1684,Costlla,consu,Ferretería,Units,,,,False,False,False,SHARED,,,,1,,,,NEW_PRODUCT,1,1,MANUAL_REVIEW,MISSING_VALID_PRICE,NO_PRICE,,,,,,,,,costlla,COTIZACIONES__DOMINION_BUSINESS_18aa.xlsx
AG-1685,Cucharas Bambino /plastifar 40/1,consu,Ferretería,Units,,,caliber=40/1,False,False,False,SHARED,,,,9,,,,NEW_PRODUCT,2,9,MANUAL_REVIEW,MISSING_VALID_PRICE,NO_PRICE,,,,,,,,,cucharas|bambino|/plastifar|40/1|40/1,COTIZACIONES__DOMINION_BUSINESS_18aa.xlsx | COTIZACIONES___2023-2024_PIN_ARIAS_2_fddc.xlsx
AG-1686,Colador Plastico PARA EL TE (grandes),consu,Ferretería,Units,,,,False,False,False,SHARED,,,,1,,,,NEW_PRODUCT,1,1,MANUAL_REVIEW,MISSING_VALID_PRICE,NO_PRICE,,,,,,,,,colador|plastico|para|te|grandes,COTIZACIONES__DOMINION_BUSINESS_18aa.xlsx
AG-1687,Colador Plastico PARA Espaguetis,consu,Ferretería,Units,,,,False,False,False,SHARED,,,,1,,,,NEW_PRODUCT,1,1,MANUAL_REVIEW,MISSING_VALID_PRICE,NO_PRICE,,,,,,,,,colador|plastico|para|espaguetis,COTIZACIONES__DOMINION_BUSINESS_18aa.xlsx
AG-1688,Cuchillo Pequeño,consu,Ferretería,Units,,,,False,False,False,SHARED,,,,1,,,,NEW_PRODUCT,1,1,MANUAL_REVIEW,MISSING_VALID_PRICE,NO_PRICE,,,,,,,,,cuchillo|pequeno,COTIZACIONES__DOMINION_BUSINESS_18aa.xlsx
AG-1689,Trituradora,consu,Ferretería,Units,,,,False,False,False,SHARED,,,,1,,,,NEW_PRODUCT,1,1,MANUAL_REVIEW,MISSING_VALID_PRICE,NO_PRICE,,,,,,,,,trituradora,COTIZACIONES__DOMINION_BUSINESS_18aa.xlsx
AG-1690,PAPEL FILL Evofilm STRECH FIM 17.5,consu,Oficina,Units,,,,False,False,False,SHARED,,,,4,,,,NEW_PRODUCT,1,4,MANUAL_REVIEW,MISSING_VALID_PRICE,NO_PRICE,,,,,,,,,papel|fill|evofilm|strech|fim|17.5,COTIZACIONES__DOMINION_BUSINESS_18aa.xlsx
AG-1691,CUBETA CON TAPA,consu,Ferretería,Units,,,,False,False,False,SHARED,,,,1,,,,NEW_PRODUCT,1,1,MANUAL_REVIEW,MISSING_VALID_PRICE,NO_PRICE,,,,,,,,,cubeta|tapa,COTIZACIONES__DOMINION_BUSINESS_18aa.xlsx
AG-1692,Colador Espumadera (DE FREIR),consu,Ferretería,Units,,,,False,False,False,SHARED,,,,1,,,,NEW_PRODUCT,1,1,MANUAL_REVIEW,MISSING_VALID_PRICE,NO_PRICE,,,,,,,,,colador|espumadera|freir,COTIZACIONES__DOMINION_BUSINESS_18aa.xlsx
AG-1693,UNIDAD DE Ambientador EN SPRAY,consu,Ferretería,Units,,,,False,False,False,SHARED,,,,1,,,,NEW_PRODUCT,1,1,MANUAL_REVIEW,MISSING_VALID_PRICE,NO_PRICE,,,,,,,,,unidad|ambientador|spray,COTIZACIONES__DOMINION_BUSINESS_18aa.xlsx
AG-1694,GALON DE Desinfectante Liquido CON AROMA (ALTA Calidad),consu,Limpieza,Units,,,,False,False,False,SHARED,,,,1,,,,NEW_PRODUCT,1,1,MANUAL_REVIEW,MISSING_VALID_PRICE,NO_PRICE,,,,,,,,,galon|desinfectante|liquido|aroma|alta|calidad,COTIZACIONES__DOMINION_BUSINESS_18aa.xlsx
AG-1695,GALON DE CLORO,consu,Limpieza,Units,,,,False,False,False,SHARED,,,,1,,,,NEW_PRODUCT,1,1,MANUAL_REVIEW,MISSING_VALID_PRICE,NO_PRICE,,,,,,,,,galon|cloro,COTIZACIONES__DOMINION_BUSINESS_18aa.xlsx
AG-1696,GALON DE JABON Liquido SIN AROMA,consu,Limpieza,Units,,,,False,False,False,SHARED,,,,1,,,,NEW_PRODUCT,1,1,MANUAL_REVIEW,MISSING_VALID_PRICE,NO_PRICE,,,,,,,,,galon|jabon|liquido|sin|aroma,COTIZACIONES__DOMINION_BUSINESS_18aa.xlsx
AG-1697,"FARDOS DE PAPEL Higienico PARA BAÑO BLANCO JUMBO 1,300 ROLLO 12/1 (1 PLIEGO SIN AROMA)",consu,Oficina,Units,,,caliber=12/1,False,False,False,SHARED,,,,1,,,,NEW_PRODUCT,1,1,MANUAL_REVIEW,MISSING_VALID_PRICE,NO_PRICE,,,,,,,,,fardos|papel|higienico|para|bano|blanco|jumbo|1|12/1,COTIZACIONES__DOMINION_BUSINESS_18aa.xlsx
AG-1698,"FARDOS DE PAPEL TOALLA SLIM ROLL 6/1, 500 (1 Pliegue) PARA Dispensador. (ALTA Calidad).",consu,Oficina,Units,,,caliber=6/1,False,False,False,SHARED,,,,1,,,,NEW_PRODUCT,1,1,MANUAL_REVIEW,MISSING_VALID_PRICE,NO_PRICE,,,,,,,,,fardos|papel|toalla|slim|roll|6/1|500|1|6/1,COTIZACIONES__DOMINION_BUSINESS_18aa.xlsx
AG-1699,FARDOS DE Servilletas DE MESA 500/10/1. (ALTA Calidad),consu,Mobiliario,Units,,,caliber=500/10,False,False,False,SHARED,,,,1,,,,NEW_PRODUCT,1,1,MANUAL_REVIEW,MISSING_VALID_PRICE,NO_PRICE,,,,,,,,,fardos|servilletas|mesa|500/10/1.|alta|calidad|500/10,COTIZACIONES__DOMINION_BUSINESS_18aa.xlsx
AG-1700,SACOS DE Detergente EN POLVO 30/1. (ALTA Calidad),consu,Limpieza,Units,,,caliber=30/1,False,False,False,SHARED,,,,1,,,,NEW_PRODUCT,1,1,MANUAL_REVIEW,MISSING_VALID_PRICE,NO_PRICE,,,,,,,,,sacos|detergente|polvo|30/1.|alta|calidad|30/1,COTIZACIONES__DOMINION_BUSINESS_18aa.xlsx
AG-1701,Unidades DE Piedras Perfumadoras (ALTA Calidad),consu,Ferretería,Units,,,,False,False,False,SHARED,,,,1,,,,NEW_PRODUCT,1,1,MANUAL_REVIEW,MISSING_VALID_PRICE,NO_PRICE,,,,,,,,,unidades|piedras|perfumadoras|alta|calidad,COTIZACIONES__DOMINION_BUSINESS_18aa.xlsx
AG-1702,Paquetes DE Cucharas Plasticas 40/25/1 (ALTA Calidad),consu,Ferretería,Units,,,caliber=40/25,False,False,False,SHARED,,,,1,,,,NEW_PRODUCT,1,1,MANUAL_REVIEW,MISSING_VALID_PRICE,NO_PRICE,,,,,,,,,paquetes|cucharas|plasticas|40/25/1|alta|calidad|40/25,COTIZACIONES__DOMINION_BUSINESS_18aa.xlsx
AG-1703,Paquetes DE Tenedores Plasticos 40/25/1 (ALTA Calidad),consu,Ferretería,Units,,,caliber=40/25,False,False,False,SHARED,,,,1,,,,NEW_PRODUCT,1,1,MANUAL_REVIEW,MISSING_VALID_PRICE,NO_PRICE,,,,,,,,,paquetes|tenedores|plasticos|40/25/1|alta|calidad|40/25,COTIZACIONES__DOMINION_BUSINESS_18aa.xlsx
AG-1704,Cafetera Electrica 12/TAZAS,consu,Ferretería,Units,,,,False,False,False,SHARED,,,,2,,,,NEW_PRODUCT,1,2,MANUAL_REVIEW,MISSING_VALID_PRICE,NO_PRICE,,,,,,,,,cafetera|electrica|12/tazas,COTIZACIONES__DOMINION_BUSINESS_18aa.xlsx
AG-1705,Licuadora OSTER,consu,Electrodomésticos,Units,Oster,,,False,False,False,SHARED,,,,1,,,,NEW_PRODUCT,1,1,MANUAL_REVIEW,MISSING_VALID_PRICE,NO_PRICE,,,,,,,,,licuadora|oster,COTIZACIONES__DOMINION_BUSINESS_18aa.xlsx
AG-1706,TABLA Amarilla DE PICAR,consu,Ferretería,Units,,,,False,False,False,SHARED,,,,1,,,,NEW_PRODUCT,1,1,MANUAL_REVIEW,MISSING_VALID_PRICE,NO_PRICE,,,,,,,,,tabla|amarilla|picar,COTIZACIONES__DOMINION_BUSINESS_18aa.xlsx
AG-1707,OLLA DE AXERO Innoxidable GRANDE PARA EL TE,consu,Ferretería,Units,,,,False,False,False,SHARED,,,,1,,,,NEW_PRODUCT,1,1,MANUAL_REVIEW,MISSING_VALID_PRICE,NO_PRICE,,,,,,,,,olla|axero|innoxidable|grande|para|te,COTIZACIONES__DOMINION_BUSINESS_18aa.xlsx
AG-1708,GRECA DE HIERRO 12/TAZAS,consu,Ferretería,Units,,,,False,False,False,SHARED,,,,1,,,,NEW_PRODUCT,1,1,MANUAL_REVIEW,MISSING_VALID_PRICE,NO_PRICE,,,,,,,,,greca|hierro|12/tazas,COTIZACIONES__DOMINION_BUSINESS_18aa.xlsx
AG-1709,Dispensador PAPEL FILM (maquina Del Papel Film Pastico),consu,Oficina,Units,,,,False,False,False,SHARED,,,,1,,,,NEW_PRODUCT,1,1,MANUAL_REVIEW,MISSING_VALID_PRICE,NO_PRICE,,,,,,,,,dispensador|papel|film|maquina|papel|film|pastico,COTIZACIONES__DOMINION_BUSINESS_18aa.xlsx
AG-1710,Costillita Ahumada,consu,Ferretería,Units,,,,False,False,False,SHARED,,,,1,,,,NEW_PRODUCT,1,1,MANUAL_REVIEW,MISSING_VALID_PRICE,NO_PRICE,,,,,,,,,costillita|ahumada,COTIZACIONES__DOMINION_BUSINESS_18aa.xlsx
AG-1711,VASO MOLDY Plastico # 10 50PAQ/51,consu,Ferretería,Units,,,,False,False,False,SHARED,,,,2,,,,NEW_PRODUCT,1,2,MANUAL_REVIEW,MISSING_VALID_PRICE,NO_PRICE,,,,,,,,,vaso|moldy|plastico|10|50paq/51,COTIZACIONES__DOMINION_BUSINESS_18aa.xlsx
AG-1712,Cucharon Pequeño,consu,Ferretería,Units,,,,False,False,False,SHARED,,,,1,,,,NEW_PRODUCT,1,1,MANUAL_REVIEW,MISSING_VALID_PRICE,NO_PRICE,,,,,,,,,cucharon|pequeno,COTIZACIONES__DOMINION_BUSINESS_18aa.xlsx
AG-1713,VASO DE Crystal,consu,Ferretería,Units,,,,False,False,False,SHARED,,,,1,,,,NEW_PRODUCT,1,1,MANUAL_REVIEW,MISSING_VALID_PRICE,NO_PRICE,,,,,,,,,vaso|crystal,COTIZACIONES__DOMINION_BUSINESS_18aa.xlsx
AG-1714,TAZAS DE CAFÉ BLANCA,consu,Ferretería,Units,,,,False,False,False,SHARED,,,,1,,,,NEW_PRODUCT,1,1,MANUAL_REVIEW,MISSING_VALID_PRICE,NO_PRICE,,,,,,,,,tazas|cafe|blanca,COTIZACIONES__DOMINION_BUSINESS_18aa.xlsx
AG-1715,Azucarera Pequeña,consu,Alimentos,Units,,,,True,False,False,PINARIA,,,,1,,,,NEW_PRODUCT,1,1,MANUAL_REVIEW,MISSING_VALID_PRICE,NO_PRICE,,,,,,,,,azucarera|pequena,COTIZACIONES__DOMINION_BUSINESS_18aa.xlsx
AG-1716,Bandeja CON AZA,consu,Ferretería,Units,,,,False,False,False,SHARED,,,,1,,,,NEW_PRODUCT,1,1,MANUAL_REVIEW,MISSING_VALID_PRICE,NO_PRICE,,,,,,,,,bandeja|aza,COTIZACIONES__DOMINION_BUSINESS_18aa.xlsx
AG-1717,Servilletas DE TELA MODERN HOME,consu,Ferretería,Units,,,,False,False,False,SHARED,,,,1,,,,NEW_PRODUCT,1,1,MANUAL_REVIEW,MISSING_VALID_PRICE,NO_PRICE,,,,,,,,,servilletas|tela|modern|home,COTIZACIONES__DOMINION_BUSINESS_18aa.xlsx
AG-1718,Servilleta DE BAR,consu,Ferretería,Units,,,,False,False,False,SHARED,,,,1,,,,NEW_PRODUCT,1,1,MANUAL_REVIEW,MISSING_VALID_PRICE,NO_PRICE,,,,,,,,,servilleta|bar,COTIZACIONES__DOMINION_BUSINESS_18aa.xlsx
AG-1719,Espatula DE Bizcocho DE METAL R/521005,consu,Ferretería,Units,,,,False,False,False,SHARED,,,,1,,,,NEW_PRODUCT,1,1,MANUAL_REVIEW,MISSING_VALID_PRICE,NO_PRICE,,,,,,,,,espatula|bizcocho|metal|r/521005,COTIZACIONES__DOMINION_BUSINESS_18aa.xlsx
AG-1720,PLATOS DE POSTRE 692203 19CM Bolonia BLANCO,consu,Ferretería,Units,,,,False,False,False,SHARED,,,,1,,,,NEW_PRODUCT,1,1,MANUAL_REVIEW,MISSING_VALID_PRICE,NO_PRICE,,,,,,,,,platos|postre|692203|19|cm|bolonia|blanco,COTIZACIONES__DOMINION_BUSINESS_18aa.xlsx
AG-1721,Tenedores DE POSTRE,consu,Ferretería,Units,,,,False,False,False,SHARED,,,,1,,,,NEW_PRODUCT,1,1,MANUAL_REVIEW,MISSING_VALID_PRICE,NO_PRICE,,,,,,,,,tenedores|postre,COTIZACIONES__DOMINION_BUSINESS_18aa.xlsx
AG-1722,COPAS DE Champang Brunello,consu,Ferretería,Units,,,,False,False,False,SHARED,,,,1,,,,NEW_PRODUCT,1,1,MANUAL_REVIEW,MISSING_VALID_PRICE,NO_PRICE,,,,,,,,,copas|champang|brunello,COTIZACIONES__DOMINION_BUSINESS_18aa.xlsx
AG-1723,JUEGO DE COPAS DE AGUA DE 12 PZS,consu,Ferretería,Units,,,,False,False,False,SHARED,,,,1,,,,NEW_PRODUCT,1,1,MANUAL_REVIEW,MISSING_VALID_PRICE,NO_PRICE,,,,,,,,,juego|copas|agua|12|pzs,COTIZACIONES__DOMINION_BUSINESS_18aa.xlsx
AG-1724,JUEGO DE TAZAS Completo 12 PZS,consu,Ferretería,Units,,,,False,False,False,SHARED,,,,1,,,,NEW_PRODUCT,1,1,MANUAL_REVIEW,MISSING_VALID_PRICE,NO_PRICE,,,,,,,,,juego|tazas|completo|12|pzs,COTIZACIONES__DOMINION_BUSINESS_18aa.xlsx
AG-1725,JUEGO DE Cuchara PARA CAFÉ DE 12 PZS,consu,Ferretería,Units,,,,False,False,False,SHARED,,,,1,,,,NEW_PRODUCT,1,1,MANUAL_REVIEW,MISSING_VALID_PRICE,NO_PRICE,,,,,,,,,juego|cuchara|para|cafe|12|pzs,COTIZACIONES__DOMINION_BUSINESS_18aa.xlsx
AG-1726,GRECA GRANDE DE CAFÉ 12 TAZAS Kandelo,consu,Ferretería,Units,,,,False,False,False,SHARED,,,,1,,,,NEW_PRODUCT,1,1,MANUAL_REVIEW,MISSING_VALID_PRICE,NO_PRICE,,,,,,,,,greca|grande|cafe|12|tazas|kandelo,COTIZACIONES__DOMINION_BUSINESS_18aa.xlsx
AG-1727,GRECA Pequeña DE CAFÉ 3 TAZAS IMUSA,consu,Ferretería,Units,,,,False,False,False,SHARED,,,,1,,,,NEW_PRODUCT,1,1,MANUAL_REVIEW,MISSING_VALID_PRICE,NO_PRICE,,,,,,,,,greca|pequena|cafe|3|tazas|imusa,COTIZACIONES__DOMINION_BUSINESS_18aa.xlsx
AG-1728,TERMO GRANDE PARA CAFÉ BOMBA,consu,Ferretería,Units,,,,False,False,False,SHARED,,,,1,,,,NEW_PRODUCT,1,1,MANUAL_REVIEW,MISSING_VALID_PRICE,NO_PRICE,,,,,,,,,termo|grande|para|cafe|bomba,COTIZACIONES__DOMINION_BUSINESS_18aa.xlsx
AG-1729,VASOS Mezcladores,consu,Ferretería,Units,,,,False,False,False,SHARED,,,,1,,,,NEW_PRODUCT,1,1,MANUAL_REVIEW,MISSING_VALID_PRICE,NO_PRICE,,,,,,,,,vasos|mezcladores,COTIZACIONES__DOMINION_BUSINESS_18aa.xlsx
AG-1730,Coctelera,consu,Ferretería,Units,,,,False,False,False,SHARED,,,,1,,,,NEW_PRODUCT,1,1,MANUAL_REVIEW,MISSING_VALID_PRICE,NO_PRICE,,,,,,,,,coctelera,COTIZACIONES__DOMINION_BUSINESS_18aa.xlsx
AG-1731,Cucharas Imperiales,consu,Ferretería,Units,,,,False,False,False,SHARED,,,,1,,,,NEW_PRODUCT,1,1,MANUAL_REVIEW,MISSING_VALID_PRICE,NO_PRICE,,,,,,,,,cucharas|imperiales,COTIZACIONES__DOMINION_BUSINESS_18aa.xlsx
AG-1732,SET DE Cuhillos,consu,Ferretería,Units,,,,False,False,False,SHARED,,,,1,,,,NEW_PRODUCT,1,1,MANUAL_REVIEW,MISSING_VALID_PRICE,NO_PRICE,,,,,,,,,set|cuhillos,COTIZACIONES__DOMINION_BUSINESS_18aa.xlsx
AG-1733,Colador DE Gusanillo,consu,Ferretería,Units,,,,False,False,False,SHARED,,,,1,,,,NEW_PRODUCT,1,1,MANUAL_REVIEW,MISSING_VALID_PRICE,NO_PRICE,,,,,,,,,colador|gusanillo,COTIZACIONES__DOMINION_BUSINESS_18aa.xlsx
AG-1734,VASOS Medidores DE 1 X 2 ONZAS LAUREL,consu,Ferretería,Units,,,,False,False,False,SHARED,,,,1,,,,NEW_PRODUCT,1,1,MANUAL_REVIEW,MISSING_VALID_PRICE,NO_PRICE,,,,,,,,,vasos|medidores|1|x|2|onzas|laurel,COTIZACIONES__DOMINION_BUSINESS_18aa.xlsx
AG-1735,VASOS Medidores DE 1/2 X 1 ONZAS,consu,Ferretería,Units,,,caliber=1/2,False,False,False,SHARED,,,,1,,,,NEW_PRODUCT,1,1,MANUAL_REVIEW,MISSING_VALID_PRICE,NO_PRICE,,,,,,,,,vasos|medidores|1/2|x|1|onzas|1/2,COTIZACIONES__DOMINION_BUSINESS_18aa.xlsx
AG-1736,Varitas Removedoras,consu,Ferretería,Units,,,,False,False,False,SHARED,,,,1,,,,NEW_PRODUCT,1,1,MANUAL_REVIEW,MISSING_VALID_PRICE,NO_PRICE,,,,,,,,,varitas|removedoras,COTIZACIONES__DOMINION_BUSINESS_18aa.xlsx
AG-1737,Colador DE Cuchara,consu,Ferretería,Units,,,,False,False,False,SHARED,,,,1,,,,NEW_PRODUCT,1,1,MANUAL_REVIEW,MISSING_VALID_PRICE,NO_PRICE,,,,,,,,,colador|cuchara,COTIZACIONES__DOMINION_BUSINESS_18aa.xlsx
AG-1738,Mortero O Macerador,consu,Ferretería,Units,,,,False,False,False,SHARED,,,,1,,,,NEW_PRODUCT,1,1,MANUAL_REVIEW,MISSING_VALID_PRICE,NO_PRICE,,,,,,,,,mortero|o|macerador,COTIZACIONES__DOMINION_BUSINESS_18aa.xlsx
AG-1739,Sacacorchos Destapador LAUREL,consu,Ferretería,Units,,,,False,False,False,SHARED,,,,1,,,,NEW_PRODUCT,1,1,MANUAL_REVIEW,MISSING_VALID_PRICE,NO_PRICE,,,,,,,,,sacacorchos|destapador|laurel,COTIZACIONES__DOMINION_BUSINESS_18aa.xlsx
AG-1740,Cubiteras PARA HIELO,consu,Ferretería,Units,,,,False,False,False,SHARED,,,,1,,,,NEW_PRODUCT,1,1,MANUAL_REVIEW,MISSING_VALID_PRICE,NO_PRICE,,,,,,,,,cubiteras|para|hielo,COTIZACIONES__DOMINION_BUSINESS_18aa.xlsx
AG-1741,VASOS Highball COBA,consu,Ferretería,Units,,,,False,False,False,SHARED,,,,1,,,,NEW_PRODUCT,1,1,MANUAL_REVIEW,MISSING_VALID_PRICE,NO_PRICE,,,,,,,,,vasos|highball|coba,COTIZACIONES__DOMINION_BUSINESS_18aa.xlsx
AG-1742,VASOS DE PIÑA COLADA Cristar,consu,Ferretería,Units,,,,False,False,False,SHARED,,,,1,,,,NEW_PRODUCT,1,1,MANUAL_REVIEW,MISSING_VALID_PRICE,NO_PRICE,,,,,,,,,vasos|pina|colada|cristar,COTIZACIONES__DOMINION_BUSINESS_18aa.xlsx
AG-1743,VASOS PARA TRAGOS A LA ROCA Cristar,consu,Ferretería,Units,,,,False,False,False,SHARED,,,,1,,,,NEW_PRODUCT,1,1,MANUAL_REVIEW,MISSING_VALID_PRICE,NO_PRICE,,,,,,,,,vasos|para|tragos|a|roca|cristar,COTIZACIONES__DOMINION_BUSINESS_18aa.xlsx
AG-1744,VASOS DE Malteada,consu,Ferretería,Units,,,,False,False,False,SHARED,,,,1,,,,NEW_PRODUCT,1,1,MANUAL_REVIEW,MISSING_VALID_PRICE,NO_PRICE,,,,,,,,,vasos|malteada,COTIZACIONES__DOMINION_BUSINESS_18aa.xlsx
AG-1745,COPAS DE VINO TINTO,consu,Ferretería,Units,,,,False,False,False,SHARED,,,,1,,,,NEW_PRODUCT,1,1,MANUAL_REVIEW,MISSING_VALID_PRICE,NO_PRICE,,,,,,,,,copas|vino|tinto,COTIZACIONES__DOMINION_BUSINESS_18aa.xlsx
AG-1746,COPAS DE VINO BLANCO,consu,Ferretería,Units,,,,False,False,False,SHARED,,,,1,,,,NEW_PRODUCT,1,1,MANUAL_REVIEW,MISSING_VALID_PRICE,NO_PRICE,,,,,,,,,copas|vino|blanco,COTIZACIONES__DOMINION_BUSINESS_18aa.xlsx
AG-1747,COPAS DE Aperitivos Cristar,consu,Ferretería,Units,,,,False,False,False,SHARED,,,,1,,,,NEW_PRODUCT,1,1,MANUAL_REVIEW,MISSING_VALID_PRICE,NO_PRICE,,,,,,,,,copas|aperitivos|cristar,COTIZACIONES__DOMINION_BUSINESS_18aa.xlsx
AG-1748,COPAS DE COGNAC,consu,Ferretería,Units,,,,False,False,False,SHARED,,,,1,,,,NEW_PRODUCT,1,1,MANUAL_REVIEW,MISSING_VALID_PRICE,NO_PRICE,,,,,,,,,copas|cognac,COTIZACIONES__DOMINION_BUSINESS_18aa.xlsx
AG-1749,COPAS Flautas PARA Espumantes Cristar,consu,Ferretería,Units,,,,False,False,False,SHARED,,,,1,,,,NEW_PRODUCT,1,1,MANUAL_REVIEW,MISSING_VALID_PRICE,NO_PRICE,,,,,,,,,copas|flautas|para|espumantes|cristar,COTIZACIONES__DOMINION_BUSINESS_18aa.xlsx
AG-1750,COPAS DE Margarita NADIR,consu,Ferretería,Units,,,,False,False,False,SHARED,,,,1,,,,NEW_PRODUCT,1,1,MANUAL_REVIEW,MISSING_VALID_PRICE,NO_PRICE,,,,,,,,,copas|margarita|nadir,COTIZACIONES__DOMINION_BUSINESS_18aa.xlsx
AG-1751,COPAS DE Martini NADIR,consu,Ferretería,Units,,,,False,False,False,SHARED,,,,1,,,,NEW_PRODUCT,1,1,MANUAL_REVIEW,MISSING_VALID_PRICE,NO_PRICE,,,,,,,,,copas|martini|nadir,COTIZACIONES__DOMINION_BUSINESS_18aa.xlsx
AG-1752,TABLA DE CORTE,consu,Ferretería,Units,,,,False,False,False,SHARED,,,,1,,,,NEW_PRODUCT,1,1,MANUAL_REVIEW,MISSING_VALID_PRICE,NO_PRICE,,,,,,,,,tabla|corte,COTIZACIONES__DOMINION_BUSINESS_18aa.xlsx
AG-1753,ENVASE Plastico PARA FRUTA Preparada Sunnypack,consu,Ferretería,Units,,,,False,False,False,SHARED,,,,1,,,,NEW_PRODUCT,1,1,MANUAL_REVIEW,MISSING_VALID_PRICE,NO_PRICE,,,,,,,,,envase|plastico|para|fruta|preparada|sunnypack,COTIZACIONES__DOMINION_BUSINESS_18aa.xlsx
AG-1754,Botella PARA Preparar Cocteles,consu,Ferretería,Units,,,,False,False,False,SHARED,,,,1,,,,NEW_PRODUCT,1,1,MANUAL_REVIEW,MISSING_VALID_PRICE,NO_PRICE,,,,,,,,,botella|para|preparar|cocteles,COTIZACIONES__DOMINION_BUSINESS_18aa.xlsx
AG-1755,Bandeja PARA SERVIR CAFÉ,consu,Ferretería,Units,,,,False,False,False,SHARED,,,,1,,,,NEW_PRODUCT,1,1,MANUAL_REVIEW,MISSING_VALID_PRICE,NO_PRICE,,,,,,,,,bandeja|para|servir|cafe,COTIZACIONES__DOMINION_BUSINESS_18aa.xlsx
AG-1756,TABLA PARA Embutidos ATTICO,consu,Ferretería,Units,,,,False,False,False,SHARED,,,,1,,,,NEW_PRODUCT,1,1,MANUAL_REVIEW,MISSING_VALID_PRICE,NO_PRICE,,,,,,,,,tabla|para|embutidos|attico,COTIZACIONES__DOMINION_BUSINESS_18aa.xlsx
AG-1757,Servilleteros,consu,Ferretería,Units,,,,False,False,False,SHARED,,,,1,,,,NEW_PRODUCT,1,1,MANUAL_REVIEW,MISSING_VALID_PRICE,NO_PRICE,,,,,,,,,servilleteros,COTIZACIONES__DOMINION_BUSINESS_18aa.xlsx
AG-1758,AROS DE Servilletas,consu,Ferretería,Units,,,,False,False,False,SHARED,,,,1,,,,NEW_PRODUCT,1,1,MANUAL_REVIEW,MISSING_VALID_PRICE,NO_PRICE,,,,,,,,,aros|servilletas,COTIZACIONES__DOMINION_BUSINESS_18aa.xlsx
AG-1759,MATAS ALTAS CON SUS TARROS,consu,Ferretería,Units,,,,False,False,False,SHARED,,,,1,,,,NEW_PRODUCT,1,1,MANUAL_REVIEW,MISSING_VALID_PRICE,NO_PRICE,,,,,,,,,matas|altas|sus|tarros,COTIZACIONES__DOMINION_BUSINESS_18aa.xlsx
AG-1760,STAND PARA Preparar LOS Cocteles,consu,Ferretería,Units,,,,False,False,False,SHARED,,,,1,,,,NEW_PRODUCT,1,1,MANUAL_REVIEW,MISSING_VALID_PRICE,NO_PRICE,,,,,,,,,stand|para|preparar|cocteles,COTIZACIONES__DOMINION_BUSINESS_18aa.xlsx
AG-1761,CARNE DE Cerdo/masa,consu,Carnes,Units,,,,False,True,False,PINARIA,,,,1,,,,NEW_PRODUCT,1,1,MANUAL_REVIEW,MISSING_VALID_PRICE,NO_PRICE,,,,,,,,,carne|cerdo/masa,COTIZACIONES__DOMINION_BUSINESS_18aa.xlsx
AG-1762,CARNE MOLIDA DE CERDO,consu,Ferretería,Units,,,,False,False,False,SHARED,,,,1,,,,NEW_PRODUCT,1,1,MANUAL_REVIEW,MISSING_VALID_PRICE,NO_PRICE,,,,,,,,,carne|molida|cerdo,COTIZACIONES__DOMINION_BUSINESS_18aa.xlsx
AG-1763,Pechuga DE POLLO,consu,Carnes,Units,,,,False,True,False,PINARIA,,,,8,,,,NEW_PRODUCT,2,8,MANUAL_REVIEW,MISSING_VALID_PRICE,NO_PRICE,,,,,,,,,pechuga|pollo,COTIZACIONES__DOMINION_BUSINESS_18aa.xlsx | COTIZACIONES___2023-2024_PIN_ARIAS_2_fddc.xlsx
AG-1764,Bandeja DE Aluminio Rectangular Grandes,consu,Ferretería,Units,,,,False,False,False,SHARED,,,,1,,,,NEW_PRODUCT,1,1,MANUAL_REVIEW,MISSING_VALID_PRICE,NO_PRICE,,,,,,,,,bandeja|aluminio|rectangular|grandes,COTIZACIONES__DOMINION_BUSINESS_18aa.xlsx
AG-1765,Servilletas NIVEO 500 UD/PAQ,consu,Ferretería,Units,,,,False,False,False,SHARED,,,,3,,,,NEW_PRODUCT,1,3,MANUAL_REVIEW,MISSING_VALID_PRICE,NO_PRICE,,,,,,,,,servilletas|niveo|500|ud/paq,COTIZACIONES__DOMINION_BUSINESS_18aa.xlsx
AG-1766,Frasco Ambroxol Jarabe 3mg/ml 200ml,consu,Ferretería,Units,,,,False,False,False,SHARED,,,,1,,,,NEW_PRODUCT,1,1,MANUAL_REVIEW,MISSING_VALID_PRICE,NO_PRICE,,,,,,,,,frasco|ambroxol|jarabe|3mg/ml|200ml,COTIZACIONES__DOMINION_BUSINESS_18aa.xlsx
AG-1767,Frasco Bromehixina Jarabe 3mg/ml 200ml,consu,Ferretería,Units,,,,False,False,False,SHARED,,,,1,,,,NEW_PRODUCT,1,1,MANUAL_REVIEW,MISSING_VALID_PRICE,NO_PRICE,,,,,,,,,frasco|bromehixina|jarabe|3mg/ml|200ml,COTIZACIONES__DOMINION_BUSINESS_18aa.xlsx
AG-1768,Caja De Acetaminofen- 500 Mgs. Tabletas 100/1,consu,Ferretería,Units,,,caliber=100/1,False,False,False,SHARED,,,,1,,,,NEW_PRODUCT,1,1,MANUAL_REVIEW,MISSING_VALID_PRICE,NO_PRICE,,,,,,,,,caja|acetaminofen-|500|mgs.|tabletas|100/1|100/1,COTIZACIONES__DOMINION_BUSINESS_18aa.xlsx
AG-1769,Caja Ibuprofen- 400 Mgs. Tabletas 100/1,consu,Ferretería,Units,,,caliber=100/1,False,False,False,SHARED,,,,1,,,,NEW_PRODUCT,1,1,MANUAL_REVIEW,MISSING_VALID_PRICE,NO_PRICE,,,,,,,,,caja|ibuprofen-|400|mgs.|tabletas|100/1|100/1,COTIZACIONES__DOMINION_BUSINESS_18aa.xlsx
AG-1770,Caja Diclofenac 50- Mg 50/1,consu,Ferretería,Units,,,caliber=50/1,False,False,False,SHARED,,,,1,,,,NEW_PRODUCT,1,1,MANUAL_REVIEW,MISSING_VALID_PRICE,NO_PRICE,,,,,,,,,caja|diclofenac|50-|mg|50/1|50/1,COTIZACIONES__DOMINION_BUSINESS_18aa.xlsx
AG-1771,Caja Diclofenac Ampollas 75 Mg 3ml 10/1,consu,Ferretería,Units,,,caliber=10/1,False,False,False,SHARED,,,,1,,,,NEW_PRODUCT,1,1,MANUAL_REVIEW,MISSING_VALID_PRICE,NO_PRICE,,,,,,,,,caja|diclofenac|ampollas|75|mg|3ml|10/1|10/1,COTIZACIONES__DOMINION_BUSINESS_18aa.xlsx
AG-1772,Caja Dexametasona Ampolla 8mg/2ml 10/1,consu,Ferretería,Units,,,caliber=10/1,False,False,False,SHARED,,,,1,,,,NEW_PRODUCT,1,1,MANUAL_REVIEW,MISSING_VALID_PRICE,NO_PRICE,,,,,,,,,caja|dexametasona|ampolla|8mg/2ml|10/1|10/1,COTIZACIONES__DOMINION_BUSINESS_18aa.xlsx
AG-1773,Caja Ácido Mefenamico- 500 Mgs. Tableta 10/1,consu,Ferretería,Units,,,caliber=10/1,False,False,False,SHARED,,,,1,,,,NEW_PRODUCT,1,1,MANUAL_REVIEW,MISSING_VALID_PRICE,NO_PRICE,,,,,,,,,caja|acido|mefenamico-|500|mgs.|tableta|10/1|10/1,COTIZACIONES__DOMINION_BUSINESS_18aa.xlsx
AG-1774,Caja Loratadina 200 Mgs 10/1,consu,Ferretería,Units,,,caliber=10/1,False,False,False,SHARED,,,,1,,,,NEW_PRODUCT,1,1,MANUAL_REVIEW,MISSING_VALID_PRICE,NO_PRICE,,,,,,,,,caja|loratadina|200|mgs|10/1|10/1,COTIZACIONES__DOMINION_BUSINESS_18aa.xlsx
AG-1775,Caja Difenhidramina 10/1,consu,Ferretería,Units,,,caliber=10/1,False,False,False,SHARED,,,,1,,,,NEW_PRODUCT,1,1,MANUAL_REVIEW,MISSING_VALID_PRICE,NO_PRICE,,,,,,,,,caja|difenhidramina|10/1|10/1,COTIZACIONES__DOMINION_BUSINESS_18aa.xlsx
AG-1776,Caja Difenhidramina Ampolla,consu,Ferretería,Units,,,,False,False,False,SHARED,,,,1,,,,NEW_PRODUCT,1,1,MANUAL_REVIEW,MISSING_VALID_PRICE,NO_PRICE,,,,,,,,,caja|difenhidramina|ampolla,COTIZACIONES__DOMINION_BUSINESS_18aa.xlsx
AG-1777,Caja Hidrocortisona 20 Mgs 100/1,consu,Ferretería,Units,,,caliber=100/1,False,False,False,SHARED,,,,1,,,,NEW_PRODUCT,1,1,MANUAL_REVIEW,MISSING_VALID_PRICE,NO_PRICE,,,,,,,,,caja|hidrocortisona|20|mgs|100/1|100/1,COTIZACIONES__DOMINION_BUSINESS_18aa.xlsx
AG-1778,Caja Cetirizina 10 Mgs 10/1,consu,Ferretería,Units,,,caliber=10/1,False,False,False,SHARED,,,,1,,,,NEW_PRODUCT,1,1,MANUAL_REVIEW,MISSING_VALID_PRICE,NO_PRICE,,,,,,,,,caja|cetirizina|10|mgs|10/1|10/1,COTIZACIONES__DOMINION_BUSINESS_18aa.xlsx
AG-1779,PIERNA DE CERDO DE 30 LIBRAS,consu,Ferretería,Units,,,,False,False,False,SHARED,,,,2,,,,NEW_PRODUCT,2,2,MANUAL_REVIEW,MISSING_VALID_PRICE,NO_PRICE,,,,,,,,,pierna|cerdo|30|libras,COTIZACIONES__DOMINION_BUSINESS_18aa.xlsx | COTIZACIONES___2023-2024_PIN_ARIAS_2_fddc.xlsx
AG-1780,Mondongo,consu,Ferretería,Units,,,,False,False,False,SHARED,,,,22,,,,NEW_PRODUCT,2,22,MANUAL_REVIEW,MISSING_VALID_PRICE,NO_PRICE,,,,,,,,,mondongo,COTIZACIONES__DOMINION_BUSINESS_18aa.xlsx | COTIZACIONES___2023-2024_PIN_ARIAS_2_fddc.xlsx
AG-1781,SILLA DE RUEDAS HEAVY DUTY (scmh874b),consu,Mobiliario,Units,,SCMH874B,model=SCMH874B,False,False,False,SHARED,,,,1,,,,NEW_PRODUCT,1,1,MANUAL_REVIEW,MISSING_VALID_PRICE,NO_PRICE,,,,,,,,,silla|ruedas|heavy|duty|scmh874b|SCMH874B,COTIZACIONES__DOMINION_BUSINESS_18aa.xlsx
AG-1782,Ponchera Mediana,consu,Ferretería,Units,,,,False,False,False,SHARED,,,,1,,,,NEW_PRODUCT,1,1,MANUAL_REVIEW,MISSING_VALID_PRICE,NO_PRICE,,,,,,,,,ponchera|mediana,COTIZACIONES__DOMINION_BUSINESS_18aa.xlsx
AG-1783,Cuchillo GRANDE,consu,Ferretería,Units,,,,False,False,False,SHARED,,,,1,,,,NEW_PRODUCT,1,1,MANUAL_REVIEW,MISSING_VALID_PRICE,NO_PRICE,,,,,,,,,cuchillo|grande,COTIZACIONES__DOMINION_BUSINESS_18aa.xlsx
AG-1784,HABRE LATA,consu,Ferretería,Units,,,,False,False,False,SHARED,,,,1,,,,NEW_PRODUCT,1,1,MANUAL_REVIEW,MISSING_VALID_PRICE,NO_PRICE,,,,,,,,,habre|lata,COTIZACIONES__DOMINION_BUSINESS_18aa.xlsx
AG-1785,Caldero DE Aluminio 20 LB CON TAPA DE Crystal,consu,Ferretería,Units,,,presentation=20 lb,False,False,False,SHARED,,,,1,,,,NEW_PRODUCT,1,1,MANUAL_REVIEW,MISSING_VALID_PRICE,NO_PRICE,,,,,,,,,caldero|aluminio|20|lb|tapa|crystal|20 lb,COTIZACIONES__DOMINION_BUSINESS_18aa.xlsx
AG-1786,Contenedor DE BASURA Polietileno ALTA Densidad 200 LT COLOR GRIS,consu,Ferretería,Units,,,,False,False,False,SHARED,,,,1,,,,NEW_PRODUCT,1,1,MANUAL_REVIEW,MISSING_VALID_PRICE,NO_PRICE,,,,,,,,,contenedor|basura|polietileno|alta|densidad|200|lt|color,COTIZACIONES__DOMINION_BUSINESS_18aa.xlsx
AG-1787,Archivo Arcordeon 9x12,consu,Ferretería,Units,,,,False,False,False,SHARED,,,,1,,,,NEW_PRODUCT,1,1,MANUAL_REVIEW,MISSING_VALID_PRICE,NO_PRICE,,,,,,,,,archivo|arcordeon|9x12,COTIZACIONES__DOMINION_BUSINESS_18aa.xlsx
AG-1788,RESMA DE PAPEL Ofi-nota CARTA 8 1/2 X11 IN,consu,Oficina,Units,,,caliber=1/2,False,False,False,SHARED,,,,1,,,,NEW_PRODUCT,1,1,MANUAL_REVIEW,MISSING_VALID_PRICE,NO_PRICE,,,,,,,,,resma|papel|ofi-nota|carta|8|1/2|x11|in|1/2,COTIZACIONES__DOMINION_BUSINESS_18aa.xlsx
AG-1789,Costilita,consu,Ferretería,Units,,,,False,False,False,SHARED,,,,2,,,,NEW_PRODUCT,1,2,MANUAL_REVIEW,MISSING_VALID_PRICE,NO_PRICE,,,,,,,,,costilita,COTIZACIONES__DOMINION_BUSINESS_18aa.xlsx
AG-1790,Arenque,consu,Ferretería,Units,,,,False,False,False,SHARED,,,,1,,,,NEW_PRODUCT,1,1,MANUAL_REVIEW,MISSING_VALID_PRICE,NO_PRICE,,,,,,,,,arenque,COTIZACIONES__DOMINION_BUSINESS_18aa.xlsx
AG-1791,Bacalao CON ESPINA,consu,Carnes,Units,,,,False,True,False,PINARIA,,,,12,,,,NEW_PRODUCT,2,12,MANUAL_REVIEW,MISSING_VALID_PRICE,NO_PRICE,,,,,,,,,bacalao|espina,COTIZACIONES__DOMINION_BUSINESS_18aa.xlsx | COTIZACIONES___2023-2024_PIN_ARIAS_2_fddc.xlsx
AG-1792,Miniprocesador DE Alimentos 3 TAZAS OSTER,consu,Ferretería,Units,Oster,,,False,False,False,SHARED,,,,1,,,,NEW_PRODUCT,1,1,MANUAL_REVIEW,MISSING_VALID_PRICE,NO_PRICE,,,,,,,,,miniprocesador|alimentos|3|tazas|oster,COTIZACIONES__DOMINION_BUSINESS_18aa.xlsx
AG-1793,VASO 4 OZ Poccasion BLANCO 1000 Uds,consu,Ferretería,Units,,,,False,False,False,SHARED,,,,1,,,,NEW_PRODUCT,1,1,MANUAL_REVIEW,MISSING_VALID_PRICE,NO_PRICE,,,,,,,,,vaso|4|oz|poccasion|blanco|1000|uds,COTIZACIONES__DOMINION_BUSINESS_18aa.xlsx
AG-1794,MANTEL BLANCO 152x259 Cm,consu,Ferretería,Units,,,,False,False,False,SHARED,,,,1,,,,NEW_PRODUCT,1,1,MANUAL_REVIEW,MISSING_VALID_PRICE,NO_PRICE,,,,,,,,,mantel|blanco|152x259|cm,COTIZACIONES__DOMINION_BUSINESS_18aa.xlsx
AG-1795,SARTEN Antiadhente COLOR NEGRO MATE 24CM FREE HOME,consu,Ferretería,Units,,,,False,False,False,SHARED,,,,1,,,,NEW_PRODUCT,1,1,MANUAL_REVIEW,MISSING_VALID_PRICE,NO_PRICE,,,,,,,,,sarten|antiadhente|color|negro|mate|24|cm|free,COTIZACIONES__DOMINION_BUSINESS_18aa.xlsx
AG-1796,OLLA EN ACERO Inoxidable Armatura BASIC 16CM.,consu,Ferretería,Units,,,,False,False,False,SHARED,,,,1,,,,NEW_PRODUCT,1,1,MANUAL_REVIEW,MISSING_VALID_PRICE,NO_PRICE,,,,,,,,,olla|acero|inoxidable|armatura|basic|16|cm.,COTIZACIONES__DOMINION_BUSINESS_18aa.xlsx
AG-1797,VASO MOLDY Plastico # 10 50PAQ/50,consu,Ferretería,Units,,,,False,False,False,SHARED,,,,1,,,,NEW_PRODUCT,1,1,MANUAL_REVIEW,MISSING_VALID_PRICE,NO_PRICE,,,,,,,,,vaso|moldy|plastico|10|50paq/50,COTIZACIONES__DOMINION_BUSINESS_18aa.xlsx
AG-1798,VASO 4 OZ Plasticos 1000 Uds,consu,Ferretería,Units,,,,False,False,False,SHARED,,,,1,,,,NEW_PRODUCT,1,1,MANUAL_REVIEW,MISSING_VALID_PRICE,NO_PRICE,,,,,,,,,vaso|4|oz|plasticos|1000|uds,COTIZACIONES__DOMINION_BUSINESS_18aa.xlsx
AG-1799,"Canastilla PEQ BABY Sencilla , Articulos: Toalla, Enterizo, Franela, SET DE Medias,",consu,Limpieza,Units,,,,False,False,False,SHARED,,,,3,,,,NEW_PRODUCT,1,3,MANUAL_REVIEW,MISSING_VALID_PRICE,NO_PRICE,,,,,,,,,canastilla|peq|baby|sencilla|articulos|toalla|enterizo|franela,COTIZACIONES__DOMINION_BUSINESS_18aa.xlsx
AG-1800,CAJAS Plasticas DE Almacenamiento Transparente C/TAPA,consu,Ferretería,Units,,,,False,False,False,SHARED,,,,2,,,,NEW_PRODUCT,2,2,MANUAL_REVIEW,MISSING_VALID_PRICE,NO_PRICE,,,,,,,,,cajas|plasticas|almacenamiento|transparente|c/tapa,COTIZACIONES__DOMINION_BUSINESS_18aa.xlsx | COTIZACIONES___2023-2024_PIN_ARIAS_2_fddc.xlsx
AG-1801,FILETE DE RES,consu,Ferretería,Units,,,,False,False,False,SHARED,,,,5,,,,NEW_PRODUCT,2,5,MANUAL_REVIEW,MISSING_VALID_PRICE,NO_PRICE,,,,,,,,,filete|res,COTIZACIONES__DOMINION_BUSINESS_18aa.xlsx | COTIZACIONES___2023-2024_PIN_ARIAS_2_fddc.xlsx
AG-1802,MUSLOS DE POLLO FRESCO,consu,Carnes,Units,,,,False,True,False,PINARIA,,,,4,,,,NEW_PRODUCT,1,4,MANUAL_REVIEW,MISSING_VALID_PRICE,NO_PRICE,,,,,,,,,muslos|pollo|fresco,COTIZACIONES__DOMINION_BUSINESS_18aa.xlsx
AG-1803,Pechuga DE POLLO Deshuesada,consu,Carnes,Units,,,,False,True,False,PINARIA,,,,6,,,,NEW_PRODUCT,1,6,MANUAL_REVIEW,MISSING_VALID_PRICE,NO_PRICE,,,,,,,,,pechuga|pollo|deshuesada,COTIZACIONES__DOMINION_BUSINESS_18aa.xlsx
AG-1804,FILETE DE CERDO,consu,Ferretería,Units,,,,False,False,False,SHARED,,,,4,,,,NEW_PRODUCT,1,4,MANUAL_REVIEW,MISSING_VALID_PRICE,NO_PRICE,,,,,,,,,filete|cerdo,COTIZACIONES__DOMINION_BUSINESS_18aa.xlsx
AG-1805,HUEVOS CARTON 30/1,consu,Alimentos,Units,,,caliber=30/1,True,False,False,PINARIA,,,,4,,,,NEW_PRODUCT,1,4,MANUAL_REVIEW,MISSING_VALID_PRICE,NO_PRICE,,,,,,,,,huevos|carton|30/1|30/1,COTIZACIONES__DOMINION_BUSINESS_18aa.xlsx
AG-1806,AZUCAR CREMA,consu,Alimentos,Units,,,,True,False,False,PINARIA,,,,3,,,,NEW_PRODUCT,2,3,MANUAL_REVIEW,MISSING_VALID_PRICE,NO_PRICE,,,,,,,,,azucar|crema,COTIZACIONES__DOMINION_BUSINESS_18aa.xlsx | COTIZACIONES___2023-2024_PIN_ARIAS_2_fddc.xlsx
AG-1807,CAFÉ SANTO Domingo 1 LB,consu,Ferretería,Units,,,presentation=1 lb,False,False,False,SHARED,,,,6,,,,NEW_PRODUCT,1,6,MANUAL_REVIEW,MISSING_VALID_PRICE,NO_PRICE,,,,,,,,,cafe|santo|domingo|1|lb|1 lb,COTIZACIONES__DOMINION_BUSINESS_18aa.xlsx
AG-1808,Chocolate Embajador 10/1,consu,Ferretería,Units,,,caliber=10/1,False,False,False,SHARED,,,,2,,,,NEW_PRODUCT,1,2,MANUAL_REVIEW,MISSING_VALID_PRICE,NO_PRICE,,,,,,,,,chocolate|embajador|10/1|10/1,COTIZACIONES__DOMINION_BUSINESS_18aa.xlsx
AG-1809,NETAR DE Manzana CARTON 6.8 OZ,consu,Ferretería,Units,,,,False,False,False,SHARED,,,,2,,,,NEW_PRODUCT,1,2,MANUAL_REVIEW,MISSING_VALID_PRICE,NO_PRICE,,,,,,,,,netar|manzana|carton|6.8|oz,COTIZACIONES__DOMINION_BUSINESS_18aa.xlsx
AG-1810,LECHE ENTERA Listamilk 1 LT,consu,Alimentos,Units,,,,True,False,False,PINARIA,,,,5,,,,NEW_PRODUCT,1,5,MANUAL_REVIEW,MISSING_VALID_PRICE,NO_PRICE,,,,,,,,,leche|entera|listamilk|1|lt,COTIZACIONES__DOMINION_BUSINESS_18aa.xlsx
AG-1811,LECHE Carnation 312 G,consu,Alimentos,Units,,,,True,False,False,PINARIA,,,,2,,,,NEW_PRODUCT,1,2,MANUAL_REVIEW,MISSING_VALID_PRICE,NO_PRICE,,,,,,,,,leche|carnation|312|g,COTIZACIONES__DOMINION_BUSINESS_18aa.xlsx
AG-1812,LECHE DE COCO,consu,Alimentos,Units,,,,True,False,False,PINARIA,,,,3,,,,NEW_PRODUCT,2,3,MANUAL_REVIEW,MISSING_VALID_PRICE,NO_PRICE,,,,,,,,,leche|coco,COTIZACIONES__DOMINION_BUSINESS_18aa.xlsx | COTIZACIONES___2023-2024_PIN_ARIAS_2_fddc.xlsx
AG-1813,Mayonesa BALDON GALON 1GL,consu,Alimentos,Units,,,presentation=1 gl,True,False,False,PINARIA,,,,5,,,,NEW_PRODUCT,1,5,MANUAL_REVIEW,MISSING_VALID_PRICE,NO_PRICE,,,,,,,,,mayonesa|baldon|galon|1|gal|1 gl,COTIZACIONES__DOMINION_BUSINESS_18aa.xlsx
AG-1814,Margarina 5LB,consu,Ferretería,Units,,,presentation=5 lb,False,False,False,SHARED,,,,5,,,,NEW_PRODUCT,1,5,MANUAL_REVIEW,MISSING_VALID_PRICE,NO_PRICE,,,,,,,,,margarina|5|lb|5 lb,COTIZACIONES__DOMINION_BUSINESS_18aa.xlsx
AG-1815,ARROZ CAMPO Premiun SACO 50LB,consu,Alimentos,Units,,,presentation=50 lb,True,False,False,PINARIA,,,,5,,,,NEW_PRODUCT,1,5,MANUAL_REVIEW,MISSING_VALID_PRICE,NO_PRICE,,,,,,,,,arroz|campo|premiun|saco|50|lb|50 lb,COTIZACIONES__DOMINION_BUSINESS_18aa.xlsx
AG-1816,ACEITE CRISOL 7.37LT/ 250 OZ,consu,Ferretería,Units,,,,False,False,False,SHARED,,,,2,,,,NEW_PRODUCT,1,2,MANUAL_REVIEW,MISSING_VALID_PRICE,NO_PRICE,,,,,,,,,aceite|crisol|7.37lt/|250|oz,COTIZACIONES__DOMINION_BUSINESS_18aa.xlsx
AG-1817,ACEITE VERDE FIGARO 1 LT,consu,Ferretería,Units,,,,False,False,False,SHARED,,,,2,,,,NEW_PRODUCT,1,2,MANUAL_REVIEW,MISSING_VALID_PRICE,NO_PRICE,,,,,,,,,aceite|verde|figaro|1|lt,COTIZACIONES__DOMINION_BUSINESS_18aa.xlsx
AG-1818,TUNA CHERRY STAR ACEITE TROZO 48/1 OZ,consu,Ferretería,Units,,,caliber=48/1,False,False,False,SHARED,,,,2,,,,NEW_PRODUCT,1,2,MANUAL_REVIEW,MISSING_VALID_PRICE,NO_PRICE,,,,,,,,,tuna|cherry|star|aceite|trozo|48/1|oz|48/1,COTIZACIONES__DOMINION_BUSINESS_18aa.xlsx
AG-1819,Espaguetis,consu,Ferretería,Units,,,,False,False,False,SHARED,,,,3,,,,NEW_PRODUCT,2,3,MANUAL_REVIEW,MISSING_VALID_PRICE,NO_PRICE,,,,,,,,,espaguetis,COTIZACIONES__DOMINION_BUSINESS_18aa.xlsx | COTIZACIONES___2023-2024_PIN_ARIAS_2_fddc.xlsx
AG-1820,FIDEOS FINOS MILANO,consu,Ferretería,Units,,,,False,False,False,SHARED,,,,5,,,,NEW_PRODUCT,1,5,MANUAL_REVIEW,MISSING_VALID_PRICE,NO_PRICE,,,,,,,,,fideos|finos|milano,COTIZACIONES__DOMINION_BUSINESS_18aa.xlsx
AG-1821,CODITO MILANO,consu,Ferretería,Units,,,,False,False,False,SHARED,,,,2,,,,NEW_PRODUCT,1,2,MANUAL_REVIEW,MISSING_VALID_PRICE,NO_PRICE,,,,,,,,,codito|milano,COTIZACIONES__DOMINION_BUSINESS_18aa.xlsx
AG-1822,Vinagre BALDON Ranchero 110 OZ,consu,Ferretería,Units,,,,False,False,False,SHARED,,,,2,,,,NEW_PRODUCT,1,2,MANUAL_REVIEW,MISSING_VALID_PRICE,NO_PRICE,,,,,,,,,vinagre|baldon|ranchero|110|oz,COTIZACIONES__DOMINION_BUSINESS_18aa.xlsx
AG-1823,Vinagre BALDON Ranchero BLANCO 110 OZ,consu,Ferretería,Units,,,,False,False,False,SHARED,,,,5,,,,NEW_PRODUCT,1,5,MANUAL_REVIEW,MISSING_VALID_PRICE,NO_PRICE,,,,,,,,,vinagre|baldon|ranchero|blanco|110|oz,COTIZACIONES__DOMINION_BUSINESS_18aa.xlsx
AG-1824,SAL Refrisal 5LB,consu,Ferretería,Units,,,presentation=5 lb,False,False,False,SHARED,,,,5,,,,NEW_PRODUCT,1,5,MANUAL_REVIEW,MISSING_VALID_PRICE,NO_PRICE,,,,,,,,,sal|refrisal|5|lb|5 lb,COTIZACIONES__DOMINION_BUSINESS_18aa.xlsx
AG-1825,Galleta DE SODA HATUEY 20/1,consu,Ferretería,Units,,,caliber=20/1,False,False,False,SHARED,,,,5,,,,NEW_PRODUCT,1,5,MANUAL_REVIEW,MISSING_VALID_PRICE,NO_PRICE,,,,,,,,,galleta|soda|hatuey|20/1|20/1,COTIZACIONES__DOMINION_BUSINESS_18aa.xlsx
AG-1826,CALDO DE POLLO MAGGIE,consu,Carnes,Units,,,,False,True,False,PINARIA,,,,5,,,,NEW_PRODUCT,1,5,MANUAL_REVIEW,MISSING_VALID_PRICE,NO_PRICE,,,,,,,,,caldo|pollo|maggie,COTIZACIONES__DOMINION_BUSINESS_18aa.xlsx
AG-1827,AVENA ENTERA QUAKER FDA 20/1,consu,Ferretería,Units,,,caliber=20/1,False,False,False,SHARED,,,,1,,,,NEW_PRODUCT,1,1,MANUAL_REVIEW,MISSING_VALID_PRICE,NO_PRICE,,,,,,,,,avena|entera|quaker|fda|20/1|20/1,COTIZACIONES__DOMINION_BUSINESS_18aa.xlsx
AG-1828,PAN Integral Familiar Lumijor 30 ONZ,consu,Ferretería,Units,,,,False,False,False,SHARED,,,,2,,,,NEW_PRODUCT,1,2,MANUAL_REVIEW,MISSING_VALID_PRICE,NO_PRICE,,,,,,,,,pan|integral|familiar|lumijor|30|onz,COTIZACIONES__DOMINION_BUSINESS_18aa.xlsx
AG-1829,HARINA DE MAIZ Mazorca 14 ONZ,consu,Alimentos,Units,,,,True,False,False,PINARIA,,,,5,,,,NEW_PRODUCT,1,5,MANUAL_REVIEW,MISSING_VALID_PRICE,NO_PRICE,,,,,,,,,harina|maiz|mazorca|14|onz,COTIZACIONES__DOMINION_BUSINESS_18aa.xlsx
AG-1830,HARINA DE TRIGO MILANO 2LB,consu,Alimentos,Units,,,presentation=2 lb,True,False,False,PINARIA,,,,2,,,,NEW_PRODUCT,1,2,MANUAL_REVIEW,MISSING_VALID_PRICE,NO_PRICE,,,,,,,,,harina|trigo|milano|2|lb|2 lb,COTIZACIONES__DOMINION_BUSINESS_18aa.xlsx
AG-1831,JUGO Concentrado (sabores Variados),consu,Ferretería,Units,,,,False,False,False,SHARED,,,,2,,,,NEW_PRODUCT,1,2,MANUAL_REVIEW,MISSING_VALID_PRICE,NO_PRICE,,,,,,,,,jugo|concentrado|sabores|variados,COTIZACIONES__DOMINION_BUSINESS_18aa.xlsx
AG-1832,HARINA DEL Negrito DE 16 OZ,consu,Alimentos,Units,,,,True,False,False,PINARIA,,,,2,,,,NEW_PRODUCT,1,2,MANUAL_REVIEW,MISSING_VALID_PRICE,NO_PRICE,,,,,,,,,harina|negrito|16|oz,COTIZACIONES__DOMINION_BUSINESS_18aa.xlsx
AG-1833,Maicena DE 425G DURYEA,consu,Ferretería,Units,,,,False,False,False,SHARED,,,,2,,,,NEW_PRODUCT,1,2,MANUAL_REVIEW,MISSING_VALID_PRICE,NO_PRICE,,,,,,,,,maicena|425g|duryea,COTIZACIONES__DOMINION_BUSINESS_18aa.xlsx
AG-1834,MAIZ DULCE LA FAMOSA 15 OZ,consu,Ferretería,Units,,,,False,False,False,SHARED,,,,5,,,,NEW_PRODUCT,1,5,MANUAL_REVIEW,MISSING_VALID_PRICE,NO_PRICE,,,,,,,,,maiz|dulce|famosa|15|oz,COTIZACIONES__DOMINION_BUSINESS_18aa.xlsx
AG-1835,Compota HEINZ 113G,consu,Ferretería,Units,,,,False,False,False,SHARED,,,,2,,,,NEW_PRODUCT,1,2,MANUAL_REVIEW,MISSING_VALID_PRICE,NO_PRICE,,,,,,,,,compota|heinz|113g,COTIZACIONES__DOMINION_BUSINESS_18aa.xlsx
AG-1836,SALSA CHINA Ranchero P/chofan 3060 ML,consu,Ferretería,Units,,,,False,False,False,SHARED,,,,2,,,,NEW_PRODUCT,1,2,MANUAL_REVIEW,MISSING_VALID_PRICE,NO_PRICE,,,,,,,,,salsa|china|ranchero|p/chofan|3060|ml,COTIZACIONES__DOMINION_BUSINESS_18aa.xlsx
AG-1837,Guandule VERDE LA FAMOSA 15 OZ,consu,Ferretería,Units,,,,False,False,False,SHARED,,,,2,,,,NEW_PRODUCT,1,2,MANUAL_REVIEW,MISSING_VALID_PRICE,NO_PRICE,,,,,,,,,guandule|verde|famosa|15|oz,COTIZACIONES__DOMINION_BUSINESS_18aa.xlsx
AG-1838,Gelatina 0.44 OZ,consu,Ferretería,Units,,,,False,False,False,SHARED,,,,2,,,,NEW_PRODUCT,1,2,MANUAL_REVIEW,MISSING_VALID_PRICE,NO_PRICE,,,,,,,,,gelatina|0.44|oz,COTIZACIONES__DOMINION_BUSINESS_18aa.xlsx
AG-1839,AVENA ENTERA QUAKER FDA 300g,consu,Ferretería,Units,,,,False,False,False,SHARED,,,,1,,,,NEW_PRODUCT,1,1,MANUAL_REVIEW,MISSING_VALID_PRICE,NO_PRICE,,,,,,,,,avena|entera|quaker|fda|300g,COTIZACIONES__DOMINION_BUSINESS_18aa.xlsx
AG-1840,AZUCAR CREMA 5LB,consu,Alimentos,Units,,,presentation=5 lb,True,False,False,PINARIA,,,,1,,,,NEW_PRODUCT,1,1,MANUAL_REVIEW,MISSING_VALID_PRICE,NO_PRICE,,,,,,,,,azucar|crema|5|lb|5 lb,COTIZACIONES__DOMINION_BUSINESS_18aa.xlsx
AG-1841,Cremora Country BARN COFFE CREAM 35OZ,consu,Ferretería,Units,,,,False,False,False,SHARED,,,,1,,,,NEW_PRODUCT,1,1,MANUAL_REVIEW,MISSING_VALID_PRICE,NO_PRICE,,,,,,,,,cremora|country|barn|coffe|cream|35oz,COTIZACIONES__DOMINION_BUSINESS_18aa.xlsx
AG-1842,TE DE Manzanilla CON MENTA Mansasul 10/1,consu,Ferretería,Units,,,caliber=10/1,False,False,False,SHARED,,,,1,,,,NEW_PRODUCT,1,1,MANUAL_REVIEW,MISSING_VALID_PRICE,NO_PRICE,,,,,,,,,te|manzanilla|menta|mansasul|10/1|10/1,COTIZACIONES__DOMINION_BUSINESS_18aa.xlsx
AG-1843,LIPTON TE FRIO 23.6 OZ,consu,Ferretería,Units,,,,False,False,False,SHARED,,,,1,,,,NEW_PRODUCT,1,1,MANUAL_REVIEW,MISSING_VALID_PRICE,NO_PRICE,,,,,,,,,lipton|te|frio|23.6|oz,COTIZACIONES__DOMINION_BUSINESS_18aa.xlsx
AG-1844,Endulzante Splenda 50/1,consu,Ferretería,Units,,,caliber=50/1,False,False,False,SHARED,,,,1,,,,NEW_PRODUCT,1,1,MANUAL_REVIEW,MISSING_VALID_PRICE,NO_PRICE,,,,,,,,,endulzante|splenda|50/1|50/1,COTIZACIONES__DOMINION_BUSINESS_18aa.xlsx
AG-1845,DOLCE GUSTO Cortadito Nescafe 16/1,consu,Ferretería,Units,,,caliber=16/1,False,False,False,SHARED,,,,1,,,,NEW_PRODUCT,1,1,MANUAL_REVIEW,MISSING_VALID_PRICE,NO_PRICE,,,,,,,,,dolce|gusto|cortadito|nescafe|16/1|16/1,COTIZACIONES__DOMINION_BUSINESS_18aa.xlsx
AG-1846,"Azucarera EN Porcelana BLANCA C/TAPA 2.75"" X 3.14''",consu,Alimentos,Units,,,"size=2.75""",True,False,False,PINARIA,,,,2,,,,NEW_PRODUCT,1,2,MANUAL_REVIEW,MISSING_VALID_PRICE,NO_PRICE,,,,,,,,,"azucarera|porcelana|blanca|c/tapa|2.75""|x|3.14|2.75""",COTIZACIONES__DOMINION_BUSINESS_18aa.xlsx
AG-1847,SET 6 PZS DE COPAS DE AGUA 580ML Crystal Bohemia,consu,Ferretería,Units,,,,False,False,False,SHARED,,,,1,,,,NEW_PRODUCT,1,1,MANUAL_REVIEW,MISSING_VALID_PRICE,NO_PRICE,,,,,,,,,set|6|pzs|copas|agua|580ml|crystal|bohemia,COTIZACIONES__DOMINION_BUSINESS_18aa.xlsx
AG-1848,Cuchara P/CAFÉ ACERO Inoxidable 6/1,consu,Ferretería,Units,,,caliber=6/1,False,False,False,SHARED,,,,1,,,,NEW_PRODUCT,1,1,MANUAL_REVIEW,MISSING_VALID_PRICE,NO_PRICE,,,,,,,,,cuchara|p/cafe|acero|inoxidable|6/1|6/1,COTIZACIONES__DOMINION_BUSINESS_18aa.xlsx
AG-1849,TAZAS DE CAFÉ Y TE DE 7 OZ C/plato,consu,Ferretería,Units,,,,False,False,False,SHARED,,,,1,,,,NEW_PRODUCT,1,1,MANUAL_REVIEW,MISSING_VALID_PRICE,NO_PRICE,,,,,,,,,tazas|cafe|te|7|oz|c/plato,COTIZACIONES__DOMINION_BUSINESS_18aa.xlsx
AG-1850,TAZA C/plato Espress 120CC HAUS Raindrop,consu,Ferretería,Units,,,,False,False,False,SHARED,,,,1,,,,NEW_PRODUCT,1,1,MANUAL_REVIEW,MISSING_VALID_PRICE,NO_PRICE,,,,,,,,,taza|c/plato|espress|120cc|haus|raindrop,COTIZACIONES__DOMINION_BUSINESS_18aa.xlsx
AG-1851,SLIM TERMO P/CAFÉ 0.7 LT,consu,Ferretería,Units,,,,False,False,False,SHARED,,,,1,,,,NEW_PRODUCT,1,1,MANUAL_REVIEW,MISSING_VALID_PRICE,NO_PRICE,,,,,,,,,slim|termo|p/cafe|0.7|lt,COTIZACIONES__DOMINION_BUSINESS_18aa.xlsx
AG-1852,TERMO NOVO ACERO Inoxidable 1.9 LT,consu,Ferretería,Units,,,,False,False,False,SHARED,,,,1,,,,NEW_PRODUCT,1,1,MANUAL_REVIEW,MISSING_VALID_PRICE,NO_PRICE,,,,,,,,,termo|novo|acero|inoxidable|1.9|lt,COTIZACIONES__DOMINION_BUSINESS_18aa.xlsx
AG-1853,IGLOO TERMO SEAT TOP AZUL 5 GL,consu,Ferretería,Units,,,presentation=5 gl,False,False,False,SHARED,,,,1,,,,NEW_PRODUCT,1,1,MANUAL_REVIEW,MISSING_VALID_PRICE,NO_PRICE,,,,,,,,,igloo|termo|seat|top|azul|5|gal|5 gl,COTIZACIONES__DOMINION_BUSINESS_18aa.xlsx
AG-1854,IMUSA TALENT JUEGO DE OLLAS ALUM Antiadh DE 11 PZA,consu,Ferretería,Units,,,,False,False,False,SHARED,,,,1,,,,NEW_PRODUCT,1,1,MANUAL_REVIEW,MISSING_VALID_PRICE,NO_PRICE,,,,,,,,,imusa|talent|juego|ollas|alum|antiadh|11|pza,COTIZACIONES__DOMINION_BUSINESS_18aa.xlsx
AG-1855,Dispensador DE Bebidas HAUS C/ BASE 6LT,consu,Ferretería,Units,,,,False,False,False,SHARED,,,,1,,,,NEW_PRODUCT,1,1,MANUAL_REVIEW,MISSING_VALID_PRICE,NO_PRICE,,,,,,,,,dispensador|bebidas|haus|c/|base|6lt,COTIZACIONES__DOMINION_BUSINESS_18aa.xlsx
AG-1856,P/HIG Gaviota JUMBO ROLL 325' 2C 1/12,consu,Ferretería,Units,,,caliber=1/12,False,False,False,SHARED,,,,1,,,,NEW_PRODUCT,1,1,MANUAL_REVIEW,MISSING_VALID_PRICE,NO_PRICE,,,,,,,,,p/hig|gaviota|jumbo|roll|325|2c|1/12|1/12,COTIZACIONES__DOMINION_BUSINESS_18aa.xlsx
AG-1857,PAPEL TOALLA 6/1,consu,Oficina,Units,,,caliber=6/1,False,False,False,SHARED,,,,1,,,,NEW_PRODUCT,1,1,MANUAL_REVIEW,MISSING_VALID_PRICE,NO_PRICE,,,,,,,,,papel|toalla|6/1|6/1,COTIZACIONES__DOMINION_BUSINESS_18aa.xlsx
AG-1858,Ambientador Aerosol 8OZ,consu,Ferretería,Units,,,,False,False,False,SHARED,,,,1,,,,NEW_PRODUCT,1,1,MANUAL_REVIEW,MISSING_VALID_PRICE,NO_PRICE,,,,,,,,,ambientador|aerosol|8oz,COTIZACIONES__DOMINION_BUSINESS_18aa.xlsx
AG-1859,Desifec.p/pisos,consu,Ferretería,Units,,,,False,False,False,SHARED,,,,1,,,,NEW_PRODUCT,1,1,MANUAL_REVIEW,MISSING_VALID_PRICE,NO_PRICE,,,,,,,,,desifec.p/pisos,COTIZACIONES__DOMINION_BUSINESS_18aa.xlsx
AG-1860,TERMO IGLOO ORANGE C/DISP 10GL.,consu,Ferretería,Units,,,presentation=10 gl,False,False,False,SHARED,,,,1,,,,NEW_PRODUCT,1,1,MANUAL_REVIEW,MISSING_VALID_PRICE,NO_PRICE,,,,,,,,,termo|igloo|orange|c/disp|10|gal.|10 gl,COTIZACIONES__DOMINION_BUSINESS_18aa.xlsx
AG-1861,Servilletas NIVEO 500/1,consu,Ferretería,Units,,,caliber=500/1,False,False,False,SHARED,,,,1,,,,NEW_PRODUCT,1,1,MANUAL_REVIEW,MISSING_VALID_PRICE,NO_PRICE,,,,,,,,,servilletas|niveo|500/1|500/1,COTIZACIONES__DOMINION_BUSINESS_18aa.xlsx
AG-1862,TOALLA Microfibra,consu,Ferretería,Units,,,,False,False,False,SHARED,,,,1,,,,NEW_PRODUCT,1,1,MANUAL_REVIEW,MISSING_VALID_PRICE,NO_PRICE,,,,,,,,,toalla|microfibra,COTIZACIONES__DOMINION_BUSINESS_18aa.xlsx
AG-1863,LIMPIA Cristales GL,consu,Ferretería,Units,,,,False,False,False,SHARED,,,,1,,,,NEW_PRODUCT,1,1,MANUAL_REVIEW,MISSING_VALID_PRICE,NO_PRICE,,,,,,,,,limpia|cristales|gal,COTIZACIONES__DOMINION_BUSINESS_18aa.xlsx
AG-1864,Ambientador GLADE 6.2 OZ P/DISP Automatico,consu,Ferretería,Units,,,,False,False,False,SHARED,,,,1,,,,NEW_PRODUCT,1,1,MANUAL_REVIEW,MISSING_VALID_PRICE,NO_PRICE,,,,,,,,,ambientador|glade|6.2|oz|p/disp|automatico,COTIZACIONES__DOMINION_BUSINESS_18aa.xlsx
AG-1865,JABON EN BOLA Bolazul GRANDE 4/1,consu,Limpieza,Units,,,caliber=4/1,False,False,False,SHARED,,,,1,,,,NEW_PRODUCT,1,1,MANUAL_REVIEW,MISSING_VALID_PRICE,NO_PRICE,,,,,,,,,jabon|bola|bolazul|grande|4/1|4/1,COTIZACIONES__DOMINION_BUSINESS_18aa.xlsx
AG-1866,FUNDA NEGRA P/basura 75 GLS 100/1,consu,Ferretería,Units,,,caliber=100/1,False,False,False,SHARED,,,,1,,,,NEW_PRODUCT,1,1,MANUAL_REVIEW,MISSING_VALID_PRICE,NO_PRICE,,,,,,,,,funda|negra|p/basura|75|gls|100/1|100/1,COTIZACIONES__DOMINION_BUSINESS_18aa.xlsx
AG-1867,FUNDA NEGRA P/basura 55 GLS 100/1,consu,Ferretería,Units,,,caliber=100/1,False,False,False,SHARED,,,,1,,,,NEW_PRODUCT,1,1,MANUAL_REVIEW,MISSING_VALID_PRICE,NO_PRICE,,,,,,,,,funda|negra|p/basura|55|gls|100/1|100/1,COTIZACIONES__DOMINION_BUSINESS_18aa.xlsx
AG-1868,SUAPE DE FIBRA #20,consu,Ferretería,Units,,,,False,False,False,SHARED,,,,1,,,,NEW_PRODUCT,1,1,MANUAL_REVIEW,MISSING_VALID_PRICE,NO_PRICE,,,,,,,,,suape|fibra|20,COTIZACIONES__DOMINION_BUSINESS_18aa.xlsx
AG-1869,Detergente EN POLVO Brillante 1000 Gr,consu,Limpieza,Units,,,,False,False,False,SHARED,,,,1,,,,NEW_PRODUCT,1,1,MANUAL_REVIEW,MISSING_VALID_PRICE,NO_PRICE,,,,,,,,,detergente|polvo|brillante|1000|gr,COTIZACIONES__DOMINION_BUSINESS_18aa.xlsx
AG-1870,FRASCO DE 16 OZ Cilindrico,consu,Ferretería,Units,,,,False,False,False,SHARED,,,,1,,,,NEW_PRODUCT,1,1,MANUAL_REVIEW,MISSING_VALID_PRICE,NO_PRICE,,,,,,,,,frasco|16|oz|cilindrico,COTIZACIONES__DOMINION_BUSINESS_18aa.xlsx
AG-1871,Cucharon EN ACERO Inoxidable,consu,Ferretería,Units,,,,False,False,False,SHARED,,,,1,,,,NEW_PRODUCT,1,1,MANUAL_REVIEW,MISSING_VALID_PRICE,NO_PRICE,,,,,,,,,cucharon|acero|inoxidable,COTIZACIONES__DOMINION_BUSINESS_18aa.xlsx
AG-1872,Hielera Plateada,consu,Ferretería,Units,,,,False,False,False,SHARED,,,,1,,,,NEW_PRODUCT,1,1,MANUAL_REVIEW,MISSING_VALID_PRICE,NO_PRICE,,,,,,,,,hielera|plateada,COTIZACIONES__DOMINION_BUSINESS_18aa.xlsx
AG-1873,PAIRE DE Porcelana C/TAPA,consu,Ferretería,Units,,,,False,False,False,SHARED,,,,1,,,,NEW_PRODUCT,1,1,MANUAL_REVIEW,MISSING_VALID_PRICE,NO_PRICE,,,,,,,,,paire|porcelana|c/tapa,COTIZACIONES__DOMINION_BUSINESS_18aa.xlsx
AG-1874,PINZAS P/servir,consu,Ferretería,Units,,,,False,False,False,SHARED,,,,1,,,,NEW_PRODUCT,1,1,MANUAL_REVIEW,MISSING_VALID_PRICE,NO_PRICE,,,,,,,,,pinzas|p/servir,COTIZACIONES__DOMINION_BUSINESS_18aa.xlsx
AG-1875,Bambalinas C/TOPE ROJA,consu,Ferretería,Units,,,,False,False,False,SHARED,,,,1,,,,NEW_PRODUCT,1,1,MANUAL_REVIEW,MISSING_VALID_PRICE,NO_PRICE,,,,,,,,,bambalinas|c/tope|roja,COTIZACIONES__DOMINION_BUSINESS_18aa.xlsx
AG-1876,Bambalinas C/TOPE Blancla,consu,Ferretería,Units,,,,False,False,False,SHARED,,,,1,,,,NEW_PRODUCT,1,1,MANUAL_REVIEW,MISSING_VALID_PRICE,NO_PRICE,,,,,,,,,bambalinas|c/tope|blancla,COTIZACIONES__DOMINION_BUSINESS_18aa.xlsx
AG-1877,Bambalinas C/TOPE AZUL,consu,Ferretería,Units,,,,False,False,False,SHARED,,,,1,,,,NEW_PRODUCT,1,1,MANUAL_REVIEW,MISSING_VALID_PRICE,NO_PRICE,,,,,,,,,bambalinas|c/tope|azul,COTIZACIONES__DOMINION_BUSINESS_18aa.xlsx
AG-1878,RES Rebanada,consu,Ferretería,Units,,,,False,False,False,SHARED,,,,13,,,,NEW_PRODUCT,2,13,MANUAL_REVIEW,MISSING_VALID_PRICE,NO_PRICE,,,,,,,,,res|rebanada,COTIZACIONES__DOMINION_BUSINESS_18aa.xlsx | COTIZACIONES___2023-2024_PIN_ARIAS_2_fddc.xlsx
AG-1879,"SET DE Higiene DENTAL P/viaje (estuche Plastico Printeado Uv-dtf, Cepillo DENTAL",consu,Ferretería,Units,,,,False,False,False,SHARED,,,,1,,,,NEW_PRODUCT,1,1,MANUAL_REVIEW,MISSING_VALID_PRICE,NO_PRICE,,,,,,,,,set|higiene|dental|p/viaje|estuche|plastico|printeado|uv-dtf,COTIZACIONES__DOMINION_BUSINESS_18aa.xlsx
AG-1880,RES PARA GUISAR,consu,Ferretería,Units,,,,False,False,False,SHARED,,,,1,,,,NEW_PRODUCT,1,1,MANUAL_REVIEW,MISSING_VALID_PRICE,NO_PRICE,,,,,,,,,res|para|guisar,COTIZACIONES__DOMINION_BUSINESS_18aa.xlsx
AG-1881,SALAMI Induveca 3.5LB,consu,Carnes,Units,,,presentation=3.5 lb,False,True,False,PINARIA,,,,2,,,,NEW_PRODUCT,1,2,MANUAL_REVIEW,MISSING_VALID_PRICE,NO_PRICE,,,,,,,,,salami|induveca|3.5|lb|3.5 lb,COTIZACIONES__DOMINION_BUSINESS_18aa.xlsx
AG-1882,AZUCAR CREMA PAQ 10LB,consu,Alimentos,Units,,,presentation=10 lb,True,False,False,PINARIA,,,,3,,,,NEW_PRODUCT,1,3,MANUAL_REVIEW,MISSING_VALID_PRICE,NO_PRICE,,,,,,,,,azucar|crema|paq|10|lb|10 lb,COTIZACIONES__DOMINION_BUSINESS_18aa.xlsx
AG-1883,LECHE BALDOM 377 GR,consu,Alimentos,Units,,,,True,False,False,PINARIA,,,,3,,,,NEW_PRODUCT,1,3,MANUAL_REVIEW,MISSING_VALID_PRICE,NO_PRICE,,,,,,,,,leche|baldom|377|gr,COTIZACIONES__DOMINION_BUSINESS_18aa.xlsx
AG-1884,LECHE DE COCO LA FAMOSA 444ML,consu,Alimentos,Units,,,,True,False,False,PINARIA,,,,3,,,,NEW_PRODUCT,1,3,MANUAL_REVIEW,MISSING_VALID_PRICE,NO_PRICE,,,,,,,,,leche|coco|famosa|444ml,COTIZACIONES__DOMINION_BUSINESS_18aa.xlsx
AG-1885,ACEITE CRISOL 30LB,consu,Ferretería,Units,,,presentation=30 lb,False,False,False,SHARED,,,,3,,,,NEW_PRODUCT,1,3,MANUAL_REVIEW,MISSING_VALID_PRICE,NO_PRICE,,,,,,,,,aceite|crisol|30|lb|30 lb,COTIZACIONES__DOMINION_BUSINESS_18aa.xlsx
AG-1886,ACEITE VERDE EXTRA VIRGEN BORGES 2 LT,consu,Ferretería,Units,,,,False,False,False,SHARED,,,,3,,,,NEW_PRODUCT,1,3,MANUAL_REVIEW,MISSING_VALID_PRICE,NO_PRICE,,,,,,,,,aceite|verde|extra|virgen|borges|2|lt,COTIZACIONES__DOMINION_BUSINESS_18aa.xlsx
AG-1887,ATUN EN ACEITE CHERRY STAR 5 OZ,consu,Ferretería,Units,,,,False,False,False,SHARED,,,,3,,,,NEW_PRODUCT,1,3,MANUAL_REVIEW,MISSING_VALID_PRICE,NO_PRICE,,,,,,,,,atun|aceite|cherry|star|5|oz,COTIZACIONES__DOMINION_BUSINESS_18aa.xlsx
AG-1888,Vinagre BALDON Ranchero AMBAR 110 OZ,consu,Ferretería,Units,,,,False,False,False,SHARED,,,,3,,,,NEW_PRODUCT,1,3,MANUAL_REVIEW,MISSING_VALID_PRICE,NO_PRICE,,,,,,,,,vinagre|baldon|ranchero|ambar|110|oz,COTIZACIONES__DOMINION_BUSINESS_18aa.xlsx
AG-1889,JUGO Concentrado Barcelo (sabores Variados) 3.7 LT,consu,Ferretería,Units,,,,False,False,False,SHARED,,,,3,,,,NEW_PRODUCT,1,3,MANUAL_REVIEW,MISSING_VALID_PRICE,NO_PRICE,,,,,,,,,jugo|concentrado|barcelo|sabores|variados|3.7|lt,COTIZACIONES__DOMINION_BUSINESS_18aa.xlsx
AG-1890,HARINA DEL Negrito DE 28 OZ,consu,Alimentos,Units,,,,True,False,False,PINARIA,,,,3,,,,NEW_PRODUCT,1,3,MANUAL_REVIEW,MISSING_VALID_PRICE,NO_PRICE,,,,,,,,,harina|negrito|28|oz,COTIZACIONES__DOMINION_BUSINESS_18aa.xlsx
AG-1891,Maicena DE 425G/15OZ DURYEA,consu,Ferretería,Units,,,,False,False,False,SHARED,,,,3,,,,NEW_PRODUCT,1,3,MANUAL_REVIEW,MISSING_VALID_PRICE,NO_PRICE,,,,,,,,,maicena|425g/15oz|duryea,COTIZACIONES__DOMINION_BUSINESS_18aa.xlsx
AG-1892,SALSA CHINA Ranchero P/chofan 3.04L/103OZ,consu,Ferretería,Units,,,presentation=3.04 l,False,False,False,SHARED,,,,3,,,,NEW_PRODUCT,1,3,MANUAL_REVIEW,MISSING_VALID_PRICE,NO_PRICE,,,,,,,,,salsa|china|ranchero|p/chofan|3.04l/103oz|3.04 l,COTIZACIONES__DOMINION_BUSINESS_18aa.xlsx
AG-1893,Guandule VERDE 7 LB,consu,Ferretería,Units,,,presentation=7 lb,False,False,False,SHARED,,,,3,,,,NEW_PRODUCT,1,3,MANUAL_REVIEW,MISSING_VALID_PRICE,NO_PRICE,,,,,,,,,guandule|verde|7|lb|7 lb,COTIZACIONES__DOMINION_BUSINESS_18aa.xlsx
AG-1894,Vainilla BLANCA Delifrut 1GL,consu,Ferretería,Units,,,presentation=1 gl,False,False,False,SHARED,,,,3,,,,NEW_PRODUCT,1,3,MANUAL_REVIEW,MISSING_VALID_PRICE,NO_PRICE,,,,,,,,,vainilla|blanca|delifrut|1|gal|1 gl,COTIZACIONES__DOMINION_BUSINESS_18aa.xlsx
AG-1895,CREMA DE LECHE RICA 330 ML,consu,Alimentos,Units,,,,True,False,False,PINARIA,,,,3,,,,NEW_PRODUCT,1,3,MANUAL_REVIEW,MISSING_VALID_PRICE,NO_PRICE,,,,,,,,,crema|leche|rica|330|ml,COTIZACIONES__DOMINION_BUSINESS_18aa.xlsx
AG-1896,Vegetales Enlatados MIXTOS 15 OZ,consu,Ferretería,Units,,,,False,False,False,SHARED,,,,3,,,,NEW_PRODUCT,1,3,MANUAL_REVIEW,MISSING_VALID_PRICE,NO_PRICE,,,,,,,,,vegetales|enlatados|mixtos|15|oz,COTIZACIONES__DOMINION_BUSINESS_18aa.xlsx
AG-1897,PIERNA DE CERDO 35 LB C/U,consu,Ferretería,Units,,,presentation=35 lb,False,False,False,SHARED,,,,4,,,,NEW_PRODUCT,1,4,MANUAL_REVIEW,MISSING_VALID_PRICE,NO_PRICE,,,,,,,,,pierna|cerdo|35|lb|c/u|35 lb,COTIZACIONES__DOMINION_BUSINESS_18aa.xlsx
AG-1898,LIBRA DE Costillas Ahumada,consu,Ferretería,Units,,,,False,False,False,SHARED,,,,2,,,,NEW_PRODUCT,2,2,MANUAL_REVIEW,MISSING_VALID_PRICE,NO_PRICE,,,,,,,,,libra|costillas|ahumada,COTIZACIONES__DOMINION_BUSINESS_18aa.xlsx | COTIZACION_-2026_MAYO_4932.xlsx
AG-1899,LIBRA DE Mondongo,consu,Ferretería,Units,,,,False,False,False,SHARED,,,,2,,,,NEW_PRODUCT,2,2,MANUAL_REVIEW,MISSING_VALID_PRICE,NO_PRICE,,,,,,,,,libra|mondongo,COTIZACIONES__DOMINION_BUSINESS_18aa.xlsx | COTIZACION_-2026_MAYO_4932.xlsx
AG-1900,LIBRA DE Chuleta Ahumada,consu,Carnes,Units,,,,False,True,False,PINARIA,,,,8,,,,NEW_PRODUCT,3,7,MANUAL_REVIEW,MISSING_VALID_PRICE,NO_PRICE,,,,,,,,,libra|chuleta|ahumada,COTIZACIONES__DOMINION_BUSINESS_18aa.xlsx | COTIZACIONES___2023-2024_PIN_ARIAS_2_fddc.xlsx | COTIZACION_-2026_MAYO_4932.xlsx
AG-1901,Bacalado CON ESPINA Noruego,consu,Ferretería,Units,,,,False,False,False,SHARED,,,,1,,,,NEW_PRODUCT,1,1,MANUAL_REVIEW,MISSING_VALID_PRICE,NO_PRICE,,,,,,,,,bacalado|espina|noruego,COTIZACIONES__DOMINION_BUSINESS_18aa.xlsx
AG-1902,CERDO SIN PIEL,consu,Ferretería,Units,,,,False,False,False,SHARED,,,,1,,,,NEW_PRODUCT,1,1,MANUAL_REVIEW,MISSING_VALID_PRICE,NO_PRICE,,,,,,,,,cerdo|sin|piel,COTIZACIONES__DOMINION_BUSINESS_18aa.xlsx
AG-1903,Pechuga,consu,Carnes,Units,,,,False,True,False,PINARIA,,,,1,,,,NEW_PRODUCT,1,1,MANUAL_REVIEW,MISSING_VALID_PRICE,NO_PRICE,,,,,,,,,pechuga,COTIZACIONES__DOMINION_BUSINESS_18aa.xlsx
AG-1904,POLLO (13 UND),consu,Carnes,Units,,,,False,True,False,PINARIA,,,,1,,,,NEW_PRODUCT,1,1,MANUAL_REVIEW,MISSING_VALID_PRICE,NO_PRICE,,,,,,,,,pollo|13|und,COTIZACIONES__DOMINION_BUSINESS_18aa.xlsx
AG-1905,JARRA DE VIDRIO 21.5,consu,Ferretería,Units,,,,False,False,False,SHARED,,,,1,,,,NEW_PRODUCT,1,1,MANUAL_REVIEW,MISSING_VALID_PRICE,NO_PRICE,,,,,,,,,jarra|vidrio|21.5,COTIZACIONES__DOMINION_BUSINESS_18aa.xlsx
AG-1906,COPA DE Cristal 14 OZ,consu,Ferretería,Units,,,,False,False,False,SHARED,,,,1,,,,NEW_PRODUCT,1,1,MANUAL_REVIEW,MISSING_VALID_PRICE,NO_PRICE,,,,,,,,,copa|cristal|14|oz,COTIZACIONES__DOMINION_BUSINESS_18aa.xlsx
AG-1907,Tenedores DE MESA,consu,Mobiliario,Units,,,,False,False,False,SHARED,,,,1,,,,NEW_PRODUCT,1,1,MANUAL_REVIEW,MISSING_VALID_PRICE,NO_PRICE,,,,,,,,,tenedores|mesa,COTIZACIONES__DOMINION_BUSINESS_18aa.xlsx
AG-1908,PLATO DE Porcelana 30 5x2,consu,Ferretería,Units,,,,False,False,False,SHARED,,,,1,,,,NEW_PRODUCT,1,1,MANUAL_REVIEW,MISSING_VALID_PRICE,NO_PRICE,,,,,,,,,plato|porcelana|30|5x2,COTIZACIONES__DOMINION_BUSINESS_18aa.xlsx
AG-1909,COPA DE VIDRIO 9x16 Enologia,consu,Ferretería,Units,,,,False,False,False,SHARED,,,,1,,,,NEW_PRODUCT,1,1,MANUAL_REVIEW,MISSING_VALID_PRICE,NO_PRICE,,,,,,,,,copa|vidrio|9x16|enologia,COTIZACIONES__DOMINION_BUSINESS_18aa.xlsx
AG-1910,PLANTA Artificial 160 Cm,consu,Ferretería,Units,,,,False,False,False,SHARED,,,,1,,,,NEW_PRODUCT,1,1,MANUAL_REVIEW,MISSING_VALID_PRICE,NO_PRICE,,,,,,,,,planta|artificial|160|cm,COTIZACIONES__DOMINION_BUSINESS_18aa.xlsx
AG-1911,Frutero DE TRES Niveles,consu,Ferretería,Units,,,,False,False,False,SHARED,,,,1,,,,NEW_PRODUCT,1,1,MANUAL_REVIEW,MISSING_VALID_PRICE,NO_PRICE,,,,,,,,,frutero|tres|niveles,COTIZACIONES__DOMINION_BUSINESS_18aa.xlsx
AG-1912,Azucarera 8x11 Cm HAUS,consu,Alimentos,Units,,,,True,False,False,PINARIA,,,,1,,,,NEW_PRODUCT,1,1,MANUAL_REVIEW,MISSING_VALID_PRICE,NO_PRICE,,,,,,,,,azucarera|8x11|cm|haus,COTIZACIONES__DOMINION_BUSINESS_18aa.xlsx
AG-1913,TAZAS DE CAFÉ 10x7 . 5x6.5 BOSTON,consu,Ferretería,Units,,,,False,False,False,SHARED,,,,1,,,,NEW_PRODUCT,1,1,MANUAL_REVIEW,MISSING_VALID_PRICE,NO_PRICE,,,,,,,,,tazas|cafe|10x7|.|5x6.5|boston,COTIZACIONES__DOMINION_BUSINESS_18aa.xlsx
AG-1914,TAZAS DE CAFÉ 7 Oz CON SUS PLATOS 12/unidades Apilable,consu,Ferretería,Units,,,,False,False,False,SHARED,,,,1,,,,NEW_PRODUCT,1,1,MANUAL_REVIEW,MISSING_VALID_PRICE,NO_PRICE,,,,,,,,,tazas|cafe|7|oz|sus|platos|12/unidades|apilable,COTIZACIONES__DOMINION_BUSINESS_18aa.xlsx
AG-1915,FLOR Artifficial,consu,Ferretería,Units,,,,False,False,False,SHARED,,,,1,,,,NEW_PRODUCT,1,1,MANUAL_REVIEW,MISSING_VALID_PRICE,NO_PRICE,,,,,,,,,flor|artifficial,COTIZACIONES__DOMINION_BUSINESS_18aa.xlsx
AG-1916,Bandeja PARA SERVIR 39 8x29 7x24,consu,Ferretería,Units,,,,False,False,False,SHARED,,,,1,,,,NEW_PRODUCT,1,1,MANUAL_REVIEW,MISSING_VALID_PRICE,NO_PRICE,,,,,,,,,bandeja|para|servir|39|8x29|7x24,COTIZACIONES__DOMINION_BUSINESS_18aa.xlsx
AG-1917,COPA DE Cristal P/cev 20 Oz,consu,Ferretería,Units,,,,False,False,False,SHARED,,,,1,,,,NEW_PRODUCT,1,1,MANUAL_REVIEW,MISSING_VALID_PRICE,NO_PRICE,,,,,,,,,copa|cristal|p/cev|20|oz,COTIZACIONES__DOMINION_BUSINESS_18aa.xlsx
AG-1918,COPA DE Cristal P/he 70z,consu,Ferretería,Units,,,,False,False,False,SHARED,,,,1,,,,NEW_PRODUCT,1,1,MANUAL_REVIEW,MISSING_VALID_PRICE,NO_PRICE,,,,,,,,,copa|cristal|p/he|70z,COTIZACIONES__DOMINION_BUSINESS_18aa.xlsx
AG-1919,BOTE Material Desechable Y Escombro,consu,Ferretería,Units,,,,False,False,False,SHARED,,,,4,47000.0,47000.0,47000.0,NEW_PRODUCT,1,4,CREATE_SHARED_PRODUCT,,MAX,COTIZACIONES__REMPART_GROUP_2_3578.xlsx,COTIZACION 1 ,16,QUOTATION,BOTE MATERIAL desechable Y ESCOMBRO,1.0,47000.0,DOP,bote|material|desechable|escombro,COTIZACIONES__REMPART_GROUP_2_3578.xlsx
AG-1920,Division En Cristal Con Puerta Corrediza,consu,Ferretería,Units,,,,False,False,False,SHARED,,,,2,115000.0,115000.0,115000.0,NEW_PRODUCT,1,2,CREATE_SHARED_PRODUCT,,MAX,COTIZACIONES__REMPART_GROUP_2_3578.xlsx,COTIZACION 1 ,17,QUOTATION,division en cristal con puerta corrediza,1.0,115000.0,DOP,division|cristal|puerta|corrediza,COTIZACIONES__REMPART_GROUP_2_3578.xlsx
AG-1921,Diseño Y Construccion De Nicho En Sheetrock P/luces,consu,Ferretería,Units,,,,False,False,False,SHARED,,,,2,23000.0,23000.0,23000.0,NEW_PRODUCT,1,2,CREATE_SHARED_PRODUCT,,MAX,COTIZACIONES__REMPART_GROUP_2_3578.xlsx,COTIZACION 1 ,19,QUOTATION,diseño Y CONSTRUCCION  de nicho en sheetrock p/luces,1.0,23000.0,DOP,diseno|construccion|nicho|sheetrock|p/luces,COTIZACIONES__REMPART_GROUP_2_3578.xlsx
AG-1922,Limpieza Trampa De Grasa,consu,Ferretería,Units,,,,False,False,False,SHARED,,,,4,8500.0,8500.0,8500.0,NEW_PRODUCT,1,4,CREATE_SHARED_PRODUCT,,MAX,COTIZACIONES__REMPART_GROUP_2_3578.xlsx,COTIZACION 1 ,22,QUOTATION,Limpieza  trampa de grasa,1.0,8500.0,DOP,limpieza|trampa|grasa,COTIZACIONES__REMPART_GROUP_2_3578.xlsx
AG-1923,Remozamiento De RAMPA Y Descanso DE Escalera DE Granito PULIDO,consu,Ferretería,Units,,,,False,False,False,SHARED,,,,4,155000.0,185000.0,185000.0,NEW_PRODUCT,1,4,CREATE_SHARED_PRODUCT,,MAX,COTIZACIONES__REMPART_GROUP_2_3578.xlsx,COTIZACION 1  (2),23,QUOTATION,Remozamiento de RAMPA y descanso  DE  ESCALERA DE GRANITO PULIDO,1.0,185000.0,DOP,remozamiento|rampa|descanso|escalera|granito|pulido,COTIZACIONES__REMPART_GROUP_2_3578.xlsx
AG-1924,Aire Acondicionado De 18 Btu,consu,Ferretería,Units,,,,False,False,False,SHARED,,,,6,55000.0,67500.0,67500.0,NEW_PRODUCT,1,6,CREATE_SHARED_PRODUCT,,MAX,COTIZACIONES__REMPART_GROUP_2_3578.xlsx,COTIZACION 2,21,QUOTATION,aire acondicionado de 18 btu,1.0,67500.0,DOP,aire|acondicionado|18|btu,COTIZACIONES__REMPART_GROUP_2_3578.xlsx
AG-1925,Cerradura Electromagnetica De 600 Lbs,consu,Ferretería,Units,,,presentation=600 lbs,False,False,False,SHARED,,,,2,7500.0,7500.0,7500.0,NEW_PRODUCT,1,2,CREATE_SHARED_PRODUCT,,MAX,COTIZACIONES__REMPART_GROUP_2_3578.xlsx,COTIZACION 2,22,QUOTATION,cerradura electromagnetica de 600 lbs,20.0,7500.0,DOP,cerradura|electromagnetica|600|lb|600 lb,COTIZACIONES__REMPART_GROUP_2_3578.xlsx
AG-1926,Control De Acceso Biometrico Inter De Toquen Con Push Touch De Salida Y Tarjeta,consu,Ferretería,Units,,,,False,False,False,SHARED,,,,2,8200.0,8200.0,8200.0,NEW_PRODUCT,1,2,CREATE_SHARED_PRODUCT,,MAX,COTIZACIONES__REMPART_GROUP_2_3578.xlsx,COTIZACION 2,23,QUOTATION,control de acceso biometrico inter de toquen con push touch de salida y tarjeta programable,10.0,8200.0,DOP,control|acceso|biometrico|inter|toquen|push|touch|salida,COTIZACIONES__REMPART_GROUP_2_3578.xlsx
AG-1927,"Power Supplay Dc 12 Volt 90-260 Volt 60 Hz, Con Bateria De 12 V. 4amp H.",consu,Ferretería,Units,,,,False,False,False,SHARED,,,,2,4850.0,4850.0,4850.0,NEW_PRODUCT,1,2,CREATE_SHARED_PRODUCT,,MAX,COTIZACIONES__REMPART_GROUP_2_3578.xlsx,COTIZACION 2,24,QUOTATION,"power supplay dc 12 volt 90-260 volt 60 hz, con bateria de 12 v. 4amp h.",10.0,4850.0,DOP,power|supplay|dc|12|volt|90-260|volt|60,COTIZACIONES__REMPART_GROUP_2_3578.xlsx
AG-1928,Z Bracket P/ Cerradura De 600 Lbs,consu,Ferretería,Units,,,presentation=600 lbs,False,False,False,SHARED,,,,2,1350.0,1350.0,1350.0,NEW_PRODUCT,1,2,CREATE_SHARED_PRODUCT,,MAX,COTIZACIONES__REMPART_GROUP_2_3578.xlsx,COTIZACION 2,25,QUOTATION,z bracket p/ cerradura de 600 lbs,20.0,1350.0,DOP,z|bracket|p/|cerradura|600|lb|600 lb,COTIZACIONES__REMPART_GROUP_2_3578.xlsx
AG-1929,Domolicion Pandereta De Sheetrock Y Resane De Area,consu,Ferretería,Units,,,,False,False,False,SHARED,,,,2,25700.0,25700.0,25700.0,NEW_PRODUCT,1,2,CREATE_SHARED_PRODUCT,,MAX,COTIZACIONES__REMPART_GROUP_2_3578.xlsx,COTIZACION 2,26,QUOTATION,Domolicion pandereta de sheetrock y resane de area,1.0,25700.0,DOP,domolicion|pandereta|sheetrock|resane|area,COTIZACIONES__REMPART_GROUP_2_3578.xlsx
AG-1930,Pintura Gris 26 Claro Acrilica,consu,Pinturas,Units,,,,False,False,False,SHARED,,,,3,8247.0,8247.0,8247.0,NEW_PRODUCT,1,3,CREATE_SHARED_PRODUCT,,MAX,COTIZACIONES__REMPART_GROUP_2_3578.xlsx,COTIZACION 3,16,QUOTATION,Pintura Gris 26 claro acrilica,20.0,8247.0,DOP,pintura|gris|26|claro|acrilica,COTIZACIONES__REMPART_GROUP_2_3578.xlsx
AG-1931,Pintura Blanco 50,consu,Pinturas,Units,,,,False,False,False,SHARED,,,,3,8247.0,8247.0,8247.0,NEW_PRODUCT,1,3,CREATE_SHARED_PRODUCT,,MAX,COTIZACIONES__REMPART_GROUP_2_3578.xlsx,COTIZACION 3,17,QUOTATION,Pintura Blanco 50,25.0,8247.0,DOP,pintura|blanco|50,COTIZACIONES__REMPART_GROUP_2_3578.xlsx
AG-1932,Pintura Colonial 966,consu,Pinturas,Units,,,,False,False,False,SHARED,,,,3,9759.0,9759.0,9759.0,NEW_PRODUCT,1,3,CREATE_SHARED_PRODUCT,,MAX,COTIZACIONES__REMPART_GROUP_2_3578.xlsx,COTIZACION 3,18,QUOTATION,Pintura Colonial 966,25.0,9759.0,DOP,pintura|colonial|966,COTIZACIONES__REMPART_GROUP_2_3578.xlsx
AG-1933,Pintura Azul Glacial 981,consu,Pinturas,Units,,,,False,False,False,SHARED,,,,3,9540.0,9540.0,9540.0,NEW_PRODUCT,1,3,CREATE_SHARED_PRODUCT,,MAX,COTIZACIONES__REMPART_GROUP_2_3578.xlsx,COTIZACION 3,19,QUOTATION,pintura azul glacial 981,15.0,9540.0,DOP,pintura|azul|glacial|981,COTIZACIONES__REMPART_GROUP_2_3578.xlsx
AG-1934,Pintura Grafito 42,consu,Pinturas,Units,,,,False,False,False,SHARED,,,,3,8253.0,8253.0,8253.0,NEW_PRODUCT,1,3,CREATE_SHARED_PRODUCT,,MAX,COTIZACIONES__REMPART_GROUP_2_3578.xlsx,COTIZACION 3,20,QUOTATION,Pintura Grafito 42,15.0,8253.0,DOP,pintura|grafito|42,COTIZACIONES__REMPART_GROUP_2_3578.xlsx
AG-1935,Pintura Trafico Amarillo,consu,Pinturas,Gal,,,,False,False,False,SHARED,,,,3,2426.24,2850.0,2850.0,NEW_PRODUCT,1,3,CREATE_SHARED_PRODUCT,,MAX,COTIZACIONES__REMPART_GROUP_2_3578.xlsx,COTIZACION 3,21,QUOTATION,Pintura Trafico Amarillo,15.0,2850.0,DOP,pintura|trafico|amarillo,COTIZACIONES__REMPART_GROUP_2_3578.xlsx
AG-1936,Pintura Esmalte Blanca,consu,Pinturas,Gal,,,,False,False,False,SHARED,,,,3,2500.0,2500.0,2500.0,NEW_PRODUCT,1,3,CREATE_SHARED_PRODUCT,,MAX,COTIZACIONES__REMPART_GROUP_2_3578.xlsx,COTIZACION 3,22,QUOTATION,Pintura Esmalte Blanca,10.0,2500.0,DOP,pintura|esmalte|blanca,COTIZACIONES__REMPART_GROUP_2_3578.xlsx
AG-1937,Pintura Gris Perla Esmalte,consu,Pinturas,Gal,,,,False,False,False,SHARED,,,,3,2500.0,2500.0,2500.0,NEW_PRODUCT,1,3,CREATE_SHARED_PRODUCT,,MAX,COTIZACIONES__REMPART_GROUP_2_3578.xlsx,COTIZACION 3,23,QUOTATION,Pintura Gris Perla Esmalte,10.0,2500.0,DOP,pintura|gris|perla|esmalte,COTIZACIONES__REMPART_GROUP_2_3578.xlsx
AG-1938,Thinner TH-1000-GL,consu,Pinturas,Units,,TH-1000-GL,model=TH-1000-GL,False,False,False,SHARED,,,,4,750.0,5700.0,5700.0,NEW_PRODUCT,1,4,CREATE_SHARED_PRODUCT,,MAX,COTIZACIONES__REMPART_GROUP_2_3578.xlsx,COTIZACION 3,24,QUOTATION,Thinner TH-1000-GL,5.0,5700.0,DOP,thinner|th-1000-gal|TH-1000-GL,COTIZACIONES__REMPART_GROUP_2_3578.xlsx
AG-1939,Mota Anti-goteo 10mm,consu,Ferretería,Units,,,,False,False,False,SHARED,,,,4,505.0,540.0,540.0,NEW_PRODUCT,1,4,CREATE_SHARED_PRODUCT,,MAX,COTIZACIONES__REMPART_GROUP_2_3578.xlsx,COTIZACION 3,25,QUOTATION,Mota anti-goteo 10Mm,100.0,540.0,DOP,mota|anti-goteo|10|mm,COTIZACIONES__REMPART_GROUP_2_3578.xlsx
AG-1940,"Porta Rolo Reforzado Negro 9""",consu,Ferretería,Units,,,"size=9""",False,False,False,SHARED,,,,3,320.0,320.0,320.0,NEW_PRODUCT,1,3,CREATE_SHARED_PRODUCT,,MAX,COTIZACIONES__REMPART_GROUP_2_3578.xlsx,COTIZACION 3,26,QUOTATION,"Porta rolo reforzado negro 9""",50.0,320.0,DOP,"porta|rolo|reforzado|negro|9""|9""",COTIZACIONES__REMPART_GROUP_2_3578.xlsx
AG-1941,Extension Telesc 3mts Gris,consu,Ferretería,Units,,,,False,False,False,SHARED,,,,3,720.0,720.0,720.0,NEW_PRODUCT,1,3,CREATE_SHARED_PRODUCT,,MAX,COTIZACIONES__REMPART_GROUP_2_3578.xlsx,COTIZACION 3,27,QUOTATION,Extension telesc 3mts gris,15.0,720.0,DOP,extension|telesc|3mts|gris,COTIZACIONES__REMPART_GROUP_2_3578.xlsx
AG-1942,"Brocha Ecom. M/marron 3""",consu,Pinturas,Units,,,"size=3""",False,False,False,SHARED,,,,4,130.0,185.0,185.0,NEW_PRODUCT,1,4,CREATE_SHARED_PRODUCT,,MAX,COTIZACIONES__REMPART_GROUP_2_3578.xlsx,COTI 1 CEMADOJA,35,QUOTATION,"Brocha ecom. m/marron 3""",12.0,185.0,DOP,"brocha|ecom.|m/marron|3""|3""",COTIZACIONES__REMPART_GROUP_2_3578.xlsx
AG-1943,"Brocha Ecom. M/marron 2""",consu,Pinturas,Units,,,"size=2""",False,False,False,SHARED,,,,4,100.0,130.0,130.0,NEW_PRODUCT,1,4,CREATE_SHARED_PRODUCT,,MAX,COTIZACIONES__REMPART_GROUP_2_3578.xlsx,COTI 1 CEMADOJA,34,QUOTATION,"Brocha ecom. m/marron 2""",12.0,130.0,DOP,"brocha|ecom.|m/marron|2""|2""",COTIZACIONES__REMPART_GROUP_2_3578.xlsx
AG-1944,"Brocha Ecom. M/marron 4""",consu,Pinturas,Units,,,"size=4""",False,False,False,SHARED,,,,3,200.0,200.0,200.0,NEW_PRODUCT,1,3,CREATE_SHARED_PRODUCT,,MAX,COTIZACIONES__REMPART_GROUP_2_3578.xlsx,COTIZACION 3,30,QUOTATION,"Brocha ecom. m/marron 4""",20.0,200.0,DOP,"brocha|ecom.|m/marron|4""|4""",COTIZACIONES__REMPART_GROUP_2_3578.xlsx
AG-1945,Lija De Agua No.120 Norton,consu,Ferretería,Units,,,,False,False,False,SHARED,,,,3,75.0,75.0,75.0,NEW_PRODUCT,1,3,CREATE_SHARED_PRODUCT,,MAX,COTIZACIONES__REMPART_GROUP_2_3578.xlsx,COTIZACION 3,31,QUOTATION,Lija de agua No.120 Norton,100.0,75.0,DOP,lija|agua|no.120|norton,COTIZACIONES__REMPART_GROUP_2_3578.xlsx
AG-1946,"Espatula De Acero Flexible 1 1/2""",consu,Ferretería,Units,,,"size=2"" caliber=1/2",False,False,False,SHARED,,,,3,245.0,245.0,245.0,NEW_PRODUCT,1,3,CREATE_SHARED_PRODUCT,,MAX,COTIZACIONES__REMPART_GROUP_2_3578.xlsx,COTIZACION 3,32,QUOTATION,"Espatula de acero flexible 1 1/2""",15.0,245.0,DOP,"espatula|acero|flexible|1|1/2""|1/2|2""",COTIZACIONES__REMPART_GROUP_2_3578.xlsx
AG-1947,"Espatula De Acero Flexible 2""",consu,Ferretería,Units,,,"size=2""",False,False,False,SHARED,,,,3,270.0,270.0,270.0,NEW_PRODUCT,1,3,CREATE_SHARED_PRODUCT,,MAX,COTIZACIONES__REMPART_GROUP_2_3578.xlsx,COTIZACION 3,33,QUOTATION,"Espatula de acero flexible 2""",20.0,270.0,DOP,"espatula|acero|flexible|2""|2""",COTIZACIONES__REMPART_GROUP_2_3578.xlsx
AG-1948,Pintura DE Trafico Amarilla,consu,Pinturas,Gal,,,,False,False,False,SHARED,,,,1,,,,NEW_PRODUCT,1,1,MANUAL_REVIEW,MISSING_VALID_PRICE,NO_PRICE,,,,,,,,,pintura|trafico|amarilla,COTIZACIONES__REMPART_GROUP_2_3578.xlsx
AG-1949,Solución Para Baterías,consu,Ferretería,Gal,,,,False,False,False,SHARED,,,,3,475.0,475.0,475.0,NEW_PRODUCT,1,3,CREATE_SHARED_PRODUCT,,MAX,COTIZACIONES__REMPART_GROUP_2_3578.xlsx,COTIZACION 4,17,QUOTATION,Solución para baterías,4.0,475.0,DOP,solucion|para|baterias,COTIZACIONES__REMPART_GROUP_2_3578.xlsx
AG-1950,Rollo De Estaño 60/40,consu,Ferretería,Units,,,caliber=60/40,False,False,False,SHARED,,,,4,850.0,850.0,850.0,NEW_PRODUCT,1,4,CREATE_SHARED_PRODUCT,,MAX,COTIZACIONES__REMPART_GROUP_2_3578.xlsx,COTIZACION 4,18,QUOTATION,Rollo de estaño 60/40,3.0,850.0,DOP,rollo|estano|60/40|60/40,COTIZACIONES__REMPART_GROUP_2_3578.xlsx
AG-1951,Enchufe 110volt,consu,Ferretería,Units,,,,False,False,False,SHARED,,,,4,420.0,420.0,420.0,NEW_PRODUCT,1,4,CREATE_SHARED_PRODUCT,,MAX,COTIZACIONES__REMPART_GROUP_2_3578.xlsx,COTIZACION 4,19,QUOTATION,Enchufe 110volt,20.0,420.0,DOP,enchufe|110volt,COTIZACIONES__REMPART_GROUP_2_3578.xlsx
AG-1952,Amperímetro Voltimetro Digital,consu,Ferretería,Units,,,,False,False,False,SHARED,,,,4,3000.81,3000.81,3000.81,NEW_PRODUCT,1,4,CREATE_SHARED_PRODUCT,,MAX,COTIZACIONES__REMPART_GROUP_2_3578.xlsx,COTIZACION 4,20,QUOTATION,Amperímetro voltimetro digital,4.0,3000.81,DOP,amperimetro|voltimetro|digital,COTIZACIONES__REMPART_GROUP_2_3578.xlsx
AG-1953,Caja De Herramienta,consu,Ferretería,Units,,,,False,False,False,SHARED,,,,4,4300.0,4300.0,4300.0,NEW_PRODUCT,1,4,CREATE_SHARED_PRODUCT,,MAX,COTIZACIONES__REMPART_GROUP_2_3578.xlsx,COTIZACION 4,21,QUOTATION,Caja de herramienta,2.0,4300.0,DOP,caja|herramienta,COTIZACIONES__REMPART_GROUP_2_3578.xlsx
AG-1954,Soplete De 2 Salidas,consu,Ferretería,Units,,,,False,False,False,SHARED,,,,4,4350.0,4350.0,4350.0,NEW_PRODUCT,1,4,CREATE_SHARED_PRODUCT,,MAX,COTIZACIONES__REMPART_GROUP_2_3578.xlsx,COTIZACION 4,22,QUOTATION,Soplete de 2 salidas,2.0,4350.0,DOP,soplete|2|salidas,COTIZACIONES__REMPART_GROUP_2_3578.xlsx
AG-1955,Manómetro Para Gas 22,consu,Ferretería,Units,,,,False,False,False,SHARED,,,,4,3024.05,3024.05,3024.05,NEW_PRODUCT,1,4,CREATE_SHARED_PRODUCT,,MAX,COTIZACIONES__REMPART_GROUP_2_3578.xlsx,COTIZACION 4,23,QUOTATION,Manómetro para gas 22,2.0,3024.05,DOP,manometro|para|gas|22,COTIZACIONES__REMPART_GROUP_2_3578.xlsx
AG-1956,Manómetro Para 410,consu,Ferretería,Units,,,,False,False,False,SHARED,,,,4,3135.94,3135.94,3135.94,NEW_PRODUCT,1,4,CREATE_SHARED_PRODUCT,,MAX,COTIZACIONES__REMPART_GROUP_2_3578.xlsx,COTIZACION 4,24,QUOTATION,Manómetro para 410,2.0,3135.94,DOP,manometro|para|410,COTIZACIONES__REMPART_GROUP_2_3578.xlsx
AG-1957,Map Gas Para Soldadura,consu,Ferretería,Units,,,,False,False,False,SHARED,,,,4,1050.75,1050.75,1050.75,NEW_PRODUCT,1,4,CREATE_SHARED_PRODUCT,,MAX,COTIZACIONES__REMPART_GROUP_2_3578.xlsx,COTIZACION 4,25,QUOTATION,Map Gas para soldadura,10.0,1050.75,DOP,map|gas|para|soldadura,COTIZACIONES__REMPART_GROUP_2_3578.xlsx
AG-1958,Válvula De Servicio AVX-1/4,consu,Plomería,Units,,,caliber=1/4,False,False,False,SHARED,,,,3,62.73,62.73,62.73,NEW_PRODUCT,1,3,CREATE_SHARED_PRODUCT,,MAX,COTIZACIONES__REMPART_GROUP_2_3578.xlsx,COTIZACION 4,26,QUOTATION,Válvula de servicio AVX-1/4,5.0,62.73,DOP,valvula|servicio|avx-1/4|1/4,COTIZACIONES__REMPART_GROUP_2_3578.xlsx
AG-1959,Caja De Brazing Rod 0% Silver (varillas PLATA Para Soldaduras)1/8,consu,Construcción,Units,,,caliber=1/8,False,False,False,SHARED,,,,4,800.0,800.0,800.0,NEW_PRODUCT,1,4,CREATE_SHARED_PRODUCT,,MAX,COTIZACIONES__REMPART_GROUP_2_3578.xlsx,COTIZACION 4,27,QUOTATION,Caja de Brazing rod 0% Silver (Varillas PLATA para soldaduras)1/8,4.0,800.0,DOP,caja|brazing|rod|0%|silver|varillas|plata|para|1/8,COTIZACIONES__REMPART_GROUP_2_3578.xlsx
AG-1960,Power Pack,consu,Ferretería,Units,,,,False,False,False,SHARED,,,,4,610.05,610.05,610.05,NEW_PRODUCT,1,4,CREATE_SHARED_PRODUCT,,MAX,COTIZACIONES__REMPART_GROUP_2_3578.xlsx,COTIZACION 4,28,QUOTATION,Power pack,5.0,610.05,DOP,power|pack,COTIZACIONES__REMPART_GROUP_2_3578.xlsx
AG-1961,TAPE DE Aluminio 3´´,consu,Ferretería,Units,,,,False,False,False,SHARED,,,,4,1000.17,1000.17,1000.17,NEW_PRODUCT,1,4,CREATE_SHARED_PRODUCT,,MAX,COTIZACIONES__REMPART_GROUP_2_3578.xlsx,COTIZACION 4,29,QUOTATION,TAPE DE ALUMINIO 3´´,10.0,1000.17,DOP,tape|aluminio|3,COTIZACIONES__REMPART_GROUP_2_3578.xlsx
AG-1962,Refrigerante R404 24 Lb,consu,Ferretería,Units,,R404,presentation=24 lb model=R404,False,False,False,SHARED,,,,4,23000.0,23000.0,23000.0,NEW_PRODUCT,1,4,CREATE_SHARED_PRODUCT,,MAX,COTIZACIONES__REMPART_GROUP_2_3578.xlsx,COTIZACION 4,30,QUOTATION,Refrigerante R404 24 lb,2.0,23000.0,DOP,refrigerante|r404|24|lb|R404|24 lb,COTIZACIONES__REMPART_GROUP_2_3578.xlsx
AG-1963,Contactor 40 Amp/2p 220 Volt,consu,Ferretería,Units,,,,False,False,False,SHARED,,,,4,740.98,740.98,740.98,NEW_PRODUCT,1,4,CREATE_SHARED_PRODUCT,,MAX,COTIZACIONES__REMPART_GROUP_2_3578.xlsx,COTIZACION 4,31,QUOTATION,Contactor 40 Amp/2p 220 volt,5.0,740.98,DOP,contactor|40|amp/2p|220|volt,COTIZACIONES__REMPART_GROUP_2_3578.xlsx
AG-1964,Contactor 40 Amp/2p 24 Volt,consu,Ferretería,Units,,,,False,False,False,SHARED,,,,4,680.26,680.26,680.26,NEW_PRODUCT,1,4,CREATE_SHARED_PRODUCT,,MAX,COTIZACIONES__REMPART_GROUP_2_3578.xlsx,COTIZACION 4,32,QUOTATION,Contactor 40 Amp/2p 24 volt,5.0,680.26,DOP,contactor|40|amp/2p|24|volt,COTIZACIONES__REMPART_GROUP_2_3578.xlsx
AG-1965,Limpiador Fresh Coil,consu,Ferretería,Gal,,,,False,False,False,SHARED,,,,4,1915.25,1915.25,1915.25,NEW_PRODUCT,1,4,CREATE_SHARED_PRODUCT,,MAX,COTIZACIONES__REMPART_GROUP_2_3578.xlsx,COTIZACION 4,33,QUOTATION,Limpiador Fresh Coil,5.0,1915.25,DOP,limpiador|fresh|coil,COTIZACIONES__REMPART_GROUP_2_3578.xlsx
AG-1966,Contactor De 100 Amp Trifasico,consu,Ferretería,Units,,,,False,False,False,SHARED,,,,4,9300.0,9300.0,9300.0,NEW_PRODUCT,1,4,CREATE_SHARED_PRODUCT,,MAX,COTIZACIONES__REMPART_GROUP_2_3578.xlsx,COTIZACION 4,34,QUOTATION,Contactor de 100 Amp trifasico,2.0,9300.0,DOP,contactor|100|amp|trifasico,COTIZACIONES__REMPART_GROUP_2_3578.xlsx
AG-1967,Refrigerante R-410 25lb,consu,Ferretería,Units,,R-410,presentation=25 lb model=R-410,False,False,False,SHARED,,,,4,22000.0,22000.0,22000.0,NEW_PRODUCT,1,4,CREATE_SHARED_PRODUCT,,MAX,COTIZACIONES__REMPART_GROUP_2_3578.xlsx,COTIZACION 4,35,QUOTATION,Refrigerante  R-410 25lb,4.0,22000.0,DOP,refrigerante|r-410|25|lb|R-410|25 lb,COTIZACIONES__REMPART_GROUP_2_3578.xlsx
AG-1968,Refrigerante R-22 30 Lb,consu,Ferretería,Units,,,presentation=30 lb,False,False,False,SHARED,,,,4,8500.98,8500.98,8500.98,NEW_PRODUCT,1,4,CREATE_SHARED_PRODUCT,,MAX,COTIZACIONES__REMPART_GROUP_2_3578.xlsx,COTIZACION 4,36,QUOTATION,Refrigerante  R-22 30 lb,3.0,8500.98,DOP,refrigerante|r-22|30|lb|30 lb,COTIZACIONES__REMPART_GROUP_2_3578.xlsx
AG-1969,Cinta 3m P/baccocell De Insulacion,consu,Ferretería,Units,,,,False,False,False,SHARED,,,,4,500.0,500.0,500.0,NEW_PRODUCT,1,4,CREATE_SHARED_PRODUCT,,MAX,COTIZACIONES__REMPART_GROUP_2_3578.xlsx,COTIZACION 4,37,QUOTATION,Cinta 3m p/baccocell de insulacion,10.0,500.0,DOP,cinta|3m|p/baccocell|insulacion,COTIZACIONES__REMPART_GROUP_2_3578.xlsx
AG-1970,Fibra Sintetica Azul P/filtro De A/C,consu,Ferretería,Units,,,,False,False,False,SHARED,,,,4,600.49,600.49,600.49,NEW_PRODUCT,1,4,CREATE_SHARED_PRODUCT,,MAX,COTIZACIONES__REMPART_GROUP_2_3578.xlsx,COTIZACION 4,38,QUOTATION,Fibra sintetica azul p/filtro de A/C,10.0,600.49,DOP,fibra|sintetica|azul|p/filtro|a/c,COTIZACIONES__REMPART_GROUP_2_3578.xlsx
AG-1971,Fluxometro,consu,Ferretería,Units,,,,False,False,False,SHARED,,,,5,14500.0,14500.0,14500.0,NEW_PRODUCT,2,5,CREATE_SHARED_PRODUCT,,MAX,COTIZACIONES__REMPART_GROUP_2_3578.xlsx,COTIZACION 4,39,QUOTATION,Fluxometro,10.0,14500.0,DOP,fluxometro,COTIZACIONES__REMPART_GROUP_2_3578.xlsx | COTIZACION_MATERIALES_FERRETERO1_7286.xlsx
AG-1972,Llave P/lavamanos,consu,Plomería,Units,,,,False,False,False,SHARED,,,,4,3050.0,3050.0,3050.0,NEW_PRODUCT,1,4,CREATE_SHARED_PRODUCT,,MAX,COTIZACIONES__REMPART_GROUP_2_3578.xlsx,COTIZACION 4,40,QUOTATION,Llave p/Lavamanos,20.0,3050.0,DOP,llave|p/lavamanos,COTIZACIONES__REMPART_GROUP_2_3578.xlsx
AG-1973,Hidrolavadora Electrica,consu,Electrodomésticos,Units,,,,False,False,False,SHARED,,,,4,35000.0,35000.0,35000.0,NEW_PRODUCT,1,4,CREATE_SHARED_PRODUCT,,MAX,COTIZACIONES__REMPART_GROUP_2_3578.xlsx,COTIZACION 4,41,QUOTATION,Hidrolavadora electrica,3.0,35000.0,DOP,hidrolavadora|electrica,COTIZACIONES__REMPART_GROUP_2_3578.xlsx
AG-1974,Candado Yale 50 Mm,consu,Ferretería,Units,,,,False,False,False,SHARED,,,,4,1650.0,1650.0,1650.0,NEW_PRODUCT,1,4,CREATE_SHARED_PRODUCT,,MAX,COTIZACIONES__REMPART_GROUP_2_3578.xlsx,COTIZACION 4,42,QUOTATION,candado yale 50 mm,1.0,1650.0,DOP,candado|yale|50|mm,COTIZACIONES__REMPART_GROUP_2_3578.xlsx
AG-1975,TIJERA CORTE Derecho,consu,Ferretería,Units,,,,False,False,False,SHARED,,,,4,2100.0,2100.0,2100.0,NEW_PRODUCT,1,4,CREATE_SHARED_PRODUCT,,MAX,COTIZACIONES__REMPART_GROUP_2_3578.xlsx,COTIZACION 4,43,QUOTATION,TIJERA CORTE DERECHO,1.0,2100.0,DOP,tijera|corte|derecho,COTIZACIONES__REMPART_GROUP_2_3578.xlsx
AG-1976,Valvula De Servicio De Servicio Avx-1/4,consu,Plomería,Units,,,caliber=1/4,False,False,False,SHARED,,,,1,,,,NEW_PRODUCT,1,1,MANUAL_REVIEW,MISSING_VALID_PRICE,NO_PRICE,,,,,,,,,valvula|servicio|servicio|avx-1/4|1/4,COTIZACIONES__REMPART_GROUP_2_3578.xlsx
AG-1977,Sustitucion DE Calbles Electrico EN LINEA DE Alimentacion DEL EDIF DE VIH,consu,Ferretería,Units,,,,False,False,False,SHARED,,,,1,83500.0,83500.0,83500.0,NEW_PRODUCT,1,1,CREATE_SHARED_PRODUCT,,SINGLE,COTIZACIONES__REMPART_GROUP_2_3578.xlsx,COTIZACION 5,24,QUOTATION,SUSTITUCION DE CALBLES ELECTRICO EN LINEA DE ALIMENTACION DEL EDIF DE VIH,1.0,83500.0,DOP,sustitucion|calbles|electrico|linea|alimentacion|edif|vih,COTIZACIONES__REMPART_GROUP_2_3578.xlsx
AG-1978,Pintura Blanco 00 Interior Tropical Plus,consu,Pinturas,Units,Tropical,,,False,False,False,SHARED,,,,1,8972.26,8972.26,8972.26,NEW_PRODUCT,1,1,CREATE_SHARED_PRODUCT,,SINGLE,COTIZACIONES__REMPART_GROUP_2_3578.xlsx,COTI 1 CEMADOJA,16,QUOTATION,Pintura Blanco 00 interior tropical plus,2.0,8972.26,DOP,pintura|blanco|00|interior|tropical|plus,COTIZACIONES__REMPART_GROUP_2_3578.xlsx
AG-1979,Pintura Colonial 66 Acrilica Exterior Tropical Plus,consu,Pinturas,Units,Tropical,,,False,False,False,SHARED,,,,1,8972.26,8972.26,8972.26,NEW_PRODUCT,1,1,CREATE_SHARED_PRODUCT,,SINGLE,COTIZACIONES__REMPART_GROUP_2_3578.xlsx,COTI 1 CEMADOJA,17,QUOTATION,Pintura Colonial 66 acrilica exterior  tropical plus,8.0,8972.26,DOP,pintura|colonial|66|acrilica|exterior|tropical|plus,COTIZACIONES__REMPART_GROUP_2_3578.xlsx
AG-1980,Pintura Blanco 00 Semigloss Tropical Plus,consu,Pinturas,Units,Tropical,,,False,False,False,SHARED,,,,1,9375.98,9375.98,9375.98,NEW_PRODUCT,1,1,CREATE_SHARED_PRODUCT,,SINGLE,COTIZACIONES__REMPART_GROUP_2_3578.xlsx,COTI 1 CEMADOJA,18,QUOTATION,Pintura Blanco 00 semigloss tropical plus,4.0,9375.98,DOP,pintura|blanco|00|semigloss|tropical|plus,COTIZACIONES__REMPART_GROUP_2_3578.xlsx
AG-1981,Pintura Azul Positivo 93 Exterior Tropical Plus,consu,Pinturas,Gal,Tropical,,,False,False,False,SHARED,,,,1,1794.45,1794.45,1794.45,NEW_PRODUCT,1,1,CREATE_SHARED_PRODUCT,,SINGLE,COTIZACIONES__REMPART_GROUP_2_3578.xlsx,COTI 1 CEMADOJA,19,QUOTATION,pintura azul positivo 93 exterior tropical plus,30.0,1794.45,DOP,pintura|azul|positivo|93|exterior|tropical|plus,COTIZACIONES__REMPART_GROUP_2_3578.xlsx
AG-1982,Pintura Grafito 42 Acrilica Exterior Tropical Plus,consu,Pinturas,Gal,Tropical,,,False,False,False,SHARED,,,,1,1794.45,1794.45,1794.45,NEW_PRODUCT,1,1,CREATE_SHARED_PRODUCT,,SINGLE,COTIZACIONES__REMPART_GROUP_2_3578.xlsx,COTI 1 CEMADOJA,20,QUOTATION,Pintura Grafito 42 acrilica exterior tropical plus,4.0,1794.45,DOP,pintura|grafito|42|acrilica|exterior|tropical|plus,COTIZACIONES__REMPART_GROUP_2_3578.xlsx
AG-1983,Pintura Esmalte Blanca 00 Tropical Plus,consu,Pinturas,Gal,Tropical,,,False,False,False,SHARED,,,,1,1995.85,1995.85,1995.85,NEW_PRODUCT,1,1,CREATE_SHARED_PRODUCT,,SINGLE,COTIZACIONES__REMPART_GROUP_2_3578.xlsx,COTI 1 CEMADOJA,21,QUOTATION,Pintura Esmalte Blanca 00 tropical plus,4.0,1995.85,DOP,pintura|esmalte|blanca|00|tropical|plus,COTIZACIONES__REMPART_GROUP_2_3578.xlsx
AG-1984,Pintura Trafico Blanco,consu,Pinturas,Gal,,,,False,False,False,SHARED,,,,1,2426.24,2426.24,2426.24,NEW_PRODUCT,1,1,CREATE_SHARED_PRODUCT,,SINGLE,COTIZACIONES__REMPART_GROUP_2_3578.xlsx,COTI 1 CEMADOJA,26,QUOTATION,Pintura Trafico blanco,2.0,2426.24,DOP,pintura|trafico|blanco,COTIZACIONES__REMPART_GROUP_2_3578.xlsx
AG-1985,Vainilla Blanca,consu,Ferretería,Gal,,,,False,False,False,SHARED,,,,1,650.0,650.0,650.0,NEW_PRODUCT,1,1,CREATE_SHARED_PRODUCT,,SINGLE,COTIZACIONES__REMPART_GROUP_2_3578.xlsx,COTI 1 CEMADOJA,28,QUOTATION,vainilla blanca,2.0,650.0,DOP,vainilla|blanca,COTIZACIONES__REMPART_GROUP_2_3578.xlsx
AG-1986,Secante P/ Pintura Esmalte,consu,Pinturas,Gal,,,,False,False,False,SHARED,,,,1,885.0,885.0,885.0,NEW_PRODUCT,1,1,CREATE_SHARED_PRODUCT,,SINGLE,COTIZACIONES__REMPART_GROUP_2_3578.xlsx,COTI 1 CEMADOJA,29,QUOTATION,Secante p/ pintura esmalte,2.0,885.0,DOP,secante|p/|pintura|esmalte,COTIZACIONES__REMPART_GROUP_2_3578.xlsx
AG-1987,Agua Ras,consu,Ferretería,Gal,,,,False,False,False,SHARED,,,,1,750.0,750.0,750.0,NEW_PRODUCT,1,1,CREATE_SHARED_PRODUCT,,SINGLE,COTIZACIONES__REMPART_GROUP_2_3578.xlsx,COTI 1 CEMADOJA,30,QUOTATION,agua ras,4.0,750.0,DOP,agua|ras,COTIZACIONES__REMPART_GROUP_2_3578.xlsx
AG-1988,Minirolos Con Base,consu,Ferretería,Units,,,,False,False,False,SHARED,,,,1,320.0,320.0,320.0,NEW_PRODUCT,1,1,CREATE_SHARED_PRODUCT,,SINGLE,COTIZACIONES__REMPART_GROUP_2_3578.xlsx,COTI 1 CEMADOJA,33,QUOTATION,minirolos con base,10.0,320.0,DOP,minirolos|base,COTIZACIONES__REMPART_GROUP_2_3578.xlsx
AG-1989,"Brocha Ecom. M/marron 1""",consu,Pinturas,Units,,,"size=1""",False,False,False,SHARED,,,,1,100.0,100.0,100.0,NEW_PRODUCT,1,1,CREATE_SHARED_PRODUCT,,SINGLE,COTIZACIONES__REMPART_GROUP_2_3578.xlsx,COTI 1 CEMADOJA,36,QUOTATION,"Brocha ecom. m/marron 1""",6.0,100.0,DOP,"brocha|ecom.|m/marron|1""|1""",COTIZACIONES__REMPART_GROUP_2_3578.xlsx
AG-1990,CUADRE DE PUERTA Izquierda,consu,Ferretería,Units,,,,False,False,False,SHARED,,,,1,8000.0,8000.0,8000.0,NEW_PRODUCT,1,1,CREATE_SHARED_PRODUCT,,SINGLE,COTIZACIONES__REMPART_GROUP_2_3578.xlsx,COT CHOCHE CRV,15,QUOTATION,CUADRE DE PUERTA IZQUIERDA,2.0,8000.0,DOP,cuadre|puerta|izquierda,COTIZACIONES__REMPART_GROUP_2_3578.xlsx
AG-1991,CUADRE DE Estribo,consu,Ferretería,Units,,,,False,False,False,SHARED,,,,1,8500.0,8500.0,8500.0,NEW_PRODUCT,1,1,CREATE_SHARED_PRODUCT,,SINGLE,COTIZACIONES__REMPART_GROUP_2_3578.xlsx,COT CHOCHE CRV,16,QUOTATION,CUADRE DE ESTRIBO,1.0,8500.0,DOP,cuadre|estribo,COTIZACIONES__REMPART_GROUP_2_3578.xlsx
AG-1992,PINTAR PUERTA Izquierda,consu,Ferretería,Units,,,,False,False,False,SHARED,,,,1,6500.0,6500.0,6500.0,NEW_PRODUCT,1,1,CREATE_SHARED_PRODUCT,,SINGLE,COTIZACIONES__REMPART_GROUP_2_3578.xlsx,COT CHOCHE CRV,17,QUOTATION,PINTAR PUERTA IZQUIERDA,2.0,6500.0,DOP,pintar|puerta|izquierda,COTIZACIONES__REMPART_GROUP_2_3578.xlsx
AG-1993,PINTAR Entrada,consu,Ferretería,Units,,,,False,False,False,SHARED,,,,1,6500.0,6500.0,6500.0,NEW_PRODUCT,1,1,CREATE_SHARED_PRODUCT,,SINGLE,COTIZACIONES__REMPART_GROUP_2_3578.xlsx,COT CHOCHE CRV,18,QUOTATION,PINTAR ENTRADA,2.0,6500.0,DOP,pintar|entrada,COTIZACIONES__REMPART_GROUP_2_3578.xlsx
AG-1994,PINTAR Estribo,consu,Ferretería,Units,,,,False,False,False,SHARED,,,,1,6500.0,6500.0,6500.0,NEW_PRODUCT,1,1,CREATE_SHARED_PRODUCT,,SINGLE,COTIZACIONES__REMPART_GROUP_2_3578.xlsx,COT CHOCHE CRV,19,QUOTATION,PINTAR ESTRIBO,1.0,6500.0,DOP,pintar|estribo,COTIZACIONES__REMPART_GROUP_2_3578.xlsx
AG-1995,Bloque De 15 Cm,consu,Ferretería,Units,,,,False,False,False,SHARED,,,,1,76.0,76.0,76.0,NEW_PRODUCT,1,1,CREATE_SHARED_PRODUCT,,SINGLE,COTIZACIONES__REMPART_GROUP_2_3578.xlsx,COT1 DIGECOG,16,QUOTATION,Bloque de 15 cm,16.0,76.0,DOP,bloque|15|cm,COTIZACIONES__REMPART_GROUP_2_3578.xlsx
AG-1996,Funda De ARENA,consu,Construcción,Units,,,,False,False,False,SHARED,,,,1,1050.0,1050.0,1050.0,NEW_PRODUCT,1,1,CREATE_SHARED_PRODUCT,,SINGLE,COTIZACIONES__REMPART_GROUP_2_3578.xlsx,COT1 DIGECOG,17,QUOTATION,funda de ARENA,1.0,1050.0,DOP,funda|arena,COTIZACIONES__REMPART_GROUP_2_3578.xlsx
AG-1997,DISCO DE CORTE DE METAL,consu,Ferretería,Units,,,,False,False,False,SHARED,,,,1,450.0,450.0,450.0,NEW_PRODUCT,1,1,CREATE_SHARED_PRODUCT,,SINGLE,COTIZACIONES__REMPART_GROUP_2_3578.xlsx,COT1 DIGECOG,19,QUOTATION,DISCO DE CORTE DE METAL,1.0,450.0,DOP,disco|corte|metal,COTIZACIONES__REMPART_GROUP_2_3578.xlsx
AG-1998,Funda De Cemento TITAN,consu,Construcción,Units,,,,False,False,False,SHARED,,,,1,850.0,850.0,850.0,NEW_PRODUCT,1,1,CREATE_SHARED_PRODUCT,,SINGLE,COTIZACIONES__REMPART_GROUP_2_3578.xlsx,COT1 DIGECOG,20,QUOTATION,funda de cemento TITAN,1.0,850.0,DOP,funda|cemento|titan,COTIZACIONES__REMPART_GROUP_2_3578.xlsx
AG-1999,ACEITE 3 EN 1 1.05ONZ,consu,Ferretería,Units,,,,False,False,False,SHARED,,,,1,165.0,165.0,165.0,NEW_PRODUCT,1,1,CREATE_SHARED_PRODUCT,,SINGLE,COTIZACIONES__REMPART_GROUP_2_3578.xlsx,COT DIGECOG 2,16,QUOTATION,ACEITE 3 EN 1 1.05ONZ,2.0,165.0,DOP,aceite|3|1|1.05onz,COTIZACIONES__REMPART_GROUP_2_3578.xlsx
AG-2000,Barrena 1/4X4 Concreto IRWIN,consu,Ferretería,Units,,,,False,False,False,SHARED,,,,1,170.0,170.0,170.0,NEW_PRODUCT,1,1,CREATE_SHARED_PRODUCT,,SINGLE,COTIZACIONES__REMPART_GROUP_2_3578.xlsx,COT DIGECOG 2,18,QUOTATION,BARRENA 1/4X4 CONCRETO IRWIN,1.0,170.0,DOP,barrena|1/4x4|concreto|irwin,COTIZACIONES__REMPART_GROUP_2_3578.xlsx
AG-2001,BROCA Concreto 5/16 IRWIN,consu,Ferretería,Units,,,caliber=5/16,False,False,False,SHARED,,,,1,195.0,195.0,195.0,NEW_PRODUCT,1,1,CREATE_SHARED_PRODUCT,,SINGLE,COTIZACIONES__REMPART_GROUP_2_3578.xlsx,COT DIGECOG 2,19,QUOTATION,BROCA CONCRETO 5/16 IRWIN,1.0,195.0,DOP,broca|concreto|5/16|irwin|5/16,COTIZACIONES__REMPART_GROUP_2_3578.xlsx
AG-2002,Barrera 1/2X6 Concreto IRWIN 14169,consu,Ferretería,Units,,,,False,False,False,SHARED,,,,1,283.0,283.0,283.0,NEW_PRODUCT,1,1,CREATE_SHARED_PRODUCT,,SINGLE,COTIZACIONES__REMPART_GROUP_2_3578.xlsx,COT DIGECOG 2,20,QUOTATION,BARRERA 1/2X6 CONCRETO IRWIN 14169,1.0,283.0,DOP,barrera|1/2x6|concreto|irwin|14169,COTIZACIONES__REMPART_GROUP_2_3578.xlsx
AG-2003,Barrena 1/4 METAL IRWIN 1461,consu,Ferretería,Units,,,caliber=1/4,False,False,False,SHARED,,,,1,310.0,310.0,310.0,NEW_PRODUCT,1,1,CREATE_SHARED_PRODUCT,,SINGLE,COTIZACIONES__REMPART_GROUP_2_3578.xlsx,COT DIGECOG 2,21,QUOTATION,BARRENA 1/4 METAL IRWIN 1461,1.0,310.0,DOP,barrena|1/4|metal|irwin|1461|1/4,COTIZACIONES__REMPART_GROUP_2_3578.xlsx
AG-2004,Barrena 13/64 METAL IRWIN 1458,consu,Ferretería,Units,,,caliber=13/64,False,False,False,SHARED,,,,1,185.0,185.0,185.0,NEW_PRODUCT,1,1,CREATE_SHARED_PRODUCT,,SINGLE,COTIZACIONES__REMPART_GROUP_2_3578.xlsx,COT DIGECOG 2,22,QUOTATION,BARRENA 13/64 METAL IRWIN 1458,1.0,185.0,DOP,barrena|13/64|metal|irwin|1458|13/64,COTIZACIONES__REMPART_GROUP_2_3578.xlsx
AG-2005,Barrena 3/16 IRWIN 1457,consu,Ferretería,Units,,,caliber=3/16,False,False,False,SHARED,,,,1,168.0,168.0,168.0,NEW_PRODUCT,1,1,CREATE_SHARED_PRODUCT,,SINGLE,COTIZACIONES__REMPART_GROUP_2_3578.xlsx,COT DIGECOG 2,23,QUOTATION,BARRENA 3/16 IRWIN 1457,1.0,168.0,DOP,barrena|3/16|irwin|1457|3/16,COTIZACIONES__REMPART_GROUP_2_3578.xlsx
AG-2006,Barrera 3/8 Metal Irwin 1468,consu,Ferretería,Units,,,caliber=3/8,False,False,False,SHARED,,,,1,700.0,700.0,700.0,NEW_PRODUCT,1,1,CREATE_SHARED_PRODUCT,,SINGLE,COTIZACIONES__REMPART_GROUP_2_3578.xlsx,COT DIGECOG 2,24,QUOTATION,barrera 3/8 metal irwin 1468,1.0,700.0,DOP,barrera|3/8|metal|irwin|1468|3/8,COTIZACIONES__REMPART_GROUP_2_3578.xlsx
AG-2007,Mecha Irwin 1/2x6 Metal,consu,Ferretería,Units,,,,False,False,False,SHARED,,,,1,1150.0,1150.0,1150.0,NEW_PRODUCT,1,1,CREATE_SHARED_PRODUCT,,SINGLE,COTIZACIONES__REMPART_GROUP_2_3578.xlsx,COT DIGECOG 2,25,QUOTATION,mecha irwin 1/2x6 metal,1.0,1150.0,DOP,mecha|irwin|1/2x6|metal,COTIZACIONES__REMPART_GROUP_2_3578.xlsx
AG-2008,Cemento Pvc Azul 1/4 Lanco//,consu,Plomería,Units,,,caliber=1/4,False,False,False,SHARED,,,,1,1825.0,1825.0,1825.0,NEW_PRODUCT,1,1,CREATE_SHARED_PRODUCT,,SINGLE,COTIZACIONES__REMPART_GROUP_2_3578.xlsx,COT DIGECOG 2,26,QUOTATION,cemento pvc azul 1/4 lanco//,2.0,1825.0,DOP,cemento|pvc|azul|1/4|lanco//|1/4,COTIZACIONES__REMPART_GROUP_2_3578.xlsx
AG-2009,Union Universal 3/4 Pvc,consu,Plomería,Units,,,caliber=3/4,False,False,False,SHARED,,,,1,85.0,85.0,85.0,NEW_PRODUCT,1,1,CREATE_SHARED_PRODUCT,,SINGLE,COTIZACIONES__REMPART_GROUP_2_3578.xlsx,COT DIGECOG 2,27,QUOTATION,union universal 3/4 pvc,10.0,85.0,DOP,union|universal|3/4|pvc|3/4,COTIZACIONES__REMPART_GROUP_2_3578.xlsx
AG-2010,"Pinza De Extencion 13""truper",consu,Herramientas,Units,Truper,,"size=13""",False,False,False,SHARED,,,,1,775.0,775.0,775.0,NEW_PRODUCT,1,1,CREATE_SHARED_PRODUCT,,SINGLE,COTIZACIONES__REMPART_GROUP_2_3578.xlsx,COT DIGECOG 2,28,QUOTATION,"pinza de extencion 13""truper",1.0,775.0,DOP,"pinza|extencion|13""truper|13""",COTIZACIONES__REMPART_GROUP_2_3578.xlsx
AG-2011,"Punta Para Des #2 2""truper 5/1 Cod.12147",consu,Herramientas,Units,Truper,,"size=2"" caliber=5/1",False,False,False,SHARED,,,,1,275.0,275.0,275.0,NEW_PRODUCT,1,1,CREATE_SHARED_PRODUCT,,SINGLE,COTIZACIONES__REMPART_GROUP_2_3578.xlsx,COT DIGECOG 2,29,QUOTATION,"punta para des #2 2""truper 5/1 cod.12147",6.0,275.0,DOP,"punta|para|des|2|2""truper|5/1|cod.12147|5/1|2""",COTIZACIONES__REMPART_GROUP_2_3578.xlsx
AG-2012,Llave Ajustable 12' 'truper,consu,Herramientas,Units,Truper,,,False,False,False,SHARED,,,,1,1125.0,1125.0,1125.0,NEW_PRODUCT,1,1,CREATE_SHARED_PRODUCT,,SINGLE,COTIZACIONES__REMPART_GROUP_2_3578.xlsx,COT DIGECOG 2,30,QUOTATION,llave ajustable 12' 'truper,1.0,1125.0,DOP,llave|ajustable|12|truper,COTIZACIONES__REMPART_GROUP_2_3578.xlsx
AG-2013,Cemento De Contacto 1gl Universal,consu,Construcción,Units,,,presentation=1 gl,False,False,False,SHARED,,,,1,2650.0,2650.0,2650.0,NEW_PRODUCT,1,1,CREATE_SHARED_PRODUCT,,SINGLE,COTIZACIONES__REMPART_GROUP_2_3578.xlsx,COT DIGECOG 2,31,QUOTATION,cemento de contacto 1gl universal,1.0,2650.0,DOP,cemento|contacto|1|gal|universal|1 gal,COTIZACIONES__REMPART_GROUP_2_3578.xlsx
AG-2014,Navaja Plastica Pretul 22405,consu,Ferretería,Units,,,,False,False,False,SHARED,,,,1,150.0,150.0,150.0,NEW_PRODUCT,1,1,CREATE_SHARED_PRODUCT,,SINGLE,COTIZACIONES__REMPART_GROUP_2_3578.xlsx,COT DIGECOG 2,32,QUOTATION,navaja plastica pretul 22405,2.0,150.0,DOP,navaja|plastica|pretul|22405,COTIZACIONES__REMPART_GROUP_2_3578.xlsx
AG-2015,Caja De Herramientas 66pcs Wurth,consu,Ferretería,Units,,,,False,False,False,SHARED,,,,1,23340.0,23340.0,23340.0,NEW_PRODUCT,1,1,CREATE_SHARED_PRODUCT,,SINGLE,COTIZACIONES__REMPART_GROUP_2_3578.xlsx,COT DIGECOG 2,33,QUOTATION,caja de herramientas 66pcs wurth,1.0,23340.0,DOP,caja|herramientas|66pcs|wurth,COTIZACIONES__REMPART_GROUP_2_3578.xlsx
AG-2016,Gato Hidraulico 3tone Truper Cod.14806,consu,Herramientas,Units,Truper,,,False,False,False,SHARED,,,,1,22900.0,22900.0,22900.0,NEW_PRODUCT,1,1,CREATE_SHARED_PRODUCT,,SINGLE,COTIZACIONES__REMPART_GROUP_2_3578.xlsx,COT DIGECOG 2,34,QUOTATION,gato hidraulico 3tone truper cod.14806,1.0,22900.0,DOP,gato|hidraulico|3tone|truper|cod.14806,COTIZACIONES__REMPART_GROUP_2_3578.xlsx
AG-2017,"Linterna Led Recargable Para Cabeza Truper, Distancia De Luz 165m",consu,Material eléctrico,Units,Truper,,,False,False,False,SHARED,,,,1,1995.9,1995.9,1995.9,NEW_PRODUCT,1,1,CREATE_SHARED_PRODUCT,,SINGLE,COTIZACIONES__REMPART_GROUP_2_3578.xlsx,COT DIGECOG 2,35,QUOTATION,"linterna led recargable para cabeza truper, distancia de luz 165m",3.0,1995.9,DOP,linterna|led|recargable|para|cabeza|truper|distancia|luz,COTIZACIONES__REMPART_GROUP_2_3578.xlsx
AG-2018,Pares De Guantes Mediano Dielectricos Para 30kv,consu,Ferretería,Units,,,,False,False,False,SHARED,,,,1,7500.0,7500.0,7500.0,NEW_PRODUCT,1,1,CREATE_SHARED_PRODUCT,,SINGLE,COTIZACIONES__REMPART_GROUP_2_3578.xlsx,COT DIGECOG 2,36,QUOTATION,pares de guantes mediano  dielectricos para 30kv,4.0,7500.0,DOP,pares|guantes|mediano|dielectricos|para|30kv,COTIZACIONES__REMPART_GROUP_2_3578.xlsx
AG-2019,Plato Foami Con Division 200/1,consu,Ferretería,Units,,,caliber=200/1,False,False,False,SHARED,,,,1,14.0,14.0,14.0,NEW_PRODUCT,1,1,CREATE_SHARED_PRODUCT,,SINGLE,COTIZACIONES__REMPART_GROUP_2_3578.xlsx,COT DIGECOG 2 (2),16,QUOTATION,plato foami con division 200/1,5000.0,14.0,DOP,plato|foami|division|200/1|200/1,COTIZACIONES__REMPART_GROUP_2_3578.xlsx
AG-2020,Cuchara Bambino 40/1,consu,Ferretería,Units,,,caliber=40/1,False,False,False,SHARED,,,,1,9.0,9.0,9.0,NEW_PRODUCT,1,1,CREATE_SHARED_PRODUCT,,SINGLE,COTIZACIONES__REMPART_GROUP_2_3578.xlsx,COT DIGECOG 2 (2),17,QUOTATION,CUCHARA BAMBINO 40/1,4000.0,9.0,DOP,cuchara|bambino|40/1|40/1,COTIZACIONES__REMPART_GROUP_2_3578.xlsx
AG-2021,Tenedores Bambino 40/1,consu,Ferretería,Units,,,caliber=40/1,False,False,False,SHARED,,,,1,9.0,9.0,9.0,NEW_PRODUCT,1,1,CREATE_SHARED_PRODUCT,,SINGLE,COTIZACIONES__REMPART_GROUP_2_3578.xlsx,COT DIGECOG 2 (2),18,QUOTATION,TENEDORES BAMBINO 40/1,3000.0,9.0,DOP,tenedores|bambino|40/1|40/1,COTIZACIONES__REMPART_GROUP_2_3578.xlsx
AG-2022,"PAPEL FILM 18""",consu,Oficina,Units,,,"size=18""",False,False,False,SHARED,,,,1,4235.0,4235.0,4235.0,NEW_PRODUCT,1,1,CREATE_SHARED_PRODUCT,,SINGLE,COTIZACIONES__REMPART_GROUP_2_3578.xlsx,COT DIGECOG 2 (2),19,QUOTATION,"PAPEL FILM 18""",2.0,4235.0,DOP,"papel|film|18""|18""",COTIZACIONES__REMPART_GROUP_2_3578.xlsx
AG-2023,(agregado Fino) ARENA LAVADA Azul,consu,Construcción,m³,,,,False,False,False,SHARED,139,(AGREGADO FINO) ARENA LAVADA AZUL,1990.51,5,1990.51,1990.51,1990.51,EXACT_MATCH,1,5,REUSE_NO_CHANGE,,MAX,COTIZACIONES__REMPART_GROUP_2_3578.xlsx,COT ASDE (56),17,QUOTATION,(agregado fino) ARENA LAVADA azul,310.0,1990.51,DOP,agregado|fino|arena|lavada|azul,COTIZACIONES__REMPART_GROUP_2_3578.xlsx
AG-2024,SW 6767 BASE Excello Premiun DEEP FLAT 1/4,consu,Ferretería,Units,,,caliber=1/4,False,False,False,SHARED,,,,1,,,,NEW_PRODUCT,1,1,MANUAL_REVIEW,MISSING_VALID_PRICE,NO_PRICE,,,,,,,,,sw|6767|base|excello|premiun|deep|flat|1/4|1/4,COTIZACIONES__REMPART_GROUP_2_3578.xlsx
AG-2025,SW 6790 BASE Excello Premiun Ultradeep 1/4,consu,Ferretería,Units,,,caliber=1/4,False,False,False,SHARED,,,,1,,,,NEW_PRODUCT,1,1,MANUAL_REVIEW,MISSING_VALID_PRICE,NO_PRICE,,,,,,,,,sw|6790|base|excello|premiun|ultradeep|1/4|1/4,COTIZACIONES__REMPART_GROUP_2_3578.xlsx
AG-2026,SW 6911 BASE Excello Premiun VIVID YELLOW 1/4,consu,Ferretería,Units,,,caliber=1/4,False,False,False,SHARED,,,,1,,,,NEW_PRODUCT,1,1,MANUAL_REVIEW,MISSING_VALID_PRICE,NO_PRICE,,,,,,,,,sw|6911|base|excello|premiun|vivid|yellow|1/4|1/4,COTIZACIONES__REMPART_GROUP_2_3578.xlsx
AG-2027,SW 6909 BASE Excello Premiun DEEP FLAT 1/4,consu,Ferretería,Units,,,caliber=1/4,False,False,False,SHARED,,,,1,,,,NEW_PRODUCT,1,1,MANUAL_REVIEW,MISSING_VALID_PRICE,NO_PRICE,,,,,,,,,sw|6909|base|excello|premiun|deep|flat|1/4|1/4,COTIZACIONES__REMPART_GROUP_2_3578.xlsx
AG-2028,SW 6685 BASE Excello Premiun VIVID YELLOW 1/4,consu,Ferretería,Units,,,caliber=1/4,False,False,False,SHARED,,,,1,,,,NEW_PRODUCT,1,1,MANUAL_REVIEW,MISSING_VALID_PRICE,NO_PRICE,,,,,,,,,sw|6685|base|excello|premiun|vivid|yellow|1/4|1/4,COTIZACIONES__REMPART_GROUP_2_3578.xlsx
AG-2029,SW 6841 PINT PREP Excello Premium Ultradeep Ll 1/4,consu,Ferretería,Units,,,caliber=1/4,False,False,False,SHARED,,,,1,,,,NEW_PRODUCT,1,1,MANUAL_REVIEW,MISSING_VALID_PRICE,NO_PRICE,,,,,,,,,sw|6841|pint|prep|excello|premium|ultradeep|ll|1/4,COTIZACIONES__REMPART_GROUP_2_3578.xlsx
AG-2030,SW 6868 PINT PREP Excello Premium Ultradeep Ll 1/4,consu,Ferretería,Units,,,caliber=1/4,False,False,False,SHARED,,,,1,,,,NEW_PRODUCT,1,1,MANUAL_REVIEW,MISSING_VALID_PRICE,NO_PRICE,,,,,,,,,sw|6868|pint|prep|excello|premium|ultradeep|ll|1/4,COTIZACIONES__REMPART_GROUP_2_3578.xlsx
AG-2031,SW 6734 BASE Excello Premiun VIVID YELLOW 1/4,consu,Ferretería,Units,,,caliber=1/4,False,False,False,SHARED,,,,1,,,,NEW_PRODUCT,1,1,MANUAL_REVIEW,MISSING_VALID_PRICE,NO_PRICE,,,,,,,,,sw|6734|base|excello|premiun|vivid|yellow|1/4|1/4,COTIZACIONES__REMPART_GROUP_2_3578.xlsx
AG-2032,SW 6921 BASE Excello Premiun VIVID YELLOW 1/4,consu,Ferretería,Units,,,caliber=1/4,False,False,False,SHARED,,,,1,,,,NEW_PRODUCT,1,1,MANUAL_REVIEW,MISSING_VALID_PRICE,NO_PRICE,,,,,,,,,sw|6921|base|excello|premiun|vivid|yellow|1/4|1/4,COTIZACIONES__REMPART_GROUP_2_3578.xlsx
AG-2033,SW 9099 BASE Excello Premiun Ultradeep 1,consu,Ferretería,Units,,,,False,False,False,SHARED,,,,1,,,,NEW_PRODUCT,1,1,MANUAL_REVIEW,MISSING_VALID_PRICE,NO_PRICE,,,,,,,,,sw|9099|base|excello|premiun|ultradeep|1,COTIZACIONES__REMPART_GROUP_2_3578.xlsx
AG-2034,SW 6197 BASE Excello Premiun EX WHITE FL 1/4,consu,Ferretería,Units,,,caliber=1/4,False,False,False,SHARED,,,,1,,,,NEW_PRODUCT,1,1,MANUAL_REVIEW,MISSING_VALID_PRICE,NO_PRICE,,,,,,,,,sw|6197|base|excello|premiun|ex|white|fl|1/4,COTIZACIONES__REMPART_GROUP_2_3578.xlsx
AG-2035,Zafacon DE 2 RUEDA 200 LT,consu,Ferretería,Units,,,,False,False,False,SHARED,,,,1,8500.0,8500.0,8500.0,NEW_PRODUCT,1,1,CREATE_SHARED_PRODUCT,,SINGLE,COTIZACIONES__REMPART_GROUP_2_3578.xlsx,COT DIGECOG 2 (7),16,QUOTATION,ZAFACON DE 2 RUEDA 200 LT,3.0,8500.0,DOP,zafacon|2|rueda|200|lt,COTIZACIONES__REMPART_GROUP_2_3578.xlsx
AG-2036,Archivo TIPO Arcordeon Plastico,consu,Ferretería,Units,,,,False,False,False,SHARED,,,,1,1450.0,1450.0,1450.0,NEW_PRODUCT,1,1,CREATE_SHARED_PRODUCT,,SINGLE,COTIZACIONES__REMPART_GROUP_2_3578.xlsx,COT DIGECOG 2 (8),17,QUOTATION,ARCHIVO TIPO ARCORDEON PLASTICO,2.0,1450.0,DOP,archivo|tipo|arcordeon|plastico,COTIZACIONES__REMPART_GROUP_2_3578.xlsx
AG-2037,CINTA EPSON FX- 890 /S015329,consu,Ferretería,Units,Epson,S015329,model=S015329,False,False,False,SHARED,,,,1,1375.0,1375.0,1375.0,NEW_PRODUCT,1,1,CREATE_SHARED_PRODUCT,,SINGLE,COTIZACIONES__REMPART_GROUP_2_3578.xlsx,COT DIGECOG 2 (8),18,QUOTATION,CINTA EPSON FX- 890 /S015329,1.0,1375.0,DOP,cinta|epson|fx-|890|/s015329|S015329,COTIZACIONES__REMPART_GROUP_2_3578.xlsx
AG-2038,BANDAS DE GOMA ORBIT,consu,Neumáticos,Units,,,,False,False,False,SHARED,,,,1,130.0,130.0,130.0,NEW_PRODUCT,1,1,CREATE_SHARED_PRODUCT,,SINGLE,COTIZACIONES__REMPART_GROUP_2_3578.xlsx,COT DIGECOG 2 (8),19,QUOTATION,BANDAS DE GOMA ORBIT,10.0,130.0,DOP,bandas|goma|orbit,COTIZACIONES__REMPART_GROUP_2_3578.xlsx
AG-2039,CAJA DE GRAPA Estandar Artesco,consu,Ferretería,Units,,,,False,False,False,SHARED,,,,1,148.0,148.0,148.0,NEW_PRODUCT,1,1,CREATE_SHARED_PRODUCT,,SINGLE,COTIZACIONES__REMPART_GROUP_2_3578.xlsx,COT DIGECOG 2 (8),20,QUOTATION,CAJA DE GRAPA ESTANDAR ARTESCO,10.0,148.0,DOP,caja|grapa|estandar|artesco,COTIZACIONES__REMPART_GROUP_2_3578.xlsx
AG-2040,Post-it Amarillos,consu,Ferretería,Units,,,,False,False,False,SHARED,,,,1,530.0,530.0,530.0,NEW_PRODUCT,1,1,CREATE_SHARED_PRODUCT,,SINGLE,COTIZACIONES__REMPART_GROUP_2_3578.xlsx,COT DIGECOG 2 (8),21,QUOTATION,POST-IT AMARILLOS,1.0,530.0,DOP,post-it|amarillos,COTIZACIONES__REMPART_GROUP_2_3578.xlsx
AG-2041,Post-it DE Colores,consu,Ferretería,Units,,,,False,False,False,SHARED,,,,1,530.0,530.0,530.0,NEW_PRODUCT,1,1,CREATE_SHARED_PRODUCT,,SINGLE,COTIZACIONES__REMPART_GROUP_2_3578.xlsx,COT DIGECOG 2 (8),22,QUOTATION,POST-IT DE COLORES,1.0,530.0,DOP,post-it|colores,COTIZACIONES__REMPART_GROUP_2_3578.xlsx
AG-2042,SPRAY Ambientador GLADE CLEAN LINEN,consu,Ferretería,Units,,,,False,False,False,SHARED,,,,1,525.0,525.0,525.0,NEW_PRODUCT,1,1,CREATE_SHARED_PRODUCT,,SINGLE,COTIZACIONES__REMPART_GROUP_2_3578.xlsx,COT DIGECOG 2 (8),23,QUOTATION,SPRAY AMBIENTADOR  GLADE CLEAN LINEN,5.0,525.0,DOP,spray|ambientador|glade|clean|linen,COTIZACIONES__REMPART_GROUP_2_3578.xlsx
AG-2043,SPRAY Ambientador GLADE Lavanda,consu,Ferretería,Units,,,,False,False,False,SHARED,,,,1,560.0,560.0,560.0,NEW_PRODUCT,1,1,CREATE_SHARED_PRODUCT,,SINGLE,COTIZACIONES__REMPART_GROUP_2_3578.xlsx,COT DIGECOG 2 (8),24,QUOTATION,SPRAY AMBIENTADOR  GLADE LAVANDA,5.0,560.0,DOP,spray|ambientador|glade|lavanda,COTIZACIONES__REMPART_GROUP_2_3578.xlsx
AG-2044,SPRAY Ambientador GLADE APPLE Cinamon,consu,Ferretería,Units,,,,False,False,False,SHARED,,,,1,564.0,564.0,564.0,NEW_PRODUCT,1,1,CREATE_SHARED_PRODUCT,,SINGLE,COTIZACIONES__REMPART_GROUP_2_3578.xlsx,COT DIGECOG 2 (8),25,QUOTATION,SPRAY AMBIENTADOR  GLADE APPLE CINAMON,5.0,564.0,DOP,spray|ambientador|glade|apple|cinamon,COTIZACIONES__REMPART_GROUP_2_3578.xlsx
AG-2045,Libreta Marilla 8½x 11 Plg,consu,Ferretería,Units,LG,,,False,False,False,SHARED,,,,1,245.0,245.0,245.0,NEW_PRODUCT,1,1,CREATE_SHARED_PRODUCT,,SINGLE,COTIZACIONES__REMPART_GROUP_2_3578.xlsx,COT DIGECOG 2 (8),26,QUOTATION,LIBRETA MARILLA  8½x 11 plg,6.0,245.0,DOP,libreta|marilla|81|2x|11|plg,COTIZACIONES__REMPART_GROUP_2_3578.xlsx
AG-2046,Libreta RAYADA Amarilla 5x8 Plg,consu,Ferretería,Units,LG,,,False,False,False,SHARED,,,,1,115.0,115.0,115.0,NEW_PRODUCT,1,1,CREATE_SHARED_PRODUCT,,SINGLE,COTIZACIONES__REMPART_GROUP_2_3578.xlsx,COT DIGECOG 2 (8),27,QUOTATION,LIBRETA RAYADA AMARILLA 5x8 plg,6.0,115.0,DOP,libreta|rayada|amarilla|5x8|plg,COTIZACIONES__REMPART_GROUP_2_3578.xlsx
AG-2047,RESMA DE PAPEL BOND ABBY 8 1/2 X 11*,consu,Oficina,Units,,,caliber=1/2,False,False,False,SHARED,,,,1,30.0,30.0,30.0,NEW_PRODUCT,1,1,CREATE_SHARED_PRODUCT,,SINGLE,COTIZACIONES__REMPART_GROUP_2_3578.xlsx,COT DIGECOG 2 (8),28,QUOTATION,RESMA DE PAPEL BOND ABBY 8 1/2 X 11*,585.0,30.0,DOP,resma|papel|bond|abby|8|1/2|x|11|1/2,COTIZACIONES__REMPART_GROUP_2_3578.xlsx
AG-2048,Pintura Acrilica BLANCA,consu,Pinturas,Units,,,,False,False,False,SHARED,,,,1,6960.0,6960.0,6960.0,NEW_PRODUCT,1,1,CREATE_SHARED_PRODUCT,,SINGLE,COTIZACIONES__REMPART_GROUP_2_3578.xlsx,COT ASDE (2),16,QUOTATION,PINTURA ACRILICA  BLANCA,40.0,6960.0,DOP,pintura|acrilica|blanca,COTIZACIONES__REMPART_GROUP_2_3578.xlsx
AG-2049,Pintura Acrilica AZUL Positvo,consu,Pinturas,Units,,,,False,False,False,SHARED,,,,2,2744.48,13722.37,13722.37,NEW_PRODUCT,1,2,CREATE_SHARED_PRODUCT,,MAX,COTIZACIONES__REMPART_GROUP_2_3578.xlsx,COT ASDE (2),17,QUOTATION,PINTURA ACRILICA AZUL POSITVO,41.0,13722.37,DOP,pintura|acrilica|azul|positvo,COTIZACIONES__REMPART_GROUP_2_3578.xlsx
AG-2050,Pintura Acrilica ROJO Positvo,consu,Pinturas,Units,,,,False,False,False,SHARED,,,,1,13722.37,13722.37,13722.37,NEW_PRODUCT,1,1,CREATE_SHARED_PRODUCT,,SINGLE,COTIZACIONES__REMPART_GROUP_2_3578.xlsx,COT ASDE (2),18,QUOTATION,PINTURA ACRILICA ROJO POSITVO,41.0,13722.37,DOP,pintura|acrilica|rojo|positvo,COTIZACIONES__REMPART_GROUP_2_3578.xlsx
AG-2051,Pintura Amarillo Trafico,consu,Pinturas,Units,,,,False,False,False,SHARED,,,,2,20211.25,20211.25,20211.25,NEW_PRODUCT,1,2,CREATE_SHARED_PRODUCT,,MAX,COTIZACIONES__REMPART_GROUP_2_3578.xlsx,COT ASDE (2),19,QUOTATION,PINTURA  (AMARILLO TRAFICO),20.0,20211.25,DOP,pintura|amarillo|trafico,COTIZACIONES__REMPART_GROUP_2_3578.xlsx
AG-2052,Pintura BLANCO Trafico,consu,Pinturas,Units,,,,False,False,False,SHARED,,,,1,21907.5,21907.5,21907.5,NEW_PRODUCT,1,1,CREATE_SHARED_PRODUCT,,SINGLE,COTIZACIONES__REMPART_GROUP_2_3578.xlsx,COT ASDE (3),17,QUOTATION,PINTURA BLANCO TRAFICO,10.0,21907.5,DOP,pintura|blanco|trafico,COTIZACIONES__REMPART_GROUP_2_3578.xlsx
AG-2053,GL DE Thinner,consu,Pinturas,Gal,,,,False,False,False,SHARED,,,,1,690.0,690.0,690.0,NEW_PRODUCT,1,1,CREATE_SHARED_PRODUCT,,SINGLE,COTIZACIONES__REMPART_GROUP_2_3578.xlsx,COT ASDE (3),20,QUOTATION,GL DE THINNER,36.0,690.0,DOP,gal|thinner,COTIZACIONES__REMPART_GROUP_2_3578.xlsx
AG-2054,Minirolo DE 2'',consu,Ferretería,Units,,,,False,False,False,SHARED,,,,1,370.0,370.0,370.0,NEW_PRODUCT,1,1,CREATE_SHARED_PRODUCT,,SINGLE,COTIZACIONES__REMPART_GROUP_2_3578.xlsx,COT ASDE (3),24,QUOTATION,MINIROLO DE 2'',12.0,370.0,DOP,minirolo|2,COTIZACIONES__REMPART_GROUP_2_3578.xlsx
AG-2055,ROLO Antigota 4'',consu,Ferretería,Units,,,,False,False,False,SHARED,,,,1,245.0,245.0,245.0,NEW_PRODUCT,1,1,CREATE_SHARED_PRODUCT,,SINGLE,COTIZACIONES__REMPART_GROUP_2_3578.xlsx,COT ASDE (3),25,QUOTATION,ROLO ANTIGOTA 4'',12.0,245.0,DOP,rolo|antigota|4,COTIZACIONES__REMPART_GROUP_2_3578.xlsx
AG-2056,Sustache CREMA 54 Y/D,consu,Ferretería,Units,,,,False,False,False,SHARED,,,,1,175.0,175.0,175.0,NEW_PRODUCT,1,1,CREATE_SHARED_PRODUCT,,SINGLE,COTIZACIONES__REMPART_GROUP_2_3578.xlsx,COT ASDE (4),42,QUOTATION,SUSTACHE CREMA 54 Y/D,12.0,175.0,DOP,sustache|crema|54|y/d,COTIZACIONES__REMPART_GROUP_2_3578.xlsx
AG-2057,GOMA DE 1/2 BLANCA 94X42,consu,Neumáticos,Units,,,caliber=1/2,False,False,False,SHARED,,,,1,550.0,550.0,550.0,NEW_PRODUCT,1,1,CREATE_SHARED_PRODUCT,,SINGLE,COTIZACIONES__REMPART_GROUP_2_3578.xlsx,COT ASDE (4),43,QUOTATION,GOMA DE 1/2 BLANCA 94X42,100.0,550.0,DOP,goma|1/2|blanca|94x42|1/2,COTIZACIONES__REMPART_GROUP_2_3578.xlsx
AG-2058,Tornillos 1 X 8 FMB P/diablito,consu,Ferretería,Units,,,,False,False,False,SHARED,,,,1,3800.0,3800.0,3800.0,NEW_PRODUCT,1,1,CREATE_SHARED_PRODUCT,,SINGLE,COTIZACIONES__REMPART_GROUP_2_3578.xlsx,COT ASDE (4),44,QUOTATION,TORNILLOS 1 X 8 FMB P/DIABLITO,5.0,3800.0,DOP,tornillos|1|x|8|fmb|p/diablito,COTIZACIONES__REMPART_GROUP_2_3578.xlsx
AG-2059,Tornillos 1-1/4 X 6 FMB P/diablito,consu,Ferretería,Units,,,caliber=1/4,False,False,False,SHARED,,,,1,5500.0,5500.0,5500.0,NEW_PRODUCT,1,1,CREATE_SHARED_PRODUCT,,SINGLE,COTIZACIONES__REMPART_GROUP_2_3578.xlsx,COT ASDE (4),45,QUOTATION,TORNILLOS 1-1/4 X 6 FMB P/DIABLITO,5.0,5500.0,DOP,tornillos|1-1/4|x|6|fmb|p/diablito|1/4,COTIZACIONES__REMPART_GROUP_2_3578.xlsx
AG-2060,Tornillos 2 X 6 FMB P/diablito,consu,Ferretería,Units,,,,False,False,False,SHARED,,,,1,2400.0,2400.0,2400.0,NEW_PRODUCT,1,1,CREATE_SHARED_PRODUCT,,SINGLE,COTIZACIONES__REMPART_GROUP_2_3578.xlsx,COT ASDE (4),46,QUOTATION,TORNILLOS 2 X 6 FMB P/DIABLITO,5.0,2400.0,DOP,tornillos|2|x|6|fmb|p/diablito,COTIZACIONES__REMPART_GROUP_2_3578.xlsx
AG-2061,ROLLOS Plastico P/paletizar 18,consu,Ferretería,Units,,,,False,False,False,SHARED,,,,1,800.0,800.0,800.0,NEW_PRODUCT,1,1,CREATE_SHARED_PRODUCT,,SINGLE,COTIZACIONES__REMPART_GROUP_2_3578.xlsx,COT ASDE (4),58,QUOTATION,ROLLOS PLASTICO P/PALETIZAR 18,5.0,800.0,DOP,rollos|plastico|p/paletizar|18,COTIZACIONES__REMPART_GROUP_2_3578.xlsx
AG-2062,Thinner,consu,Pinturas,Gal,,,,False,False,False,SHARED,,,,1,940.0,940.0,940.0,NEW_PRODUCT,1,1,CREATE_SHARED_PRODUCT,,SINGLE,COTIZACIONES__REMPART_GROUP_2_3578.xlsx,COT ASDE (6),31,QUOTATION,THINNER,2.0,940.0,DOP,thinner,COTIZACIONES__REMPART_GROUP_2_3578.xlsx
AG-2063,Tornillo Para Aluzinc 14X1 1000/1,consu,Ferretería,Units,,,caliber=1000/1,False,False,False,SHARED,,,,1,6940.0,6940.0,6940.0,NEW_PRODUCT,1,1,CREATE_SHARED_PRODUCT,,SINGLE,COTIZACIONES__REMPART_GROUP_2_3578.xlsx,COT ASDE (6),33,QUOTATION,TORNILLO Para ALUZINC 14X1 1000/1,1.0,6940.0,DOP,tornillo|para|aluzinc|14x1|1000/1|1000/1,COTIZACIONES__REMPART_GROUP_2_3578.xlsx
AG-2064,TUBO DE 1-1/2 *15 Para MALLA,consu,Plomería,Units,,,caliber=1/2,False,False,False,SHARED,,,,1,1356.0,1356.0,1356.0,NEW_PRODUCT,1,1,CREATE_SHARED_PRODUCT,,SINGLE,COTIZACIONES__REMPART_GROUP_2_3578.xlsx,COT ASDE (6),35,QUOTATION,TUBO DE 1-1/2 *15 Para MALLA,25.0,1356.0,DOP,tubo|1-1/2|15|para|malla|1/2,COTIZACIONES__REMPART_GROUP_2_3578.xlsx
AG-2065,TUBO DE 2 Para MALLA,consu,Plomería,Units,,,,False,False,False,SHARED,,,,1,2230.6,2230.6,2230.6,NEW_PRODUCT,1,1,CREATE_SHARED_PRODUCT,,SINGLE,COTIZACIONES__REMPART_GROUP_2_3578.xlsx,COT ASDE (6),36,QUOTATION,TUBO DE 2 Para MALLA,25.0,2230.6,DOP,tubo|2|para|malla,COTIZACIONES__REMPART_GROUP_2_3578.xlsx
AG-2066,Ventana Salomonica,consu,Ferretería,Units,,,,False,False,False,SHARED,,,,1,108500.0,108500.0,108500.0,NEW_PRODUCT,1,1,CREATE_SHARED_PRODUCT,,SINGLE,COTIZACIONES__REMPART_GROUP_2_3578.xlsx,PRESUPUESTO,24,QUOTATION,Ventana Salomonica,15500.0,108500.0,DOP,ventana|salomonica,COTIZACIONES__REMPART_GROUP_2_3578.xlsx
AG-2067,Muro En Sheetrock,consu,Ferretería,Units,,,,False,False,False,SHARED,,,,1,649750.0,649750.0,649750.0,NEW_PRODUCT,1,1,CREATE_SHARED_PRODUCT,,SINGLE,COTIZACIONES__REMPART_GROUP_2_3578.xlsx,PRESUPUESTO,28,QUOTATION,Muro  en Sheetrock,2875.0,649750.0,DOP,muro|sheetrock,COTIZACIONES__REMPART_GROUP_2_3578.xlsx
AG-2068,Mocheta Muro,consu,Ferretería,Units,,,,False,False,False,SHARED,,,,1,25935.0,25935.0,25935.0,NEW_PRODUCT,1,1,CREATE_SHARED_PRODUCT,,SINGLE,COTIZACIONES__REMPART_GROUP_2_3578.xlsx,PRESUPUESTO,29,QUOTATION,Mocheta Muro,1235.0,25935.0,DOP,mocheta|muro,COTIZACIONES__REMPART_GROUP_2_3578.xlsx
AG-2069,Pintura Semi-gloss,consu,Pinturas,Units,,,,False,False,False,SHARED,,,,1,98992.0,98992.0,98992.0,NEW_PRODUCT,1,1,CREATE_SHARED_PRODUCT,,SINGLE,COTIZACIONES__REMPART_GROUP_2_3578.xlsx,PRESUPUESTO,33,QUOTATION,Pintura semi-Gloss,460.0,98992.0,DOP,pintura|semi-gloss,COTIZACIONES__REMPART_GROUP_2_3578.xlsx
AG-2070,Imprevistos,consu,Ferretería,Units,,,,False,False,False,SHARED,,,,1,84066.35,84066.35,84066.35,NEW_PRODUCT,1,1,CREATE_SHARED_PRODUCT,,SINGLE,COTIZACIONES__REMPART_GROUP_2_3578.xlsx,PRESUPUESTO,41,QUOTATION,IMPREVISTOS,,84066.35,DOP,imprevistos,COTIZACIONES__REMPART_GROUP_2_3578.xlsx
AG-2071,TOTAL Indirectos,consu,Ferretería,Units,,,,False,False,False,SHARED,,,,1,517848.716,517848.716,517848.716,NEW_PRODUCT,1,1,CREATE_SHARED_PRODUCT,,SINGLE,COTIZACIONES__REMPART_GROUP_2_3578.xlsx,PRESUPUESTO,45,QUOTATION,TOTAL  INDIRECTOS,,517848.716,DOP,total|indirectos,COTIZACIONES__REMPART_GROUP_2_3578.xlsx
AG-2072,Cemento GRIS 94 LIBRA,consu,Construcción,Units,,,,False,False,False,SHARED,,,,1,535.5,535.5,535.5,NEW_PRODUCT,1,1,CREATE_SHARED_PRODUCT,,SINGLE,COTIZACIONES__REMPART_GROUP_2_3578.xlsx,COT ASDE (8),16,QUOTATION,CEMENTO GRIS 94 LIBRA,2880.0,535.5,DOP,cemento|gris|94|libra,COTIZACIONES__REMPART_GROUP_2_3578.xlsx
AG-2073,PALA TRUPER PALY-14 GRANOS Aluminio,consu,Herramientas,Units,Truper,,,False,False,False,SHARED,,,,1,2050.0,2050.0,2050.0,NEW_PRODUCT,1,1,CREATE_SHARED_PRODUCT,,SINGLE,COTIZACIONES__REMPART_GROUP_2_3578.xlsx,COT ASDE (9),18,QUOTATION,PALA TRUPER PALY-14 GRANOS ALUMINIO,20.0,2050.0,DOP,pala|truper|paly-14|granos|aluminio,COTIZACIONES__REMPART_GROUP_2_3578.xlsx
AG-2074,Pintura Acrilica PARA Exterior 00,consu,Pinturas,Units,,,,False,False,False,SHARED,,,,1,8250.0,8250.0,8250.0,NEW_PRODUCT,1,1,CREATE_SHARED_PRODUCT,,SINGLE,COTIZACIONES__REMPART_GROUP_2_3578.xlsx,COT ASDE (11),16,QUOTATION,PINTURA ACRILICA PARA EXTERIOR 00,15.0,8250.0,DOP,pintura|acrilica|para|exterior|00,COTIZACIONES__REMPART_GROUP_2_3578.xlsx
AG-2075,AZUL Positivo Pintura Acrilica,consu,Pinturas,Units,,,,False,False,False,SHARED,,,,1,11630.8,11630.8,11630.8,NEW_PRODUCT,1,1,CREATE_SHARED_PRODUCT,,SINGLE,COTIZACIONES__REMPART_GROUP_2_3578.xlsx,COT ASDE (11),17,QUOTATION,AZUL POSITIVO PINTURA ACRILICA,10.0,11630.8,DOP,azul|positivo|pintura|acrilica,COTIZACIONES__REMPART_GROUP_2_3578.xlsx
AG-2076,ROJO Positivo Pintura Acrilica,consu,Pinturas,Units,,,,False,False,False,SHARED,,,,1,11630.8,11630.8,11630.8,NEW_PRODUCT,1,1,CREATE_SHARED_PRODUCT,,SINGLE,COTIZACIONES__REMPART_GROUP_2_3578.xlsx,COT ASDE (11),18,QUOTATION,ROJO POSITIVO PINTURA ACRILICA,10.0,11630.8,DOP,rojo|positivo|pintura|acrilica,COTIZACIONES__REMPART_GROUP_2_3578.xlsx
AG-2077,VERDE Positivo Pintura Acrilica,consu,Pinturas,Units,,,,False,False,False,SHARED,,,,1,11630.8,11630.8,11630.8,NEW_PRODUCT,1,1,CREATE_SHARED_PRODUCT,,SINGLE,COTIZACIONES__REMPART_GROUP_2_3578.xlsx,COT ASDE (11),19,QUOTATION,VERDE POSITIVO PINTURA ACRILICA,10.0,11630.8,DOP,verde|positivo|pintura|acrilica,COTIZACIONES__REMPART_GROUP_2_3578.xlsx
AG-2078,Amarillo Positivo Pintura Acrilica,consu,Pinturas,Units,,,,False,False,False,SHARED,,,,1,11630.8,11630.8,11630.8,NEW_PRODUCT,1,1,CREATE_SHARED_PRODUCT,,SINGLE,COTIZACIONES__REMPART_GROUP_2_3578.xlsx,COT ASDE (11),20,QUOTATION,AMARILLO POSITIVO PINTURA ACRILICA,10.0,11630.8,DOP,amarillo|positivo|pintura|acrilica,COTIZACIONES__REMPART_GROUP_2_3578.xlsx
AG-2079,Pintura 'NEGRO Contractor Positivo,consu,Pinturas,Units,,,,False,False,False,SHARED,,,,1,11630.8,11630.8,11630.8,NEW_PRODUCT,1,1,CREATE_SHARED_PRODUCT,,SINGLE,COTIZACIONES__REMPART_GROUP_2_3578.xlsx,COT ASDE (11),21,QUOTATION,PINTURA 'NEGRO CONTRACTOR  POSITIVO,10.0,11630.8,DOP,pintura|negro|contractor|positivo,COTIZACIONES__REMPART_GROUP_2_3578.xlsx
AG-2080,Pintura ALTO Transito Amarillo Trafico,consu,Pinturas,Units,,,,False,False,False,SHARED,,,,1,13690.0,13690.0,13690.0,NEW_PRODUCT,1,1,CREATE_SHARED_PRODUCT,,SINGLE,COTIZACIONES__REMPART_GROUP_2_3578.xlsx,COT ASDE (11),22,QUOTATION,PINTURA ALTO TRANSITO AMARILLO TRAFICO,30.0,13690.0,DOP,pintura|alto|transito|amarillo|trafico,COTIZACIONES__REMPART_GROUP_2_3578.xlsx
AG-2081,Pintura ALTO Transito BLANCO Trafico,consu,Pinturas,Units,,,,False,False,False,SHARED,,,,1,13690.0,13690.0,13690.0,NEW_PRODUCT,1,1,CREATE_SHARED_PRODUCT,,SINGLE,COTIZACIONES__REMPART_GROUP_2_3578.xlsx,COT ASDE (11),23,QUOTATION,PINTURA ALTO TRANSITO  BLANCO TRAFICO,30.0,13690.0,DOP,pintura|alto|transito|blanco|trafico,COTIZACIONES__REMPART_GROUP_2_3578.xlsx
AG-2082,PANEL BOARD NEMA 3-R (amperes Industrial DE 3 POLOS),consu,Ferretería,Units,,,,False,False,False,SHARED,,,,1,117985.0,117985.0,117985.0,NEW_PRODUCT,1,1,CREATE_SHARED_PRODUCT,,SINGLE,COTIZACIONES__REMPART_GROUP_2_3578.xlsx,COT ASDE (14),16,QUOTATION,PANEL BOARD NEMA 3-R (AMPERES INDUSTRIAL DE 3 POLOS),1.0,117985.0,DOP,panel|board|nema|3-r|amperes|industrial|3|polos,COTIZACIONES__REMPART_GROUP_2_3578.xlsx
AG-2083,Inversor 6 KW 48 DC Senoidal MITEC -PSW,consu,Ferretería,Units,,,,False,False,False,SHARED,,,,1,96356.0,96356.0,96356.0,NEW_PRODUCT,1,1,CREATE_SHARED_PRODUCT,,SINGLE,COTIZACIONES__REMPART_GROUP_2_3578.xlsx,COT ASDE (14),17,QUOTATION,INVERSOR 6 KW  48 DC  SENOIDAL MITEC -PSW,1.0,96356.0,DOP,inversor|6|kw|48|dc|senoidal|mitec|-psw,COTIZACIONES__REMPART_GROUP_2_3578.xlsx
AG-2084,PANEL LED 2X4 65W,consu,Material eléctrico,Units,,,power=65W,False,False,False,SHARED,,,,1,4658.87,4658.87,4658.87,NEW_PRODUCT,1,1,CREATE_SHARED_PRODUCT,,SINGLE,COTIZACIONES__REMPART_GROUP_2_3578.xlsx,COT ASDE (14),18,QUOTATION,PANEL LED 2X4  65W,160.0,4658.87,DOP,panel|led|2x4|65|w|65W,COTIZACIONES__REMPART_GROUP_2_3578.xlsx
AG-2085,SUPER Gramasan 5 LT,consu,Ferretería,Gal,,,,False,False,False,SHARED,59,SUPER GRAMASAN 5 LT,1435.86,4,1435.86,1435.86,1435.86,EXACT_MATCH,1,4,REUSE_NO_CHANGE,,MAX,COTIZACIONES__REMPART_GROUP_2_3578.xlsx,COT ASDE (15),18,QUOTATION,SUPER GRAMASAN 5 LT,145.0,1435.86,DOP,super|gramasan|5|lt,COTIZACIONES__REMPART_GROUP_2_3578.xlsx
AG-2086,SUPER Gramasan 5 LT (herbicida),consu,Ferretería,Gal,,,,False,False,False,SHARED,,,,3,,,,NEW_PRODUCT,1,3,MANUAL_REVIEW,MISSING_VALID_PRICE,NO_PRICE,,,,,,,,,super|gramasan|5|lt|herbicida,COTIZACIONES__REMPART_GROUP_2_3578.xlsx
AG-2087,POWER RIDER 2 Tiempos,consu,Ferretería,Units,,,,False,False,False,SHARED,,,,1,1413.0,1413.0,1413.0,NEW_PRODUCT,1,1,CREATE_SHARED_PRODUCT,,SINGLE,COTIZACIONES__REMPART_GROUP_2_3578.xlsx,COT ASDE (19),16,QUOTATION,POWER RIDER 2 TIEMPOS,70.0,1413.0,DOP,power|rider|2|tiempos,COTIZACIONES__REMPART_GROUP_2_3578.xlsx
AG-2088,POWER RIDER 4 Tiempos 10W-30,consu,Ferretería,Units,,,power=10W,False,False,False,SHARED,,,,1,1585.0,1585.0,1585.0,NEW_PRODUCT,1,1,CREATE_SHARED_PRODUCT,,SINGLE,COTIZACIONES__REMPART_GROUP_2_3578.xlsx,COT ASDE (19),17,QUOTATION,POWER RIDER 4 TIEMPOS 10W-30,70.0,1585.0,DOP,power|rider|4|tiempos|10|w-30|10W,COTIZACIONES__REMPART_GROUP_2_3578.xlsx
AG-2089,Pintura Acrilica PARA Exterior BLANCA 00 Tropical,consu,Pinturas,Gal,Tropical,,,False,False,False,SHARED,,,,2,2386.5,2386.5,2386.5,NEW_PRODUCT,1,2,CREATE_SHARED_PRODUCT,,MAX,COTIZACIONES__REMPART_GROUP_2_3578.xlsx,COT ASDE (21),49,QUOTATION,PINTURA ACRILICA PARA EXTERIOR BLANCA 00 TROPICAL,5.0,2386.5,DOP,pintura|acrilica|para|exterior|blanca|00|tropical,COTIZACIONES__REMPART_GROUP_2_3578.xlsx
AG-2090,DISCO DEWALT DE 14 X 3/32,consu,Herramientas,Units,Dewalt,,caliber=3/32,False,False,False,SHARED,62,DISCO DEWALT DE 14 X 3/32,620.0,1,620.0,620.0,620.0,EXACT_MATCH,1,1,REUSE_NO_CHANGE,,SINGLE,COTIZACIONES__REMPART_GROUP_2_3578.xlsx,COT ASDE (23),20,QUOTATION,DISCO DEWALT DE 14 X 3/32,2.0,620.0,DOP,disco|dewalt|14|x|3/32|3/32,COTIZACIONES__REMPART_GROUP_2_3578.xlsx
AG-2091,Pintura OXIDO NEGRO,consu,Pinturas,Gal,,,,False,False,False,SHARED,64,PINTURA OXIDO NEGRO,1874.0,1,1874.0,1874.0,1874.0,EXACT_MATCH,1,1,REUSE_NO_CHANGE,,SINGLE,COTIZACIONES__REMPART_GROUP_2_3578.xlsx,COT ASDE (23),22,QUOTATION,PINTURA OXIDO NEGRO,1.0,1874.0,DOP,pintura|oxido|negro,COTIZACIONES__REMPART_GROUP_2_3578.xlsx
AG-2092,Soldadura 3/32,consu,Ferretería,lb,,,caliber=3/32,False,False,False,SHARED,65,SOLDADURA 3/32,218.0,1,218.0,218.0,218.0,EXACT_MATCH,1,1,REUSE_NO_CHANGE,,SINGLE,COTIZACIONES__REMPART_GROUP_2_3578.xlsx,COT ASDE (23),23,QUOTATION,SOLDADURA 3/32,30.0,218.0,DOP,soldadura|3/32|3/32,COTIZACIONES__REMPART_GROUP_2_3578.xlsx
AG-2093,Portarollo C/cubierta Foster Aqa,consu,Ferretería,Units,Oster,,,False,False,False,SHARED,75,PORTAROLLO C/CUBIERTA FOSTER AQA,984.0,5,984.0,984.0,984.0,EXACT_MATCH,1,5,REUSE_NO_CHANGE,,MAX,COTIZACIONES__REMPART_GROUP_2_3578.xlsx,COT ASDE (25),24,QUOTATION,portarollo c/cubierta foster aqa,2.0,984.0,DOP,portarollo|c/cubierta|foster|aqa,COTIZACIONES__REMPART_GROUP_2_3578.xlsx
AG-2094,Zafacon EKO 20L-WH 5GL,consu,Ferretería,Units,,,presentation=20 l,False,False,False,SHARED,76,ZAFACON EKO 20L-WH 5GL,2500.0,5,2500.0,2500.0,2500.0,EXACT_MATCH,1,5,REUSE_NO_CHANGE,,MAX,COTIZACIONES__REMPART_GROUP_2_3578.xlsx,COT ASDE (25),25,QUOTATION,ZAFACON EKO 20L-WH 5GL,7.0,2500.0,DOP,zafacon|eko|20l-wh|5|gal|20 l,COTIZACIONES__REMPART_GROUP_2_3578.xlsx
AG-2095,Zafacon EKO 55L-WH 15GL,consu,Ferretería,Units,,,presentation=55 l,False,False,False,SHARED,77,ZAFACON EKO 55L-WH 15GL,7700.0,5,7700.0,7700.0,7700.0,EXACT_MATCH,1,5,REUSE_NO_CHANGE,,MAX,COTIZACIONES__REMPART_GROUP_2_3578.xlsx,COT ASDE (25),26,QUOTATION,ZAFACON EKO  55L-WH 15GL,2.0,7700.0,DOP,zafacon|eko|55l-wh|15|gal|55 l,COTIZACIONES__REMPART_GROUP_2_3578.xlsx
AG-2096,Rotomartillo SDS MAX 1050 W,consu,Herramientas,Units,,,power=1050W,False,False,False,SHARED,,,,1,87340.8,87340.8,87340.8,NEW_PRODUCT,1,1,CREATE_SHARED_PRODUCT,,SINGLE,COTIZACIONES__REMPART_GROUP_2_3578.xlsx,COT ASDE (26),16,QUOTATION,ROTOMARTILLO SDS MAX  1050 W,1.0,87340.8,DOP,rotomartillo|sds|max|1050|w|1050W,COTIZACIONES__REMPART_GROUP_2_3578.xlsx
AG-2097,Rotomartillo SDS PLUS 800 W,consu,Herramientas,Units,,,power=800W,False,False,False,SHARED,,,,1,24985.96,24985.96,24985.96,NEW_PRODUCT,1,1,CREATE_SHARED_PRODUCT,,SINGLE,COTIZACIONES__REMPART_GROUP_2_3578.xlsx,COT ASDE (26),17,QUOTATION,ROTOMARTILLO SDS PLUS  800 W,2.0,24985.96,DOP,rotomartillo|sds|plus|800|w|800W,COTIZACIONES__REMPART_GROUP_2_3578.xlsx
AG-2098,"Taladro DE Martillo,1/2 '' 7.8 900W",consu,Herramientas,Units,,,caliber=1/2 power=900W,False,False,False,SHARED,,,,1,28570.87,28570.87,28570.87,NEW_PRODUCT,1,1,CREATE_SHARED_PRODUCT,,SINGLE,COTIZACIONES__REMPART_GROUP_2_3578.xlsx,COT ASDE (26),18,QUOTATION,"TALADRO DE MARTILLO,1/2 '' 7.8  900W",2.0,28570.87,DOP,taladro|martillo|1/2|7.8|900|w|1/2|900W,COTIZACIONES__REMPART_GROUP_2_3578.xlsx
AG-2099,Taladro Destornillador 20 V MAX 500 W,consu,Herramientas,Units,,,power=500W,False,False,False,SHARED,,,,1,32612.0,32612.0,32612.0,NEW_PRODUCT,1,1,CREATE_SHARED_PRODUCT,,SINGLE,COTIZACIONES__REMPART_GROUP_2_3578.xlsx,COT ASDE (26),19,QUOTATION,TALADRO DESTORNILLADOR 20 V MAX  500 W,1.0,32612.0,DOP,taladro|destornillador|20|v|max|500|w|500W,COTIZACIONES__REMPART_GROUP_2_3578.xlsx
AG-2100,"TUBO PVC Drenaje 6""X19 Sdr-41",consu,Plomería,Units,,,"size=6""",False,False,False,SHARED,,,,1,6168.07,6168.07,6168.07,NEW_PRODUCT,1,1,CREATE_SHARED_PRODUCT,,SINGLE,COTIZACIONES__REMPART_GROUP_2_3578.xlsx,COT ASDE (29),16,QUOTATION,"TUBO PVC DRENAJE 6""X19  sdr-41",50.0,6168.07,DOP,"tubo|pvc|drenaje|6""x19|sdr-41|6""",COTIZACIONES__REMPART_GROUP_2_3578.xlsx
AG-2101,"TUBO PVC Drenaje 8""X19 Sdr-41",consu,Plomería,Units,,,"size=8""",False,False,False,SHARED,,,,1,9293.55,9293.55,9293.55,NEW_PRODUCT,1,1,CREATE_SHARED_PRODUCT,,SINGLE,COTIZACIONES__REMPART_GROUP_2_3578.xlsx,COT ASDE (29),17,QUOTATION,"TUBO PVC DRENAJE 8""X19  sdr-41",50.0,9293.55,DOP,"tubo|pvc|drenaje|8""x19|sdr-41|8""",COTIZACIONES__REMPART_GROUP_2_3578.xlsx
AG-2102,"TUBO PVC Drenaje 10""x19 Sdr-41",consu,Plomería,Units,,,"size=10""",False,False,False,SHARED,,,,1,14199.82,14199.82,14199.82,NEW_PRODUCT,1,1,CREATE_SHARED_PRODUCT,,SINGLE,COTIZACIONES__REMPART_GROUP_2_3578.xlsx,COT ASDE (29),18,QUOTATION,"TUBO PVC DRENAJE 10""x19  sdr-41",50.0,14199.82,DOP,"tubo|pvc|drenaje|10""x19|sdr-41|10""",COTIZACIONES__REMPART_GROUP_2_3578.xlsx
AG-2103,Thinner Tropical 1GL,consu,Pinturas,Gal,Tropical,,presentation=1 gl,False,False,False,SHARED,88,THINNER TROPICAL 1GL,698.0,1,698.0,698.0,698.0,EXACT_MATCH,1,1,REUSE_NO_CHANGE,,SINGLE,COTIZACIONES__REMPART_GROUP_2_3578.xlsx,COT ASDE (30),17,QUOTATION,THINNER TROPICAL  1GL,10.0,698.0,DOP,thinner|tropical|1|gal|1 gl,COTIZACIONES__REMPART_GROUP_2_3578.xlsx
AG-2104,Pintura TRAFIC PAINT Amarillo 1 GL,consu,Pinturas,Gal,,,presentation=1 gl,False,False,False,SHARED,89,PINTURA TRAFIC PAINT AMARILLO 1 GL,3515.0,1,3515.0,3515.0,3515.0,EXACT_MATCH,1,1,REUSE_NO_CHANGE,,SINGLE,COTIZACIONES__REMPART_GROUP_2_3578.xlsx,COT ASDE (30),18,QUOTATION,PINTURA TRAFIC  PAINT AMARILLO 1 GL,47.0,3515.0,DOP,pintura|trafic|paint|amarillo|1|gal|1 gl,COTIZACIONES__REMPART_GROUP_2_3578.xlsx
AG-2105,Pintura SEMI Contractor MARMOL 939 1 GL,consu,Pinturas,Gal,,,presentation=1 gl,False,False,False,SHARED,90,PINTURA SEMI CONTRACTOR MARMOL 939 1 GL,2386.5,1,2386.5,2386.5,2386.5,EXACT_MATCH,1,1,REUSE_NO_CHANGE,,SINGLE,COTIZACIONES__REMPART_GROUP_2_3578.xlsx,COT ASDE (30),19,QUOTATION,PINTURA SEMI CONTRACTOR MARMOL 939 1 GL,15.0,2386.5,DOP,pintura|semi|contractor|marmol|939|1|gal|1 gl,COTIZACIONES__REMPART_GROUP_2_3578.xlsx
AG-2106,Pintura SEMI Contractor MARMOL 939 5 GL,consu,Pinturas,Units,,,presentation=5 gl,False,False,False,SHARED,91,PINTURA SEMI CONTRACTOR MARMOL 939 5 GL,8050.0,1,8050.0,8050.0,8050.0,EXACT_MATCH,1,1,REUSE_NO_CHANGE,,SINGLE,COTIZACIONES__REMPART_GROUP_2_3578.xlsx,COT ASDE (30),20,QUOTATION,PINTURA SEMI CONTRACTOR MARMOL 939 5 GL,2.0,8050.0,DOP,pintura|semi|contractor|marmol|939|5|gal|5 gl,COTIZACIONES__REMPART_GROUP_2_3578.xlsx
AG-2107,Pintura SEMI Contractor BLANCO 00 1 GL,consu,Pinturas,Gal,,,presentation=1 gl,False,False,False,SHARED,92,PINTURA SEMI CONTRACTOR BLANCO 00 1 GL,2386.5,1,2386.5,2386.5,2386.5,EXACT_MATCH,1,1,REUSE_NO_CHANGE,,SINGLE,COTIZACIONES__REMPART_GROUP_2_3578.xlsx,COT ASDE (30),21,QUOTATION,PINTURA SEMI CONTRACTOR BLANCO 00 1 GL,25.0,2386.5,DOP,pintura|semi|contractor|blanco|00|1|gal|1 gl,COTIZACIONES__REMPART_GROUP_2_3578.xlsx
AG-2108,Pintura PRO Semigloss (POP) Porcelana 90 5 GL,consu,Pinturas,Units,,,presentation=5 gl,False,False,False,SHARED,93,PINTURA PRO SEMIGLOSS (POP) PORCELANA 90 5 GL,10958.99,1,10958.99,10958.99,10958.99,EXACT_MATCH,1,1,REUSE_NO_CHANGE,,SINGLE,COTIZACIONES__REMPART_GROUP_2_3578.xlsx,COT ASDE (30),22,QUOTATION,PINTURA PRO SEMIGLOSS (POP) PORCELANA 90 5 GL,2.0,10958.99,DOP,pintura|pro|semigloss|pop|porcelana|90|5|gal|5 gl,COTIZACIONES__REMPART_GROUP_2_3578.xlsx
AG-2109,Alambre De Goma 6/2 Awg,consu,Neumáticos,ft,,,caliber=6/2,False,False,False,SHARED,95,ALAMBRE DE GOMA 6/2 AWG,189.6,2,186.0,189.6,189.6,EXACT_MATCH,1,2,REUSE_NO_CHANGE,,MAX,COTIZACIONES__REMPART_GROUP_2_3578.xlsx,COT ASDE (31),18,QUOTATION,ALAMBRE de goma 6/2 awg,70.0,189.6,DOP,alambre|goma|6/2|awg|6/2,COTIZACIONES__REMPART_GROUP_2_3578.xlsx
AG-2110,CAJA Breaker 12 SUPE. OMNIUM,consu,Material eléctrico,Units,,,,False,False,False,SHARED,96,CAJA BREAKER 12 SUPE. OMNIUM,3970.0,2,3970.0,3989.0,3989.0,EXACT_MATCH,1,2,REUSE_UPDATE_PRICE,,MAX,COTIZACIONES__REMPART_GROUP_2_3578.xlsx,COT RECONOCIMIENTO DE DEUDA (4),19,QUOTATION,CAJA BREAKER 12 SUPE. OMNIUM,1.0,3989.0,DOP,caja|breaker|12|supe.|omnium,COTIZACIONES__REMPART_GROUP_2_3578.xlsx
AG-2111,Breaker DINWAY 25A 2P //,consu,Material eléctrico,Units,,,,False,False,False,SHARED,,,,2,2250.0,2643.0,2643.0,NEW_PRODUCT,1,2,CREATE_SHARED_PRODUCT,,MAX,COTIZACIONES__REMPART_GROUP_2_3578.xlsx,COT RECONOCIMIENTO DE DEUDA (4),20,QUOTATION,BREAKER DINWAY  25A 2P //,1.0,2643.0,DOP,breaker|dinway|25a|2p|//,COTIZACIONES__REMPART_GROUP_2_3578.xlsx
AG-2112,Breaker CNC 20A 2P,consu,Material eléctrico,Units,,,,False,False,False,SHARED,98,BREAKER CNC 20A 2P,965.0,1,965.0,965.0,965.0,EXACT_MATCH,1,1,REUSE_NO_CHANGE,,SINGLE,COTIZACIONES__REMPART_GROUP_2_3578.xlsx,COT ASDE (31),21,QUOTATION,BREAKER CNC 20A 2P,4.0,965.0,DOP,breaker|cnc|20a|2p,COTIZACIONES__REMPART_GROUP_2_3578.xlsx
AG-2113,Breaker CNC 2P 16A,consu,Material eléctrico,Units,,,,False,False,False,SHARED,99,BREAKER CNC 2P 16A,787.85,1,787.85,787.85,787.85,EXACT_MATCH,1,1,REUSE_NO_CHANGE,,SINGLE,COTIZACIONES__REMPART_GROUP_2_3578.xlsx,COT ASDE (31),22,QUOTATION,BREAKER CNC 2P 16A,1.0,787.85,DOP,breaker|cnc|2p|16a,COTIZACIONES__REMPART_GROUP_2_3578.xlsx
AG-2114,Conector DE Empalme NO.4,consu,Ferretería,Units,,,,False,False,False,SHARED,101,CONECTOR DE EMPALME NO.4,680.0,2,680.0,960.0,960.0,EXACT_MATCH,1,2,REUSE_UPDATE_PRICE,,MAX,COTIZACIONES__REMPART_GROUP_2_3578.xlsx,COT RECONOCIMIENTO DE DEUDA (4),24,QUOTATION,CONECTOR DE EMPALME NO.4,2.0,960.0,DOP,conector|empalme|no.4,COTIZACIONES__REMPART_GROUP_2_3578.xlsx
AG-2115,Varilla 3/5,consu,Construcción,Units,,,caliber=3/5,False,False,False,SHARED,,,,1,104906.65,104906.65,104906.65,NEW_PRODUCT,1,1,CREATE_SHARED_PRODUCT,,SINGLE,COTIZACIONES__REMPART_GROUP_2_3578.xlsx,COT ASDE (35),17,QUOTATION,VARILLA 3/5,2.0,104906.65,DOP,varilla|3/5|3/5,COTIZACIONES__REMPART_GROUP_2_3578.xlsx
AG-2116,CABLE 4 AWG THHN,consu,Material eléctrico,ft,,,,False,False,False,SHARED,,,,2,178.0,178.0,178.0,NEW_PRODUCT,1,2,CREATE_SHARED_PRODUCT,,MAX,COTIZACIONES__REMPART_GROUP_2_3578.xlsx,COT ASDE (36),16,QUOTATION,CABLE 4 AWG THHN,75.0,178.0,DOP,cable|4|awg|thhn,COTIZACIONES__REMPART_GROUP_2_3578.xlsx
AG-2117,CABLE 2 AWG THHN,consu,Material eléctrico,ft,,,,False,False,False,SHARED,,,,2,226.0,226.0,226.0,NEW_PRODUCT,1,2,CREATE_SHARED_PRODUCT,,MAX,COTIZACIONES__REMPART_GROUP_2_3578.xlsx,COT ASDE (36),17,QUOTATION,CABLE 2 AWG THHN,150.0,226.0,DOP,cable|2|awg|thhn,COTIZACIONES__REMPART_GROUP_2_3578.xlsx
AG-2118,Conector DE Empalme NO.2,consu,Ferretería,Units,,,,False,False,False,SHARED,126,CONECTOR DE EMPALME NO.2,380.0,4,380.0,380.0,380.0,EXACT_MATCH,1,4,REUSE_NO_CHANGE,,MAX,COTIZACIONES__REMPART_GROUP_2_3578.xlsx,COT ASDE (36),18,QUOTATION,CONECTOR DE EMPALME NO.2,3.0,380.0,DOP,conector|empalme|no.2,COTIZACIONES__REMPART_GROUP_2_3578.xlsx
AG-2119,Cemento GRIS TITAN 42.5 GK,consu,Construcción,Units,,,,False,False,False,SHARED,,,,1,595.0,595.0,595.0,NEW_PRODUCT,1,1,CREATE_SHARED_PRODUCT,,SINGLE,COTIZACIONES__REMPART_GROUP_2_3578.xlsx,COT ASDE (37),16,QUOTATION,CEMENTO GRIS TITAN 42.5 GK,2000.0,595.0,DOP,cemento|gris|titan|42.5|gk,COTIZACIONES__REMPART_GROUP_2_3578.xlsx
AG-2120,Valvula Fluxometro PARA Inodoro,consu,Plomería,Units,,,,False,False,False,SHARED,,,,2,12340.0,12340.0,12340.0,NEW_PRODUCT,1,2,CREATE_SHARED_PRODUCT,,MAX,COTIZACIONES__REMPART_GROUP_2_3578.xlsx,COT ASDE (39),16,QUOTATION,VALVULA FLUXOMETRO PARA INODORO,5.0,12340.0,DOP,valvula|fluxometro|para|inodoro,COTIZACIONES__REMPART_GROUP_2_3578.xlsx
AG-2121,Breaker DOBLE GRUESO 2P 30 AMP,consu,Material eléctrico,Units,,,,False,False,False,SHARED,102,BREAKER DOBLE GRUESO 2P 30 AMP,1574.0,2,1574.0,1574.0,1574.0,EXACT_MATCH,1,2,REUSE_NO_CHANGE,,MAX,COTIZACIONES__REMPART_GROUP_2_3578.xlsx,COT ASDE (41),17,QUOTATION,BREAKER DOBLE GRUESO 2P 30 AMP,25.0,1574.0,DOP,breaker|doble|grueso|2p|30|amp,COTIZACIONES__REMPART_GROUP_2_3578.xlsx
AG-2122,Breaker DOBLE GRUESO 2P 20 AMP,consu,Material eléctrico,Units,,,,False,False,False,SHARED,103,BREAKER DOBLE GRUESO 2P 20 AMP,1574.0,2,1574.0,1574.0,1574.0,EXACT_MATCH,1,2,REUSE_NO_CHANGE,,MAX,COTIZACIONES__REMPART_GROUP_2_3578.xlsx,COT ASDE (41),18,QUOTATION,BREAKER DOBLE GRUESO 2P 20 AMP,25.0,1574.0,DOP,breaker|doble|grueso|2p|20|amp,COTIZACIONES__REMPART_GROUP_2_3578.xlsx
AG-2123,CABLE 3/0 AWG THHN NEGRO,consu,Material eléctrico,ft,,,caliber=3/0,False,False,False,SHARED,104,CABLE 3/0 AWG THHN NEGRO,450.0,2,450.0,450.0,450.0,EXACT_MATCH,1,2,REUSE_NO_CHANGE,,MAX,COTIZACIONES__REMPART_GROUP_2_3578.xlsx,COT ASDE (41),19,QUOTATION,CABLE 3/0 AWG THHN NEGRO,300.0,450.0,DOP,cable|3/0|awg|thhn|negro|3/0,COTIZACIONES__REMPART_GROUP_2_3578.xlsx
AG-2124,Alambre VINYL (AWG) 12/2 GRIS PHELPS DODGE,consu,Ferretería,ft,,,caliber=12/2,False,False,False,SHARED,105,ALAMBRE VINYL (AWG) 12/2 GRIS PHELPS DODGE,62.8,2,62.8,62.8,62.8,EXACT_MATCH,1,2,REUSE_NO_CHANGE,,MAX,COTIZACIONES__REMPART_GROUP_2_3578.xlsx,COT ASDE (41),20,QUOTATION,ALAMBRE VINYL (AWG) 12/2 GRIS PHELPS DODGE,200.0,62.8,DOP,alambre|vinyl|awg|12/2|gris|phelps|dodge|12/2,COTIZACIONES__REMPART_GROUP_2_3578.xlsx
AG-2125,Alambre THHN (AWG) #8 NEGRO AWG PHELPS DODGE,consu,Ferretería,ft,,,,False,False,False,SHARED,106,ALAMBRE THHN (AWG) #8 NEGRO AWG PHELPS DODGE,55.28,2,55.28,55.28,55.28,EXACT_MATCH,1,2,REUSE_NO_CHANGE,,MAX,COTIZACIONES__REMPART_GROUP_2_3578.xlsx,COT ASDE (41),21,QUOTATION,ALAMBRE THHN (AWG) #8 NEGRO  AWG PHELPS DODGE,100.0,55.28,DOP,alambre|thhn|awg|8|negro|awg|phelps|dodge,COTIZACIONES__REMPART_GROUP_2_3578.xlsx
AG-2126,Alambre DUPLEX 1.5MM PHELPS DODGE,consu,Ferretería,ft,,,,False,False,False,SHARED,107,ALAMBRE DUPLEX 1.5MM PHELPS DODGE,22.56,2,22.56,22.56,22.56,EXACT_MATCH,1,2,REUSE_NO_CHANGE,,MAX,COTIZACIONES__REMPART_GROUP_2_3578.xlsx,COT ASDE (41),22,QUOTATION,ALAMBRE DUPLEX 1.5MM PHELPS DODGE,500.0,22.56,DOP,alambre|duplex|1.5|mm|phelps|dodge,COTIZACIONES__REMPART_GROUP_2_3578.xlsx
AG-2127,Alambre DE GOMA AWG 12/3 AWG PHELPS DODGE,consu,Neumáticos,ft,,,caliber=12/3,False,False,False,SHARED,108,ALAMBRE DE GOMA AWG 12/3 AWG PHELPS DODGE,79.86,2,79.86,79.86,79.86,EXACT_MATCH,1,2,REUSE_NO_CHANGE,,MAX,COTIZACIONES__REMPART_GROUP_2_3578.xlsx,COT ASDE (41),23,QUOTATION,ALAMBRE DE GOMA AWG 12/3  AWG PHELPS DODGE,100.0,79.86,DOP,alambre|goma|awg|12/3|awg|phelps|dodge|12/3,COTIZACIONES__REMPART_GROUP_2_3578.xlsx
AG-2128,Alambre DE GOMA (AWG) 12/2 PHELPS DODGE,consu,Neumáticos,ft,,,caliber=12/2,False,False,False,SHARED,109,ALAMBRE DE GOMA (AWG) 12/2 PHELPS DODGE,53.2,2,53.2,53.2,53.2,EXACT_MATCH,1,2,REUSE_NO_CHANGE,,MAX,COTIZACIONES__REMPART_GROUP_2_3578.xlsx,COT ASDE (41),24,QUOTATION,ALAMBRE DE GOMA (AWG) 12/2  PHELPS DODGE,100.0,53.2,DOP,alambre|goma|awg|12/2|phelps|dodge|12/2,COTIZACIONES__REMPART_GROUP_2_3578.xlsx
AG-2129,Alambre THHN (AWG) #10 NEGRO PHELPS DODGE,consu,Ferretería,ft,,,,False,False,False,SHARED,110,ALAMBRE THHN (AWG) #10 NEGRO PHELPS DODGE,40.0,2,40.0,40.0,40.0,EXACT_MATCH,1,2,REUSE_NO_CHANGE,,MAX,COTIZACIONES__REMPART_GROUP_2_3578.xlsx,COT ASDE (41),25,QUOTATION,ALAMBRE THHN (AWG) #10 NEGRO PHELPS DODGE,500.0,40.0,DOP,alambre|thhn|awg|10|negro|phelps|dodge,COTIZACIONES__REMPART_GROUP_2_3578.xlsx
AG-2130,Alambre THHN (AWG) #12 NEGRO PHELPS DODGE,consu,Ferretería,ft,,,,False,False,False,SHARED,111,ALAMBRE THHN (AWG) #12 NEGRO PHELPS DODGE,25.33,2,25.33,25.33,25.33,EXACT_MATCH,1,2,REUSE_NO_CHANGE,,MAX,COTIZACIONES__REMPART_GROUP_2_3578.xlsx,COT ASDE (41),26,QUOTATION,ALAMBRE THHN (AWG) #12 NEGRO PHELPS DODGE,500.0,25.33,DOP,alambre|thhn|awg|12|negro|phelps|dodge,COTIZACIONES__REMPART_GROUP_2_3578.xlsx
AG-2131,CINCEL PUNTA 3/4 X 10´ (19x250) Tramontina,consu,Ferretería,Units,,,caliber=3/4,False,False,False,SHARED,,,,2,510.2,510.2,510.2,NEW_PRODUCT,1,2,CREATE_SHARED_PRODUCT,,MAX,COTIZACIONES__REMPART_GROUP_2_3578.xlsx,COT ASDE (41),27,QUOTATION,CINCEL PUNTA 3/4 X 10´ (19X250) TRAMONTINA,5.0,510.2,DOP,cincel|punta|3/4|x|10|19x250|tramontina|3/4,COTIZACIONES__REMPART_GROUP_2_3578.xlsx
AG-2132,CINCEL PLANO 3/4 X10'' (19x250) Tramontina,consu,Ferretería,Units,,,caliber=3/4,False,False,False,SHARED,,,,2,518.4,518.4,518.4,NEW_PRODUCT,1,2,CREATE_SHARED_PRODUCT,,MAX,COTIZACIONES__REMPART_GROUP_2_3578.xlsx,COT ASDE (41),28,QUOTATION,CINCEL PLANO 3/4 X10''  (19X250) TRAMONTINA,5.0,518.4,DOP,cincel|plano|3/4|x10|19x250|tramontina|3/4,COTIZACIONES__REMPART_GROUP_2_3578.xlsx
AG-2133,Valvula Entrada Inodoro 200AM133 Fluidmaster,consu,Plomería,Units,,,,False,False,False,SHARED,114,VALVULA ENTRADA INODORO 200AM133 FLUIDMASTER,740.0,2,740.0,740.0,740.0,EXACT_MATCH,1,2,REUSE_NO_CHANGE,,MAX,COTIZACIONES__REMPART_GROUP_2_3578.xlsx,COT ASDE (41),29,QUOTATION,VALVULA ENTRADA INODORO  200AM133 FLUIDMASTER,20.0,740.0,DOP,valvula|entrada|inodoro|200am133|fluidmaster,COTIZACIONES__REMPART_GROUP_2_3578.xlsx
AG-2134,Valvula SALIDA P/inodoro 507A133 Fluidmaster,consu,Plomería,Units,,,,False,False,False,SHARED,115,VALVULA SALIDA P/INODORO 507A133 FLUIDMASTER,544.0,2,544.0,544.0,544.0,EXACT_MATCH,1,2,REUSE_NO_CHANGE,,MAX,COTIZACIONES__REMPART_GROUP_2_3578.xlsx,COT ASDE (41),30,QUOTATION,VALVULA SALIDA P/INODORO  507A133 FLUIDMASTER,20.0,544.0,DOP,valvula|salida|p/inodoro|507a133|fluidmaster,COTIZACIONES__REMPART_GROUP_2_3578.xlsx
AG-2135,Adaptador MACHO PVC 1 Presion Corvi/durman,consu,Plomería,Units,,,,False,False,False,SHARED,116,ADAPTADOR MACHO PVC 1 PRESION CORVI/DURMAN,15.98,2,15.98,15.98,15.98,EXACT_MATCH,1,2,REUSE_NO_CHANGE,,MAX,COTIZACIONES__REMPART_GROUP_2_3578.xlsx,COT ASDE (41),31,QUOTATION,ADAPTADOR MACHO PVC 1  PRESION CORVI/DURMAN,50.0,15.98,DOP,adaptador|macho|pvc|1|presion|corvi/durman,COTIZACIONES__REMPART_GROUP_2_3578.xlsx
AG-2136,Alicate Extension 12'' Stanley,consu,Herramientas,Units,,,,False,False,False,SHARED,,,,2,1338.0,1338.0,1338.0,NEW_PRODUCT,1,2,CREATE_SHARED_PRODUCT,,MAX,COTIZACIONES__REMPART_GROUP_2_3578.xlsx,COT ASDE (41),33,QUOTATION,ALICATE EXTENSION 12'' STANLEY,10.0,1338.0,DOP,alicate|extension|12|stanley,COTIZACIONES__REMPART_GROUP_2_3578.xlsx
AG-2137,"PINZA DE Extension 10"" TRUPER",consu,Herramientas,Units,Truper,,"size=10""",False,False,False,SHARED,119,"PINZA DE EXTENSION 10"" TRUPER",1350.0,2,1350.0,1350.0,1350.0,EXACT_MATCH,1,2,REUSE_NO_CHANGE,,MAX,COTIZACIONES__REMPART_GROUP_2_3578.xlsx,COT ASDE (41),34,QUOTATION,"PINZA DE EXTENSION 10"" TRUPER",10.0,1350.0,DOP,"pinza|extension|10""|truper|10""",COTIZACIONES__REMPART_GROUP_2_3578.xlsx
AG-2138,"PINZA Lagarto 10"" TRUPER",consu,Herramientas,Units,Truper,,"size=10""",False,False,False,SHARED,120,"PINZA LAGARTO 10"" TRUPER",1385.0,2,1385.0,1385.0,1385.0,EXACT_MATCH,1,2,REUSE_NO_CHANGE,,MAX,COTIZACIONES__REMPART_GROUP_2_3578.xlsx,COT ASDE (41),35,QUOTATION,"PINZA LAGARTO 10"" TRUPER",10.0,1385.0,DOP,"pinza|lagarto|10""|truper|10""",COTIZACIONES__REMPART_GROUP_2_3578.xlsx
AG-2139,PINZA DE CORTE PUNTA LARGA 8'' 84-102 Stanley,consu,Ferretería,Units,,,,False,False,False,SHARED,,,,2,872.0,872.0,872.0,NEW_PRODUCT,1,2,CREATE_SHARED_PRODUCT,,MAX,COTIZACIONES__REMPART_GROUP_2_3578.xlsx,COT ASDE (41),36,QUOTATION,PINZA DE CORTE PUNTA LARGA 8''  84-102 STANLEY,10.0,872.0,DOP,pinza|corte|punta|larga|8|84-102|stanley,COTIZACIONES__REMPART_GROUP_2_3578.xlsx
AG-2140,Breaker GRUESO 1P 50 AMP THQL-1150 ABB -GE,consu,Material eléctrico,Units,,THQL-1150,model=THQL-1150,False,False,False,SHARED,,,,2,892.0,892.0,892.0,NEW_PRODUCT,1,2,CREATE_SHARED_PRODUCT,,MAX,COTIZACIONES__REMPART_GROUP_2_3578.xlsx,COT ASDE (41),37,QUOTATION,BREAKER GRUESO 1P 50 AMP  THQL-1150 ABB -GE,8.0,892.0,DOP,breaker|grueso|1p|50|amp|thql-1150|abb|-ge|THQL-1150,COTIZACIONES__REMPART_GROUP_2_3578.xlsx
AG-2141,CAJA Breaker 8 A 16 Circuito TLM-812FCUD ABB - GE,consu,Material eléctrico,Units,,TLM-812FCUD,model=TLM-812FCUD,False,False,False,SHARED,,,,2,6954.0,6954.0,6954.0,NEW_PRODUCT,1,2,CREATE_SHARED_PRODUCT,,MAX,COTIZACIONES__REMPART_GROUP_2_3578.xlsx,COT ASDE (41),38,QUOTATION,CAJA BREAKER 8 A 16 CIRCUITO  TLM-812FCUD ABB - GE,8.0,6954.0,DOP,caja|breaker|8|a|16|circuito|tlm-812fcud|abb|TLM-812FCUD,COTIZACIONES__REMPART_GROUP_2_3578.xlsx
AG-2142,5 Alambre THHN (AWG) #2 BLANCO PHELPS DODGE,consu,Ferretería,ft,,,,False,False,False,SHARED,,,,2,216.8,216.8,216.8,NEW_PRODUCT,1,2,CREATE_SHARED_PRODUCT,,MAX,COTIZACIONES__REMPART_GROUP_2_3578.xlsx,COT ASDE (41),39,QUOTATION,5 ALAMBRE THHN (AWG) #2  BLANCO PHELPS DODGE,150.0,216.8,DOP,5|alambre|thhn|awg|2|blanco|phelps|dodge,COTIZACIONES__REMPART_GROUP_2_3578.xlsx
AG-2143,Alambre THHN (AWG) #4 ROJO PHELPS DODGE,consu,Ferretería,ft,,,,False,False,False,SHARED,125,ALAMBRE THHN (AWG) #4 ROJO PHELPS DODGE,136.24,2,136.24,136.24,136.24,EXACT_MATCH,1,2,REUSE_NO_CHANGE,,MAX,COTIZACIONES__REMPART_GROUP_2_3578.xlsx,COT ASDE (41),40,QUOTATION,ALAMBRE THHN (AWG) #4 ROJO PHELPS DODGE,75.0,136.24,DOP,alambre|thhn|awg|4|rojo|phelps|dodge,COTIZACIONES__REMPART_GROUP_2_3578.xlsx
AG-2144,"SILLON Ejecutivo Roberto Tapizado EN Pielina COLOR NEGRO, DISENO Italiano, Ergonomico,",consu,Ferretería,Units,,,,False,False,False,SHARED,,,,1,18895.6,18895.6,18895.6,NEW_PRODUCT,1,1,CREATE_SHARED_PRODUCT,,SINGLE,COTIZACIONES__REMPART_GROUP_2_3578.xlsx,COT ASDE (42),16,QUOTATION,"SILLON EJECUTIVO ROBERTO TAPIZADO EN PIELINA COLOR NEGRO, DISENO ITALIANO, ERGONOMICO, CON REPOSA CABEZA FIJO, SOPORTE LUMBAR INTEGRADO EN LA CURVA DEL RESPALDO,BRAZOS FIJOS",11.0,18895.6,DOP,sillon|ejecutivo|roberto|tapizado|pielina|color|negro|diseno,COTIZACIONES__REMPART_GROUP_2_3578.xlsx
AG-2145,SILLON Ejecutivo DELUXE EN MALLA,consu,Ferretería,Units,,,,False,False,False,SHARED,,,,1,12358.6,12358.6,12358.6,NEW_PRODUCT,1,1,CREATE_SHARED_PRODUCT,,SINGLE,COTIZACIONES__REMPART_GROUP_2_3578.xlsx,COT ASDE (43),16,QUOTATION,SILLON EJECUTIVO DELUXE EN MALLA,11.0,12358.6,DOP,sillon|ejecutivo|deluxe|malla,COTIZACIONES__REMPART_GROUP_2_3578.xlsx
AG-2146,Breaker 20A 2P,consu,Material eléctrico,Units,,,,False,False,False,SHARED,,,,1,1198.0,1198.0,1198.0,NEW_PRODUCT,1,1,CREATE_SHARED_PRODUCT,,SINGLE,COTIZACIONES__REMPART_GROUP_2_3578.xlsx,COT RECONOCIMIENTO DE DEUDA (4),21,QUOTATION,BREAKER 20A 2P,4.0,1198.0,DOP,breaker|20a|2p,COTIZACIONES__REMPART_GROUP_2_3578.xlsx
AG-2147,Breaker 2P 16A,consu,Material eléctrico,Units,,,,False,False,False,SHARED,,,,1,998.0,998.0,998.0,NEW_PRODUCT,1,1,CREATE_SHARED_PRODUCT,,SINGLE,COTIZACIONES__REMPART_GROUP_2_3578.xlsx,COT RECONOCIMIENTO DE DEUDA (4),22,QUOTATION,BREAKER 2P 16A,1.0,998.0,DOP,breaker|2p|16a,COTIZACIONES__REMPART_GROUP_2_3578.xlsx
AG-2148,Alambre 12/3 AWG THHN,consu,Ferretería,ft,,,caliber=12/3,False,False,False,SHARED,132,ALAMBRE 12/3 AWG THHN,70.0,1,70.0,70.0,70.0,EXACT_MATCH,1,1,REUSE_NO_CHANGE,,SINGLE,COTIZACIONES__REMPART_GROUP_2_3578.xlsx,COT ASDE (44),17,QUOTATION,alambre 12/3 AWG THHN,1000.0,70.0,DOP,alambre|12/3|awg|thhn|12/3,COTIZACIONES__REMPART_GROUP_2_3578.xlsx
AG-2149,Alambre D/GOMA 4X1.5M AWG THHN,consu,Neumáticos,ft,,,,False,False,False,SHARED,133,ALAMBRE D/GOMA 4X1.5M AWG THHN,72.0,1,72.0,72.0,72.0,EXACT_MATCH,1,1,REUSE_NO_CHANGE,,SINGLE,COTIZACIONES__REMPART_GROUP_2_3578.xlsx,COT ASDE (45),17,QUOTATION,ALAMBRE D/GOMA  4X1.5M AWG THHN,1500.0,72.0,DOP,alambre|d/goma|4x1.5m|awg|thhn,COTIZACIONES__REMPART_GROUP_2_3578.xlsx
AG-2150,DISCO DE CORTE 9'' METABO 7/8,consu,Ferretería,Units,,,caliber=7/8,False,False,False,SHARED,,,,1,625.0,625.0,625.0,NEW_PRODUCT,1,1,CREATE_SHARED_PRODUCT,,SINGLE,COTIZACIONES__REMPART_GROUP_2_3578.xlsx,COT ASDE (47),17,QUOTATION,DISCO DE CORTE 9'' METABO 7/8,10.0,625.0,DOP,disco|corte|9|metabo|7/8|7/8,COTIZACIONES__REMPART_GROUP_2_3578.xlsx
AG-2151,Soldadura 1/8 Universal,consu,Ferretería,lb,,,caliber=1/8,False,False,False,SHARED,135,SOLDADURA 1/8 UNIVERSAL,215.0,1,215.0,215.0,215.0,EXACT_MATCH,1,1,REUSE_NO_CHANGE,,SINGLE,COTIZACIONES__REMPART_GROUP_2_3578.xlsx,COT ASDE (47),18,QUOTATION,SOLDADURA 1/8 UNIVERSAL,20.0,215.0,DOP,soldadura|1/8|universal|1/8,COTIZACIONES__REMPART_GROUP_2_3578.xlsx
AG-2152,Planchuela 2''x1/4'',consu,Ferretería,Units,,,,False,False,False,SHARED,,,,1,2700.0,2700.0,2700.0,NEW_PRODUCT,1,1,CREATE_SHARED_PRODUCT,,SINGLE,COTIZACIONES__REMPART_GROUP_2_3578.xlsx,COT ASDE (47),19,QUOTATION,PLANCHUELA 2''X1/4'',5.0,2700.0,DOP,planchuela|2|x1/4,COTIZACIONES__REMPART_GROUP_2_3578.xlsx
AG-2153,VIGA H 6X6X30,consu,Ferretería,Units,,,,False,False,False,SHARED,137,VIGA H 6X6X30,19655.0,1,19655.0,19655.0,19655.0,EXACT_MATCH,1,1,REUSE_NO_CHANGE,,SINGLE,COTIZACIONES__REMPART_GROUP_2_3578.xlsx,COT ASDE (47),20,QUOTATION,VIGA H 6X6X30,4.0,19655.0,DOP,viga|h|6x6x30,COTIZACIONES__REMPART_GROUP_2_3578.xlsx
AG-2154,MADERA Chilena 1/2X6X12,consu,Ferretería,ft,,,,False,False,False,SHARED,,,,1,86.22,86.22,86.22,NEW_PRODUCT,1,1,CREATE_SHARED_PRODUCT,,SINGLE,COTIZACIONES__REMPART_GROUP_2_3578.xlsx,COT ASDE (48),16,QUOTATION,MADERA CHILENA 1/2X6X12,29570.0,86.22,DOP,madera|chilena|1/2x6x12,COTIZACIONES__REMPART_GROUP_2_3578.xlsx
AG-2155,SHEET ROCK 4'x8''x1/2',consu,Ferretería,Units,,,,False,False,False,SHARED,,,,1,1788.0,1788.0,1788.0,NEW_PRODUCT,1,1,CREATE_SHARED_PRODUCT,,SINGLE,COTIZACIONES__REMPART_GROUP_2_3578.xlsx,COT ASDE (51),21,QUOTATION,SHEET ROCK  4'x8''x1/2',40.0,1788.0,DOP,sheet|rock|4|x8|x1/2,COTIZACIONES__REMPART_GROUP_2_3578.xlsx
AG-2156,ITABO,consu,Ferretería,Units,,,,False,False,False,SHARED,,,,1,2495.0,2495.0,2495.0,NEW_PRODUCT,1,1,CREATE_SHARED_PRODUCT,,SINGLE,COTIZACIONES__REMPART_GROUP_2_3578.xlsx,COT ASDE (57),18,QUOTATION,ITABO,80.0,2495.0,DOP,itabo,COTIZACIONES__REMPART_GROUP_2_3578.xlsx
AG-2157,Cemento,consu,Construcción,Units,,,,False,False,False,SHARED,,,,1,546.25,546.25,546.25,NEW_PRODUCT,1,1,CREATE_SHARED_PRODUCT,,SINGLE,COTIZACIONES__REMPART_GROUP_2_3578.xlsx,COT ASDE (57),21,QUOTATION,cemento,100.0,546.25,DOP,cemento,COTIZACIONES__REMPART_GROUP_2_3578.xlsx
AG-2158,Block De 6,consu,Construcción,Units,,,,False,False,False,SHARED,,,,1,86.52,86.52,86.52,NEW_PRODUCT,1,1,CREATE_SHARED_PRODUCT,,SINGLE,COTIZACIONES__REMPART_GROUP_2_3578.xlsx,COT ASDE (57),22,QUOTATION,block de 6,350.0,86.52,DOP,block|6,COTIZACIONES__REMPART_GROUP_2_3578.xlsx
AG-2159,Guantes DE Proteccion Trupper,consu,Ferretería,Units,,,,False,False,False,SHARED,,,,1,280.0,280.0,280.0,NEW_PRODUCT,1,1,CREATE_SHARED_PRODUCT,,SINGLE,COTIZACIONES__REMPART_GROUP_2_3578.xlsx,ELECTRICOS,23,QUOTATION,GUANTES DE PROTECCION TRUPPER,20.0,280.0,DOP,guantes|proteccion|trupper,COTIZACIONES__REMPART_GROUP_2_3578.xlsx
AG-2160,ENLATE 2x4x16,consu,Ferretería,Units,,,,False,False,False,SHARED,,,,1,510.0,510.0,510.0,NEW_PRODUCT,1,1,CREATE_SHARED_PRODUCT,,SINGLE,COTIZACIONES__REMPART_GROUP_2_3578.xlsx,PYWOOD,17,QUOTATION,ENLATE 2X4x16,100.0,510.0,DOP,enlate|2x4x16,COTIZACIONES__REMPART_GROUP_2_3578.xlsx
AG-2161,Inodoro Completo C/ TAPAS Y Valvula ULTRA,consu,Plomería,Units,,,,False,False,False,SHARED,,,,1,7286.0,7286.0,7286.0,NEW_PRODUCT,1,1,CREATE_SHARED_PRODUCT,,SINGLE,COTIZACIONES__REMPART_GROUP_2_3578.xlsx,inodoro,17,QUOTATION,INODORO COMPLETO C/ TAPAS Y VALVULA ULTRA,5.0,7286.0,DOP,inodoro|completo|c/|tapas|valvula|ultra,COTIZACIONES__REMPART_GROUP_2_3578.xlsx
AG-2162,Angular 2X1/4X20 -64.8 LBS,consu,Ferretería,Units,,,presentation=64.8 lbs,False,False,False,SHARED,,,,1,7986.5,7986.5,7986.5,NEW_PRODUCT,1,1,CREATE_SHARED_PRODUCT,,SINGLE,COTIZACIONES__REMPART_GROUP_2_3578.xlsx,ELECTRICOS (2),20,QUOTATION,ANGULAR 2X1/4X20 -64.8 LBS,15.0,7986.5,DOP,angular|2x1/4x20|-64.8|lb|64.8 lbs,COTIZACIONES__REMPART_GROUP_2_3578.xlsx
AG-2163,Cartucho HP Deskjet 1000 122,consu,Ferretería,Units,HP,,,False,False,False,SHARED,146,CARTUCHO HP DESKJET 1000 122,2000.0,1,2000.0,2000.0,2000.0,EXACT_MATCH,1,1,REUSE_NO_CHANGE,,SINGLE,COTIZACIONES__REMPART_GROUP_2_3578.xlsx,toners,23,QUOTATION,CARTUCHO HP DESKJET 1000 122,5.0,2000.0,DOP,cartucho|hp|deskjet|1000|122,COTIZACIONES__REMPART_GROUP_2_3578.xlsx
AG-2164,TONER HP Laserjet PRO M402-MFP M426 CF226A,consu,Tecnología,Units,HP,M402-MFP,model=M402-MFP,False,False,False,SHARED,149,TONER HP LASERJET PRO M402-MFP M426 CF226A,6050.0,1,6050.0,6050.0,6050.0,EXACT_MATCH,1,1,REUSE_NO_CHANGE,,SINGLE,COTIZACIONES__REMPART_GROUP_2_3578.xlsx,toners,26,QUOTATION,TONER HP  LASERJET PRO M402-MFP M426 CF226A,5.0,6050.0,DOP,toner|hp|laserjet|pro|m402-mfp|m426|cf226a|M402-MFP,COTIZACIONES__REMPART_GROUP_2_3578.xlsx
AG-2165,MESA DE Trabajo 220 Cm X 90 Cm X 73cm IRON MASTER,consu,Mobiliario,Units,,,,False,False,False,SHARED,,,,1,53559.32,53559.32,53559.32,NEW_PRODUCT,1,1,CREATE_SHARED_PRODUCT,,SINGLE,COTIZACIONES__REMPART_GROUP_2_3578.xlsx,IMOBILARIO(2),17,QUOTATION,MESA DE TRABAJO 220 cm x 90 cm x 73cm IRON MASTER,7.0,53559.32,DOP,mesa|trabajo|220|cm|x|90|cm|x,COTIZACIONES__REMPART_GROUP_2_3578.xlsx
AG-2166,Pizarras DE TIZA PARA AULA 190 Cm X 120cm,consu,Ferretería,Units,,,,False,False,False,SHARED,,,,1,11440.68,11440.68,11440.68,NEW_PRODUCT,1,1,CREATE_SHARED_PRODUCT,,SINGLE,COTIZACIONES__REMPART_GROUP_2_3578.xlsx,IMOBILARIO(2),18,QUOTATION,PIZARRAS DE TIZA PARA AULA 190 cm x 120cm,7.0,11440.68,DOP,pizarras|tiza|para|aula|190|cm|x|120,COTIZACIONES__REMPART_GROUP_2_3578.xlsx
AG-2167,"SILLAS Plasticas SIN BRAZOS , COLOR OSCURO RIMAX",consu,Mobiliario,Units,,,,False,False,False,SHARED,,,,1,1205.84,1205.84,1205.84,NEW_PRODUCT,1,1,CREATE_SHARED_PRODUCT,,SINGLE,COTIZACIONES__REMPART_GROUP_2_3578.xlsx,IMOBILARIO(2),19,QUOTATION,"SILLAS PLASTICAS SIN BRAZOS , COLOR OSCURO RIMAX",140.0,1205.84,DOP,sillas|plasticas|sin|brazos|color|oscuro|rimax,COTIZACIONES__REMPART_GROUP_2_3578.xlsx
AG-2168,Lockers Metalico DE 10 Puertas,consu,Ferretería,Units,,,,False,False,False,SHARED,,,,1,20067.79,20067.79,20067.79,NEW_PRODUCT,1,1,CREATE_SHARED_PRODUCT,,SINGLE,COTIZACIONES__REMPART_GROUP_2_3578.xlsx,IMOBILARIO(2),20,QUOTATION,LOCKERS METALICO DE 10 PUERTAS,14.0,20067.79,DOP,lockers|metalico|10|puertas,COTIZACIONES__REMPART_GROUP_2_3578.xlsx
AG-2169,Armario EN METAL DE 2 Puertas,consu,Ferretería,Units,,,,False,False,False,SHARED,,,,1,15254.23,15254.23,15254.23,NEW_PRODUCT,1,1,CREATE_SHARED_PRODUCT,,SINGLE,COTIZACIONES__REMPART_GROUP_2_3578.xlsx,IMOBILARIO(2),21,QUOTATION,ARMARIO EN METAL DE 2 PUERTAS,14.0,15254.23,DOP,armario|metal|2|puertas,COTIZACIONES__REMPART_GROUP_2_3578.xlsx
AG-2170,"Abanico KDK N56LG TECHO 56"" NEGRO",consu,Electrodomésticos,Units,LG,,"size=56""",False,False,False,SHARED,,,,1,8389.83,8389.83,8389.83,NEW_PRODUCT,1,1,CREATE_SHARED_PRODUCT,,SINGLE,COTIZACIONES__REMPART_GROUP_2_3578.xlsx,IMOBILARIO(2),22,QUOTATION,"ABANICO KDK N56LG TECHO 56"" NEGRO",14.0,8389.83,DOP,"abanico|kdk|n56lg|techo|56""|negro|56""",COTIZACIONES__REMPART_GROUP_2_3578.xlsx
AG-2171,CARNE DE RES MOLIDA,consu,Carnes,Units,,,,False,True,False,PINARIA,,,,6,,,,NEW_PRODUCT,1,6,MANUAL_REVIEW,MISSING_VALID_PRICE,NO_PRICE,,,,,,,,,carne|res|molida,COTIZACIONES___2023-2024_PIN_ARIAS_2_fddc.xlsx
AG-2172,Pechuga DE POLLO 50/1 LBS,consu,Carnes,Units,,,caliber=50/1 presentation=1 lbs,False,True,False,PINARIA,,,,1,,,,NEW_PRODUCT,1,1,MANUAL_REVIEW,MISSING_VALID_PRICE,NO_PRICE,,,,,,,,,pechuga|pollo|50/1|lb|50/1|1 lbs,COTIZACIONES___2023-2024_PIN_ARIAS_2_fddc.xlsx
AG-2173,CARNE DE RES #7,consu,Carnes,Units,,,,False,True,False,PINARIA,,,,2,,,,NEW_PRODUCT,1,2,MANUAL_REVIEW,MISSING_VALID_PRICE,NO_PRICE,,,,,,,,,carne|res|7,COTIZACIONES___2023-2024_PIN_ARIAS_2_fddc.xlsx
AG-2174,HUEVO 30/1,consu,Alimentos,Units,,,caliber=30/1,True,False,False,PINARIA,,,,2,,,,NEW_PRODUCT,1,2,MANUAL_REVIEW,MISSING_VALID_PRICE,NO_PRICE,,,,,,,,,huevo|30/1|30/1,COTIZACIONES___2023-2024_PIN_ARIAS_2_fddc.xlsx
AG-2175,PECHO,consu,Ferretería,Units,,,,False,False,False,SHARED,,,,2,,,,NEW_PRODUCT,1,2,MANUAL_REVIEW,MISSING_VALID_PRICE,NO_PRICE,,,,,,,,,pecho,COTIZACIONES___2023-2024_PIN_ARIAS_2_fddc.xlsx
AG-2176,JAMON 5/1 LBS,consu,Carnes,Units,,,caliber=5/1 presentation=1 lbs,False,True,False,PINARIA,,,,1,,,,NEW_PRODUCT,1,1,MANUAL_REVIEW,MISSING_VALID_PRICE,NO_PRICE,,,,,,,,,jamon|5/1|lb|5/1|1 lbs,COTIZACIONES___2023-2024_PIN_ARIAS_2_fddc.xlsx
AG-2177,QUESO Amarillo 5/1 LBS,consu,Alimentos,Units,,,caliber=5/1 presentation=1 lbs,True,False,False,PINARIA,,,,1,,,,NEW_PRODUCT,1,1,MANUAL_REVIEW,MISSING_VALID_PRICE,NO_PRICE,,,,,,,,,queso|amarillo|5/1|lb|5/1|1 lbs,COTIZACIONES___2023-2024_PIN_ARIAS_2_fddc.xlsx
AG-2178,QUESO BLANCO 5/1 LBS,consu,Alimentos,Units,,,caliber=5/1 presentation=1 lbs,True,False,False,PINARIA,,,,1,,,,NEW_PRODUCT,1,1,MANUAL_REVIEW,MISSING_VALID_PRICE,NO_PRICE,,,,,,,,,queso|blanco|5/1|lb|5/1|1 lbs,COTIZACIONES___2023-2024_PIN_ARIAS_2_fddc.xlsx
AG-2179,SALAMI 3.2/1 LBS,consu,Carnes,Units,,,caliber=2/1 presentation=1 lbs,False,True,False,PINARIA,,,,1,,,,NEW_PRODUCT,1,1,MANUAL_REVIEW,MISSING_VALID_PRICE,NO_PRICE,,,,,,,,,salami|3.2/1|lb|2/1|1 lbs,COTIZACIONES___2023-2024_PIN_ARIAS_2_fddc.xlsx
AG-2180,JAMON 5/1,consu,Carnes,Units,,,caliber=5/1,False,True,False,PINARIA,,,,1,,,,NEW_PRODUCT,1,1,MANUAL_REVIEW,MISSING_VALID_PRICE,NO_PRICE,,,,,,,,,jamon|5/1|5/1,COTIZACIONES___2023-2024_PIN_ARIAS_2_fddc.xlsx
AG-2181,QUESO BLANCO 5/1,consu,Alimentos,Units,,,caliber=5/1,True,False,False,PINARIA,,,,1,,,,NEW_PRODUCT,1,1,MANUAL_REVIEW,MISSING_VALID_PRICE,NO_PRICE,,,,,,,,,queso|blanco|5/1|5/1,COTIZACIONES___2023-2024_PIN_ARIAS_2_fddc.xlsx
AG-2182,SALAMI,consu,Carnes,Units,,,,False,True,False,PINARIA,,,,1,,,,NEW_PRODUCT,1,1,MANUAL_REVIEW,MISSING_VALID_PRICE,NO_PRICE,,,,,,,,,salami,COTIZACIONES___2023-2024_PIN_ARIAS_2_fddc.xlsx
AG-2183,Salchichas,consu,Ferretería,Units,,,,False,False,False,SHARED,,,,1,,,,NEW_PRODUCT,1,1,MANUAL_REVIEW,MISSING_VALID_PRICE,NO_PRICE,,,,,,,,,salchichas,COTIZACIONES___2023-2024_PIN_ARIAS_2_fddc.xlsx
AG-2184,PAPEL DE BAÑO JUMBO 12/1 700 PIES,consu,Oficina,Units,,,caliber=12/1 capacity=700 pies,False,False,False,SHARED,,,,1,,,,NEW_PRODUCT,1,1,MANUAL_REVIEW,MISSING_VALID_PRICE,NO_PRICE,,,,,,,,,papel|bano|jumbo|12/1|700|pies|12/1|700 pies,COTIZACIONES___2023-2024_PIN_ARIAS_2_fddc.xlsx
AG-2185,PAPEL TUALLA SCOTT Slimroll 6*588,consu,Oficina,Units,,,,False,False,False,SHARED,,,,1,,,,NEW_PRODUCT,1,1,MANUAL_REVIEW,MISSING_VALID_PRICE,NO_PRICE,,,,,,,,,papel|tualla|scott|slimroll|6|588,COTIZACIONES___2023-2024_PIN_ARIAS_2_fddc.xlsx
AG-2186,Lechosa,consu,Ferretería,Units,,,,False,False,False,SHARED,,,,1,,,,NEW_PRODUCT,1,1,MANUAL_REVIEW,MISSING_VALID_PRICE,NO_PRICE,,,,,,,,,lechosa,COTIZACIONES___2023-2024_PIN_ARIAS_2_fddc.xlsx
AG-2187,Yogourt YOKA SIN AZUCAR,consu,Alimentos,Units,,,,True,False,False,PINARIA,,,,1,,,,NEW_PRODUCT,1,1,MANUAL_REVIEW,MISSING_VALID_PRICE,NO_PRICE,,,,,,,,,yogourt|yoka|sin|azucar,COTIZACIONES___2023-2024_PIN_ARIAS_2_fddc.xlsx
AG-2188,AJO,consu,Ferretería,Units,,,,False,False,False,SHARED,,,,4,,,,NEW_PRODUCT,1,4,MANUAL_REVIEW,MISSING_VALID_PRICE,NO_PRICE,,,,,,,,,ajo,COTIZACIONES___2023-2024_PIN_ARIAS_2_fddc.xlsx
AG-2189,AJI Monrron,consu,Ferretería,Units,,,,False,False,False,SHARED,,,,4,,,,NEW_PRODUCT,1,4,MANUAL_REVIEW,MISSING_VALID_PRICE,NO_PRICE,,,,,,,,,aji|monrron,COTIZACIONES___2023-2024_PIN_ARIAS_2_fddc.xlsx
AG-2190,Gengibre,consu,Ferretería,Units,,,,False,False,False,SHARED,,,,2,,,,NEW_PRODUCT,1,2,MANUAL_REVIEW,MISSING_VALID_PRICE,NO_PRICE,,,,,,,,,gengibre,COTIZACIONES___2023-2024_PIN_ARIAS_2_fddc.xlsx
AG-2191,GUINEO MADURO,consu,Ferretería,Units,,,,False,False,False,SHARED,,,,2,,,,NEW_PRODUCT,1,2,MANUAL_REVIEW,MISSING_VALID_PRICE,NO_PRICE,,,,,,,,,guineo|maduro,COTIZACIONES___2023-2024_PIN_ARIAS_2_fddc.xlsx
AG-2192,Costilla CON FALDA,consu,Carnes,Units,,,,False,True,False,PINARIA,,,,2,,,,NEW_PRODUCT,1,2,MANUAL_REVIEW,MISSING_VALID_PRICE,NO_PRICE,,,,,,,,,costilla|falda,COTIZACIONES___2023-2024_PIN_ARIAS_2_fddc.xlsx
AG-2193,PUERRO,consu,Ferretería,Units,,,,False,False,False,SHARED,,,,2,,,,NEW_PRODUCT,1,2,MANUAL_REVIEW,MISSING_VALID_PRICE,NO_PRICE,,,,,,,,,puerro,COTIZACIONES___2023-2024_PIN_ARIAS_2_fddc.xlsx
AG-2194,Anulada,consu,Ferretería,Units,,,,False,False,False,SHARED,,,,2,,,,NEW_PRODUCT,1,2,MANUAL_REVIEW,MISSING_VALID_PRICE,NO_PRICE,,,,,,,,,anulada,COTIZACIONES___2023-2024_PIN_ARIAS_2_fddc.xlsx
AG-2195,LIBRA DE CERDO,consu,Ferretería,Units,,,,False,False,False,SHARED,,,,2,,,,NEW_PRODUCT,1,2,MANUAL_REVIEW,MISSING_VALID_PRICE,NO_PRICE,,,,,,,,,libra|cerdo,COTIZACIONES___2023-2024_PIN_ARIAS_2_fddc.xlsx
AG-2196,LIBRA DE RES,consu,Ferretería,Units,,,,False,False,False,SHARED,,,,1,,,,NEW_PRODUCT,1,1,MANUAL_REVIEW,MISSING_VALID_PRICE,NO_PRICE,,,,,,,,,libra|res,COTIZACIONES___2023-2024_PIN_ARIAS_2_fddc.xlsx
AG-2197,LIBRA DE CARNE MOLIDA,consu,Ferretería,Units,,,,False,False,False,SHARED,,,,1,,,,NEW_PRODUCT,1,1,MANUAL_REVIEW,MISSING_VALID_PRICE,NO_PRICE,,,,,,,,,libra|carne|molida,COTIZACIONES___2023-2024_PIN_ARIAS_2_fddc.xlsx
AG-2198,LIBRA DE CARNE DE RES MOLIDA,consu,Carnes,Units,,,,False,True,False,PINARIA,,,,2,,,,NEW_PRODUCT,1,2,MANUAL_REVIEW,MISSING_VALID_PRICE,NO_PRICE,,,,,,,,,libra|carne|res|molida,COTIZACIONES___2023-2024_PIN_ARIAS_2_fddc.xlsx
AG-2199,LIBRA DE Costilla Ahumada,consu,Carnes,Units,,,,False,True,False,PINARIA,,,,1,,,,NEW_PRODUCT,1,1,MANUAL_REVIEW,MISSING_VALID_PRICE,NO_PRICE,,,,,,,,,libra|costilla|ahumada,COTIZACIONES___2023-2024_PIN_ARIAS_2_fddc.xlsx
AG-2200,LIBRA DE Costilla,consu,Carnes,Units,,,,False,True,False,PINARIA,,,,1,,,,NEW_PRODUCT,1,1,MANUAL_REVIEW,MISSING_VALID_PRICE,NO_PRICE,,,,,,,,,libra|costilla,COTIZACIONES___2023-2024_PIN_ARIAS_2_fddc.xlsx
AG-2201,Longaniza FRESCA,consu,Ferretería,Units,,,,False,False,False,SHARED,,,,2,,,,NEW_PRODUCT,1,2,MANUAL_REVIEW,MISSING_VALID_PRICE,NO_PRICE,,,,,,,,,longaniza|fresca,COTIZACIONES___2023-2024_PIN_ARIAS_2_fddc.xlsx
AG-2202,CUBETA CON TAPA Transparente,consu,Ferretería,Units,,,,False,False,False,SHARED,,,,1,,,,NEW_PRODUCT,1,1,MANUAL_REVIEW,MISSING_VALID_PRICE,NO_PRICE,,,,,,,,,cubeta|tapa|transparente,COTIZACIONES___2023-2024_PIN_ARIAS_2_fddc.xlsx
AG-2203,Colador Espumadera,consu,Ferretería,Units,,,,False,False,False,SHARED,,,,1,,,,NEW_PRODUCT,1,1,MANUAL_REVIEW,MISSING_VALID_PRICE,NO_PRICE,,,,,,,,,colador|espumadera,COTIZACIONES___2023-2024_PIN_ARIAS_2_fddc.xlsx
AG-2204,VASO 10 OZ BLANCO 20/50,consu,Ferretería,Units,,,caliber=20/50,False,False,False,SHARED,,,,1,,,,NEW_PRODUCT,1,1,MANUAL_REVIEW,MISSING_VALID_PRICE,NO_PRICE,,,,,,,,,vaso|10|oz|blanco|20/50|20/50,COTIZACIONES___2023-2024_PIN_ARIAS_2_fddc.xlsx
AG-2205,VASO 4 OZ PAPER PLUS BLANCO 20/50,consu,Ferretería,Units,,,caliber=20/50,False,False,False,SHARED,,,,1,,,,NEW_PRODUCT,1,1,MANUAL_REVIEW,MISSING_VALID_PRICE,NO_PRICE,,,,,,,,,vaso|4|oz|paper|plus|blanco|20/50|20/50,COTIZACIONES___2023-2024_PIN_ARIAS_2_fddc.xlsx
AG-2206,"Sabanas Blancas TAMAÑO TWIN 170 CM X 270 CM (66''X 106''), Poliester Y Algodón Peinado,",consu,Ferretería,Units,LG,,,False,False,False,SHARED,,,,1,,,,NEW_PRODUCT,1,1,MANUAL_REVIEW,MISSING_VALID_PRICE,NO_PRICE,,,,,,,,,sabanas|blancas|tamano|twin|170|cm|x|270,COTIZACIONES___2023-2024_PIN_ARIAS_2_fddc.xlsx
AG-2207,"Canastilla BASICA PARA BEBE. Incluye: BAÑITO Pequeño, Manta,enterizo, Franela, Medias,",consu,Limpieza,Units,,,,False,False,False,SHARED,,,,1,,,,NEW_PRODUCT,1,1,MANUAL_REVIEW,MISSING_VALID_PRICE,NO_PRICE,,,,,,,,,canastilla|basica|para|bebe.|incluye|banito|pequeno|manta,COTIZACIONES___2023-2024_PIN_ARIAS_2_fddc.xlsx
AG-2208,Bandeja DE MORO DE Habichuelas NEGRAS,consu,Alimentos,Units,,,,True,False,False,PINARIA,,,,1,,,,NEW_PRODUCT,1,1,MANUAL_REVIEW,MISSING_VALID_PRICE,NO_PRICE,,,,,,,,,bandeja|moro|habichuelas|negras,COTIZACIONES___2023-2024_PIN_ARIAS_2_fddc.xlsx
AG-2209,Bandeja DE Ensalada Hervida,consu,Ferretería,Units,,,,False,False,False,SHARED,,,,1,,,,NEW_PRODUCT,1,1,MANUAL_REVIEW,MISSING_VALID_PRICE,NO_PRICE,,,,,,,,,bandeja|ensalada|hervida,COTIZACIONES___2023-2024_PIN_ARIAS_2_fddc.xlsx
AG-2210,Bandeja DE POLLOS Horneados,consu,Carnes,Units,,,,False,True,False,PINARIA,,,,1,,,,NEW_PRODUCT,1,1,MANUAL_REVIEW,MISSING_VALID_PRICE,NO_PRICE,,,,,,,,,bandeja|pollos|horneados,COTIZACIONES___2023-2024_PIN_ARIAS_2_fddc.xlsx
AG-2211,Bandeja DE Pastelon DE Platano MADURO,consu,Alimentos,Units,,,,True,False,False,PINARIA,,,,1,,,,NEW_PRODUCT,1,1,MANUAL_REVIEW,MISSING_VALID_PRICE,NO_PRICE,,,,,,,,,bandeja|pastelon|platano|maduro,COTIZACIONES___2023-2024_PIN_ARIAS_2_fddc.xlsx
AG-2212,ACEITE DE SOYA LINDA 16 OZ 24/1,consu,Ferretería,Units,,,caliber=24/1,False,False,False,SHARED,,,,1,,,,NEW_PRODUCT,1,1,MANUAL_REVIEW,MISSING_VALID_PRICE,NO_PRICE,,,,,,,,,aceite|soya|linda|16|oz|24/1|24/1,COTIZACIONES___2023-2024_PIN_ARIAS_2_fddc.xlsx
AG-2213,ARROZ Selecto LA CIGUA GRADO A (PAQ 5 LB) 12/1,consu,Alimentos,Units,,,caliber=12/1 presentation=5 lb,True,False,False,PINARIA,,,,3,1850.0,1850.0,1850.0,NEW_PRODUCT,1,3,CREATE_PIÑARIA_PRODUCT,,SINGLE,COTIZACIONES___2023-2024_PIN_ARIAS_2_fddc.xlsx,Hoja2,21,QUOTATION,ARROZ SELECTO LA CIGUA GRADO A (PAQ 5 LB) 12/1,1875.0,1850.0,DOP,arroz|selecto|cigua|grado|a|paq|5|lb|12/1|5 lb,COTIZACIONES___2023-2024_PIN_ARIAS_2_fddc.xlsx
AG-2214,AVENA EN Hojuelas Instantanea Americana 300 G 40/1,consu,Ferretería,Units,,,caliber=40/1,False,False,False,SHARED,,,,1,,,,NEW_PRODUCT,1,1,MANUAL_REVIEW,MISSING_VALID_PRICE,NO_PRICE,,,,,,,,,avena|hojuelas|instantanea|americana|300|g|40/1|40/1,COTIZACIONES___2023-2024_PIN_ARIAS_2_fddc.xlsx
AG-2215,SAZON EN POLVO 8OZ (24 UND),consu,Ferretería,Units,,,,False,False,False,SHARED,,,,1,,,,NEW_PRODUCT,1,1,MANUAL_REVIEW,MISSING_VALID_PRICE,NO_PRICE,,,,,,,,,sazon|polvo|8oz|24|und,COTIZACIONES___2023-2024_PIN_ARIAS_2_fddc.xlsx
AG-2216,Espaguetis MILANO 400G MILANO 24/1,consu,Ferretería,Units,,,caliber=24/1,False,False,False,SHARED,,,,1,,,,NEW_PRODUCT,1,1,MANUAL_REVIEW,MISSING_VALID_PRICE,NO_PRICE,,,,,,,,,espaguetis|milano|400g|milano|24/1|24/1,COTIZACIONES___2023-2024_PIN_ARIAS_2_fddc.xlsx
AG-2217,Chocolate EN BARRAS MUNE (10 TAB 25G) 72/1,consu,Ferretería,Units,,,caliber=72/1,False,False,False,SHARED,,,,3,4114.0,4114.0,4114.0,NEW_PRODUCT,1,3,CREATE_SHARED_PRODUCT,,SINGLE,COTIZACIONES___2023-2024_PIN_ARIAS_2_fddc.xlsx,Hoja2,25,QUOTATION,CHOCOLATE EN BARRAS MUNE  (10 TAB 25G) 72/1,314.0,4114.0,DOP,chocolate|barras|mune|10|tab|25g|72/1|72/1,COTIZACIONES___2023-2024_PIN_ARIAS_2_fddc.xlsx
AG-2218,Habichuelas PINTAS DON Rodrigo 400G 30/1,consu,Alimentos,Units,,,caliber=30/1,True,False,False,PINARIA,,,,3,1200.0,1200.0,1200.0,NEW_PRODUCT,1,3,CREATE_PIÑARIA_PRODUCT,,SINGLE,COTIZACIONES___2023-2024_PIN_ARIAS_2_fddc.xlsx,Hoja2,26,QUOTATION,HABICHUELAS PINTAS DON RODRIGO 400G 30/1,750.0,1200.0,DOP,habichuelas|pintas|don|rodrigo|400g|30/1|30/1,COTIZACIONES___2023-2024_PIN_ARIAS_2_fddc.xlsx
AG-2219,Guandules (LATA 15OZ) 24 UND LINDA,consu,Ferretería,Units,,,,False,False,False,SHARED,,,,1,,,,NEW_PRODUCT,1,1,MANUAL_REVIEW,MISSING_VALID_PRICE,NO_PRICE,,,,,,,,,guandules|lata|15oz|24|und|linda,COTIZACIONES___2023-2024_PIN_ARIAS_2_fddc.xlsx
AG-2220,MAIZ DULCE Rodrigo 15 OZ 24/1,consu,Ferretería,Units,,,caliber=24/1,False,False,False,SHARED,,,,3,1200.0,1200.0,1200.0,NEW_PRODUCT,1,3,CREATE_SHARED_PRODUCT,,SINGLE,COTIZACIONES___2023-2024_PIN_ARIAS_2_fddc.xlsx,Hoja2,28,QUOTATION,MAIZ DULCE RODRIGO 15 OZ 24/1,939.0,1200.0,DOP,maiz|dulce|rodrigo|15|oz|24/1|24/1,COTIZACIONES___2023-2024_PIN_ARIAS_2_fddc.xlsx
AG-2221,LECHE EN POLVO MILEX 125GR 48/1,consu,Alimentos,Units,,,caliber=48/1,True,False,False,PINARIA,,,,3,3505.0,3505.0,3505.0,NEW_PRODUCT,1,3,CREATE_PIÑARIA_PRODUCT,,SINGLE,COTIZACIONES___2023-2024_PIN_ARIAS_2_fddc.xlsx,Hoja2,29,QUOTATION,LECHE EN POLVO MILEX 125GR 48/1,471.0,3505.0,DOP,leche|polvo|milex|125gr|48/1|48/1,COTIZACIONES___2023-2024_PIN_ARIAS_2_fddc.xlsx
AG-2222,PASTA DE TOMATE Victorina 8 OZ 24/1,consu,Ferretería,Units,,,caliber=24/1,False,False,False,SHARED,,,,3,2002.99,2002.99,2002.99,NEW_PRODUCT,1,3,CREATE_SHARED_PRODUCT,,SINGLE,COTIZACIONES___2023-2024_PIN_ARIAS_2_fddc.xlsx,Hoja2,30,QUOTATION,PASTA DE TOMATE VICTORINA  8 OZ 24/1,939.0,2002.99,DOP,pasta|tomate|victorina|8|oz|24/1|24/1,COTIZACIONES___2023-2024_PIN_ARIAS_2_fddc.xlsx
AG-2223,SAL MARINA MOLIDA Refinada LIDER FDA 1LB 25/1,consu,Ferretería,Units,,,caliber=25/1 presentation=1 lb,False,False,False,SHARED,,,,1,,,,NEW_PRODUCT,1,1,MANUAL_REVIEW,MISSING_VALID_PRICE,NO_PRICE,,,,,,,,,sal|marina|molida|refinada|lider|fda|1|lb|25/1|1 lb,COTIZACIONES___2023-2024_PIN_ARIAS_2_fddc.xlsx
AG-2224,Sardinas EN ACEITE AGUSTO 125 GR 24/1,consu,Ferretería,Units,,,caliber=24/1,False,False,False,SHARED,,,,3,1053.89,1053.89,1053.89,NEW_PRODUCT,1,3,CREATE_SHARED_PRODUCT,,SINGLE,COTIZACIONES___2023-2024_PIN_ARIAS_2_fddc.xlsx,Hoja2,32,QUOTATION,SARDINAS EN ACEITE AGUSTO 125 GR 24/1,939.0,1053.89,DOP,sardinas|aceite|agusto|125|gr|24/1|24/1,COTIZACIONES___2023-2024_PIN_ARIAS_2_fddc.xlsx
AG-2225,Salchichas DE CERDO JAJA 10 OZ 24/1,consu,Ferretería,Units,,,caliber=24/1,False,False,False,SHARED,,,,3,1292.0,1292.0,1292.0,NEW_PRODUCT,1,3,CREATE_SHARED_PRODUCT,,SINGLE,COTIZACIONES___2023-2024_PIN_ARIAS_2_fddc.xlsx,Hoja2,33,QUOTATION,SALCHICHAS DE CERDO JAJA 10 OZ 24/1,939.0,1292.0,DOP,salchichas|cerdo|jaja|10|oz|24/1|24/1,COTIZACIONES___2023-2024_PIN_ARIAS_2_fddc.xlsx
AG-2226,ACEITE DE SOYA LA JOYA 16 OZ 24/1,consu,Ferretería,Units,,,caliber=24/1,False,False,False,SHARED,,,,2,1236.0,1236.0,1236.0,NEW_PRODUCT,1,2,CREATE_SHARED_PRODUCT,,SINGLE,COTIZACIONES___2023-2024_PIN_ARIAS_2_fddc.xlsx,Hoja2,20,QUOTATION,ACEITE DE SOYA LA JOYA 16 OZ 24/1,939.0,1236.0,DOP,aceite|soya|joya|16|oz|24/1|24/1,COTIZACIONES___2023-2024_PIN_ARIAS_2_fddc.xlsx
AG-2227,AVENA EN Hojuelas Instantanea Americana 300G 40/1,consu,Ferretería,Units,,,caliber=40/1,False,False,False,SHARED,,,,2,1350.0,1350.0,1350.0,NEW_PRODUCT,1,2,CREATE_SHARED_PRODUCT,,SINGLE,COTIZACIONES___2023-2024_PIN_ARIAS_2_fddc.xlsx,Hoja2,22,QUOTATION,AVENA EN HOJUELAS INSTANTANEA AMERICANA 300G  40/1,564.0,1350.0,DOP,avena|hojuelas|instantanea|americana|300g|40/1|40/1,COTIZACIONES___2023-2024_PIN_ARIAS_2_fddc.xlsx
AG-2228,SAZON EN POLVO Constanza 8OZ 24/1,consu,Ferretería,Units,,,caliber=24/1,False,False,False,SHARED,,,,2,875.0,875.0,875.0,NEW_PRODUCT,1,2,CREATE_SHARED_PRODUCT,,SINGLE,COTIZACIONES___2023-2024_PIN_ARIAS_2_fddc.xlsx,Hoja2,23,QUOTATION,SAZON EN POLVO CONSTANZA 8OZ 24/1,939.0,875.0,DOP,sazon|polvo|constanza|8oz|24/1|24/1,COTIZACIONES___2023-2024_PIN_ARIAS_2_fddc.xlsx
AG-2229,Espaguetis MILANO 350G MILANO 24/1,consu,Ferretería,Units,,,caliber=24/1,False,False,False,SHARED,,,,2,450.0,450.0,450.0,NEW_PRODUCT,1,2,CREATE_SHARED_PRODUCT,,SINGLE,COTIZACIONES___2023-2024_PIN_ARIAS_2_fddc.xlsx,Hoja2,24,QUOTATION,ESPAGUETIS MILANO 350G MILANO 24/1,939.0,450.0,DOP,espaguetis|milano|350g|milano|24/1|24/1,COTIZACIONES___2023-2024_PIN_ARIAS_2_fddc.xlsx
AG-2230,Guandules LINDA (LATA 15OZ) 24/1,consu,Ferretería,Units,,,caliber=24/1,False,False,False,SHARED,,,,2,1282.5,1282.5,1282.5,NEW_PRODUCT,1,2,CREATE_SHARED_PRODUCT,,SINGLE,COTIZACIONES___2023-2024_PIN_ARIAS_2_fddc.xlsx,Hoja2,27,QUOTATION,GUANDULES LINDA (LATA 15OZ) 24/1,939.0,1282.5,DOP,guandules|linda|lata|15oz|24/1|24/1,COTIZACIONES___2023-2024_PIN_ARIAS_2_fddc.xlsx
AG-2231,SAL MARINA MOLIDA Refisal FDA 1LB 25/1,consu,Ferretería,Units,,,caliber=25/1 presentation=1 lb,False,False,False,SHARED,,,,2,260.0,260.0,260.0,NEW_PRODUCT,1,2,CREATE_SHARED_PRODUCT,,SINGLE,COTIZACIONES___2023-2024_PIN_ARIAS_2_fddc.xlsx,Hoja2,31,QUOTATION,SAL MARINA MOLIDA REFISAL FDA 1LB 25/1,900.0,260.0,DOP,sal|marina|molida|refisal|fda|1|lb|25/1|25/1|1 lb,COTIZACIONES___2023-2024_PIN_ARIAS_2_fddc.xlsx
AG-2232,POLLO ENTERO GRANDE Y FRESCO,consu,Carnes,Units,,,,False,True,False,PINARIA,,,,2,,,,NEW_PRODUCT,1,2,MANUAL_REVIEW,MISSING_VALID_PRICE,NO_PRICE,,,,,,,,,pollo|entero|grande|fresco,COTIZACIONES___2023-2024_PIN_ARIAS_2_fddc.xlsx
AG-2233,Mondogo DE RES,consu,Ferretería,Units,,,,False,False,False,SHARED,,,,2,,,,NEW_PRODUCT,1,2,MANUAL_REVIEW,MISSING_VALID_PRICE,NO_PRICE,,,,,,,,,mondogo|res,COTIZACIONES___2023-2024_PIN_ARIAS_2_fddc.xlsx
AG-2234,KIT DE Raciones Alimenticias,consu,Ferretería,Units,,,,False,False,False,SHARED,,,,3,932.2,932.2034,932.2034,NEW_PRODUCT,1,3,CREATE_SHARED_PRODUCT,,MAX,COTIZACIONES___2023-2024_PIN_ARIAS_2_fddc.xlsx,KIT DE RACIONES,20,QUOTATION,KIT DE RACIONES ALIMENTICIAS,6640.0,932.2034,DOP,kit|raciones|alimenticias,COTIZACIONES___2023-2024_PIN_ARIAS_2_fddc.xlsx
AG-2235,Mondogo,consu,Ferretería,Units,,,,False,False,False,SHARED,,,,1,,,,NEW_PRODUCT,1,1,MANUAL_REVIEW,MISSING_VALID_PRICE,NO_PRICE,,,,,,,,,mondogo,COTIZACIONES___2023-2024_PIN_ARIAS_2_fddc.xlsx
AG-2236,Costillas Ahumada,consu,Ferretería,Units,,,,False,False,False,SHARED,,,,1,,,,NEW_PRODUCT,1,1,MANUAL_REVIEW,MISSING_VALID_PRICE,NO_PRICE,,,,,,,,,costillas|ahumada,COTIZACIONES___2023-2024_PIN_ARIAS_2_fddc.xlsx
AG-2237,Chuleta Ahumada (lonjeada),consu,Carnes,Units,,,,False,True,False,PINARIA,,,,1,,,,NEW_PRODUCT,1,1,MANUAL_REVIEW,MISSING_VALID_PRICE,NO_PRICE,,,,,,,,,chuleta|ahumada|lonjeada,COTIZACIONES___2023-2024_PIN_ARIAS_2_fddc.xlsx
AG-2238,JAMON PICNIC (5LB),consu,Carnes,Units,,,presentation=5 lb,False,True,False,PINARIA,,,,1,,,,NEW_PRODUCT,1,1,MANUAL_REVIEW,MISSING_VALID_PRICE,NO_PRICE,,,,,,,,,jamon|picnic|5|lb|5 lb,COTIZACIONES___2023-2024_PIN_ARIAS_2_fddc.xlsx
AG-2239,SALAMI (3.41 LB),consu,Carnes,Units,,,presentation=3.41 lb,False,True,False,PINARIA,,,,1,,,,NEW_PRODUCT,1,1,MANUAL_REVIEW,MISSING_VALID_PRICE,NO_PRICE,,,,,,,,,salami|3.41|lb|3.41 lb,COTIZACIONES___2023-2024_PIN_ARIAS_2_fddc.xlsx
AG-2240,QUESO CHEDAR (5 LB),consu,Alimentos,Units,,,presentation=5 lb,True,False,False,PINARIA,,,,1,,,,NEW_PRODUCT,1,1,MANUAL_REVIEW,MISSING_VALID_PRICE,NO_PRICE,,,,,,,,,queso|chedar|5|lb|5 lb,COTIZACIONES___2023-2024_PIN_ARIAS_2_fddc.xlsx
AG-2241,QUESO DANES (5LB),consu,Alimentos,Units,,,presentation=5 lb,True,False,False,PINARIA,,,,1,,,,NEW_PRODUCT,1,1,MANUAL_REVIEW,MISSING_VALID_PRICE,NO_PRICE,,,,,,,,,queso|danes|5|lb|5 lb,COTIZACIONES___2023-2024_PIN_ARIAS_2_fddc.xlsx
AG-2242,QUESO CREMA (5 LB),consu,Alimentos,Units,,,presentation=5 lb,True,False,False,PINARIA,,,,1,,,,NEW_PRODUCT,1,1,MANUAL_REVIEW,MISSING_VALID_PRICE,NO_PRICE,,,,,,,,,queso|crema|5|lb|5 lb,COTIZACIONES___2023-2024_PIN_ARIAS_2_fddc.xlsx
AG-2243,QUESO BLANCO DE FREIR (5LB),consu,Alimentos,Units,,,presentation=5 lb,True,False,False,PINARIA,,,,1,,,,NEW_PRODUCT,1,1,MANUAL_REVIEW,MISSING_VALID_PRICE,NO_PRICE,,,,,,,,,queso|blanco|freir|5|lb|5 lb,COTIZACIONES___2023-2024_PIN_ARIAS_2_fddc.xlsx
AG-2244,CAFÉ MOLIDO 100% PURO DE 1 LB PILON,consu,Ferretería,Units,,,presentation=1 lb,False,False,False,SHARED,,,,1,,,,NEW_PRODUCT,1,1,MANUAL_REVIEW,MISSING_VALID_PRICE,NO_PRICE,,,,,,,,,cafe|molido|100%|puro|1|lb|pilon|1 lb,COTIZACIONES___2023-2024_PIN_ARIAS_2_fddc.xlsx
AG-2245,Cremola 1 LB FOOD CLUB,consu,Ferretería,Units,,,presentation=1 lb,False,False,False,SHARED,,,,1,,,,NEW_PRODUCT,1,1,MANUAL_REVIEW,MISSING_VALID_PRICE,NO_PRICE,,,,,,,,,cremola|1|lb|food|club|1 lb,COTIZACIONES___2023-2024_PIN_ARIAS_2_fddc.xlsx
AG-2246,Botella DE AGUA 20oz 12/1 VILLAR,consu,Ferretería,Units,,,caliber=12/1,False,False,False,SHARED,,,,1,,,,NEW_PRODUCT,1,1,MANUAL_REVIEW,MISSING_VALID_PRICE,NO_PRICE,,,,,,,,,botella|agua|20oz|12/1|villar|12/1,COTIZACIONES___2023-2024_PIN_ARIAS_2_fddc.xlsx
AG-2247,AZUCAR CREMA 2 LB Cristal,consu,Alimentos,Units,,,presentation=2 lb,True,False,False,PINARIA,,,,1,,,,NEW_PRODUCT,1,1,MANUAL_REVIEW,MISSING_VALID_PRICE,NO_PRICE,,,,,,,,,azucar|crema|2|lb|cristal|2 lb,COTIZACIONES___2023-2024_PIN_ARIAS_2_fddc.xlsx
AG-2248,AZUCAR Dietetica Splenda 300/1,consu,Alimentos,Units,,,caliber=300/1,True,False,False,PINARIA,,,,1,,,,NEW_PRODUCT,1,1,MANUAL_REVIEW,MISSING_VALID_PRICE,NO_PRICE,,,,,,,,,azucar|dietetica|splenda|300/1|300/1,COTIZACIONES___2023-2024_PIN_ARIAS_2_fddc.xlsx
AG-2249,Chocolate EN Tabletas,consu,Ferretería,Units,,,,False,False,False,SHARED,,,,1,,,,NEW_PRODUCT,1,1,MANUAL_REVIEW,MISSING_VALID_PRICE,NO_PRICE,,,,,,,,,chocolate|tabletas,COTIZACIONES___2023-2024_PIN_ARIAS_2_fddc.xlsx
AG-2250,LECHE ENTERA,consu,Alimentos,Units,,,,True,False,False,PINARIA,,,,1,,,,NEW_PRODUCT,1,1,MANUAL_REVIEW,MISSING_VALID_PRICE,NO_PRICE,,,,,,,,,leche|entera,COTIZACIONES___2023-2024_PIN_ARIAS_2_fddc.xlsx
AG-2251,LECHE Evaporada,consu,Alimentos,Units,,,,True,False,False,PINARIA,,,,1,,,,NEW_PRODUCT,1,1,MANUAL_REVIEW,MISSING_VALID_PRICE,NO_PRICE,,,,,,,,,leche|evaporada,COTIZACIONES___2023-2024_PIN_ARIAS_2_fddc.xlsx
AG-2252,Mayonessa GALON,consu,Ferretería,Units,,,,False,False,False,SHARED,,,,1,,,,NEW_PRODUCT,1,1,MANUAL_REVIEW,MISSING_VALID_PRICE,NO_PRICE,,,,,,,,,mayonessa|galon,COTIZACIONES___2023-2024_PIN_ARIAS_2_fddc.xlsx
AG-2253,Mantequilla GRANDE,consu,Alimentos,Units,,,,True,False,False,PINARIA,,,,1,,,,NEW_PRODUCT,1,1,MANUAL_REVIEW,MISSING_VALID_PRICE,NO_PRICE,,,,,,,,,mantequilla|grande,COTIZACIONES___2023-2024_PIN_ARIAS_2_fddc.xlsx
AG-2254,ARROZ BLANCO 50LB,consu,Alimentos,Units,,,presentation=50 lb,True,False,False,PINARIA,,,,1,,,,NEW_PRODUCT,1,1,MANUAL_REVIEW,MISSING_VALID_PRICE,NO_PRICE,,,,,,,,,arroz|blanco|50|lb|50 lb,COTIZACIONES___2023-2024_PIN_ARIAS_2_fddc.xlsx
AG-2255,ACEITE,consu,Ferretería,Units,,,,False,False,False,SHARED,,,,1,,,,NEW_PRODUCT,1,1,MANUAL_REVIEW,MISSING_VALID_PRICE,NO_PRICE,,,,,,,,,aceite,COTIZACIONES___2023-2024_PIN_ARIAS_2_fddc.xlsx
AG-2256,ACEITE VERDE,consu,Ferretería,Units,,,,False,False,False,SHARED,,,,1,,,,NEW_PRODUCT,1,1,MANUAL_REVIEW,MISSING_VALID_PRICE,NO_PRICE,,,,,,,,,aceite|verde,COTIZACIONES___2023-2024_PIN_ARIAS_2_fddc.xlsx
AG-2257,CODITO,consu,Ferretería,Units,,,,False,False,False,SHARED,,,,1,,,,NEW_PRODUCT,1,1,MANUAL_REVIEW,MISSING_VALID_PRICE,NO_PRICE,,,,,,,,,codito,COTIZACIONES___2023-2024_PIN_ARIAS_2_fddc.xlsx
AG-2258,FIDEOS,consu,Ferretería,Units,,,,False,False,False,SHARED,,,,1,,,,NEW_PRODUCT,1,1,MANUAL_REVIEW,MISSING_VALID_PRICE,NO_PRICE,,,,,,,,,fideos,COTIZACIONES___2023-2024_PIN_ARIAS_2_fddc.xlsx
AG-2259,Vinagre AMBAR,consu,Ferretería,Units,,,,False,False,False,SHARED,,,,1,,,,NEW_PRODUCT,1,1,MANUAL_REVIEW,MISSING_VALID_PRICE,NO_PRICE,,,,,,,,,vinagre|ambar,COTIZACIONES___2023-2024_PIN_ARIAS_2_fddc.xlsx
AG-2260,Galleta DE SODA,consu,Ferretería,Units,,,,False,False,False,SHARED,,,,1,,,,NEW_PRODUCT,1,1,MANUAL_REVIEW,MISSING_VALID_PRICE,NO_PRICE,,,,,,,,,galleta|soda,COTIZACIONES___2023-2024_PIN_ARIAS_2_fddc.xlsx
AG-2261,CALDO DE POLLO,consu,Carnes,Units,,,,False,True,False,PINARIA,,,,1,,,,NEW_PRODUCT,1,1,MANUAL_REVIEW,MISSING_VALID_PRICE,NO_PRICE,,,,,,,,,caldo|pollo,COTIZACIONES___2023-2024_PIN_ARIAS_2_fddc.xlsx
AG-2262,HARINA D TRIGO,consu,Alimentos,Units,,,,True,False,False,PINARIA,,,,1,,,,NEW_PRODUCT,1,1,MANUAL_REVIEW,MISSING_VALID_PRICE,NO_PRICE,,,,,,,,,harina|d|trigo,COTIZACIONES___2023-2024_PIN_ARIAS_2_fddc.xlsx
AG-2263,JUGO Concentrado GALON,consu,Ferretería,Units,,,,False,False,False,SHARED,,,,1,,,,NEW_PRODUCT,1,1,MANUAL_REVIEW,MISSING_VALID_PRICE,NO_PRICE,,,,,,,,,jugo|concentrado|galon,COTIZACIONES___2023-2024_PIN_ARIAS_2_fddc.xlsx
AG-2264,HARINA DE Negrito,consu,Alimentos,Units,,,,True,False,False,PINARIA,,,,1,,,,NEW_PRODUCT,1,1,MANUAL_REVIEW,MISSING_VALID_PRICE,NO_PRICE,,,,,,,,,harina|negrito,COTIZACIONES___2023-2024_PIN_ARIAS_2_fddc.xlsx
AG-2265,MAIZ Enlatado,consu,Ferretería,Units,,,,False,False,False,SHARED,,,,1,,,,NEW_PRODUCT,1,1,MANUAL_REVIEW,MISSING_VALID_PRICE,NO_PRICE,,,,,,,,,maiz|enlatado,COTIZACIONES___2023-2024_PIN_ARIAS_2_fddc.xlsx
AG-2266,HARINA DE MAIZ,consu,Alimentos,Units,,,,True,False,False,PINARIA,,,,2,,,,NEW_PRODUCT,2,2,MANUAL_REVIEW,MISSING_VALID_PRICE,NO_PRICE,,,,,,,,,harina|maiz,COTIZACIONES___2023-2024_PIN_ARIAS_2_fddc.xlsx | cotizacion_del_marcelino_9bd9.xlsx
AG-2267,SAL MOLIDA YADADA,consu,Ferretería,Units,,,,False,False,False,SHARED,,,,1,,,,NEW_PRODUCT,1,1,MANUAL_REVIEW,MISSING_VALID_PRICE,NO_PRICE,,,,,,,,,sal|molida|yadada,COTIZACIONES___2023-2024_PIN_ARIAS_2_fddc.xlsx
AG-2268,SALSA CHINA GALON,consu,Ferretería,Units,,,,False,False,False,SHARED,,,,1,,,,NEW_PRODUCT,1,1,MANUAL_REVIEW,MISSING_VALID_PRICE,NO_PRICE,,,,,,,,,salsa|china|galon,COTIZACIONES___2023-2024_PIN_ARIAS_2_fddc.xlsx
AG-2269,Vainilla,consu,Ferretería,Units,,,,False,False,False,SHARED,,,,1,,,,NEW_PRODUCT,1,1,MANUAL_REVIEW,MISSING_VALID_PRICE,NO_PRICE,,,,,,,,,vainilla,COTIZACIONES___2023-2024_PIN_ARIAS_2_fddc.xlsx
AG-2270,CREMA DE LECHE,consu,Alimentos,Units,,,,True,False,False,PINARIA,,,,1,,,,NEW_PRODUCT,1,1,MANUAL_REVIEW,MISSING_VALID_PRICE,NO_PRICE,,,,,,,,,crema|leche,COTIZACIONES___2023-2024_PIN_ARIAS_2_fddc.xlsx
AG-2271,CARNE DE CERDO EN TIRAS,consu,Carnes,Units,,,,False,True,False,PINARIA,,,,1,,,,NEW_PRODUCT,1,1,MANUAL_REVIEW,MISSING_VALID_PRICE,NO_PRICE,,,,,,,,,carne|cerdo|tiras,COTIZACIONES___2023-2024_PIN_ARIAS_2_fddc.xlsx
AG-2272,ATUN EN ACEITE,consu,Ferretería,Units,,,,False,False,False,SHARED,,,,1,,,,NEW_PRODUCT,1,1,MANUAL_REVIEW,MISSING_VALID_PRICE,NO_PRICE,,,,,,,,,atun|aceite,COTIZACIONES___2023-2024_PIN_ARIAS_2_fddc.xlsx
AG-2273,Lasaña De Queso,consu,Alimentos,Units,,,,True,False,False,PINARIA,,,,1,,,,NEW_PRODUCT,1,1,MANUAL_REVIEW,MISSING_VALID_PRICE,NO_PRICE,,,,,,,,,lasana|queso,COTIZACION_-2026_MAYO_4932.xlsx
AG-2274,Lasaña De Pollo,consu,Carnes,Units,,,,False,True,False,PINARIA,,,,1,,,,NEW_PRODUCT,1,1,MANUAL_REVIEW,MISSING_VALID_PRICE,NO_PRICE,,,,,,,,,lasana|pollo,COTIZACION_-2026_MAYO_4932.xlsx
AG-2275,Pollo Horneado,consu,Carnes,Units,,,,False,True,False,PINARIA,,,,1,,,,NEW_PRODUCT,1,1,MANUAL_REVIEW,MISSING_VALID_PRICE,NO_PRICE,,,,,,,,,pollo|horneado,COTIZACION_-2026_MAYO_4932.xlsx
AG-2276,Cerdo Horneado,consu,Ferretería,Units,,,,False,False,False,SHARED,,,,1,,,,NEW_PRODUCT,1,1,MANUAL_REVIEW,MISSING_VALID_PRICE,NO_PRICE,,,,,,,,,cerdo|horneado,COTIZACION_-2026_MAYO_4932.xlsx
AG-2277,Moro De Habichuela Roja,consu,Alimentos,Units,,,,True,False,False,PINARIA,,,,1,,,,NEW_PRODUCT,1,1,MANUAL_REVIEW,MISSING_VALID_PRICE,NO_PRICE,,,,,,,,,moro|habichuela|roja,COTIZACION_-2026_MAYO_4932.xlsx
AG-2278,Moro De Habichuela Negra,consu,Alimentos,Units,,,,True,False,False,PINARIA,,,,1,,,,NEW_PRODUCT,1,1,MANUAL_REVIEW,MISSING_VALID_PRICE,NO_PRICE,,,,,,,,,moro|habichuela|negra,COTIZACION_-2026_MAYO_4932.xlsx
AG-2279,APINZA Amperimétrica Digital Voltaje 200m 600 V O Superior,consu,Ferretería,Units,,,,False,False,False,SHARED,,,,1,,,,NEW_PRODUCT,1,1,MANUAL_REVIEW,MISSING_VALID_PRICE,NO_PRICE,,,,,,,,,apinza|amperimetrica|digital|voltaje|200m|600|v|o,COTIZACION_MATERIALES_FERRETERO1_7286.xlsx
AG-2280,Multímetro Industrial 10A Sobrecarga DE 20A,consu,Ferretería,Units,,,,False,False,False,SHARED,,,,1,,,,NEW_PRODUCT,1,1,MANUAL_REVIEW,MISSING_VALID_PRICE,NO_PRICE,,,,,,,,,multimetro|industrial|10a|sobrecarga|20a,COTIZACION_MATERIALES_FERRETERO1_7286.xlsx
AG-2281,JUEGO DE Herramientas 70 PIEZAS,consu,Ferretería,Units,,,,False,False,False,SHARED,,,,1,,,,NEW_PRODUCT,1,1,MANUAL_REVIEW,MISSING_VALID_PRICE,NO_PRICE,,,,,,,,,juego|herramientas|70|piezas,COTIZACION_MATERIALES_FERRETERO1_7286.xlsx
AG-2282,Guantes DE Proteccion PARA Electricista,consu,Ferretería,Units,,,,False,False,False,SHARED,,,,1,,,,NEW_PRODUCT,1,1,MANUAL_REVIEW,MISSING_VALID_PRICE,NO_PRICE,,,,,,,,,guantes|proteccion|para|electricista,COTIZACION_MATERIALES_FERRETERO1_7286.xlsx
AG-2283,Pelador Automático Y Cripador DE Alambre PELA CLABES *7,consu,Ferretería,Units,,,,False,False,False,SHARED,,,,1,,,,NEW_PRODUCT,1,1,MANUAL_REVIEW,MISSING_VALID_PRICE,NO_PRICE,,,,,,,,,pelador|automatico|cripador|alambre|pela|clabes|7,COTIZACION_MATERIALES_FERRETERO1_7286.xlsx
AG-2284,JUEGO DE Herramientas PINZA Alicate /PINZA 3 PIEZAS Alicates / PINZAS,consu,Herramientas,Units,,,,False,False,False,SHARED,,,,1,,,,NEW_PRODUCT,1,1,MANUAL_REVIEW,MISSING_VALID_PRICE,NO_PRICE,,,,,,,,,juego|herramientas|pinza|alicate|/pinza|3|piezas|alicates,COTIZACION_MATERIALES_FERRETERO1_7286.xlsx
AG-2285,JUEGO DE Destornilladores Aislado 7 PIEZAS 1000V,consu,Herramientas,Units,,,,False,False,False,SHARED,,,,1,,,,NEW_PRODUCT,1,1,MANUAL_REVIEW,MISSING_VALID_PRICE,NO_PRICE,,,,,,,,,juego|destornilladores|aislado|7|piezas|1000v,COTIZACION_MATERIALES_FERRETERO1_7286.xlsx
AG-2286,JUEGO DE Avellanador Cortatubo,consu,Plomería,Units,,,,False,False,False,SHARED,,,,1,,,,NEW_PRODUCT,1,1,MANUAL_REVIEW,MISSING_VALID_PRICE,NO_PRICE,,,,,,,,,juego|avellanador|cortatubo,COTIZACION_MATERIALES_FERRETERO1_7286.xlsx
AG-2287,Cortadora DE RAMAS MANGO Telescopio 2.8 M,consu,Ferretería,Units,,,,False,False,False,SHARED,,,,1,,,,NEW_PRODUCT,1,1,MANUAL_REVIEW,MISSING_VALID_PRICE,NO_PRICE,,,,,,,,,cortadora|ramas|mango|telescopio|2.8|m,COTIZACION_MATERIALES_FERRETERO1_7286.xlsx
AG-2288,KIT Taladro DOBLE Función Atornillador Y DE Impacto 12 V,consu,Herramientas,Units,,,,False,False,False,SHARED,,,,1,,,,NEW_PRODUCT,1,1,MANUAL_REVIEW,MISSING_VALID_PRICE,NO_PRICE,,,,,,,,,kit|taladro|doble|funcion|atornillador|impacto|12|v,COTIZACION_MATERIALES_FERRETERO1_7286.xlsx
AG-2289,SIERRA Tronzadora 2400W,consu,Herramientas,Units,,,power=2400W,False,False,False,SHARED,,,,1,,,,NEW_PRODUCT,1,1,MANUAL_REVIEW,MISSING_VALID_PRICE,NO_PRICE,,,,,,,,,sierra|tronzadora|2400|w|2400W,COTIZACION_MATERIALES_FERRETERO1_7286.xlsx
AG-2290,Pulidora MANUAL2200 W / 110-120 Voltios,consu,Ferretería,Units,,MANUAL2200,power=2200W model=MANUAL2200,False,False,False,SHARED,,,,1,,,,NEW_PRODUCT,1,1,MANUAL_REVIEW,MISSING_VALID_PRICE,NO_PRICE,,,,,,,,,pulidora|manual2200|w|/|110-120|voltios|MANUAL2200|2200W,COTIZACION_MATERIALES_FERRETERO1_7286.xlsx
AG-2291,PRENSA DE BANCO 6 Pulgadas,consu,Ferretería,Units,LG,,"size=6""",False,False,False,SHARED,,,,1,,,,NEW_PRODUCT,1,1,MANUAL_REVIEW,MISSING_VALID_PRICE,NO_PRICE,,,,,,,,,"prensa|banco|6|pulgadas|6""",COTIZACION_MATERIALES_FERRETERO1_7286.xlsx
AG-2292,Dobladora DE TUBOS 1/2 A 2 CON Tripode,consu,Plomería,Units,,,caliber=1/2,False,False,False,SHARED,,,,1,,,,NEW_PRODUCT,1,1,MANUAL_REVIEW,MISSING_VALID_PRICE,NO_PRICE,,,,,,,,,dobladora|tubos|1/2|a|2|tripode|1/2,COTIZACION_MATERIALES_FERRETERO1_7286.xlsx
AG-2293,Cortadora DE METAL 14 2300 W,consu,Ferretería,Units,,,power=2300W,False,False,False,SHARED,,,,1,,,,NEW_PRODUCT,1,1,MANUAL_REVIEW,MISSING_VALID_PRICE,NO_PRICE,,,,,,,,,cortadora|metal|14|2300|w|2300W,COTIZACION_MATERIALES_FERRETERO1_7286.xlsx
AG-2294,Cortadora DE PLASMA PLASMA 40A 110/220V Inverte CON Accesorios,consu,Ferretería,Units,,,,False,False,False,SHARED,,,,1,,,,NEW_PRODUCT,1,1,MANUAL_REVIEW,MISSING_VALID_PRICE,NO_PRICE,,,,,,,,,cortadora|plasma|plasma|40a|110/220v|inverte|accesorios,COTIZACION_MATERIALES_FERRETERO1_7286.xlsx
AG-2295,CARETA Eléctrica PARA SALDAR,consu,Ferretería,Units,,,,False,False,False,SHARED,,,,1,,,,NEW_PRODUCT,1,1,MANUAL_REVIEW,MISSING_VALID_PRICE,NO_PRICE,,,,,,,,,careta|electrica|para|saldar,COTIZACION_MATERIALES_FERRETERO1_7286.xlsx
AG-2296,Maquina PARA SOLDAR 180a 110/220V,consu,Ferretería,Units,,,,False,False,False,SHARED,,,,1,,,,NEW_PRODUCT,1,1,MANUAL_REVIEW,MISSING_VALID_PRICE,NO_PRICE,,,,,,,,,maquina|para|soldar|180a|110/220v,COTIZACION_MATERIALES_FERRETERO1_7286.xlsx
AG-2297,Escuadra Soldadura 5 75 LB Magnetica,consu,Ferretería,Units,,,presentation=75 lb,False,False,False,SHARED,,,,1,,,,NEW_PRODUCT,1,1,MANUAL_REVIEW,MISSING_VALID_PRICE,NO_PRICE,,,,,,,,,escuadra|soldadura|5|75|lb|magnetica|75 lb,COTIZACION_MATERIALES_FERRETERO1_7286.xlsx
AG-2298,Taladro Estacionario 750W 110V 1PH 20MM,consu,Herramientas,Units,,,power=750W,False,False,False,SHARED,,,,1,,,,NEW_PRODUCT,1,1,MANUAL_REVIEW,MISSING_VALID_PRICE,NO_PRICE,,,,,,,,,taladro|estacionario|750|w|110v|1ph|20|mm|750W,COTIZACION_MATERIALES_FERRETERO1_7286.xlsx
AG-2299,Lijadora Eléctrica MANUAL 300W 110-120V,consu,Ferretería,Units,,,power=300W,False,False,False,SHARED,,,,1,,,,NEW_PRODUCT,1,1,MANUAL_REVIEW,MISSING_VALID_PRICE,NO_PRICE,,,,,,,,,lijadora|electrica|manual|300|w|110-120v|300W,COTIZACION_MATERIALES_FERRETERO1_7286.xlsx
AG-2300,KIT Taladro Atornillador 12V,consu,Herramientas,Units,,,,False,False,False,SHARED,,,,1,,,,NEW_PRODUCT,1,1,MANUAL_REVIEW,MISSING_VALID_PRICE,NO_PRICE,,,,,,,,,kit|taladro|atornillador|12v,COTIZACION_MATERIALES_FERRETERO1_7286.xlsx
AG-2301,Pistola Sopladora 695,consu,Ferretería,Units,,,,False,False,False,SHARED,,,,1,,,,NEW_PRODUCT,1,1,MANUAL_REVIEW,MISSING_VALID_PRICE,NO_PRICE,,,,,,,,,pistola|sopladora|695,COTIZACION_MATERIALES_FERRETERO1_7286.xlsx
AG-2302,Compresor DE AIRE 110-120V/60HZ 110-120 Voltios,consu,Ferretería,Units,,,,False,False,False,SHARED,,,,1,,,,NEW_PRODUCT,1,1,MANUAL_REVIEW,MISSING_VALID_PRICE,NO_PRICE,,,,,,,,,compresor|aire|110-120v/60hz|110-120|voltios,COTIZACION_MATERIALES_FERRETERO1_7286.xlsx
AG-2303,Taladro ROTO Martillo DE 1500 WATT,consu,Herramientas,Units,,,,False,False,False,SHARED,,,,2,,,,NEW_PRODUCT,1,1,MANUAL_REVIEW,MISSING_VALID_PRICE,NO_PRICE,,,,,,,,,taladro|roto|martillo|1500|watt,COTIZACION_MATERIALES_FERRETERO1_7286.xlsx
AG-2304,SIERRA Circular DE BANCO NO. 10 1800W,consu,Herramientas,Units,,,power=1800W,False,False,False,SHARED,,,,1,,,,NEW_PRODUCT,1,1,MANUAL_REVIEW,MISSING_VALID_PRICE,NO_PRICE,,,,,,,,,sierra|circular|banco|no.|10|1800|w|1800W,COTIZACION_MATERIALES_FERRETERO1_7286.xlsx
AG-2305,Maquina Colectora DE POLVO 110-120 Voltios,consu,Ferretería,Units,,,,False,False,False,SHARED,,,,1,,,,NEW_PRODUCT,1,1,MANUAL_REVIEW,MISSING_VALID_PRICE,NO_PRICE,,,,,,,,,maquina|colectora|polvo|110-120|voltios,COTIZACION_MATERIALES_FERRETERO1_7286.xlsx
AG-2306,SIERRA Ingletadora 110-120 Voltios,consu,Herramientas,Units,,,,False,False,False,SHARED,,,,1,,,,NEW_PRODUCT,1,1,MANUAL_REVIEW,MISSING_VALID_PRICE,NO_PRICE,,,,,,,,,sierra|ingletadora|110-120|voltios,COTIZACION_MATERIALES_FERRETERO1_7286.xlsx
AG-2307,Pistola PARA PINTAR,consu,Ferretería,Units,,,,False,False,False,SHARED,,,,1,,,,NEW_PRODUCT,1,1,MANUAL_REVIEW,MISSING_VALID_PRICE,NO_PRICE,,,,,,,,,pistola|para|pintar,COTIZACION_MATERIALES_FERRETERO1_7286.xlsx
AG-2308,ROUTER Eléctrico BASE FIJA 2.25 HP,consu,Tecnología,Units,HP,,,False,False,False,SHARED,,,,1,,,,NEW_PRODUCT,1,1,MANUAL_REVIEW,MISSING_VALID_PRICE,NO_PRICE,,,,,,,,,router|electrico|base|fija|2.25|hp,COTIZACION_MATERIALES_FERRETERO1_7286.xlsx
AG-2309,ROUTER Eléctrico Inalambrico,consu,Tecnología,Units,,,,False,False,False,SHARED,,,,1,,,,NEW_PRODUCT,1,1,MANUAL_REVIEW,MISSING_VALID_PRICE,NO_PRICE,,,,,,,,,router|electrico|inalambrico,COTIZACION_MATERIALES_FERRETERO1_7286.xlsx
AG-2310,Taladro Pedestal 500W 110V 1PH 16mm,consu,Herramientas,Units,,,power=500W,False,False,False,SHARED,,,,1,,,,NEW_PRODUCT,1,1,MANUAL_REVIEW,MISSING_VALID_PRICE,NO_PRICE,,,,,,,,,taladro|pedestal|500|w|110v|1ph|16|mm|500W,COTIZACION_MATERIALES_FERRETERO1_7286.xlsx
AG-2311,JUEGO DE MECHAS PARA Enrutador O Fresador 24 PIEZAS,consu,Ferretería,Units,,,,False,False,False,SHARED,,,,1,,,,NEW_PRODUCT,1,1,MANUAL_REVIEW,MISSING_VALID_PRICE,NO_PRICE,,,,,,,,,juego|mechas|para|enrutador|o|fresador|24|piezas,COTIZACION_MATERIALES_FERRETERO1_7286.xlsx
AG-2312,PRENSA O Abrazadera PARA Ebanistería 36,consu,Ferretería,Units,,,,False,False,False,SHARED,,,,1,,,,NEW_PRODUCT,1,1,MANUAL_REVIEW,MISSING_VALID_PRICE,NO_PRICE,,,,,,,,,prensa|o|abrazadera|para|ebanisteria|36,COTIZACION_MATERIALES_FERRETERO1_7286.xlsx
AG-2313,PRENSA O Abrazadera,consu,Ferretería,Units,,,,False,False,False,SHARED,,,,2,,,,NEW_PRODUCT,1,1,MANUAL_REVIEW,MISSING_VALID_PRICE,NO_PRICE,,,,,,,,,prensa|o|abrazadera,COTIZACION_MATERIALES_FERRETERO1_7286.xlsx
AG-2314,PRENSA O Abrazadera PARA Ebanistería 48,consu,Ferretería,Units,,,,False,False,False,SHARED,,,,1,,,,NEW_PRODUCT,1,1,MANUAL_REVIEW,MISSING_VALID_PRICE,NO_PRICE,,,,,,,,,prensa|o|abrazadera|para|ebanisteria|48,COTIZACION_MATERIALES_FERRETERO1_7286.xlsx
AG-2315,Pulidora MANUAL 9 2800W -5/8,consu,Ferretería,Units,,,caliber=5/8 power=2800W,False,False,False,SHARED,,,,1,,,,NEW_PRODUCT,1,1,MANUAL_REVIEW,MISSING_VALID_PRICE,NO_PRICE,,,,,,,,,pulidora|manual|9|2800|w|-5/8|5/8|2800W,COTIZACION_MATERIALES_FERRETERO1_7286.xlsx
AG-2316,Lijeradora DE BANDA DISCO 4 Y 6 DE 1/2 HP,consu,Ferretería,Units,HP,,caliber=1/2,False,False,False,SHARED,,,,1,,,,NEW_PRODUCT,1,1,MANUAL_REVIEW,MISSING_VALID_PRICE,NO_PRICE,,,,,,,,,lijeradora|banda|disco|4|6|1/2|hp|1/2,COTIZACION_MATERIALES_FERRETERO1_7286.xlsx
AG-2317,Cargador DE Batería 20V 2A,consu,Ferretería,Units,,,,False,False,False,SHARED,,,,1,,,,NEW_PRODUCT,1,1,MANUAL_REVIEW,MISSING_VALID_PRICE,NO_PRICE,,,,,,,,,cargador|bateria|20v|2a,COTIZACION_MATERIALES_FERRETERO1_7286.xlsx
AG-2318,Baterías PARA Taladro 20V 2A Recargable,consu,Herramientas,Units,,,,False,False,False,SHARED,,,,1,,,,NEW_PRODUCT,1,1,MANUAL_REVIEW,MISSING_VALID_PRICE,NO_PRICE,,,,,,,,,baterias|para|taladro|20v|2a|recargable,COTIZACION_MATERIALES_FERRETERO1_7286.xlsx
AG-2319,Taladro Inalambrico 18/V M18,consu,Herramientas,Units,,,,False,False,False,SHARED,,,,1,,,,NEW_PRODUCT,1,1,MANUAL_REVIEW,MISSING_VALID_PRICE,NO_PRICE,,,,,,,,,taladro|inalambrico|18/v|m18,COTIZACION_MATERIALES_FERRETERO1_7286.xlsx
AG-2320,Clavadora Inalámbrica 18ga 20V,consu,Electrodomésticos,Units,,,,False,False,False,SHARED,,,,1,,,,NEW_PRODUCT,1,1,MANUAL_REVIEW,MISSING_VALID_PRICE,NO_PRICE,,,,,,,,,clavadora|inalambrica|18ga|20v,COTIZACION_MATERIALES_FERRETERO1_7286.xlsx
AG-2321,PUNTA DE ESTRÍA 3 Pulgadas,consu,Ferretería,Units,LG,,"size=3""",False,False,False,SHARED,,,,1,,,,NEW_PRODUCT,1,1,MANUAL_REVIEW,MISSING_VALID_PRICE,NO_PRICE,,,,,,,,,"punta|estria|3|pulgadas|3""",COTIZACION_MATERIALES_FERRETERO1_7286.xlsx
AG-2322,JUEGO DE Formones 12 PIEZAS,consu,Ferretería,Units,,,,False,False,False,SHARED,,,,1,,,,NEW_PRODUCT,1,1,MANUAL_REVIEW,MISSING_VALID_PRICE,NO_PRICE,,,,,,,,,juego|formones|12|piezas,COTIZACION_MATERIALES_FERRETERO1_7286.xlsx
AG-2323,Motosierra DREMER 110-120 Voltios,consu,Herramientas,Units,,,,False,False,False,SHARED,,,,1,,,,NEW_PRODUCT,1,1,MANUAL_REVIEW,MISSING_VALID_PRICE,NO_PRICE,,,,,,,,,motosierra|dremer|110-120|voltios,COTIZACION_MATERIALES_FERRETERO1_7286.xlsx
AG-2324,Pistola DE CALOR,consu,Ferretería,Units,,,,False,False,False,SHARED,,,,1,,,,NEW_PRODUCT,1,1,MANUAL_REVIEW,MISSING_VALID_PRICE,NO_PRICE,,,,,,,,,pistola|calor,COTIZACION_MATERIALES_FERRETERO1_7286.xlsx
AG-2325,DREMEL 3000,consu,Ferretería,Units,,,,False,False,False,SHARED,,,,1,,,,NEW_PRODUCT,1,1,MANUAL_REVIEW,MISSING_VALID_PRICE,NO_PRICE,,,,,,,,,dremel|3000,COTIZACION_MATERIALES_FERRETERO1_7286.xlsx
AG-2326,MANDIL DE Protección (delantal) Impermeable,consu,Ferretería,Units,,,,False,False,False,SHARED,,,,1,,,,NEW_PRODUCT,1,1,MANUAL_REVIEW,MISSING_VALID_PRICE,NO_PRICE,,,,,,,,,mandil|proteccion|delantal|impermeable,COTIZACION_MATERIALES_FERRETERO1_7286.xlsx
AG-2327,"Carretilla DE HIERRO 6,3 PIES",consu,Ferretería,Units,,,capacity=3 pies,False,False,False,SHARED,,,,1,,,,NEW_PRODUCT,1,1,MANUAL_REVIEW,MISSING_VALID_PRICE,NO_PRICE,,,,,,,,,carretilla|hierro|6|3|pies|3 pies,COTIZACION_MATERIALES_FERRETERO1_7286.xlsx
AG-2328,PLANA PARA Albañil NO.8,consu,Ferretería,Units,,,,False,False,False,SHARED,,,,1,,,,NEW_PRODUCT,1,1,MANUAL_REVIEW,MISSING_VALID_PRICE,NO_PRICE,,,,,,,,,plana|para|albanil|no.8,COTIZACION_MATERIALES_FERRETERO1_7286.xlsx
AG-2329,PLANA PARA Albañil NO.7,consu,Ferretería,Units,,,,False,False,False,SHARED,,,,1,,,,NEW_PRODUCT,1,1,MANUAL_REVIEW,MISSING_VALID_PRICE,NO_PRICE,,,,,,,,,plana|para|albanil|no.7,COTIZACION_MATERIALES_FERRETERO1_7286.xlsx
AG-2330,Martillo 16OZ,consu,Herramientas,Units,,,,False,False,False,SHARED,,,,1,,,,NEW_PRODUCT,1,1,MANUAL_REVIEW,MISSING_VALID_PRICE,NO_PRICE,,,,,,,,,martillo|16oz,COTIZACION_MATERIALES_FERRETERO1_7286.xlsx
AG-2331,CUBO PARA Albañil,consu,Ferretería,Units,,,,False,False,False,SHARED,,,,1,,,,NEW_PRODUCT,1,1,MANUAL_REVIEW,MISSING_VALID_PRICE,NO_PRICE,,,,,,,,,cubo|para|albanil,COTIZACION_MATERIALES_FERRETERO1_7286.xlsx
AG-2332,Mandarria DE 8 LB,consu,Ferretería,Units,,,presentation=8 lb,False,False,False,SHARED,,,,1,,,,NEW_PRODUCT,1,1,MANUAL_REVIEW,MISSING_VALID_PRICE,NO_PRICE,,,,,,,,,mandarria|8|lb|8 lb,COTIZACION_MATERIALES_FERRETERO1_7286.xlsx
AG-2333,Mandarria DE 4 LB,consu,Ferretería,Units,,,presentation=4 lb,False,False,False,SHARED,,,,1,,,,NEW_PRODUCT,1,1,MANUAL_REVIEW,MISSING_VALID_PRICE,NO_PRICE,,,,,,,,,mandarria|4|lb|4 lb,COTIZACION_MATERIALES_FERRETERO1_7286.xlsx
AG-2334,PALA Redonda,consu,Ferretería,Units,,,,False,False,False,SHARED,,,,1,,,,NEW_PRODUCT,1,1,MANUAL_REVIEW,MISSING_VALID_PRICE,NO_PRICE,,,,,,,,,pala|redonda,COTIZACION_MATERIALES_FERRETERO1_7286.xlsx
AG-2335,Hormigonera,consu,Construcción,Units,,,,False,False,False,SHARED,,,,1,,,,NEW_PRODUCT,1,1,MANUAL_REVIEW,MISSING_VALID_PRICE,NO_PRICE,,,,,,,,,hormigonera,COTIZACION_MATERIALES_FERRETERO1_7286.xlsx
AG-2336,Cortadora DE Cerámica,consu,Ferretería,Units,,,,False,False,False,SHARED,,,,1,,,,NEW_PRODUCT,1,1,MANUAL_REVIEW,MISSING_VALID_PRICE,NO_PRICE,,,,,,,,,cortadora|ceramica,COTIZACION_MATERIALES_FERRETERO1_7286.xlsx
AG-2337,PALA Cuadrada,consu,Ferretería,Units,,,,False,False,False,SHARED,,,,1,,,,NEW_PRODUCT,1,1,MANUAL_REVIEW,MISSING_VALID_PRICE,NO_PRICE,,,,,,,,,pala|cuadrada,COTIZACION_MATERIALES_FERRETERO1_7286.xlsx
AG-2338,Cizalla PARA CORTE DE Varilla 5/8,consu,Construcción,Units,,,caliber=5/8,False,False,False,SHARED,,,,1,,,,NEW_PRODUCT,1,1,MANUAL_REVIEW,MISSING_VALID_PRICE,NO_PRICE,,,,,,,,,cizalla|para|corte|varilla|5/8|5/8,COTIZACION_MATERIALES_FERRETERO1_7286.xlsx
AG-2339,PARES DE Guantes DE Proteccion DE Albañil,consu,Ferretería,Units,,,,False,False,False,SHARED,,,,1,,,,NEW_PRODUCT,1,1,MANUAL_REVIEW,MISSING_VALID_PRICE,NO_PRICE,,,,,,,,,pares|guantes|proteccion|albanil,COTIZACION_MATERIALES_FERRETERO1_7286.xlsx
AG-2340,TANQUE DE Presión,consu,Ferretería,Units,,,,False,False,False,SHARED,,,,1,,,,NEW_PRODUCT,1,1,MANUAL_REVIEW,MISSING_VALID_PRICE,NO_PRICE,,,,,,,,,tanque|presion,COTIZACION_MATERIALES_FERRETERO1_7286.xlsx
AG-2341,BOMBA Centrifuga,consu,Ferretería,Units,,,,False,False,False,SHARED,,,,1,,,,NEW_PRODUCT,1,1,MANUAL_REVIEW,MISSING_VALID_PRICE,NO_PRICE,,,,,,,,,bomba|centrifuga,COTIZACION_MATERIALES_FERRETERO1_7286.xlsx
AG-2342,BOMBA MANUAL PARA PRUEBA DE Presión,consu,Ferretería,Units,,,,False,False,False,SHARED,,,,1,,,,NEW_PRODUCT,1,1,MANUAL_REVIEW,MISSING_VALID_PRICE,NO_PRICE,,,,,,,,,bomba|manual|para|prueba|presion,COTIZACION_MATERIALES_FERRETERO1_7286.xlsx
AG-2343,BOMBA Sumergible PARA Cisterna,consu,Ferretería,Units,,,,False,False,False,SHARED,,,,1,,,,NEW_PRODUCT,1,1,MANUAL_REVIEW,MISSING_VALID_PRICE,NO_PRICE,,,,,,,,,bomba|sumergible|para|cisterna,COTIZACION_MATERIALES_FERRETERO1_7286.xlsx
AG-2344,Protector DE OÍDOS,consu,Ferretería,Units,,,,False,False,False,SHARED,,,,1,,,,NEW_PRODUCT,1,1,MANUAL_REVIEW,MISSING_VALID_PRICE,NO_PRICE,,,,,,,,,protector|oidos,COTIZACION_MATERIALES_FERRETERO1_7286.xlsx
AG-2345,Chalecos DE Proteccion,consu,Ferretería,Units,,,,False,False,False,SHARED,,,,1,,,,NEW_PRODUCT,1,1,MANUAL_REVIEW,MISSING_VALID_PRICE,NO_PRICE,,,,,,,,,chalecos|proteccion,COTIZACION_MATERIALES_FERRETERO1_7286.xlsx
AG-2346,KIT DE Soplador Inalambrico,consu,Ferretería,Units,,,,False,False,False,SHARED,,,,1,,,,NEW_PRODUCT,1,1,MANUAL_REVIEW,MISSING_VALID_PRICE,NO_PRICE,,,,,,,,,kit|soplador|inalambrico,COTIZACION_MATERIALES_FERRETERO1_7286.xlsx
AG-2347,TIJERA PARA PODAR,consu,Ferretería,Units,,,,False,False,False,SHARED,,,,1,,,,NEW_PRODUCT,1,1,MANUAL_REVIEW,MISSING_VALID_PRICE,NO_PRICE,,,,,,,,,tijera|para|podar,COTIZACION_MATERIALES_FERRETERO1_7286.xlsx
AG-2348,Cortadores PARA RAMAS ALTA NO. 14,consu,Ferretería,Units,,,,False,False,False,SHARED,,,,1,,,,NEW_PRODUCT,1,1,MANUAL_REVIEW,MISSING_VALID_PRICE,NO_PRICE,,,,,,,,,cortadores|para|ramas|alta|no.|14,COTIZACION_MATERIALES_FERRETERO1_7286.xlsx
AG-2349,PORTA Manguera,consu,Ferretería,Units,,,,False,False,False,SHARED,,,,1,,,,NEW_PRODUCT,1,1,MANUAL_REVIEW,MISSING_VALID_PRICE,NO_PRICE,,,,,,,,,porta|manguera,COTIZACION_MATERIALES_FERRETERO1_7286.xlsx
AG-2350,Trimmer,consu,Ferretería,Units,,,,False,False,False,SHARED,,,,1,,,,NEW_PRODUCT,1,1,MANUAL_REVIEW,MISSING_VALID_PRICE,NO_PRICE,,,,,,,,,trimmer,COTIZACION_MATERIALES_FERRETERO1_7286.xlsx
AG-2351,GL DE Herbicida,consu,Ferretería,Units,,,,False,False,False,SHARED,,,,1,,,,NEW_PRODUCT,1,1,MANUAL_REVIEW,MISSING_VALID_PRICE,NO_PRICE,,,,,,,,,gal|herbicida,COTIZACION_MATERIALES_FERRETERO1_7286.xlsx
AG-2352,Rastrillo SEGÚN FICHA Tecnica,consu,Ferretería,Units,,,,False,False,False,SHARED,,,,1,,,,NEW_PRODUCT,1,1,MANUAL_REVIEW,MISSING_VALID_PRICE,NO_PRICE,,,,,,,,,rastrillo|segun|ficha|tecnica,COTIZACION_MATERIALES_FERRETERO1_7286.xlsx
AG-2353,SET DE Herramientas PARA Jardinería,consu,Ferretería,Units,,,,False,False,False,SHARED,,,,1,,,,NEW_PRODUCT,1,1,MANUAL_REVIEW,MISSING_VALID_PRICE,NO_PRICE,,,,,,,,,set|herramientas|para|jardineria,COTIZACION_MATERIALES_FERRETERO1_7286.xlsx
AG-2354,BOTAS DE Protectoras DE GOMA,consu,Ferretería,Units,,,,False,False,False,SHARED,,,,1,,,,NEW_PRODUCT,1,1,MANUAL_REVIEW,MISSING_VALID_PRICE,NO_PRICE,,,,,,,,,botas|protectoras|goma,COTIZACION_MATERIALES_FERRETERO1_7286.xlsx
AG-2355,GAFAS Protectora,consu,Ferretería,Units,,,,False,False,False,SHARED,,,,1,,,,NEW_PRODUCT,1,1,MANUAL_REVIEW,MISSING_VALID_PRICE,NO_PRICE,,,,,,,,,gafas|protectora,COTIZACION_MATERIALES_FERRETERO1_7286.xlsx
AG-2356,CASCO Protector,consu,Ferretería,Units,,,,False,False,False,SHARED,,,,1,,,,NEW_PRODUCT,1,1,MANUAL_REVIEW,MISSING_VALID_PRICE,NO_PRICE,,,,,,,,,casco|protector,COTIZACION_MATERIALES_FERRETERO1_7286.xlsx
AG-2357,TRAJE DE Proteccion PARA Fumigar,consu,Ferretería,Units,,,,False,False,False,SHARED,,,,1,,,,NEW_PRODUCT,1,1,MANUAL_REVIEW,MISSING_VALID_PRICE,NO_PRICE,,,,,,,,,traje|proteccion|para|fumigar,COTIZACION_MATERIALES_FERRETERO1_7286.xlsx
AG-2358,Inversor 2.5KW 24 VOLTIO,consu,Ferretería,Units,,,,False,False,False,SHARED,,,,1,,,,NEW_PRODUCT,1,1,MANUAL_REVIEW,MISSING_VALID_PRICE,NO_PRICE,,,,,,,,,inversor|2.5kw|24|voltio,COTIZACION_MATERIALES_FERRETERO1_7286.xlsx
AG-2359,Baterias PARA Inversores,consu,Ferretería,Units,,,,False,False,False,SHARED,,,,1,,,,NEW_PRODUCT,1,1,MANUAL_REVIEW,MISSING_VALID_PRICE,NO_PRICE,,,,,,,,,baterias|para|inversores,COTIZACION_MATERIALES_FERRETERO1_7286.xlsx
AG-2360,Extractor DE AIRE,consu,Ferretería,Units,,,,False,False,False,SHARED,,,,1,,,,NEW_PRODUCT,1,1,MANUAL_REVIEW,MISSING_VALID_PRICE,NO_PRICE,,,,,,,,,extractor|aire,COTIZACION_MATERIALES_FERRETERO1_7286.xlsx
AG-2361,PERFIL Cuadrado NO. 3 NEGRO GRUESO,consu,Ferretería,Units,,,,False,False,False,SHARED,,,,1,,,,NEW_PRODUCT,1,1,MANUAL_REVIEW,MISSING_VALID_PRICE,NO_PRICE,,,,,,,,,perfil|cuadrado|no.|3|negro|grueso,COTIZACION_MATERIALES_FERRETERO1_7286.xlsx
AG-2362,PERFIL Cuadrado NO. 3*1-1/2 NEGRO GRUESO,consu,Ferretería,Units,,,caliber=1/2,False,False,False,SHARED,,,,1,,,,NEW_PRODUCT,1,1,MANUAL_REVIEW,MISSING_VALID_PRICE,NO_PRICE,,,,,,,,,perfil|cuadrado|no.|3|1-1/2|negro|grueso|1/2,COTIZACION_MATERIALES_FERRETERO1_7286.xlsx
AG-2363,PERFIL Cuadrado NO. 2*4 NEGRO GRUESO,consu,Ferretería,Units,,,,False,False,False,SHARED,,,,1,,,,NEW_PRODUCT,1,1,MANUAL_REVIEW,MISSING_VALID_PRICE,NO_PRICE,,,,,,,,,perfil|cuadrado|no.|2|4|negro|grueso,COTIZACION_MATERIALES_FERRETERO1_7286.xlsx
AG-2364,ROLLO DE MALLA Electrosoldada DE 12 CM,consu,Ferretería,Units,,,,False,False,False,SHARED,,,,1,,,,NEW_PRODUCT,1,1,MANUAL_REVIEW,MISSING_VALID_PRICE,NO_PRICE,,,,,,,,,rollo|malla|electrosoldada|12|cm,COTIZACION_MATERIALES_FERRETERO1_7286.xlsx
AG-2365,CAÑO TIPO Cornisa PARA Aluzinc,consu,Ferretería,Units,Cano,,,False,False,False,SHARED,,,,1,,,,NEW_PRODUCT,1,1,MANUAL_REVIEW,MISSING_VALID_PRICE,NO_PRICE,,,,,,,,,cano|tipo|cornisa|para|aluzinc,COTIZACION_MATERIALES_FERRETERO1_7286.xlsx
AG-2366,Cumbrera PARA Aluzinc,consu,Ferretería,Units,,,,False,False,False,SHARED,,,,1,,,,NEW_PRODUCT,1,1,MANUAL_REVIEW,MISSING_VALID_PRICE,NO_PRICE,,,,,,,,,cumbrera|para|aluzinc,COTIZACION_MATERIALES_FERRETERO1_7286.xlsx
AG-2367,Tornillo AUTO Perforante DE 1-3/4 PARA Aluzinc,consu,Ferretería,Units,,,caliber=3/4,False,False,False,SHARED,,,,1,,,,NEW_PRODUCT,1,1,MANUAL_REVIEW,MISSING_VALID_PRICE,NO_PRICE,,,,,,,,,tornillo|auto|perforante|1-3/4|para|aluzinc|3/4,COTIZACION_MATERIALES_FERRETERO1_7286.xlsx
AG-2368,Plancha DE Aluzinc,consu,Ferretería,Units,,,,False,False,False,SHARED,,,,1,,,,NEW_PRODUCT,1,1,MANUAL_REVIEW,MISSING_VALID_PRICE,NO_PRICE,,,,,,,,,plancha|aluzinc,COTIZACION_MATERIALES_FERRETERO1_7286.xlsx
AG-2369,LIBRA DE Electrodo 3/32,consu,Ferretería,Units,,,caliber=3/32,False,False,False,SHARED,,,,1,,,,NEW_PRODUCT,1,1,MANUAL_REVIEW,MISSING_VALID_PRICE,NO_PRICE,,,,,,,,,libra|electrodo|3/32|3/32,COTIZACION_MATERIALES_FERRETERO1_7286.xlsx
AG-2370,DISCO PARA PULIR NO. 7-1/4,consu,Ferretería,Units,,,caliber=1/4,False,False,False,SHARED,,,,1,,,,NEW_PRODUCT,1,1,MANUAL_REVIEW,MISSING_VALID_PRICE,NO_PRICE,,,,,,,,,disco|para|pulir|no.|7-1/4|1/4,COTIZACION_MATERIALES_FERRETERO1_7286.xlsx
AG-2371,DISCO PARA CORTE 14-3/32,consu,Ferretería,Units,,,caliber=3/32,False,False,False,SHARED,,,,1,,,,NEW_PRODUCT,1,1,MANUAL_REVIEW,MISSING_VALID_PRICE,NO_PRICE,,,,,,,,,disco|para|corte|14-3/32|3/32,COTIZACION_MATERIALES_FERRETERO1_7286.xlsx
AG-2372,GL DE Anticorrosivo NEGRO,consu,Ferretería,Units,,,,False,False,False,SHARED,,,,1,,,,NEW_PRODUCT,1,1,MANUAL_REVIEW,MISSING_VALID_PRICE,NO_PRICE,,,,,,,,,gal|anticorrosivo|negro,COTIZACION_MATERIALES_FERRETERO1_7286.xlsx
AG-2373,GL DE Pintura Esmalte NEGRO 07,consu,Pinturas,Units,,,,False,False,False,SHARED,,,,1,,,,NEW_PRODUCT,1,1,MANUAL_REVIEW,MISSING_VALID_PRICE,NO_PRICE,,,,,,,,,gal|pintura|esmalte|negro|07,COTIZACION_MATERIALES_FERRETERO1_7286.xlsx
AG-2374,GL DE Thinner TH1000,consu,Pinturas,Units,,TH1000,model=TH1000,False,False,False,SHARED,,,,1,,,,NEW_PRODUCT,1,1,MANUAL_REVIEW,MISSING_VALID_PRICE,NO_PRICE,,,,,,,,,gal|thinner|th1000|TH1000,COTIZACION_MATERIALES_FERRETERO1_7286.xlsx
AG-2375,GL DE Aguarrás,consu,Ferretería,Units,,,,False,False,False,SHARED,,,,1,,,,NEW_PRODUCT,1,1,MANUAL_REVIEW,MISSING_VALID_PRICE,NO_PRICE,,,,,,,,,gal|aguarras,COTIZACION_MATERIALES_FERRETERO1_7286.xlsx
AG-2376,ROLO DE PINTAR Pequeño,consu,Ferretería,Units,,,,False,False,False,SHARED,,,,1,,,,NEW_PRODUCT,1,1,MANUAL_REVIEW,MISSING_VALID_PRICE,NO_PRICE,,,,,,,,,rolo|pintar|pequeno,COTIZACION_MATERIALES_FERRETERO1_7286.xlsx
AG-2377,BROCHA NO. 3,consu,Pinturas,Units,,,,False,False,False,SHARED,,,,1,,,,NEW_PRODUCT,1,1,MANUAL_REVIEW,MISSING_VALID_PRICE,NO_PRICE,,,,,,,,,brocha|no.|3,COTIZACION_MATERIALES_FERRETERO1_7286.xlsx
AG-2378,"Artista De Género Musical: Merengue, Bachata, Salsa, Dembow. (un Artista De Cualquiera De",consu,Ferretería,Units,,,,False,False,False,SHARED,,,,2,,,,NEW_PRODUCT,1,2,MANUAL_REVIEW,MISSING_VALID_PRICE,NO_PRICE,,,,,,,,,artista|genero|musical|merengue|bachata|salsa|dembow.|un,COT_95d1.xlsx
AG-2379,Fecha: 02/12/2025 (sujeto A Cambios Por La Entidad Contratante).,consu,Ferretería,Units,,,caliber=02/12,False,False,False,SHARED,,,,2,,,,NEW_PRODUCT,1,2,MANUAL_REVIEW,MISSING_VALID_PRICE,NO_PRICE,,,,,,,,,fecha|02/12/2025|sujeto|a|cambios|por|entidad|contratante|02/12,COT_95d1.xlsx
AG-2380,Fecha: 03/12/2025 (sujeto A Cambios Por La Entidad Contratante).,consu,Ferretería,Units,,,caliber=03/12,False,False,False,SHARED,,,,1,,,,NEW_PRODUCT,1,1,MANUAL_REVIEW,MISSING_VALID_PRICE,NO_PRICE,,,,,,,,,fecha|03/12/2025|sujeto|a|cambios|por|entidad|contratante|03/12,COT_95d1.xlsx
AG-2381,Fecha: 22/12/2025,consu,Ferretería,Units,,,caliber=22/12,False,False,False,SHARED,,,,1,,,,NEW_PRODUCT,1,1,MANUAL_REVIEW,MISSING_VALID_PRICE,NO_PRICE,,,,,,,,,fecha|22/12/2025|22/12,COT_95d1.xlsx
AG-2382,"Lugar 1: Parque Mirador Norte, Av. Ecológica Puerta Número 1 Próximo A La Parada Del",consu,Ferretería,Units,,,,False,False,False,SHARED,,,,2,,,,NEW_PRODUCT,1,2,MANUAL_REVIEW,MISSING_VALID_PRICE,NO_PRICE,,,,,,,,,lugar|1|parque|mirador|norte|av.|ecologica|puerta,COT_95d1.xlsx
AG-2383,"Lugar 2: Calle San Antonio Y Sánchez Y Carlos Manuel Pumarol, Parque Central De Guerra.",consu,Ferretería,Units,,,,False,False,False,SHARED,,,,1,,,,NEW_PRODUCT,1,1,MANUAL_REVIEW,MISSING_VALID_PRICE,NO_PRICE,,,,,,,,,lugar|2|calle|san|antonio|sanchez|carlos|manuel,COT_95d1.xlsx
AG-2384,Hora: 7:00 PM,consu,Ferretería,Units,,,,False,False,False,SHARED,,,,2,,,,NEW_PRODUCT,1,2,MANUAL_REVIEW,MISSING_VALID_PRICE,NO_PRICE,,,,,,,,,hora|7|00|pm,COT_95d1.xlsx
AG-2385,"Días: Martes, Miercoles Y LUNES",consu,Ferretería,Units,,,,False,False,False,SHARED,,,,1,,,,NEW_PRODUCT,1,1,MANUAL_REVIEW,MISSING_VALID_PRICE,NO_PRICE,,,,,,,,,dias|martes|miercoles|lunes,COT_95d1.xlsx
AG-2386,Tarima 24 X 20,consu,Ferretería,Units,,,,False,False,False,SHARED,,,,2,,,,NEW_PRODUCT,1,2,MANUAL_REVIEW,MISSING_VALID_PRICE,NO_PRICE,,,,,,,,,tarima|24|x|20,COT_95d1.xlsx
AG-2387,Tarima VIP 16 X 16 Con Sillas Para 50 Personas,consu,Mobiliario,Units,,,,False,False,False,SHARED,,,,2,,,,NEW_PRODUCT,1,2,MANUAL_REVIEW,MISSING_VALID_PRICE,NO_PRICE,,,,,,,,,tarima|vip|16|x|16|sillas|para|50,COT_95d1.xlsx
AG-2388,"Banner (detrás De La Tarima Que Diga Presidencia, Propeep Y Alcaldía De La Localidad Que",consu,Ferretería,Units,,,,False,False,False,SHARED,,,,2,,,,NEW_PRODUCT,1,2,MANUAL_REVIEW,MISSING_VALID_PRICE,NO_PRICE,,,,,,,,,banner|detras|tarima|que|diga|presidencia|propeep|alcaldia,COT_95d1.xlsx
AG-2389,Techo 29 X 22,consu,Ferretería,Units,,,,False,False,False,SHARED,,,,2,,,,NEW_PRODUCT,1,2,MANUAL_REVIEW,MISSING_VALID_PRICE,NO_PRICE,,,,,,,,,techo|29|x|22,COT_95d1.xlsx
AG-2390,Equipos De Sonido Y Micrófonos,consu,Ferretería,Units,,,,False,False,False,SHARED,,,,2,,,,NEW_PRODUCT,1,2,MANUAL_REVIEW,MISSING_VALID_PRICE,NO_PRICE,,,,,,,,,equipos|sonido|microfonos,COT_95d1.xlsx
AG-2391,Planta Eléctrica 25 KW,consu,Ferretería,Units,,,,False,False,False,SHARED,,,,2,,,,NEW_PRODUCT,1,2,MANUAL_REVIEW,MISSING_VALID_PRICE,NO_PRICE,,,,,,,,,planta|electrica|25|kw,COT_95d1.xlsx
AG-2392,Presentador(a),consu,Ferretería,Units,,,,False,False,False,SHARED,,,,3,,,,NEW_PRODUCT,2,3,MANUAL_REVIEW,MISSING_VALID_PRICE,NO_PRICE,,,,,,,,,presentador|a,COT_95d1.xlsx | FORMATO_DE_COTIZACION_2_21f4.xlsx
AG-2393,Perifoneo (durante 5 Días Antes De La Actividad),consu,Ferretería,Units,,,,False,False,False,SHARED,,,,2,,,,NEW_PRODUCT,1,2,MANUAL_REVIEW,MISSING_VALID_PRICE,NO_PRICE,,,,,,,,,perifoneo|durante|5|dias|antes|actividad,COT_95d1.xlsx
AG-2394,Seguridad (en El Parque De La Actividad A Realizar),consu,Ferretería,Units,,,,False,False,False,SHARED,,,,2,,,,NEW_PRODUCT,1,2,MANUAL_REVIEW,MISSING_VALID_PRICE,NO_PRICE,,,,,,,,,seguridad|parque|actividad|a|realizar,COT_95d1.xlsx
AG-2395,Días: Martes,consu,Ferretería,Units,,,,False,False,False,SHARED,,,,1,,,,NEW_PRODUCT,1,1,MANUAL_REVIEW,MISSING_VALID_PRICE,NO_PRICE,,,,,,,,,dias|martes,COT_95d1.xlsx
AG-2396,Nevera MIDEA 10'',consu,Electrodomésticos,Units,Midea,,,False,False,False,SHARED,,,,1,22300.0,22300.0,22300.0,NEW_PRODUCT,1,1,CREATE_SHARED_PRODUCT,,SINGLE,COT_95d1.xlsx,COT ELECTRODOMESTICOS,17,QUOTATION,nevera MIDEA 10'',50.0,22300.0,DOP,nevera|midea|10,COT_95d1.xlsx
AG-2397,Lavadora SEMI Automatica XPB KGLG-140 22 LB,consu,Electrodomésticos,Units,LG,KGLG-140,presentation=22 lb model=KGLG-140,False,False,False,SHARED,151,LAVADORA SEMI AUTOMATICA XPB KGLG-140 22 LB,9966.1,6,9966.1,10150.0,10150.0,EXACT_MATCH,1,6,REUSE_UPDATE_PRICE,,MAX,COT_95d1.xlsx,COT ELECTRODOMESTICOS,18,QUOTATION,lavadora SEMI AUTOMATICA XPB KGLG-140 22 LB,50.0,10150.0,DOP,lavadora|semi|automatica|xpb|kglg-140|22|lb|KGLG-140|22 lb,COT_95d1.xlsx
AG-2398,Abanico DAIWA WF-S16M Pedestal 16'' SUPER GRIS,consu,Electrodomésticos,Units,Daiwa,WF-S16M,model=WF-S16M,False,False,False,SHARED,,,,7,2000.25,2360.25,2360.25,NEW_PRODUCT,1,7,CREATE_SHARED_PRODUCT,,MAX,COT_95d1.xlsx,LOTE 1 ELECTRODOMESTICOS,22,QUOTATION,ABANICO DAIWA WF-S16M PEDESTAL 16'' SUPER GRIS,100.0,2360.25,DOP,abanico|daiwa|wf-s16m|pedestal|16|super|gris|WF-S16M,COT_95d1.xlsx
AG-2399,Estufa Danilux 24'',consu,Electrodomésticos,Units,Danilux,,,False,False,False,SHARED,,,,6,11059.32,12200.0,12200.0,NEW_PRODUCT,1,6,CREATE_SHARED_PRODUCT,,MAX,COT_95d1.xlsx,COT ELECTRODOMESTICOS,20,QUOTATION,estufa DANILUX 24'',50.0,12200.0,DOP,estufa|danilux|24,COT_95d1.xlsx
AG-2400,Set De Muebles Plasticos,consu,Ferretería,Units,,,,False,False,False,SHARED,,,,1,17699.15,17699.15,17699.15,NEW_PRODUCT,1,1,CREATE_SHARED_PRODUCT,,SINGLE,COT_95d1.xlsx,COT ELECTRODOMESTICOS,21,QUOTATION,set de muebles plasticos,50.0,17699.15,DOP,set|muebles|plasticos,COT_95d1.xlsx
AG-2401,Juego De Comedor Plastico 80X80,consu,Ferretería,Units,,,,False,False,False,SHARED,,,,1,7560.0,7560.0,7560.0,NEW_PRODUCT,1,1,CREATE_SHARED_PRODUCT,,SINGLE,COT_95d1.xlsx,COT ELECTRODOMESTICOS,22,QUOTATION,juego de comedor plastico 80X80,50.0,7560.0,DOP,juego|comedor|plastico|80x80,COT_95d1.xlsx
AG-2402,Televisor TCL Smart TV 32'',consu,Electrodomésticos,Units,TCL,,,False,False,False,SHARED,,,,1,12313.3,12313.3,12313.3,NEW_PRODUCT,1,1,CREATE_SHARED_PRODUCT,,SINGLE,COT_95d1.xlsx,COT ELECTRODOMESTICOS,23,QUOTATION,televisor TCL Smart TV 32'',50.0,12313.3,DOP,televisor|tcl|smart|tv|32,COT_95d1.xlsx
AG-2403,Licuadora DAIWA 3 VEL 550W 1.25L,consu,Electrodomésticos,Units,Daiwa,,power=550W presentation=1.25 l,False,False,False,SHARED,,,,1,1998.3,1998.3,1998.3,NEW_PRODUCT,1,1,CREATE_SHARED_PRODUCT,,SINGLE,COT_95d1.xlsx,COT ELECTRODOMESTICOS,24,QUOTATION,LICUADORA DAIWA 3 VEL 550W 1.25L,50.0,1998.3,DOP,licuadora|daiwa|3|vel|550|w|1.25l|550W|1.25 l,COT_95d1.xlsx
AG-2404,Microondas Digital Whirlpool 0.9' Ft,consu,Electrodomésticos,Units,Whirlpool,,capacity=0.9 pies,False,False,False,SHARED,,,,1,8002.09,8002.09,8002.09,NEW_PRODUCT,1,1,CREATE_SHARED_PRODUCT,,SINGLE,COT_95d1.xlsx,COT ELECTRODOMESTICOS,25,QUOTATION,Microondas Digital Whirlpool 0.9' ft,50.0,8002.09,DOP,microondas|digital|whirlpool|0.9|ft|0.9 pies,COT_95d1.xlsx
AG-2405,Juego De Sala Plastico Duralon,consu,Ferretería,Units,,,,False,False,False,SHARED,,,,4,17076.27,17076.2712,17076.2712,NEW_PRODUCT,1,4,CREATE_SHARED_PRODUCT,,MAX,COT_95d1.xlsx,LOTE 4 Y 5,17,QUOTATION,juego de sala plastico DURALON,52.0,17076.2712,DOP,juego|sala|plastico|duralon,COT_95d1.xlsx
AG-2406,Nevera MIDEA 10 PIES,consu,Electrodomésticos,Units,Midea,,capacity=10 pies,False,False,False,SHARED,152,NEVERA MIDEA 10 PIES,18936.44,7,18936.44,18936.4407,18936.4407,EXACT_MATCH,1,7,REUSE_NO_CHANGE,,MAX,COT_95d1.xlsx,LOTE 4 Y 5,19,QUOTATION,nevera MIDEA 10 PIES,50.0,18936.4407,DOP,nevera|midea|10|pies|10 pies,COT_95d1.xlsx
AG-2407,JUEGO Comedor Plastico 4 SILLAS RIMAX,consu,Mobiliario,Units,,,,False,False,False,SHARED,,,,7,7560.0,8959.9996,8959.9996,NEW_PRODUCT,2,7,CREATE_SHARED_PRODUCT,,MAX,FORMATO_DE_COTIZACION_2_21f4.xlsx,Cotizacion Lote 4,19,QUOTATION,JUEGO COMEDOR PLASTICO 4 SILLAS RIMAX,50.0,8959.9996,DOP,juego|comedor|plastico|4|sillas|rimax,COT_95d1.xlsx | FORMATO_DE_COTIZACION_2_21f4.xlsx
AG-2408,Cama C/base De Madera 54'' Doble Pillow Top Especial,consu,Ferretería,Units,,,,False,False,False,SHARED,,,,6,11738.14,12438.14,12438.14,NEW_PRODUCT,1,6,CREATE_SHARED_PRODUCT,,MAX,COT_95d1.xlsx,LOTE 4 Y 5 (2),22,QUOTATION,cama c/base de madera 54'' Doble pillow top especial,64.0,12438.14,DOP,cama|c/base|madera|54|doble|pillow|top|especial,COT_95d1.xlsx
AG-2409,Televisor De 43'' Konka,consu,Electrodomésticos,Units,,,,False,False,False,SHARED,,,,5,13423.7288,13423.73,13423.73,NEW_PRODUCT,1,5,CREATE_SHARED_PRODUCT,,MAX,COT_95d1.xlsx,LOTE 4 Y 5 (2),23,QUOTATION,televisor de 43'' Konka,42.0,13423.73,DOP,televisor|43|konka,COT_95d1.xlsx
AG-2410,Licuadora DAIWA 3 VEL 600W 1.25L,consu,Electrodomésticos,Units,Daiwa,,power=600W presentation=1.25 l,False,False,False,SHARED,156,LICUADORA DAIWA 3 VEL 600W 1.25L,2023.05,6,2023.05,2668.0,2668.0,EXACT_MATCH,1,6,REUSE_UPDATE_PRICE,,MAX,COT_95d1.xlsx,LOTE 1 ELECTRODOMESTICOS,18,QUOTATION,LICUADORA DAIWA 3 VEL 600W 1.25L,50.0,2668.0,DOP,licuadora|daiwa|3|vel|600|w|1.25l|600W|1.25 l,COT_95d1.xlsx
AG-2411,Microondas American HMG-70 | 21 Litros,consu,Electrodomésticos,Units,,,,False,False,False,SHARED,,,,4,6906.93,6906.9322,6906.9322,NEW_PRODUCT,1,4,CREATE_SHARED_PRODUCT,,MAX,COT_95d1.xlsx,LOTE 4 Y 5,26,QUOTATION,Microondas American HMG-70 | 21 Litros,40.0,6906.9322,DOP,microondas|american|hmg-70|21|litros,COT_95d1.xlsx
AG-2412,BLANCO 00,consu,Ferretería,Units,,,,False,False,False,SHARED,,,,1,,,,NEW_PRODUCT,1,1,MANUAL_REVIEW,MISSING_VALID_PRICE,NO_PRICE,,,,,,,,,blanco|00,COT_95d1.xlsx
AG-2413,AZUL Turquesa,consu,Ferretería,Units,,,,False,False,False,SHARED,,,,1,,,,NEW_PRODUCT,1,1,MANUAL_REVIEW,MISSING_VALID_PRICE,NO_PRICE,,,,,,,,,azul|turquesa,COT_95d1.xlsx
AG-2414,ROJO Positivo,consu,Ferretería,Units,,,,False,False,False,SHARED,,,,1,,,,NEW_PRODUCT,1,1,MANUAL_REVIEW,MISSING_VALID_PRICE,NO_PRICE,,,,,,,,,rojo|positivo,COT_95d1.xlsx
AG-2415,Amarillo Positivo,consu,Ferretería,Units,,,,False,False,False,SHARED,,,,3,,,,NEW_PRODUCT,1,2,MANUAL_REVIEW,MISSING_VALID_PRICE,NO_PRICE,,,,,,,,,amarillo|positivo,COT_95d1.xlsx
AG-2416,NEGRO,consu,Ferretería,Units,,,,False,False,False,SHARED,,,,1,,,,NEW_PRODUCT,1,1,MANUAL_REVIEW,MISSING_VALID_PRICE,NO_PRICE,,,,,,,,,negro,COT_95d1.xlsx
AG-2417,AZUL Positivo,consu,Ferretería,Units,,,,False,False,False,SHARED,,,,1,,,,NEW_PRODUCT,1,1,MANUAL_REVIEW,MISSING_VALID_PRICE,NO_PRICE,,,,,,,,,azul|positivo,COT_95d1.xlsx
AG-2418,AZUL CIELO,consu,Ferretería,Units,,,,False,False,False,SHARED,,,,1,,,,NEW_PRODUCT,1,1,MANUAL_REVIEW,MISSING_VALID_PRICE,NO_PRICE,,,,,,,,,azul|cielo,COT_95d1.xlsx
AG-2419,VERDE Positivo,consu,Ferretería,Units,,,,False,False,False,SHARED,,,,1,,,,NEW_PRODUCT,1,1,MANUAL_REVIEW,MISSING_VALID_PRICE,NO_PRICE,,,,,,,,,verde|positivo,COT_95d1.xlsx
AG-2420,GRIS CLARO,consu,Ferretería,Units,,,,False,False,False,SHARED,,,,1,,,,NEW_PRODUCT,1,1,MANUAL_REVIEW,MISSING_VALID_PRICE,NO_PRICE,,,,,,,,,gris|claro,COT_95d1.xlsx
AG-2421,Terracota,consu,Ferretería,Units,,,,False,False,False,SHARED,,,,1,,,,NEW_PRODUCT,1,1,MANUAL_REVIEW,MISSING_VALID_PRICE,NO_PRICE,,,,,,,,,terracota,COT_95d1.xlsx
AG-2422,Naranja Positivo,consu,Ferretería,Units,,,,False,False,False,SHARED,,,,1,,,,NEW_PRODUCT,1,1,MANUAL_REVIEW,MISSING_VALID_PRICE,NO_PRICE,,,,,,,,,naranja|positivo,COT_95d1.xlsx
AG-2423,BLANCA,consu,Ferretería,Units,,,,False,False,False,SHARED,,,,2,,,,NEW_PRODUCT,1,2,MANUAL_REVIEW,MISSING_VALID_PRICE,NO_PRICE,,,,,,,,,blanca,COT_95d1.xlsx
AG-2424,Barnice Primer Sealer Lanco,consu,Ferretería,Units,,,,False,False,False,SHARED,,,,2,7923.7288,7923.7288,7923.7288,NEW_PRODUCT,1,2,CREATE_SHARED_PRODUCT,,SINGLE,COT_95d1.xlsx,PROPEEP PINTURA,33,QUOTATION,Barnice Primer Sealer lanco,100.0,7923.7288,DOP,barnice|primer|sealer|lanco,COT_95d1.xlsx
AG-2425,Diluyentes Para Pinturas Y Barnices (thinner Th-1000) Tropical,consu,Pinturas,Gal,Tropical,TH-1000,model=TH-1000,False,False,False,SHARED,,,,2,834.7458,834.7458,834.7458,NEW_PRODUCT,1,2,CREATE_SHARED_PRODUCT,,SINGLE,COT_95d1.xlsx,PROPEEP PINTURA,34,QUOTATION,Diluyentes para pinturas y barnices (Thinner Th-1000) tropical,300.0,834.7458,DOP,diluyentes|para|pinturas|barnices|thinner|th-1000|tropical|TH-1000,COT_95d1.xlsx
AG-2426,Masilla Acrilica De Pared Lanco 1/4 Caja 6/1,consu,Mobiliario,Units,,,caliber=1/4,False,False,False,SHARED,,,,2,1355.9322,1355.9322,1355.9322,NEW_PRODUCT,1,2,CREATE_SHARED_PRODUCT,,SINGLE,COT_95d1.xlsx,PROPEEP PINTURA,35,QUOTATION,Masilla acrilica de Pared lanco 1/4 caja 6/1,6.0,1355.9322,DOP,masilla|acrilica|pared|lanco|1/4|caja|6/1|1/4,COT_95d1.xlsx
AG-2427,Pintura Acrílica Superior Mate P/exteriores,consu,Pinturas,Units,,,,False,False,False,SHARED,,,,1,6326.2712,6326.2712,6326.2712,NEW_PRODUCT,1,1,CREATE_SHARED_PRODUCT,,SINGLE,COT_95d1.xlsx,PROPEEP PINTURA,18,QUOTATION,Pintura Acrílica superior mate p/exteriores,1230.0,6326.2712,DOP,pintura|acrilica|superior|mate|p/exteriores,COT_95d1.xlsx
AG-2428,BLANCO 00 Tropical,consu,Ferretería,Units,Tropical,,,False,False,False,SHARED,,,,1,,,,NEW_PRODUCT,1,1,MANUAL_REVIEW,MISSING_VALID_PRICE,NO_PRICE,,,,,,,,,blanco|00|tropical,COT_95d1.xlsx
AG-2429,AZUL Turquesa Popular,consu,Ferretería,Units,,,,False,False,False,SHARED,,,,1,,,,NEW_PRODUCT,1,1,MANUAL_REVIEW,MISSING_VALID_PRICE,NO_PRICE,,,,,,,,,azul|turquesa|popular,COT_95d1.xlsx
AG-2430,ROJO Positivo Popular,consu,Ferretería,Units,,,,False,False,False,SHARED,,,,1,,,,NEW_PRODUCT,1,1,MANUAL_REVIEW,MISSING_VALID_PRICE,NO_PRICE,,,,,,,,,rojo|positivo|popular,COT_95d1.xlsx
AG-2431,Amarillo Positivo Popular,consu,Ferretería,Units,,,,False,False,False,SHARED,,,,1,,,,NEW_PRODUCT,1,1,MANUAL_REVIEW,MISSING_VALID_PRICE,NO_PRICE,,,,,,,,,amarillo|positivo|popular,COT_95d1.xlsx
AG-2432,NEGRO Popular,consu,Ferretería,Units,,,,False,False,False,SHARED,,,,1,,,,NEW_PRODUCT,1,1,MANUAL_REVIEW,MISSING_VALID_PRICE,NO_PRICE,,,,,,,,,negro|popular,COT_95d1.xlsx
AG-2433,AZUL Positivo Popular,consu,Ferretería,Units,,,,False,False,False,SHARED,,,,1,,,,NEW_PRODUCT,1,1,MANUAL_REVIEW,MISSING_VALID_PRICE,NO_PRICE,,,,,,,,,azul|positivo|popular,COT_95d1.xlsx
AG-2434,AZUL CIELO Tropical,consu,Ferretería,Units,Tropical,,,False,False,False,SHARED,,,,1,,,,NEW_PRODUCT,1,1,MANUAL_REVIEW,MISSING_VALID_PRICE,NO_PRICE,,,,,,,,,azul|cielo|tropical,COT_95d1.xlsx
AG-2435,VERDE Positivo Popular,consu,Ferretería,Units,,,,False,False,False,SHARED,,,,1,,,,NEW_PRODUCT,1,1,MANUAL_REVIEW,MISSING_VALID_PRICE,NO_PRICE,,,,,,,,,verde|positivo|popular,COT_95d1.xlsx
AG-2436,GRIS CLARO Tropical,consu,Ferretería,Units,Tropical,,,False,False,False,SHARED,,,,1,,,,NEW_PRODUCT,1,1,MANUAL_REVIEW,MISSING_VALID_PRICE,NO_PRICE,,,,,,,,,gris|claro|tropical,COT_95d1.xlsx
AG-2437,Terracota Popular,consu,Ferretería,Units,,,,False,False,False,SHARED,,,,1,,,,NEW_PRODUCT,1,1,MANUAL_REVIEW,MISSING_VALID_PRICE,NO_PRICE,,,,,,,,,terracota|popular,COT_95d1.xlsx
AG-2438,Naranja Positivo Tropical,consu,Ferretería,Units,Tropical,,,False,False,False,SHARED,,,,1,,,,NEW_PRODUCT,1,1,MANUAL_REVIEW,MISSING_VALID_PRICE,NO_PRICE,,,,,,,,,naranja|positivo|tropical,COT_95d1.xlsx
AG-2439,Pintura Trafico Esmalte CANO,consu,Pinturas,Gal,Cano,,,False,False,False,SHARED,,,,1,1564.0678,1564.0678,1564.0678,NEW_PRODUCT,1,1,CREATE_SHARED_PRODUCT,,SINGLE,COT_95d1.xlsx,PROPEEP PINTURA,30,QUOTATION,Pintura Trafico Esmalte CANO,200.0,1564.0678,DOP,pintura|trafico|esmalte|cano,COT_95d1.xlsx
AG-2440,Televisor TCL 40 Pulgadas SMART TV,consu,Electrodomésticos,Units,TCL,,"size=40""",False,False,False,SHARED,,,,1,15723.73,15723.73,15723.73,NEW_PRODUCT,1,1,CREATE_SHARED_PRODUCT,,SINGLE,COT_95d1.xlsx,LOTE 1 ELECTRODOMESTICOS,17,QUOTATION,TELEVISOR TCL 40 PULGADAS SMART TV,50.0,15723.73,DOP,"televisor|tcl|40|pulgadas|smart|tv|40""",COT_95d1.xlsx
AG-2441,Lavadora SEMI Automatica BLANCA XPB KGLG-140 22 LB,consu,Electrodomésticos,Units,LG,KGLG-140,presentation=22 lb model=KGLG-140,False,False,False,SHARED,,,,2,9966.1,9966.1,9966.1,NEW_PRODUCT,1,2,CREATE_SHARED_PRODUCT,,MAX,COT_95d1.xlsx,LOTE 1 ELECTRODOMESTICOS,19,QUOTATION,lavadora SEMI AUTOMATICA BLANCA XPB KGLG-140 22 LB,50.0,9966.1,DOP,lavadora|semi|automatica|blanca|xpb|kglg-140|22|lb|KGLG-140|22 lb,COT_95d1.xlsx
AG-2442,Plancha DE ROPA A VAPOR Black&decker 1100 W,consu,Ferretería,Units,Black Decker,,power=1100W,False,False,False,SHARED,,,,1,2250.0,2250.0,2250.0,NEW_PRODUCT,1,1,CREATE_SHARED_PRODUCT,,SINGLE,COT_95d1.xlsx,LOTE 1 ELECTRODOMESTICOS,21,QUOTATION,PLANCHA DE ROPA A VAPOR BLACK&DECKER 1100 W,65.0,2250.0,DOP,plancha|ropa|a|vapor|black|decker|1100|w|1100W,COT_95d1.xlsx
AG-2443,Tostadora P/USO Domestico Universal,consu,Ferretería,Units,,,,False,False,False,SHARED,,,,1,2250.0,2250.0,2250.0,NEW_PRODUCT,1,1,CREATE_SHARED_PRODUCT,,SINGLE,COT_95d1.xlsx,LOTE 1 ELECTRODOMESTICOS,23,QUOTATION,TOSTADORA P/USO DOMESTICO universal,50.0,2250.0,DOP,tostadora|p/uso|domestico|universal,COT_95d1.xlsx
AG-2444,Estufas Danilux 24'',consu,Electrodomésticos,Units,Danilux,,,False,False,False,SHARED,,,,2,13059.32,13059.32,13059.32,NEW_PRODUCT,1,2,CREATE_SHARED_PRODUCT,,MAX,COT_95d1.xlsx,LOTE 1 ELECTRODOMESTICOS,24,QUOTATION,ESTUFAS DANILUX 24'',50.0,13059.32,DOP,estufas|danilux|24,COT_95d1.xlsx
AG-2445,SET DE Muebles Platicos Duralon,consu,Ferretería,Units,,,,False,False,False,SHARED,,,,2,16076.27,16076.27,16076.27,NEW_PRODUCT,1,2,CREATE_SHARED_PRODUCT,,MAX,COT_95d1.xlsx,LOTE 1 ELECTRODOMESTICOS,25,QUOTATION,SET DE MUEBLES PLATICOS duralon,50.0,16076.27,DOP,set|muebles|platicos|duralon,COT_95d1.xlsx
AG-2446,JUEGO DE Comedor Platico DE 4 SILLAS RIMAX,consu,Mobiliario,Units,,,,False,False,False,SHARED,,,,4,7560.0,8959.9996,8959.9996,NEW_PRODUCT,2,3,CREATE_SHARED_PRODUCT,,MAX,FORMATO_DE_COTIZACION_2_21f4.xlsx,LOTE 1 ELECTRODOMESTICOS,24,QUOTATION,JUEGO DE COMEDOR PLATICO DE 4 SILLAS RIMAX,50.0,8959.9996,DOP,juego|comedor|platico|4|sillas|rimax,COT_95d1.xlsx | FORMATO_DE_COTIZACION_2_21f4.xlsx
AG-2447,Gavetero/biuro Plastico TIPO RATAN 5 Gavetas Duralon,consu,Ferretería,Units,,,,False,False,False,SHARED,,,,1,2288.3,2288.3,2288.3,NEW_PRODUCT,1,1,CREATE_SHARED_PRODUCT,,SINGLE,COT_95d1.xlsx,LOTE 1 ELECTRODOMESTICOS,27,QUOTATION,GAVETERO/BIURO PLASTICO TIPO RATAN 5 GAVETAS DURALON,200.0,2288.3,DOP,gavetero/biuro|plastico|tipo|ratan|5|gavetas|duralon,COT_95d1.xlsx
AG-2448,Camarote Hilton Twin Twin 39X39 Pulgadas,consu,Ferretería,Units,LG,,"size=39""",False,False,False,SHARED,,,,2,25075.0,25075.0,25075.0,NEW_PRODUCT,1,2,CREATE_SHARED_PRODUCT,,MAX,COT_95d1.xlsx,LOTE 1 ELECTRODOMESTICOS,29,QUOTATION,CAMAROTE hilton twin twin 39X39 PULGADAS,50.0,25075.0,DOP,"camarote|hilton|twin|twin|39x39|pulgadas|39""",COT_95d1.xlsx
AG-2449,Tanques O Cilindros DE GAS 25 LBS EURO Kitchen,consu,Ferretería,Units,,,presentation=25 lbs,False,False,False,SHARED,,,,2,3038.15,3038.15,3038.15,NEW_PRODUCT,1,2,CREATE_SHARED_PRODUCT,,MAX,COT_95d1.xlsx,LOTE 1 ELECTRODOMESTICOS,30,QUOTATION,TANQUES O CILINDROS DE GAS 25 LBS EURO KITCHEN,50.0,3038.15,DOP,tanques|o|cilindros|gas|25|lb|euro|kitchen|25 lbs,COT_95d1.xlsx
AG-2450,Televisor KONKA 32'' SMART TV,consu,Electrodomésticos,Units,,,,False,False,False,SHARED,,,,1,9865.23,9865.23,9865.23,NEW_PRODUCT,1,1,CREATE_SHARED_PRODUCT,,SINGLE,COT_95d1.xlsx,LOTE 2 ELECTRODOMESTICOS ,17,QUOTATION,TELEVISOR KONKA 32'' SMART TV,75.0,9865.23,DOP,televisor|konka|32|smart|tv,COT_95d1.xlsx
AG-2451,Neumaticos 265/65R17 Annaite AN906.AT,consu,Neumáticos,Units,,AN906,model=AN906,False,False,False,SHARED,,,,1,8344.06,8344.06,8344.06,NEW_PRODUCT,1,1,CREATE_SHARED_PRODUCT,,SINGLE,COT_95d1.xlsx,LOTE UNICO-NEUMATICOS,17,QUOTATION,NEUMATICOS 265/65R17 ANNAITE AN906.AT,60.0,8344.06,DOP,neumaticos|265/65r17|annaite|an906.at|AN906,COT_95d1.xlsx
AG-2452,Neumaticos 255/70R16 Annaite LT AN616,consu,Neumáticos,Units,,AN616,model=AN616,False,False,False,SHARED,,,,1,7038.13,7038.13,7038.13,NEW_PRODUCT,1,1,CREATE_SHARED_PRODUCT,,SINGLE,COT_95d1.xlsx,LOTE UNICO-NEUMATICOS,18,QUOTATION,NEUMATICOS 255/70R16 ANNAITE LT AN616,64.0,7038.13,DOP,neumaticos|255/70r16|annaite|lt|an616|AN616,COT_95d1.xlsx
AG-2453,Neumaticos 265/60R18 Annaite,consu,Neumáticos,Units,,,,False,False,False,SHARED,,,,1,6085.72,6085.72,6085.72,NEW_PRODUCT,1,1,CREATE_SHARED_PRODUCT,,SINGLE,COT_95d1.xlsx,LOTE UNICO-NEUMATICOS,19,QUOTATION,NEUMATICOS 265/60R18 ANNAITE,48.0,6085.72,DOP,neumaticos|265/60r18|annaite,COT_95d1.xlsx
AG-2454,Neumaticos 7.00R16 Firestone,consu,Neumáticos,Units,,,,False,False,False,SHARED,,,,1,9250.0,9250.0,9250.0,NEW_PRODUCT,1,1,CREATE_SHARED_PRODUCT,,SINGLE,COT_95d1.xlsx,LOTE UNICO-NEUMATICOS,20,QUOTATION,NEUMATICOS 7.00R16 FIRESTONE,10.0,9250.0,DOP,neumaticos|7.00r16|firestone,COT_95d1.xlsx
AG-2455,Neumaticos 215/75R17.5 Annaite,consu,Neumáticos,Units,,,,False,False,False,SHARED,,,,1,7355.93,7355.93,7355.93,NEW_PRODUCT,1,1,CREATE_SHARED_PRODUCT,,SINGLE,COT_95d1.xlsx,LOTE UNICO-NEUMATICOS,21,QUOTATION,NEUMATICOS 215/75R17.5 ANNAITE,8.0,7355.93,DOP,neumaticos|215/75r17.5|annaite,COT_95d1.xlsx
AG-2456,Neumatico 215/65R17 Annaite,consu,Neumáticos,Units,,,,False,False,False,SHARED,,,,1,7595.76,7595.76,7595.76,NEW_PRODUCT,1,1,CREATE_SHARED_PRODUCT,,SINGLE,COT_95d1.xlsx,LOTE UNICO-NEUMATICOS,22,QUOTATION,NEUMATICO 215/65R17 ANNAITE,10.0,7595.76,DOP,neumatico|215/65r17|annaite,COT_95d1.xlsx
AG-2457,Fechas: 1/12/2025- 21/12/2025 7:00 PM,consu,Ferretería,Units,,,caliber=1/12,False,False,False,SHARED,,,,1,,,,NEW_PRODUCT,1,1,MANUAL_REVIEW,MISSING_VALID_PRICE,NO_PRICE,,,,,,,,,fechas|1/12/2025-|21/12/2025|7|00|pm|1/12,FORMATO_DE_COTIZACION_2_21f4.xlsx
AG-2458,"LUGAR: (boulevard De Las Américas) Av. Las Américas Hacia El Puente, Av. Sabana Larga,",consu,Ferretería,Units,,,,False,False,False,SHARED,,,,3,,,,NEW_PRODUCT,1,3,MANUAL_REVIEW,MISSING_VALID_PRICE,NO_PRICE,,,,,,,,,lugar|boulevard|americas|av.|americas|hacia|puente|av.,FORMATO_DE_COTIZACION_2_21f4.xlsx
AG-2459,BANNER 20x10,consu,Ferretería,Units,,,,False,False,False,SHARED,,,,3,,,,NEW_PRODUCT,1,3,MANUAL_REVIEW,MISSING_VALID_PRICE,NO_PRICE,,,,,,,,,banner|20x10,FORMATO_DE_COTIZACION_2_21f4.xlsx
AG-2460,NOTA: Esta Cotizacion Incluye 2 Carteleras En El Mismo Lugar (boulevard De Las Américas),consu,Ferretería,Units,,,,False,False,False,SHARED,,,,1,,,,NEW_PRODUCT,1,1,MANUAL_REVIEW,MISSING_VALID_PRICE,NO_PRICE,,,,,,,,,nota|esta|cotizacion|incluye|2|carteleras|mismo|lugar,FORMATO_DE_COTIZACION_2_21f4.xlsx
AG-2461,FECHA: Lunes 1/12/2025 7:00 PM,consu,Ferretería,Units,,,caliber=1/12,False,False,False,SHARED,,,,1,,,,NEW_PRODUCT,1,1,MANUAL_REVIEW,MISSING_VALID_PRICE,NO_PRICE,,,,,,,,,fecha|lunes|1/12/2025|7|00|pm|1/12,FORMATO_DE_COTIZACION_2_21f4.xlsx
AG-2462,NOTA: Cotización Con El Costo Estimado De Un (1) Evento,consu,Ferretería,Units,,,,False,False,False,SHARED,,,,2,,,,NEW_PRODUCT,1,2,MANUAL_REVIEW,MISSING_VALID_PRICE,NO_PRICE,,,,,,,,,nota|cotizacion|costo|estimado|un|1|evento,FORMATO_DE_COTIZACION_2_21f4.xlsx
AG-2463,Fechas: Lunes 1/12/2025 7:00 PM,consu,Ferretería,Units,,,caliber=1/12,False,False,False,SHARED,,,,1,,,,NEW_PRODUCT,1,1,MANUAL_REVIEW,MISSING_VALID_PRICE,NO_PRICE,,,,,,,,,fechas|lunes|1/12/2025|7|00|pm|1/12,FORMATO_DE_COTIZACION_2_21f4.xlsx
AG-2464,JUEGO DE SALA Plastico JGO FERR Confort,consu,Ferretería,Units,,,,False,False,False,SHARED,,,,3,20399.1556,20399.1556,20399.1556,NEW_PRODUCT,1,3,CREATE_SHARED_PRODUCT,,MAX,FORMATO_DE_COTIZACION_2_21f4.xlsx,Cotizacion Lote 4,15,QUOTATION,JUEGO DE SALA PLASTICO JGO FERR CONFORT,52.0,20399.1556,DOP,juego|sala|plastico|jgo|ferr|confort,FORMATO_DE_COTIZACION_2_21f4.xlsx
AG-2465,Lavadora SEMI Automatica M/DIMI11W 11 KG Dimensions,consu,Electrodomésticos,Units,,DIMI11W,power=11W presentation=11 kg model=DIMI11W,False,False,False,SHARED,,,,3,11695.0036,11695.0036,11695.0036,NEW_PRODUCT,1,3,CREATE_SHARED_PRODUCT,,MAX,FORMATO_DE_COTIZACION_2_21f4.xlsx,Cotizacion Lote 4,16,QUOTATION,LAVADORA SEMI AUTOMATICA M/DIMI11W 11 KG DIMENSIONS,55.0,11695.0036,DOP,lavadora|semi|automatica|m/dimi11|w|11|kg|dimensions|DIMI11W|11W|11 kg,FORMATO_DE_COTIZACION_2_21f4.xlsx
AG-2466,NEVERA Tecnomaster 10 PC,consu,Electrodomésticos,Units,,,,False,False,False,SHARED,55,NEVERA TECNOMASTER 10 PC,19449.15,5,22949.997,23539.997,23539.997,EXACT_MATCH,1,5,REUSE_UPDATE_PRICE,,MAX,FORMATO_DE_COTIZACION_2_21f4.xlsx,LOTE 1 ELECTRODOMESTICOS,18,QUOTATION,NEVERA TECNOMASTER 10 PC,50.0,23539.997,DOP,nevera|tecnomaster|10|pc,FORMATO_DE_COTIZACION_2_21f4.xlsx
AG-2467,ESTUFA A GAS Discovery HOME 24'',consu,Electrodomésticos,Units,Discovery,,,False,False,False,SHARED,,,,5,15089.0022,15089.0022,15089.0022,NEW_PRODUCT,1,5,CREATE_SHARED_PRODUCT,,MAX,FORMATO_DE_COTIZACION_2_21f4.xlsx,Cotizacion Lote 4,18,QUOTATION,ESTUFA A GAS  DISCOVERY HOME 24'',55.0,15089.0022,DOP,estufa|a|gas|discovery|home|24,FORMATO_DE_COTIZACION_2_21f4.xlsx
AG-2468,CAMA CON BASE DE MADERA 54 PG PILLOW TOP EURO AZUL,consu,Ferretería,Units,,,,False,False,False,SHARED,,,,5,13049.9976,13049.9976,13049.9976,NEW_PRODUCT,1,5,CREATE_SHARED_PRODUCT,,MAX,FORMATO_DE_COTIZACION_2_21f4.xlsx,Cotizacion Lote 4,20,QUOTATION,CAMA CON BASE DE MADERA 54 PG PILLOW TOP EURO AZUL,64.0,13049.9976,DOP,cama|base|madera|54|pg|pillow|top|euro,FORMATO_DE_COTIZACION_2_21f4.xlsx
AG-2469,Televisor AIWA 43'',consu,Electrodomésticos,Units,,,,False,False,False,SHARED,,,,2,14200.002,14200.002,14200.002,NEW_PRODUCT,1,2,CREATE_SHARED_PRODUCT,,MAX,FORMATO_DE_COTIZACION_2_21f4.xlsx,Cotizacion Lote 4,21,QUOTATION,TELEVISOR AIWA 43'',42.0,14200.002,DOP,televisor|aiwa|43,FORMATO_DE_COTIZACION_2_21f4.xlsx
AG-2470,Abanico Discovery HOME 16'',consu,Electrodomésticos,Units,Discovery,,,False,False,False,SHARED,,,,3,2259.995,2259.995,2259.995,NEW_PRODUCT,1,3,CREATE_SHARED_PRODUCT,,MAX,FORMATO_DE_COTIZACION_2_21f4.xlsx,Cotizacion Lote 4,22,QUOTATION,ABANICO DISCOVERY  HOME 16'',52.0,2259.995,DOP,abanico|discovery|home|16,FORMATO_DE_COTIZACION_2_21f4.xlsx
AG-2471,Licuadora Discovery HOME 3-5 VEL 600W 1.5 LITROS,consu,Electrodomésticos,Units,Discovery,,power=600W,False,False,False,SHARED,57,LICUADORA DISCOVERY HOME 3-5 VEL 600W 1.5 LITROS,1889.83,3,2229.9994,2229.9994,2229.9994,EXACT_MATCH,1,3,REUSE_UPDATE_PRICE,,MAX,FORMATO_DE_COTIZACION_2_21f4.xlsx,Cotizacion Lote 4,23,QUOTATION,LICUADORA DISCOVERY HOME  3-5 VEL 600W 1.5 LITROS,50.0,2229.9994,DOP,licuadora|discovery|home|3-5|vel|600|w|1.5|600W,FORMATO_DE_COTIZACION_2_21f4.xlsx
AG-2472,Microonda 21 L American 700-900 VATIOS,consu,Ferretería,Units,,,presentation=21 l,False,False,False,SHARED,,,,3,8573.998,8573.998,8573.998,NEW_PRODUCT,1,3,CREATE_SHARED_PRODUCT,,MAX,FORMATO_DE_COTIZACION_2_21f4.xlsx,Cotizacion Lote 4,24,QUOTATION,MICROONDA 21 L AMERICAN 700-900 VATIOS,40.0,8573.998,DOP,microonda|21|l|american|700-900|vatios|21 l,FORMATO_DE_COTIZACION_2_21f4.xlsx
AG-2473,Pintura Acrilica Superior MATE PARA Exterior Popular,consu,Pinturas,Units,,,,False,False,False,SHARED,,,,1,5847.4576,5847.4576,5847.4576,NEW_PRODUCT,1,1,CREATE_SHARED_PRODUCT,,SINGLE,FORMATO_DE_COTIZACION_2_21f4.xlsx,Cotizacion PINTURA,15,QUOTATION,PINTURA ACRILICA SUPERIOR MATE PARA EXTERIOR POPULAR,1230.0,5847.4576,DOP,pintura|acrilica|superior|mate|para|exterior|popular,FORMATO_DE_COTIZACION_2_21f4.xlsx
AG-2474,Blanco 50 (175 Cubetas),consu,Ferretería,Units,,,,False,False,False,SHARED,,,,1,,,,NEW_PRODUCT,1,1,MANUAL_REVIEW,MISSING_VALID_PRICE,NO_PRICE,,,,,,,,,blanco|50|175|cubetas,FORMATO_DE_COTIZACION_2_21f4.xlsx
AG-2475,Azul Turquesa (100 Cubetas),consu,Ferretería,Units,,,,False,False,False,SHARED,,,,1,,,,NEW_PRODUCT,1,1,MANUAL_REVIEW,MISSING_VALID_PRICE,NO_PRICE,,,,,,,,,azul|turquesa|100|cubetas,FORMATO_DE_COTIZACION_2_21f4.xlsx
AG-2476,Rojo Positivo (150 Cubetas),consu,Ferretería,Units,,,,False,False,False,SHARED,,,,1,,,,NEW_PRODUCT,1,1,MANUAL_REVIEW,MISSING_VALID_PRICE,NO_PRICE,,,,,,,,,rojo|positivo|150|cubetas,FORMATO_DE_COTIZACION_2_21f4.xlsx
AG-2477,Amarillo Positivo (150 Cubetas),consu,Ferretería,Units,,,,False,False,False,SHARED,,,,1,,,,NEW_PRODUCT,1,1,MANUAL_REVIEW,MISSING_VALID_PRICE,NO_PRICE,,,,,,,,,amarillo|positivo|150|cubetas,FORMATO_DE_COTIZACION_2_21f4.xlsx
AG-2478,Negro (55 Cubetas),consu,Ferretería,Units,,,,False,False,False,SHARED,,,,1,,,,NEW_PRODUCT,1,1,MANUAL_REVIEW,MISSING_VALID_PRICE,NO_PRICE,,,,,,,,,negro|55|cubetas,FORMATO_DE_COTIZACION_2_21f4.xlsx
AG-2479,Azul Positivo (200 Cubetas),consu,Ferretería,Units,,,,False,False,False,SHARED,,,,1,,,,NEW_PRODUCT,1,1,MANUAL_REVIEW,MISSING_VALID_PRICE,NO_PRICE,,,,,,,,,azul|positivo|200|cubetas,FORMATO_DE_COTIZACION_2_21f4.xlsx
AG-2480,Azul Cielo (50 Cubetas),consu,Ferretería,Units,,,,False,False,False,SHARED,,,,1,,,,NEW_PRODUCT,1,1,MANUAL_REVIEW,MISSING_VALID_PRICE,NO_PRICE,,,,,,,,,azul|cielo|50|cubetas,FORMATO_DE_COTIZACION_2_21f4.xlsx
AG-2481,Verde Positivo (50 Cubetas),consu,Ferretería,Units,,,,False,False,False,SHARED,,,,1,,,,NEW_PRODUCT,1,1,MANUAL_REVIEW,MISSING_VALID_PRICE,NO_PRICE,,,,,,,,,verde|positivo|50|cubetas,FORMATO_DE_COTIZACION_2_21f4.xlsx
AG-2482,Gris Claro (100 Cubetas),consu,Ferretería,Units,,,,False,False,False,SHARED,,,,1,,,,NEW_PRODUCT,1,1,MANUAL_REVIEW,MISSING_VALID_PRICE,NO_PRICE,,,,,,,,,gris|claro|100|cubetas,FORMATO_DE_COTIZACION_2_21f4.xlsx
AG-2483,Terracota (100 Cubetas),consu,Ferretería,Units,,,,False,False,False,SHARED,,,,1,,,,NEW_PRODUCT,1,1,MANUAL_REVIEW,MISSING_VALID_PRICE,NO_PRICE,,,,,,,,,terracota|100|cubetas,FORMATO_DE_COTIZACION_2_21f4.xlsx
AG-2484,Naranja Positivo (100 Cubetas),consu,Ferretería,Units,,,,False,False,False,SHARED,,,,1,,,,NEW_PRODUCT,1,1,MANUAL_REVIEW,MISSING_VALID_PRICE,NO_PRICE,,,,,,,,,naranja|positivo|100|cubetas,FORMATO_DE_COTIZACION_2_21f4.xlsx
AG-2485,Trafico Blanco,consu,Ferretería,Gal,,,,False,False,False,SHARED,,,,1,1398.3051,1398.3051,1398.3051,NEW_PRODUCT,1,1,CREATE_SHARED_PRODUCT,,SINGLE,FORMATO_DE_COTIZACION_2_21f4.xlsx,Cotizacion PINTURA,27,QUOTATION,Trafico Blanco,50.0,1398.3051,DOP,trafico|blanco,FORMATO_DE_COTIZACION_2_21f4.xlsx
AG-2486,Trafico Amarillo Positivo,consu,Ferretería,Gal,,,,False,False,False,SHARED,,,,1,1398.3051,1398.3051,1398.3051,NEW_PRODUCT,1,1,CREATE_SHARED_PRODUCT,,SINGLE,FORMATO_DE_COTIZACION_2_21f4.xlsx,Cotizacion PINTURA,28,QUOTATION,Trafico Amarillo positivo,150.0,1398.3051,DOP,trafico|amarillo|positivo,FORMATO_DE_COTIZACION_2_21f4.xlsx
AG-2487,BARNIZ Primier SEALER 3 Transparente CUBETA DE 5GL,consu,Ferretería,Units,,,presentation=5 gl,False,False,False,SHARED,,,,1,6779.661,6779.661,6779.661,NEW_PRODUCT,1,1,CREATE_SHARED_PRODUCT,,SINGLE,FORMATO_DE_COTIZACION_2_21f4.xlsx,Cotizacion PINTURA,29,QUOTATION,BARNIZ PRIMIER SEALER 3 TRANSPARENTE CUBETA DE 5GL,100.0,6779.661,DOP,barniz|primier|sealer|3|transparente|cubeta|5|gal|5 gl,FORMATO_DE_COTIZACION_2_21f4.xlsx
AG-2488,Diluyente Thinner TH-1000 1GAL Popular,consu,Pinturas,Gal,,TH-1000,presentation=1 gal model=TH-1000,False,False,False,SHARED,,,,1,762.7119,762.7119,762.7119,NEW_PRODUCT,1,1,CREATE_SHARED_PRODUCT,,SINGLE,FORMATO_DE_COTIZACION_2_21f4.xlsx,Cotizacion PINTURA,30,QUOTATION,DILUYENTE THINNER TH-1000 1GAL POPULAR,300.0,762.7119,DOP,diluyente|thinner|th-1000|1|gal|popular|TH-1000|1 gal,FORMATO_DE_COTIZACION_2_21f4.xlsx
AG-2489,Masilla LANCO,consu,Mobiliario,Units,,,,False,False,False,SHARED,,,,1,1250.0,1250.0,1250.0,NEW_PRODUCT,1,1,CREATE_SHARED_PRODUCT,,SINGLE,FORMATO_DE_COTIZACION_2_21f4.xlsx,Cotizacion PINTURA,31,QUOTATION,MASILLA LANCO,6.0,1250.0,DOP,masilla|lanco,FORMATO_DE_COTIZACION_2_21f4.xlsx
AG-2490,FUNDAS Plasticas NEGRAS 55 GLS,consu,Ferretería,Units,,,,False,False,False,SHARED,,,,1,,,,NEW_PRODUCT,1,1,MANUAL_REVIEW,MISSING_VALID_PRICE,NO_PRICE,,,,,,,,,fundas|plasticas|negras|55|gls,FORMATO_DE_COTIZACION_2_21f4.xlsx
AG-2491,FUNDAS Plasticas NEGRAS 24x30,consu,Ferretería,Units,,,,False,False,False,SHARED,,,,1,,,,NEW_PRODUCT,1,1,MANUAL_REVIEW,MISSING_VALID_PRICE,NO_PRICE,,,,,,,,,fundas|plasticas|negras|24x30,FORMATO_DE_COTIZACION_2_21f4.xlsx
AG-2492,FUNDAS Plasticas ROJA 55 GLS,consu,Ferretería,Units,,,,False,False,False,SHARED,,,,1,,,,NEW_PRODUCT,1,1,MANUAL_REVIEW,MISSING_VALID_PRICE,NO_PRICE,,,,,,,,,fundas|plasticas|roja|55|gls,FORMATO_DE_COTIZACION_2_21f4.xlsx
AG-2493,FUNDAS Plasticas ROJA 24x30,consu,Ferretería,Units,,,,False,False,False,SHARED,,,,1,,,,NEW_PRODUCT,1,1,MANUAL_REVIEW,MISSING_VALID_PRICE,NO_PRICE,,,,,,,,,fundas|plasticas|roja|24x30,FORMATO_DE_COTIZACION_2_21f4.xlsx
AG-2494,Televisor DAIWA 43'',consu,Electrodomésticos,Units,Daiwa,,,False,False,False,SHARED,,,,1,14200.002,14200.002,14200.002,NEW_PRODUCT,1,1,CREATE_SHARED_PRODUCT,,SINGLE,FORMATO_DE_COTIZACION_2_21f4.xlsx,Cotizacion Lote 6  (3),21,QUOTATION,TELEVISOR DAIWA 43'',42.0,14200.002,DOP,televisor|daiwa|43,FORMATO_DE_COTIZACION_2_21f4.xlsx
AG-2495,"Televisor LG 40"" PULG",consu,Electrodomésticos,Units,LG,,"size=40""",False,False,False,SHARED,,,,1,17449.9934,17449.9934,17449.9934,NEW_PRODUCT,1,1,CREATE_SHARED_PRODUCT,,SINGLE,FORMATO_DE_COTIZACION_2_21f4.xlsx,LOTE 1 ELECTRODOMESTICOS,15,QUOTATION,"TELEVISOR LG  40"" PULG",50.0,17449.9934,DOP,"televisor|lg|40""|pulg|40""",FORMATO_DE_COTIZACION_2_21f4.xlsx
AG-2496,Licuadoras Discovery HOME 3-5 VEL 600W 1.25 LITROS,consu,Electrodomésticos,Units,Discovery,,power=600W,False,False,False,SHARED,,,,1,2229.9994,2229.9994,2229.9994,NEW_PRODUCT,1,1,CREATE_SHARED_PRODUCT,,SINGLE,FORMATO_DE_COTIZACION_2_21f4.xlsx,LOTE 1 ELECTRODOMESTICOS,16,QUOTATION,LICUADORAS DISCOVERY HOME 3-5 VEL 600W 1.25 LITROS,50.0,2229.9994,DOP,licuadoras|discovery|home|3-5|vel|600|w|1.25|600W,FORMATO_DE_COTIZACION_2_21f4.xlsx
AG-2497,Lavadora SEMI Automatica 22 LB Dimensions,consu,Electrodomésticos,Units,,,presentation=22 lb,False,False,False,SHARED,,,,2,11695.0036,11695.0036,11695.0036,NEW_PRODUCT,1,2,CREATE_SHARED_PRODUCT,,MAX,FORMATO_DE_COTIZACION_2_21f4.xlsx,LOTE 1 ELECTRODOMESTICOS,17,QUOTATION,LAVADORA SEMI AUTOMATICA  22 LB DIMENSIONS,50.0,11695.0036,DOP,lavadora|semi|automatica|22|lb|dimensions|22 lb,FORMATO_DE_COTIZACION_2_21f4.xlsx
AG-2498,Plancha DE ROPA A VAPOR Discovery HOME 1000W,consu,Ferretería,Units,Discovery,,power=1000W,False,False,False,SHARED,,,,1,1646.1,1646.1,1646.1,NEW_PRODUCT,1,1,CREATE_SHARED_PRODUCT,,SINGLE,FORMATO_DE_COTIZACION_2_21f4.xlsx,LOTE 1 ELECTRODOMESTICOS,19,QUOTATION,PLANCHA DE ROPA A VAPOR DISCOVERY HOME 1000W,65.0,1646.1,DOP,plancha|ropa|a|vapor|discovery|home|1000|w|1000W,FORMATO_DE_COTIZACION_2_21f4.xlsx
AG-2499,"Abanicos DE Pedestal KGLG 16""",consu,Electrodomésticos,Units,LG,,"size=16""",False,False,False,SHARED,,,,1,2776.835,2776.835,2776.835,NEW_PRODUCT,1,1,CREATE_SHARED_PRODUCT,,SINGLE,FORMATO_DE_COTIZACION_2_21f4.xlsx,LOTE 1 ELECTRODOMESTICOS,20,QUOTATION,"ABANICOS DE PEDESTAL KGLG 16""",100.0,2776.835,DOP,"abanicos|pedestal|kglg|16""|16""",FORMATO_DE_COTIZACION_2_21f4.xlsx
AG-2500,Tostadoras Eutronic GDE SWP-02,consu,Ferretería,Units,,,,False,False,False,SHARED,,,,1,2625.5,2625.5,2625.5,NEW_PRODUCT,1,1,CREATE_SHARED_PRODUCT,,SINGLE,FORMATO_DE_COTIZACION_2_21f4.xlsx,LOTE 1 ELECTRODOMESTICOS,21,QUOTATION,TOSTADORAS EUTRONIC GDE SWP-02,50.0,2625.5,DOP,tostadoras|eutronic|gde|swp-02,FORMATO_DE_COTIZACION_2_21f4.xlsx
AG-2501,SET DE Muebles Platicos FERR Confort,consu,Ferretería,Units,,,,False,False,False,SHARED,,,,2,20399.1556,20399.1556,20399.1556,NEW_PRODUCT,1,2,CREATE_SHARED_PRODUCT,,MAX,FORMATO_DE_COTIZACION_2_21f4.xlsx,LOTE 1 ELECTRODOMESTICOS,23,QUOTATION,SET DE MUEBLES PLATICOS FERR CONFORT,50.0,20399.1556,DOP,set|muebles|platicos|ferr|confort,FORMATO_DE_COTIZACION_2_21f4.xlsx
AG-2502,Gavetero TIPO RATTAN DE 5 Gavetas Duralon,consu,Ferretería,Units,,,,False,False,False,SHARED,,,,1,2619.4112,2619.4112,2619.4112,NEW_PRODUCT,1,1,CREATE_SHARED_PRODUCT,,SINGLE,FORMATO_DE_COTIZACION_2_21f4.xlsx,LOTE 1 ELECTRODOMESTICOS,25,QUOTATION,GAVETERO TIPO RATTAN DE 5 GAVETAS DURALON,200.0,2619.4112,DOP,gavetero|tipo|rattan|5|gavetas|duralon,FORMATO_DE_COTIZACION_2_21f4.xlsx
AG-2503,Camarote 39X39 Pulgadas TWIN TWIN FIRSO,consu,Ferretería,Units,LG,,"size=39""",False,False,False,SHARED,,,,2,32668.3,32668.3,32668.3,NEW_PRODUCT,1,2,CREATE_SHARED_PRODUCT,,MAX,FORMATO_DE_COTIZACION_2_21f4.xlsx,LOTE 1 ELECTRODOMESTICOS,27,QUOTATION,CAMAROTE 39X39 PULGADAS TWIN TWIN FIRSO,50.0,32668.3,DOP,"camarote|39x39|pulgadas|twin|twin|firso|39""",FORMATO_DE_COTIZACION_2_21f4.xlsx
AG-2504,Tanques O Cilindros DE GAS 25 LB Duragas,consu,Ferretería,Units,,,presentation=25 lb,False,False,False,SHARED,,,,2,3849.1364,3849.1364,3849.1364,NEW_PRODUCT,1,2,CREATE_SHARED_PRODUCT,,MAX,FORMATO_DE_COTIZACION_2_21f4.xlsx,LOTE 1 ELECTRODOMESTICOS,28,QUOTATION,TANQUES O CILINDROS DE GAS 25 LB DURAGAS,50.0,3849.1364,DOP,tanques|o|cilindros|gas|25|lb|duragas|25 lb,FORMATO_DE_COTIZACION_2_21f4.xlsx
AG-2505,"Televisor KTC 32"" SMART TV",consu,Electrodomésticos,Units,,,"size=32""",False,False,False,SHARED,,,,1,11568.72,11568.72,11568.72,NEW_PRODUCT,1,1,CREATE_SHARED_PRODUCT,,SINGLE,FORMATO_DE_COTIZACION_2_21f4.xlsx,LOTE 2 ELECTRODOMESTICOS,15,QUOTATION,"TELEVISOR KTC 32"" SMART TV",75.0,11568.72,DOP,"televisor|ktc|32""|smart|tv|32""",FORMATO_DE_COTIZACION_2_21f4.xlsx
AG-2506,SILLON Tecnico Creative,consu,Ferretería,Units,,,,False,False,False,SHARED,,,,1,11086.1,11086.1,11086.1,NEW_PRODUCT,1,1,CREATE_SHARED_PRODUCT,,SINGLE,FORMATO_DE_COTIZACION_2_21f4.xlsx,MOBILIARIOS MT,15,QUOTATION,SILLON TECNICO CREATIVE,27.0,11086.1,DOP,sillon|tecnico|creative,FORMATO_DE_COTIZACION_2_21f4.xlsx
AG-2507,Televisor 55 Pulgadas TCL 4K,consu,Electrodomésticos,Units,TCL,,"size=55""",False,False,False,SHARED,,,,1,45991.68,45991.68,45991.68,NEW_PRODUCT,1,1,CREATE_SHARED_PRODUCT,,SINGLE,FORMATO_DE_COTIZACION_2_21f4.xlsx,MOBILIARIOS MT,16,QUOTATION,TELEVISOR 55 PULGADAS TCL 4K,2.0,45991.68,DOP,"televisor|55|pulgadas|tcl|4k|55""",FORMATO_DE_COTIZACION_2_21f4.xlsx
AG-2508,Gabinete TIPO Credenza 2 Puertas Thunder,consu,Ferretería,Units,,,,False,False,False,SHARED,,,,1,24014.0,24014.0,24014.0,NEW_PRODUCT,1,1,CREATE_SHARED_PRODUCT,,SINGLE,FORMATO_DE_COTIZACION_2_21f4.xlsx,MOBILIARIOS MT,17,QUOTATION,GABINETE TIPO CREDENZA 2 PUERTAS THUNDER,1.0,24014.0,DOP,gabinete|tipo|credenza|2|puertas|thunder,FORMATO_DE_COTIZACION_2_21f4.xlsx
AG-2509,Archivo DE METAL Modular DE 3 Gavetas OMAR,consu,Ferretería,Units,,,,False,False,False,SHARED,,,,1,13693.9,13693.9,13693.9,NEW_PRODUCT,1,1,CREATE_SHARED_PRODUCT,,SINGLE,FORMATO_DE_COTIZACION_2_21f4.xlsx,MOBILIARIOS MT,18,QUOTATION,ARCHIVO DE METAL MODULAR DE 3 GAVETAS OMAR,8.0,13693.9,DOP,archivo|metal|modular|3|gavetas|omar,FORMATO_DE_COTIZACION_2_21f4.xlsx
AG-2510,Counter DE Recepcion EN Melamina,consu,Ferretería,Units,,,,False,False,False,SHARED,,,,1,33394.0,33394.0,33394.0,NEW_PRODUCT,1,1,CREATE_SHARED_PRODUCT,,SINGLE,FORMATO_DE_COTIZACION_2_21f4.xlsx,MOBILIARIOS MT,19,QUOTATION,COUNTER DE RECEPCION EN MELAMINA,3.0,33394.0,DOP,counter|recepcion|melamina,FORMATO_DE_COTIZACION_2_21f4.xlsx
AG-2511,SILLAS DE VISITA PARA Usuario Beiramar,consu,Mobiliario,Units,,,,False,False,False,SHARED,,,,1,6100.6,6100.6,6100.6,NEW_PRODUCT,1,1,CREATE_SHARED_PRODUCT,,SINGLE,FORMATO_DE_COTIZACION_2_21f4.xlsx,MOBILIARIOS MT,20,QUOTATION,SILLAS DE VISITA PARA USUARIO BEIRAMAR,20.0,6100.6,DOP,sillas|visita|para|usuario|beiramar,FORMATO_DE_COTIZACION_2_21f4.xlsx
AG-2512,Escritorio Modular 28x32 Formcase,consu,Mobiliario,Units,,,,False,False,False,SHARED,,,,1,19945.0,19945.0,19945.0,NEW_PRODUCT,1,1,CREATE_SHARED_PRODUCT,,SINGLE,FORMATO_DE_COTIZACION_2_21f4.xlsx,MOBILIARIOS MT,21,QUOTATION,ESCRITORIO MODULAR 28x32 FORMCASE,1.0,19945.0,DOP,escritorio|modular|28x32|formcase,FORMATO_DE_COTIZACION_2_21f4.xlsx
AG-2513,"Estación Modular DE Alturas 1.05 M, 1.20 M Y 1.50 M",consu,Ferretería,Units,,,,False,False,False,SHARED,,,,2,32346.16,32346.16,32346.16,NEW_PRODUCT,1,2,CREATE_SHARED_PRODUCT,,MAX,FORMATO_DE_COTIZACION_2_21f4.xlsx,MOBILIARIOS MT,22,QUOTATION,"ESTACIÓN MODULAR DE ALTURAS 1.05 M, 1.20 M Y 1.50 M",6.0,32346.16,DOP,estacion|modular|alturas|1.05|m|1.20|m|1.50,FORMATO_DE_COTIZACION_2_21f4.xlsx
AG-2514,Escritorio Modular 28x55 CON Retorno 18x36 Formcase,consu,Mobiliario,Units,,,,False,False,False,SHARED,,,,1,22243.0,22243.0,22243.0,NEW_PRODUCT,1,1,CREATE_SHARED_PRODUCT,,SINGLE,FORMATO_DE_COTIZACION_2_21f4.xlsx,MOBILIARIOS MT,23,QUOTATION,ESCRITORIO MODULAR 28x55 CON RETORNO 18x36 FORMCASE,8.0,22243.0,DOP,escritorio|modular|28x55|retorno|18x36|formcase,FORMATO_DE_COTIZACION_2_21f4.xlsx
AG-2515,SILLAS PARA VISITA DELUXE,consu,Mobiliario,Units,,,,False,False,False,SHARED,,,,1,12465.52,12465.52,12465.52,NEW_PRODUCT,1,1,CREATE_SHARED_PRODUCT,,SINGLE,FORMATO_DE_COTIZACION_2_21f4.xlsx,MOBILIARIOS MT,24,QUOTATION,SILLAS PARA VISITA DELUXE,2.0,12465.52,DOP,sillas|para|visita|deluxe,FORMATO_DE_COTIZACION_2_21f4.xlsx
AG-2516,Archivo DE METAL DE 4 Gavetas COLOR GRIS Mercury,consu,Ferretería,Units,,,,False,False,False,SHARED,,,,1,18382.04,18382.04,18382.04,NEW_PRODUCT,1,1,CREATE_SHARED_PRODUCT,,SINGLE,FORMATO_DE_COTIZACION_2_21f4.xlsx,MOBILIARIOS MT,25,QUOTATION,ARCHIVO DE METAL DE 4 GAVETAS COLOR GRIS MERCURY,11.0,18382.04,DOP,archivo|metal|4|gavetas|color|gris|mercury,FORMATO_DE_COTIZACION_2_21f4.xlsx
AG-2517,SILLA DE VISITA PARA Directores Tapizada EN Pielina,consu,Mobiliario,Units,,,,False,False,False,SHARED,,,,3,12047.8,12047.8,12047.8,NEW_PRODUCT,1,3,CREATE_SHARED_PRODUCT,,MAX,FORMATO_DE_COTIZACION_2_21f4.xlsx,MOBILIARIOS MT,26,QUOTATION,SILLA DE VISITA PARA DIRECTORES TAPIZADA EN PIELINA,10.0,12047.8,DOP,silla|visita|para|directores|tapizada|pielina,FORMATO_DE_COTIZACION_2_21f4.xlsx
AG-2518,SILLON Ejecutivo CELIO EN PIEL Genuina COLOR NEGRO,consu,Ferretería,Units,,,,False,False,False,SHARED,,,,3,21860.68,21860.68,21860.68,NEW_PRODUCT,1,3,CREATE_SHARED_PRODUCT,,MAX,FORMATO_DE_COTIZACION_2_21f4.xlsx,MOBILIARIOS MT,27,QUOTATION,SILLON EJECUTIVO CELIO EN PIEL GENUINA COLOR NEGRO,8.0,21860.68,DOP,sillon|ejecutivo|celio|piel|genuina|color|negro,FORMATO_DE_COTIZACION_2_21f4.xlsx
AG-2519,Armario DE METAL 2 Puertas 18X36X71,consu,Ferretería,Units,,,,False,False,False,SHARED,,,,1,17205.1434,17205.1434,17205.1434,NEW_PRODUCT,1,1,CREATE_SHARED_PRODUCT,,SINGLE,FORMATO_DE_COTIZACION_2_21f4.xlsx,MOBILIARIOS MT,28,QUOTATION,ARMARIO DE METAL 2 PUERTAS 18X36X71,6.0,17205.1434,DOP,armario|metal|2|puertas|18x36x71,FORMATO_DE_COTIZACION_2_21f4.xlsx
AG-2520,NEVERA Frigidaire 12 P.C. 2 Puertas,consu,Electrodomésticos,Units,,,,False,False,False,SHARED,,,,1,29695.0,29695.0,29695.0,NEW_PRODUCT,1,1,CREATE_SHARED_PRODUCT,,SINGLE,FORMATO_DE_COTIZACION_2_21f4.xlsx,MOBILIARIOS MT,29,QUOTATION,NEVERA FRIGIDAIRE 12 P.C. 2 PUERTAS,1.0,29695.0,DOP,nevera|frigidaire|12|p.c.|2|puertas,FORMATO_DE_COTIZACION_2_21f4.xlsx
AG-2521,"NEVERA Ejecutiva Nedoca, 4 P.C.,1 PUERTA",consu,Electrodomésticos,Units,,,,False,False,False,SHARED,,,,1,17930.1,17930.1,17930.1,NEW_PRODUCT,1,1,CREATE_SHARED_PRODUCT,,SINGLE,FORMATO_DE_COTIZACION_2_21f4.xlsx,MOBILIARIOS MT,30,QUOTATION,"NEVERA EJECUTIVA NEDOCA, 4 P.C.,1 PUERTA",3.0,17930.1,DOP,nevera|ejecutiva|nedoca|4|p.c.|1|puerta,FORMATO_DE_COTIZACION_2_21f4.xlsx
AG-2522,"Anaquel Metalico 5 Niveles, CON Medidas DE 0.30 X 0.60 DE FONDO Y 2.00 DE Altura.",consu,Ferretería,Units,,,,False,False,False,SHARED,,,,3,9434.1,9434.1,9434.1,NEW_PRODUCT,1,3,CREATE_SHARED_PRODUCT,,MAX,FORMATO_DE_COTIZACION_2_21f4.xlsx,MOBILIARIOS MT,31,QUOTATION,"ANAQUEL METALICO 5 NIVELES, CON MEDIDAS DE 0.30 X 
0.60 DE FONDO Y 2.00 DE ALTURA.",13.0,9434.1,DOP,anaquel|metalico|5|niveles|medidas|0.30|x|0.60,FORMATO_DE_COTIZACION_2_21f4.xlsx
AG-2523,SACO DE ARROZ AA 125LB,consu,Alimentos,Units,,,presentation=125 lb,True,False,False,PINARIA,,,,1,,,,NEW_PRODUCT,1,1,MANUAL_REVIEW,MISSING_VALID_PRICE,NO_PRICE,,,,,,,,,saco|arroz|aa|125|lb|125 lb,cotizacion_del_marcelino_9bd9.xlsx
AG-2524,SACO DE AZUCAR CREMA 125LB,consu,Alimentos,Units,,,presentation=125 lb,True,False,False,PINARIA,,,,1,,,,NEW_PRODUCT,1,1,MANUAL_REVIEW,MISSING_VALID_PRICE,NO_PRICE,,,,,,,,,saco|azucar|crema|125|lb|125 lb,cotizacion_del_marcelino_9bd9.xlsx
AG-2525,SACO DE SAL MOLIDA 125LB,consu,Ferretería,Units,,,presentation=125 lb,False,False,False,SHARED,,,,1,,,,NEW_PRODUCT,1,1,MANUAL_REVIEW,MISSING_VALID_PRICE,NO_PRICE,,,,,,,,,saco|sal|molida|125|lb|125 lb,cotizacion_del_marcelino_9bd9.xlsx
AG-2526,SACOS DE Habichuelas GIRA 100LB,consu,Alimentos,Units,,,presentation=100 lb,True,False,False,PINARIA,,,,1,,,,NEW_PRODUCT,1,1,MANUAL_REVIEW,MISSING_VALID_PRICE,NO_PRICE,,,,,,,,,sacos|habichuelas|gira|100|lb|100 lb,cotizacion_del_marcelino_9bd9.xlsx
AG-2527,SACOS DE Habichuelas ROJAS 100LB,consu,Alimentos,Units,,,presentation=100 lb,True,False,False,PINARIA,,,,1,,,,NEW_PRODUCT,1,1,MANUAL_REVIEW,MISSING_VALID_PRICE,NO_PRICE,,,,,,,,,sacos|habichuelas|rojas|100|lb|100 lb,cotizacion_del_marcelino_9bd9.xlsx
AG-2528,SACOS DE Habichuelas NEGRAS 100LB,consu,Alimentos,Units,,,presentation=100 lb,True,False,False,PINARIA,,,,1,,,,NEW_PRODUCT,1,1,MANUAL_REVIEW,MISSING_VALID_PRICE,NO_PRICE,,,,,,,,,sacos|habichuelas|negras|100|lb|100 lb,cotizacion_del_marcelino_9bd9.xlsx
AG-2529,SACO DE TRIGO 50LB,consu,Ferretería,Units,,,presentation=50 lb,False,False,False,SHARED,,,,1,,,,NEW_PRODUCT,1,1,MANUAL_REVIEW,MISSING_VALID_PRICE,NO_PRICE,,,,,,,,,saco|trigo|50|lb|50 lb,cotizacion_del_marcelino_9bd9.xlsx
AG-2530,SACO DE AVENA 100LB LA America,consu,Ferretería,Units,,,presentation=100 lb,False,False,False,SHARED,,,,1,,,,NEW_PRODUCT,1,1,MANUAL_REVIEW,MISSING_VALID_PRICE,NO_PRICE,,,,,,,,,saco|avena|100|lb|america|100 lb,cotizacion_del_marcelino_9bd9.xlsx
AG-2531,SACO DE HARINA DE TRIGO 50LB Blanquita,consu,Alimentos,Units,,,presentation=50 lb,True,False,False,PINARIA,,,,1,,,,NEW_PRODUCT,1,1,MANUAL_REVIEW,MISSING_VALID_PRICE,NO_PRICE,,,,,,,,,saco|harina|trigo|50|lb|blanquita|50 lb,cotizacion_del_marcelino_9bd9.xlsx
AG-2532,Galletas DE SODA FARDO,consu,Ferretería,Units,,,,False,False,False,SHARED,,,,1,,,,NEW_PRODUCT,1,1,MANUAL_REVIEW,MISSING_VALID_PRICE,NO_PRICE,,,,,,,,,galletas|soda|fardo,cotizacion_del_marcelino_9bd9.xlsx
AG-2533,Maicena C/40 125GR,consu,Ferretería,Units,,,,False,False,False,SHARED,,,,1,,,,NEW_PRODUCT,1,1,MANUAL_REVIEW,MISSING_VALID_PRICE,NO_PRICE,,,,,,,,,maicena|c/40|125gr,cotizacion_del_marcelino_9bd9.xlsx
AG-2534,HARINA DEL Negrito 40/1 425 GR,consu,Alimentos,Units,,,caliber=40/1,True,False,False,PINARIA,,,,1,,,,NEW_PRODUCT,1,1,MANUAL_REVIEW,MISSING_VALID_PRICE,NO_PRICE,,,,,,,,,harina|negrito|40/1|425|gr|40/1,cotizacion_del_marcelino_9bd9.xlsx
AG-2535,CAFÉ PAQ 1LB SANTO Domingo,consu,Ferretería,Units,,,presentation=1 lb,False,False,False,SHARED,,,,1,,,,NEW_PRODUCT,1,1,MANUAL_REVIEW,MISSING_VALID_PRICE,NO_PRICE,,,,,,,,,cafe|paq|1|lb|santo|domingo|1 lb,cotizacion_del_marcelino_9bd9.xlsx
AG-2536,CAJA DE SAZON EN POLVO 24/1 MAGGI,consu,Ferretería,Units,,,caliber=24/1,False,False,False,SHARED,,,,1,,,,NEW_PRODUCT,1,1,MANUAL_REVIEW,MISSING_VALID_PRICE,NO_PRICE,,,,,,,,,caja|sazon|polvo|24/1|maggi|24/1,cotizacion_del_marcelino_9bd9.xlsx
AG-2537,CAJA DE SAZON Liquido 4 GAL BALDOM,consu,Ferretería,Units,,,presentation=4 gal,False,False,False,SHARED,,,,1,,,,NEW_PRODUCT,1,1,MANUAL_REVIEW,MISSING_VALID_PRICE,NO_PRICE,,,,,,,,,caja|sazon|liquido|4|gal|baldom|4 gal,cotizacion_del_marcelino_9bd9.xlsx
AG-2538,CAJA DE Guandules CON COCO 24/1,consu,Ferretería,Units,,,caliber=24/1,False,False,False,SHARED,,,,1,,,,NEW_PRODUCT,1,1,MANUAL_REVIEW,MISSING_VALID_PRICE,NO_PRICE,,,,,,,,,caja|guandules|coco|24/1|24/1,cotizacion_del_marcelino_9bd9.xlsx
AG-2539,CAJA DE Guandules 24/1 LA FAMOSA,consu,Ferretería,Units,,,caliber=24/1,False,False,False,SHARED,,,,1,,,,NEW_PRODUCT,1,1,MANUAL_REVIEW,MISSING_VALID_PRICE,NO_PRICE,,,,,,,,,caja|guandules|24/1|famosa|24/1,cotizacion_del_marcelino_9bd9.xlsx
AG-2540,CAJA DE LECHE DE COCO 24/1,consu,Alimentos,Units,,,caliber=24/1,True,False,False,PINARIA,,,,1,,,,NEW_PRODUCT,1,1,MANUAL_REVIEW,MISSING_VALID_PRICE,NO_PRICE,,,,,,,,,caja|leche|coco|24/1|24/1,cotizacion_del_marcelino_9bd9.xlsx
AG-2541,LATA DE ACEITE GRANDE Special,consu,Ferretería,Units,,,,False,False,False,SHARED,,,,1,,,,NEW_PRODUCT,1,1,MANUAL_REVIEW,MISSING_VALID_PRICE,NO_PRICE,,,,,,,,,lata|aceite|grande|special,cotizacion_del_marcelino_9bd9.xlsx
AG-2542,CAJA DE PASTA DE TOMATE LINDA,consu,Ferretería,Units,,,,False,False,False,SHARED,,,,1,,,,NEW_PRODUCT,1,1,MANUAL_REVIEW,MISSING_VALID_PRICE,NO_PRICE,,,,,,,,,caja|pasta|tomate|linda,cotizacion_del_marcelino_9bd9.xlsx
AG-2543,CAJA DE LECHE Evaporada 48/1 Carnation,consu,Alimentos,Units,,,caliber=48/1,True,False,False,PINARIA,,,,1,,,,NEW_PRODUCT,1,1,MANUAL_REVIEW,MISSING_VALID_PRICE,NO_PRICE,,,,,,,,,caja|leche|evaporada|48/1|carnation|48/1,cotizacion_del_marcelino_9bd9.xlsx
AG-2544,CAJA DE MAIZ DULCE 24/1 LA FAMOSA,consu,Ferretería,Units,,,caliber=24/1,False,False,False,SHARED,,,,1,,,,NEW_PRODUCT,1,1,MANUAL_REVIEW,MISSING_VALID_PRICE,NO_PRICE,,,,,,,,,caja|maiz|dulce|24/1|famosa|24/1,cotizacion_del_marcelino_9bd9.xlsx
AG-2545,CAJA DE TUNA EN TROZOS EN ACEITE Vegetal 24/1 CHERRY S. TROZO,consu,Alimentos,Units,,,caliber=24/1,True,False,False,PINARIA,,,,1,,,,NEW_PRODUCT,1,1,MANUAL_REVIEW,MISSING_VALID_PRICE,NO_PRICE,,,,,,,,,caja|tuna|trozos|aceite|vegetal|24/1|cherry|s.|24/1,cotizacion_del_marcelino_9bd9.xlsx
AG-2546,CAJA DE Mayonesa C/4 POSTES DE 5LB BALDOM,consu,Alimentos,Units,,,presentation=5 lb,True,False,False,PINARIA,,,,1,,,,NEW_PRODUCT,1,1,MANUAL_REVIEW,MISSING_VALID_PRICE,NO_PRICE,,,,,,,,,caja|mayonesa|c/4|postes|5|lb|baldom|5 lb,cotizacion_del_marcelino_9bd9.xlsx
AG-2547,CAJAS DE Mantequilla C4 TARROS DE 5LB,consu,Alimentos,Units,,,presentation=5 lb,True,False,False,PINARIA,,,,1,,,,NEW_PRODUCT,1,1,MANUAL_REVIEW,MISSING_VALID_PRICE,NO_PRICE,,,,,,,,,cajas|mantequilla|c4|tarros|5|lb|5 lb,cotizacion_del_marcelino_9bd9.xlsx
AG-2548,CAJA DE Vinagre C/4 GL AMBAR Constanza,consu,Ferretería,Units,,,presentation=4 gl,False,False,False,SHARED,,,,1,,,,NEW_PRODUCT,1,1,MANUAL_REVIEW,MISSING_VALID_PRICE,NO_PRICE,,,,,,,,,caja|vinagre|c/4|gal|ambar|constanza|4 gl,cotizacion_del_marcelino_9bd9.xlsx
AG-2549,CAJA DE SALSA CHINA C/4 GL BALDOM,consu,Ferretería,Units,,,presentation=4 gl,False,False,False,SHARED,,,,1,,,,NEW_PRODUCT,1,1,MANUAL_REVIEW,MISSING_VALID_PRICE,NO_PRICE,,,,,,,,,caja|salsa|china|c/4|gal|baldom|4 gl,cotizacion_del_marcelino_9bd9.xlsx
AG-2550,CAJA DE SOPITA 6/1 240 UND DOÑA Gallina,consu,Ferretería,Units,,,caliber=6/1,False,False,False,SHARED,,,,1,,,,NEW_PRODUCT,1,1,MANUAL_REVIEW,MISSING_VALID_PRICE,NO_PRICE,,,,,,,,,caja|sopita|6/1|240|und|dona|gallina|6/1,cotizacion_del_marcelino_9bd9.xlsx
AG-2551,CAJAS DE Chocolates EN Tabletas 60TB Embajador,consu,Ferretería,Units,,,,False,False,False,SHARED,,,,1,,,,NEW_PRODUCT,1,1,MANUAL_REVIEW,MISSING_VALID_PRICE,NO_PRICE,,,,,,,,,cajas|chocolates|tabletas|60tb|embajador,cotizacion_del_marcelino_9bd9.xlsx
AG-2552,FUNDA DE LECHE EN POLVO DE 55LB INCO,consu,Alimentos,Units,,,presentation=55 lb,True,False,False,PINARIA,,,,1,,,,NEW_PRODUCT,1,1,MANUAL_REVIEW,MISSING_VALID_PRICE,NO_PRICE,,,,,,,,,funda|leche|polvo|55|lb|inco|55 lb,cotizacion_del_marcelino_9bd9.xlsx
AG-2553,FARDO DE Espaguetis 10 LB MILANO,consu,Ferretería,Units,,,presentation=10 lb,False,False,False,SHARED,,,,1,,,,NEW_PRODUCT,1,1,MANUAL_REVIEW,MISSING_VALID_PRICE,NO_PRICE,,,,,,,,,fardo|espaguetis|10|lb|milano|10 lb,cotizacion_del_marcelino_9bd9.xlsx
AG-2554,Espirales 10/1 MIXTOS,consu,Ferretería,Units,,,caliber=10/1,False,False,False,SHARED,,,,1,,,,NEW_PRODUCT,1,1,MANUAL_REVIEW,MISSING_VALID_PRICE,NO_PRICE,,,,,,,,,espirales|10/1|mixtos|10/1,cotizacion_del_marcelino_9bd9.xlsx
AG-2555,FIDEOS FARDOS 10/1 MILANO,consu,Ferretería,Units,,,caliber=10/1,False,False,False,SHARED,,,,1,,,,NEW_PRODUCT,1,1,MANUAL_REVIEW,MISSING_VALID_PRICE,NO_PRICE,,,,,,,,,fideos|fardos|10/1|milano|10/1,cotizacion_del_marcelino_9bd9.xlsx
AG-2556,Vainilla BLANCA GL,consu,Ferretería,Units,,,,False,False,False,SHARED,,,,1,,,,NEW_PRODUCT,1,1,MANUAL_REVIEW,MISSING_VALID_PRICE,NO_PRICE,,,,,,,,,vainilla|blanca|gal,cotizacion_del_marcelino_9bd9.xlsx
AG-2557,VINO BLANCO PARA Cocinar CHEFF,consu,Ferretería,Units,,,,False,False,False,SHARED,,,,1,,,,NEW_PRODUCT,1,1,MANUAL_REVIEW,MISSING_VALID_PRICE,NO_PRICE,,,,,,,,,vino|blanco|para|cocinar|cheff,cotizacion_del_marcelino_9bd9.xlsx
AG-2558,ACEITE Vegetal GL FIGARO,consu,Alimentos,Units,,,,True,False,False,PINARIA,,,,1,,,,NEW_PRODUCT,1,1,MANUAL_REVIEW,MISSING_VALID_PRICE,NO_PRICE,,,,,,,,,aceite|vegetal|gal|figaro,cotizacion_del_marcelino_9bd9.xlsx
AG-2559,PAN Integral VIGA FUNDA,consu,Ferretería,Units,,,,False,False,False,SHARED,,,,1,,,,NEW_PRODUCT,1,1,MANUAL_REVIEW,MISSING_VALID_PRICE,NO_PRICE,,,,,,,,,pan|integral|viga|funda,cotizacion_del_marcelino_9bd9.xlsx
AG-2560,PAN BLANCO VIGA FUNDA Lumijor,consu,Ferretería,Units,,,,False,False,False,SHARED,,,,1,,,,NEW_PRODUCT,1,1,MANUAL_REVIEW,MISSING_VALID_PRICE,NO_PRICE,,,,,,,,,pan|blanco|viga|funda|lumijor,cotizacion_del_marcelino_9bd9.xlsx
AG-2561,Gelatina CAJA 48 UND ROYAL,consu,Ferretería,Units,,,,False,False,False,SHARED,,,,1,,,,NEW_PRODUCT,1,1,MANUAL_REVIEW,MISSING_VALID_PRICE,NO_PRICE,,,,,,,,,gelatina|caja|48|und|royal,cotizacion_del_marcelino_9bd9.xlsx
AG-2562,Compota Pequeñas,consu,Ferretería,Units,,,,False,False,False,SHARED,,,,1,,,,NEW_PRODUCT,1,1,MANUAL_REVIEW,MISSING_VALID_PRICE,NO_PRICE,,,,,,,,,compota|pequenas,cotizacion_del_marcelino_9bd9.xlsx
AG-2563,JUGOS Pequños DE CARTON 200ML SANTAL,consu,Ferretería,Units,,,,False,False,False,SHARED,,,,1,,,,NEW_PRODUCT,1,1,MANUAL_REVIEW,MISSING_VALID_PRICE,NO_PRICE,,,,,,,,,jugos|pequnos|carton|200ml|santal,cotizacion_del_marcelino_9bd9.xlsx
AG-2564,Azafran 12/9 G,consu,Ferretería,Units,,,caliber=12/9,False,False,False,SHARED,,,,1,,,,NEW_PRODUCT,1,1,MANUAL_REVIEW,MISSING_VALID_PRICE,NO_PRICE,,,,,,,,,azafran|12/9|g|12/9,cotizacion_del_marcelino_9bd9.xlsx
