CANONICAL_ID,CANONICAL_NAME,TYPE,CATEGORY,UOM,BRAND,MODEL,SPECIFICATION,IS_FOOD,IS_MEAT,IS_SERVICE,COMPANY_SCOPE,CURRENT_ODOO_PRODUCT_ID,CURRENT_ODOO_NAME,CURRENT_LIST_PRICE,HISTORICAL_OCCURRENCES,HISTORICAL_MIN_PRICE,HISTORICAL_MAX_PRICE,FINAL_LIST_PRICE,MATCH_TYPE,SOURCE_FILES_COUNT,SOURCE_SHEETS_COUNT,ACTION,REVIEW_REASON,PRICE_RULE,MAX_PRICE_SOURCE_FILE,MAX_PRICE_SOURCE_SHEET,MAX_PRICE_SOURCE_ROW,MAX_PRICE_DOCUMENT_TYPE,MAX_PRICE_DESCRIPTION,MAX_PRICE_QTY,MAX_PRICE_UNIT_EXCL,MAX_PRICE_CURRENCY,IDENTITY_KEY,SOURCE_FILES
AG-0001,Preliminares,consu,Ferretería,Units,,,,False,False,False,SHARED,,,,15,,,,NEW_PRODUCT,2,8,MANUAL_REVIEW,MISSING_VALID_PRICE,NO_PRICE,,,,,,,,,preliminares,COTIZACIONES_0.2_b68c.xlsx | COTIZACIONES_b089.xlsx
AG-0003,Construccion De Rampa P/puerta Principal,consu,Ferretería,Units,,,,False,False,False,SHARED,,,,4,,,,NEW_PRODUCT,2,2,MANUAL_REVIEW,MISSING_VALID_PRICE,NO_PRICE,,,,,,,,,construccion|rampa|p/puerta|principal,COTIZACIONES_0.2_b68c.xlsx | COTIZACIONES_b089.xlsx
AG-0005,Construccion Acera,consu,Ferretería,Units,,,,False,False,False,SHARED,,,,4,,,,NEW_PRODUCT,2,2,MANUAL_REVIEW,MISSING_VALID_PRICE,NO_PRICE,,,,,,,,,construccion|acera,COTIZACIONES_0.2_b68c.xlsx | COTIZACIONES_b089.xlsx
AG-0008,Pisos,consu,Ferretería,Units,,,,False,False,False,SHARED,,,,4,,,,NEW_PRODUCT,2,2,MANUAL_REVIEW,MISSING_VALID_PRICE,NO_PRICE,,,,,,,,,pisos,COTIZACIONES_0.2_b68c.xlsx | COTIZACIONES_b089.xlsx
AG-0011,Direccion Tecnica,consu,Ferretería,Units,,,,False,False,False,SHARED,,,,21,3305.993,,,NEW_PRODUCT,3,12,MANUAL_REVIEW,PRICE_OUTLIER_REVIEW;MISSING_VALID_PRICE,PRICE_OUTLIER_REVIEW,,,,,,,,,direccion|tecnica,COTIZACIONES_0.2_b68c.xlsx | COTIZACIONES__REMPART_GROUP_2_3578.xlsx | COTIZACIONES_b089.xlsx
AG-0012,Transporte,consu,Ferretería,Units,,,,False,False,False,SHARED,,,,22,3305.993,,,NEW_PRODUCT,5,13,MANUAL_REVIEW,PRICE_OUTLIER_REVIEW;MISSING_VALID_PRICE,PRICE_OUTLIER_REVIEW,,,,,,,,,transporte,COTIZACIONES_0.2_b68c.xlsx | COTIZACIONES_DORALEX_SRL_bb53.xlsx | COTIZACIONES_DORALEX_f72a.xlsx | COTIZACIONES__REMPART_GROUP_2_3578.xlsx | COTIZACIONES_b089.xlsx
AG-0013,Volumen Análisis,consu,Ferretería,m³,,,,False,False,False,SHARED,,,,6,,,,NEW_PRODUCT,4,3,MANUAL_REVIEW,MISSING_VALID_PRICE,NO_PRICE,,,,,,,,,volumen|analisis,COTIZACIONES_0.2_b68c.xlsx | COTIZACIONES_DORALEX_SRL_bb53.xlsx | COTIZACIONES_DORALEX_f72a.xlsx | COTIZACIONES_b089.xlsx
AG-0014,Materiales Y Equipos,consu,Ferretería,Units,,,,False,False,False,SHARED,,,,6,,,,NEW_PRODUCT,4,3,MANUAL_REVIEW,MISSING_VALID_PRICE,NO_PRICE,,,,,,,,,materiales|equipos,COTIZACIONES_0.2_b68c.xlsx | COTIZACIONES_DORALEX_SRL_bb53.xlsx | COTIZACIONES_DORALEX_f72a.xlsx | COTIZACIONES_b089.xlsx
AG-0015,Malla Electrosoldada D2.3 10x10mm + 10% Desp.,consu,Ferretería,Units,,,,False,False,False,SHARED,,,,6,,,,NEW_PRODUCT,4,3,MANUAL_REVIEW,MISSING_VALID_PRICE,NO_PRICE,,,,,,,,,malla|electrosoldada|d2.3|10x10|mm|10%|desp.,COTIZACIONES_0.2_b68c.xlsx | COTIZACIONES_DORALEX_SRL_bb53.xlsx | COTIZACIONES_DORALEX_f72a.xlsx | COTIZACIONES_b089.xlsx
AG-0016,Hormigón Industrial 210kg/cm2 - 10% Desp,consu,Construcción,m³,,,presentation=210 kg,False,False,False,SHARED,,,,6,,,,NEW_PRODUCT,4,3,MANUAL_REVIEW,MISSING_VALID_PRICE,NO_PRICE,,,,,,,,,hormigon|industrial|210|kg/cm2|-|10%|desp|210 kg,COTIZACIONES_0.2_b68c.xlsx | COTIZACIONES_DORALEX_SRL_bb53.xlsx | COTIZACIONES_DORALEX_f72a.xlsx | COTIZACIONES_b089.xlsx
AG-0017,Alambre Dulce No. 18,consu,Ferretería,lb,,,,False,False,False,SHARED,,,,6,,,,NEW_PRODUCT,4,3,MANUAL_REVIEW,MISSING_VALID_PRICE,NO_PRICE,,,,,,,,,alambre|dulce|no.|18,COTIZACIONES_0.2_b68c.xlsx | COTIZACIONES_DORALEX_SRL_bb53.xlsx | COTIZACIONES_DORALEX_f72a.xlsx | COTIZACIONES_b089.xlsx
AG-0018,Total/und,consu,Ferretería,Units,,,,False,False,False,SHARED,,,,6,,,,NEW_PRODUCT,4,3,MANUAL_REVIEW,MISSING_VALID_PRICE,NO_PRICE,,,,,,,,,total/und,COTIZACIONES_0.2_b68c.xlsx | COTIZACIONES_DORALEX_SRL_bb53.xlsx | COTIZACIONES_DORALEX_f72a.xlsx | COTIZACIONES_b089.xlsx
AG-0019,TOTAL/M3,consu,Ferretería,Units,,,,False,False,False,SHARED,,,,6,,,,NEW_PRODUCT,4,3,MANUAL_REVIEW,MISSING_VALID_PRICE,NO_PRICE,,,,,,,,,total/m3,COTIZACIONES_0.2_b68c.xlsx | COTIZACIONES_DORALEX_SRL_bb53.xlsx | COTIZACIONES_DORALEX_f72a.xlsx | COTIZACIONES_b089.xlsx
AG-0020,Construccion De Rampa Y Platea P/parqueos En Hormigon Asfaltico E:0.07,consu,Construcción,Units,,,,False,False,False,SHARED,,,,4,,,,NEW_PRODUCT,2,2,MANUAL_REVIEW,MISSING_VALID_PRICE,NO_PRICE,,,,,,,,,construccion|rampa|platea|p/parqueos|hormigon|asfaltico|e|0.07,COTIZACIONES_0.2_b68c.xlsx | COTIZACIONES_b089.xlsx
AG-0022,"Construccion Conten, Acera Y Platea",consu,Ferretería,Units,,,,False,False,False,SHARED,,,,4,,,,NEW_PRODUCT,2,2,MANUAL_REVIEW,MISSING_VALID_PRICE,NO_PRICE,,,,,,,,,construccion|conten|acera|platea,COTIZACIONES_0.2_b68c.xlsx | COTIZACIONES_b089.xlsx
AG-0025,Construccion Pandereta P/division En Sheetrock,consu,Ferretería,Units,,,,False,False,False,SHARED,,,,6,,,,NEW_PRODUCT,3,4,MANUAL_REVIEW,MISSING_VALID_PRICE,NO_PRICE,,,,,,,,,construccion|pandereta|p/division|sheetrock,COTIZACIONES_0.2_b68c.xlsx | COTIZACIONES__REMPART_GROUP_2_3578.xlsx | COTIZACIONES_b089.xlsx
AG-0028,Sistema De Cuarto Frio Y Congelador,consu,Ferretería,Units,,,,False,False,False,SHARED,,,,4,,,,NEW_PRODUCT,2,2,MANUAL_REVIEW,MISSING_VALID_PRICE,NO_PRICE,,,,,,,,,sistema|cuarto|frio|congelador,COTIZACIONES_0.2_b68c.xlsx | COTIZACIONES_b089.xlsx
AG-0031,A/C,consu,Ferretería,Units,,,,False,False,False,SHARED,,,,8,,,,NEW_PRODUCT,2,2,MANUAL_REVIEW,MISSING_VALID_PRICE,NO_PRICE,,,,,,,,,a/c,COTIZACIONES_0.2_b68c.xlsx | COTIZACIONES_b089.xlsx
AG-0032,Mantenimiento/hidrolavado,consu,Ferretería,Units,,,,False,False,False,SHARED,,,,4,,,,NEW_PRODUCT,2,2,MANUAL_REVIEW,MISSING_VALID_PRICE,NO_PRICE,,,,,,,,,mantenimiento/hidrolavado,COTIZACIONES_0.2_b68c.xlsx | COTIZACIONES_b089.xlsx
AG-0036,Reparacion/instalacion/vacio-suministro,consu,Ferretería,Units,,,,False,False,False,SHARED,,,,4,,,,NEW_PRODUCT,2,2,MANUAL_REVIEW,MISSING_VALID_PRICE,NO_PRICE,,,,,,,,,reparacion/instalacion/vacio-suministro,COTIZACIONES_0.2_b68c.xlsx | COTIZACIONES_b089.xlsx
AG-0039,A/C PISO TECHO,consu,Ferretería,Units,,,,False,False,False,SHARED,,,,2,,,,NEW_PRODUCT,2,1,MANUAL_REVIEW,MISSING_VALID_PRICE,NO_PRICE,,,,,,,,,a/c|piso|techo,COTIZACIONES_0.2_b68c.xlsx | COTIZACIONES_b089.xlsx
AG-0042,A/C SPLIT,consu,Ferretería,Units,,,,False,False,False,SHARED,,,,6,,,,NEW_PRODUCT,2,3,MANUAL_REVIEW,MISSING_VALID_PRICE,NO_PRICE,,,,,,,,,a/c|split,COTIZACIONES_0.2_b68c.xlsx | COTIZACIONES_b089.xlsx
AG-0044,A/C DE 5 TON Ductiable,consu,Ferretería,Units,,,,False,False,False,SHARED,,,,2,,,,NEW_PRODUCT,2,1,MANUAL_REVIEW,MISSING_VALID_PRICE,NO_PRICE,,,,,,,,,a/c|5|ton|ductiable,COTIZACIONES_0.2_b68c.xlsx | COTIZACIONES_b089.xlsx
AG-0053,Entregado POR,consu,Ferretería,Units,,,,False,False,False,SHARED,,,,3,,,,NEW_PRODUCT,2,2,MANUAL_REVIEW,MISSING_VALID_PRICE,NO_PRICE,,,,,,,,,entregado|por,COTIZACIONES_0.2_b68c.xlsx | COTIZACIONES_b089.xlsx
AG-0074,Alambre #8 AWG,consu,Ferretería,Units,,,,False,False,False,SHARED,,,,16,43.0,,,NEW_PRODUCT,3,16,MANUAL_REVIEW,PRICE_OUTLIER_REVIEW;MISSING_VALID_PRICE,PRICE_OUTLIER_REVIEW,,,,,,,,,alambre|8|awg,COTIZACIONES_0.2_b68c.xlsx | COTIZACIONES_DORALEX_SRL_bb53.xlsx | COTIZACIONES__REMPART_GROUP_2_3578.xlsx
AG-0107,Conector KIT,consu,Ferretería,Units,,,,False,False,False,SHARED,,,,6,230.0,,,NEW_PRODUCT,3,6,MANUAL_REVIEW,PRICE_OUTLIER_REVIEW;MISSING_VALID_PRICE,PRICE_OUTLIER_REVIEW,,,,,,,,,conector|kit,COTIZACIONES_0.2_b68c.xlsx | COTIZACIONES_DORALEX_SRL_bb53.xlsx | COTIZACIONES__REMPART_GROUP_2_3578.xlsx
AG-0199,Varilla 1/4,consu,Construcción,Units,,,caliber=1/4,False,False,False,SHARED,,,,11,2141.3565,,,NEW_PRODUCT,4,11,MANUAL_REVIEW,PRICE_OUTLIER_REVIEW;MISSING_VALID_PRICE,PRICE_OUTLIER_REVIEW,,,,,,,,,varilla|1/4|1/4,COTIZACIONES_0.2_b68c.xlsx | COTIZACIONES_DORALEX_SRL_bb53.xlsx | COTIZACIONES_DORALEX_f72a.xlsx | COTIZACIONES__REMPART_GROUP_2_3578.xlsx
AG-0225,Genrador DIESEL,consu,Ferretería,Units,,,,False,False,False,SHARED,,,,1,,,,NEW_PRODUCT,1,1,MANUAL_REVIEW,MISSING_VALID_PRICE,NO_PRICE,,,,,,,,,genrador|diesel,COTIZACIONES_0.2_b68c.xlsx
AG-0235,SIERRA Electrica,consu,Herramientas,Units,,,,False,False,False,SHARED,,,,2,,,,NEW_PRODUCT,1,2,MANUAL_REVIEW,MISSING_VALID_PRICE,NO_PRICE,,,,,,,,,sierra|electrica,COTIZACIONES_0.2_b68c.xlsx
AG-0237,Sistema DE Seguridad PARA Choques,consu,Ferretería,Units,,,,False,False,False,SHARED,,,,2,,,,NEW_PRODUCT,1,2,MANUAL_REVIEW,MISSING_VALID_PRICE,NO_PRICE,,,,,,,,,sistema|seguridad|para|choques,COTIZACIONES_0.2_b68c.xlsx
AG-0242,Maquina PARA SOLDAR,consu,Ferretería,Units,,,,False,False,False,SHARED,,,,1,,,,NEW_PRODUCT,1,1,MANUAL_REVIEW,MISSING_VALID_PRICE,NO_PRICE,,,,,,,,,maquina|para|soldar,COTIZACIONES_0.2_b68c.xlsx
AG-0366,Impermiabilizante,consu,Ferretería,Units,,,,False,False,False,SHARED,,,,2,,,,NEW_PRODUCT,2,2,MANUAL_REVIEW,MISSING_VALID_PRICE,NO_PRICE,,,,,,,,,impermiabilizante,COTIZACIONES_0.2_b68c.xlsx | COTIZACIONES__REMPART_GROUP_2_3578.xlsx
AG-0367,"Impermiabilizacion De Techo, A Base De Lona Asfaltica 4kg Granular (5mm) De Espesor Y",consu,Ferretería,m²,,,presentation=4 kg,False,False,False,SHARED,,,,2,1250.0,,,NEW_PRODUCT,2,2,MANUAL_REVIEW,PRICE_OUTLIER_REVIEW;MISSING_VALID_PRICE,PRICE_OUTLIER_REVIEW,,,,,,,,,impermiabilizacion|techo|a|base|lona|asfaltica|4|kg|4 kg,COTIZACIONES_0.2_b68c.xlsx | COTIZACIONES__REMPART_GROUP_2_3578.xlsx
AG-0368,Ventana Y Puerta,consu,Ferretería,Units,,,,False,False,False,SHARED,,,,2,,,,NEW_PRODUCT,2,2,MANUAL_REVIEW,MISSING_VALID_PRICE,NO_PRICE,,,,,,,,,ventana|puerta,COTIZACIONES_0.2_b68c.xlsx | COTIZACIONES__REMPART_GROUP_2_3578.xlsx
AG-0370,Puerta Polimetal 2.10x1 M,consu,Ferretería,Units,,,,False,False,False,SHARED,,,,2,12000.0,,,NEW_PRODUCT,2,2,MANUAL_REVIEW,PRICE_OUTLIER_REVIEW;MISSING_VALID_PRICE,PRICE_OUTLIER_REVIEW,,,,,,,,,puerta|polimetal|2.10x1|m,COTIZACIONES_0.2_b68c.xlsx | COTIZACIONES__REMPART_GROUP_2_3578.xlsx
AG-0426,BOLSAS DE BASURA,consu,Ferretería,Units,,,,False,False,False,SHARED,,,,2,,,,NEW_PRODUCT,1,2,MANUAL_REVIEW,MISSING_VALID_PRICE,NO_PRICE,,,,,,,,,bolsas|basura,COTIZACIONES_0.2_b68c.xlsx
AG-0454,Guantes PARA Electricos,consu,Ferretería,Units,,,,False,False,False,SHARED,,,,2,,,,NEW_PRODUCT,1,2,MANUAL_REVIEW,MISSING_VALID_PRICE,NO_PRICE,,,,,,,,,guantes|para|electricos,COTIZACIONES_0.2_b68c.xlsx
AG-0463,Reflector DE 500 W LED,consu,Material eléctrico,Units,,,power=500W,False,False,False,SHARED,,,,2,,,,NEW_PRODUCT,1,2,MANUAL_REVIEW,MISSING_VALID_PRICE,NO_PRICE,,,,,,,,,reflector|500|w|led|500W,COTIZACIONES_0.2_b68c.xlsx
AG-0471,Barrena 3/8 Concreto IRWIN,consu,Ferretería,Units,,,caliber=3/8,False,False,False,SHARED,,,,2,295.0,,,NEW_PRODUCT,2,2,MANUAL_REVIEW,PRICE_OUTLIER_REVIEW;MISSING_VALID_PRICE,PRICE_OUTLIER_REVIEW,,,,,,,,,barrena|3/8|concreto|irwin|3/8,COTIZACIONES_0.2_b68c.xlsx | COTIZACIONES__REMPART_GROUP_2_3578.xlsx
AG-0478,PALO P/PARA PICO,consu,Ferretería,Units,,,,False,False,False,SHARED,,,,1,,,,NEW_PRODUCT,1,1,MANUAL_REVIEW,MISSING_VALID_PRICE,NO_PRICE,,,,,,,,,palo|p/para|pico,COTIZACIONES_0.2_b68c.xlsx
AG-0500,MADERA 2X4X12,consu,Ferretería,Units,,,,False,False,False,SHARED,,,,2,,,,NEW_PRODUCT,1,2,MANUAL_REVIEW,MISSING_VALID_PRICE,NO_PRICE,,,,,,,,,madera|2x4x12,COTIZACIONES_0.2_b68c.xlsx
AG-0503,Andamios 6X3 Completos,consu,Ferretería,Units,,,,False,False,False,SHARED,,,,2,,,,NEW_PRODUCT,1,2,MANUAL_REVIEW,MISSING_VALID_PRICE,NO_PRICE,,,,,,,,,andamios|6x3|completos,COTIZACIONES_0.2_b68c.xlsx
AG-0514,PROA LA URENA- Ayuntamiento SANTO Domingo ESTE,consu,Ferretería,Units,,,,False,False,False,SHARED,,,,1,,,,NEW_PRODUCT,1,1,MANUAL_REVIEW,MISSING_VALID_PRICE,NO_PRICE,,,,,,,,,proa|urena-|ayuntamiento|santo|domingo|este,COTIZACIONES_0.2_b68c.xlsx
AG-0528,Alambre VINIL 10/2,consu,Ferretería,ft,,,caliber=10/2,False,False,False,SHARED,,,,1,,,,NEW_PRODUCT,1,1,MANUAL_REVIEW,MISSING_VALID_PRICE,NO_PRICE,,,,,,,,,alambre|vinil|10/2|10/2,COTIZACIONES_0.2_b68c.xlsx
AG-0529,Angular DE 1/2X1/4,consu,Ferretería,Units,,,,False,False,False,SHARED,,,,1,,,,NEW_PRODUCT,1,1,MANUAL_REVIEW,MISSING_VALID_PRICE,NO_PRICE,,,,,,,,,angular|1/2x1/4,COTIZACIONES_0.2_b68c.xlsx
AG-0530,Armario DE Oficina,consu,Ferretería,Units,,,,False,False,False,SHARED,,,,1,,,,NEW_PRODUCT,1,1,MANUAL_REVIEW,MISSING_VALID_PRICE,NO_PRICE,,,,,,,,,armario|oficina,COTIZACIONES_0.2_b68c.xlsx
AG-0531,Bombilla 65 W,consu,Ferretería,Units,,,power=65W,False,False,False,SHARED,,,,1,,,,NEW_PRODUCT,1,1,MANUAL_REVIEW,MISSING_VALID_PRICE,NO_PRICE,,,,,,,,,bombilla|65|w|65W,COTIZACIONES_0.2_b68c.xlsx
AG-0532,Bombillas MH 1500W,consu,Ferretería,Units,,,power=1500W,False,False,False,SHARED,,,,1,,,,NEW_PRODUCT,1,1,MANUAL_REVIEW,MISSING_VALID_PRICE,NO_PRICE,,,,,,,,,bombillas|mh|1500|w|1500W,COTIZACIONES_0.2_b68c.xlsx
AG-0533,Bombillas MH 1000W,consu,Ferretería,Units,,,power=1000W,False,False,False,SHARED,,,,1,,,,NEW_PRODUCT,1,1,MANUAL_REVIEW,MISSING_VALID_PRICE,NO_PRICE,,,,,,,,,bombillas|mh|1000|w|1000W,COTIZACIONES_0.2_b68c.xlsx
AG-0534,Bombillas MH 250W,consu,Ferretería,Units,,,power=250W,False,False,False,SHARED,,,,1,,,,NEW_PRODUCT,1,1,MANUAL_REVIEW,MISSING_VALID_PRICE,NO_PRICE,,,,,,,,,bombillas|mh|250|w|250W,COTIZACIONES_0.2_b68c.xlsx
AG-0535,BRAZOS DE 6 HG PARA Lampara,consu,Ferretería,Units,,,,False,False,False,SHARED,,,,1,,,,NEW_PRODUCT,1,1,MANUAL_REVIEW,MISSING_VALID_PRICE,NO_PRICE,,,,,,,,,brazos|6|hg|para|lampara,COTIZACIONES_0.2_b68c.xlsx
AG-0536,CEDAZO DE Construccion,consu,Ferretería,Units,,,,False,False,False,SHARED,,,,1,,,,NEW_PRODUCT,1,1,MANUAL_REVIEW,MISSING_VALID_PRICE,NO_PRICE,,,,,,,,,cedazo|construccion,COTIZACIONES_0.2_b68c.xlsx
AG-0537,LAMPRA LED TIPO COBRA 200 W,consu,Material eléctrico,Units,,,power=200W,False,False,False,SHARED,,,,1,,,,NEW_PRODUCT,1,1,MANUAL_REVIEW,MISSING_VALID_PRICE,NO_PRICE,,,,,,,,,lampra|led|tipo|cobra|200|w|200W,COTIZACIONES_0.2_b68c.xlsx
AG-0538,MECHAS DE 1/2,consu,Ferretería,Units,,,caliber=1/2,False,False,False,SHARED,,,,1,,,,NEW_PRODUCT,1,1,MANUAL_REVIEW,MISSING_VALID_PRICE,NO_PRICE,,,,,,,,,mechas|1/2|1/2,COTIZACIONES_0.2_b68c.xlsx
AG-0539,MECHAS DE 1/4,consu,Ferretería,Units,,,caliber=1/4,False,False,False,SHARED,,,,1,,,,NEW_PRODUCT,1,1,MANUAL_REVIEW,MISSING_VALID_PRICE,NO_PRICE,,,,,,,,,mechas|1/4|1/4,COTIZACIONES_0.2_b68c.xlsx
AG-0540,MECHAS DE 3/16,consu,Ferretería,Units,,,caliber=3/16,False,False,False,SHARED,,,,1,,,,NEW_PRODUCT,1,1,MANUAL_REVIEW,MISSING_VALID_PRICE,NO_PRICE,,,,,,,,,mechas|3/16|3/16,COTIZACIONES_0.2_b68c.xlsx
AG-0541,MECHAS DE 3/8,consu,Ferretería,Units,,,caliber=3/8,False,False,False,SHARED,,,,1,,,,NEW_PRODUCT,1,1,MANUAL_REVIEW,MISSING_VALID_PRICE,NO_PRICE,,,,,,,,,mechas|3/8|3/8,COTIZACIONES_0.2_b68c.xlsx
AG-0542,PALA DE PICO,consu,Ferretería,Units,,,,False,False,False,SHARED,,,,1,,,,NEW_PRODUCT,1,1,MANUAL_REVIEW,MISSING_VALID_PRICE,NO_PRICE,,,,,,,,,pala|pico,COTIZACIONES_0.2_b68c.xlsx
AG-0543,PINZA DE CORTE,consu,Ferretería,Units,,,,False,False,False,SHARED,,,,1,,,,NEW_PRODUCT,1,1,MANUAL_REVIEW,MISSING_VALID_PRICE,NO_PRICE,,,,,,,,,pinza|corte,COTIZACIONES_0.2_b68c.xlsx
AG-0544,PINZA DE AGARRE,consu,Ferretería,Units,,,,False,False,False,SHARED,,,,1,,,,NEW_PRODUCT,1,1,MANUAL_REVIEW,MISSING_VALID_PRICE,NO_PRICE,,,,,,,,,pinza|agarre,COTIZACIONES_0.2_b68c.xlsx
AG-0545,RC2 (disluido Asfaltico ),consu,Ferretería,Gal,,,,False,False,False,SHARED,,,,1,,,,NEW_PRODUCT,1,1,MANUAL_REVIEW,MISSING_VALID_PRICE,NO_PRICE,,,,,,,,,rc2|disluido|asfaltico,COTIZACIONES_0.2_b68c.xlsx
AG-0546,Taladro 1 HP,consu,Herramientas,Units,HP,,,False,False,False,SHARED,,,,1,,,,NEW_PRODUCT,1,1,MANUAL_REVIEW,MISSING_VALID_PRICE,NO_PRICE,,,,,,,,,taladro|1|hp,COTIZACIONES_0.2_b68c.xlsx
AG-0547,Taladro DE 500 W,consu,Herramientas,Units,,,power=500W,False,False,False,SHARED,,,,1,,,,NEW_PRODUCT,1,1,MANUAL_REVIEW,MISSING_VALID_PRICE,NO_PRICE,,,,,,,,,taladro|500|w|500W,COTIZACIONES_0.2_b68c.xlsx
AG-0548,Tornillo DE 5/8,consu,Ferretería,Units,,,caliber=5/8,False,False,False,SHARED,,,,1,,,,NEW_PRODUCT,1,1,MANUAL_REVIEW,MISSING_VALID_PRICE,NO_PRICE,,,,,,,,,tornillo|5/8|5/8,COTIZACIONES_0.2_b68c.xlsx
AG-0549,Arandela 5/8,consu,Ferretería,Units,,,caliber=5/8,False,False,False,SHARED,,,,1,,,,NEW_PRODUCT,1,1,MANUAL_REVIEW,MISSING_VALID_PRICE,NO_PRICE,,,,,,,,,arandela|5/8|5/8,COTIZACIONES_0.2_b68c.xlsx
AG-0550,Granzote (relleno),consu,Ferretería,m³,,,,False,False,False,SHARED,,,,1,,,,NEW_PRODUCT,1,1,MANUAL_REVIEW,MISSING_VALID_PRICE,NO_PRICE,,,,,,,,,granzote|relleno,COTIZACIONES_0.2_b68c.xlsx
AG-0551,Reductores DE Velocidad (boyas),consu,Ferretería,Units,,,,False,False,False,SHARED,,,,1,,,,NEW_PRODUCT,1,1,MANUAL_REVIEW,MISSING_VALID_PRICE,NO_PRICE,,,,,,,,,reductores|velocidad|boyas,COTIZACIONES_0.2_b68c.xlsx
AG-0554,Materiales,consu,Ferretería,Units,,,,False,False,False,SHARED,,,,1,,,,NEW_PRODUCT,1,1,MANUAL_REVIEW,MISSING_VALID_PRICE,NO_PRICE,,,,,,,,,materiales,COTIZACIONES_0.2_b68c.xlsx
AG-0555,C AJAS DE Plafones,consu,Ferretería,Units,,,,False,False,False,SHARED,,,,1,,,,NEW_PRODUCT,1,1,MANUAL_REVIEW,MISSING_VALID_PRICE,NO_PRICE,,,,,,,,,c|ajas|plafones,COTIZACIONES_0.2_b68c.xlsx
AG-0556,BRAZOS DE Puertas,consu,Ferretería,Units,,,,False,False,False,SHARED,,,,1,,,,NEW_PRODUCT,1,1,MANUAL_REVIEW,MISSING_VALID_PRICE,NO_PRICE,,,,,,,,,brazos|puertas,COTIZACIONES_0.2_b68c.xlsx
AG-0557,LLAVES DE Lavamanos,consu,Plomería,Units,,,,False,False,False,SHARED,,,,1,,,,NEW_PRODUCT,1,1,MANUAL_REVIEW,MISSING_VALID_PRICE,NO_PRICE,,,,,,,,,llaves|lavamanos,COTIZACIONES_0.2_b68c.xlsx
AG-0558,JUNTAS DE CERA,consu,Ferretería,Units,,,,False,False,False,SHARED,,,,1,,,,NEW_PRODUCT,1,1,MANUAL_REVIEW,MISSING_VALID_PRICE,NO_PRICE,,,,,,,,,juntas|cera,COTIZACIONES_0.2_b68c.xlsx
AG-0559,Chupones DE Orinales DE 1/2,consu,Ferretería,Units,,,caliber=1/2,False,False,False,SHARED,,,,1,,,,NEW_PRODUCT,1,1,MANUAL_REVIEW,MISSING_VALID_PRICE,NO_PRICE,,,,,,,,,chupones|orinales|1/2|1/2,COTIZACIONES_0.2_b68c.xlsx
AG-0560,Chupones DE Orinales DE 3/4,consu,Ferretería,Units,,,caliber=3/4,False,False,False,SHARED,,,,1,,,,NEW_PRODUCT,1,1,MANUAL_REVIEW,MISSING_VALID_PRICE,NO_PRICE,,,,,,,,,chupones|orinales|3/4|3/4,COTIZACIONES_0.2_b68c.xlsx
AG-0561,LLAVES PARA Orinario,consu,Ferretería,Units,,,,False,False,False,SHARED,,,,1,,,,NEW_PRODUCT,1,1,MANUAL_REVIEW,MISSING_VALID_PRICE,NO_PRICE,,,,,,,,,llaves|para|orinario,COTIZACIONES_0.2_b68c.xlsx
AG-0562,JUNTAS PARA ORINAL,consu,Ferretería,Units,,,,False,False,False,SHARED,,,,1,,,,NEW_PRODUCT,1,1,MANUAL_REVIEW,MISSING_VALID_PRICE,NO_PRICE,,,,,,,,,juntas|para|orinal,COTIZACIONES_0.2_b68c.xlsx
AG-0563,Extenciones DE Lavamano 1-1 1/4,consu,Ferretería,Units,,,caliber=1/4,False,False,False,SHARED,,,,1,,,,NEW_PRODUCT,1,1,MANUAL_REVIEW,MISSING_VALID_PRICE,NO_PRICE,,,,,,,,,extenciones|lavamano|1-1|1/4|1/4,COTIZACIONES_0.2_b68c.xlsx
AG-0564,LLAVES Fuxomerto,consu,Ferretería,Units,,,,False,False,False,SHARED,,,,1,,,,NEW_PRODUCT,1,1,MANUAL_REVIEW,MISSING_VALID_PRICE,NO_PRICE,,,,,,,,,llaves|fuxomerto,COTIZACIONES_0.2_b68c.xlsx
AG-0565,Pinturas,consu,Pinturas,Units,,,,False,False,False,SHARED,,,,2,,,,NEW_PRODUCT,2,2,MANUAL_REVIEW,MISSING_VALID_PRICE,NO_PRICE,,,,,,,,,pinturas,COTIZACIONES_0.2_b68c.xlsx | COTIZACIONES_DORALEX_SRL_bb53.xlsx
AG-0566,Pintura DE ACEITE GRIS,consu,Pinturas,Gal,,,,False,False,False,SHARED,,,,1,,,,NEW_PRODUCT,1,1,MANUAL_REVIEW,MISSING_VALID_PRICE,NO_PRICE,,,,,,,,,pintura|aceite|gris,COTIZACIONES_0.2_b68c.xlsx
AG-0567,Pintura BLANCO Colonial,consu,Pinturas,Units,,,,False,False,False,SHARED,,,,1,,,,NEW_PRODUCT,1,1,MANUAL_REVIEW,MISSING_VALID_PRICE,NO_PRICE,,,,,,,,,pintura|blanco|colonial,COTIZACIONES_0.2_b68c.xlsx
AG-0568,SPRAY NEGRO,consu,Ferretería,Units,,,,False,False,False,SHARED,,,,2,,,,NEW_PRODUCT,1,2,MANUAL_REVIEW,MISSING_VALID_PRICE,NO_PRICE,,,,,,,,,spray|negro,COTIZACIONES_0.2_b68c.xlsx
AG-0569,Electricidad,consu,Ferretería,Units,,,,False,False,False,SHARED,,,,1,,,,NEW_PRODUCT,1,1,MANUAL_REVIEW,MISSING_VALID_PRICE,NO_PRICE,,,,,,,,,electricidad,COTIZACIONES_0.2_b68c.xlsx
AG-0570,CAJAS DE TUBO DE 32,consu,Plomería,Units,,,,False,False,False,SHARED,,,,1,,,,NEW_PRODUCT,1,1,MANUAL_REVIEW,MISSING_VALID_PRICE,NO_PRICE,,,,,,,,,cajas|tubo|32,COTIZACIONES_0.2_b68c.xlsx
AG-0571,CAJAS DE TUBO DE 40,consu,Plomería,Units,,,,False,False,False,SHARED,,,,1,,,,NEW_PRODUCT,1,1,MANUAL_REVIEW,MISSING_VALID_PRICE,NO_PRICE,,,,,,,,,cajas|tubo|40,COTIZACIONES_0.2_b68c.xlsx
AG-0572,TAPE NEGRO 3 M,consu,Ferretería,Units,,,,False,False,False,SHARED,,,,1,,,,NEW_PRODUCT,1,1,MANUAL_REVIEW,MISSING_VALID_PRICE,NO_PRICE,,,,,,,,,tape|negro|3|m,COTIZACIONES_0.2_b68c.xlsx
AG-0573,Ebanisteria,consu,Ferretería,Units,,,,False,False,False,SHARED,,,,1,,,,NEW_PRODUCT,1,1,MANUAL_REVIEW,MISSING_VALID_PRICE,NO_PRICE,,,,,,,,,ebanisteria,COTIZACIONES_0.2_b68c.xlsx
AG-0574,Silicon BLANCO,consu,Ferretería,Units,,,,False,False,False,SHARED,,,,1,,,,NEW_PRODUCT,1,1,MANUAL_REVIEW,MISSING_VALID_PRICE,NO_PRICE,,,,,,,,,silicon|blanco,COTIZACIONES_0.2_b68c.xlsx
AG-0575,Galones DE CERA,consu,Ferretería,Units,,,,False,False,False,SHARED,,,,1,,,,NEW_PRODUCT,1,1,MANUAL_REVIEW,MISSING_VALID_PRICE,NO_PRICE,,,,,,,,,galones|cera,COTIZACIONES_0.2_b68c.xlsx
AG-0576,BRILLO,consu,Ferretería,lb,,,,False,False,False,SHARED,,,,1,,,,NEW_PRODUCT,1,1,MANUAL_REVIEW,MISSING_VALID_PRICE,NO_PRICE,,,,,,,,,brillo,COTIZACIONES_0.2_b68c.xlsx
AG-0577,Plancha MDF 4X8 X 12 MM,consu,Ferretería,Units,,,,False,False,False,SHARED,,,,1,,,,NEW_PRODUCT,1,1,MANUAL_REVIEW,MISSING_VALID_PRICE,NO_PRICE,,,,,,,,,plancha|mdf|4x8|x|12|mm,COTIZACIONES_0.2_b68c.xlsx
AG-0578,Bisagra Invisible RECTA LARGA,consu,Ferretería,Units,,,,False,False,False,SHARED,,,,1,,,,NEW_PRODUCT,1,1,MANUAL_REVIEW,MISSING_VALID_PRICE,NO_PRICE,,,,,,,,,bisagra|invisible|recta|larga,COTIZACIONES_0.2_b68c.xlsx
AG-0579,Cerradura PARA Gavetas TIRI LARGO,consu,Ferretería,Units,,,,False,False,False,SHARED,,,,1,,,,NEW_PRODUCT,1,1,MANUAL_REVIEW,MISSING_VALID_PRICE,NO_PRICE,,,,,,,,,cerradura|para|gavetas|tiri|largo,COTIZACIONES_0.2_b68c.xlsx
AG-0580,Correderas FULL No. 18,consu,Ferretería,Units,,,,False,False,False,SHARED,,,,1,,,,NEW_PRODUCT,1,1,MANUAL_REVIEW,MISSING_VALID_PRICE,NO_PRICE,,,,,,,,,correderas|full|no.|18,COTIZACIONES_0.2_b68c.xlsx
AG-0581,LACA,consu,Ferretería,Gal,,,,False,False,False,SHARED,,,,1,,,,NEW_PRODUCT,1,1,MANUAL_REVIEW,MISSING_VALID_PRICE,NO_PRICE,,,,,,,,,laca,COTIZACIONES_0.2_b68c.xlsx
AG-0582,Tninner LACA,consu,Ferretería,Gal,,,,False,False,False,SHARED,,,,1,,,,NEW_PRODUCT,1,1,MANUAL_REVIEW,MISSING_VALID_PRICE,NO_PRICE,,,,,,,,,tninner|laca,COTIZACIONES_0.2_b68c.xlsx
AG-0583,LIJAS DE AGUA No. 240,consu,Ferretería,Units,,,,False,False,False,SHARED,,,,1,,,,NEW_PRODUCT,1,1,MANUAL_REVIEW,MISSING_VALID_PRICE,NO_PRICE,,,,,,,,,lijas|agua|no.|240,COTIZACIONES_0.2_b68c.xlsx
AG-0584,LIJAS DE AGUA No. 120,consu,Ferretería,Units,,,,False,False,False,SHARED,,,,1,,,,NEW_PRODUCT,1,1,MANUAL_REVIEW,MISSING_VALID_PRICE,NO_PRICE,,,,,,,,,lijas|agua|no.|120,COTIZACIONES_0.2_b68c.xlsx
AG-0585,OLEO No. 2 GRANDE,consu,Ferretería,Units,,,,False,False,False,SHARED,,,,1,,,,NEW_PRODUCT,1,1,MANUAL_REVIEW,MISSING_VALID_PRICE,NO_PRICE,,,,,,,,,oleo|no.|2|grande,COTIZACIONES_0.2_b68c.xlsx
AG-0586,COLA,consu,Ferretería,Gal,,,,False,False,False,SHARED,,,,1,,,,NEW_PRODUCT,1,1,MANUAL_REVIEW,MISSING_VALID_PRICE,NO_PRICE,,,,,,,,,cola,COTIZACIONES_0.2_b68c.xlsx
AG-0587,Maskintape DE 1,consu,Ferretería,Units,,,,False,False,False,SHARED,,,,1,,,,NEW_PRODUCT,1,1,MANUAL_REVIEW,MISSING_VALID_PRICE,NO_PRICE,,,,,,,,,maskintape|1,COTIZACIONES_0.2_b68c.xlsx
AG-0588,Pistola BAJO Presison,consu,Ferretería,Units,,,,False,False,False,SHARED,,,,1,,,,NEW_PRODUCT,1,1,MANUAL_REVIEW,MISSING_VALID_PRICE,NO_PRICE,,,,,,,,,pistola|bajo|presison,COTIZACIONES_0.2_b68c.xlsx
AG-0589,Mascarilla AUTO Filtranate,consu,Ferretería,Units,,,,False,False,False,SHARED,,,,1,,,,NEW_PRODUCT,1,1,MANUAL_REVIEW,MISSING_VALID_PRICE,NO_PRICE,,,,,,,,,mascarilla|auto|filtranate,COTIZACIONES_0.2_b68c.xlsx
AG-0590,Tornillos Diablito 3/4 X 8,consu,Ferretería,lb,,,caliber=3/4,False,False,False,SHARED,,,,1,,,,NEW_PRODUCT,1,1,MANUAL_REVIEW,MISSING_VALID_PRICE,NO_PRICE,,,,,,,,,tornillos|diablito|3/4|x|8|3/4,COTIZACIONES_0.2_b68c.xlsx
AG-0591,Tornillos Diablito 11/2 X 8,consu,Ferretería,lb,,,caliber=11/2,False,False,False,SHARED,,,,1,,,,NEW_PRODUCT,1,1,MANUAL_REVIEW,MISSING_VALID_PRICE,NO_PRICE,,,,,,,,,tornillos|diablito|11/2|x|8|11/2,COTIZACIONES_0.2_b68c.xlsx
AG-0592,CLAVOS DE 1 CON CABEZA,consu,Ferretería,lb,,,,False,False,False,SHARED,,,,1,,,,NEW_PRODUCT,1,1,MANUAL_REVIEW,MISSING_VALID_PRICE,NO_PRICE,,,,,,,,,clavos|1|cabeza,COTIZACIONES_0.2_b68c.xlsx
AG-0593,Tornillos Diablito DE 2 1/2 X 10,consu,Ferretería,Units,,,caliber=1/2,False,False,False,SHARED,,,,1,,,,NEW_PRODUCT,1,1,MANUAL_REVIEW,MISSING_VALID_PRICE,NO_PRICE,,,,,,,,,tornillos|diablito|2|1/2|x|10|1/2,COTIZACIONES_0.2_b68c.xlsx
AG-0594,Tornillos Diablito 3 X 10,consu,Ferretería,Units,,,,False,False,False,SHARED,,,,1,,,,NEW_PRODUCT,1,1,MANUAL_REVIEW,MISSING_VALID_PRICE,NO_PRICE,,,,,,,,,tornillos|diablito|3|x|10,COTIZACIONES_0.2_b68c.xlsx
AG-0595,Vinagre BLANCO,consu,Ferretería,Gal,,,,False,False,False,SHARED,,,,2,,,,NEW_PRODUCT,2,2,MANUAL_REVIEW,MISSING_VALID_PRICE,NO_PRICE,,,,,,,,,vinagre|blanco,COTIZACIONES_0.2_b68c.xlsx | COTIZACIONES___2023-2024_PIN_ARIAS_2_fddc.xlsx
AG-0596,Bicarbonato DE SODA,consu,Ferretería,lb,,,,False,False,False,SHARED,,,,1,,,,NEW_PRODUCT,1,1,MANUAL_REVIEW,MISSING_VALID_PRICE,NO_PRICE,,,,,,,,,bicarbonato|soda,COTIZACIONES_0.2_b68c.xlsx
AG-0703,PORTA PAPEL TOALLA,consu,Oficina,Units,,,,False,False,False,SHARED,,,,1,,,,NEW_PRODUCT,1,1,MANUAL_REVIEW,MISSING_VALID_PRICE,NO_PRICE,,,,,,,,,porta|papel|toalla,COTIZACIONES_0.2_b68c.xlsx
AG-0704,Zafacones DE BAÑO,consu,Ferretería,Units,,,,False,False,False,SHARED,,,,1,,,,NEW_PRODUCT,1,1,MANUAL_REVIEW,MISSING_VALID_PRICE,NO_PRICE,,,,,,,,,zafacones|bano,COTIZACIONES_0.2_b68c.xlsx
AG-0705,Zafacones DE BAÑO Grandes,consu,Ferretería,Units,,,,False,False,False,SHARED,,,,1,,,,NEW_PRODUCT,1,1,MANUAL_REVIEW,MISSING_VALID_PRICE,NO_PRICE,,,,,,,,,zafacones|bano|grandes,COTIZACIONES_0.2_b68c.xlsx
AG-0723,Pintura Acrilica ARENA 24 Popular PRO,consu,Pinturas,Units,,,,False,False,False,SHARED,,,,1,,,,NEW_PRODUCT,1,1,MANUAL_REVIEW,MISSING_VALID_PRICE,NO_PRICE,,,,,,,,,pintura|acrilica|arena|24|popular|pro,COTIZACIONES_0.2_b68c.xlsx
AG-0724,Pintura Acrilica BLANCO Colonial Popular PRO,consu,Pinturas,Units,,,,False,False,False,SHARED,,,,1,,,,NEW_PRODUCT,1,1,MANUAL_REVIEW,MISSING_VALID_PRICE,NO_PRICE,,,,,,,,,pintura|acrilica|blanco|colonial|popular|pro,COTIZACIONES_0.2_b68c.xlsx
AG-0725,Pintura Acrilica BLANCO GRIS PERLA Popular PRO,consu,Pinturas,Units,,,,False,False,False,SHARED,,,,1,,,,NEW_PRODUCT,1,1,MANUAL_REVIEW,MISSING_VALID_PRICE,NO_PRICE,,,,,,,,,pintura|acrilica|blanco|gris|perla|popular|pro,COTIZACIONES_0.2_b68c.xlsx
AG-0726,Pintura Acrilica ORANGE Popular PRO,consu,Pinturas,Units,,,,False,False,False,SHARED,,,,1,,,,NEW_PRODUCT,1,1,MANUAL_REVIEW,MISSING_VALID_PRICE,NO_PRICE,,,,,,,,,pintura|acrilica|orange|popular|pro,COTIZACIONES_0.2_b68c.xlsx
AG-0731,Pintura Acrilica NEGRO Popular PRO,consu,Pinturas,Units,,,,False,False,False,SHARED,,,,1,,,,NEW_PRODUCT,1,1,MANUAL_REVIEW,MISSING_VALID_PRICE,NO_PRICE,,,,,,,,,pintura|acrilica|negro|popular|pro,COTIZACIONES_0.2_b68c.xlsx
AG-0732,CUBETA DE BARNIZ,consu,Ferretería,Units,,,,False,False,False,SHARED,,,,1,,,,NEW_PRODUCT,1,1,MANUAL_REVIEW,MISSING_VALID_PRICE,NO_PRICE,,,,,,,,,cubeta|barniz,COTIZACIONES_0.2_b68c.xlsx
AG-0733,Acrilica Caramelo SUAVE 21,consu,Ferretería,Units,,,,False,False,False,SHARED,,,,1,,,,NEW_PRODUCT,1,1,MANUAL_REVIEW,MISSING_VALID_PRICE,NO_PRICE,,,,,,,,,acrilica|caramelo|suave|21,COTIZACIONES_0.2_b68c.xlsx
AG-0734,Pintura Esmalte Superior GRIS PLATA 65,consu,Pinturas,Units,,,,False,False,False,SHARED,,,,1,,,,NEW_PRODUCT,1,1,MANUAL_REVIEW,MISSING_VALID_PRICE,NO_PRICE,,,,,,,,,pintura|esmalte|superior|gris|plata|65,COTIZACIONES_0.2_b68c.xlsx
AG-0735,Pintura Esmalte Superior BLANCO,consu,Pinturas,Units,,,,False,False,False,SHARED,,,,1,,,,NEW_PRODUCT,1,1,MANUAL_REVIEW,MISSING_VALID_PRICE,NO_PRICE,,,,,,,,,pintura|esmalte|superior|blanco,COTIZACIONES_0.2_b68c.xlsx
AG-0736,Pintura Esmalte Superior ROJO,consu,Pinturas,Units,,,,False,False,False,SHARED,,,,1,,,,NEW_PRODUCT,1,1,MANUAL_REVIEW,MISSING_VALID_PRICE,NO_PRICE,,,,,,,,,pintura|esmalte|superior|rojo,COTIZACIONES_0.2_b68c.xlsx
AG-0737,Pintura Esmalte Superior Amarillo,consu,Pinturas,Units,,,,False,False,False,SHARED,,,,1,,,,NEW_PRODUCT,1,1,MANUAL_REVIEW,MISSING_VALID_PRICE,NO_PRICE,,,,,,,,,pintura|esmalte|superior|amarillo,COTIZACIONES_0.2_b68c.xlsx
AG-0738,Pintura Esmalte Superior AZUL,consu,Pinturas,Units,,,,False,False,False,SHARED,,,,1,,,,NEW_PRODUCT,1,1,MANUAL_REVIEW,MISSING_VALID_PRICE,NO_PRICE,,,,,,,,,pintura|esmalte|superior|azul,COTIZACIONES_0.2_b68c.xlsx
AG-0739,Pintura Esmalte Superior LIMON,consu,Pinturas,Units,,,,False,False,False,SHARED,,,,1,,,,NEW_PRODUCT,1,1,MANUAL_REVIEW,MISSING_VALID_PRICE,NO_PRICE,,,,,,,,,pintura|esmalte|superior|limon,COTIZACIONES_0.2_b68c.xlsx
AG-0740,Pintura Acrilica Amarillo MAIZ 70 Popular PRO,consu,Pinturas,Units,,,,False,False,False,SHARED,,,,1,,,,NEW_PRODUCT,1,1,MANUAL_REVIEW,MISSING_VALID_PRICE,NO_PRICE,,,,,,,,,pintura|acrilica|amarillo|maiz|70|popular|pro,COTIZACIONES_0.2_b68c.xlsx
AG-0741,Pintura BLANCO Trafico Popular,consu,Pinturas,Units,,,,False,False,False,SHARED,,,,1,,,,NEW_PRODUCT,1,1,MANUAL_REVIEW,MISSING_VALID_PRICE,NO_PRICE,,,,,,,,,pintura|blanco|trafico|popular,COTIZACIONES_0.2_b68c.xlsx
AG-0742,Pintura Acrilica AZUL CIELO Popular PRO,consu,Pinturas,Units,,,,False,False,False,SHARED,,,,1,,,,NEW_PRODUCT,1,1,MANUAL_REVIEW,MISSING_VALID_PRICE,NO_PRICE,,,,,,,,,pintura|acrilica|azul|cielo|popular|pro,COTIZACIONES_0.2_b68c.xlsx
AG-0743,Pintura Acrilica ROJO Ladrillo Popular,consu,Pinturas,Units,,,,False,False,False,SHARED,,,,1,,,,NEW_PRODUCT,1,1,MANUAL_REVIEW,MISSING_VALID_PRICE,NO_PRICE,,,,,,,,,pintura|acrilica|rojo|ladrillo|popular,COTIZACIONES_0.2_b68c.xlsx
AG-0745,Pintura Anticorrosiva ROJO OXIDO,consu,Pinturas,Units,,,,False,False,False,SHARED,,,,1,,,,NEW_PRODUCT,1,1,MANUAL_REVIEW,MISSING_VALID_PRICE,NO_PRICE,,,,,,,,,pintura|anticorrosiva|rojo|oxido,COTIZACIONES_0.2_b68c.xlsx
AG-0746,Pintura Anticorrosiva ROJO NEGRO,consu,Pinturas,Units,,,,False,False,False,SHARED,,,,1,,,,NEW_PRODUCT,1,1,MANUAL_REVIEW,MISSING_VALID_PRICE,NO_PRICE,,,,,,,,,pintura|anticorrosiva|rojo|negro,COTIZACIONES_0.2_b68c.xlsx
AG-0747,SPRAY BLANCO,consu,Ferretería,Units,,,,False,False,False,SHARED,,,,1,,,,NEW_PRODUCT,1,1,MANUAL_REVIEW,MISSING_VALID_PRICE,NO_PRICE,,,,,,,,,spray|blanco,COTIZACIONES_0.2_b68c.xlsx
AG-0752,MOTA GRUESA,consu,Ferretería,Units,,,,False,False,False,SHARED,,,,1,,,,NEW_PRODUCT,1,1,MANUAL_REVIEW,MISSING_VALID_PRICE,NO_PRICE,,,,,,,,,mota|gruesa,COTIZACIONES_0.2_b68c.xlsx
AG-0753,Carrete PORTA MOTAS,consu,Ferretería,Units,,,,False,False,False,SHARED,,,,1,,,,NEW_PRODUCT,1,1,MANUAL_REVIEW,MISSING_VALID_PRICE,NO_PRICE,,,,,,,,,carrete|porta|motas,COTIZACIONES_0.2_b68c.xlsx
AG-0754,PORTA ROLO DE 6,consu,Ferretería,Units,,,,False,False,False,SHARED,,,,1,,,,NEW_PRODUCT,1,1,MANUAL_REVIEW,MISSING_VALID_PRICE,NO_PRICE,,,,,,,,,porta|rolo|6,COTIZACIONES_0.2_b68c.xlsx
AG-0755,PORTA ROLO DE 4,consu,Ferretería,Units,,,,False,False,False,SHARED,,,,1,,,,NEW_PRODUCT,1,1,MANUAL_REVIEW,MISSING_VALID_PRICE,NO_PRICE,,,,,,,,,porta|rolo|4,COTIZACIONES_0.2_b68c.xlsx
AG-0756,Espatula,consu,Ferretería,Units,,,,False,False,False,SHARED,,,,1,,,,NEW_PRODUCT,1,1,MANUAL_REVIEW,MISSING_VALID_PRICE,NO_PRICE,,,,,,,,,espatula,COTIZACIONES_0.2_b68c.xlsx
AG-0757,Masilla,consu,Mobiliario,Units,,,,False,False,False,SHARED,,,,1,,,,NEW_PRODUCT,1,1,MANUAL_REVIEW,MISSING_VALID_PRICE,NO_PRICE,,,,,,,,,masilla,COTIZACIONES_0.2_b68c.xlsx
AG-0769,Artista,consu,Ferretería,Units,,,,False,False,False,SHARED,,,,4,2750.0,,,NEW_PRODUCT,2,4,MANUAL_REVIEW,PRICE_OUTLIER_REVIEW;MISSING_VALID_PRICE,PRICE_OUTLIER_REVIEW,,,,,,,,,artista,COTIZACIONES_0.2_b68c.xlsx | FORMATO_DE_COTIZACION_2_21f4.xlsx
AG-0770,FUEGOS Artificiales,consu,Ferretería,Units,,,,False,False,False,SHARED,,,,6,,,,NEW_PRODUCT,3,6,MANUAL_REVIEW,MISSING_VALID_PRICE,NO_PRICE,,,,,,,,,fuegos|artificiales,COTIZACIONES_0.2_b68c.xlsx | COT_95d1.xlsx | FORMATO_DE_COTIZACION_2_21f4.xlsx
AG-0771,TARIMA 24X20,consu,Ferretería,Units,,,,False,False,False,SHARED,,,,4,,,,NEW_PRODUCT,2,4,MANUAL_REVIEW,MISSING_VALID_PRICE,NO_PRICE,,,,,,,,,tarima|24x20,COTIZACIONES_0.2_b68c.xlsx | FORMATO_DE_COTIZACION_2_21f4.xlsx
AG-0772,TARIMA VIP 16X16 CON SILLAS P/50 Personas,consu,Mobiliario,Units,,,,False,False,False,SHARED,,,,4,,,,NEW_PRODUCT,2,4,MANUAL_REVIEW,MISSING_VALID_PRICE,NO_PRICE,,,,,,,,,tarima|vip|16x16|sillas|p/50|personas,COTIZACIONES_0.2_b68c.xlsx | FORMATO_DE_COTIZACION_2_21f4.xlsx
AG-0773,BANNER,consu,Ferretería,Units,,,,False,False,False,SHARED,,,,1,,,,NEW_PRODUCT,1,1,MANUAL_REVIEW,MISSING_VALID_PRICE,NO_PRICE,,,,,,,,,banner,COTIZACIONES_0.2_b68c.xlsx
AG-0774,TECHO 29X22,consu,Ferretería,Units,,,,False,False,False,SHARED,,,,4,,,,NEW_PRODUCT,2,4,MANUAL_REVIEW,MISSING_VALID_PRICE,NO_PRICE,,,,,,,,,techo|29x22,COTIZACIONES_0.2_b68c.xlsx | FORMATO_DE_COTIZACION_2_21f4.xlsx
AG-0775,LUCES,consu,Ferretería,Units,,,,False,False,False,SHARED,,,,6,,,,NEW_PRODUCT,3,6,MANUAL_REVIEW,MISSING_VALID_PRICE,NO_PRICE,,,,,,,,,luces,COTIZACIONES_0.2_b68c.xlsx | COT_95d1.xlsx | FORMATO_DE_COTIZACION_2_21f4.xlsx
AG-0776,Equipos DE SONIDO Y Microfono,consu,Ferretería,Units,,,,False,False,False,SHARED,,,,4,,,,NEW_PRODUCT,2,4,MANUAL_REVIEW,MISSING_VALID_PRICE,NO_PRICE,,,,,,,,,equipos|sonido|microfono,COTIZACIONES_0.2_b68c.xlsx | FORMATO_DE_COTIZACION_2_21f4.xlsx
AG-0777,PLANTA Electrica 25KW,consu,Ferretería,Units,,,,False,False,False,SHARED,,,,4,,,,NEW_PRODUCT,2,4,MANUAL_REVIEW,MISSING_VALID_PRICE,NO_PRICE,,,,,,,,,planta|electrica|25kw,COTIZACIONES_0.2_b68c.xlsx | FORMATO_DE_COTIZACION_2_21f4.xlsx
AG-0778,Presentadora,consu,Ferretería,Units,,,,False,False,False,SHARED,,,,3,,,,NEW_PRODUCT,2,3,MANUAL_REVIEW,MISSING_VALID_PRICE,NO_PRICE,,,,,,,,,presentadora,COTIZACIONES_0.2_b68c.xlsx | FORMATO_DE_COTIZACION_2_21f4.xlsx
AG-0779,Coordinacion Artistica,consu,Ferretería,Units,,,,False,False,False,SHARED,,,,6,,,,NEW_PRODUCT,3,6,MANUAL_REVIEW,MISSING_VALID_PRICE,NO_PRICE,,,,,,,,,coordinacion|artistica,COTIZACIONES_0.2_b68c.xlsx | COT_95d1.xlsx | FORMATO_DE_COTIZACION_2_21f4.xlsx
AG-0780,Perifoneo 5 DIAS PREVIO A LA Actividad,consu,Ferretería,Units,,,,False,False,False,SHARED,,,,4,,,,NEW_PRODUCT,2,4,MANUAL_REVIEW,MISSING_VALID_PRICE,NO_PRICE,,,,,,,,,perifoneo|5|dias|previo|a|actividad,COTIZACIONES_0.2_b68c.xlsx | FORMATO_DE_COTIZACION_2_21f4.xlsx
AG-0781,Seguridad,consu,Ferretería,Units,,,,False,False,False,SHARED,,,,4,,,,NEW_PRODUCT,2,4,MANUAL_REVIEW,MISSING_VALID_PRICE,NO_PRICE,,,,,,,,,seguridad,COTIZACIONES_0.2_b68c.xlsx | FORMATO_DE_COTIZACION_2_21f4.xlsx
AG-0802,VIGA H 6x6x30' (25.0# Lb/p)-750 Lbs,consu,Ferretería,Units,,,presentation=25.0 lb,False,False,False,SHARED,,,,1,,,,NEW_PRODUCT,1,1,MANUAL_REVIEW,MISSING_VALID_PRICE,NO_PRICE,,,,,,,,,viga|h|6x6x30|25.0|lb/p|-750|lb|25.0 lb,COTIZACIONES_0.2_b68c.xlsx
AG-0803,VIGA H 6x4x30' (16.0# Lb/p)-480 Lbs,consu,Ferretería,Units,,,presentation=16.0 lb,False,False,False,SHARED,,,,1,,,,NEW_PRODUCT,1,1,MANUAL_REVIEW,MISSING_VALID_PRICE,NO_PRICE,,,,,,,,,viga|h|6x4x30|16.0|lb/p|-480|lb|16.0 lb,COTIZACIONES_0.2_b68c.xlsx
AG-0804,Canales 6x30'-8.20#'lb/p- 246 Lbs,consu,Ferretería,Units,,,presentation=8.20 lb,False,False,False,SHARED,,,,1,,,,NEW_PRODUCT,1,1,MANUAL_REVIEW,MISSING_VALID_PRICE,NO_PRICE,,,,,,,,,canales|6x30|-8.20|lb/p-|246|lb|8.20 lb,COTIZACIONES_0.2_b68c.xlsx
AG-0840,Credito A 60 Dias,consu,Ferretería,Units,,,,False,False,False,SHARED,,,,24,,,,NEW_PRODUCT,2,13,MANUAL_REVIEW,MISSING_VALID_PRICE,NO_PRICE,,,,,,,,,credito|a|60|dias,COTIZACIONES_DORALEX_SRL_bb53.xlsx | COTIZACIONES_DORALEX_f72a.xlsx
AG-0841,Entrega Inmediata Una Vez Sea Enviada La Orden De Compras,consu,Ferretería,Units,,,,False,False,False,SHARED,,,,126,,,,NEW_PRODUCT,2,108,MANUAL_REVIEW,MISSING_VALID_PRICE,NO_PRICE,,,,,,,,,entrega|inmediata|una|vez|sea|enviada|orden|compras,COTIZACIONES_DORALEX_SRL_bb53.xlsx | COTIZACIONES_DORALEX_f72a.xlsx
AG-0842,FIRMA Autorizada,consu,Ferretería,Units,,,,False,False,False,SHARED,,,,152,,,,NEW_PRODUCT,5,122,MANUAL_REVIEW,MISSING_VALID_PRICE,NO_PRICE,,,,,,,,,firma|autorizada,COTIZACIONES_DORALEX_SRL_bb53.xlsx | COTIZACIONES_DORALEX_f72a.xlsx | COTIZACIONES__DOMINION_BUSINESS_18aa.xlsx | COTIZACIONES__REMPART_GROUP_2_3578.xlsx | COTIZACIONES___2023-2024_PIN_ARIAS_2_fddc.xlsx
AG-0843,"Resma De Papel Tamaño Carta Calibre 20, 8 1/2 * 11 Pulgadas.",consu,Oficina,Units,LG,,"size=11"" caliber=1/2",False,False,False,SHARED,,,,2,,,,NEW_PRODUCT,2,1,MANUAL_REVIEW,MISSING_VALID_PRICE,NO_PRICE,,,,,,,,,"resma|papel|tamano|carta|calibre|20|8|1/2|1/2|11""",COTIZACIONES_DORALEX_SRL_bb53.xlsx | COTIZACIONES_DORALEX_f72a.xlsx
AG-0844,"Resma De Papel Tamaño Carta Calibre 20, 8 1/2 * 14 Pulgadas.",consu,Oficina,Units,LG,,"size=14"" caliber=1/2",False,False,False,SHARED,,,,2,,,,NEW_PRODUCT,2,1,MANUAL_REVIEW,MISSING_VALID_PRICE,NO_PRICE,,,,,,,,,"resma|papel|tamano|carta|calibre|20|8|1/2|1/2|14""",COTIZACIONES_DORALEX_SRL_bb53.xlsx | COTIZACIONES_DORALEX_f72a.xlsx
AG-0845,Libretas Rayadas Amarillas 5x8.,consu,Ferretería,Units,,,,False,False,False,SHARED,,,,2,,,,NEW_PRODUCT,2,1,MANUAL_REVIEW,MISSING_VALID_PRICE,NO_PRICE,,,,,,,,,libretas|rayadas|amarillas|5x8.,COTIZACIONES_DORALEX_SRL_bb53.xlsx | COTIZACIONES_DORALEX_f72a.xlsx
AG-0846,Libretas Rayadas Amarillas 8 1/2 X 11.,consu,Ferretería,Units,,,caliber=1/2,False,False,False,SHARED,,,,2,,,,NEW_PRODUCT,2,1,MANUAL_REVIEW,MISSING_VALID_PRICE,NO_PRICE,,,,,,,,,libretas|rayadas|amarillas|8|1/2|x|11.|1/2,COTIZACIONES_DORALEX_SRL_bb53.xlsx | COTIZACIONES_DORALEX_f72a.xlsx
AG-0847,"Libro Récord 200 Páginas Numeradas, Tapa Dura.",consu,Ferretería,Units,,,,False,False,False,SHARED,,,,2,,,,NEW_PRODUCT,2,1,MANUAL_REVIEW,MISSING_VALID_PRICE,NO_PRICE,,,,,,,,,libro|record|200|paginas|numeradas|tapa|dura.,COTIZACIONES_DORALEX_SRL_bb53.xlsx | COTIZACIONES_DORALEX_f72a.xlsx
AG-0848,"Notas Adhesivas 3 Pulgadas * 5 Pulgadas, Colores Neón.",consu,Ferretería,Units,LG,,"size=3""",False,False,False,SHARED,,,,2,,,,NEW_PRODUCT,2,1,MANUAL_REVIEW,MISSING_VALID_PRICE,NO_PRICE,,,,,,,,,"notas|adhesivas|3|pulgadas|5|pulgadas|colores|neon.|3""",COTIZACIONES_DORALEX_SRL_bb53.xlsx | COTIZACIONES_DORALEX_f72a.xlsx
AG-0849,"Notas Adhesivas 3 Pulgadas * 2 Pulgadas, Colores Neón.",consu,Ferretería,Units,LG,,"size=3""",False,False,False,SHARED,,,,2,,,,NEW_PRODUCT,2,1,MANUAL_REVIEW,MISSING_VALID_PRICE,NO_PRICE,,,,,,,,,"notas|adhesivas|3|pulgadas|2|pulgadas|colores|neon.|3""",COTIZACIONES_DORALEX_SRL_bb53.xlsx | COTIZACIONES_DORALEX_f72a.xlsx
AG-0850,"Notas Adhesivas 3 Pulgadas * 3 Pulgadas, Colores Neón.",consu,Ferretería,Units,LG,,"size=3""",False,False,False,SHARED,,,,2,,,,NEW_PRODUCT,2,1,MANUAL_REVIEW,MISSING_VALID_PRICE,NO_PRICE,,,,,,,,,"notas|adhesivas|3|pulgadas|3|pulgadas|colores|neon.|3""",COTIZACIONES_DORALEX_SRL_bb53.xlsx | COTIZACIONES_DORALEX_f72a.xlsx
AG-0851,"Bandejas De Escritorios De Tres Compartimentos, Altura 24.5 Cm, Anchura 29 Cm, Con Carga",consu,Mobiliario,Units,,,,False,False,False,SHARED,,,,2,,,,NEW_PRODUCT,2,1,MANUAL_REVIEW,MISSING_VALID_PRICE,NO_PRICE,,,,,,,,,bandejas|escritorios|tres|compartimentos|altura|24.5|cm|anchura,COTIZACIONES_DORALEX_SRL_bb53.xlsx | COTIZACIONES_DORALEX_f72a.xlsx
AG-0852,"Cera Para Contar De 14 Gr, 5.6 Cm Diámetro.",consu,Ferretería,Units,,,,False,False,False,SHARED,,,,2,,,,NEW_PRODUCT,2,1,MANUAL_REVIEW,MISSING_VALID_PRICE,NO_PRICE,,,,,,,,,cera|para|contar|14|gr|5.6|cm|diametro.,COTIZACIONES_DORALEX_SRL_bb53.xlsx | COTIZACIONES_DORALEX_f72a.xlsx
AG-0853,"Cinta De Embalar 2"", Transparente.",consu,Ferretería,Units,,,"size=2""",False,False,False,SHARED,,,,2,,,,NEW_PRODUCT,2,1,MANUAL_REVIEW,MISSING_VALID_PRICE,NO_PRICE,,,,,,,,,"cinta|embalar|2""|transparente.|2""",COTIZACIONES_DORALEX_SRL_bb53.xlsx | COTIZACIONES_DORALEX_f72a.xlsx
AG-0854,"Cinta Adhesiva Invisible, 3/4 In X 1296 In, 36 Yd.",consu,Ferretería,Units,,,caliber=3/4,False,False,False,SHARED,,,,2,,,,NEW_PRODUCT,2,1,MANUAL_REVIEW,MISSING_VALID_PRICE,NO_PRICE,,,,,,,,,cinta|adhesiva|invisible|3/4|in|x|1296|in|3/4,COTIZACIONES_DORALEX_SRL_bb53.xlsx | COTIZACIONES_DORALEX_f72a.xlsx
AG-0855,"Clip De Billeteros Negros, 55mm, 12/1.",consu,Ferretería,Units,,,caliber=12/1,False,False,False,SHARED,,,,2,,,,NEW_PRODUCT,2,1,MANUAL_REVIEW,MISSING_VALID_PRICE,NO_PRICE,,,,,,,,,clip|billeteros|negros|55|mm|12/1.|12/1,COTIZACIONES_DORALEX_SRL_bb53.xlsx | COTIZACIONES_DORALEX_f72a.xlsx
AG-0856,"Clip De Billeteros Negros, 25mm, 12/1.",consu,Ferretería,Units,,,caliber=12/1,False,False,False,SHARED,,,,2,,,,NEW_PRODUCT,2,1,MANUAL_REVIEW,MISSING_VALID_PRICE,NO_PRICE,,,,,,,,,clip|billeteros|negros|25|mm|12/1.|12/1,COTIZACIONES_DORALEX_SRL_bb53.xlsx | COTIZACIONES_DORALEX_f72a.xlsx
AG-0857,"Clip De Billeteros Negros, 15mm, 12/1.",consu,Ferretería,Units,,,caliber=12/1,False,False,False,SHARED,,,,2,,,,NEW_PRODUCT,2,1,MANUAL_REVIEW,MISSING_VALID_PRICE,NO_PRICE,,,,,,,,,clip|billeteros|negros|15|mm|12/1.|12/1,COTIZACIONES_DORALEX_SRL_bb53.xlsx | COTIZACIONES_DORALEX_f72a.xlsx
AG-0858,Clips Pequeños 33mm 100/1,consu,Ferretería,Units,,,caliber=100/1,False,False,False,SHARED,,,,2,,,,NEW_PRODUCT,2,1,MANUAL_REVIEW,MISSING_VALID_PRICE,NO_PRICE,,,,,,,,,clips|pequenos|33|mm|100/1|100/1,COTIZACIONES_DORALEX_SRL_bb53.xlsx | COTIZACIONES_DORALEX_f72a.xlsx
AG-0859,Clips Grandes 50mm 100/1,consu,Ferretería,Units,,,caliber=100/1,False,False,False,SHARED,,,,2,,,,NEW_PRODUCT,2,1,MANUAL_REVIEW,MISSING_VALID_PRICE,NO_PRICE,,,,,,,,,clips|grandes|50|mm|100/1|100/1,COTIZACIONES_DORALEX_SRL_bb53.xlsx | COTIZACIONES_DORALEX_f72a.xlsx
AG-0860,"Dispensador De Cintas Adhesiva De Escritorio Negro, Base Antideslizante, Para Usar Con",consu,Mobiliario,Units,,,caliber=3/4,False,False,False,SHARED,,,,2,,,,NEW_PRODUCT,2,1,MANUAL_REVIEW,MISSING_VALID_PRICE,NO_PRICE,,,,,,,,,dispensador|cintas|adhesiva|escritorio|negro|base|antideslizante|para|3/4,COTIZACIONES_DORALEX_SRL_bb53.xlsx | COTIZACIONES_DORALEX_f72a.xlsx
AG-0861,"Folder Manila 8 1/2 X 11, Caja 100/1",consu,Oficina,Units,,,caliber=1/2,False,False,False,SHARED,,,,2,,,,NEW_PRODUCT,2,1,MANUAL_REVIEW,MISSING_VALID_PRICE,NO_PRICE,,,,,,,,,folder|manila|8|1/2|x|11|caja|100/1|1/2,COTIZACIONES_DORALEX_SRL_bb53.xlsx | COTIZACIONES_DORALEX_f72a.xlsx
AG-0862,"Grapas Estándar 6 Mm, 26/6, 5000/1",consu,Ferretería,Units,,,caliber=26/6,False,False,False,SHARED,,,,2,,,,NEW_PRODUCT,2,1,MANUAL_REVIEW,MISSING_VALID_PRICE,NO_PRICE,,,,,,,,,grapas|estandar|6|mm|26/6|5000/1|26/6,COTIZACIONES_DORALEX_SRL_bb53.xlsx | COTIZACIONES_DORALEX_f72a.xlsx
AG-0863,"Bolígrafo Retráctil De Punta Fina 0,7mm, Color Azul Caja De 12/1",consu,Oficina,Units,,,caliber=12/1,False,False,False,SHARED,,,,6,,,,NEW_PRODUCT,2,1,MANUAL_REVIEW,MISSING_VALID_PRICE,NO_PRICE,,,,,,,,,boligrafo|retractil|punta|fina|0|7|mm|color|12/1,COTIZACIONES_DORALEX_SRL_bb53.xlsx | COTIZACIONES_DORALEX_f72a.xlsx
AG-0864,"Bolígrafo En Gel Retráctil, Punta De Aguja 0,7mm, Agarre Con Textura Suave, Color Azul.",consu,Oficina,Units,,,,False,False,False,SHARED,,,,4,,,,NEW_PRODUCT,2,1,MANUAL_REVIEW,MISSING_VALID_PRICE,NO_PRICE,,,,,,,,,boligrafo|gel|retractil|punta|aguja|0|7|mm,COTIZACIONES_DORALEX_SRL_bb53.xlsx | COTIZACIONES_DORALEX_f72a.xlsx
AG-0865,"Pegamento En Barra De 40gr, Adhesivo Sin Solventes, Tapa Rosca, Adherencia Instantánea.",consu,Ferretería,Units,,,,False,False,False,SHARED,,,,2,,,,NEW_PRODUCT,2,1,MANUAL_REVIEW,MISSING_VALID_PRICE,NO_PRICE,,,,,,,,,pegamento|barra|40gr|adhesivo|sin|solventes|tapa|rosca,COTIZACIONES_DORALEX_SRL_bb53.xlsx | COTIZACIONES_DORALEX_f72a.xlsx
AG-0866,Pegamento De Resina Sintética Transparente Para Aplicación Universal De 35ml.,consu,Ferretería,Units,,,,False,False,False,SHARED,,,,2,,,,NEW_PRODUCT,2,1,MANUAL_REVIEW,MISSING_VALID_PRICE,NO_PRICE,,,,,,,,,pegamento|resina|sintetica|transparente|para|aplicacion|universal|35ml.,COTIZACIONES_DORALEX_SRL_bb53.xlsx | COTIZACIONES_DORALEX_f72a.xlsx
AG-0867,"Perforadora De 2 Orificios En Metal, Color Negro, Capacidad De Perforación 10 Hojas.",consu,Ferretería,Units,,,,False,False,False,SHARED,,,,2,,,,NEW_PRODUCT,2,1,MANUAL_REVIEW,MISSING_VALID_PRICE,NO_PRICE,,,,,,,,,perforadora|2|orificios|metal|color|negro|capacidad|perforacion,COTIZACIONES_DORALEX_SRL_bb53.xlsx | COTIZACIONES_DORALEX_f72a.xlsx
AG-0868,"Perforadora De 3 Orificios En Metal, Color Negro, Capacidad De Perforación 10 Hojas.",consu,Ferretería,Units,,,,False,False,False,SHARED,,,,2,,,,NEW_PRODUCT,2,1,MANUAL_REVIEW,MISSING_VALID_PRICE,NO_PRICE,,,,,,,,,perforadora|3|orificios|metal|color|negro|capacidad|perforacion,COTIZACIONES_DORALEX_SRL_bb53.xlsx | COTIZACIONES_DORALEX_f72a.xlsx
AG-0869,"Tinta Superfluorescente, Trazos De 1 Mm, 2 Mm Y 5 Mm (resaltadores Mamey).",consu,Ferretería,Units,,,,False,False,False,SHARED,,,,8,,,,NEW_PRODUCT,2,1,MANUAL_REVIEW,MISSING_VALID_PRICE,NO_PRICE,,,,,,,,,tinta|superfluorescente|trazos|1|mm|2|mm|5,COTIZACIONES_DORALEX_SRL_bb53.xlsx | COTIZACIONES_DORALEX_f72a.xlsx
AG-0870,"Rollo De Cinta Para Sumadora, Colores Negro Y Rojo.",consu,Ferretería,Units,,,,False,False,False,SHARED,,,,2,,,,NEW_PRODUCT,2,1,MANUAL_REVIEW,MISSING_VALID_PRICE,NO_PRICE,,,,,,,,,rollo|cinta|para|sumadora|colores|negro|rojo.,COTIZACIONES_DORALEX_SRL_bb53.xlsx | COTIZACIONES_DORALEX_f72a.xlsx
AG-0871,Rollo De Cinta Tricolor Fina En Poliester De 1cm.,consu,Ferretería,Units,,,,False,False,False,SHARED,,,,2,,,,NEW_PRODUCT,2,1,MANUAL_REVIEW,MISSING_VALID_PRICE,NO_PRICE,,,,,,,,,rollo|cinta|tricolor|fina|poliester|1|cm.,COTIZACIONES_DORALEX_SRL_bb53.xlsx | COTIZACIONES_DORALEX_f72a.xlsx
AG-0872,Rollo De Cinta Tricolor Gruesa En Poliester De 8cm.,consu,Ferretería,Units,,,,False,False,False,SHARED,,,,2,,,,NEW_PRODUCT,2,1,MANUAL_REVIEW,MISSING_VALID_PRICE,NO_PRICE,,,,,,,,,rollo|cinta|tricolor|gruesa|poliester|8|cm.,COTIZACIONES_DORALEX_SRL_bb53.xlsx | COTIZACIONES_DORALEX_f72a.xlsx
AG-0873,Rollo Grande De Papel Burbuja Con 75 Metros De Largo Y 60 Cm De Ancho.,consu,Oficina,Units,,,,False,False,False,SHARED,,,,2,,,,NEW_PRODUCT,2,1,MANUAL_REVIEW,MISSING_VALID_PRICE,NO_PRICE,,,,,,,,,rollo|grande|papel|burbuja|75|metros|largo|60,COTIZACIONES_DORALEX_SRL_bb53.xlsx | COTIZACIONES_DORALEX_f72a.xlsx
AG-0874,"Etiqueta (labels) Tamaño 5.1x10.2cm / 2""x4"", Transparentes, Adhesivo Permanente, 10",consu,Ferretería,Units,,,"size=2""",False,False,False,SHARED,,,,2,,,,NEW_PRODUCT,2,1,MANUAL_REVIEW,MISSING_VALID_PRICE,NO_PRICE,,,,,,,,,"etiqueta|labels|tamano|5.1x10.2|cm|/|2""x4""|transparentes|2""",COTIZACIONES_DORALEX_SRL_bb53.xlsx | COTIZACIONES_DORALEX_f72a.xlsx
AG-0875,"Etiqueta (labels) Tamaño 3.4x10.2cm / 3""x4"", Transparentes, Adhesivo Permanente, 14",consu,Ferretería,Units,,,"size=3""",False,False,False,SHARED,,,,2,,,,NEW_PRODUCT,2,1,MANUAL_REVIEW,MISSING_VALID_PRICE,NO_PRICE,,,,,,,,,"etiqueta|labels|tamano|3.4x10.2|cm|/|3""x4""|transparentes|3""",COTIZACIONES_DORALEX_SRL_bb53.xlsx | COTIZACIONES_DORALEX_f72a.xlsx
AG-0876,"Etiqueta (labels) Tamaño 5.1x10.2cm / 2""x4"", Blancas, Adhesivo Permanente, 10 Etiquetas",consu,Ferretería,Units,,,"size=2""",False,False,False,SHARED,,,,2,,,,NEW_PRODUCT,2,1,MANUAL_REVIEW,MISSING_VALID_PRICE,NO_PRICE,,,,,,,,,"etiqueta|labels|tamano|5.1x10.2|cm|/|2""x4""|blancas|2""",COTIZACIONES_DORALEX_SRL_bb53.xlsx | COTIZACIONES_DORALEX_f72a.xlsx
AG-0877,"Etiqueta (labels) Tamaño 3.4x10.2cm / 3""x4"", Blancas, Adhesivo Permanente, 14 Etiquetas",consu,Ferretería,Units,,,"size=3""",False,False,False,SHARED,,,,2,,,,NEW_PRODUCT,2,1,MANUAL_REVIEW,MISSING_VALID_PRICE,NO_PRICE,,,,,,,,,"etiqueta|labels|tamano|3.4x10.2|cm|/|3""x4""|blancas|3""",COTIZACIONES_DORALEX_SRL_bb53.xlsx | COTIZACIONES_DORALEX_f72a.xlsx
AG-0878,"Separadores De Hojas P/carpeta 5/1 De Tres Argollas, Color Amarillo, Con 5 Divisiones De",consu,Ferretería,Units,,,caliber=5/1,False,False,False,SHARED,,,,2,,,,NEW_PRODUCT,2,1,MANUAL_REVIEW,MISSING_VALID_PRICE,NO_PRICE,,,,,,,,,separadores|hojas|p/carpeta|5/1|tres|argollas|color|amarillo|5/1,COTIZACIONES_DORALEX_SRL_bb53.xlsx | COTIZACIONES_DORALEX_f72a.xlsx
AG-0879,"Carpetas De 1/2 Pulgada De Tres Aros, De Color Blanco, Con Bolsillo En El Interior Y Con",consu,Ferretería,Units,LG,,"size=2"" caliber=1/2",False,False,False,SHARED,,,,2,,,,NEW_PRODUCT,2,1,MANUAL_REVIEW,MISSING_VALID_PRICE,NO_PRICE,,,,,,,,,"carpetas|1/2|pulgada|tres|aros|color|blanco|bolsillo|1/2|2""",COTIZACIONES_DORALEX_SRL_bb53.xlsx | COTIZACIONES_DORALEX_f72a.xlsx
AG-0880,"Carpetas De 1 Pulgada De Tres Aros, De Color Blanco, Con Bolsillo En El Interior Y Con",consu,Ferretería,Units,LG,,"size=1""",False,False,False,SHARED,,,,2,,,,NEW_PRODUCT,2,1,MANUAL_REVIEW,MISSING_VALID_PRICE,NO_PRICE,,,,,,,,,"carpetas|1|pulgada|tres|aros|color|blanco|bolsillo|1""",COTIZACIONES_DORALEX_SRL_bb53.xlsx | COTIZACIONES_DORALEX_f72a.xlsx
AG-0881,"Carpetas De 2 Pulgada De Tres Aros, De Color Blanco, Con Bolsillo En El Interior Y Con",consu,Ferretería,Units,LG,,"size=2""",False,False,False,SHARED,,,,2,,,,NEW_PRODUCT,2,1,MANUAL_REVIEW,MISSING_VALID_PRICE,NO_PRICE,,,,,,,,,"carpetas|2|pulgada|tres|aros|color|blanco|bolsillo|2""",COTIZACIONES_DORALEX_SRL_bb53.xlsx | COTIZACIONES_DORALEX_f72a.xlsx
AG-0882,"Carpetas De 3 Pulgada De Tres Aros, De Color Blanco, Con Bolsillo En El Interior Y Con",consu,Ferretería,Units,LG,,"size=3""",False,False,False,SHARED,,,,2,,,,NEW_PRODUCT,2,1,MANUAL_REVIEW,MISSING_VALID_PRICE,NO_PRICE,,,,,,,,,"carpetas|3|pulgada|tres|aros|color|blanco|bolsillo|3""",COTIZACIONES_DORALEX_SRL_bb53.xlsx | COTIZACIONES_DORALEX_f72a.xlsx
AG-0883,"Sobres Manila, Papel Grueso, Tamaño 9 X 12 Pulgadas.",consu,Oficina,Units,LG,,"size=12""",False,False,False,SHARED,,,,2,,,,NEW_PRODUCT,2,1,MANUAL_REVIEW,MISSING_VALID_PRICE,NO_PRICE,,,,,,,,,"sobres|manila|papel|grueso|tamano|9|x|12|12""",COTIZACIONES_DORALEX_SRL_bb53.xlsx | COTIZACIONES_DORALEX_f72a.xlsx
AG-0884,Tinta Para Sellos Pretintados Color Azul De 30ml.,consu,Ferretería,Units,,,,False,False,False,SHARED,,,,2,,,,NEW_PRODUCT,2,1,MANUAL_REVIEW,MISSING_VALID_PRICE,NO_PRICE,,,,,,,,,tinta|para|sellos|pretintados|color|azul|30ml.,COTIZACIONES_DORALEX_SRL_bb53.xlsx | COTIZACIONES_DORALEX_f72a.xlsx
AG-0885,Tinta Para Sellos Pretintados Color Rojo De 30ml.,consu,Ferretería,Units,,,,False,False,False,SHARED,,,,2,,,,NEW_PRODUCT,2,1,MANUAL_REVIEW,MISSING_VALID_PRICE,NO_PRICE,,,,,,,,,tinta|para|sellos|pretintados|color|rojo|30ml.,COTIZACIONES_DORALEX_SRL_bb53.xlsx | COTIZACIONES_DORALEX_f72a.xlsx
AG-0886,"Cinta Adhesiva (tape) Doble Cara Grande Rollo De Espuma, 19 Mm De Ancho Y 66 Metros De",consu,Ferretería,Units,,,,False,False,False,SHARED,,,,2,,,,NEW_PRODUCT,2,1,MANUAL_REVIEW,MISSING_VALID_PRICE,NO_PRICE,,,,,,,,,cinta|adhesiva|tape|doble|cara|grande|rollo|espuma,COTIZACIONES_DORALEX_SRL_bb53.xlsx | COTIZACIONES_DORALEX_f72a.xlsx
AG-0887,Cinta Adhesiva (tape) Gris De 5 Cm De Ancho Y 50 Metros De Largo.,consu,Ferretería,Units,,,,False,False,False,SHARED,,,,2,,,,NEW_PRODUCT,2,1,MANUAL_REVIEW,MISSING_VALID_PRICE,NO_PRICE,,,,,,,,,cinta|adhesiva|tape|gris|5|cm|ancho|50,COTIZACIONES_DORALEX_SRL_bb53.xlsx | COTIZACIONES_DORALEX_f72a.xlsx
AG-0888,"Cinta Adhesiva (tape) Fluorescente 15mm X 5 M, Colore Luminico Verde Rollo.",consu,Ferretería,Units,,,,False,False,False,SHARED,,,,2,,,,NEW_PRODUCT,2,1,MANUAL_REVIEW,MISSING_VALID_PRICE,NO_PRICE,,,,,,,,,cinta|adhesiva|tape|fluorescente|15|mm|x|5,COTIZACIONES_DORALEX_SRL_bb53.xlsx | COTIZACIONES_DORALEX_f72a.xlsx
AG-0889,"Cinta Adhesiva Fluorescente 15mm X 5 M, Colore Luminico Naranja Rollo.",consu,Ferretería,Units,,,,False,False,False,SHARED,,,,2,,,,NEW_PRODUCT,2,1,MANUAL_REVIEW,MISSING_VALID_PRICE,NO_PRICE,,,,,,,,,cinta|adhesiva|fluorescente|15|mm|x|5|m,COTIZACIONES_DORALEX_SRL_bb53.xlsx | COTIZACIONES_DORALEX_f72a.xlsx
AG-0890,"Lápiz HB No. 2, Cuerpo Hexagonal Con Borrador Suave Que No Mancha.",consu,Ferretería,Units,,,,False,False,False,SHARED,,,,2,,,,NEW_PRODUCT,2,1,MANUAL_REVIEW,MISSING_VALID_PRICE,NO_PRICE,,,,,,,,,lapiz|hb|no.|2|cuerpo|hexagonal|borrador|suave,COTIZACIONES_DORALEX_SRL_bb53.xlsx | COTIZACIONES_DORALEX_f72a.xlsx
AG-0891,"Grapadora Estandar De Metal, Color Negro, Compatible Con Grapas Estándar 24/6 Y 26/6",consu,Ferretería,Units,,,caliber=24/6,False,False,False,SHARED,,,,2,,,,NEW_PRODUCT,2,1,MANUAL_REVIEW,MISSING_VALID_PRICE,NO_PRICE,,,,,,,,,grapadora|estandar|metal|color|negro|compatible|grapas|estandar|24/6,COTIZACIONES_DORALEX_SRL_bb53.xlsx | COTIZACIONES_DORALEX_f72a.xlsx
AG-0892,"Grapadora Industrial De Metal, Con Base Antideslizante, Con Capacidad De 100 Hojas De",consu,Oficina,Units,,,,False,False,False,SHARED,,,,2,,,,NEW_PRODUCT,2,1,MANUAL_REVIEW,MISSING_VALID_PRICE,NO_PRICE,,,,,,,,,grapadora|industrial|metal|base|antideslizante|capacidad|100|hojas,COTIZACIONES_DORALEX_SRL_bb53.xlsx | COTIZACIONES_DORALEX_f72a.xlsx
AG-0893,"Marcadores Permanentes, Punta Biselada De 2.0 50 Mm, Tinta Permanente A Base De Alcohol,",consu,Ferretería,Units,,,,False,False,False,SHARED,,,,2,,,,NEW_PRODUCT,2,1,MANUAL_REVIEW,MISSING_VALID_PRICE,NO_PRICE,,,,,,,,,marcadores|permanentes|punta|biselada|2.0|50|mm|tinta,COTIZACIONES_DORALEX_SRL_bb53.xlsx | COTIZACIONES_DORALEX_f72a.xlsx
AG-0894,"Porta Lápiz Metálico Color Negro, Tipo Malla",consu,Ferretería,Units,,,,False,False,False,SHARED,,,,2,,,,NEW_PRODUCT,2,1,MANUAL_REVIEW,MISSING_VALID_PRICE,NO_PRICE,,,,,,,,,porta|lapiz|metalico|color|negro|tipo|malla,COTIZACIONES_DORALEX_SRL_bb53.xlsx | COTIZACIONES_DORALEX_f72a.xlsx
AG-0895,"Reglas Plásticas De 30 Cm, Transparentes",consu,Ferretería,Units,,,,False,False,False,SHARED,,,,2,,,,NEW_PRODUCT,2,1,MANUAL_REVIEW,MISSING_VALID_PRICE,NO_PRICE,,,,,,,,,reglas|plasticas|30|cm|transparentes,COTIZACIONES_DORALEX_SRL_bb53.xlsx | COTIZACIONES_DORALEX_f72a.xlsx
AG-0896,"Pegatinas ( Stickers) Redondas Transparentes De 1.5 In, Selladoras De Pestañas De Sobres",consu,Ferretería,Units,,,,False,False,False,SHARED,,,,2,,,,NEW_PRODUCT,2,1,MANUAL_REVIEW,MISSING_VALID_PRICE,NO_PRICE,,,,,,,,,pegatinas|stickers|redondas|transparentes|1.5|in|selladoras|pestanas,COTIZACIONES_DORALEX_SRL_bb53.xlsx | COTIZACIONES_DORALEX_f72a.xlsx
AG-0897,"Sacagrapas Con Mango Plástico Ergonómico, Con Seguro Para Mantenerlo Plegado",consu,Ferretería,Units,,,,False,False,False,SHARED,,,,2,,,,NEW_PRODUCT,2,1,MANUAL_REVIEW,MISSING_VALID_PRICE,NO_PRICE,,,,,,,,,sacagrapas|mango|plastico|ergonomico|seguro|para|mantenerlo|plegado,COTIZACIONES_DORALEX_SRL_bb53.xlsx | COTIZACIONES_DORALEX_f72a.xlsx
AG-0898,"Tijeras Para Tela De Acero, Mango Grueso, Acero Inoxidable.",consu,Ferretería,Units,,,,False,False,False,SHARED,,,,2,,,,NEW_PRODUCT,2,1,MANUAL_REVIEW,MISSING_VALID_PRICE,NO_PRICE,,,,,,,,,tijeras|para|tela|acero|mango|grueso|acero|inoxidable.,COTIZACIONES_DORALEX_SRL_bb53.xlsx | COTIZACIONES_DORALEX_f72a.xlsx
AG-0899,"Tijeras De Oficina De 7 Pulgadas, Mango Grueso, Dimensión 8.5 Pulgadas",consu,Ferretería,Units,LG,,"size=7""",False,False,False,SHARED,,,,2,,,,NEW_PRODUCT,2,1,MANUAL_REVIEW,MISSING_VALID_PRICE,NO_PRICE,,,,,,,,,"tijeras|oficina|7|pulgadas|mango|grueso|dimension|8.5|7""",COTIZACIONES_DORALEX_SRL_bb53.xlsx | COTIZACIONES_DORALEX_f72a.xlsx
AG-0900,"Bandas (banditas) De Gomas Elásticas #18, 500/1",consu,Ferretería,Units,,,caliber=500/1,False,False,False,SHARED,,,,2,,,,NEW_PRODUCT,2,1,MANUAL_REVIEW,MISSING_VALID_PRICE,NO_PRICE,,,,,,,,,bandas|banditas|gomas|elasticas|18|500/1|500/1,COTIZACIONES_DORALEX_SRL_bb53.xlsx | COTIZACIONES_DORALEX_f72a.xlsx
AG-0901,Protector De Hojas (paquetes De 100 Protectores De Páginas 8.5 X 11 Pulgadas En Color,consu,Ferretería,Units,LG,,"size=11""",False,False,False,SHARED,,,,2,,,,NEW_PRODUCT,2,1,MANUAL_REVIEW,MISSING_VALID_PRICE,NO_PRICE,,,,,,,,,"protector|hojas|paquetes|100|protectores|paginas|8.5|x|11""",COTIZACIONES_DORALEX_SRL_bb53.xlsx | COTIZACIONES_DORALEX_f72a.xlsx
AG-0902,"Carpetas De 1 Pulgada De Tres Aros, Con Bolsillo En El Interior Y Con Plástico Frontal,",consu,Ferretería,Units,LG,,"size=1""",False,False,False,SHARED,,,,2,,,,NEW_PRODUCT,2,1,MANUAL_REVIEW,MISSING_VALID_PRICE,NO_PRICE,,,,,,,,,"carpetas|1|pulgada|tres|aros|bolsillo|interior|plastico|1""",COTIZACIONES_DORALEX_SRL_bb53.xlsx | COTIZACIONES_DORALEX_f72a.xlsx
AG-0903,Cartonite Blanco (paquetes De 250 Hojas C/u De Cartonite 8.5 X 11 Pulgadas).,consu,Ferretería,Units,LG,,"size=11""",False,False,False,SHARED,,,,2,,,,NEW_PRODUCT,2,1,MANUAL_REVIEW,MISSING_VALID_PRICE,NO_PRICE,,,,,,,,,"cartonite|blanco|paquetes|250|hojas|c/u|cartonite|8.5|11""",COTIZACIONES_DORALEX_SRL_bb53.xlsx | COTIZACIONES_DORALEX_f72a.xlsx
AG-0904,Opalina 8.5 X 11 Pulgadas Blanco (100 Und. C/u).,consu,Ferretería,Units,LG,,"size=11""",False,False,False,SHARED,,,,2,,,,NEW_PRODUCT,2,1,MANUAL_REVIEW,MISSING_VALID_PRICE,NO_PRICE,,,,,,,,,"opalina|8.5|x|11|pulgadas|blanco|100|und.|11""",COTIZACIONES_DORALEX_SRL_bb53.xlsx | COTIZACIONES_DORALEX_f72a.xlsx
AG-0905,"Barra De Silicón Caliente (barras Finas, 10 Unidades En 1).",consu,Ferretería,Units,,,,False,False,False,SHARED,,,,2,,,,NEW_PRODUCT,2,1,MANUAL_REVIEW,MISSING_VALID_PRICE,NO_PRICE,,,,,,,,,barra|silicon|caliente|barras|finas|10|unidades|1,COTIZACIONES_DORALEX_SRL_bb53.xlsx | COTIZACIONES_DORALEX_f72a.xlsx
AG-0906,"Tijeras De Escritorio 5 Pulgadas, Mango Grueso",consu,Mobiliario,Units,LG,,"size=5""",False,False,False,SHARED,,,,2,,,,NEW_PRODUCT,2,1,MANUAL_REVIEW,MISSING_VALID_PRICE,NO_PRICE,,,,,,,,,"tijeras|escritorio|5|pulgadas|mango|grueso|5""",COTIZACIONES_DORALEX_SRL_bb53.xlsx | COTIZACIONES_DORALEX_f72a.xlsx
AG-0907,"Pizarra Metálica Color Blanco, Borde De Aluminio Color Plata Con Cajetón Para Apoyo De",consu,Ferretería,Units,,,,False,False,False,SHARED,,,,4,,,,NEW_PRODUCT,2,1,MANUAL_REVIEW,MISSING_VALID_PRICE,NO_PRICE,,,,,,,,,pizarra|metalica|color|blanco|borde|aluminio|color|plata,COTIZACIONES_DORALEX_SRL_bb53.xlsx | COTIZACIONES_DORALEX_f72a.xlsx
AG-0908,Borrador De Pizarra.,consu,Ferretería,Units,,,,False,False,False,SHARED,,,,2,,,,NEW_PRODUCT,2,1,MANUAL_REVIEW,MISSING_VALID_PRICE,NO_PRICE,,,,,,,,,borrador|pizarra.,COTIZACIONES_DORALEX_SRL_bb53.xlsx | COTIZACIONES_DORALEX_f72a.xlsx
AG-0909,"Marcadores De Pizarra. (9 Color Negro, 9 Color Azul, 9 Color Rojo Y 9 Color Verde).",consu,Ferretería,Units,,,,False,False,False,SHARED,,,,2,,,,NEW_PRODUCT,2,1,MANUAL_REVIEW,MISSING_VALID_PRICE,NO_PRICE,,,,,,,,,marcadores|pizarra.|9|color|negro|9|color|azul,COTIZACIONES_DORALEX_SRL_bb53.xlsx | COTIZACIONES_DORALEX_f72a.xlsx
AG-0910,Chinchetas Magnéticas. 60 Color Azul Y 60 Transparente.,consu,Ferretería,Units,,,,False,False,False,SHARED,,,,2,,,,NEW_PRODUCT,2,1,MANUAL_REVIEW,MISSING_VALID_PRICE,NO_PRICE,,,,,,,,,chinchetas|magneticas.|60|color|azul|60|transparente.,COTIZACIONES_DORALEX_SRL_bb53.xlsx | COTIZACIONES_DORALEX_f72a.xlsx
AG-0911,"Sobres Manila, Papel Grueso, Tamaño 10 X 13 Pulgadas.",consu,Oficina,Units,LG,,"size=13""",False,False,False,SHARED,,,,2,,,,NEW_PRODUCT,2,1,MANUAL_REVIEW,MISSING_VALID_PRICE,NO_PRICE,,,,,,,,,"sobres|manila|papel|grueso|tamano|10|x|13|13""",COTIZACIONES_DORALEX_SRL_bb53.xlsx | COTIZACIONES_DORALEX_f72a.xlsx
AG-0912,Sobre Manila De Pago No. 7.,consu,Ferretería,Units,,,,False,False,False,SHARED,,,,2,,,,NEW_PRODUCT,2,1,MANUAL_REVIEW,MISSING_VALID_PRICE,NO_PRICE,,,,,,,,,sobre|manila|pago|no.|7.,COTIZACIONES_DORALEX_SRL_bb53.xlsx | COTIZACIONES_DORALEX_f72a.xlsx
AG-0913,"Corrector Líquido, Con Aplicador De Pincel. Botella De 18 Ml. Secado Rápido.",consu,Ferretería,Units,,,,False,False,False,SHARED,,,,2,,,,NEW_PRODUCT,2,1,MANUAL_REVIEW,MISSING_VALID_PRICE,NO_PRICE,,,,,,,,,corrector|liquido|aplicador|pincel.|botella|18|ml.|secado,COTIZACIONES_DORALEX_SRL_bb53.xlsx | COTIZACIONES_DORALEX_f72a.xlsx
AG-0914,"Borra Blanca, No Mancha",consu,Ferretería,Units,,,,False,False,False,SHARED,,,,2,,,,NEW_PRODUCT,2,1,MANUAL_REVIEW,MISSING_VALID_PRICE,NO_PRICE,,,,,,,,,borra|blanca|no|mancha,COTIZACIONES_DORALEX_SRL_bb53.xlsx | COTIZACIONES_DORALEX_f72a.xlsx
AG-0915,Broche (yoyo) Para El Carnet Retráctil Con Clip Color Negro.,consu,Ferretería,Units,,,,False,False,False,SHARED,,,,2,,,,NEW_PRODUCT,2,1,MANUAL_REVIEW,MISSING_VALID_PRICE,NO_PRICE,,,,,,,,,broche|yoyo|para|carnet|retractil|clip|color|negro.,COTIZACIONES_DORALEX_SRL_bb53.xlsx | COTIZACIONES_DORALEX_f72a.xlsx
AG-0916,Porta Carnet En Policarbonato Rígido Transparente En Medidas 2.1” X 3.3”.,consu,Ferretería,Units,,,,False,False,False,SHARED,,,,2,,,,NEW_PRODUCT,2,1,MANUAL_REVIEW,MISSING_VALID_PRICE,NO_PRICE,,,,,,,,,porta|carnet|policarbonato|rigido|transparente|medidas|2.1|x,COTIZACIONES_DORALEX_SRL_bb53.xlsx | COTIZACIONES_DORALEX_f72a.xlsx
AG-1004,"Hilo Redondo Htr5 3,3 X 237 Mts/mp/podar Truper",consu,Herramientas,Units,Truper,HTR5,model=HTR5,False,False,False,SHARED,,,,2,,,,NEW_PRODUCT,2,1,MANUAL_REVIEW,MISSING_VALID_PRICE,NO_PRICE,,,,,,,,,hilo|redondo|htr5|3|3|x|237|mts/mp/podar|HTR5,COTIZACIONES_DORALEX_SRL_bb53.xlsx | COTIZACIONES_DORALEX_f72a.xlsx
AG-1014,Credito A 120 Dias,consu,Ferretería,Units,,,,False,False,False,SHARED,,,,79,,,,NEW_PRODUCT,2,77,MANUAL_REVIEW,MISSING_VALID_PRICE,NO_PRICE,,,,,,,,,credito|a|120|dias,COTIZACIONES_DORALEX_SRL_bb53.xlsx | COTIZACIONES_DORALEX_f72a.xlsx
AG-1077,Generales,consu,Ferretería,Units,,,,False,False,False,SHARED,,,,1,,,,NEW_PRODUCT,1,1,MANUAL_REVIEW,MISSING_VALID_PRICE,NO_PRICE,,,,,,,,,generales,COTIZACIONES_DORALEX_SRL_bb53.xlsx
AG-1078,Reconstruccion De Piso 10x18,consu,Ferretería,Units,,,,False,False,False,SHARED,,,,1,,,,NEW_PRODUCT,1,1,MANUAL_REVIEW,MISSING_VALID_PRICE,NO_PRICE,,,,,,,,,reconstruccion|piso|10x18,COTIZACIONES_DORALEX_SRL_bb53.xlsx
AG-1084,Reconstruccion Caseta De Bomba,consu,Ferretería,Units,,,,False,False,False,SHARED,,,,1,,,,NEW_PRODUCT,1,1,MANUAL_REVIEW,MISSING_VALID_PRICE,NO_PRICE,,,,,,,,,reconstruccion|caseta|bomba,COTIZACIONES_DORALEX_SRL_bb53.xlsx
AG-1088,Tratamiento De Comejen,consu,Ferretería,Units,,,,False,False,False,SHARED,,,,1,,,,NEW_PRODUCT,1,1,MANUAL_REVIEW,MISSING_VALID_PRICE,NO_PRICE,,,,,,,,,tratamiento|comejen,COTIZACIONES_DORALEX_SRL_bb53.xlsx
AG-1089,BAÑO,consu,Ferretería,Units,,,,False,False,False,SHARED,,,,1,,,,NEW_PRODUCT,1,1,MANUAL_REVIEW,MISSING_VALID_PRICE,NO_PRICE,,,,,,,,,bano,COTIZACIONES_DORALEX_SRL_bb53.xlsx
AG-1095,Reconstruccion Ceramica De Pared,consu,Ferretería,m²,,,,False,False,False,SHARED,,,,1,,,,NEW_PRODUCT,1,1,MANUAL_REVIEW,MISSING_VALID_PRICE,NO_PRICE,,,,,,,,,reconstruccion|ceramica|pared,COTIZACIONES_DORALEX_SRL_bb53.xlsx
AG-1098,COCINA,consu,Ferretería,Units,,,,False,False,False,SHARED,,,,1,,,,NEW_PRODUCT,1,1,MANUAL_REVIEW,MISSING_VALID_PRICE,NO_PRICE,,,,,,,,,cocina,COTIZACIONES_DORALEX_SRL_bb53.xlsx
AG-1102,Miscelaneos,consu,Ferretería,Units,,,,False,False,False,SHARED,,,,1,,,,NEW_PRODUCT,1,1,MANUAL_REVIEW,MISSING_VALID_PRICE,NO_PRICE,,,,,,,,,miscelaneos,COTIZACIONES_DORALEX_SRL_bb53.xlsx
AG-1105,Seguros Y Fianzas,consu,Ferretería,Units,,,,False,False,False,SHARED,,,,1,,,,NEW_PRODUCT,1,1,MANUAL_REVIEW,MISSING_VALID_PRICE,NO_PRICE,,,,,,,,,seguros|fianzas,COTIZACIONES_DORALEX_SRL_bb53.xlsx
AG-1106,Beneficios,consu,Ferretería,Units,,,,False,False,False,SHARED,,,,1,,,,NEW_PRODUCT,1,1,MANUAL_REVIEW,MISSING_VALID_PRICE,NO_PRICE,,,,,,,,,beneficios,COTIZACIONES_DORALEX_SRL_bb53.xlsx
AG-1107,Itbis (direccion Tecnica O Beneficio),consu,Ferretería,Units,,,,False,False,False,SHARED,,,,1,,,,NEW_PRODUCT,1,1,MANUAL_REVIEW,MISSING_VALID_PRICE,NO_PRICE,,,,,,,,,itbis|direccion|tecnica|o|beneficio,COTIZACIONES_DORALEX_SRL_bb53.xlsx
AG-1145,NOTA: SERAN Utilizados EN EL Festival PALAU 14 Y 15 DE MARZO 2025,consu,Ferretería,Units,,,,False,False,False,SHARED,,,,1,,,,NEW_PRODUCT,1,1,MANUAL_REVIEW,MISSING_VALID_PRICE,NO_PRICE,,,,,,,,,nota|seran|utilizados|festival|palau|14|15|marzo,COTIZACIONES_DORALEX_SRL_bb53.xlsx
AG-1148,*LOS QUE SE Retiraron DE UNA Cotizacion Y ESTAN EN ESPERA DE OTRO Requerimiento*,consu,Ferretería,Units,,,,False,False,False,SHARED,,,,1,,,,NEW_PRODUCT,1,1,MANUAL_REVIEW,MISSING_VALID_PRICE,NO_PRICE,,,,,,,,,que|se|retiraron|una|cotizacion|estan|espera|otro,COTIZACIONES_DORALEX_SRL_bb53.xlsx
AG-1150,Alambre 14 DUPLEX,consu,Ferretería,ft,,,,False,False,False,SHARED,,,,1,,,,NEW_PRODUCT,1,1,MANUAL_REVIEW,MISSING_VALID_PRICE,NO_PRICE,,,,,,,,,alambre|14|duplex,COTIZACIONES_DORALEX_SRL_bb53.xlsx
AG-1151,Alambre VINIL 12-3 GRIS,consu,Ferretería,ft,,,,False,False,False,SHARED,,,,1,,,,NEW_PRODUCT,1,1,MANUAL_REVIEW,MISSING_VALID_PRICE,NO_PRICE,,,,,,,,,alambre|vinil|12-3|gris,COTIZACIONES_DORALEX_SRL_bb53.xlsx
AG-1152,Alambre VINILO 12-2,consu,Ferretería,ft,,,,False,False,False,SHARED,,,,1,,,,NEW_PRODUCT,1,1,MANUAL_REVIEW,MISSING_VALID_PRICE,NO_PRICE,,,,,,,,,alambre|vinilo|12-2,COTIZACIONES_DORALEX_SRL_bb53.xlsx
AG-1153,Alambres NEGROS 3 HILOS DE GOMA,consu,Ferretería,ft,,,,False,False,False,SHARED,,,,2,,,,NEW_PRODUCT,1,2,MANUAL_REVIEW,MISSING_VALID_PRICE,NO_PRICE,,,,,,,,,alambres|negros|3|hilos|goma,COTIZACIONES_DORALEX_SRL_bb53.xlsx
AG-1154,Aislantes Electricos (TAPE 3M),consu,Ferretería,Units,,,,False,False,False,SHARED,,,,1,,,,NEW_PRODUCT,1,1,MANUAL_REVIEW,MISSING_VALID_PRICE,NO_PRICE,,,,,,,,,aislantes|electricos|tape|3m,COTIZACIONES_DORALEX_SRL_bb53.xlsx
AG-1155,Alicate DE Lagarto,consu,Herramientas,Units,,,,False,False,False,SHARED,,,,1,,,,NEW_PRODUCT,1,1,MANUAL_REVIEW,MISSING_VALID_PRICE,NO_PRICE,,,,,,,,,alicate|lagarto,COTIZACIONES_DORALEX_SRL_bb53.xlsx
AG-1156,Alicate DE PUNTA Curvada,consu,Herramientas,Units,,,,False,False,False,SHARED,,,,1,,,,NEW_PRODUCT,1,1,MANUAL_REVIEW,MISSING_VALID_PRICE,NO_PRICE,,,,,,,,,alicate|punta|curvada,COTIZACIONES_DORALEX_SRL_bb53.xlsx
AG-1157,Alicate DE PUNTA LARGA,consu,Herramientas,Units,,,,False,False,False,SHARED,,,,2,,,,NEW_PRODUCT,1,2,MANUAL_REVIEW,MISSING_VALID_PRICE,NO_PRICE,,,,,,,,,alicate|punta|larga,COTIZACIONES_DORALEX_SRL_bb53.xlsx
AG-1158,Alicate DE PUNTA Redonda,consu,Herramientas,Units,,,,False,False,False,SHARED,,,,2,,,,NEW_PRODUCT,1,2,MANUAL_REVIEW,MISSING_VALID_PRICE,NO_PRICE,,,,,,,,,alicate|punta|redonda,COTIZACIONES_DORALEX_SRL_bb53.xlsx
AG-1159,Alicate Guardalinea,consu,Herramientas,Units,,,,False,False,False,SHARED,,,,2,,,,NEW_PRODUCT,1,2,MANUAL_REVIEW,MISSING_VALID_PRICE,NO_PRICE,,,,,,,,,alicate|guardalinea,COTIZACIONES_DORALEX_SRL_bb53.xlsx
AG-1160,Alicate PLANOS,consu,Herramientas,Units,,,,False,False,False,SHARED,,,,2,,,,NEW_PRODUCT,1,2,MANUAL_REVIEW,MISSING_VALID_PRICE,NO_PRICE,,,,,,,,,alicate|planos,COTIZACIONES_DORALEX_SRL_bb53.xlsx
AG-1161,Alicate PUNTA DE AGUJA,consu,Herramientas,Units,,,,False,False,False,SHARED,,,,2,,,,NEW_PRODUCT,1,2,MANUAL_REVIEW,MISSING_VALID_PRICE,NO_PRICE,,,,,,,,,alicate|punta|aguja,COTIZACIONES_DORALEX_SRL_bb53.xlsx
AG-1162,Amparimetros (texter),consu,Ferretería,Units,,,,False,False,False,SHARED,,,,1,,,,NEW_PRODUCT,1,1,MANUAL_REVIEW,MISSING_VALID_PRICE,NO_PRICE,,,,,,,,,amparimetros|texter,COTIZACIONES_DORALEX_SRL_bb53.xlsx
AG-1163,BOTAS PARA HOMBRE,consu,Ferretería,Units,,,,False,False,False,SHARED,,,,1,,,,NEW_PRODUCT,1,1,MANUAL_REVIEW,MISSING_VALID_PRICE,NO_PRICE,,,,,,,,,botas|para|hombre,COTIZACIONES_DORALEX_SRL_bb53.xlsx
AG-1164,Breakers DE 30 AMP,consu,Material eléctrico,Units,,,,False,False,False,SHARED,,,,1,,,,NEW_PRODUCT,1,1,MANUAL_REVIEW,MISSING_VALID_PRICE,NO_PRICE,,,,,,,,,breakers|30|amp,COTIZACIONES_DORALEX_SRL_bb53.xlsx
AG-1165,Breakers DE 50 AMP,consu,Material eléctrico,Units,,,,False,False,False,SHARED,,,,1,,,,NEW_PRODUCT,1,1,MANUAL_REVIEW,MISSING_VALID_PRICE,NO_PRICE,,,,,,,,,breakers|50|amp,COTIZACIONES_DORALEX_SRL_bb53.xlsx
AG-1166,Breakers DE 100 AMP,consu,Material eléctrico,Units,,,,False,False,False,SHARED,,,,1,,,,NEW_PRODUCT,1,1,MANUAL_REVIEW,MISSING_VALID_PRICE,NO_PRICE,,,,,,,,,breakers|100|amp,COTIZACIONES_DORALEX_SRL_bb53.xlsx
AG-1167,Breakers DE 100 AMP Trifasico,consu,Material eléctrico,Units,,,,False,False,False,SHARED,,,,1,,,,NEW_PRODUCT,1,1,MANUAL_REVIEW,MISSING_VALID_PRICE,NO_PRICE,,,,,,,,,breakers|100|amp|trifasico,COTIZACIONES_DORALEX_SRL_bb53.xlsx
AG-1168,Canaletas PARA CABLES,consu,Material eléctrico,Units,,,,False,False,False,SHARED,,,,1,,,,NEW_PRODUCT,1,1,MANUAL_REVIEW,MISSING_VALID_PRICE,NO_PRICE,,,,,,,,,canaletas|para|cables,COTIZACIONES_DORALEX_SRL_bb53.xlsx
AG-1169,CAJAS DE Guantes DE Aislantes,consu,Ferretería,Units,,,,False,False,False,SHARED,,,,2,,,,NEW_PRODUCT,1,2,MANUAL_REVIEW,MISSING_VALID_PRICE,NO_PRICE,,,,,,,,,cajas|guantes|aislantes,COTIZACIONES_DORALEX_SRL_bb53.xlsx
AG-1170,CAJAS DE Breaker DE 20 AMP,consu,Material eléctrico,Units,,,,False,False,False,SHARED,,,,2,,,,NEW_PRODUCT,1,2,MANUAL_REVIEW,MISSING_VALID_PRICE,NO_PRICE,,,,,,,,,cajas|breaker|20|amp,COTIZACIONES_DORALEX_SRL_bb53.xlsx
AG-1171,CAJAS DE Breaker DE 20W,consu,Material eléctrico,Units,,,power=20W,False,False,False,SHARED,,,,2,,,,NEW_PRODUCT,1,2,MANUAL_REVIEW,MISSING_VALID_PRICE,NO_PRICE,,,,,,,,,cajas|breaker|20|w|20W,COTIZACIONES_DORALEX_SRL_bb53.xlsx
AG-1172,CAJAS DE Breaker DE 30W,consu,Material eléctrico,Units,,,power=30W,False,False,False,SHARED,,,,2,,,,NEW_PRODUCT,1,2,MANUAL_REVIEW,MISSING_VALID_PRICE,NO_PRICE,,,,,,,,,cajas|breaker|30|w|30W,COTIZACIONES_DORALEX_SRL_bb53.xlsx
AG-1173,CAJAS DE Lamparas TUBOS DE 32,consu,Plomería,Units,,,,False,False,False,SHARED,,,,2,,,,NEW_PRODUCT,1,2,MANUAL_REVIEW,MISSING_VALID_PRICE,NO_PRICE,,,,,,,,,cajas|lamparas|tubos|32,COTIZACIONES_DORALEX_SRL_bb53.xlsx
AG-1174,Canaletas DE PARED,consu,Ferretería,Units,,,,False,False,False,SHARED,,,,2,,,,NEW_PRODUCT,1,2,MANUAL_REVIEW,MISSING_VALID_PRICE,NO_PRICE,,,,,,,,,canaletas|pared,COTIZACIONES_DORALEX_SRL_bb53.xlsx
AG-1175,Canaletas DE PISO,consu,Ferretería,Units,,,,False,False,False,SHARED,,,,2,,,,NEW_PRODUCT,1,2,MANUAL_REVIEW,MISSING_VALID_PRICE,NO_PRICE,,,,,,,,,canaletas|piso,COTIZACIONES_DORALEX_SRL_bb53.xlsx
AG-1176,Conectores DE CABLES Electricos,consu,Material eléctrico,Units,,,,False,False,False,SHARED,,,,2,,,,NEW_PRODUCT,1,2,MANUAL_REVIEW,MISSING_VALID_PRICE,NO_PRICE,,,,,,,,,conectores|cables|electricos,COTIZACIONES_DORALEX_SRL_bb53.xlsx
AG-1177,Cortadores DE Alambre,consu,Ferretería,Units,,,,False,False,False,SHARED,,,,2,,,,NEW_PRODUCT,1,2,MANUAL_REVIEW,MISSING_VALID_PRICE,NO_PRICE,,,,,,,,,cortadores|alambre,COTIZACIONES_DORALEX_SRL_bb53.xlsx
AG-1178,Destornilladores DE TRIA,consu,Herramientas,Units,,,,False,False,False,SHARED,,,,1,,,,NEW_PRODUCT,1,1,MANUAL_REVIEW,MISSING_VALID_PRICE,NO_PRICE,,,,,,,,,destornilladores|tria,COTIZACIONES_DORALEX_SRL_bb53.xlsx
AG-1179,Destornilladores PLANO,consu,Herramientas,Units,,,,False,False,False,SHARED,,,,1,,,,NEW_PRODUCT,1,1,MANUAL_REVIEW,MISSING_VALID_PRICE,NO_PRICE,,,,,,,,,destornilladores|plano,COTIZACIONES_DORALEX_SRL_bb53.xlsx
AG-1180,Enchufes,consu,Ferretería,Units,,,,False,False,False,SHARED,,,,1,,,,NEW_PRODUCT,1,1,MANUAL_REVIEW,MISSING_VALID_PRICE,NO_PRICE,,,,,,,,,enchufes,COTIZACIONES_DORALEX_SRL_bb53.xlsx
AG-1181,Lamaparas LED 12W PARA Interiores PLAFON,consu,Material eléctrico,Units,,,power=12W,False,False,False,SHARED,,,,2,,,,NEW_PRODUCT,1,2,MANUAL_REVIEW,MISSING_VALID_PRICE,NO_PRICE,,,,,,,,,lamaparas|led|12|w|para|interiores|plafon|12W,COTIZACIONES_DORALEX_SRL_bb53.xlsx
AG-1182,Lamapra LED DE POSTES Solares 120W,consu,Material eléctrico,Units,,,power=120W,False,False,False,SHARED,,,,2,,,,NEW_PRODUCT,1,2,MANUAL_REVIEW,MISSING_VALID_PRICE,NO_PRICE,,,,,,,,,lamapra|led|postes|solares|120|w|120W,COTIZACIONES_DORALEX_SRL_bb53.xlsx
AG-1183,Lamapara LED Interiores Redonda DE 150W,consu,Material eléctrico,Units,,,power=150W,False,False,False,SHARED,,,,1,,,,NEW_PRODUCT,1,1,MANUAL_REVIEW,MISSING_VALID_PRICE,NO_PRICE,,,,,,,,,lamapara|led|interiores|redonda|150|w|150W,COTIZACIONES_DORALEX_SRL_bb53.xlsx
AG-1184,Lamapara LED Multicolores 200W,consu,Material eléctrico,Units,,,power=200W,False,False,False,SHARED,,,,2,,,,NEW_PRODUCT,1,2,MANUAL_REVIEW,MISSING_VALID_PRICE,NO_PRICE,,,,,,,,,lamapara|led|multicolores|200|w|200W,COTIZACIONES_DORALEX_SRL_bb53.xlsx
AG-1185,Lampara LED Solares Completos 120W,consu,Material eléctrico,Units,,,power=120W,False,False,False,SHARED,,,,2,,,,NEW_PRODUCT,1,2,MANUAL_REVIEW,MISSING_VALID_PRICE,NO_PRICE,,,,,,,,,lampara|led|solares|completos|120|w|120W,COTIZACIONES_DORALEX_SRL_bb53.xlsx
AG-1186,Lampara LED TIPO COBRA,consu,Material eléctrico,Units,,,,False,False,False,SHARED,,,,1,,,,NEW_PRODUCT,1,1,MANUAL_REVIEW,MISSING_VALID_PRICE,NO_PRICE,,,,,,,,,lampara|led|tipo|cobra,COTIZACIONES_DORALEX_SRL_bb53.xlsx
AG-1187,Lampara PRO LED Ventana INLEC 500W,consu,Material eléctrico,Units,,,power=500W,False,False,False,SHARED,,,,2,,,,NEW_PRODUCT,1,2,MANUAL_REVIEW,MISSING_VALID_PRICE,NO_PRICE,,,,,,,,,lampara|pro|led|ventana|inlec|500|w|500W,COTIZACIONES_DORALEX_SRL_bb53.xlsx
AG-1188,Lampara LED LUZ BLANCA Redonda DE 18W,consu,Material eléctrico,Units,,,power=18W,False,False,False,SHARED,,,,1,,,,NEW_PRODUCT,1,1,MANUAL_REVIEW,MISSING_VALID_PRICE,NO_PRICE,,,,,,,,,lampara|led|luz|blanca|redonda|18|w|18W,COTIZACIONES_DORALEX_SRL_bb53.xlsx
AG-1189,Lampara LED LUZ Calidad Redonda DE 18W,consu,Material eléctrico,Units,,,power=18W,False,False,False,SHARED,,,,1,,,,NEW_PRODUCT,1,1,MANUAL_REVIEW,MISSING_VALID_PRICE,NO_PRICE,,,,,,,,,lampara|led|luz|calidad|redonda|18|w|18W,COTIZACIONES_DORALEX_SRL_bb53.xlsx
AG-1190,Paneles,consu,Ferretería,Units,,,,False,False,False,SHARED,,,,1,,,,NEW_PRODUCT,1,1,MANUAL_REVIEW,MISSING_VALID_PRICE,NO_PRICE,,,,,,,,,paneles,COTIZACIONES_DORALEX_SRL_bb53.xlsx
AG-1191,Pistolas DE Tornillo Electricas,consu,Ferretería,Units,,,,False,False,False,SHARED,,,,1,,,,NEW_PRODUCT,1,1,MANUAL_REVIEW,MISSING_VALID_PRICE,NO_PRICE,,,,,,,,,pistolas|tornillo|electricas,COTIZACIONES_DORALEX_SRL_bb53.xlsx
AG-1192,Reflectores,consu,Ferretería,Units,,,,False,False,False,SHARED,,,,2,,,,NEW_PRODUCT,1,2,MANUAL_REVIEW,MISSING_VALID_PRICE,NO_PRICE,,,,,,,,,reflectores,COTIZACIONES_DORALEX_SRL_bb53.xlsx
AG-1193,STRIP DE Conexiones (regleta),consu,Ferretería,Units,,,,False,False,False,SHARED,,,,2,,,,NEW_PRODUCT,1,2,MANUAL_REVIEW,MISSING_VALID_PRICE,NO_PRICE,,,,,,,,,strip|conexiones|regleta,COTIZACIONES_DORALEX_SRL_bb53.xlsx
AG-1194,Tenazas DE RANURA Y Lengüeta,consu,Ferretería,Units,,,,False,False,False,SHARED,,,,2,,,,NEW_PRODUCT,1,2,MANUAL_REVIEW,MISSING_VALID_PRICE,NO_PRICE,,,,,,,,,tenazas|ranura|lengueta,COTIZACIONES_DORALEX_SRL_bb53.xlsx
AG-1195,TOMA Corriente (receptaculos Electricos),consu,Ferretería,Units,,,,False,False,False,SHARED,,,,2,,,,NEW_PRODUCT,1,2,MANUAL_REVIEW,MISSING_VALID_PRICE,NO_PRICE,,,,,,,,,toma|corriente|receptaculos|electricos,COTIZACIONES_DORALEX_SRL_bb53.xlsx
AG-1196,TUBOS DE LUCES LED DE 40W,consu,Plomería,Units,,,power=40W,False,False,False,SHARED,,,,2,,,,NEW_PRODUCT,1,2,MANUAL_REVIEW,MISSING_VALID_PRICE,NO_PRICE,,,,,,,,,tubos|luces|led|40|w|40W,COTIZACIONES_DORALEX_SRL_bb53.xlsx
AG-1197,TUBOS DE LUCES LED DE 32W,consu,Plomería,Units,,,power=32W,False,False,False,SHARED,,,,1,,,,NEW_PRODUCT,1,1,MANUAL_REVIEW,MISSING_VALID_PRICE,NO_PRICE,,,,,,,,,tubos|luces|led|32|w|32W,COTIZACIONES_DORALEX_SRL_bb53.xlsx
AG-1198,OJOS DE BUEY,consu,Ferretería,Units,,,,False,False,False,SHARED,,,,1,,,,NEW_PRODUCT,1,1,MANUAL_REVIEW,MISSING_VALID_PRICE,NO_PRICE,,,,,,,,,ojos|buey,COTIZACIONES_DORALEX_SRL_bb53.xlsx
AG-1227,Construccion DE MUROS DE Sheetrok,consu,Ferretería,m²,,,,False,False,False,SHARED,,,,1,,,,NEW_PRODUCT,1,1,MANUAL_REVIEW,MISSING_VALID_PRICE,NO_PRICE,,,,,,,,,construccion|muros|sheetrok,COTIZACIONES_DORALEX_SRL_bb53.xlsx
AG-1228,Ventanas Corredizas TIPO P.65 (1.50x1.50),consu,Ferretería,Units,,,,False,False,False,SHARED,,,,1,,,,NEW_PRODUCT,1,1,MANUAL_REVIEW,MISSING_VALID_PRICE,NO_PRICE,,,,,,,,,ventanas|corredizas|tipo|p.65|1.50x1.50,COTIZACIONES_DORALEX_SRL_bb53.xlsx
AG-1229,Ipermiabilizante DE TECHO A BASE DE LONA Asfaltica 4KG Granular (3MM) DE Espesor Y,consu,Ferretería,m²,,,presentation=4 kg,False,False,False,SHARED,,,,1,,,,NEW_PRODUCT,1,1,MANUAL_REVIEW,MISSING_VALID_PRICE,NO_PRICE,,,,,,,,,ipermiabilizante|techo|a|base|lona|asfaltica|4|kg|4 kg,COTIZACIONES_DORALEX_SRL_bb53.xlsx
AG-1282,Agregado GRUESO (grava) 3/4,consu,Construcción,m³,,,caliber=3/4,False,False,False,SHARED,,,,8,2054.91,3330.0,3330.0,AMBIGUOUS_MATCH,3,8,MANUAL_REVIEW,AMBIGUOUS_MATCH,MAX,COTIZACIONES_DORALEX_SRL_bb53.xlsx,Cotizacion (76),21,QUOTATION,AGREGADO GRUESO (GRAVA) 3/4,12.0,3330.0,DOP,agregado|grueso|grava|3/4|3/4,COTIZACIONES_DORALEX_SRL_bb53.xlsx | COTIZACIONES_DORALEX_f72a.xlsx | COTIZACIONES__REMPART_GROUP_2_3578.xlsx
AG-1339,"GOMAS MAXXIS 12 R22.5 UM958 16PR TL 152/148K Combinada, TH",consu,Ferretería,Units,,UM958,model=UM958,False,False,False,SHARED,,,,1,,,,NEW_PRODUCT,1,1,MANUAL_REVIEW,MISSING_VALID_PRICE,NO_PRICE,,,,,,,,,gomas|maxxis|12|r22.5|um958|16pr|tl|152/148k|UM958,COTIZACIONES_DORALEX_SRL_bb53.xlsx
AG-1340,"SET GOMAS MAXXIS 750 R16 MA908 16PR 125/121L Combinada, SH",consu,Ferretería,Units,,MA908,presentation=121 l model=MA908,False,False,False,SHARED,,,,1,,,,NEW_PRODUCT,1,1,MANUAL_REVIEW,MISSING_VALID_PRICE,NO_PRICE,,,,,,,,,set|gomas|maxxis|750|r16|ma908|16pr|125/121l|MA908|121 l,COTIZACIONES_DORALEX_SRL_bb53.xlsx
AG-1341,"GOMAS MAXXIS 11 R22.5 UM958 16PR TL 148/145K Combinada, TH",consu,Ferretería,Units,,UM958,model=UM958,False,False,False,SHARED,,,,1,,,,NEW_PRODUCT,1,1,MANUAL_REVIEW,MISSING_VALID_PRICE,NO_PRICE,,,,,,,,,gomas|maxxis|11|r22.5|um958|16pr|tl|148/145k|UM958,COTIZACIONES_DORALEX_SRL_bb53.xlsx
AG-1342,"GOMAS MAXXIS 10 R22.5 UR288 14PR TL 144/142L Carretera, TH",consu,Ferretería,Units,,UR288,presentation=142 l model=UR288,False,False,False,SHARED,,,,1,,,,NEW_PRODUCT,1,1,MANUAL_REVIEW,MISSING_VALID_PRICE,NO_PRICE,,,,,,,,,gomas|maxxis|10|r22.5|ur288|14pr|tl|144/142l|UR288|142 l,COTIZACIONES_DORALEX_SRL_bb53.xlsx
AG-1343,FACT-B15-001,consu,Ferretería,Units,,FACT-B15-001,model=FACT-B15-001,False,False,False,SHARED,,,,1,,,,NEW_PRODUCT,1,1,MANUAL_REVIEW,PRICE_COLUMN_AMBIGUOUS;MISSING_VALID_PRICE,NO_PRICE,,,,,,,,,fact-b15-001|FACT-B15-001,COTIZACIONES_DORALEX_SRL_bb53.xlsx
AG-1344,FACT-B15-125,consu,Ferretería,Units,,FACT-B15-125,model=FACT-B15-125,False,False,False,SHARED,,,,2,,,,NEW_PRODUCT,1,2,MANUAL_REVIEW,PRICE_COLUMN_AMBIGUOUS;MISSING_VALID_PRICE,NO_PRICE,,,,,,,,,fact-b15-125|FACT-B15-125,COTIZACIONES_DORALEX_SRL_bb53.xlsx
AG-1345,FACT-B15-127,consu,Ferretería,Units,,FACT-B15-127,model=FACT-B15-127,False,False,False,SHARED,,,,2,,,,NEW_PRODUCT,1,2,MANUAL_REVIEW,PRICE_COLUMN_AMBIGUOUS;MISSING_VALID_PRICE,NO_PRICE,,,,,,,,,fact-b15-127|FACT-B15-127,COTIZACIONES_DORALEX_SRL_bb53.xlsx
AG-1346,FACT-B15-128,consu,Ferretería,Units,,FACT-B15-128,model=FACT-B15-128,False,False,False,SHARED,,,,2,,,,NEW_PRODUCT,1,2,MANUAL_REVIEW,PRICE_COLUMN_AMBIGUOUS;MISSING_VALID_PRICE,NO_PRICE,,,,,,,,,fact-b15-128|FACT-B15-128,COTIZACIONES_DORALEX_SRL_bb53.xlsx
AG-1347,FACT-B15-129,consu,Ferretería,Units,,FACT-B15-129,model=FACT-B15-129,False,False,False,SHARED,,,,2,,,,NEW_PRODUCT,1,2,MANUAL_REVIEW,PRICE_COLUMN_AMBIGUOUS;MISSING_VALID_PRICE,NO_PRICE,,,,,,,,,fact-b15-129|FACT-B15-129,COTIZACIONES_DORALEX_SRL_bb53.xlsx
AG-1351,TAPE NEGRO,consu,Ferretería,Units,,,,False,False,False,SHARED,,,,1,,,,NEW_PRODUCT,1,1,MANUAL_REVIEW,MISSING_VALID_PRICE,NO_PRICE,,,,,,,,,tape|negro,COTIZACIONES_DORALEX_SRL_bb53.xlsx
AG-1353,Guantes DE Proteccion,consu,Ferretería,Units,,,,False,False,False,SHARED,,,,1,,,,NEW_PRODUCT,1,1,MANUAL_REVIEW,MISSING_VALID_PRICE,NO_PRICE,,,,,,,,,guantes|proteccion,COTIZACIONES_DORALEX_SRL_bb53.xlsx
AG-1354,CINTA Electrica,consu,Ferretería,Units,,,,False,False,False,SHARED,,,,1,,,,NEW_PRODUCT,1,1,MANUAL_REVIEW,MISSING_VALID_PRICE,NO_PRICE,,,,,,,,,cinta|electrica,COTIZACIONES_DORALEX_SRL_bb53.xlsx
AG-1355,ENLATE,consu,Ferretería,Units,,,,False,False,False,SHARED,,,,1,,,,NEW_PRODUCT,1,1,MANUAL_REVIEW,MISSING_VALID_PRICE,NO_PRICE,,,,,,,,,enlate,COTIZACIONES_DORALEX_SRL_bb53.xlsx
AG-1356,Playwood,consu,Ferretería,Units,,,,False,False,False,SHARED,,,,1,,,,NEW_PRODUCT,1,1,MANUAL_REVIEW,MISSING_VALID_PRICE,NO_PRICE,,,,,,,,,playwood,COTIZACIONES_DORALEX_SRL_bb53.xlsx
AG-1357,CONOS,consu,Ferretería,Units,,,,False,False,False,SHARED,,,,1,,,,NEW_PRODUCT,1,1,MANUAL_REVIEW,MISSING_VALID_PRICE,NO_PRICE,,,,,,,,,conos,COTIZACIONES_DORALEX_SRL_bb53.xlsx
AG-1358,"Inodoros Completos Incluyendo Fluxomento , TAPAS, Y Valvulas.",consu,Plomería,Units,,,,False,False,False,SHARED,,,,1,,,,NEW_PRODUCT,1,1,MANUAL_REVIEW,MISSING_VALID_PRICE,NO_PRICE,,,,,,,,,inodoros|completos|incluyendo|fluxomento|tapas|valvulas.,COTIZACIONES_DORALEX_SRL_bb53.xlsx
AG-1373,"NOTA: ESTA Cotizacion ESTA SUJETA A Cambios, UNA VEZ SE Proceda CON LA VISITA A CAMPO",consu,Ferretería,Units,,,,False,False,False,SHARED,,,,2,,,,NEW_PRODUCT,1,2,MANUAL_REVIEW,MISSING_VALID_PRICE,NO_PRICE,,,,,,,,,nota|esta|cotizacion|esta|sujeta|a|cambios|una,COTIZACIONES_DORALEX_f72a.xlsx
AG-1381,Alambre Electrico DE TIERRA THHN (AWG) 2.5mm. Cordiflex,consu,Ferretería,ft,,,,False,False,False,SHARED,,,,1,,,,NEW_PRODUCT,1,1,MANUAL_REVIEW,MISSING_VALID_PRICE,NO_PRICE,,,,,,,,,alambre|electrico|tierra|thhn|awg|2.5|mm.|cordiflex,COTIZACIONES_DORALEX_f72a.xlsx
AG-1382,Alambre Electrico THHN (AWG) NO.12 PHELPS DODGE ROJO,consu,Ferretería,ft,,,,False,False,False,SHARED,,,,1,,,,NEW_PRODUCT,1,1,MANUAL_REVIEW,MISSING_VALID_PRICE,NO_PRICE,,,,,,,,,alambre|electrico|thhn|awg|no.12|phelps|dodge|rojo,COTIZACIONES_DORALEX_f72a.xlsx
AG-1383,Alambres Electricothhn (AWG) NO.12 PHELPS DODGE NEGRO,consu,Ferretería,ft,,,,False,False,False,SHARED,,,,1,,,,NEW_PRODUCT,1,1,MANUAL_REVIEW,MISSING_VALID_PRICE,NO_PRICE,,,,,,,,,alambres|electricothhn|awg|no.12|phelps|dodge|negro,COTIZACIONES_DORALEX_f72a.xlsx
AG-1384,Alambre Electrico THHN (AWG) NO.12 PHELPS DODGE BANCO,consu,Ferretería,ft,,,,False,False,False,SHARED,,,,1,,,,NEW_PRODUCT,1,1,MANUAL_REVIEW,MISSING_VALID_PRICE,NO_PRICE,,,,,,,,,alambre|electrico|thhn|awg|no.12|phelps|dodge|banco,COTIZACIONES_DORALEX_f72a.xlsx
AG-1385,Alambre Electrico THHN (AWG) NO.12 PHELPS DODGE VERDE,consu,Ferretería,ft,,,,False,False,False,SHARED,,,,1,,,,NEW_PRODUCT,1,1,MANUAL_REVIEW,MISSING_VALID_PRICE,NO_PRICE,,,,,,,,,alambre|electrico|thhn|awg|no.12|phelps|dodge|verde,COTIZACIONES_DORALEX_f72a.xlsx
AG-1386,Alambre Electrico THHN (AWG) NO.08 PHELPS DODGE ROJO,consu,Ferretería,ft,,,,False,False,False,SHARED,,,,1,,,,NEW_PRODUCT,1,1,MANUAL_REVIEW,MISSING_VALID_PRICE,NO_PRICE,,,,,,,,,alambre|electrico|thhn|awg|no.08|phelps|dodge|rojo,COTIZACIONES_DORALEX_f72a.xlsx
AG-1387,Alambres Electrico THHN (AWG) NO.10 PHELPS DODGE NEGRO,consu,Ferretería,ft,,,,False,False,False,SHARED,,,,1,,,,NEW_PRODUCT,1,1,MANUAL_REVIEW,MISSING_VALID_PRICE,NO_PRICE,,,,,,,,,alambres|electrico|thhn|awg|no.10|phelps|dodge|negro,COTIZACIONES_DORALEX_f72a.xlsx
AG-1403,72 Marcos,consu,Ferretería,Units,,,,False,False,False,SHARED,,,,1,,,,NEW_PRODUCT,1,1,MANUAL_REVIEW,MISSING_VALID_PRICE,NO_PRICE,,,,,,,,,72|marcos,COTIZACIONES_DORALEX_f72a.xlsx
AG-1404,144 Cruzeta Cortas,consu,Ferretería,Units,,,,False,False,False,SHARED,,,,1,,,,NEW_PRODUCT,1,1,MANUAL_REVIEW,MISSING_VALID_PRICE,NO_PRICE,,,,,,,,,144|cruzeta|cortas,COTIZACIONES_DORALEX_f72a.xlsx
AG-1405,72 Cruzetas Largas,consu,Ferretería,Units,,,,False,False,False,SHARED,,,,1,,,,NEW_PRODUCT,1,1,MANUAL_REVIEW,MISSING_VALID_PRICE,NO_PRICE,,,,,,,,,72|cruzetas|largas,COTIZACIONES_DORALEX_f72a.xlsx
AG-1406,36 Tablas,consu,Ferretería,Units,,,,False,False,False,SHARED,,,,1,,,,NEW_PRODUCT,1,1,MANUAL_REVIEW,MISSING_VALID_PRICE,NO_PRICE,,,,,,,,,36|tablas,COTIZACIONES_DORALEX_f72a.xlsx
AG-1407,36 Juntos,consu,Ferretería,Units,,,,False,False,False,SHARED,,,,1,,,,NEW_PRODUCT,1,1,MANUAL_REVIEW,MISSING_VALID_PRICE,NO_PRICE,,,,,,,,,36|juntos,COTIZACIONES_DORALEX_f72a.xlsx
AG-1408,36 Tubos,consu,Plomería,Units,,,,False,False,False,SHARED,,,,1,,,,NEW_PRODUCT,1,1,MANUAL_REVIEW,MISSING_VALID_PRICE,NO_PRICE,,,,,,,,,36|tubos,COTIZACIONES_DORALEX_f72a.xlsx
AG-1412,Sheetrock 4x8,consu,Ferretería,Units,,,,False,False,False,SHARED,,,,1,,,,NEW_PRODUCT,1,1,MANUAL_REVIEW,MISSING_VALID_PRICE,NO_PRICE,,,,,,,,,sheetrock|4x8,COTIZACIONES_DORALEX_f72a.xlsx
AG-1413,PARAL PARA Sheetrock 2 1/2 X10,consu,Ferretería,Units,,,caliber=1/2,False,False,False,SHARED,,,,1,,,,NEW_PRODUCT,1,1,MANUAL_REVIEW,MISSING_VALID_PRICE,NO_PRICE,,,,,,,,,paral|para|sheetrock|2|1/2|x10|1/2,COTIZACIONES_DORALEX_f72a.xlsx
AG-1414,PERFIL PARA Sheetrock 2 1/2 X10,consu,Ferretería,Units,,,caliber=1/2,False,False,False,SHARED,,,,1,,,,NEW_PRODUCT,1,1,MANUAL_REVIEW,MISSING_VALID_PRICE,NO_PRICE,,,,,,,,,perfil|para|sheetrock|2|1/2|x10|1/2,COTIZACIONES_DORALEX_f72a.xlsx
AG-1415,KIT Talador 1/2 Atornillador DE Impacto 1/4,consu,Ferretería,Units,,,caliber=1/2,False,False,False,SHARED,,,,1,,,,NEW_PRODUCT,1,1,MANUAL_REVIEW,MISSING_VALID_PRICE,NO_PRICE,,,,,,,,,kit|talador|1/2|atornillador|impacto|1/4|1/2,COTIZACIONES_DORALEX_f72a.xlsx
AG-1417,Tornillos PARA Sheetrock 1 1/4,consu,Ferretería,Units,,,caliber=1/4,False,False,False,SHARED,,,,1,,,,NEW_PRODUCT,1,1,MANUAL_REVIEW,MISSING_VALID_PRICE,NO_PRICE,,,,,,,,,tornillos|para|sheetrock|1|1/4|1/4,COTIZACIONES_DORALEX_f72a.xlsx
AG-1418,Tornillos Diablitos DE 1,consu,Ferretería,Units,,,,False,False,False,SHARED,,,,1,,,,NEW_PRODUCT,1,1,MANUAL_REVIEW,MISSING_VALID_PRICE,NO_PRICE,,,,,,,,,tornillos|diablitos|1,COTIZACIONES_DORALEX_f72a.xlsx
AG-1419,Tornillos Diablito DE 1 1/2,consu,Ferretería,Units,,,caliber=1/2,False,False,False,SHARED,,,,1,,,,NEW_PRODUCT,1,1,MANUAL_REVIEW,MISSING_VALID_PRICE,NO_PRICE,,,,,,,,,tornillos|diablito|1|1/2|1/2,COTIZACIONES_DORALEX_f72a.xlsx
AG-1420,Cortadora DE CESPED,consu,Ferretería,Units,,,,False,False,False,SHARED,,,,1,,,,NEW_PRODUCT,1,1,MANUAL_REVIEW,MISSING_VALID_PRICE,NO_PRICE,,,,,,,,,cortadora|cesped,COTIZACIONES_DORALEX_f72a.xlsx
AG-1421,Desbrozadora Trimmer Cortador DE CESPED,consu,Ferretería,Units,,,,False,False,False,SHARED,,,,1,,,,NEW_PRODUCT,1,1,MANUAL_REVIEW,MISSING_VALID_PRICE,NO_PRICE,,,,,,,,,desbrozadora|trimmer|cortador|cesped,COTIZACIONES_DORALEX_f72a.xlsx
AG-1422,Sopladora,consu,Ferretería,Units,,,,False,False,False,SHARED,,,,1,,,,NEW_PRODUCT,1,1,MANUAL_REVIEW,MISSING_VALID_PRICE,NO_PRICE,,,,,,,,,sopladora,COTIZACIONES_DORALEX_f72a.xlsx
AG-1432,RESINA Epoxica Transparente Y ALTA Resistencia,consu,Ferretería,Gal,,,,False,False,False,SHARED,,,,1,,,,NEW_PRODUCT,1,1,MANUAL_REVIEW,MISSING_VALID_PRICE,NO_PRICE,,,,,,,,,resina|epoxica|transparente|alta|resistencia,COTIZACIONES_DORALEX_f72a.xlsx
AG-1433,VASOS Medidores DE Silicona CON Boquilla,consu,Ferretería,Units,,,,False,False,False,SHARED,,,,1,,,,NEW_PRODUCT,1,1,MANUAL_REVIEW,MISSING_VALID_PRICE,NO_PRICE,,,,,,,,,vasos|medidores|silicona|boquilla,COTIZACIONES_DORALEX_f72a.xlsx
AG-1434,BORLA DE HILO CHINO O SEDA Diversos Colores,consu,Ferretería,Units,,,,False,False,False,SHARED,,,,1,,,,NEW_PRODUCT,1,1,MANUAL_REVIEW,MISSING_VALID_PRICE,NO_PRICE,,,,,,,,,borla|hilo|chino|o|seda|diversos|colores,COTIZACIONES_DORALEX_f72a.xlsx
AG-1435,Argollas PARA Llavero Metalicos DE ALTA Resistencia 25Y 33MM,consu,Ferretería,Units,,,,False,False,False,SHARED,,,,1,,,,NEW_PRODUCT,1,1,MANUAL_REVIEW,MISSING_VALID_PRICE,NO_PRICE,,,,,,,,,argollas|para|llavero|metalicos|alta|resistencia|25y|33,COTIZACIONES_DORALEX_f72a.xlsx
AG-1436,MOLDE DE ARETES DE Silicona Flexible Y DE FORMA COMUN Y DE Calidad,consu,Ferretería,Units,,,,False,False,False,SHARED,,,,1,,,,NEW_PRODUCT,1,1,MANUAL_REVIEW,MISSING_VALID_PRICE,NO_PRICE,,,,,,,,,molde|aretes|silicona|flexible|forma|comun|calidad,COTIZACIONES_DORALEX_f72a.xlsx
AG-1437,Llaveros DE ALTA Durabilidad Y Acabado Brillante,consu,Ferretería,Units,,,,False,False,False,SHARED,,,,1,,,,NEW_PRODUCT,1,1,MANUAL_REVIEW,MISSING_VALID_PRICE,NO_PRICE,,,,,,,,,llaveros|alta|durabilidad|acabado|brillante,COTIZACIONES_DORALEX_f72a.xlsx
AG-1438,Cancamo DE Acabado Metalico DE ROSCA FINA 8 Y 10 MM,consu,Ferretería,Units,,,,False,False,False,SHARED,,,,1,,,,NEW_PRODUCT,1,1,MANUAL_REVIEW,MISSING_VALID_PRICE,NO_PRICE,,,,,,,,,cancamo|acabado|metalico|rosca|fina|8|10|mm,COTIZACIONES_DORALEX_f72a.xlsx
AG-1439,"MOLDES PARA Llavero DE Silicon DE 8 Flexibles, LISO Y Brillante EN EL Interior",consu,Ferretería,Units,,,,False,False,False,SHARED,,,,1,,,,NEW_PRODUCT,1,1,MANUAL_REVIEW,MISSING_VALID_PRICE,NO_PRICE,,,,,,,,,moldes|para|llavero|silicon|8|flexibles|liso|brillante,COTIZACIONES_DORALEX_f72a.xlsx
AG-1440,Palitos DE PALETA DE MADERA Superficie LISA Resistente 30CM,consu,Ferretería,Units,,,,False,False,False,SHARED,,,,1,,,,NEW_PRODUCT,1,1,MANUAL_REVIEW,MISSING_VALID_PRICE,NO_PRICE,,,,,,,,,palitos|paleta|madera|superficie|lisa|resistente|30|cm,COTIZACIONES_DORALEX_f72a.xlsx
AG-1441,MOLDES DE LETRAS DE Silicona DE ALTA Calidad Y Enterior Brillante Alfanumericos DE 3 Y 5,consu,Ferretería,Units,,,,False,False,False,SHARED,,,,1,,,,NEW_PRODUCT,1,1,MANUAL_REVIEW,MISSING_VALID_PRICE,NO_PRICE,,,,,,,,,moldes|letras|silicona|alta|calidad|enterior|brillante|alfanumericos,COTIZACIONES_DORALEX_f72a.xlsx
AG-1442,Mechero (sopletes) DISEÑO LIGERO LLAMA AZUL TIPO Antorcha DE BUTANO,consu,Ferretería,Units,,,,False,False,False,SHARED,,,,1,,,,NEW_PRODUCT,1,1,MANUAL_REVIEW,MISSING_VALID_PRICE,NO_PRICE,,,,,,,,,mechero|sopletes|diseno|ligero|llama|azul|tipo|antorcha,COTIZACIONES_DORALEX_f72a.xlsx
AG-1443,GAS BUTANO PARA Mechero DE LLAMA AZUL Controlable EN BOTES DE Aerosol Metalico DE 250ML,consu,Ferretería,Units,,,,False,False,False,SHARED,,,,1,,,,NEW_PRODUCT,1,1,MANUAL_REVIEW,MISSING_VALID_PRICE,NO_PRICE,,,,,,,,,gas|butano|para|mechero|llama|azul|controlable|botes,COTIZACIONES_DORALEX_f72a.xlsx
AG-1444,MICA EN POLVO Defecto Metalico Y Brillante Compatible CON RESINA DE ALTA Resistencia,consu,Ferretería,Units,,,,False,False,False,SHARED,,,,1,,,,NEW_PRODUCT,1,1,MANUAL_REVIEW,MISSING_VALID_PRICE,NO_PRICE,,,,,,,,,mica|polvo|defecto|metalico|brillante|compatible|resina|alta,COTIZACIONES_DORALEX_f72a.xlsx
AG-1445,"Liquido DE Colores Y Compatible PARA RESINA EN TONOS Intensos , Pasteles Y Brillante 24/1",consu,Ferretería,Units,,,caliber=24/1,False,False,False,SHARED,,,,1,,,,NEW_PRODUCT,1,1,MANUAL_REVIEW,MISSING_VALID_PRICE,NO_PRICE,,,,,,,,,liquido|colores|compatible|para|resina|tonos|intensos|pasteles|24/1,COTIZACIONES_DORALEX_f72a.xlsx
AG-1446,Escarcha PARA RESINA DE ALTA Resistencia Y Durabilidad VARIOS Colores 24/1,consu,Ferretería,Units,,,caliber=24/1,False,False,False,SHARED,,,,1,,,,NEW_PRODUCT,1,1,MANUAL_REVIEW,MISSING_VALID_PRICE,NO_PRICE,,,,,,,,,escarcha|para|resina|alta|resistencia|durabilidad|varios|colores|24/1,COTIZACIONES_DORALEX_f72a.xlsx
AG-1447,Ansuelos PARA ARETES Resistentes EN ACERO Inoxidable Y FORMA Curvada,consu,Ferretería,Units,,,,False,False,False,SHARED,,,,1,,,,NEW_PRODUCT,1,1,MANUAL_REVIEW,MISSING_VALID_PRICE,NO_PRICE,,,,,,,,,ansuelos|para|aretes|resistentes|acero|inoxidable|forma|curvada,COTIZACIONES_DORALEX_f72a.xlsx
AG-1448,PINZAS DE ACERO Inoxidable DE ALTA Resistencia PUNTA FINA Y MANGO Ergonomico,consu,Ferretería,Units,,,,False,False,False,SHARED,,,,1,,,,NEW_PRODUCT,1,1,MANUAL_REVIEW,MISSING_VALID_PRICE,NO_PRICE,,,,,,,,,pinzas|acero|inoxidable|alta|resistencia|punta|fina|mango,COTIZACIONES_DORALEX_f72a.xlsx
AG-1449,Guantes DE COLOR AZUL DE Nitrilo DE ALTA Resistencia Quimica,consu,Ferretería,Units,,,,False,False,False,SHARED,,,,1,,,,NEW_PRODUCT,1,1,MANUAL_REVIEW,MISSING_VALID_PRICE,NO_PRICE,,,,,,,,,guantes|color|azul|nitrilo|alta|resistencia|quimica,COTIZACIONES_DORALEX_f72a.xlsx
AG-1450,Alcohol Osopropilico DE 95% A 99% PUREZA,consu,Ferretería,Gal,,,,False,False,False,SHARED,,,,1,,,,NEW_PRODUCT,1,1,MANUAL_REVIEW,MISSING_VALID_PRICE,NO_PRICE,,,,,,,,,alcohol|osopropilico|95%|a|99%|pureza,COTIZACIONES_DORALEX_f72a.xlsx
AG-1451,Lampara UV Potencia DE 36W A 54W DE ALTA Potencia Y Recargable,consu,Ferretería,Units,,,power=36W,False,False,False,SHARED,,,,1,,,,NEW_PRODUCT,1,1,MANUAL_REVIEW,MISSING_VALID_PRICE,NO_PRICE,,,,,,,,,lampara|uv|potencia|36|w|a|54|w|36W,COTIZACIONES_DORALEX_f72a.xlsx
AG-1452,BARRO Natural DE ALTA Plasticidad Arcilla ROJA,consu,Ferretería,lb,,,,False,False,False,SHARED,,,,1,,,,NEW_PRODUCT,1,1,MANUAL_REVIEW,MISSING_VALID_PRICE,NO_PRICE,,,,,,,,,barro|natural|alta|plasticidad|arcilla|roja,COTIZACIONES_DORALEX_f72a.xlsx
AG-1453,SET DE Herrramientas Modelado DE BARRO DE MADERA,consu,Ferretería,Units,,,,False,False,False,SHARED,,,,1,,,,NEW_PRODUCT,1,1,MANUAL_REVIEW,MISSING_VALID_PRICE,NO_PRICE,,,,,,,,,set|herrramientas|modelado|barro|madera,COTIZACIONES_DORALEX_f72a.xlsx
AG-1484,Cartucho Deskjet 1000 122,consu,Ferretería,Units,,,,False,False,False,SHARED,,,,1,,,,NEW_PRODUCT,1,1,MANUAL_REVIEW,MISSING_VALID_PRICE,NO_PRICE,,,,,,,,,cartucho|deskjet|1000|122,COTIZACIONES_DORALEX_f72a.xlsx
AG-1487,TONER HP Laserjet PRO M402-MFP M426 CF226,consu,Tecnología,Units,HP,M402-MFP,model=M402-MFP,False,False,False,SHARED,,,,1,,,,NEW_PRODUCT,1,1,MANUAL_REVIEW,MISSING_VALID_PRICE,NO_PRICE,,,,,,,,,toner|hp|laserjet|pro|m402-mfp|m426|cf226|M402-MFP,COTIZACIONES_DORALEX_f72a.xlsx
AG-1518,NOTA Aclaratoria:,consu,Ferretería,Units,,,,False,False,False,SHARED,,,,1,,,,NEW_PRODUCT,1,1,MANUAL_REVIEW,MISSING_VALID_PRICE,NO_PRICE,,,,,,,,,nota|aclaratoria,COTIZACIONES_DORALEX_f72a.xlsx
AG-1519,pago De Anticipo De Un 30% Del Valor Total De La Cotizacion.,consu,Ferretería,Units,,,,False,False,False,SHARED,,,,1,,,,NEW_PRODUCT,1,1,MANUAL_REVIEW,MISSING_VALID_PRICE,NO_PRICE,,,,,,,,,pago|anticipo|un|30%|valor|total|cotizacion.,COTIZACIONES_DORALEX_f72a.xlsx
AG-1520," El Arrendatario Será Responsable Por Cualquier Daño, Accidente, Pérdida Del Equipo",consu,Ferretería,Units,,,,False,False,False,SHARED,,,,1,,,,NEW_PRODUCT,1,1,MANUAL_REVIEW,MISSING_VALID_PRICE,NO_PRICE,,,,,,,,,arrendatario|sera|responsable|por|cualquier|dano|accidente|perdida,COTIZACIONES_DORALEX_f72a.xlsx
AG-1521, La Disponibilidad De La Unidad Estará Sujeta A Aprobación Previa.,consu,Ferretería,Units,,,,False,False,False,SHARED,,,,1,,,,NEW_PRODUCT,1,1,MANUAL_REVIEW,MISSING_VALID_PRICE,NO_PRICE,,,,,,,,,disponibilidad|unidad|estara|sujeta|a|aprobacion|previa.,COTIZACIONES_DORALEX_f72a.xlsx
AG-1522,"se Debe Contratar Un Mínimo De 4 Horas Por Día, De Lunes A Sábado.",consu,Ferretería,Units,,,,False,False,False,SHARED,,,,1,,,,NEW_PRODUCT,1,1,MANUAL_REVIEW,MISSING_VALID_PRICE,NO_PRICE,,,,,,,,,se|debe|contratar|un|minimo|4|horas|por,COTIZACIONES_DORALEX_f72a.xlsx
AG-1567,Costillita,consu,Ferretería,lb,,,,False,False,False,SHARED,,,,18,,,,NEW_PRODUCT,3,16,MANUAL_REVIEW,MISSING_VALID_PRICE,NO_PRICE,,,,,,,,,costillita,COTIZACIONES__DOMINION_BUSINESS_18aa.xlsx | COTIZACIONES__REMPART_GROUP_2_3578.xlsx | COTIZACIONES___2023-2024_PIN_ARIAS_2_fddc.xlsx
AG-1569,POLLO ENTERO,consu,Carnes,lb,,,,False,True,False,PINARIA,,,,17,,,,NEW_PRODUCT,3,7,MANUAL_REVIEW,MISSING_VALID_PRICE,NO_PRICE,,,,,,,,,pollo|entero,COTIZACIONES__DOMINION_BUSINESS_18aa.xlsx | COTIZACIONES__REMPART_GROUP_2_3578.xlsx | COTIZACIONES___2023-2024_PIN_ARIAS_2_fddc.xlsx
AG-1570,SALAMI Induveca 3.5/1,consu,Carnes,Units,,,caliber=5/1,False,True,False,PINARIA,,,,3,,,,NEW_PRODUCT,3,1,MANUAL_REVIEW,MISSING_VALID_PRICE,NO_PRICE,,,,,,,,,salami|induveca|3.5/1|5/1,COTIZACIONES__DOMINION_BUSINESS_18aa.xlsx | COTIZACIONES__REMPART_GROUP_2_3578.xlsx | COTIZACIONES___2023-2024_PIN_ARIAS_2_fddc.xlsx
AG-1574,RES Primium Deshuesada,consu,Ferretería,lb,,,,False,False,False,SHARED,,,,3,,,,NEW_PRODUCT,3,1,MANUAL_REVIEW,MISSING_VALID_PRICE,NO_PRICE,,,,,,,,,res|primium|deshuesada,COTIZACIONES__DOMINION_BUSINESS_18aa.xlsx | COTIZACIONES__REMPART_GROUP_2_3578.xlsx | COTIZACIONES___2023-2024_PIN_ARIAS_2_fddc.xlsx
AG-1575,CERDO,consu,Ferretería,lb,,,,False,False,False,SHARED,,,,3,,,,NEW_PRODUCT,3,1,MANUAL_REVIEW,MISSING_VALID_PRICE,NO_PRICE,,,,,,,,,cerdo,COTIZACIONES__DOMINION_BUSINESS_18aa.xlsx | COTIZACIONES__REMPART_GROUP_2_3578.xlsx | COTIZACIONES___2023-2024_PIN_ARIAS_2_fddc.xlsx
AG-1576,Chuleta Ahumada,consu,Carnes,lb,,,,False,True,False,PINARIA,,,,30,,,,NEW_PRODUCT,3,27,MANUAL_REVIEW,MISSING_VALID_PRICE,NO_PRICE,,,,,,,,,chuleta|ahumada,COTIZACIONES__DOMINION_BUSINESS_18aa.xlsx | COTIZACIONES__REMPART_GROUP_2_3578.xlsx | COTIZACIONES___2023-2024_PIN_ARIAS_2_fddc.xlsx
AG-1581,QUESO BLANCO,consu,Alimentos,Units,,,,True,False,False,PINARIA,,,,1,,,,NEW_PRODUCT,1,1,MANUAL_REVIEW,MISSING_VALID_PRICE,NO_PRICE,,,,,,,,,queso|blanco,COTIZACIONES__DOMINION_BUSINESS_18aa.xlsx
AG-1582,QUESO Amarillo,consu,Alimentos,Units,,,,True,False,False,PINARIA,,,,2,,,,NEW_PRODUCT,2,2,MANUAL_REVIEW,MISSING_VALID_PRICE,NO_PRICE,,,,,,,,,queso|amarillo,COTIZACIONES__DOMINION_BUSINESS_18aa.xlsx | COTIZACIONES___2023-2024_PIN_ARIAS_2_fddc.xlsx
AG-1583,QUESO GOUDA,consu,Alimentos,Units,,,,True,False,False,PINARIA,,,,3,,,,NEW_PRODUCT,2,3,MANUAL_REVIEW,MISSING_VALID_PRICE,NO_PRICE,,,,,,,,,queso|gouda,COTIZACIONES__DOMINION_BUSINESS_18aa.xlsx | COTIZACIONES___2023-2024_PIN_ARIAS_2_fddc.xlsx
AG-1584,QUESO Mozarella,consu,Alimentos,Units,,,,True,False,False,PINARIA,,,,17,,,,NEW_PRODUCT,2,17,MANUAL_REVIEW,MISSING_VALID_PRICE,NO_PRICE,,,,,,,,,queso|mozarella,COTIZACIONES__DOMINION_BUSINESS_18aa.xlsx | COTIZACIONES___2023-2024_PIN_ARIAS_2_fddc.xlsx
AG-1585,HUEVO,consu,Alimentos,Units,,,,True,False,False,PINARIA,,,,1,,,,NEW_PRODUCT,1,1,MANUAL_REVIEW,MISSING_VALID_PRICE,NO_PRICE,,,,,,,,,huevo,COTIZACIONES__DOMINION_BUSINESS_18aa.xlsx
AG-1586,PECHO DE RES,consu,Ferretería,Units,,,,False,False,False,SHARED,,,,2,,,,NEW_PRODUCT,2,2,MANUAL_REVIEW,MISSING_VALID_PRICE,NO_PRICE,,,,,,,,,pecho|res,COTIZACIONES__DOMINION_BUSINESS_18aa.xlsx | COTIZACIONES___2023-2024_PIN_ARIAS_2_fddc.xlsx
AG-1587,Pechuga DE POLLO 50/1 LB,consu,Carnes,Units,,,caliber=50/1 presentation=1 lb,False,True,False,PINARIA,,,,1,,,,NEW_PRODUCT,1,1,MANUAL_REVIEW,MISSING_VALID_PRICE,NO_PRICE,,,,,,,,,pechuga|pollo|50/1|lb|50/1|1 lb,COTIZACIONES__DOMINION_BUSINESS_18aa.xlsx
AG-1588,MUSLO DE POLLO,consu,Carnes,Units,,,,False,True,False,PINARIA,,,,3,,,,NEW_PRODUCT,2,3,MANUAL_REVIEW,MISSING_VALID_PRICE,NO_PRICE,,,,,,,,,muslo|pollo,COTIZACIONES__DOMINION_BUSINESS_18aa.xlsx | COTIZACIONES___2023-2024_PIN_ARIAS_2_fddc.xlsx
AG-1589,HUEVOS 30/1,consu,Alimentos,Units,,,caliber=30/1,True,False,False,PINARIA,,,,5,,,,NEW_PRODUCT,2,5,MANUAL_REVIEW,MISSING_VALID_PRICE,NO_PRICE,,,,,,,,,huevos|30/1|30/1,COTIZACIONES__DOMINION_BUSINESS_18aa.xlsx | COTIZACIONES___2023-2024_PIN_ARIAS_2_fddc.xlsx
AG-1590,JAMON 6/1,consu,Carnes,Units,,,caliber=6/1,False,True,False,PINARIA,,,,3,,,,NEW_PRODUCT,2,3,MANUAL_REVIEW,MISSING_VALID_PRICE,NO_PRICE,,,,,,,,,jamon|6/1|6/1,COTIZACIONES__DOMINION_BUSINESS_18aa.xlsx | COTIZACIONES___2023-2024_PIN_ARIAS_2_fddc.xlsx
AG-1591,JAMON DE PAVO,consu,Carnes,Units,,,,False,True,False,PINARIA,,,,10,,,,NEW_PRODUCT,2,10,MANUAL_REVIEW,MISSING_VALID_PRICE,NO_PRICE,,,,,,,,,jamon|pavo,COTIZACIONES__DOMINION_BUSINESS_18aa.xlsx | COTIZACIONES___2023-2024_PIN_ARIAS_2_fddc.xlsx
AG-1592,SALAMI 3.2/1LB,consu,Carnes,Units,,,presentation=1 lb,False,True,False,PINARIA,,,,3,,,,NEW_PRODUCT,2,3,MANUAL_REVIEW,MISSING_VALID_PRICE,NO_PRICE,,,,,,,,,salami|3.2/1|lb|1 lb,COTIZACIONES__DOMINION_BUSINESS_18aa.xlsx | COTIZACIONES___2023-2024_PIN_ARIAS_2_fddc.xlsx
AG-1593,Salchicha,consu,Ferretería,Units,,,,False,False,False,SHARED,,,,4,,,,NEW_PRODUCT,2,4,MANUAL_REVIEW,MISSING_VALID_PRICE,NO_PRICE,,,,,,,,,salchicha,COTIZACIONES__DOMINION_BUSINESS_18aa.xlsx | COTIZACIONES___2023-2024_PIN_ARIAS_2_fddc.xlsx
AG-1594,QUESO Amarillo 5/1,consu,Alimentos,Units,,,caliber=5/1,True,False,False,PINARIA,,,,2,,,,NEW_PRODUCT,2,2,MANUAL_REVIEW,MISSING_VALID_PRICE,NO_PRICE,,,,,,,,,queso|amarillo|5/1|5/1,COTIZACIONES__DOMINION_BUSINESS_18aa.xlsx | COTIZACIONES___2023-2024_PIN_ARIAS_2_fddc.xlsx
AG-1595,SALAMI 3.2/1 LB,consu,Carnes,Units,,,caliber=2/1 presentation=1 lb,False,True,False,PINARIA,,,,1,,,,NEW_PRODUCT,1,1,MANUAL_REVIEW,MISSING_VALID_PRICE,NO_PRICE,,,,,,,,,salami|3.2/1|lb|2/1|1 lb,COTIZACIONES__DOMINION_BUSINESS_18aa.xlsx
AG-1596,Costillitas Ahumada,consu,Ferretería,Units,,,,False,False,False,SHARED,,,,1,,,,NEW_PRODUCT,1,1,MANUAL_REVIEW,MISSING_VALID_PRICE,NO_PRICE,,,,,,,,,costillitas|ahumada,COTIZACIONES__DOMINION_BUSINESS_18aa.xlsx
AG-1597,POLLOS Enteros C/U 4 LIBRA,consu,Carnes,Units,,,,False,True,False,PINARIA,,,,1,,,,NEW_PRODUCT,1,1,MANUAL_REVIEW,MISSING_VALID_PRICE,NO_PRICE,,,,,,,,,pollos|enteros|c/u|4|libra,COTIZACIONES__DOMINION_BUSINESS_18aa.xlsx
AG-1598,LIBRAS DE CERDO PARA GUISAR,consu,Ferretería,Units,,,,False,False,False,SHARED,,,,1,,,,NEW_PRODUCT,1,1,MANUAL_REVIEW,MISSING_VALID_PRICE,NO_PRICE,,,,,,,,,libras|cerdo|para|guisar,COTIZACIONES__DOMINION_BUSINESS_18aa.xlsx
AG-1599,LIBRAS DE RES PARA GUISAR,consu,Ferretería,Units,,,,False,False,False,SHARED,,,,1,,,,NEW_PRODUCT,1,1,MANUAL_REVIEW,MISSING_VALID_PRICE,NO_PRICE,,,,,,,,,libras|res|para|guisar,COTIZACIONES__DOMINION_BUSINESS_18aa.xlsx
AG-1600,LIBRAS DE RES MOLIDA,consu,Carnes,Units,,,,False,True,False,PINARIA,,,,1,,,,NEW_PRODUCT,1,1,MANUAL_REVIEW,MISSING_VALID_PRICE,NO_PRICE,,,,,,,,,libras|res|molida,COTIZACIONES__DOMINION_BUSINESS_18aa.xlsx
AG-1601,Costilla Ahumada,consu,Carnes,Units,,,,False,True,False,PINARIA,,,,10,,,,NEW_PRODUCT,2,10,MANUAL_REVIEW,MISSING_VALID_PRICE,NO_PRICE,,,,,,,,,costilla|ahumada,COTIZACIONES__DOMINION_BUSINESS_18aa.xlsx | COTIZACIONES___2023-2024_PIN_ARIAS_2_fddc.xlsx
AG-1602,POLLO,consu,Carnes,Units,,,,False,True,False,PINARIA,,,,61,,,,NEW_PRODUCT,2,57,MANUAL_REVIEW,MISSING_VALID_PRICE,NO_PRICE,,,,,,,,,pollo,COTIZACIONES__DOMINION_BUSINESS_18aa.xlsx | COTIZACIONES___2023-2024_PIN_ARIAS_2_fddc.xlsx
AG-1603,PATA DE VACA,consu,Ferretería,Units,,,,False,False,False,SHARED,,,,32,,,,NEW_PRODUCT,2,32,MANUAL_REVIEW,MISSING_VALID_PRICE,NO_PRICE,,,,,,,,,pata|vaca,COTIZACIONES__DOMINION_BUSINESS_18aa.xlsx | COTIZACIONES___2023-2024_PIN_ARIAS_2_fddc.xlsx
AG-1604,MOLIDA DE Primera,consu,Ferretería,Units,,,,False,False,False,SHARED,,,,2,,,,NEW_PRODUCT,1,2,MANUAL_REVIEW,MISSING_VALID_PRICE,NO_PRICE,,,,,,,,,molida|primera,COTIZACIONES__DOMINION_BUSINESS_18aa.xlsx
AG-1605,HIGADO DE RES,consu,Ferretería,Units,,,,False,False,False,SHARED,,,,2,,,,NEW_PRODUCT,2,2,MANUAL_REVIEW,MISSING_VALID_PRICE,NO_PRICE,,,,,,,,,higado|res,COTIZACIONES__DOMINION_BUSINESS_18aa.xlsx | COTIZACIONES___2023-2024_PIN_ARIAS_2_fddc.xlsx
AG-1606,CARNES DE RES,consu,Ferretería,Units,,,,False,False,False,SHARED,,,,6,,,,NEW_PRODUCT,2,6,MANUAL_REVIEW,MISSING_VALID_PRICE,NO_PRICE,,,,,,,,,carnes|res,COTIZACIONES__DOMINION_BUSINESS_18aa.xlsx | COTIZACIONES___2023-2024_PIN_ARIAS_2_fddc.xlsx
AG-1607,POLLO ENTERO C/U 4LIBRA,consu,Carnes,Units,,,,False,True,False,PINARIA,,,,1,,,,NEW_PRODUCT,1,1,MANUAL_REVIEW,MISSING_VALID_PRICE,NO_PRICE,,,,,,,,,pollo|entero|c/u|4libra,COTIZACIONES__DOMINION_BUSINESS_18aa.xlsx
AG-1608,LIBRA DE CERDO PARA GUISAR,consu,Ferretería,Units,,,,False,False,False,SHARED,,,,2,,,,NEW_PRODUCT,1,2,MANUAL_REVIEW,MISSING_VALID_PRICE,NO_PRICE,,,,,,,,,libra|cerdo|para|guisar,COTIZACIONES__DOMINION_BUSINESS_18aa.xlsx
AG-1609,LIBRA DE RES PARA GUISAR,consu,Ferretería,Units,,,,False,False,False,SHARED,,,,1,,,,NEW_PRODUCT,1,1,MANUAL_REVIEW,MISSING_VALID_PRICE,NO_PRICE,,,,,,,,,libra|res|para|guisar,COTIZACIONES__DOMINION_BUSINESS_18aa.xlsx
AG-1610,LIBRA DE POLLO,consu,Carnes,Units,,,,False,True,False,PINARIA,,,,13,,,,NEW_PRODUCT,3,12,MANUAL_REVIEW,MISSING_VALID_PRICE,NO_PRICE,,,,,,,,,libra|pollo,COTIZACIONES__DOMINION_BUSINESS_18aa.xlsx | COTIZACIONES___2023-2024_PIN_ARIAS_2_fddc.xlsx | COTIZACION_-2026_MAYO_4932.xlsx
AG-1611,LIBRA DE PATA DE VACA,consu,Ferretería,Units,,,,False,False,False,SHARED,,,,11,,,,NEW_PRODUCT,3,11,MANUAL_REVIEW,MISSING_VALID_PRICE,NO_PRICE,,,,,,,,,libra|pata|vaca,COTIZACIONES__DOMINION_BUSINESS_18aa.xlsx | COTIZACIONES___2023-2024_PIN_ARIAS_2_fddc.xlsx | COTIZACION_-2026_MAYO_4932.xlsx
AG-1612,LIBRA DE CARNE RES,consu,Carnes,Units,,,,False,True,False,PINARIA,,,,7,,,,NEW_PRODUCT,3,7,MANUAL_REVIEW,MISSING_VALID_PRICE,NO_PRICE,,,,,,,,,libra|carne|res,COTIZACIONES__DOMINION_BUSINESS_18aa.xlsx | COTIZACIONES___2023-2024_PIN_ARIAS_2_fddc.xlsx | COTIZACION_-2026_MAYO_4932.xlsx
AG-1613,LIBRA DE RES MOLIDA,consu,Carnes,Units,,,,False,True,False,PINARIA,,,,3,,,,NEW_PRODUCT,1,3,MANUAL_REVIEW,MISSING_VALID_PRICE,NO_PRICE,,,,,,,,,libra|res|molida,COTIZACIONES__DOMINION_BUSINESS_18aa.xlsx
AG-1614,LIBRA DE Costillita Ahumada,consu,Ferretería,Units,,,,False,False,False,SHARED,,,,1,,,,NEW_PRODUCT,1,1,MANUAL_REVIEW,MISSING_VALID_PRICE,NO_PRICE,,,,,,,,,libra|costillita|ahumada,COTIZACIONES__DOMINION_BUSINESS_18aa.xlsx
AG-1615,LIBRA DE Chuleta,consu,Carnes,Units,,,,False,True,False,PINARIA,,,,3,,,,NEW_PRODUCT,2,3,MANUAL_REVIEW,MISSING_VALID_PRICE,NO_PRICE,,,,,,,,,libra|chuleta,COTIZACIONES__DOMINION_BUSINESS_18aa.xlsx | COTIZACIONES___2023-2024_PIN_ARIAS_2_fddc.xlsx
AG-1616,RES DE GUISAR,consu,Ferretería,Units,,,,False,False,False,SHARED,,,,1,,,,NEW_PRODUCT,1,1,MANUAL_REVIEW,MISSING_VALID_PRICE,NO_PRICE,,,,,,,,,res|guisar,COTIZACIONES__DOMINION_BUSINESS_18aa.xlsx
AG-1617,CARNE MOLIDA,consu,Ferretería,Units,,,,False,False,False,SHARED,,,,3,,,,NEW_PRODUCT,1,3,MANUAL_REVIEW,MISSING_VALID_PRICE,NO_PRICE,,,,,,,,,carne|molida,COTIZACIONES__DOMINION_BUSINESS_18aa.xlsx
AG-1618,Platano VERDE,consu,Alimentos,Units,,,,True,False,False,PINARIA,,,,25,,,,NEW_PRODUCT,2,25,MANUAL_REVIEW,MISSING_VALID_PRICE,NO_PRICE,,,,,,,,,platano|verde,COTIZACIONES__DOMINION_BUSINESS_18aa.xlsx | COTIZACIONES___2023-2024_PIN_ARIAS_2_fddc.xlsx
AG-1619,GUINEO VERDE,consu,Ferretería,Units,,,,False,False,False,SHARED,,,,25,,,,NEW_PRODUCT,2,25,MANUAL_REVIEW,MISSING_VALID_PRICE,NO_PRICE,,,,,,,,,guineo|verde,COTIZACIONES__DOMINION_BUSINESS_18aa.xlsx | COTIZACIONES___2023-2024_PIN_ARIAS_2_fddc.xlsx
AG-1620,YUCA,consu,Alimentos,Units,,,,True,False,False,PINARIA,,,,25,,,,NEW_PRODUCT,2,25,MANUAL_REVIEW,MISSING_VALID_PRICE,NO_PRICE,,,,,,,,,yuca,COTIZACIONES__DOMINION_BUSINESS_18aa.xlsx | COTIZACIONES___2023-2024_PIN_ARIAS_2_fddc.xlsx
AG-1621,YAUTIA COCO,consu,Ferretería,Units,,,,False,False,False,SHARED,,,,18,,,,NEW_PRODUCT,2,18,MANUAL_REVIEW,MISSING_VALID_PRICE,NO_PRICE,,,,,,,,,yautia|coco,COTIZACIONES__DOMINION_BUSINESS_18aa.xlsx | COTIZACIONES___2023-2024_PIN_ARIAS_2_fddc.xlsx
AG-1622,PAPA,consu,Ferretería,Units,,,,False,False,False,SHARED,,,,25,,,,NEW_PRODUCT,2,25,MANUAL_REVIEW,MISSING_VALID_PRICE,NO_PRICE,,,,,,,,,papa,COTIZACIONES__DOMINION_BUSINESS_18aa.xlsx | COTIZACIONES___2023-2024_PIN_ARIAS_2_fddc.xlsx
AG-1623,AUYAMA,consu,Ferretería,Units,,,,False,False,False,SHARED,,,,25,,,,NEW_PRODUCT,2,25,MANUAL_REVIEW,MISSING_VALID_PRICE,NO_PRICE,,,,,,,,,auyama,COTIZACIONES__DOMINION_BUSINESS_18aa.xlsx | COTIZACIONES___2023-2024_PIN_ARIAS_2_fddc.xlsx
AG-1624,ÑAME,consu,Ferretería,Units,,,,False,False,False,SHARED,,,,25,,,,NEW_PRODUCT,2,25,MANUAL_REVIEW,MISSING_VALID_PRICE,NO_PRICE,,,,,,,,,name,COTIZACIONES__DOMINION_BUSINESS_18aa.xlsx | COTIZACIONES___2023-2024_PIN_ARIAS_2_fddc.xlsx
AG-1625,SALAMI Induveca,consu,Carnes,Units,,,,False,True,False,PINARIA,,,,27,,,,NEW_PRODUCT,2,27,MANUAL_REVIEW,MISSING_VALID_PRICE,NO_PRICE,,,,,,,,,salami|induveca,COTIZACIONES__DOMINION_BUSINESS_18aa.xlsx | COTIZACIONES___2023-2024_PIN_ARIAS_2_fddc.xlsx
AG-1626,QUESO CHEDAR,consu,Alimentos,Units,,,,True,False,False,PINARIA,,,,29,,,,NEW_PRODUCT,2,29,MANUAL_REVIEW,MISSING_VALID_PRICE,NO_PRICE,,,,,,,,,queso|chedar,COTIZACIONES__DOMINION_BUSINESS_18aa.xlsx | COTIZACIONES___2023-2024_PIN_ARIAS_2_fddc.xlsx
AG-1627,JAMON PICNIC,consu,Carnes,Units,,,,False,True,False,PINARIA,,,,25,,,,NEW_PRODUCT,2,25,MANUAL_REVIEW,MISSING_VALID_PRICE,NO_PRICE,,,,,,,,,jamon|picnic,COTIZACIONES__DOMINION_BUSINESS_18aa.xlsx | COTIZACIONES___2023-2024_PIN_ARIAS_2_fddc.xlsx
AG-1628,YAUTIA BLANCA,consu,Ferretería,Units,,,,False,False,False,SHARED,,,,25,,,,NEW_PRODUCT,2,25,MANUAL_REVIEW,MISSING_VALID_PRICE,NO_PRICE,,,,,,,,,yautia|blanca,COTIZACIONES__DOMINION_BUSINESS_18aa.xlsx | COTIZACIONES___2023-2024_PIN_ARIAS_2_fddc.xlsx
AG-1629,LIBRA DE CARNE DE CERDO,consu,Carnes,Units,,,,False,True,False,PINARIA,,,,9,,,,NEW_PRODUCT,3,9,MANUAL_REVIEW,MISSING_VALID_PRICE,NO_PRICE,,,,,,,,,libra|carne|cerdo,COTIZACIONES__DOMINION_BUSINESS_18aa.xlsx | COTIZACIONES___2023-2024_PIN_ARIAS_2_fddc.xlsx | COTIZACION_-2026_MAYO_4932.xlsx
AG-1630,LIBRA DE Costillita,consu,Ferretería,Units,,,,False,False,False,SHARED,,,,1,,,,NEW_PRODUCT,1,1,MANUAL_REVIEW,MISSING_VALID_PRICE,NO_PRICE,,,,,,,,,libra|costillita,COTIZACIONES__DOMINION_BUSINESS_18aa.xlsx
AG-1631,PLATO FOAMI CON DIVISION/200/1 Catai/plastifar,consu,Ferretería,Units,,,caliber=200/1,False,False,False,SHARED,,,,12,,,,NEW_PRODUCT,2,12,MANUAL_REVIEW,MISSING_VALID_PRICE,NO_PRICE,,,,,,,,,plato|foami|division/200/1|catai/plastifar|200/1,COTIZACIONES__DOMINION_BUSINESS_18aa.xlsx | COTIZACIONES___2023-2024_PIN_ARIAS_2_fddc.xlsx
AG-1632,Cuchara Bambino/plastica 40/1,consu,Ferretería,Units,,,caliber=40/1,False,False,False,SHARED,,,,3,,,,NEW_PRODUCT,1,3,MANUAL_REVIEW,MISSING_VALID_PRICE,NO_PRICE,,,,,,,,,cuchara|bambino/plastica|40/1|40/1,COTIZACIONES__DOMINION_BUSINESS_18aa.xlsx
AG-1633,Tenedor Bambino/plastifar 40/1,consu,Ferretería,Units,,,caliber=40/1,False,False,False,SHARED,,,,12,,,,NEW_PRODUCT,2,12,MANUAL_REVIEW,MISSING_VALID_PRICE,NO_PRICE,,,,,,,,,tenedor|bambino/plastifar|40/1|40/1,COTIZACIONES__DOMINION_BUSINESS_18aa.xlsx | COTIZACIONES___2023-2024_PIN_ARIAS_2_fddc.xlsx
AG-1634,PAPEL DE Aluminio Diamond 18X1000FT,consu,Oficina,Units,,,capacity=1000 pies,False,False,False,SHARED,,,,10,,,,NEW_PRODUCT,2,10,MANUAL_REVIEW,MISSING_VALID_PRICE,NO_PRICE,,,,,,,,,papel|aluminio|diamond|18x1000ft|1000 pies,COTIZACIONES__DOMINION_BUSINESS_18aa.xlsx | COTIZACIONES___2023-2024_PIN_ARIAS_2_fddc.xlsx
AG-1635,SALTEN GRANDE DE TEFLON,consu,Ferretería,Units,,,,False,False,False,SHARED,,,,2,,,,NEW_PRODUCT,1,2,MANUAL_REVIEW,MISSING_VALID_PRICE,NO_PRICE,,,,,,,,,salten|grande|teflon,COTIZACIONES__DOMINION_BUSINESS_18aa.xlsx
AG-1636,OLLA DE ACERO Inoxidable,consu,Ferretería,Units,,,,False,False,False,SHARED,,,,2,,,,NEW_PRODUCT,1,2,MANUAL_REVIEW,MISSING_VALID_PRICE,NO_PRICE,,,,,,,,,olla|acero|inoxidable,COTIZACIONES__DOMINION_BUSINESS_18aa.xlsx
AG-1637,Caldero DE Aluminio,consu,Ferretería,Units,,,,False,False,False,SHARED,,,,2,,,,NEW_PRODUCT,1,2,MANUAL_REVIEW,MISSING_VALID_PRICE,NO_PRICE,,,,,,,,,caldero|aluminio,COTIZACIONES__DOMINION_BUSINESS_18aa.xlsx
AG-1638,Chuleta Feresca,consu,Carnes,Units,,,,False,True,False,PINARIA,,,,2,,,,NEW_PRODUCT,2,2,MANUAL_REVIEW,MISSING_VALID_PRICE,NO_PRICE,,,,,,,,,chuleta|feresca,COTIZACIONES__DOMINION_BUSINESS_18aa.xlsx | COTIZACIONES___2023-2024_PIN_ARIAS_2_fddc.xlsx
AG-1639,Longaniza GRUEZA,consu,Ferretería,Units,,,,False,False,False,SHARED,,,,2,,,,NEW_PRODUCT,2,2,MANUAL_REVIEW,MISSING_VALID_PRICE,NO_PRICE,,,,,,,,,longaniza|grueza,COTIZACIONES__DOMINION_BUSINESS_18aa.xlsx | COTIZACIONES___2023-2024_PIN_ARIAS_2_fddc.xlsx
AG-1640,MASITA DE CERDO Rebanada,consu,Ferretería,Units,,,,False,False,False,SHARED,,,,33,,,,NEW_PRODUCT,2,33,MANUAL_REVIEW,MISSING_VALID_PRICE,NO_PRICE,,,,,,,,,masita|cerdo|rebanada,COTIZACIONES__DOMINION_BUSINESS_18aa.xlsx | COTIZACIONES___2023-2024_PIN_ARIAS_2_fddc.xlsx
AG-1641,Pescado MERO,consu,Carnes,Units,,,,False,True,False,PINARIA,,,,32,,,,NEW_PRODUCT,2,32,MANUAL_REVIEW,MISSING_VALID_PRICE,NO_PRICE,,,,,,,,,pescado|mero,COTIZACIONES__DOMINION_BUSINESS_18aa.xlsx | COTIZACIONES___2023-2024_PIN_ARIAS_2_fddc.xlsx
AG-1642,BATATA,consu,Alimentos,Units,,,,True,False,False,PINARIA,,,,11,,,,NEW_PRODUCT,2,11,MANUAL_REVIEW,MISSING_VALID_PRICE,NO_PRICE,,,,,,,,,batata,COTIZACIONES__DOMINION_BUSINESS_18aa.xlsx | COTIZACIONES___2023-2024_PIN_ARIAS_2_fddc.xlsx
AG-1643,APIO,consu,Ferretería,Units,,,,False,False,False,SHARED,,,,18,,,,NEW_PRODUCT,2,18,MANUAL_REVIEW,MISSING_VALID_PRICE,NO_PRICE,,,,,,,,,apio,COTIZACIONES__DOMINION_BUSINESS_18aa.xlsx | COTIZACIONES___2023-2024_PIN_ARIAS_2_fddc.xlsx
AG-1644,LIMON VERDE,consu,Ferretería,Units,,,,False,False,False,SHARED,,,,18,,,,NEW_PRODUCT,2,18,MANUAL_REVIEW,MISSING_VALID_PRICE,NO_PRICE,,,,,,,,,limon|verde,COTIZACIONES__DOMINION_BUSINESS_18aa.xlsx | COTIZACIONES___2023-2024_PIN_ARIAS_2_fddc.xlsx
AG-1645,Naranja AGRIA,consu,Ferretería,Units,,,,False,False,False,SHARED,,,,17,,,,NEW_PRODUCT,2,17,MANUAL_REVIEW,MISSING_VALID_PRICE,NO_PRICE,,,,,,,,,naranja|agria,COTIZACIONES__DOMINION_BUSINESS_18aa.xlsx | COTIZACIONES___2023-2024_PIN_ARIAS_2_fddc.xlsx
AG-1646,TOMATE DE Ensalada,consu,Alimentos,Units,,,,True,False,False,PINARIA,,,,18,,,,NEW_PRODUCT,2,18,MANUAL_REVIEW,MISSING_VALID_PRICE,NO_PRICE,,,,,,,,,tomate|ensalada,COTIZACIONES__DOMINION_BUSINESS_18aa.xlsx | COTIZACIONES___2023-2024_PIN_ARIAS_2_fddc.xlsx
AG-1647,Zanahoria,consu,Ferretería,Units,,,,False,False,False,SHARED,,,,18,,,,NEW_PRODUCT,2,18,MANUAL_REVIEW,MISSING_VALID_PRICE,NO_PRICE,,,,,,,,,zanahoria,COTIZACIONES__DOMINION_BUSINESS_18aa.xlsx | COTIZACIONES___2023-2024_PIN_ARIAS_2_fddc.xlsx
AG-1648,Berenjena,consu,Ferretería,Units,,,,False,False,False,SHARED,,,,18,,,,NEW_PRODUCT,2,18,MANUAL_REVIEW,MISSING_VALID_PRICE,NO_PRICE,,,,,,,,,berenjena,COTIZACIONES__DOMINION_BUSINESS_18aa.xlsx | COTIZACIONES___2023-2024_PIN_ARIAS_2_fddc.xlsx
AG-1649,TOMATE Barcelo,consu,Alimentos,Units,,,,True,False,False,PINARIA,,,,12,,,,NEW_PRODUCT,2,12,MANUAL_REVIEW,MISSING_VALID_PRICE,NO_PRICE,,,,,,,,,tomate|barcelo,COTIZACIONES__DOMINION_BUSINESS_18aa.xlsx | COTIZACIONES___2023-2024_PIN_ARIAS_2_fddc.xlsx
AG-1650,Lechuga,consu,Ferretería,Units,,,,False,False,False,SHARED,,,,18,,,,NEW_PRODUCT,2,18,MANUAL_REVIEW,MISSING_VALID_PRICE,NO_PRICE,,,,,,,,,lechuga,COTIZACIONES__DOMINION_BUSINESS_18aa.xlsx | COTIZACIONES___2023-2024_PIN_ARIAS_2_fddc.xlsx
AG-1651,AJI Gustoso,consu,Ferretería,Units,,,,False,False,False,SHARED,,,,18,,,,NEW_PRODUCT,2,18,MANUAL_REVIEW,MISSING_VALID_PRICE,NO_PRICE,,,,,,,,,aji|gustoso,COTIZACIONES__DOMINION_BUSINESS_18aa.xlsx | COTIZACIONES___2023-2024_PIN_ARIAS_2_fddc.xlsx
AG-1652,AJI Cubanela,consu,Ferretería,Units,,,,False,False,False,SHARED,,,,18,,,,NEW_PRODUCT,2,18,MANUAL_REVIEW,MISSING_VALID_PRICE,NO_PRICE,,,,,,,,,aji|cubanela,COTIZACIONES__DOMINION_BUSINESS_18aa.xlsx | COTIZACIONES___2023-2024_PIN_ARIAS_2_fddc.xlsx
AG-1653,AJI MONROE,consu,Ferretería,Units,,,,False,False,False,SHARED,,,,14,,,,NEW_PRODUCT,2,14,MANUAL_REVIEW,MISSING_VALID_PRICE,NO_PRICE,,,,,,,,,aji|monroe,COTIZACIONES__DOMINION_BUSINESS_18aa.xlsx | COTIZACIONES___2023-2024_PIN_ARIAS_2_fddc.xlsx
AG-1654,PEPINO,consu,Ferretería,Units,,,,False,False,False,SHARED,,,,18,,,,NEW_PRODUCT,2,18,MANUAL_REVIEW,MISSING_VALID_PRICE,NO_PRICE,,,,,,,,,pepino,COTIZACIONES__DOMINION_BUSINESS_18aa.xlsx | COTIZACIONES___2023-2024_PIN_ARIAS_2_fddc.xlsx
AG-1655,Verdura,consu,Ferretería,Units,,,,False,False,False,SHARED,,,,18,,,,NEW_PRODUCT,2,18,MANUAL_REVIEW,MISSING_VALID_PRICE,NO_PRICE,,,,,,,,,verdura,COTIZACIONES__DOMINION_BUSINESS_18aa.xlsx | COTIZACIONES___2023-2024_PIN_ARIAS_2_fddc.xlsx
AG-1656,Cilantro ANCHO,consu,Ferretería,Units,,,,False,False,False,SHARED,,,,18,,,,NEW_PRODUCT,2,18,MANUAL_REVIEW,MISSING_VALID_PRICE,NO_PRICE,,,,,,,,,cilantro|ancho,COTIZACIONES__DOMINION_BUSINESS_18aa.xlsx | COTIZACIONES___2023-2024_PIN_ARIAS_2_fddc.xlsx
AG-1657,TOYOTA,consu,Ferretería,Units,,,,False,False,False,SHARED,,,,5,,,,NEW_PRODUCT,2,5,MANUAL_REVIEW,MISSING_VALID_PRICE,NO_PRICE,,,,,,,,,toyota,COTIZACIONES__DOMINION_BUSINESS_18aa.xlsx | COTIZACIONES___2023-2024_PIN_ARIAS_2_fddc.xlsx
AG-1658,Cebolla,consu,Alimentos,Units,,,,True,False,False,PINARIA,,,,18,,,,NEW_PRODUCT,2,18,MANUAL_REVIEW,MISSING_VALID_PRICE,NO_PRICE,,,,,,,,,cebolla,COTIZACIONES__DOMINION_BUSINESS_18aa.xlsx | COTIZACIONES___2023-2024_PIN_ARIAS_2_fddc.xlsx
AG-1659,PIÑA,consu,Ferretería,Units,,,,False,False,False,SHARED,,,,19,,,,NEW_PRODUCT,2,19,MANUAL_REVIEW,MISSING_VALID_PRICE,NO_PRICE,,,,,,,,,pina,COTIZACIONES__DOMINION_BUSINESS_18aa.xlsx | COTIZACIONES___2023-2024_PIN_ARIAS_2_fddc.xlsx
AG-1660,MELON,consu,Ferretería,Units,,,,False,False,False,SHARED,,,,19,,,,NEW_PRODUCT,2,19,MANUAL_REVIEW,MISSING_VALID_PRICE,NO_PRICE,,,,,,,,,melon,COTIZACIONES__DOMINION_BUSINESS_18aa.xlsx | COTIZACIONES___2023-2024_PIN_ARIAS_2_fddc.xlsx
AG-1661,Lechoza,consu,Ferretería,Units,,,,False,False,False,SHARED,,,,18,,,,NEW_PRODUCT,2,18,MANUAL_REVIEW,MISSING_VALID_PRICE,NO_PRICE,,,,,,,,,lechoza,COTIZACIONES__DOMINION_BUSINESS_18aa.xlsx | COTIZACIONES___2023-2024_PIN_ARIAS_2_fddc.xlsx
AG-1662,SANDIA,consu,Ferretería,Units,,,,False,False,False,SHARED,,,,17,,,,NEW_PRODUCT,2,17,MANUAL_REVIEW,MISSING_VALID_PRICE,NO_PRICE,,,,,,,,,sandia,COTIZACIONES__DOMINION_BUSINESS_18aa.xlsx | COTIZACIONES___2023-2024_PIN_ARIAS_2_fddc.xlsx
AG-1663,PAPEL MOGEE FILM 18'',consu,Oficina,Units,,,,False,False,False,SHARED,,,,4,,,,NEW_PRODUCT,1,4,MANUAL_REVIEW,MISSING_VALID_PRICE,NO_PRICE,,,,,,,,,papel|mogee|film|18,COTIZACIONES__DOMINION_BUSINESS_18aa.xlsx
AG-1666,Servilleta 10/1,consu,Ferretería,Units,,,caliber=10/1,False,False,False,SHARED,,,,1,,,,NEW_PRODUCT,1,1,MANUAL_REVIEW,MISSING_VALID_PRICE,NO_PRICE,,,,,,,,,servilleta|10/1|10/1,COTIZACIONES__DOMINION_BUSINESS_18aa.xlsx
AG-1667,PAPEL FILM DE COCINA PARA Envoltura 16 PULG 6/1,consu,Oficina,Units,LG,,"size=16"" caliber=6/1",False,False,False,SHARED,,,,1,,,,NEW_PRODUCT,1,1,MANUAL_REVIEW,MISSING_VALID_PRICE,NO_PRICE,,,,,,,,,"papel|film|cocina|para|envoltura|16|pulg|6/1|6/1|16""",COTIZACIONES__DOMINION_BUSINESS_18aa.xlsx
AG-1668,VASO MOLDY Plastico # 7 50PAQ/50,consu,Ferretería,Units,,,,False,False,False,SHARED,,,,11,,,,NEW_PRODUCT,2,11,MANUAL_REVIEW,MISSING_VALID_PRICE,NO_PRICE,,,,,,,,,vaso|moldy|plastico|7|50paq/50,COTIZACIONES__DOMINION_BUSINESS_18aa.xlsx | COTIZACIONES___2023-2024_PIN_ARIAS_2_fddc.xlsx
AG-1669,VASO MOLDY Plastico # 10 50PAQ/1,consu,Ferretería,Units,,,,False,False,False,SHARED,,,,1,,,,NEW_PRODUCT,1,1,MANUAL_REVIEW,MISSING_VALID_PRICE,NO_PRICE,,,,,,,,,vaso|moldy|plastico|10|50paq/1,COTIZACIONES__DOMINION_BUSINESS_18aa.xlsx
AG-1670,Alfombra Plastica,consu,Ferretería,Units,,,,False,False,False,SHARED,,,,1,,,,NEW_PRODUCT,1,1,MANUAL_REVIEW,MISSING_VALID_PRICE,NO_PRICE,,,,,,,,,alfombra|plastica,COTIZACIONES__DOMINION_BUSINESS_18aa.xlsx
AG-1671,Cuchillo GRANDE P/picar CARNE,consu,Ferretería,Units,,,,False,False,False,SHARED,,,,1,,,,NEW_PRODUCT,1,1,MANUAL_REVIEW,MISSING_VALID_PRICE,NO_PRICE,,,,,,,,,cuchillo|grande|p/picar|carne,COTIZACIONES__DOMINION_BUSINESS_18aa.xlsx
AG-1672,Poncherita Pequeña P/fregar,consu,Ferretería,Units,,,,False,False,False,SHARED,,,,1,,,,NEW_PRODUCT,1,1,MANUAL_REVIEW,MISSING_VALID_PRICE,NO_PRICE,,,,,,,,,poncherita|pequena|p/fregar,COTIZACIONES__DOMINION_BUSINESS_18aa.xlsx
AG-1673,TAYOTA,consu,Ferretería,Units,,,,False,False,False,SHARED,,,,13,,,,NEW_PRODUCT,2,13,MANUAL_REVIEW,MISSING_VALID_PRICE,NO_PRICE,,,,,,,,,tayota,COTIZACIONES__DOMINION_BUSINESS_18aa.xlsx | COTIZACIONES___2023-2024_PIN_ARIAS_2_fddc.xlsx
AG-1674,Repollo,consu,Carnes,Units,,,,False,True,False,PINARIA,,,,15,,,,NEW_PRODUCT,2,15,MANUAL_REVIEW,MISSING_VALID_PRICE,NO_PRICE,,,,,,,,,repollo,COTIZACIONES__DOMINION_BUSINESS_18aa.xlsx | COTIZACIONES___2023-2024_PIN_ARIAS_2_fddc.xlsx
AG-1675,QUESO Mozzarella,consu,Alimentos,Units,,,,True,False,False,PINARIA,,,,2,,,,NEW_PRODUCT,1,2,MANUAL_REVIEW,MISSING_VALID_PRICE,NO_PRICE,,,,,,,,,queso|mozzarella,COTIZACIONES__DOMINION_BUSINESS_18aa.xlsx
AG-1676,Chuleta FRESCA,consu,Carnes,Units,,,,False,True,False,PINARIA,,,,36,,,,NEW_PRODUCT,2,36,MANUAL_REVIEW,MISSING_VALID_PRICE,NO_PRICE,,,,,,,,,chuleta|fresca,COTIZACIONES__DOMINION_BUSINESS_18aa.xlsx | COTIZACIONES___2023-2024_PIN_ARIAS_2_fddc.xlsx
AG-1677,CARNE MOLIDA FRESCA,consu,Ferretería,Units,,,,False,False,False,SHARED,,,,5,,,,NEW_PRODUCT,2,5,MANUAL_REVIEW,MISSING_VALID_PRICE,NO_PRICE,,,,,,,,,carne|molida|fresca,COTIZACIONES__DOMINION_BUSINESS_18aa.xlsx | COTIZACIONES___2023-2024_PIN_ARIAS_2_fddc.xlsx
AG-1678,Longaniza GRUESA,consu,Ferretería,Units,,,,False,False,False,SHARED,,,,14,,,,NEW_PRODUCT,2,14,MANUAL_REVIEW,MISSING_VALID_PRICE,NO_PRICE,,,,,,,,,longaniza|gruesa,COTIZACIONES__DOMINION_BUSINESS_18aa.xlsx | COTIZACIONES___2023-2024_PIN_ARIAS_2_fddc.xlsx
AG-1679,POLLO FRESCO,consu,Carnes,Units,,,,False,True,False,PINARIA,,,,12,,,,NEW_PRODUCT,2,12,MANUAL_REVIEW,MISSING_VALID_PRICE,NO_PRICE,,,,,,,,,pollo|fresco,COTIZACIONES__DOMINION_BUSINESS_18aa.xlsx | COTIZACIONES___2023-2024_PIN_ARIAS_2_fddc.xlsx
AG-1680,CARNE DE RES Rebanada,consu,Carnes,Units,,,,False,True,False,PINARIA,,,,13,,,,NEW_PRODUCT,2,13,MANUAL_REVIEW,MISSING_VALID_PRICE,NO_PRICE,,,,,,,,,carne|res|rebanada,COTIZACIONES__DOMINION_BUSINESS_18aa.xlsx | COTIZACIONES___2023-2024_PIN_ARIAS_2_fddc.xlsx
AG-1681,Cucharon HIERRO,consu,Ferretería,Units,,,,False,False,False,SHARED,,,,1,,,,NEW_PRODUCT,1,1,MANUAL_REVIEW,MISSING_VALID_PRICE,NO_PRICE,,,,,,,,,cucharon|hierro,COTIZACIONES__DOMINION_BUSINESS_18aa.xlsx
AG-1682,Cuchilla Licuadora OSTER,consu,Electrodomésticos,Units,Oster,,,False,False,False,SHARED,,,,1,,,,NEW_PRODUCT,1,1,MANUAL_REVIEW,MISSING_VALID_PRICE,NO_PRICE,,,,,,,,,cuchilla|licuadora|oster,COTIZACIONES__DOMINION_BUSINESS_18aa.xlsx
AG-1684,Costlla,consu,Ferretería,Units,,,,False,False,False,SHARED,,,,1,,,,NEW_PRODUCT,1,1,MANUAL_REVIEW,MISSING_VALID_PRICE,NO_PRICE,,,,,,,,,costlla,COTIZACIONES__DOMINION_BUSINESS_18aa.xlsx
AG-1685,Cucharas Bambino /plastifar 40/1,consu,Ferretería,Units,,,caliber=40/1,False,False,False,SHARED,,,,9,,,,NEW_PRODUCT,2,9,MANUAL_REVIEW,MISSING_VALID_PRICE,NO_PRICE,,,,,,,,,cucharas|bambino|/plastifar|40/1|40/1,COTIZACIONES__DOMINION_BUSINESS_18aa.xlsx | COTIZACIONES___2023-2024_PIN_ARIAS_2_fddc.xlsx
AG-1686,Colador Plastico PARA EL TE (grandes),consu,Ferretería,Units,,,,False,False,False,SHARED,,,,1,,,,NEW_PRODUCT,1,1,MANUAL_REVIEW,MISSING_VALID_PRICE,NO_PRICE,,,,,,,,,colador|plastico|para|te|grandes,COTIZACIONES__DOMINION_BUSINESS_18aa.xlsx
AG-1687,Colador Plastico PARA Espaguetis,consu,Ferretería,Units,,,,False,False,False,SHARED,,,,1,,,,NEW_PRODUCT,1,1,MANUAL_REVIEW,MISSING_VALID_PRICE,NO_PRICE,,,,,,,,,colador|plastico|para|espaguetis,COTIZACIONES__DOMINION_BUSINESS_18aa.xlsx
AG-1688,Cuchillo Pequeño,consu,Ferretería,Units,,,,False,False,False,SHARED,,,,1,,,,NEW_PRODUCT,1,1,MANUAL_REVIEW,MISSING_VALID_PRICE,NO_PRICE,,,,,,,,,cuchillo|pequeno,COTIZACIONES__DOMINION_BUSINESS_18aa.xlsx
AG-1689,Trituradora,consu,Ferretería,Units,,,,False,False,False,SHARED,,,,1,,,,NEW_PRODUCT,1,1,MANUAL_REVIEW,MISSING_VALID_PRICE,NO_PRICE,,,,,,,,,trituradora,COTIZACIONES__DOMINION_BUSINESS_18aa.xlsx
AG-1690,PAPEL FILL Evofilm STRECH FIM 17.5,consu,Oficina,Units,,,,False,False,False,SHARED,,,,4,,,,NEW_PRODUCT,1,4,MANUAL_REVIEW,MISSING_VALID_PRICE,NO_PRICE,,,,,,,,,papel|fill|evofilm|strech|fim|17.5,COTIZACIONES__DOMINION_BUSINESS_18aa.xlsx
AG-1691,CUBETA CON TAPA,consu,Ferretería,Units,,,,False,False,False,SHARED,,,,1,,,,NEW_PRODUCT,1,1,MANUAL_REVIEW,MISSING_VALID_PRICE,NO_PRICE,,,,,,,,,cubeta|tapa,COTIZACIONES__DOMINION_BUSINESS_18aa.xlsx
AG-1692,Colador Espumadera (DE FREIR),consu,Ferretería,Units,,,,False,False,False,SHARED,,,,1,,,,NEW_PRODUCT,1,1,MANUAL_REVIEW,MISSING_VALID_PRICE,NO_PRICE,,,,,,,,,colador|espumadera|freir,COTIZACIONES__DOMINION_BUSINESS_18aa.xlsx
AG-1693,UNIDAD DE Ambientador EN SPRAY,consu,Ferretería,Units,,,,False,False,False,SHARED,,,,1,,,,NEW_PRODUCT,1,1,MANUAL_REVIEW,MISSING_VALID_PRICE,NO_PRICE,,,,,,,,,unidad|ambientador|spray,COTIZACIONES__DOMINION_BUSINESS_18aa.xlsx
AG-1694,GALON DE Desinfectante Liquido CON AROMA (ALTA Calidad),consu,Limpieza,Units,,,,False,False,False,SHARED,,,,1,,,,NEW_PRODUCT,1,1,MANUAL_REVIEW,MISSING_VALID_PRICE,NO_PRICE,,,,,,,,,galon|desinfectante|liquido|aroma|alta|calidad,COTIZACIONES__DOMINION_BUSINESS_18aa.xlsx
AG-1695,GALON DE CLORO,consu,Limpieza,Units,,,,False,False,False,SHARED,,,,1,,,,NEW_PRODUCT,1,1,MANUAL_REVIEW,MISSING_VALID_PRICE,NO_PRICE,,,,,,,,,galon|cloro,COTIZACIONES__DOMINION_BUSINESS_18aa.xlsx
AG-1696,GALON DE JABON Liquido SIN AROMA,consu,Limpieza,Units,,,,False,False,False,SHARED,,,,1,,,,NEW_PRODUCT,1,1,MANUAL_REVIEW,MISSING_VALID_PRICE,NO_PRICE,,,,,,,,,galon|jabon|liquido|sin|aroma,COTIZACIONES__DOMINION_BUSINESS_18aa.xlsx
AG-1697,"FARDOS DE PAPEL Higienico PARA BAÑO BLANCO JUMBO 1,300 ROLLO 12/1 (1 PLIEGO SIN AROMA)",consu,Oficina,Units,,,caliber=12/1,False,False,False,SHARED,,,,1,,,,NEW_PRODUCT,1,1,MANUAL_REVIEW,MISSING_VALID_PRICE,NO_PRICE,,,,,,,,,fardos|papel|higienico|para|bano|blanco|jumbo|1|12/1,COTIZACIONES__DOMINION_BUSINESS_18aa.xlsx
AG-1698,"FARDOS DE PAPEL TOALLA SLIM ROLL 6/1, 500 (1 Pliegue) PARA Dispensador. (ALTA Calidad).",consu,Oficina,Units,,,caliber=6/1,False,False,False,SHARED,,,,1,,,,NEW_PRODUCT,1,1,MANUAL_REVIEW,MISSING_VALID_PRICE,NO_PRICE,,,,,,,,,fardos|papel|toalla|slim|roll|6/1|500|1|6/1,COTIZACIONES__DOMINION_BUSINESS_18aa.xlsx
AG-1699,FARDOS DE Servilletas DE MESA 500/10/1. (ALTA Calidad),consu,Mobiliario,Units,,,caliber=500/10,False,False,False,SHARED,,,,1,,,,NEW_PRODUCT,1,1,MANUAL_REVIEW,MISSING_VALID_PRICE,NO_PRICE,,,,,,,,,fardos|servilletas|mesa|500/10/1.|alta|calidad|500/10,COTIZACIONES__DOMINION_BUSINESS_18aa.xlsx
AG-1700,SACOS DE Detergente EN POLVO 30/1. (ALTA Calidad),consu,Limpieza,Units,,,caliber=30/1,False,False,False,SHARED,,,,1,,,,NEW_PRODUCT,1,1,MANUAL_REVIEW,MISSING_VALID_PRICE,NO_PRICE,,,,,,,,,sacos|detergente|polvo|30/1.|alta|calidad|30/1,COTIZACIONES__DOMINION_BUSINESS_18aa.xlsx
AG-1701,Unidades DE Piedras Perfumadoras (ALTA Calidad),consu,Ferretería,Units,,,,False,False,False,SHARED,,,,1,,,,NEW_PRODUCT,1,1,MANUAL_REVIEW,MISSING_VALID_PRICE,NO_PRICE,,,,,,,,,unidades|piedras|perfumadoras|alta|calidad,COTIZACIONES__DOMINION_BUSINESS_18aa.xlsx
AG-1702,Paquetes DE Cucharas Plasticas 40/25/1 (ALTA Calidad),consu,Ferretería,Units,,,caliber=40/25,False,False,False,SHARED,,,,1,,,,NEW_PRODUCT,1,1,MANUAL_REVIEW,MISSING_VALID_PRICE,NO_PRICE,,,,,,,,,paquetes|cucharas|plasticas|40/25/1|alta|calidad|40/25,COTIZACIONES__DOMINION_BUSINESS_18aa.xlsx
AG-1703,Paquetes DE Tenedores Plasticos 40/25/1 (ALTA Calidad),consu,Ferretería,Units,,,caliber=40/25,False,False,False,SHARED,,,,1,,,,NEW_PRODUCT,1,1,MANUAL_REVIEW,MISSING_VALID_PRICE,NO_PRICE,,,,,,,,,paquetes|tenedores|plasticos|40/25/1|alta|calidad|40/25,COTIZACIONES__DOMINION_BUSINESS_18aa.xlsx
AG-1704,Cafetera Electrica 12/TAZAS,consu,Ferretería,Units,,,,False,False,False,SHARED,,,,2,,,,NEW_PRODUCT,1,2,MANUAL_REVIEW,MISSING_VALID_PRICE,NO_PRICE,,,,,,,,,cafetera|electrica|12/tazas,COTIZACIONES__DOMINION_BUSINESS_18aa.xlsx
AG-1705,Licuadora OSTER,consu,Electrodomésticos,Units,Oster,,,False,False,False,SHARED,,,,1,,,,NEW_PRODUCT,1,1,MANUAL_REVIEW,MISSING_VALID_PRICE,NO_PRICE,,,,,,,,,licuadora|oster,COTIZACIONES__DOMINION_BUSINESS_18aa.xlsx
AG-1706,TABLA Amarilla DE PICAR,consu,Ferretería,Units,,,,False,False,False,SHARED,,,,1,,,,NEW_PRODUCT,1,1,MANUAL_REVIEW,MISSING_VALID_PRICE,NO_PRICE,,,,,,,,,tabla|amarilla|picar,COTIZACIONES__DOMINION_BUSINESS_18aa.xlsx
AG-1707,OLLA DE AXERO Innoxidable GRANDE PARA EL TE,consu,Ferretería,Units,,,,False,False,False,SHARED,,,,1,,,,NEW_PRODUCT,1,1,MANUAL_REVIEW,MISSING_VALID_PRICE,NO_PRICE,,,,,,,,,olla|axero|innoxidable|grande|para|te,COTIZACIONES__DOMINION_BUSINESS_18aa.xlsx
AG-1708,GRECA DE HIERRO 12/TAZAS,consu,Ferretería,Units,,,,False,False,False,SHARED,,,,1,,,,NEW_PRODUCT,1,1,MANUAL_REVIEW,MISSING_VALID_PRICE,NO_PRICE,,,,,,,,,greca|hierro|12/tazas,COTIZACIONES__DOMINION_BUSINESS_18aa.xlsx
AG-1709,Dispensador PAPEL FILM (maquina Del Papel Film Pastico),consu,Oficina,Units,,,,False,False,False,SHARED,,,,1,,,,NEW_PRODUCT,1,1,MANUAL_REVIEW,MISSING_VALID_PRICE,NO_PRICE,,,,,,,,,dispensador|papel|film|maquina|papel|film|pastico,COTIZACIONES__DOMINION_BUSINESS_18aa.xlsx
AG-1710,Costillita Ahumada,consu,Ferretería,Units,,,,False,False,False,SHARED,,,,1,,,,NEW_PRODUCT,1,1,MANUAL_REVIEW,MISSING_VALID_PRICE,NO_PRICE,,,,,,,,,costillita|ahumada,COTIZACIONES__DOMINION_BUSINESS_18aa.xlsx
AG-1711,VASO MOLDY Plastico # 10 50PAQ/51,consu,Ferretería,Units,,,,False,False,False,SHARED,,,,2,,,,NEW_PRODUCT,1,2,MANUAL_REVIEW,MISSING_VALID_PRICE,NO_PRICE,,,,,,,,,vaso|moldy|plastico|10|50paq/51,COTIZACIONES__DOMINION_BUSINESS_18aa.xlsx
AG-1712,Cucharon Pequeño,consu,Ferretería,Units,,,,False,False,False,SHARED,,,,1,,,,NEW_PRODUCT,1,1,MANUAL_REVIEW,MISSING_VALID_PRICE,NO_PRICE,,,,,,,,,cucharon|pequeno,COTIZACIONES__DOMINION_BUSINESS_18aa.xlsx
AG-1713,VASO DE Crystal,consu,Ferretería,Units,,,,False,False,False,SHARED,,,,1,,,,NEW_PRODUCT,1,1,MANUAL_REVIEW,MISSING_VALID_PRICE,NO_PRICE,,,,,,,,,vaso|crystal,COTIZACIONES__DOMINION_BUSINESS_18aa.xlsx
AG-1714,TAZAS DE CAFÉ BLANCA,consu,Ferretería,Units,,,,False,False,False,SHARED,,,,1,,,,NEW_PRODUCT,1,1,MANUAL_REVIEW,MISSING_VALID_PRICE,NO_PRICE,,,,,,,,,tazas|cafe|blanca,COTIZACIONES__DOMINION_BUSINESS_18aa.xlsx
AG-1715,Azucarera Pequeña,consu,Alimentos,Units,,,,True,False,False,PINARIA,,,,1,,,,NEW_PRODUCT,1,1,MANUAL_REVIEW,MISSING_VALID_PRICE,NO_PRICE,,,,,,,,,azucarera|pequena,COTIZACIONES__DOMINION_BUSINESS_18aa.xlsx
AG-1716,Bandeja CON AZA,consu,Ferretería,Units,,,,False,False,False,SHARED,,,,1,,,,NEW_PRODUCT,1,1,MANUAL_REVIEW,MISSING_VALID_PRICE,NO_PRICE,,,,,,,,,bandeja|aza,COTIZACIONES__DOMINION_BUSINESS_18aa.xlsx
AG-1717,Servilletas DE TELA MODERN HOME,consu,Ferretería,Units,,,,False,False,False,SHARED,,,,1,,,,NEW_PRODUCT,1,1,MANUAL_REVIEW,MISSING_VALID_PRICE,NO_PRICE,,,,,,,,,servilletas|tela|modern|home,COTIZACIONES__DOMINION_BUSINESS_18aa.xlsx
AG-1718,Servilleta DE BAR,consu,Ferretería,Units,,,,False,False,False,SHARED,,,,1,,,,NEW_PRODUCT,1,1,MANUAL_REVIEW,MISSING_VALID_PRICE,NO_PRICE,,,,,,,,,servilleta|bar,COTIZACIONES__DOMINION_BUSINESS_18aa.xlsx
AG-1719,Espatula DE Bizcocho DE METAL R/521005,consu,Ferretería,Units,,,,False,False,False,SHARED,,,,1,,,,NEW_PRODUCT,1,1,MANUAL_REVIEW,MISSING_VALID_PRICE,NO_PRICE,,,,,,,,,espatula|bizcocho|metal|r/521005,COTIZACIONES__DOMINION_BUSINESS_18aa.xlsx
AG-1720,PLATOS DE POSTRE 692203 19CM Bolonia BLANCO,consu,Ferretería,Units,,,,False,False,False,SHARED,,,,1,,,,NEW_PRODUCT,1,1,MANUAL_REVIEW,MISSING_VALID_PRICE,NO_PRICE,,,,,,,,,platos|postre|692203|19|cm|bolonia|blanco,COTIZACIONES__DOMINION_BUSINESS_18aa.xlsx
AG-1721,Tenedores DE POSTRE,consu,Ferretería,Units,,,,False,False,False,SHARED,,,,1,,,,NEW_PRODUCT,1,1,MANUAL_REVIEW,MISSING_VALID_PRICE,NO_PRICE,,,,,,,,,tenedores|postre,COTIZACIONES__DOMINION_BUSINESS_18aa.xlsx
AG-1722,COPAS DE Champang Brunello,consu,Ferretería,Units,,,,False,False,False,SHARED,,,,1,,,,NEW_PRODUCT,1,1,MANUAL_REVIEW,MISSING_VALID_PRICE,NO_PRICE,,,,,,,,,copas|champang|brunello,COTIZACIONES__DOMINION_BUSINESS_18aa.xlsx
AG-1723,JUEGO DE COPAS DE AGUA DE 12 PZS,consu,Ferretería,Units,,,,False,False,False,SHARED,,,,1,,,,NEW_PRODUCT,1,1,MANUAL_REVIEW,MISSING_VALID_PRICE,NO_PRICE,,,,,,,,,juego|copas|agua|12|pzs,COTIZACIONES__DOMINION_BUSINESS_18aa.xlsx
AG-1724,JUEGO DE TAZAS Completo 12 PZS,consu,Ferretería,Units,,,,False,False,False,SHARED,,,,1,,,,NEW_PRODUCT,1,1,MANUAL_REVIEW,MISSING_VALID_PRICE,NO_PRICE,,,,,,,,,juego|tazas|completo|12|pzs,COTIZACIONES__DOMINION_BUSINESS_18aa.xlsx
AG-1725,JUEGO DE Cuchara PARA CAFÉ DE 12 PZS,consu,Ferretería,Units,,,,False,False,False,SHARED,,,,1,,,,NEW_PRODUCT,1,1,MANUAL_REVIEW,MISSING_VALID_PRICE,NO_PRICE,,,,,,,,,juego|cuchara|para|cafe|12|pzs,COTIZACIONES__DOMINION_BUSINESS_18aa.xlsx
AG-1726,GRECA GRANDE DE CAFÉ 12 TAZAS Kandelo,consu,Ferretería,Units,,,,False,False,False,SHARED,,,,1,,,,NEW_PRODUCT,1,1,MANUAL_REVIEW,MISSING_VALID_PRICE,NO_PRICE,,,,,,,,,greca|grande|cafe|12|tazas|kandelo,COTIZACIONES__DOMINION_BUSINESS_18aa.xlsx
AG-1727,GRECA Pequeña DE CAFÉ 3 TAZAS IMUSA,consu,Ferretería,Units,,,,False,False,False,SHARED,,,,1,,,,NEW_PRODUCT,1,1,MANUAL_REVIEW,MISSING_VALID_PRICE,NO_PRICE,,,,,,,,,greca|pequena|cafe|3|tazas|imusa,COTIZACIONES__DOMINION_BUSINESS_18aa.xlsx
AG-1728,TERMO GRANDE PARA CAFÉ BOMBA,consu,Ferretería,Units,,,,False,False,False,SHARED,,,,1,,,,NEW_PRODUCT,1,1,MANUAL_REVIEW,MISSING_VALID_PRICE,NO_PRICE,,,,,,,,,termo|grande|para|cafe|bomba,COTIZACIONES__DOMINION_BUSINESS_18aa.xlsx
AG-1729,VASOS Mezcladores,consu,Ferretería,Units,,,,False,False,False,SHARED,,,,1,,,,NEW_PRODUCT,1,1,MANUAL_REVIEW,MISSING_VALID_PRICE,NO_PRICE,,,,,,,,,vasos|mezcladores,COTIZACIONES__DOMINION_BUSINESS_18aa.xlsx
AG-1730,Coctelera,consu,Ferretería,Units,,,,False,False,False,SHARED,,,,1,,,,NEW_PRODUCT,1,1,MANUAL_REVIEW,MISSING_VALID_PRICE,NO_PRICE,,,,,,,,,coctelera,COTIZACIONES__DOMINION_BUSINESS_18aa.xlsx
AG-1731,Cucharas Imperiales,consu,Ferretería,Units,,,,False,False,False,SHARED,,,,1,,,,NEW_PRODUCT,1,1,MANUAL_REVIEW,MISSING_VALID_PRICE,NO_PRICE,,,,,,,,,cucharas|imperiales,COTIZACIONES__DOMINION_BUSINESS_18aa.xlsx
AG-1732,SET DE Cuhillos,consu,Ferretería,Units,,,,False,False,False,SHARED,,,,1,,,,NEW_PRODUCT,1,1,MANUAL_REVIEW,MISSING_VALID_PRICE,NO_PRICE,,,,,,,,,set|cuhillos,COTIZACIONES__DOMINION_BUSINESS_18aa.xlsx
AG-1733,Colador DE Gusanillo,consu,Ferretería,Units,,,,False,False,False,SHARED,,,,1,,,,NEW_PRODUCT,1,1,MANUAL_REVIEW,MISSING_VALID_PRICE,NO_PRICE,,,,,,,,,colador|gusanillo,COTIZACIONES__DOMINION_BUSINESS_18aa.xlsx
AG-1734,VASOS Medidores DE 1 X 2 ONZAS LAUREL,consu,Ferretería,Units,,,,False,False,False,SHARED,,,,1,,,,NEW_PRODUCT,1,1,MANUAL_REVIEW,MISSING_VALID_PRICE,NO_PRICE,,,,,,,,,vasos|medidores|1|x|2|onzas|laurel,COTIZACIONES__DOMINION_BUSINESS_18aa.xlsx
AG-1735,VASOS Medidores DE 1/2 X 1 ONZAS,consu,Ferretería,Units,,,caliber=1/2,False,False,False,SHARED,,,,1,,,,NEW_PRODUCT,1,1,MANUAL_REVIEW,MISSING_VALID_PRICE,NO_PRICE,,,,,,,,,vasos|medidores|1/2|x|1|onzas|1/2,COTIZACIONES__DOMINION_BUSINESS_18aa.xlsx
AG-1736,Varitas Removedoras,consu,Ferretería,Units,,,,False,False,False,SHARED,,,,1,,,,NEW_PRODUCT,1,1,MANUAL_REVIEW,MISSING_VALID_PRICE,NO_PRICE,,,,,,,,,varitas|removedoras,COTIZACIONES__DOMINION_BUSINESS_18aa.xlsx
AG-1737,Colador DE Cuchara,consu,Ferretería,Units,,,,False,False,False,SHARED,,,,1,,,,NEW_PRODUCT,1,1,MANUAL_REVIEW,MISSING_VALID_PRICE,NO_PRICE,,,,,,,,,colador|cuchara,COTIZACIONES__DOMINION_BUSINESS_18aa.xlsx
AG-1738,Mortero O Macerador,consu,Ferretería,Units,,,,False,False,False,SHARED,,,,1,,,,NEW_PRODUCT,1,1,MANUAL_REVIEW,MISSING_VALID_PRICE,NO_PRICE,,,,,,,,,mortero|o|macerador,COTIZACIONES__DOMINION_BUSINESS_18aa.xlsx
AG-1739,Sacacorchos Destapador LAUREL,consu,Ferretería,Units,,,,False,False,False,SHARED,,,,1,,,,NEW_PRODUCT,1,1,MANUAL_REVIEW,MISSING_VALID_PRICE,NO_PRICE,,,,,,,,,sacacorchos|destapador|laurel,COTIZACIONES__DOMINION_BUSINESS_18aa.xlsx
AG-1740,Cubiteras PARA HIELO,consu,Ferretería,Units,,,,False,False,False,SHARED,,,,1,,,,NEW_PRODUCT,1,1,MANUAL_REVIEW,MISSING_VALID_PRICE,NO_PRICE,,,,,,,,,cubiteras|para|hielo,COTIZACIONES__DOMINION_BUSINESS_18aa.xlsx
AG-1741,VASOS Highball COBA,consu,Ferretería,Units,,,,False,False,False,SHARED,,,,1,,,,NEW_PRODUCT,1,1,MANUAL_REVIEW,MISSING_VALID_PRICE,NO_PRICE,,,,,,,,,vasos|highball|coba,COTIZACIONES__DOMINION_BUSINESS_18aa.xlsx
AG-1742,VASOS DE PIÑA COLADA Cristar,consu,Ferretería,Units,,,,False,False,False,SHARED,,,,1,,,,NEW_PRODUCT,1,1,MANUAL_REVIEW,MISSING_VALID_PRICE,NO_PRICE,,,,,,,,,vasos|pina|colada|cristar,COTIZACIONES__DOMINION_BUSINESS_18aa.xlsx
AG-1743,VASOS PARA TRAGOS A LA ROCA Cristar,consu,Ferretería,Units,,,,False,False,False,SHARED,,,,1,,,,NEW_PRODUCT,1,1,MANUAL_REVIEW,MISSING_VALID_PRICE,NO_PRICE,,,,,,,,,vasos|para|tragos|a|roca|cristar,COTIZACIONES__DOMINION_BUSINESS_18aa.xlsx
AG-1744,VASOS DE Malteada,consu,Ferretería,Units,,,,False,False,False,SHARED,,,,1,,,,NEW_PRODUCT,1,1,MANUAL_REVIEW,MISSING_VALID_PRICE,NO_PRICE,,,,,,,,,vasos|malteada,COTIZACIONES__DOMINION_BUSINESS_18aa.xlsx
AG-1745,COPAS DE VINO TINTO,consu,Ferretería,Units,,,,False,False,False,SHARED,,,,1,,,,NEW_PRODUCT,1,1,MANUAL_REVIEW,MISSING_VALID_PRICE,NO_PRICE,,,,,,,,,copas|vino|tinto,COTIZACIONES__DOMINION_BUSINESS_18aa.xlsx
AG-1746,COPAS DE VINO BLANCO,consu,Ferretería,Units,,,,False,False,False,SHARED,,,,1,,,,NEW_PRODUCT,1,1,MANUAL_REVIEW,MISSING_VALID_PRICE,NO_PRICE,,,,,,,,,copas|vino|blanco,COTIZACIONES__DOMINION_BUSINESS_18aa.xlsx
AG-1747,COPAS DE Aperitivos Cristar,consu,Ferretería,Units,,,,False,False,False,SHARED,,,,1,,,,NEW_PRODUCT,1,1,MANUAL_REVIEW,MISSING_VALID_PRICE,NO_PRICE,,,,,,,,,copas|aperitivos|cristar,COTIZACIONES__DOMINION_BUSINESS_18aa.xlsx
AG-1748,COPAS DE COGNAC,consu,Ferretería,Units,,,,False,False,False,SHARED,,,,1,,,,NEW_PRODUCT,1,1,MANUAL_REVIEW,MISSING_VALID_PRICE,NO_PRICE,,,,,,,,,copas|cognac,COTIZACIONES__DOMINION_BUSINESS_18aa.xlsx
AG-1749,COPAS Flautas PARA Espumantes Cristar,consu,Ferretería,Units,,,,False,False,False,SHARED,,,,1,,,,NEW_PRODUCT,1,1,MANUAL_REVIEW,MISSING_VALID_PRICE,NO_PRICE,,,,,,,,,copas|flautas|para|espumantes|cristar,COTIZACIONES__DOMINION_BUSINESS_18aa.xlsx
AG-1750,COPAS DE Margarita NADIR,consu,Ferretería,Units,,,,False,False,False,SHARED,,,,1,,,,NEW_PRODUCT,1,1,MANUAL_REVIEW,MISSING_VALID_PRICE,NO_PRICE,,,,,,,,,copas|margarita|nadir,COTIZACIONES__DOMINION_BUSINESS_18aa.xlsx
AG-1751,COPAS DE Martini NADIR,consu,Ferretería,Units,,,,False,False,False,SHARED,,,,1,,,,NEW_PRODUCT,1,1,MANUAL_REVIEW,MISSING_VALID_PRICE,NO_PRICE,,,,,,,,,copas|martini|nadir,COTIZACIONES__DOMINION_BUSINESS_18aa.xlsx
AG-1752,TABLA DE CORTE,consu,Ferretería,Units,,,,False,False,False,SHARED,,,,1,,,,NEW_PRODUCT,1,1,MANUAL_REVIEW,MISSING_VALID_PRICE,NO_PRICE,,,,,,,,,tabla|corte,COTIZACIONES__DOMINION_BUSINESS_18aa.xlsx
AG-1753,ENVASE Plastico PARA FRUTA Preparada Sunnypack,consu,Ferretería,Units,,,,False,False,False,SHARED,,,,1,,,,NEW_PRODUCT,1,1,MANUAL_REVIEW,MISSING_VALID_PRICE,NO_PRICE,,,,,,,,,envase|plastico|para|fruta|preparada|sunnypack,COTIZACIONES__DOMINION_BUSINESS_18aa.xlsx
AG-1754,Botella PARA Preparar Cocteles,consu,Ferretería,Units,,,,False,False,False,SHARED,,,,1,,,,NEW_PRODUCT,1,1,MANUAL_REVIEW,MISSING_VALID_PRICE,NO_PRICE,,,,,,,,,botella|para|preparar|cocteles,COTIZACIONES__DOMINION_BUSINESS_18aa.xlsx
AG-1755,Bandeja PARA SERVIR CAFÉ,consu,Ferretería,Units,,,,False,False,False,SHARED,,,,1,,,,NEW_PRODUCT,1,1,MANUAL_REVIEW,MISSING_VALID_PRICE,NO_PRICE,,,,,,,,,bandeja|para|servir|cafe,COTIZACIONES__DOMINION_BUSINESS_18aa.xlsx
AG-1756,TABLA PARA Embutidos ATTICO,consu,Ferretería,Units,,,,False,False,False,SHARED,,,,1,,,,NEW_PRODUCT,1,1,MANUAL_REVIEW,MISSING_VALID_PRICE,NO_PRICE,,,,,,,,,tabla|para|embutidos|attico,COTIZACIONES__DOMINION_BUSINESS_18aa.xlsx
AG-1757,Servilleteros,consu,Ferretería,Units,,,,False,False,False,SHARED,,,,1,,,,NEW_PRODUCT,1,1,MANUAL_REVIEW,MISSING_VALID_PRICE,NO_PRICE,,,,,,,,,servilleteros,COTIZACIONES__DOMINION_BUSINESS_18aa.xlsx
AG-1758,AROS DE Servilletas,consu,Ferretería,Units,,,,False,False,False,SHARED,,,,1,,,,NEW_PRODUCT,1,1,MANUAL_REVIEW,MISSING_VALID_PRICE,NO_PRICE,,,,,,,,,aros|servilletas,COTIZACIONES__DOMINION_BUSINESS_18aa.xlsx
AG-1759,MATAS ALTAS CON SUS TARROS,consu,Ferretería,Units,,,,False,False,False,SHARED,,,,1,,,,NEW_PRODUCT,1,1,MANUAL_REVIEW,MISSING_VALID_PRICE,NO_PRICE,,,,,,,,,matas|altas|sus|tarros,COTIZACIONES__DOMINION_BUSINESS_18aa.xlsx
AG-1760,STAND PARA Preparar LOS Cocteles,consu,Ferretería,Units,,,,False,False,False,SHARED,,,,1,,,,NEW_PRODUCT,1,1,MANUAL_REVIEW,MISSING_VALID_PRICE,NO_PRICE,,,,,,,,,stand|para|preparar|cocteles,COTIZACIONES__DOMINION_BUSINESS_18aa.xlsx
AG-1761,CARNE DE Cerdo/masa,consu,Carnes,Units,,,,False,True,False,PINARIA,,,,1,,,,NEW_PRODUCT,1,1,MANUAL_REVIEW,MISSING_VALID_PRICE,NO_PRICE,,,,,,,,,carne|cerdo/masa,COTIZACIONES__DOMINION_BUSINESS_18aa.xlsx
AG-1762,CARNE MOLIDA DE CERDO,consu,Ferretería,Units,,,,False,False,False,SHARED,,,,1,,,,NEW_PRODUCT,1,1,MANUAL_REVIEW,MISSING_VALID_PRICE,NO_PRICE,,,,,,,,,carne|molida|cerdo,COTIZACIONES__DOMINION_BUSINESS_18aa.xlsx
AG-1763,Pechuga DE POLLO,consu,Carnes,Units,,,,False,True,False,PINARIA,,,,8,,,,NEW_PRODUCT,2,8,MANUAL_REVIEW,MISSING_VALID_PRICE,NO_PRICE,,,,,,,,,pechuga|pollo,COTIZACIONES__DOMINION_BUSINESS_18aa.xlsx | COTIZACIONES___2023-2024_PIN_ARIAS_2_fddc.xlsx
AG-1764,Bandeja DE Aluminio Rectangular Grandes,consu,Ferretería,Units,,,,False,False,False,SHARED,,,,1,,,,NEW_PRODUCT,1,1,MANUAL_REVIEW,MISSING_VALID_PRICE,NO_PRICE,,,,,,,,,bandeja|aluminio|rectangular|grandes,COTIZACIONES__DOMINION_BUSINESS_18aa.xlsx
AG-1765,Servilletas NIVEO 500 UD/PAQ,consu,Ferretería,Units,,,,False,False,False,SHARED,,,,3,,,,NEW_PRODUCT,1,3,MANUAL_REVIEW,MISSING_VALID_PRICE,NO_PRICE,,,,,,,,,servilletas|niveo|500|ud/paq,COTIZACIONES__DOMINION_BUSINESS_18aa.xlsx
AG-1766,Frasco Ambroxol Jarabe 3mg/ml 200ml,consu,Ferretería,Units,,,,False,False,False,SHARED,,,,1,,,,NEW_PRODUCT,1,1,MANUAL_REVIEW,MISSING_VALID_PRICE,NO_PRICE,,,,,,,,,frasco|ambroxol|jarabe|3mg/ml|200ml,COTIZACIONES__DOMINION_BUSINESS_18aa.xlsx
AG-1767,Frasco Bromehixina Jarabe 3mg/ml 200ml,consu,Ferretería,Units,,,,False,False,False,SHARED,,,,1,,,,NEW_PRODUCT,1,1,MANUAL_REVIEW,MISSING_VALID_PRICE,NO_PRICE,,,,,,,,,frasco|bromehixina|jarabe|3mg/ml|200ml,COTIZACIONES__DOMINION_BUSINESS_18aa.xlsx
AG-1768,Caja De Acetaminofen- 500 Mgs. Tabletas 100/1,consu,Ferretería,Units,,,caliber=100/1,False,False,False,SHARED,,,,1,,,,NEW_PRODUCT,1,1,MANUAL_REVIEW,MISSING_VALID_PRICE,NO_PRICE,,,,,,,,,caja|acetaminofen-|500|mgs.|tabletas|100/1|100/1,COTIZACIONES__DOMINION_BUSINESS_18aa.xlsx
AG-1769,Caja Ibuprofen- 400 Mgs. Tabletas 100/1,consu,Ferretería,Units,,,caliber=100/1,False,False,False,SHARED,,,,1,,,,NEW_PRODUCT,1,1,MANUAL_REVIEW,MISSING_VALID_PRICE,NO_PRICE,,,,,,,,,caja|ibuprofen-|400|mgs.|tabletas|100/1|100/1,COTIZACIONES__DOMINION_BUSINESS_18aa.xlsx
AG-1770,Caja Diclofenac 50- Mg 50/1,consu,Ferretería,Units,,,caliber=50/1,False,False,False,SHARED,,,,1,,,,NEW_PRODUCT,1,1,MANUAL_REVIEW,MISSING_VALID_PRICE,NO_PRICE,,,,,,,,,caja|diclofenac|50-|mg|50/1|50/1,COTIZACIONES__DOMINION_BUSINESS_18aa.xlsx
AG-1771,Caja Diclofenac Ampollas 75 Mg 3ml 10/1,consu,Ferretería,Units,,,caliber=10/1,False,False,False,SHARED,,,,1,,,,NEW_PRODUCT,1,1,MANUAL_REVIEW,MISSING_VALID_PRICE,NO_PRICE,,,,,,,,,caja|diclofenac|ampollas|75|mg|3ml|10/1|10/1,COTIZACIONES__DOMINION_BUSINESS_18aa.xlsx
AG-1772,Caja Dexametasona Ampolla 8mg/2ml 10/1,consu,Ferretería,Units,,,caliber=10/1,False,False,False,SHARED,,,,1,,,,NEW_PRODUCT,1,1,MANUAL_REVIEW,MISSING_VALID_PRICE,NO_PRICE,,,,,,,,,caja|dexametasona|ampolla|8mg/2ml|10/1|10/1,COTIZACIONES__DOMINION_BUSINESS_18aa.xlsx
AG-1773,Caja Ácido Mefenamico- 500 Mgs. Tableta 10/1,consu,Ferretería,Units,,,caliber=10/1,False,False,False,SHARED,,,,1,,,,NEW_PRODUCT,1,1,MANUAL_REVIEW,MISSING_VALID_PRICE,NO_PRICE,,,,,,,,,caja|acido|mefenamico-|500|mgs.|tableta|10/1|10/1,COTIZACIONES__DOMINION_BUSINESS_18aa.xlsx
AG-1774,Caja Loratadina 200 Mgs 10/1,consu,Ferretería,Units,,,caliber=10/1,False,False,False,SHARED,,,,1,,,,NEW_PRODUCT,1,1,MANUAL_REVIEW,MISSING_VALID_PRICE,NO_PRICE,,,,,,,,,caja|loratadina|200|mgs|10/1|10/1,COTIZACIONES__DOMINION_BUSINESS_18aa.xlsx
AG-1775,Caja Difenhidramina 10/1,consu,Ferretería,Units,,,caliber=10/1,False,False,False,SHARED,,,,1,,,,NEW_PRODUCT,1,1,MANUAL_REVIEW,MISSING_VALID_PRICE,NO_PRICE,,,,,,,,,caja|difenhidramina|10/1|10/1,COTIZACIONES__DOMINION_BUSINESS_18aa.xlsx
AG-1776,Caja Difenhidramina Ampolla,consu,Ferretería,Units,,,,False,False,False,SHARED,,,,1,,,,NEW_PRODUCT,1,1,MANUAL_REVIEW,MISSING_VALID_PRICE,NO_PRICE,,,,,,,,,caja|difenhidramina|ampolla,COTIZACIONES__DOMINION_BUSINESS_18aa.xlsx
AG-1777,Caja Hidrocortisona 20 Mgs 100/1,consu,Ferretería,Units,,,caliber=100/1,False,False,False,SHARED,,,,1,,,,NEW_PRODUCT,1,1,MANUAL_REVIEW,MISSING_VALID_PRICE,NO_PRICE,,,,,,,,,caja|hidrocortisona|20|mgs|100/1|100/1,COTIZACIONES__DOMINION_BUSINESS_18aa.xlsx
AG-1778,Caja Cetirizina 10 Mgs 10/1,consu,Ferretería,Units,,,caliber=10/1,False,False,False,SHARED,,,,1,,,,NEW_PRODUCT,1,1,MANUAL_REVIEW,MISSING_VALID_PRICE,NO_PRICE,,,,,,,,,caja|cetirizina|10|mgs|10/1|10/1,COTIZACIONES__DOMINION_BUSINESS_18aa.xlsx
AG-1779,PIERNA DE CERDO DE 30 LIBRAS,consu,Ferretería,Units,,,,False,False,False,SHARED,,,,2,,,,NEW_PRODUCT,2,2,MANUAL_REVIEW,MISSING_VALID_PRICE,NO_PRICE,,,,,,,,,pierna|cerdo|30|libras,COTIZACIONES__DOMINION_BUSINESS_18aa.xlsx | COTIZACIONES___2023-2024_PIN_ARIAS_2_fddc.xlsx
AG-1780,Mondongo,consu,Ferretería,Units,,,,False,False,False,SHARED,,,,22,,,,NEW_PRODUCT,2,22,MANUAL_REVIEW,MISSING_VALID_PRICE,NO_PRICE,,,,,,,,,mondongo,COTIZACIONES__DOMINION_BUSINESS_18aa.xlsx | COTIZACIONES___2023-2024_PIN_ARIAS_2_fddc.xlsx
AG-1781,SILLA DE RUEDAS HEAVY DUTY (scmh874b),consu,Mobiliario,Units,,SCMH874B,model=SCMH874B,False,False,False,SHARED,,,,1,,,,NEW_PRODUCT,1,1,MANUAL_REVIEW,MISSING_VALID_PRICE,NO_PRICE,,,,,,,,,silla|ruedas|heavy|duty|scmh874b|SCMH874B,COTIZACIONES__DOMINION_BUSINESS_18aa.xlsx
AG-1782,Ponchera Mediana,consu,Ferretería,Units,,,,False,False,False,SHARED,,,,1,,,,NEW_PRODUCT,1,1,MANUAL_REVIEW,MISSING_VALID_PRICE,NO_PRICE,,,,,,,,,ponchera|mediana,COTIZACIONES__DOMINION_BUSINESS_18aa.xlsx
AG-1783,Cuchillo GRANDE,consu,Ferretería,Units,,,,False,False,False,SHARED,,,,1,,,,NEW_PRODUCT,1,1,MANUAL_REVIEW,MISSING_VALID_PRICE,NO_PRICE,,,,,,,,,cuchillo|grande,COTIZACIONES__DOMINION_BUSINESS_18aa.xlsx
AG-1784,HABRE LATA,consu,Ferretería,Units,,,,False,False,False,SHARED,,,,1,,,,NEW_PRODUCT,1,1,MANUAL_REVIEW,MISSING_VALID_PRICE,NO_PRICE,,,,,,,,,habre|lata,COTIZACIONES__DOMINION_BUSINESS_18aa.xlsx
AG-1785,Caldero DE Aluminio 20 LB CON TAPA DE Crystal,consu,Ferretería,Units,,,presentation=20 lb,False,False,False,SHARED,,,,1,,,,NEW_PRODUCT,1,1,MANUAL_REVIEW,MISSING_VALID_PRICE,NO_PRICE,,,,,,,,,caldero|aluminio|20|lb|tapa|crystal|20 lb,COTIZACIONES__DOMINION_BUSINESS_18aa.xlsx
AG-1786,Contenedor DE BASURA Polietileno ALTA Densidad 200 LT COLOR GRIS,consu,Ferretería,Units,,,,False,False,False,SHARED,,,,1,,,,NEW_PRODUCT,1,1,MANUAL_REVIEW,MISSING_VALID_PRICE,NO_PRICE,,,,,,,,,contenedor|basura|polietileno|alta|densidad|200|lt|color,COTIZACIONES__DOMINION_BUSINESS_18aa.xlsx
AG-1787,Archivo Arcordeon 9x12,consu,Ferretería,Units,,,,False,False,False,SHARED,,,,1,,,,NEW_PRODUCT,1,1,MANUAL_REVIEW,MISSING_VALID_PRICE,NO_PRICE,,,,,,,,,archivo|arcordeon|9x12,COTIZACIONES__DOMINION_BUSINESS_18aa.xlsx
AG-1788,RESMA DE PAPEL Ofi-nota CARTA 8 1/2 X11 IN,consu,Oficina,Units,,,caliber=1/2,False,False,False,SHARED,,,,1,,,,NEW_PRODUCT,1,1,MANUAL_REVIEW,MISSING_VALID_PRICE,NO_PRICE,,,,,,,,,resma|papel|ofi-nota|carta|8|1/2|x11|in|1/2,COTIZACIONES__DOMINION_BUSINESS_18aa.xlsx
AG-1789,Costilita,consu,Ferretería,Units,,,,False,False,False,SHARED,,,,2,,,,NEW_PRODUCT,1,2,MANUAL_REVIEW,MISSING_VALID_PRICE,NO_PRICE,,,,,,,,,costilita,COTIZACIONES__DOMINION_BUSINESS_18aa.xlsx
AG-1790,Arenque,consu,Ferretería,Units,,,,False,False,False,SHARED,,,,1,,,,NEW_PRODUCT,1,1,MANUAL_REVIEW,MISSING_VALID_PRICE,NO_PRICE,,,,,,,,,arenque,COTIZACIONES__DOMINION_BUSINESS_18aa.xlsx
AG-1791,Bacalao CON ESPINA,consu,Carnes,Units,,,,False,True,False,PINARIA,,,,12,,,,NEW_PRODUCT,2,12,MANUAL_REVIEW,MISSING_VALID_PRICE,NO_PRICE,,,,,,,,,bacalao|espina,COTIZACIONES__DOMINION_BUSINESS_18aa.xlsx | COTIZACIONES___2023-2024_PIN_ARIAS_2_fddc.xlsx
AG-1792,Miniprocesador DE Alimentos 3 TAZAS OSTER,consu,Ferretería,Units,Oster,,,False,False,False,SHARED,,,,1,,,,NEW_PRODUCT,1,1,MANUAL_REVIEW,MISSING_VALID_PRICE,NO_PRICE,,,,,,,,,miniprocesador|alimentos|3|tazas|oster,COTIZACIONES__DOMINION_BUSINESS_18aa.xlsx
AG-1793,VASO 4 OZ Poccasion BLANCO 1000 Uds,consu,Ferretería,Units,,,,False,False,False,SHARED,,,,1,,,,NEW_PRODUCT,1,1,MANUAL_REVIEW,MISSING_VALID_PRICE,NO_PRICE,,,,,,,,,vaso|4|oz|poccasion|blanco|1000|uds,COTIZACIONES__DOMINION_BUSINESS_18aa.xlsx
AG-1794,MANTEL BLANCO 152x259 Cm,consu,Ferretería,Units,,,,False,False,False,SHARED,,,,1,,,,NEW_PRODUCT,1,1,MANUAL_REVIEW,MISSING_VALID_PRICE,NO_PRICE,,,,,,,,,mantel|blanco|152x259|cm,COTIZACIONES__DOMINION_BUSINESS_18aa.xlsx
AG-1795,SARTEN Antiadhente COLOR NEGRO MATE 24CM FREE HOME,consu,Ferretería,Units,,,,False,False,False,SHARED,,,,1,,,,NEW_PRODUCT,1,1,MANUAL_REVIEW,MISSING_VALID_PRICE,NO_PRICE,,,,,,,,,sarten|antiadhente|color|negro|mate|24|cm|free,COTIZACIONES__DOMINION_BUSINESS_18aa.xlsx
AG-1796,OLLA EN ACERO Inoxidable Armatura BASIC 16CM.,consu,Ferretería,Units,,,,False,False,False,SHARED,,,,1,,,,NEW_PRODUCT,1,1,MANUAL_REVIEW,MISSING_VALID_PRICE,NO_PRICE,,,,,,,,,olla|acero|inoxidable|armatura|basic|16|cm.,COTIZACIONES__DOMINION_BUSINESS_18aa.xlsx
AG-1797,VASO MOLDY Plastico # 10 50PAQ/50,consu,Ferretería,Units,,,,False,False,False,SHARED,,,,1,,,,NEW_PRODUCT,1,1,MANUAL_REVIEW,MISSING_VALID_PRICE,NO_PRICE,,,,,,,,,vaso|moldy|plastico|10|50paq/50,COTIZACIONES__DOMINION_BUSINESS_18aa.xlsx
AG-1798,VASO 4 OZ Plasticos 1000 Uds,consu,Ferretería,Units,,,,False,False,False,SHARED,,,,1,,,,NEW_PRODUCT,1,1,MANUAL_REVIEW,MISSING_VALID_PRICE,NO_PRICE,,,,,,,,,vaso|4|oz|plasticos|1000|uds,COTIZACIONES__DOMINION_BUSINESS_18aa.xlsx
AG-1799,"Canastilla PEQ BABY Sencilla , Articulos: Toalla, Enterizo, Franela, SET DE Medias,",consu,Limpieza,Units,,,,False,False,False,SHARED,,,,3,,,,NEW_PRODUCT,1,3,MANUAL_REVIEW,MISSING_VALID_PRICE,NO_PRICE,,,,,,,,,canastilla|peq|baby|sencilla|articulos|toalla|enterizo|franela,COTIZACIONES__DOMINION_BUSINESS_18aa.xlsx
AG-1800,CAJAS Plasticas DE Almacenamiento Transparente C/TAPA,consu,Ferretería,Units,,,,False,False,False,SHARED,,,,2,,,,NEW_PRODUCT,2,2,MANUAL_REVIEW,MISSING_VALID_PRICE,NO_PRICE,,,,,,,,,cajas|plasticas|almacenamiento|transparente|c/tapa,COTIZACIONES__DOMINION_BUSINESS_18aa.xlsx | COTIZACIONES___2023-2024_PIN_ARIAS_2_fddc.xlsx
AG-1801,FILETE DE RES,consu,Ferretería,Units,,,,False,False,False,SHARED,,,,5,,,,NEW_PRODUCT,2,5,MANUAL_REVIEW,MISSING_VALID_PRICE,NO_PRICE,,,,,,,,,filete|res,COTIZACIONES__DOMINION_BUSINESS_18aa.xlsx | COTIZACIONES___2023-2024_PIN_ARIAS_2_fddc.xlsx
AG-1802,MUSLOS DE POLLO FRESCO,consu,Carnes,Units,,,,False,True,False,PINARIA,,,,4,,,,NEW_PRODUCT,1,4,MANUAL_REVIEW,MISSING_VALID_PRICE,NO_PRICE,,,,,,,,,muslos|pollo|fresco,COTIZACIONES__DOMINION_BUSINESS_18aa.xlsx
AG-1803,Pechuga DE POLLO Deshuesada,consu,Carnes,Units,,,,False,True,False,PINARIA,,,,6,,,,NEW_PRODUCT,1,6,MANUAL_REVIEW,MISSING_VALID_PRICE,NO_PRICE,,,,,,,,,pechuga|pollo|deshuesada,COTIZACIONES__DOMINION_BUSINESS_18aa.xlsx
AG-1804,FILETE DE CERDO,consu,Ferretería,Units,,,,False,False,False,SHARED,,,,4,,,,NEW_PRODUCT,1,4,MANUAL_REVIEW,MISSING_VALID_PRICE,NO_PRICE,,,,,,,,,filete|cerdo,COTIZACIONES__DOMINION_BUSINESS_18aa.xlsx
AG-1805,HUEVOS CARTON 30/1,consu,Alimentos,Units,,,caliber=30/1,True,False,False,PINARIA,,,,4,,,,NEW_PRODUCT,1,4,MANUAL_REVIEW,MISSING_VALID_PRICE,NO_PRICE,,,,,,,,,huevos|carton|30/1|30/1,COTIZACIONES__DOMINION_BUSINESS_18aa.xlsx
AG-1806,AZUCAR CREMA,consu,Alimentos,Units,,,,True,False,False,PINARIA,,,,3,,,,NEW_PRODUCT,2,3,MANUAL_REVIEW,MISSING_VALID_PRICE,NO_PRICE,,,,,,,,,azucar|crema,COTIZACIONES__DOMINION_BUSINESS_18aa.xlsx | COTIZACIONES___2023-2024_PIN_ARIAS_2_fddc.xlsx
AG-1807,CAFÉ SANTO Domingo 1 LB,consu,Ferretería,Units,,,presentation=1 lb,False,False,False,SHARED,,,,6,,,,NEW_PRODUCT,1,6,MANUAL_REVIEW,MISSING_VALID_PRICE,NO_PRICE,,,,,,,,,cafe|santo|domingo|1|lb|1 lb,COTIZACIONES__DOMINION_BUSINESS_18aa.xlsx
AG-1808,Chocolate Embajador 10/1,consu,Ferretería,Units,,,caliber=10/1,False,False,False,SHARED,,,,2,,,,NEW_PRODUCT,1,2,MANUAL_REVIEW,MISSING_VALID_PRICE,NO_PRICE,,,,,,,,,chocolate|embajador|10/1|10/1,COTIZACIONES__DOMINION_BUSINESS_18aa.xlsx
AG-1809,NETAR DE Manzana CARTON 6.8 OZ,consu,Ferretería,Units,,,,False,False,False,SHARED,,,,2,,,,NEW_PRODUCT,1,2,MANUAL_REVIEW,MISSING_VALID_PRICE,NO_PRICE,,,,,,,,,netar|manzana|carton|6.8|oz,COTIZACIONES__DOMINION_BUSINESS_18aa.xlsx
AG-1810,LECHE ENTERA Listamilk 1 LT,consu,Alimentos,Units,,,,True,False,False,PINARIA,,,,5,,,,NEW_PRODUCT,1,5,MANUAL_REVIEW,MISSING_VALID_PRICE,NO_PRICE,,,,,,,,,leche|entera|listamilk|1|lt,COTIZACIONES__DOMINION_BUSINESS_18aa.xlsx
AG-1811,LECHE Carnation 312 G,consu,Alimentos,Units,,,,True,False,False,PINARIA,,,,2,,,,NEW_PRODUCT,1,2,MANUAL_REVIEW,MISSING_VALID_PRICE,NO_PRICE,,,,,,,,,leche|carnation|312|g,COTIZACIONES__DOMINION_BUSINESS_18aa.xlsx
AG-1812,LECHE DE COCO,consu,Alimentos,Units,,,,True,False,False,PINARIA,,,,3,,,,NEW_PRODUCT,2,3,MANUAL_REVIEW,MISSING_VALID_PRICE,NO_PRICE,,,,,,,,,leche|coco,COTIZACIONES__DOMINION_BUSINESS_18aa.xlsx | COTIZACIONES___2023-2024_PIN_ARIAS_2_fddc.xlsx
AG-1813,Mayonesa BALDON GALON 1GL,consu,Alimentos,Units,,,presentation=1 gl,True,False,False,PINARIA,,,,5,,,,NEW_PRODUCT,1,5,MANUAL_REVIEW,MISSING_VALID_PRICE,NO_PRICE,,,,,,,,,mayonesa|baldon|galon|1|gal|1 gl,COTIZACIONES__DOMINION_BUSINESS_18aa.xlsx
AG-1814,Margarina 5LB,consu,Ferretería,Units,,,presentation=5 lb,False,False,False,SHARED,,,,5,,,,NEW_PRODUCT,1,5,MANUAL_REVIEW,MISSING_VALID_PRICE,NO_PRICE,,,,,,,,,margarina|5|lb|5 lb,COTIZACIONES__DOMINION_BUSINESS_18aa.xlsx
AG-1815,ARROZ CAMPO Premiun SACO 50LB,consu,Alimentos,Units,,,presentation=50 lb,True,False,False,PINARIA,,,,5,,,,NEW_PRODUCT,1,5,MANUAL_REVIEW,MISSING_VALID_PRICE,NO_PRICE,,,,,,,,,arroz|campo|premiun|saco|50|lb|50 lb,COTIZACIONES__DOMINION_BUSINESS_18aa.xlsx
AG-1816,ACEITE CRISOL 7.37LT/ 250 OZ,consu,Ferretería,Units,,,,False,False,False,SHARED,,,,2,,,,NEW_PRODUCT,1,2,MANUAL_REVIEW,MISSING_VALID_PRICE,NO_PRICE,,,,,,,,,aceite|crisol|7.37lt/|250|oz,COTIZACIONES__DOMINION_BUSINESS_18aa.xlsx
AG-1817,ACEITE VERDE FIGARO 1 LT,consu,Ferretería,Units,,,,False,False,False,SHARED,,,,2,,,,NEW_PRODUCT,1,2,MANUAL_REVIEW,MISSING_VALID_PRICE,NO_PRICE,,,,,,,,,aceite|verde|figaro|1|lt,COTIZACIONES__DOMINION_BUSINESS_18aa.xlsx
AG-1818,TUNA CHERRY STAR ACEITE TROZO 48/1 OZ,consu,Ferretería,Units,,,caliber=48/1,False,False,False,SHARED,,,,2,,,,NEW_PRODUCT,1,2,MANUAL_REVIEW,MISSING_VALID_PRICE,NO_PRICE,,,,,,,,,tuna|cherry|star|aceite|trozo|48/1|oz|48/1,COTIZACIONES__DOMINION_BUSINESS_18aa.xlsx
AG-1819,Espaguetis,consu,Ferretería,Units,,,,False,False,False,SHARED,,,,3,,,,NEW_PRODUCT,2,3,MANUAL_REVIEW,MISSING_VALID_PRICE,NO_PRICE,,,,,,,,,espaguetis,COTIZACIONES__DOMINION_BUSINESS_18aa.xlsx | COTIZACIONES___2023-2024_PIN_ARIAS_2_fddc.xlsx
AG-1820,FIDEOS FINOS MILANO,consu,Ferretería,Units,,,,False,False,False,SHARED,,,,5,,,,NEW_PRODUCT,1,5,MANUAL_REVIEW,MISSING_VALID_PRICE,NO_PRICE,,,,,,,,,fideos|finos|milano,COTIZACIONES__DOMINION_BUSINESS_18aa.xlsx
AG-1821,CODITO MILANO,consu,Ferretería,Units,,,,False,False,False,SHARED,,,,2,,,,NEW_PRODUCT,1,2,MANUAL_REVIEW,MISSING_VALID_PRICE,NO_PRICE,,,,,,,,,codito|milano,COTIZACIONES__DOMINION_BUSINESS_18aa.xlsx
AG-1822,Vinagre BALDON Ranchero 110 OZ,consu,Ferretería,Units,,,,False,False,False,SHARED,,,,2,,,,NEW_PRODUCT,1,2,MANUAL_REVIEW,MISSING_VALID_PRICE,NO_PRICE,,,,,,,,,vinagre|baldon|ranchero|110|oz,COTIZACIONES__DOMINION_BUSINESS_18aa.xlsx
AG-1823,Vinagre BALDON Ranchero BLANCO 110 OZ,consu,Ferretería,Units,,,,False,False,False,SHARED,,,,5,,,,NEW_PRODUCT,1,5,MANUAL_REVIEW,MISSING_VALID_PRICE,NO_PRICE,,,,,,,,,vinagre|baldon|ranchero|blanco|110|oz,COTIZACIONES__DOMINION_BUSINESS_18aa.xlsx
AG-1824,SAL Refrisal 5LB,consu,Ferretería,Units,,,presentation=5 lb,False,False,False,SHARED,,,,5,,,,NEW_PRODUCT,1,5,MANUAL_REVIEW,MISSING_VALID_PRICE,NO_PRICE,,,,,,,,,sal|refrisal|5|lb|5 lb,COTIZACIONES__DOMINION_BUSINESS_18aa.xlsx
AG-1825,Galleta DE SODA HATUEY 20/1,consu,Ferretería,Units,,,caliber=20/1,False,False,False,SHARED,,,,5,,,,NEW_PRODUCT,1,5,MANUAL_REVIEW,MISSING_VALID_PRICE,NO_PRICE,,,,,,,,,galleta|soda|hatuey|20/1|20/1,COTIZACIONES__DOMINION_BUSINESS_18aa.xlsx
AG-1826,CALDO DE POLLO MAGGIE,consu,Carnes,Units,,,,False,True,False,PINARIA,,,,5,,,,NEW_PRODUCT,1,5,MANUAL_REVIEW,MISSING_VALID_PRICE,NO_PRICE,,,,,,,,,caldo|pollo|maggie,COTIZACIONES__DOMINION_BUSINESS_18aa.xlsx
AG-1827,AVENA ENTERA QUAKER FDA 20/1,consu,Ferretería,Units,,,caliber=20/1,False,False,False,SHARED,,,,1,,,,NEW_PRODUCT,1,1,MANUAL_REVIEW,MISSING_VALID_PRICE,NO_PRICE,,,,,,,,,avena|entera|quaker|fda|20/1|20/1,COTIZACIONES__DOMINION_BUSINESS_18aa.xlsx
AG-1828,PAN Integral Familiar Lumijor 30 ONZ,consu,Ferretería,Units,,,,False,False,False,SHARED,,,,2,,,,NEW_PRODUCT,1,2,MANUAL_REVIEW,MISSING_VALID_PRICE,NO_PRICE,,,,,,,,,pan|integral|familiar|lumijor|30|onz,COTIZACIONES__DOMINION_BUSINESS_18aa.xlsx
AG-1829,HARINA DE MAIZ Mazorca 14 ONZ,consu,Alimentos,Units,,,,True,False,False,PINARIA,,,,5,,,,NEW_PRODUCT,1,5,MANUAL_REVIEW,MISSING_VALID_PRICE,NO_PRICE,,,,,,,,,harina|maiz|mazorca|14|onz,COTIZACIONES__DOMINION_BUSINESS_18aa.xlsx
AG-1830,HARINA DE TRIGO MILANO 2LB,consu,Alimentos,Units,,,presentation=2 lb,True,False,False,PINARIA,,,,2,,,,NEW_PRODUCT,1,2,MANUAL_REVIEW,MISSING_VALID_PRICE,NO_PRICE,,,,,,,,,harina|trigo|milano|2|lb|2 lb,COTIZACIONES__DOMINION_BUSINESS_18aa.xlsx
AG-1831,JUGO Concentrado (sabores Variados),consu,Ferretería,Units,,,,False,False,False,SHARED,,,,2,,,,NEW_PRODUCT,1,2,MANUAL_REVIEW,MISSING_VALID_PRICE,NO_PRICE,,,,,,,,,jugo|concentrado|sabores|variados,COTIZACIONES__DOMINION_BUSINESS_18aa.xlsx
AG-1832,HARINA DEL Negrito DE 16 OZ,consu,Alimentos,Units,,,,True,False,False,PINARIA,,,,2,,,,NEW_PRODUCT,1,2,MANUAL_REVIEW,MISSING_VALID_PRICE,NO_PRICE,,,,,,,,,harina|negrito|16|oz,COTIZACIONES__DOMINION_BUSINESS_18aa.xlsx
AG-1833,Maicena DE 425G DURYEA,consu,Ferretería,Units,,,,False,False,False,SHARED,,,,2,,,,NEW_PRODUCT,1,2,MANUAL_REVIEW,MISSING_VALID_PRICE,NO_PRICE,,,,,,,,,maicena|425g|duryea,COTIZACIONES__DOMINION_BUSINESS_18aa.xlsx
AG-1834,MAIZ DULCE LA FAMOSA 15 OZ,consu,Ferretería,Units,,,,False,False,False,SHARED,,,,5,,,,NEW_PRODUCT,1,5,MANUAL_REVIEW,MISSING_VALID_PRICE,NO_PRICE,,,,,,,,,maiz|dulce|famosa|15|oz,COTIZACIONES__DOMINION_BUSINESS_18aa.xlsx
AG-1835,Compota HEINZ 113G,consu,Ferretería,Units,,,,False,False,False,SHARED,,,,2,,,,NEW_PRODUCT,1,2,MANUAL_REVIEW,MISSING_VALID_PRICE,NO_PRICE,,,,,,,,,compota|heinz|113g,COTIZACIONES__DOMINION_BUSINESS_18aa.xlsx
AG-1836,SALSA CHINA Ranchero P/chofan 3060 ML,consu,Ferretería,Units,,,,False,False,False,SHARED,,,,2,,,,NEW_PRODUCT,1,2,MANUAL_REVIEW,MISSING_VALID_PRICE,NO_PRICE,,,,,,,,,salsa|china|ranchero|p/chofan|3060|ml,COTIZACIONES__DOMINION_BUSINESS_18aa.xlsx
AG-1837,Guandule VERDE LA FAMOSA 15 OZ,consu,Ferretería,Units,,,,False,False,False,SHARED,,,,2,,,,NEW_PRODUCT,1,2,MANUAL_REVIEW,MISSING_VALID_PRICE,NO_PRICE,,,,,,,,,guandule|verde|famosa|15|oz,COTIZACIONES__DOMINION_BUSINESS_18aa.xlsx
AG-1838,Gelatina 0.44 OZ,consu,Ferretería,Units,,,,False,False,False,SHARED,,,,2,,,,NEW_PRODUCT,1,2,MANUAL_REVIEW,MISSING_VALID_PRICE,NO_PRICE,,,,,,,,,gelatina|0.44|oz,COTIZACIONES__DOMINION_BUSINESS_18aa.xlsx
AG-1839,AVENA ENTERA QUAKER FDA 300g,consu,Ferretería,Units,,,,False,False,False,SHARED,,,,1,,,,NEW_PRODUCT,1,1,MANUAL_REVIEW,MISSING_VALID_PRICE,NO_PRICE,,,,,,,,,avena|entera|quaker|fda|300g,COTIZACIONES__DOMINION_BUSINESS_18aa.xlsx
AG-1840,AZUCAR CREMA 5LB,consu,Alimentos,Units,,,presentation=5 lb,True,False,False,PINARIA,,,,1,,,,NEW_PRODUCT,1,1,MANUAL_REVIEW,MISSING_VALID_PRICE,NO_PRICE,,,,,,,,,azucar|crema|5|lb|5 lb,COTIZACIONES__DOMINION_BUSINESS_18aa.xlsx
AG-1841,Cremora Country BARN COFFE CREAM 35OZ,consu,Ferretería,Units,,,,False,False,False,SHARED,,,,1,,,,NEW_PRODUCT,1,1,MANUAL_REVIEW,MISSING_VALID_PRICE,NO_PRICE,,,,,,,,,cremora|country|barn|coffe|cream|35oz,COTIZACIONES__DOMINION_BUSINESS_18aa.xlsx
AG-1842,TE DE Manzanilla CON MENTA Mansasul 10/1,consu,Ferretería,Units,,,caliber=10/1,False,False,False,SHARED,,,,1,,,,NEW_PRODUCT,1,1,MANUAL_REVIEW,MISSING_VALID_PRICE,NO_PRICE,,,,,,,,,te|manzanilla|menta|mansasul|10/1|10/1,COTIZACIONES__DOMINION_BUSINESS_18aa.xlsx
AG-1843,LIPTON TE FRIO 23.6 OZ,consu,Ferretería,Units,,,,False,False,False,SHARED,,,,1,,,,NEW_PRODUCT,1,1,MANUAL_REVIEW,MISSING_VALID_PRICE,NO_PRICE,,,,,,,,,lipton|te|frio|23.6|oz,COTIZACIONES__DOMINION_BUSINESS_18aa.xlsx
AG-1844,Endulzante Splenda 50/1,consu,Ferretería,Units,,,caliber=50/1,False,False,False,SHARED,,,,1,,,,NEW_PRODUCT,1,1,MANUAL_REVIEW,MISSING_VALID_PRICE,NO_PRICE,,,,,,,,,endulzante|splenda|50/1|50/1,COTIZACIONES__DOMINION_BUSINESS_18aa.xlsx
AG-1845,DOLCE GUSTO Cortadito Nescafe 16/1,consu,Ferretería,Units,,,caliber=16/1,False,False,False,SHARED,,,,1,,,,NEW_PRODUCT,1,1,MANUAL_REVIEW,MISSING_VALID_PRICE,NO_PRICE,,,,,,,,,dolce|gusto|cortadito|nescafe|16/1|16/1,COTIZACIONES__DOMINION_BUSINESS_18aa.xlsx
AG-1846,"Azucarera EN Porcelana BLANCA C/TAPA 2.75"" X 3.14''",consu,Alimentos,Units,,,"size=2.75""",True,False,False,PINARIA,,,,2,,,,NEW_PRODUCT,1,2,MANUAL_REVIEW,MISSING_VALID_PRICE,NO_PRICE,,,,,,,,,"azucarera|porcelana|blanca|c/tapa|2.75""|x|3.14|2.75""",COTIZACIONES__DOMINION_BUSINESS_18aa.xlsx
AG-1847,SET 6 PZS DE COPAS DE AGUA 580ML Crystal Bohemia,consu,Ferretería,Units,,,,False,False,False,SHARED,,,,1,,,,NEW_PRODUCT,1,1,MANUAL_REVIEW,MISSING_VALID_PRICE,NO_PRICE,,,,,,,,,set|6|pzs|copas|agua|580ml|crystal|bohemia,COTIZACIONES__DOMINION_BUSINESS_18aa.xlsx
AG-1848,Cuchara P/CAFÉ ACERO Inoxidable 6/1,consu,Ferretería,Units,,,caliber=6/1,False,False,False,SHARED,,,,1,,,,NEW_PRODUCT,1,1,MANUAL_REVIEW,MISSING_VALID_PRICE,NO_PRICE,,,,,,,,,cuchara|p/cafe|acero|inoxidable|6/1|6/1,COTIZACIONES__DOMINION_BUSINESS_18aa.xlsx
AG-1849,TAZAS DE CAFÉ Y TE DE 7 OZ C/plato,consu,Ferretería,Units,,,,False,False,False,SHARED,,,,1,,,,NEW_PRODUCT,1,1,MANUAL_REVIEW,MISSING_VALID_PRICE,NO_PRICE,,,,,,,,,tazas|cafe|te|7|oz|c/plato,COTIZACIONES__DOMINION_BUSINESS_18aa.xlsx
AG-1850,TAZA C/plato Espress 120CC HAUS Raindrop,consu,Ferretería,Units,,,,False,False,False,SHARED,,,,1,,,,NEW_PRODUCT,1,1,MANUAL_REVIEW,MISSING_VALID_PRICE,NO_PRICE,,,,,,,,,taza|c/plato|espress|120cc|haus|raindrop,COTIZACIONES__DOMINION_BUSINESS_18aa.xlsx
AG-1851,SLIM TERMO P/CAFÉ 0.7 LT,consu,Ferretería,Units,,,,False,False,False,SHARED,,,,1,,,,NEW_PRODUCT,1,1,MANUAL_REVIEW,MISSING_VALID_PRICE,NO_PRICE,,,,,,,,,slim|termo|p/cafe|0.7|lt,COTIZACIONES__DOMINION_BUSINESS_18aa.xlsx
AG-1852,TERMO NOVO ACERO Inoxidable 1.9 LT,consu,Ferretería,Units,,,,False,False,False,SHARED,,,,1,,,,NEW_PRODUCT,1,1,MANUAL_REVIEW,MISSING_VALID_PRICE,NO_PRICE,,,,,,,,,termo|novo|acero|inoxidable|1.9|lt,COTIZACIONES__DOMINION_BUSINESS_18aa.xlsx
AG-1853,IGLOO TERMO SEAT TOP AZUL 5 GL,consu,Ferretería,Units,,,presentation=5 gl,False,False,False,SHARED,,,,1,,,,NEW_PRODUCT,1,1,MANUAL_REVIEW,MISSING_VALID_PRICE,NO_PRICE,,,,,,,,,igloo|termo|seat|top|azul|5|gal|5 gl,COTIZACIONES__DOMINION_BUSINESS_18aa.xlsx
AG-1854,IMUSA TALENT JUEGO DE OLLAS ALUM Antiadh DE 11 PZA,consu,Ferretería,Units,,,,False,False,False,SHARED,,,,1,,,,NEW_PRODUCT,1,1,MANUAL_REVIEW,MISSING_VALID_PRICE,NO_PRICE,,,,,,,,,imusa|talent|juego|ollas|alum|antiadh|11|pza,COTIZACIONES__DOMINION_BUSINESS_18aa.xlsx
AG-1855,Dispensador DE Bebidas HAUS C/ BASE 6LT,consu,Ferretería,Units,,,,False,False,False,SHARED,,,,1,,,,NEW_PRODUCT,1,1,MANUAL_REVIEW,MISSING_VALID_PRICE,NO_PRICE,,,,,,,,,dispensador|bebidas|haus|c/|base|6lt,COTIZACIONES__DOMINION_BUSINESS_18aa.xlsx
AG-1856,P/HIG Gaviota JUMBO ROLL 325' 2C 1/12,consu,Ferretería,Units,,,caliber=1/12,False,False,False,SHARED,,,,1,,,,NEW_PRODUCT,1,1,MANUAL_REVIEW,MISSING_VALID_PRICE,NO_PRICE,,,,,,,,,p/hig|gaviota|jumbo|roll|325|2c|1/12|1/12,COTIZACIONES__DOMINION_BUSINESS_18aa.xlsx
AG-1857,PAPEL TOALLA 6/1,consu,Oficina,Units,,,caliber=6/1,False,False,False,SHARED,,,,1,,,,NEW_PRODUCT,1,1,MANUAL_REVIEW,MISSING_VALID_PRICE,NO_PRICE,,,,,,,,,papel|toalla|6/1|6/1,COTIZACIONES__DOMINION_BUSINESS_18aa.xlsx
AG-1858,Ambientador Aerosol 8OZ,consu,Ferretería,Units,,,,False,False,False,SHARED,,,,1,,,,NEW_PRODUCT,1,1,MANUAL_REVIEW,MISSING_VALID_PRICE,NO_PRICE,,,,,,,,,ambientador|aerosol|8oz,COTIZACIONES__DOMINION_BUSINESS_18aa.xlsx
AG-1859,Desifec.p/pisos,consu,Ferretería,Units,,,,False,False,False,SHARED,,,,1,,,,NEW_PRODUCT,1,1,MANUAL_REVIEW,MISSING_VALID_PRICE,NO_PRICE,,,,,,,,,desifec.p/pisos,COTIZACIONES__DOMINION_BUSINESS_18aa.xlsx
AG-1860,TERMO IGLOO ORANGE C/DISP 10GL.,consu,Ferretería,Units,,,presentation=10 gl,False,False,False,SHARED,,,,1,,,,NEW_PRODUCT,1,1,MANUAL_REVIEW,MISSING_VALID_PRICE,NO_PRICE,,,,,,,,,termo|igloo|orange|c/disp|10|gal.|10 gl,COTIZACIONES__DOMINION_BUSINESS_18aa.xlsx
AG-1861,Servilletas NIVEO 500/1,consu,Ferretería,Units,,,caliber=500/1,False,False,False,SHARED,,,,1,,,,NEW_PRODUCT,1,1,MANUAL_REVIEW,MISSING_VALID_PRICE,NO_PRICE,,,,,,,,,servilletas|niveo|500/1|500/1,COTIZACIONES__DOMINION_BUSINESS_18aa.xlsx
AG-1862,TOALLA Microfibra,consu,Ferretería,Units,,,,False,False,False,SHARED,,,,1,,,,NEW_PRODUCT,1,1,MANUAL_REVIEW,MISSING_VALID_PRICE,NO_PRICE,,,,,,,,,toalla|microfibra,COTIZACIONES__DOMINION_BUSINESS_18aa.xlsx
AG-1863,LIMPIA Cristales GL,consu,Ferretería,Units,,,,False,False,False,SHARED,,,,1,,,,NEW_PRODUCT,1,1,MANUAL_REVIEW,MISSING_VALID_PRICE,NO_PRICE,,,,,,,,,limpia|cristales|gal,COTIZACIONES__DOMINION_BUSINESS_18aa.xlsx
AG-1864,Ambientador GLADE 6.2 OZ P/DISP Automatico,consu,Ferretería,Units,,,,False,False,False,SHARED,,,,1,,,,NEW_PRODUCT,1,1,MANUAL_REVIEW,MISSING_VALID_PRICE,NO_PRICE,,,,,,,,,ambientador|glade|6.2|oz|p/disp|automatico,COTIZACIONES__DOMINION_BUSINESS_18aa.xlsx
AG-1865,JABON EN BOLA Bolazul GRANDE 4/1,consu,Limpieza,Units,,,caliber=4/1,False,False,False,SHARED,,,,1,,,,NEW_PRODUCT,1,1,MANUAL_REVIEW,MISSING_VALID_PRICE,NO_PRICE,,,,,,,,,jabon|bola|bolazul|grande|4/1|4/1,COTIZACIONES__DOMINION_BUSINESS_18aa.xlsx
AG-1866,FUNDA NEGRA P/basura 75 GLS 100/1,consu,Ferretería,Units,,,caliber=100/1,False,False,False,SHARED,,,,1,,,,NEW_PRODUCT,1,1,MANUAL_REVIEW,MISSING_VALID_PRICE,NO_PRICE,,,,,,,,,funda|negra|p/basura|75|gls|100/1|100/1,COTIZACIONES__DOMINION_BUSINESS_18aa.xlsx
AG-1867,FUNDA NEGRA P/basura 55 GLS 100/1,consu,Ferretería,Units,,,caliber=100/1,False,False,False,SHARED,,,,1,,,,NEW_PRODUCT,1,1,MANUAL_REVIEW,MISSING_VALID_PRICE,NO_PRICE,,,,,,,,,funda|negra|p/basura|55|gls|100/1|100/1,COTIZACIONES__DOMINION_BUSINESS_18aa.xlsx
AG-1868,SUAPE DE FIBRA #20,consu,Ferretería,Units,,,,False,False,False,SHARED,,,,1,,,,NEW_PRODUCT,1,1,MANUAL_REVIEW,MISSING_VALID_PRICE,NO_PRICE,,,,,,,,,suape|fibra|20,COTIZACIONES__DOMINION_BUSINESS_18aa.xlsx
AG-1869,Detergente EN POLVO Brillante 1000 Gr,consu,Limpieza,Units,,,,False,False,False,SHARED,,,,1,,,,NEW_PRODUCT,1,1,MANUAL_REVIEW,MISSING_VALID_PRICE,NO_PRICE,,,,,,,,,detergente|polvo|brillante|1000|gr,COTIZACIONES__DOMINION_BUSINESS_18aa.xlsx
AG-1870,FRASCO DE 16 OZ Cilindrico,consu,Ferretería,Units,,,,False,False,False,SHARED,,,,1,,,,NEW_PRODUCT,1,1,MANUAL_REVIEW,MISSING_VALID_PRICE,NO_PRICE,,,,,,,,,frasco|16|oz|cilindrico,COTIZACIONES__DOMINION_BUSINESS_18aa.xlsx
AG-1871,Cucharon EN ACERO Inoxidable,consu,Ferretería,Units,,,,False,False,False,SHARED,,,,1,,,,NEW_PRODUCT,1,1,MANUAL_REVIEW,MISSING_VALID_PRICE,NO_PRICE,,,,,,,,,cucharon|acero|inoxidable,COTIZACIONES__DOMINION_BUSINESS_18aa.xlsx
AG-1872,Hielera Plateada,consu,Ferretería,Units,,,,False,False,False,SHARED,,,,1,,,,NEW_PRODUCT,1,1,MANUAL_REVIEW,MISSING_VALID_PRICE,NO_PRICE,,,,,,,,,hielera|plateada,COTIZACIONES__DOMINION_BUSINESS_18aa.xlsx
AG-1873,PAIRE DE Porcelana C/TAPA,consu,Ferretería,Units,,,,False,False,False,SHARED,,,,1,,,,NEW_PRODUCT,1,1,MANUAL_REVIEW,MISSING_VALID_PRICE,NO_PRICE,,,,,,,,,paire|porcelana|c/tapa,COTIZACIONES__DOMINION_BUSINESS_18aa.xlsx
AG-1874,PINZAS P/servir,consu,Ferretería,Units,,,,False,False,False,SHARED,,,,1,,,,NEW_PRODUCT,1,1,MANUAL_REVIEW,MISSING_VALID_PRICE,NO_PRICE,,,,,,,,,pinzas|p/servir,COTIZACIONES__DOMINION_BUSINESS_18aa.xlsx
AG-1875,Bambalinas C/TOPE ROJA,consu,Ferretería,Units,,,,False,False,False,SHARED,,,,1,,,,NEW_PRODUCT,1,1,MANUAL_REVIEW,MISSING_VALID_PRICE,NO_PRICE,,,,,,,,,bambalinas|c/tope|roja,COTIZACIONES__DOMINION_BUSINESS_18aa.xlsx
AG-1876,Bambalinas C/TOPE Blancla,consu,Ferretería,Units,,,,False,False,False,SHARED,,,,1,,,,NEW_PRODUCT,1,1,MANUAL_REVIEW,MISSING_VALID_PRICE,NO_PRICE,,,,,,,,,bambalinas|c/tope|blancla,COTIZACIONES__DOMINION_BUSINESS_18aa.xlsx
AG-1877,Bambalinas C/TOPE AZUL,consu,Ferretería,Units,,,,False,False,False,SHARED,,,,1,,,,NEW_PRODUCT,1,1,MANUAL_REVIEW,MISSING_VALID_PRICE,NO_PRICE,,,,,,,,,bambalinas|c/tope|azul,COTIZACIONES__DOMINION_BUSINESS_18aa.xlsx
AG-1878,RES Rebanada,consu,Ferretería,Units,,,,False,False,False,SHARED,,,,13,,,,NEW_PRODUCT,2,13,MANUAL_REVIEW,MISSING_VALID_PRICE,NO_PRICE,,,,,,,,,res|rebanada,COTIZACIONES__DOMINION_BUSINESS_18aa.xlsx | COTIZACIONES___2023-2024_PIN_ARIAS_2_fddc.xlsx
AG-1879,"SET DE Higiene DENTAL P/viaje (estuche Plastico Printeado Uv-dtf, Cepillo DENTAL",consu,Ferretería,Units,,,,False,False,False,SHARED,,,,1,,,,NEW_PRODUCT,1,1,MANUAL_REVIEW,MISSING_VALID_PRICE,NO_PRICE,,,,,,,,,set|higiene|dental|p/viaje|estuche|plastico|printeado|uv-dtf,COTIZACIONES__DOMINION_BUSINESS_18aa.xlsx
AG-1880,RES PARA GUISAR,consu,Ferretería,Units,,,,False,False,False,SHARED,,,,1,,,,NEW_PRODUCT,1,1,MANUAL_REVIEW,MISSING_VALID_PRICE,NO_PRICE,,,,,,,,,res|para|guisar,COTIZACIONES__DOMINION_BUSINESS_18aa.xlsx
AG-1881,SALAMI Induveca 3.5LB,consu,Carnes,Units,,,presentation=3.5 lb,False,True,False,PINARIA,,,,2,,,,NEW_PRODUCT,1,2,MANUAL_REVIEW,MISSING_VALID_PRICE,NO_PRICE,,,,,,,,,salami|induveca|3.5|lb|3.5 lb,COTIZACIONES__DOMINION_BUSINESS_18aa.xlsx
AG-1882,AZUCAR CREMA PAQ 10LB,consu,Alimentos,Units,,,presentation=10 lb,True,False,False,PINARIA,,,,3,,,,NEW_PRODUCT,1,3,MANUAL_REVIEW,MISSING_VALID_PRICE,NO_PRICE,,,,,,,,,azucar|crema|paq|10|lb|10 lb,COTIZACIONES__DOMINION_BUSINESS_18aa.xlsx
AG-1883,LECHE BALDOM 377 GR,consu,Alimentos,Units,,,,True,False,False,PINARIA,,,,3,,,,NEW_PRODUCT,1,3,MANUAL_REVIEW,MISSING_VALID_PRICE,NO_PRICE,,,,,,,,,leche|baldom|377|gr,COTIZACIONES__DOMINION_BUSINESS_18aa.xlsx
AG-1884,LECHE DE COCO LA FAMOSA 444ML,consu,Alimentos,Units,,,,True,False,False,PINARIA,,,,3,,,,NEW_PRODUCT,1,3,MANUAL_REVIEW,MISSING_VALID_PRICE,NO_PRICE,,,,,,,,,leche|coco|famosa|444ml,COTIZACIONES__DOMINION_BUSINESS_18aa.xlsx
AG-1885,ACEITE CRISOL 30LB,consu,Ferretería,Units,,,presentation=30 lb,False,False,False,SHARED,,,,3,,,,NEW_PRODUCT,1,3,MANUAL_REVIEW,MISSING_VALID_PRICE,NO_PRICE,,,,,,,,,aceite|crisol|30|lb|30 lb,COTIZACIONES__DOMINION_BUSINESS_18aa.xlsx
AG-1886,ACEITE VERDE EXTRA VIRGEN BORGES 2 LT,consu,Ferretería,Units,,,,False,False,False,SHARED,,,,3,,,,NEW_PRODUCT,1,3,MANUAL_REVIEW,MISSING_VALID_PRICE,NO_PRICE,,,,,,,,,aceite|verde|extra|virgen|borges|2|lt,COTIZACIONES__DOMINION_BUSINESS_18aa.xlsx
AG-1887,ATUN EN ACEITE CHERRY STAR 5 OZ,consu,Ferretería,Units,,,,False,False,False,SHARED,,,,3,,,,NEW_PRODUCT,1,3,MANUAL_REVIEW,MISSING_VALID_PRICE,NO_PRICE,,,,,,,,,atun|aceite|cherry|star|5|oz,COTIZACIONES__DOMINION_BUSINESS_18aa.xlsx
AG-1888,Vinagre BALDON Ranchero AMBAR 110 OZ,consu,Ferretería,Units,,,,False,False,False,SHARED,,,,3,,,,NEW_PRODUCT,1,3,MANUAL_REVIEW,MISSING_VALID_PRICE,NO_PRICE,,,,,,,,,vinagre|baldon|ranchero|ambar|110|oz,COTIZACIONES__DOMINION_BUSINESS_18aa.xlsx
AG-1889,JUGO Concentrado Barcelo (sabores Variados) 3.7 LT,consu,Ferretería,Units,,,,False,False,False,SHARED,,,,3,,,,NEW_PRODUCT,1,3,MANUAL_REVIEW,MISSING_VALID_PRICE,NO_PRICE,,,,,,,,,jugo|concentrado|barcelo|sabores|variados|3.7|lt,COTIZACIONES__DOMINION_BUSINESS_18aa.xlsx
AG-1890,HARINA DEL Negrito DE 28 OZ,consu,Alimentos,Units,,,,True,False,False,PINARIA,,,,3,,,,NEW_PRODUCT,1,3,MANUAL_REVIEW,MISSING_VALID_PRICE,NO_PRICE,,,,,,,,,harina|negrito|28|oz,COTIZACIONES__DOMINION_BUSINESS_18aa.xlsx
AG-1891,Maicena DE 425G/15OZ DURYEA,consu,Ferretería,Units,,,,False,False,False,SHARED,,,,3,,,,NEW_PRODUCT,1,3,MANUAL_REVIEW,MISSING_VALID_PRICE,NO_PRICE,,,,,,,,,maicena|425g/15oz|duryea,COTIZACIONES__DOMINION_BUSINESS_18aa.xlsx
AG-1892,SALSA CHINA Ranchero P/chofan 3.04L/103OZ,consu,Ferretería,Units,,,presentation=3.04 l,False,False,False,SHARED,,,,3,,,,NEW_PRODUCT,1,3,MANUAL_REVIEW,MISSING_VALID_PRICE,NO_PRICE,,,,,,,,,salsa|china|ranchero|p/chofan|3.04l/103oz|3.04 l,COTIZACIONES__DOMINION_BUSINESS_18aa.xlsx
AG-1893,Guandule VERDE 7 LB,consu,Ferretería,Units,,,presentation=7 lb,False,False,False,SHARED,,,,3,,,,NEW_PRODUCT,1,3,MANUAL_REVIEW,MISSING_VALID_PRICE,NO_PRICE,,,,,,,,,guandule|verde|7|lb|7 lb,COTIZACIONES__DOMINION_BUSINESS_18aa.xlsx
AG-1894,Vainilla BLANCA Delifrut 1GL,consu,Ferretería,Units,,,presentation=1 gl,False,False,False,SHARED,,,,3,,,,NEW_PRODUCT,1,3,MANUAL_REVIEW,MISSING_VALID_PRICE,NO_PRICE,,,,,,,,,vainilla|blanca|delifrut|1|gal|1 gl,COTIZACIONES__DOMINION_BUSINESS_18aa.xlsx
AG-1895,CREMA DE LECHE RICA 330 ML,consu,Alimentos,Units,,,,True,False,False,PINARIA,,,,3,,,,NEW_PRODUCT,1,3,MANUAL_REVIEW,MISSING_VALID_PRICE,NO_PRICE,,,,,,,,,crema|leche|rica|330|ml,COTIZACIONES__DOMINION_BUSINESS_18aa.xlsx
AG-1896,Vegetales Enlatados MIXTOS 15 OZ,consu,Ferretería,Units,,,,False,False,False,SHARED,,,,3,,,,NEW_PRODUCT,1,3,MANUAL_REVIEW,MISSING_VALID_PRICE,NO_PRICE,,,,,,,,,vegetales|enlatados|mixtos|15|oz,COTIZACIONES__DOMINION_BUSINESS_18aa.xlsx
AG-1897,PIERNA DE CERDO 35 LB C/U,consu,Ferretería,Units,,,presentation=35 lb,False,False,False,SHARED,,,,4,,,,NEW_PRODUCT,1,4,MANUAL_REVIEW,MISSING_VALID_PRICE,NO_PRICE,,,,,,,,,pierna|cerdo|35|lb|c/u|35 lb,COTIZACIONES__DOMINION_BUSINESS_18aa.xlsx
AG-1898,LIBRA DE Costillas Ahumada,consu,Ferretería,Units,,,,False,False,False,SHARED,,,,2,,,,NEW_PRODUCT,2,2,MANUAL_REVIEW,MISSING_VALID_PRICE,NO_PRICE,,,,,,,,,libra|costillas|ahumada,COTIZACIONES__DOMINION_BUSINESS_18aa.xlsx | COTIZACION_-2026_MAYO_4932.xlsx
AG-1899,LIBRA DE Mondongo,consu,Ferretería,Units,,,,False,False,False,SHARED,,,,2,,,,NEW_PRODUCT,2,2,MANUAL_REVIEW,MISSING_VALID_PRICE,NO_PRICE,,,,,,,,,libra|mondongo,COTIZACIONES__DOMINION_BUSINESS_18aa.xlsx | COTIZACION_-2026_MAYO_4932.xlsx
AG-1900,LIBRA DE Chuleta Ahumada,consu,Carnes,Units,,,,False,True,False,PINARIA,,,,8,,,,NEW_PRODUCT,3,7,MANUAL_REVIEW,MISSING_VALID_PRICE,NO_PRICE,,,,,,,,,libra|chuleta|ahumada,COTIZACIONES__DOMINION_BUSINESS_18aa.xlsx | COTIZACIONES___2023-2024_PIN_ARIAS_2_fddc.xlsx | COTIZACION_-2026_MAYO_4932.xlsx
AG-1901,Bacalado CON ESPINA Noruego,consu,Ferretería,Units,,,,False,False,False,SHARED,,,,1,,,,NEW_PRODUCT,1,1,MANUAL_REVIEW,MISSING_VALID_PRICE,NO_PRICE,,,,,,,,,bacalado|espina|noruego,COTIZACIONES__DOMINION_BUSINESS_18aa.xlsx
AG-1902,CERDO SIN PIEL,consu,Ferretería,Units,,,,False,False,False,SHARED,,,,1,,,,NEW_PRODUCT,1,1,MANUAL_REVIEW,MISSING_VALID_PRICE,NO_PRICE,,,,,,,,,cerdo|sin|piel,COTIZACIONES__DOMINION_BUSINESS_18aa.xlsx
AG-1903,Pechuga,consu,Carnes,Units,,,,False,True,False,PINARIA,,,,1,,,,NEW_PRODUCT,1,1,MANUAL_REVIEW,MISSING_VALID_PRICE,NO_PRICE,,,,,,,,,pechuga,COTIZACIONES__DOMINION_BUSINESS_18aa.xlsx
AG-1904,POLLO (13 UND),consu,Carnes,Units,,,,False,True,False,PINARIA,,,,1,,,,NEW_PRODUCT,1,1,MANUAL_REVIEW,MISSING_VALID_PRICE,NO_PRICE,,,,,,,,,pollo|13|und,COTIZACIONES__DOMINION_BUSINESS_18aa.xlsx
AG-1905,JARRA DE VIDRIO 21.5,consu,Ferretería,Units,,,,False,False,False,SHARED,,,,1,,,,NEW_PRODUCT,1,1,MANUAL_REVIEW,MISSING_VALID_PRICE,NO_PRICE,,,,,,,,,jarra|vidrio|21.5,COTIZACIONES__DOMINION_BUSINESS_18aa.xlsx
AG-1906,COPA DE Cristal 14 OZ,consu,Ferretería,Units,,,,False,False,False,SHARED,,,,1,,,,NEW_PRODUCT,1,1,MANUAL_REVIEW,MISSING_VALID_PRICE,NO_PRICE,,,,,,,,,copa|cristal|14|oz,COTIZACIONES__DOMINION_BUSINESS_18aa.xlsx
AG-1907,Tenedores DE MESA,consu,Mobiliario,Units,,,,False,False,False,SHARED,,,,1,,,,NEW_PRODUCT,1,1,MANUAL_REVIEW,MISSING_VALID_PRICE,NO_PRICE,,,,,,,,,tenedores|mesa,COTIZACIONES__DOMINION_BUSINESS_18aa.xlsx
AG-1908,PLATO DE Porcelana 30 5x2,consu,Ferretería,Units,,,,False,False,False,SHARED,,,,1,,,,NEW_PRODUCT,1,1,MANUAL_REVIEW,MISSING_VALID_PRICE,NO_PRICE,,,,,,,,,plato|porcelana|30|5x2,COTIZACIONES__DOMINION_BUSINESS_18aa.xlsx
AG-1909,COPA DE VIDRIO 9x16 Enologia,consu,Ferretería,Units,,,,False,False,False,SHARED,,,,1,,,,NEW_PRODUCT,1,1,MANUAL_REVIEW,MISSING_VALID_PRICE,NO_PRICE,,,,,,,,,copa|vidrio|9x16|enologia,COTIZACIONES__DOMINION_BUSINESS_18aa.xlsx
AG-1910,PLANTA Artificial 160 Cm,consu,Ferretería,Units,,,,False,False,False,SHARED,,,,1,,,,NEW_PRODUCT,1,1,MANUAL_REVIEW,MISSING_VALID_PRICE,NO_PRICE,,,,,,,,,planta|artificial|160|cm,COTIZACIONES__DOMINION_BUSINESS_18aa.xlsx
AG-1911,Frutero DE TRES Niveles,consu,Ferretería,Units,,,,False,False,False,SHARED,,,,1,,,,NEW_PRODUCT,1,1,MANUAL_REVIEW,MISSING_VALID_PRICE,NO_PRICE,,,,,,,,,frutero|tres|niveles,COTIZACIONES__DOMINION_BUSINESS_18aa.xlsx
AG-1912,Azucarera 8x11 Cm HAUS,consu,Alimentos,Units,,,,True,False,False,PINARIA,,,,1,,,,NEW_PRODUCT,1,1,MANUAL_REVIEW,MISSING_VALID_PRICE,NO_PRICE,,,,,,,,,azucarera|8x11|cm|haus,COTIZACIONES__DOMINION_BUSINESS_18aa.xlsx
AG-1913,TAZAS DE CAFÉ 10x7 . 5x6.5 BOSTON,consu,Ferretería,Units,,,,False,False,False,SHARED,,,,1,,,,NEW_PRODUCT,1,1,MANUAL_REVIEW,MISSING_VALID_PRICE,NO_PRICE,,,,,,,,,tazas|cafe|10x7|.|5x6.5|boston,COTIZACIONES__DOMINION_BUSINESS_18aa.xlsx
AG-1914,TAZAS DE CAFÉ 7 Oz CON SUS PLATOS 12/unidades Apilable,consu,Ferretería,Units,,,,False,False,False,SHARED,,,,1,,,,NEW_PRODUCT,1,1,MANUAL_REVIEW,MISSING_VALID_PRICE,NO_PRICE,,,,,,,,,tazas|cafe|7|oz|sus|platos|12/unidades|apilable,COTIZACIONES__DOMINION_BUSINESS_18aa.xlsx
AG-1915,FLOR Artifficial,consu,Ferretería,Units,,,,False,False,False,SHARED,,,,1,,,,NEW_PRODUCT,1,1,MANUAL_REVIEW,MISSING_VALID_PRICE,NO_PRICE,,,,,,,,,flor|artifficial,COTIZACIONES__DOMINION_BUSINESS_18aa.xlsx
AG-1916,Bandeja PARA SERVIR 39 8x29 7x24,consu,Ferretería,Units,,,,False,False,False,SHARED,,,,1,,,,NEW_PRODUCT,1,1,MANUAL_REVIEW,MISSING_VALID_PRICE,NO_PRICE,,,,,,,,,bandeja|para|servir|39|8x29|7x24,COTIZACIONES__DOMINION_BUSINESS_18aa.xlsx
AG-1917,COPA DE Cristal P/cev 20 Oz,consu,Ferretería,Units,,,,False,False,False,SHARED,,,,1,,,,NEW_PRODUCT,1,1,MANUAL_REVIEW,MISSING_VALID_PRICE,NO_PRICE,,,,,,,,,copa|cristal|p/cev|20|oz,COTIZACIONES__DOMINION_BUSINESS_18aa.xlsx
AG-1918,COPA DE Cristal P/he 70z,consu,Ferretería,Units,,,,False,False,False,SHARED,,,,1,,,,NEW_PRODUCT,1,1,MANUAL_REVIEW,MISSING_VALID_PRICE,NO_PRICE,,,,,,,,,copa|cristal|p/he|70z,COTIZACIONES__DOMINION_BUSINESS_18aa.xlsx
AG-1948,Pintura DE Trafico Amarilla,consu,Pinturas,Gal,,,,False,False,False,SHARED,,,,1,,,,NEW_PRODUCT,1,1,MANUAL_REVIEW,MISSING_VALID_PRICE,NO_PRICE,,,,,,,,,pintura|trafico|amarilla,COTIZACIONES__REMPART_GROUP_2_3578.xlsx
AG-1976,Valvula De Servicio De Servicio Avx-1/4,consu,Plomería,Units,,,caliber=1/4,False,False,False,SHARED,,,,1,,,,NEW_PRODUCT,1,1,MANUAL_REVIEW,MISSING_VALID_PRICE,NO_PRICE,,,,,,,,,valvula|servicio|servicio|avx-1/4|1/4,COTIZACIONES__REMPART_GROUP_2_3578.xlsx
AG-2024,SW 6767 BASE Excello Premiun DEEP FLAT 1/4,consu,Ferretería,Units,,,caliber=1/4,False,False,False,SHARED,,,,1,,,,NEW_PRODUCT,1,1,MANUAL_REVIEW,MISSING_VALID_PRICE,NO_PRICE,,,,,,,,,sw|6767|base|excello|premiun|deep|flat|1/4|1/4,COTIZACIONES__REMPART_GROUP_2_3578.xlsx
AG-2025,SW 6790 BASE Excello Premiun Ultradeep 1/4,consu,Ferretería,Units,,,caliber=1/4,False,False,False,SHARED,,,,1,,,,NEW_PRODUCT,1,1,MANUAL_REVIEW,MISSING_VALID_PRICE,NO_PRICE,,,,,,,,,sw|6790|base|excello|premiun|ultradeep|1/4|1/4,COTIZACIONES__REMPART_GROUP_2_3578.xlsx
AG-2026,SW 6911 BASE Excello Premiun VIVID YELLOW 1/4,consu,Ferretería,Units,,,caliber=1/4,False,False,False,SHARED,,,,1,,,,NEW_PRODUCT,1,1,MANUAL_REVIEW,MISSING_VALID_PRICE,NO_PRICE,,,,,,,,,sw|6911|base|excello|premiun|vivid|yellow|1/4|1/4,COTIZACIONES__REMPART_GROUP_2_3578.xlsx
AG-2027,SW 6909 BASE Excello Premiun DEEP FLAT 1/4,consu,Ferretería,Units,,,caliber=1/4,False,False,False,SHARED,,,,1,,,,NEW_PRODUCT,1,1,MANUAL_REVIEW,MISSING_VALID_PRICE,NO_PRICE,,,,,,,,,sw|6909|base|excello|premiun|deep|flat|1/4|1/4,COTIZACIONES__REMPART_GROUP_2_3578.xlsx
AG-2028,SW 6685 BASE Excello Premiun VIVID YELLOW 1/4,consu,Ferretería,Units,,,caliber=1/4,False,False,False,SHARED,,,,1,,,,NEW_PRODUCT,1,1,MANUAL_REVIEW,MISSING_VALID_PRICE,NO_PRICE,,,,,,,,,sw|6685|base|excello|premiun|vivid|yellow|1/4|1/4,COTIZACIONES__REMPART_GROUP_2_3578.xlsx
AG-2029,SW 6841 PINT PREP Excello Premium Ultradeep Ll 1/4,consu,Ferretería,Units,,,caliber=1/4,False,False,False,SHARED,,,,1,,,,NEW_PRODUCT,1,1,MANUAL_REVIEW,MISSING_VALID_PRICE,NO_PRICE,,,,,,,,,sw|6841|pint|prep|excello|premium|ultradeep|ll|1/4,COTIZACIONES__REMPART_GROUP_2_3578.xlsx
AG-2030,SW 6868 PINT PREP Excello Premium Ultradeep Ll 1/4,consu,Ferretería,Units,,,caliber=1/4,False,False,False,SHARED,,,,1,,,,NEW_PRODUCT,1,1,MANUAL_REVIEW,MISSING_VALID_PRICE,NO_PRICE,,,,,,,,,sw|6868|pint|prep|excello|premium|ultradeep|ll|1/4,COTIZACIONES__REMPART_GROUP_2_3578.xlsx
AG-2031,SW 6734 BASE Excello Premiun VIVID YELLOW 1/4,consu,Ferretería,Units,,,caliber=1/4,False,False,False,SHARED,,,,1,,,,NEW_PRODUCT,1,1,MANUAL_REVIEW,MISSING_VALID_PRICE,NO_PRICE,,,,,,,,,sw|6734|base|excello|premiun|vivid|yellow|1/4|1/4,COTIZACIONES__REMPART_GROUP_2_3578.xlsx
AG-2032,SW 6921 BASE Excello Premiun VIVID YELLOW 1/4,consu,Ferretería,Units,,,caliber=1/4,False,False,False,SHARED,,,,1,,,,NEW_PRODUCT,1,1,MANUAL_REVIEW,MISSING_VALID_PRICE,NO_PRICE,,,,,,,,,sw|6921|base|excello|premiun|vivid|yellow|1/4|1/4,COTIZACIONES__REMPART_GROUP_2_3578.xlsx
AG-2033,SW 9099 BASE Excello Premiun Ultradeep 1,consu,Ferretería,Units,,,,False,False,False,SHARED,,,,1,,,,NEW_PRODUCT,1,1,MANUAL_REVIEW,MISSING_VALID_PRICE,NO_PRICE,,,,,,,,,sw|9099|base|excello|premiun|ultradeep|1,COTIZACIONES__REMPART_GROUP_2_3578.xlsx
AG-2034,SW 6197 BASE Excello Premiun EX WHITE FL 1/4,consu,Ferretería,Units,,,caliber=1/4,False,False,False,SHARED,,,,1,,,,NEW_PRODUCT,1,1,MANUAL_REVIEW,MISSING_VALID_PRICE,NO_PRICE,,,,,,,,,sw|6197|base|excello|premiun|ex|white|fl|1/4,COTIZACIONES__REMPART_GROUP_2_3578.xlsx
AG-2086,SUPER Gramasan 5 LT (herbicida),consu,Ferretería,Gal,,,,False,False,False,SHARED,,,,3,,,,NEW_PRODUCT,1,3,MANUAL_REVIEW,MISSING_VALID_PRICE,NO_PRICE,,,,,,,,,super|gramasan|5|lt|herbicida,COTIZACIONES__REMPART_GROUP_2_3578.xlsx
AG-2171,CARNE DE RES MOLIDA,consu,Carnes,Units,,,,False,True,False,PINARIA,,,,6,,,,NEW_PRODUCT,1,6,MANUAL_REVIEW,MISSING_VALID_PRICE,NO_PRICE,,,,,,,,,carne|res|molida,COTIZACIONES___2023-2024_PIN_ARIAS_2_fddc.xlsx
AG-2172,Pechuga DE POLLO 50/1 LBS,consu,Carnes,Units,,,caliber=50/1 presentation=1 lbs,False,True,False,PINARIA,,,,1,,,,NEW_PRODUCT,1,1,MANUAL_REVIEW,MISSING_VALID_PRICE,NO_PRICE,,,,,,,,,pechuga|pollo|50/1|lb|50/1|1 lbs,COTIZACIONES___2023-2024_PIN_ARIAS_2_fddc.xlsx
AG-2173,CARNE DE RES #7,consu,Carnes,Units,,,,False,True,False,PINARIA,,,,2,,,,NEW_PRODUCT,1,2,MANUAL_REVIEW,MISSING_VALID_PRICE,NO_PRICE,,,,,,,,,carne|res|7,COTIZACIONES___2023-2024_PIN_ARIAS_2_fddc.xlsx
AG-2174,HUEVO 30/1,consu,Alimentos,Units,,,caliber=30/1,True,False,False,PINARIA,,,,2,,,,NEW_PRODUCT,1,2,MANUAL_REVIEW,MISSING_VALID_PRICE,NO_PRICE,,,,,,,,,huevo|30/1|30/1,COTIZACIONES___2023-2024_PIN_ARIAS_2_fddc.xlsx
AG-2175,PECHO,consu,Ferretería,Units,,,,False,False,False,SHARED,,,,2,,,,NEW_PRODUCT,1,2,MANUAL_REVIEW,MISSING_VALID_PRICE,NO_PRICE,,,,,,,,,pecho,COTIZACIONES___2023-2024_PIN_ARIAS_2_fddc.xlsx
AG-2176,JAMON 5/1 LBS,consu,Carnes,Units,,,caliber=5/1 presentation=1 lbs,False,True,False,PINARIA,,,,1,,,,NEW_PRODUCT,1,1,MANUAL_REVIEW,MISSING_VALID_PRICE,NO_PRICE,,,,,,,,,jamon|5/1|lb|5/1|1 lbs,COTIZACIONES___2023-2024_PIN_ARIAS_2_fddc.xlsx
AG-2177,QUESO Amarillo 5/1 LBS,consu,Alimentos,Units,,,caliber=5/1 presentation=1 lbs,True,False,False,PINARIA,,,,1,,,,NEW_PRODUCT,1,1,MANUAL_REVIEW,MISSING_VALID_PRICE,NO_PRICE,,,,,,,,,queso|amarillo|5/1|lb|5/1|1 lbs,COTIZACIONES___2023-2024_PIN_ARIAS_2_fddc.xlsx
AG-2178,QUESO BLANCO 5/1 LBS,consu,Alimentos,Units,,,caliber=5/1 presentation=1 lbs,True,False,False,PINARIA,,,,1,,,,NEW_PRODUCT,1,1,MANUAL_REVIEW,MISSING_VALID_PRICE,NO_PRICE,,,,,,,,,queso|blanco|5/1|lb|5/1|1 lbs,COTIZACIONES___2023-2024_PIN_ARIAS_2_fddc.xlsx
AG-2179,SALAMI 3.2/1 LBS,consu,Carnes,Units,,,caliber=2/1 presentation=1 lbs,False,True,False,PINARIA,,,,1,,,,NEW_PRODUCT,1,1,MANUAL_REVIEW,MISSING_VALID_PRICE,NO_PRICE,,,,,,,,,salami|3.2/1|lb|2/1|1 lbs,COTIZACIONES___2023-2024_PIN_ARIAS_2_fddc.xlsx
AG-2180,JAMON 5/1,consu,Carnes,Units,,,caliber=5/1,False,True,False,PINARIA,,,,1,,,,NEW_PRODUCT,1,1,MANUAL_REVIEW,MISSING_VALID_PRICE,NO_PRICE,,,,,,,,,jamon|5/1|5/1,COTIZACIONES___2023-2024_PIN_ARIAS_2_fddc.xlsx
AG-2181,QUESO BLANCO 5/1,consu,Alimentos,Units,,,caliber=5/1,True,False,False,PINARIA,,,,1,,,,NEW_PRODUCT,1,1,MANUAL_REVIEW,MISSING_VALID_PRICE,NO_PRICE,,,,,,,,,queso|blanco|5/1|5/1,COTIZACIONES___2023-2024_PIN_ARIAS_2_fddc.xlsx
AG-2182,SALAMI,consu,Carnes,Units,,,,False,True,False,PINARIA,,,,1,,,,NEW_PRODUCT,1,1,MANUAL_REVIEW,MISSING_VALID_PRICE,NO_PRICE,,,,,,,,,salami,COTIZACIONES___2023-2024_PIN_ARIAS_2_fddc.xlsx
AG-2183,Salchichas,consu,Ferretería,Units,,,,False,False,False,SHARED,,,,1,,,,NEW_PRODUCT,1,1,MANUAL_REVIEW,MISSING_VALID_PRICE,NO_PRICE,,,,,,,,,salchichas,COTIZACIONES___2023-2024_PIN_ARIAS_2_fddc.xlsx
AG-2184,PAPEL DE BAÑO JUMBO 12/1 700 PIES,consu,Oficina,Units,,,caliber=12/1 capacity=700 pies,False,False,False,SHARED,,,,1,,,,NEW_PRODUCT,1,1,MANUAL_REVIEW,MISSING_VALID_PRICE,NO_PRICE,,,,,,,,,papel|bano|jumbo|12/1|700|pies|12/1|700 pies,COTIZACIONES___2023-2024_PIN_ARIAS_2_fddc.xlsx
AG-2185,PAPEL TUALLA SCOTT Slimroll 6*588,consu,Oficina,Units,,,,False,False,False,SHARED,,,,1,,,,NEW_PRODUCT,1,1,MANUAL_REVIEW,MISSING_VALID_PRICE,NO_PRICE,,,,,,,,,papel|tualla|scott|slimroll|6|588,COTIZACIONES___2023-2024_PIN_ARIAS_2_fddc.xlsx
AG-2186,Lechosa,consu,Ferretería,Units,,,,False,False,False,SHARED,,,,1,,,,NEW_PRODUCT,1,1,MANUAL_REVIEW,MISSING_VALID_PRICE,NO_PRICE,,,,,,,,,lechosa,COTIZACIONES___2023-2024_PIN_ARIAS_2_fddc.xlsx
AG-2187,Yogourt YOKA SIN AZUCAR,consu,Alimentos,Units,,,,True,False,False,PINARIA,,,,1,,,,NEW_PRODUCT,1,1,MANUAL_REVIEW,MISSING_VALID_PRICE,NO_PRICE,,,,,,,,,yogourt|yoka|sin|azucar,COTIZACIONES___2023-2024_PIN_ARIAS_2_fddc.xlsx
AG-2188,AJO,consu,Ferretería,Units,,,,False,False,False,SHARED,,,,4,,,,NEW_PRODUCT,1,4,MANUAL_REVIEW,MISSING_VALID_PRICE,NO_PRICE,,,,,,,,,ajo,COTIZACIONES___2023-2024_PIN_ARIAS_2_fddc.xlsx
AG-2189,AJI Monrron,consu,Ferretería,Units,,,,False,False,False,SHARED,,,,4,,,,NEW_PRODUCT,1,4,MANUAL_REVIEW,MISSING_VALID_PRICE,NO_PRICE,,,,,,,,,aji|monrron,COTIZACIONES___2023-2024_PIN_ARIAS_2_fddc.xlsx
AG-2190,Gengibre,consu,Ferretería,Units,,,,False,False,False,SHARED,,,,2,,,,NEW_PRODUCT,1,2,MANUAL_REVIEW,MISSING_VALID_PRICE,NO_PRICE,,,,,,,,,gengibre,COTIZACIONES___2023-2024_PIN_ARIAS_2_fddc.xlsx
AG-2191,GUINEO MADURO,consu,Ferretería,Units,,,,False,False,False,SHARED,,,,2,,,,NEW_PRODUCT,1,2,MANUAL_REVIEW,MISSING_VALID_PRICE,NO_PRICE,,,,,,,,,guineo|maduro,COTIZACIONES___2023-2024_PIN_ARIAS_2_fddc.xlsx
AG-2192,Costilla CON FALDA,consu,Carnes,Units,,,,False,True,False,PINARIA,,,,2,,,,NEW_PRODUCT,1,2,MANUAL_REVIEW,MISSING_VALID_PRICE,NO_PRICE,,,,,,,,,costilla|falda,COTIZACIONES___2023-2024_PIN_ARIAS_2_fddc.xlsx
AG-2193,PUERRO,consu,Ferretería,Units,,,,False,False,False,SHARED,,,,2,,,,NEW_PRODUCT,1,2,MANUAL_REVIEW,MISSING_VALID_PRICE,NO_PRICE,,,,,,,,,puerro,COTIZACIONES___2023-2024_PIN_ARIAS_2_fddc.xlsx
AG-2194,Anulada,consu,Ferretería,Units,,,,False,False,False,SHARED,,,,2,,,,NEW_PRODUCT,1,2,MANUAL_REVIEW,MISSING_VALID_PRICE,NO_PRICE,,,,,,,,,anulada,COTIZACIONES___2023-2024_PIN_ARIAS_2_fddc.xlsx
AG-2195,LIBRA DE CERDO,consu,Ferretería,Units,,,,False,False,False,SHARED,,,,2,,,,NEW_PRODUCT,1,2,MANUAL_REVIEW,MISSING_VALID_PRICE,NO_PRICE,,,,,,,,,libra|cerdo,COTIZACIONES___2023-2024_PIN_ARIAS_2_fddc.xlsx
AG-2196,LIBRA DE RES,consu,Ferretería,Units,,,,False,False,False,SHARED,,,,1,,,,NEW_PRODUCT,1,1,MANUAL_REVIEW,MISSING_VALID_PRICE,NO_PRICE,,,,,,,,,libra|res,COTIZACIONES___2023-2024_PIN_ARIAS_2_fddc.xlsx
AG-2197,LIBRA DE CARNE MOLIDA,consu,Ferretería,Units,,,,False,False,False,SHARED,,,,1,,,,NEW_PRODUCT,1,1,MANUAL_REVIEW,MISSING_VALID_PRICE,NO_PRICE,,,,,,,,,libra|carne|molida,COTIZACIONES___2023-2024_PIN_ARIAS_2_fddc.xlsx
AG-2198,LIBRA DE CARNE DE RES MOLIDA,consu,Carnes,Units,,,,False,True,False,PINARIA,,,,2,,,,NEW_PRODUCT,1,2,MANUAL_REVIEW,MISSING_VALID_PRICE,NO_PRICE,,,,,,,,,libra|carne|res|molida,COTIZACIONES___2023-2024_PIN_ARIAS_2_fddc.xlsx
AG-2199,LIBRA DE Costilla Ahumada,consu,Carnes,Units,,,,False,True,False,PINARIA,,,,1,,,,NEW_PRODUCT,1,1,MANUAL_REVIEW,MISSING_VALID_PRICE,NO_PRICE,,,,,,,,,libra|costilla|ahumada,COTIZACIONES___2023-2024_PIN_ARIAS_2_fddc.xlsx
AG-2200,LIBRA DE Costilla,consu,Carnes,Units,,,,False,True,False,PINARIA,,,,1,,,,NEW_PRODUCT,1,1,MANUAL_REVIEW,MISSING_VALID_PRICE,NO_PRICE,,,,,,,,,libra|costilla,COTIZACIONES___2023-2024_PIN_ARIAS_2_fddc.xlsx
AG-2201,Longaniza FRESCA,consu,Ferretería,Units,,,,False,False,False,SHARED,,,,2,,,,NEW_PRODUCT,1,2,MANUAL_REVIEW,MISSING_VALID_PRICE,NO_PRICE,,,,,,,,,longaniza|fresca,COTIZACIONES___2023-2024_PIN_ARIAS_2_fddc.xlsx
AG-2202,CUBETA CON TAPA Transparente,consu,Ferretería,Units,,,,False,False,False,SHARED,,,,1,,,,NEW_PRODUCT,1,1,MANUAL_REVIEW,MISSING_VALID_PRICE,NO_PRICE,,,,,,,,,cubeta|tapa|transparente,COTIZACIONES___2023-2024_PIN_ARIAS_2_fddc.xlsx
AG-2203,Colador Espumadera,consu,Ferretería,Units,,,,False,False,False,SHARED,,,,1,,,,NEW_PRODUCT,1,1,MANUAL_REVIEW,MISSING_VALID_PRICE,NO_PRICE,,,,,,,,,colador|espumadera,COTIZACIONES___2023-2024_PIN_ARIAS_2_fddc.xlsx
AG-2204,VASO 10 OZ BLANCO 20/50,consu,Ferretería,Units,,,caliber=20/50,False,False,False,SHARED,,,,1,,,,NEW_PRODUCT,1,1,MANUAL_REVIEW,MISSING_VALID_PRICE,NO_PRICE,,,,,,,,,vaso|10|oz|blanco|20/50|20/50,COTIZACIONES___2023-2024_PIN_ARIAS_2_fddc.xlsx
AG-2205,VASO 4 OZ PAPER PLUS BLANCO 20/50,consu,Ferretería,Units,,,caliber=20/50,False,False,False,SHARED,,,,1,,,,NEW_PRODUCT,1,1,MANUAL_REVIEW,MISSING_VALID_PRICE,NO_PRICE,,,,,,,,,vaso|4|oz|paper|plus|blanco|20/50|20/50,COTIZACIONES___2023-2024_PIN_ARIAS_2_fddc.xlsx
AG-2206,"Sabanas Blancas TAMAÑO TWIN 170 CM X 270 CM (66''X 106''), Poliester Y Algodón Peinado,",consu,Ferretería,Units,LG,,,False,False,False,SHARED,,,,1,,,,NEW_PRODUCT,1,1,MANUAL_REVIEW,MISSING_VALID_PRICE,NO_PRICE,,,,,,,,,sabanas|blancas|tamano|twin|170|cm|x|270,COTIZACIONES___2023-2024_PIN_ARIAS_2_fddc.xlsx
AG-2207,"Canastilla BASICA PARA BEBE. Incluye: BAÑITO Pequeño, Manta,enterizo, Franela, Medias,",consu,Limpieza,Units,,,,False,False,False,SHARED,,,,1,,,,NEW_PRODUCT,1,1,MANUAL_REVIEW,MISSING_VALID_PRICE,NO_PRICE,,,,,,,,,canastilla|basica|para|bebe.|incluye|banito|pequeno|manta,COTIZACIONES___2023-2024_PIN_ARIAS_2_fddc.xlsx
AG-2208,Bandeja DE MORO DE Habichuelas NEGRAS,consu,Alimentos,Units,,,,True,False,False,PINARIA,,,,1,,,,NEW_PRODUCT,1,1,MANUAL_REVIEW,MISSING_VALID_PRICE,NO_PRICE,,,,,,,,,bandeja|moro|habichuelas|negras,COTIZACIONES___2023-2024_PIN_ARIAS_2_fddc.xlsx
AG-2209,Bandeja DE Ensalada Hervida,consu,Ferretería,Units,,,,False,False,False,SHARED,,,,1,,,,NEW_PRODUCT,1,1,MANUAL_REVIEW,MISSING_VALID_PRICE,NO_PRICE,,,,,,,,,bandeja|ensalada|hervida,COTIZACIONES___2023-2024_PIN_ARIAS_2_fddc.xlsx
AG-2210,Bandeja DE POLLOS Horneados,consu,Carnes,Units,,,,False,True,False,PINARIA,,,,1,,,,NEW_PRODUCT,1,1,MANUAL_REVIEW,MISSING_VALID_PRICE,NO_PRICE,,,,,,,,,bandeja|pollos|horneados,COTIZACIONES___2023-2024_PIN_ARIAS_2_fddc.xlsx
AG-2211,Bandeja DE Pastelon DE Platano MADURO,consu,Alimentos,Units,,,,True,False,False,PINARIA,,,,1,,,,NEW_PRODUCT,1,1,MANUAL_REVIEW,MISSING_VALID_PRICE,NO_PRICE,,,,,,,,,bandeja|pastelon|platano|maduro,COTIZACIONES___2023-2024_PIN_ARIAS_2_fddc.xlsx
AG-2212,ACEITE DE SOYA LINDA 16 OZ 24/1,consu,Ferretería,Units,,,caliber=24/1,False,False,False,SHARED,,,,1,,,,NEW_PRODUCT,1,1,MANUAL_REVIEW,MISSING_VALID_PRICE,NO_PRICE,,,,,,,,,aceite|soya|linda|16|oz|24/1|24/1,COTIZACIONES___2023-2024_PIN_ARIAS_2_fddc.xlsx
AG-2214,AVENA EN Hojuelas Instantanea Americana 300 G 40/1,consu,Ferretería,Units,,,caliber=40/1,False,False,False,SHARED,,,,1,,,,NEW_PRODUCT,1,1,MANUAL_REVIEW,MISSING_VALID_PRICE,NO_PRICE,,,,,,,,,avena|hojuelas|instantanea|americana|300|g|40/1|40/1,COTIZACIONES___2023-2024_PIN_ARIAS_2_fddc.xlsx
AG-2215,SAZON EN POLVO 8OZ (24 UND),consu,Ferretería,Units,,,,False,False,False,SHARED,,,,1,,,,NEW_PRODUCT,1,1,MANUAL_REVIEW,MISSING_VALID_PRICE,NO_PRICE,,,,,,,,,sazon|polvo|8oz|24|und,COTIZACIONES___2023-2024_PIN_ARIAS_2_fddc.xlsx
AG-2216,Espaguetis MILANO 400G MILANO 24/1,consu,Ferretería,Units,,,caliber=24/1,False,False,False,SHARED,,,,1,,,,NEW_PRODUCT,1,1,MANUAL_REVIEW,MISSING_VALID_PRICE,NO_PRICE,,,,,,,,,espaguetis|milano|400g|milano|24/1|24/1,COTIZACIONES___2023-2024_PIN_ARIAS_2_fddc.xlsx
AG-2219,Guandules (LATA 15OZ) 24 UND LINDA,consu,Ferretería,Units,,,,False,False,False,SHARED,,,,1,,,,NEW_PRODUCT,1,1,MANUAL_REVIEW,MISSING_VALID_PRICE,NO_PRICE,,,,,,,,,guandules|lata|15oz|24|und|linda,COTIZACIONES___2023-2024_PIN_ARIAS_2_fddc.xlsx
AG-2223,SAL MARINA MOLIDA Refinada LIDER FDA 1LB 25/1,consu,Ferretería,Units,,,caliber=25/1 presentation=1 lb,False,False,False,SHARED,,,,1,,,,NEW_PRODUCT,1,1,MANUAL_REVIEW,MISSING_VALID_PRICE,NO_PRICE,,,,,,,,,sal|marina|molida|refinada|lider|fda|1|lb|25/1|1 lb,COTIZACIONES___2023-2024_PIN_ARIAS_2_fddc.xlsx
AG-2232,POLLO ENTERO GRANDE Y FRESCO,consu,Carnes,Units,,,,False,True,False,PINARIA,,,,2,,,,NEW_PRODUCT,1,2,MANUAL_REVIEW,MISSING_VALID_PRICE,NO_PRICE,,,,,,,,,pollo|entero|grande|fresco,COTIZACIONES___2023-2024_PIN_ARIAS_2_fddc.xlsx
AG-2233,Mondogo DE RES,consu,Ferretería,Units,,,,False,False,False,SHARED,,,,2,,,,NEW_PRODUCT,1,2,MANUAL_REVIEW,MISSING_VALID_PRICE,NO_PRICE,,,,,,,,,mondogo|res,COTIZACIONES___2023-2024_PIN_ARIAS_2_fddc.xlsx
AG-2235,Mondogo,consu,Ferretería,Units,,,,False,False,False,SHARED,,,,1,,,,NEW_PRODUCT,1,1,MANUAL_REVIEW,MISSING_VALID_PRICE,NO_PRICE,,,,,,,,,mondogo,COTIZACIONES___2023-2024_PIN_ARIAS_2_fddc.xlsx
AG-2236,Costillas Ahumada,consu,Ferretería,Units,,,,False,False,False,SHARED,,,,1,,,,NEW_PRODUCT,1,1,MANUAL_REVIEW,MISSING_VALID_PRICE,NO_PRICE,,,,,,,,,costillas|ahumada,COTIZACIONES___2023-2024_PIN_ARIAS_2_fddc.xlsx
AG-2237,Chuleta Ahumada (lonjeada),consu,Carnes,Units,,,,False,True,False,PINARIA,,,,1,,,,NEW_PRODUCT,1,1,MANUAL_REVIEW,MISSING_VALID_PRICE,NO_PRICE,,,,,,,,,chuleta|ahumada|lonjeada,COTIZACIONES___2023-2024_PIN_ARIAS_2_fddc.xlsx
AG-2238,JAMON PICNIC (5LB),consu,Carnes,Units,,,presentation=5 lb,False,True,False,PINARIA,,,,1,,,,NEW_PRODUCT,1,1,MANUAL_REVIEW,MISSING_VALID_PRICE,NO_PRICE,,,,,,,,,jamon|picnic|5|lb|5 lb,COTIZACIONES___2023-2024_PIN_ARIAS_2_fddc.xlsx
AG-2239,SALAMI (3.41 LB),consu,Carnes,Units,,,presentation=3.41 lb,False,True,False,PINARIA,,,,1,,,,NEW_PRODUCT,1,1,MANUAL_REVIEW,MISSING_VALID_PRICE,NO_PRICE,,,,,,,,,salami|3.41|lb|3.41 lb,COTIZACIONES___2023-2024_PIN_ARIAS_2_fddc.xlsx
AG-2240,QUESO CHEDAR (5 LB),consu,Alimentos,Units,,,presentation=5 lb,True,False,False,PINARIA,,,,1,,,,NEW_PRODUCT,1,1,MANUAL_REVIEW,MISSING_VALID_PRICE,NO_PRICE,,,,,,,,,queso|chedar|5|lb|5 lb,COTIZACIONES___2023-2024_PIN_ARIAS_2_fddc.xlsx
AG-2241,QUESO DANES (5LB),consu,Alimentos,Units,,,presentation=5 lb,True,False,False,PINARIA,,,,1,,,,NEW_PRODUCT,1,1,MANUAL_REVIEW,MISSING_VALID_PRICE,NO_PRICE,,,,,,,,,queso|danes|5|lb|5 lb,COTIZACIONES___2023-2024_PIN_ARIAS_2_fddc.xlsx
AG-2242,QUESO CREMA (5 LB),consu,Alimentos,Units,,,presentation=5 lb,True,False,False,PINARIA,,,,1,,,,NEW_PRODUCT,1,1,MANUAL_REVIEW,MISSING_VALID_PRICE,NO_PRICE,,,,,,,,,queso|crema|5|lb|5 lb,COTIZACIONES___2023-2024_PIN_ARIAS_2_fddc.xlsx
AG-2243,QUESO BLANCO DE FREIR (5LB),consu,Alimentos,Units,,,presentation=5 lb,True,False,False,PINARIA,,,,1,,,,NEW_PRODUCT,1,1,MANUAL_REVIEW,MISSING_VALID_PRICE,NO_PRICE,,,,,,,,,queso|blanco|freir|5|lb|5 lb,COTIZACIONES___2023-2024_PIN_ARIAS_2_fddc.xlsx
AG-2244,CAFÉ MOLIDO 100% PURO DE 1 LB PILON,consu,Ferretería,Units,,,presentation=1 lb,False,False,False,SHARED,,,,1,,,,NEW_PRODUCT,1,1,MANUAL_REVIEW,MISSING_VALID_PRICE,NO_PRICE,,,,,,,,,cafe|molido|100%|puro|1|lb|pilon|1 lb,COTIZACIONES___2023-2024_PIN_ARIAS_2_fddc.xlsx
AG-2245,Cremola 1 LB FOOD CLUB,consu,Ferretería,Units,,,presentation=1 lb,False,False,False,SHARED,,,,1,,,,NEW_PRODUCT,1,1,MANUAL_REVIEW,MISSING_VALID_PRICE,NO_PRICE,,,,,,,,,cremola|1|lb|food|club|1 lb,COTIZACIONES___2023-2024_PIN_ARIAS_2_fddc.xlsx
AG-2246,Botella DE AGUA 20oz 12/1 VILLAR,consu,Ferretería,Units,,,caliber=12/1,False,False,False,SHARED,,,,1,,,,NEW_PRODUCT,1,1,MANUAL_REVIEW,MISSING_VALID_PRICE,NO_PRICE,,,,,,,,,botella|agua|20oz|12/1|villar|12/1,COTIZACIONES___2023-2024_PIN_ARIAS_2_fddc.xlsx
AG-2247,AZUCAR CREMA 2 LB Cristal,consu,Alimentos,Units,,,presentation=2 lb,True,False,False,PINARIA,,,,1,,,,NEW_PRODUCT,1,1,MANUAL_REVIEW,MISSING_VALID_PRICE,NO_PRICE,,,,,,,,,azucar|crema|2|lb|cristal|2 lb,COTIZACIONES___2023-2024_PIN_ARIAS_2_fddc.xlsx
AG-2248,AZUCAR Dietetica Splenda 300/1,consu,Alimentos,Units,,,caliber=300/1,True,False,False,PINARIA,,,,1,,,,NEW_PRODUCT,1,1,MANUAL_REVIEW,MISSING_VALID_PRICE,NO_PRICE,,,,,,,,,azucar|dietetica|splenda|300/1|300/1,COTIZACIONES___2023-2024_PIN_ARIAS_2_fddc.xlsx
AG-2249,Chocolate EN Tabletas,consu,Ferretería,Units,,,,False,False,False,SHARED,,,,1,,,,NEW_PRODUCT,1,1,MANUAL_REVIEW,MISSING_VALID_PRICE,NO_PRICE,,,,,,,,,chocolate|tabletas,COTIZACIONES___2023-2024_PIN_ARIAS_2_fddc.xlsx
AG-2250,LECHE ENTERA,consu,Alimentos,Units,,,,True,False,False,PINARIA,,,,1,,,,NEW_PRODUCT,1,1,MANUAL_REVIEW,MISSING_VALID_PRICE,NO_PRICE,,,,,,,,,leche|entera,COTIZACIONES___2023-2024_PIN_ARIAS_2_fddc.xlsx
AG-2251,LECHE Evaporada,consu,Alimentos,Units,,,,True,False,False,PINARIA,,,,1,,,,NEW_PRODUCT,1,1,MANUAL_REVIEW,MISSING_VALID_PRICE,NO_PRICE,,,,,,,,,leche|evaporada,COTIZACIONES___2023-2024_PIN_ARIAS_2_fddc.xlsx
AG-2252,Mayonessa GALON,consu,Ferretería,Units,,,,False,False,False,SHARED,,,,1,,,,NEW_PRODUCT,1,1,MANUAL_REVIEW,MISSING_VALID_PRICE,NO_PRICE,,,,,,,,,mayonessa|galon,COTIZACIONES___2023-2024_PIN_ARIAS_2_fddc.xlsx
AG-2253,Mantequilla GRANDE,consu,Alimentos,Units,,,,True,False,False,PINARIA,,,,1,,,,NEW_PRODUCT,1,1,MANUAL_REVIEW,MISSING_VALID_PRICE,NO_PRICE,,,,,,,,,mantequilla|grande,COTIZACIONES___2023-2024_PIN_ARIAS_2_fddc.xlsx
AG-2254,ARROZ BLANCO 50LB,consu,Alimentos,Units,,,presentation=50 lb,True,False,False,PINARIA,,,,1,,,,NEW_PRODUCT,1,1,MANUAL_REVIEW,MISSING_VALID_PRICE,NO_PRICE,,,,,,,,,arroz|blanco|50|lb|50 lb,COTIZACIONES___2023-2024_PIN_ARIAS_2_fddc.xlsx
AG-2255,ACEITE,consu,Ferretería,Units,,,,False,False,False,SHARED,,,,1,,,,NEW_PRODUCT,1,1,MANUAL_REVIEW,MISSING_VALID_PRICE,NO_PRICE,,,,,,,,,aceite,COTIZACIONES___2023-2024_PIN_ARIAS_2_fddc.xlsx
AG-2256,ACEITE VERDE,consu,Ferretería,Units,,,,False,False,False,SHARED,,,,1,,,,NEW_PRODUCT,1,1,MANUAL_REVIEW,MISSING_VALID_PRICE,NO_PRICE,,,,,,,,,aceite|verde,COTIZACIONES___2023-2024_PIN_ARIAS_2_fddc.xlsx
AG-2257,CODITO,consu,Ferretería,Units,,,,False,False,False,SHARED,,,,1,,,,NEW_PRODUCT,1,1,MANUAL_REVIEW,MISSING_VALID_PRICE,NO_PRICE,,,,,,,,,codito,COTIZACIONES___2023-2024_PIN_ARIAS_2_fddc.xlsx
AG-2258,FIDEOS,consu,Ferretería,Units,,,,False,False,False,SHARED,,,,1,,,,NEW_PRODUCT,1,1,MANUAL_REVIEW,MISSING_VALID_PRICE,NO_PRICE,,,,,,,,,fideos,COTIZACIONES___2023-2024_PIN_ARIAS_2_fddc.xlsx
AG-2259,Vinagre AMBAR,consu,Ferretería,Units,,,,False,False,False,SHARED,,,,1,,,,NEW_PRODUCT,1,1,MANUAL_REVIEW,MISSING_VALID_PRICE,NO_PRICE,,,,,,,,,vinagre|ambar,COTIZACIONES___2023-2024_PIN_ARIAS_2_fddc.xlsx
AG-2260,Galleta DE SODA,consu,Ferretería,Units,,,,False,False,False,SHARED,,,,1,,,,NEW_PRODUCT,1,1,MANUAL_REVIEW,MISSING_VALID_PRICE,NO_PRICE,,,,,,,,,galleta|soda,COTIZACIONES___2023-2024_PIN_ARIAS_2_fddc.xlsx
AG-2261,CALDO DE POLLO,consu,Carnes,Units,,,,False,True,False,PINARIA,,,,1,,,,NEW_PRODUCT,1,1,MANUAL_REVIEW,MISSING_VALID_PRICE,NO_PRICE,,,,,,,,,caldo|pollo,COTIZACIONES___2023-2024_PIN_ARIAS_2_fddc.xlsx
AG-2262,HARINA D TRIGO,consu,Alimentos,Units,,,,True,False,False,PINARIA,,,,1,,,,NEW_PRODUCT,1,1,MANUAL_REVIEW,MISSING_VALID_PRICE,NO_PRICE,,,,,,,,,harina|d|trigo,COTIZACIONES___2023-2024_PIN_ARIAS_2_fddc.xlsx
AG-2263,JUGO Concentrado GALON,consu,Ferretería,Units,,,,False,False,False,SHARED,,,,1,,,,NEW_PRODUCT,1,1,MANUAL_REVIEW,MISSING_VALID_PRICE,NO_PRICE,,,,,,,,,jugo|concentrado|galon,COTIZACIONES___2023-2024_PIN_ARIAS_2_fddc.xlsx
AG-2264,HARINA DE Negrito,consu,Alimentos,Units,,,,True,False,False,PINARIA,,,,1,,,,NEW_PRODUCT,1,1,MANUAL_REVIEW,MISSING_VALID_PRICE,NO_PRICE,,,,,,,,,harina|negrito,COTIZACIONES___2023-2024_PIN_ARIAS_2_fddc.xlsx
AG-2265,MAIZ Enlatado,consu,Ferretería,Units,,,,False,False,False,SHARED,,,,1,,,,NEW_PRODUCT,1,1,MANUAL_REVIEW,MISSING_VALID_PRICE,NO_PRICE,,,,,,,,,maiz|enlatado,COTIZACIONES___2023-2024_PIN_ARIAS_2_fddc.xlsx
AG-2266,HARINA DE MAIZ,consu,Alimentos,Units,,,,True,False,False,PINARIA,,,,2,,,,NEW_PRODUCT,2,2,MANUAL_REVIEW,MISSING_VALID_PRICE,NO_PRICE,,,,,,,,,harina|maiz,COTIZACIONES___2023-2024_PIN_ARIAS_2_fddc.xlsx | cotizacion_del_marcelino_9bd9.xlsx
AG-2267,SAL MOLIDA YADADA,consu,Ferretería,Units,,,,False,False,False,SHARED,,,,1,,,,NEW_PRODUCT,1,1,MANUAL_REVIEW,MISSING_VALID_PRICE,NO_PRICE,,,,,,,,,sal|molida|yadada,COTIZACIONES___2023-2024_PIN_ARIAS_2_fddc.xlsx
AG-2268,SALSA CHINA GALON,consu,Ferretería,Units,,,,False,False,False,SHARED,,,,1,,,,NEW_PRODUCT,1,1,MANUAL_REVIEW,MISSING_VALID_PRICE,NO_PRICE,,,,,,,,,salsa|china|galon,COTIZACIONES___2023-2024_PIN_ARIAS_2_fddc.xlsx
AG-2269,Vainilla,consu,Ferretería,Units,,,,False,False,False,SHARED,,,,1,,,,NEW_PRODUCT,1,1,MANUAL_REVIEW,MISSING_VALID_PRICE,NO_PRICE,,,,,,,,,vainilla,COTIZACIONES___2023-2024_PIN_ARIAS_2_fddc.xlsx
AG-2270,CREMA DE LECHE,consu,Alimentos,Units,,,,True,False,False,PINARIA,,,,1,,,,NEW_PRODUCT,1,1,MANUAL_REVIEW,MISSING_VALID_PRICE,NO_PRICE,,,,,,,,,crema|leche,COTIZACIONES___2023-2024_PIN_ARIAS_2_fddc.xlsx
AG-2271,CARNE DE CERDO EN TIRAS,consu,Carnes,Units,,,,False,True,False,PINARIA,,,,1,,,,NEW_PRODUCT,1,1,MANUAL_REVIEW,MISSING_VALID_PRICE,NO_PRICE,,,,,,,,,carne|cerdo|tiras,COTIZACIONES___2023-2024_PIN_ARIAS_2_fddc.xlsx
AG-2272,ATUN EN ACEITE,consu,Ferretería,Units,,,,False,False,False,SHARED,,,,1,,,,NEW_PRODUCT,1,1,MANUAL_REVIEW,MISSING_VALID_PRICE,NO_PRICE,,,,,,,,,atun|aceite,COTIZACIONES___2023-2024_PIN_ARIAS_2_fddc.xlsx
AG-2273,Lasaña De Queso,consu,Alimentos,Units,,,,True,False,False,PINARIA,,,,1,,,,NEW_PRODUCT,1,1,MANUAL_REVIEW,MISSING_VALID_PRICE,NO_PRICE,,,,,,,,,lasana|queso,COTIZACION_-2026_MAYO_4932.xlsx
AG-2274,Lasaña De Pollo,consu,Carnes,Units,,,,False,True,False,PINARIA,,,,1,,,,NEW_PRODUCT,1,1,MANUAL_REVIEW,MISSING_VALID_PRICE,NO_PRICE,,,,,,,,,lasana|pollo,COTIZACION_-2026_MAYO_4932.xlsx
AG-2275,Pollo Horneado,consu,Carnes,Units,,,,False,True,False,PINARIA,,,,1,,,,NEW_PRODUCT,1,1,MANUAL_REVIEW,MISSING_VALID_PRICE,NO_PRICE,,,,,,,,,pollo|horneado,COTIZACION_-2026_MAYO_4932.xlsx
AG-2276,Cerdo Horneado,consu,Ferretería,Units,,,,False,False,False,SHARED,,,,1,,,,NEW_PRODUCT,1,1,MANUAL_REVIEW,MISSING_VALID_PRICE,NO_PRICE,,,,,,,,,cerdo|horneado,COTIZACION_-2026_MAYO_4932.xlsx
AG-2277,Moro De Habichuela Roja,consu,Alimentos,Units,,,,True,False,False,PINARIA,,,,1,,,,NEW_PRODUCT,1,1,MANUAL_REVIEW,MISSING_VALID_PRICE,NO_PRICE,,,,,,,,,moro|habichuela|roja,COTIZACION_-2026_MAYO_4932.xlsx
AG-2278,Moro De Habichuela Negra,consu,Alimentos,Units,,,,True,False,False,PINARIA,,,,1,,,,NEW_PRODUCT,1,1,MANUAL_REVIEW,MISSING_VALID_PRICE,NO_PRICE,,,,,,,,,moro|habichuela|negra,COTIZACION_-2026_MAYO_4932.xlsx
AG-2279,APINZA Amperimétrica Digital Voltaje 200m 600 V O Superior,consu,Ferretería,Units,,,,False,False,False,SHARED,,,,1,,,,NEW_PRODUCT,1,1,MANUAL_REVIEW,MISSING_VALID_PRICE,NO_PRICE,,,,,,,,,apinza|amperimetrica|digital|voltaje|200m|600|v|o,COTIZACION_MATERIALES_FERRETERO1_7286.xlsx
AG-2280,Multímetro Industrial 10A Sobrecarga DE 20A,consu,Ferretería,Units,,,,False,False,False,SHARED,,,,1,,,,NEW_PRODUCT,1,1,MANUAL_REVIEW,MISSING_VALID_PRICE,NO_PRICE,,,,,,,,,multimetro|industrial|10a|sobrecarga|20a,COTIZACION_MATERIALES_FERRETERO1_7286.xlsx
AG-2281,JUEGO DE Herramientas 70 PIEZAS,consu,Ferretería,Units,,,,False,False,False,SHARED,,,,1,,,,NEW_PRODUCT,1,1,MANUAL_REVIEW,MISSING_VALID_PRICE,NO_PRICE,,,,,,,,,juego|herramientas|70|piezas,COTIZACION_MATERIALES_FERRETERO1_7286.xlsx
AG-2282,Guantes DE Proteccion PARA Electricista,consu,Ferretería,Units,,,,False,False,False,SHARED,,,,1,,,,NEW_PRODUCT,1,1,MANUAL_REVIEW,MISSING_VALID_PRICE,NO_PRICE,,,,,,,,,guantes|proteccion|para|electricista,COTIZACION_MATERIALES_FERRETERO1_7286.xlsx
AG-2283,Pelador Automático Y Cripador DE Alambre PELA CLABES *7,consu,Ferretería,Units,,,,False,False,False,SHARED,,,,1,,,,NEW_PRODUCT,1,1,MANUAL_REVIEW,MISSING_VALID_PRICE,NO_PRICE,,,,,,,,,pelador|automatico|cripador|alambre|pela|clabes|7,COTIZACION_MATERIALES_FERRETERO1_7286.xlsx
AG-2284,JUEGO DE Herramientas PINZA Alicate /PINZA 3 PIEZAS Alicates / PINZAS,consu,Herramientas,Units,,,,False,False,False,SHARED,,,,1,,,,NEW_PRODUCT,1,1,MANUAL_REVIEW,MISSING_VALID_PRICE,NO_PRICE,,,,,,,,,juego|herramientas|pinza|alicate|/pinza|3|piezas|alicates,COTIZACION_MATERIALES_FERRETERO1_7286.xlsx
AG-2285,JUEGO DE Destornilladores Aislado 7 PIEZAS 1000V,consu,Herramientas,Units,,,,False,False,False,SHARED,,,,1,,,,NEW_PRODUCT,1,1,MANUAL_REVIEW,MISSING_VALID_PRICE,NO_PRICE,,,,,,,,,juego|destornilladores|aislado|7|piezas|1000v,COTIZACION_MATERIALES_FERRETERO1_7286.xlsx
AG-2286,JUEGO DE Avellanador Cortatubo,consu,Plomería,Units,,,,False,False,False,SHARED,,,,1,,,,NEW_PRODUCT,1,1,MANUAL_REVIEW,MISSING_VALID_PRICE,NO_PRICE,,,,,,,,,juego|avellanador|cortatubo,COTIZACION_MATERIALES_FERRETERO1_7286.xlsx
AG-2287,Cortadora DE RAMAS MANGO Telescopio 2.8 M,consu,Ferretería,Units,,,,False,False,False,SHARED,,,,1,,,,NEW_PRODUCT,1,1,MANUAL_REVIEW,MISSING_VALID_PRICE,NO_PRICE,,,,,,,,,cortadora|ramas|mango|telescopio|2.8|m,COTIZACION_MATERIALES_FERRETERO1_7286.xlsx
AG-2288,KIT Taladro DOBLE Función Atornillador Y DE Impacto 12 V,consu,Herramientas,Units,,,,False,False,False,SHARED,,,,1,,,,NEW_PRODUCT,1,1,MANUAL_REVIEW,MISSING_VALID_PRICE,NO_PRICE,,,,,,,,,kit|taladro|doble|funcion|atornillador|impacto|12|v,COTIZACION_MATERIALES_FERRETERO1_7286.xlsx
AG-2289,SIERRA Tronzadora 2400W,consu,Herramientas,Units,,,power=2400W,False,False,False,SHARED,,,,1,,,,NEW_PRODUCT,1,1,MANUAL_REVIEW,MISSING_VALID_PRICE,NO_PRICE,,,,,,,,,sierra|tronzadora|2400|w|2400W,COTIZACION_MATERIALES_FERRETERO1_7286.xlsx
AG-2290,Pulidora MANUAL2200 W / 110-120 Voltios,consu,Ferretería,Units,,MANUAL2200,power=2200W model=MANUAL2200,False,False,False,SHARED,,,,1,,,,NEW_PRODUCT,1,1,MANUAL_REVIEW,MISSING_VALID_PRICE,NO_PRICE,,,,,,,,,pulidora|manual2200|w|/|110-120|voltios|MANUAL2200|2200W,COTIZACION_MATERIALES_FERRETERO1_7286.xlsx
AG-2291,PRENSA DE BANCO 6 Pulgadas,consu,Ferretería,Units,LG,,"size=6""",False,False,False,SHARED,,,,1,,,,NEW_PRODUCT,1,1,MANUAL_REVIEW,MISSING_VALID_PRICE,NO_PRICE,,,,,,,,,"prensa|banco|6|pulgadas|6""",COTIZACION_MATERIALES_FERRETERO1_7286.xlsx
AG-2292,Dobladora DE TUBOS 1/2 A 2 CON Tripode,consu,Plomería,Units,,,caliber=1/2,False,False,False,SHARED,,,,1,,,,NEW_PRODUCT,1,1,MANUAL_REVIEW,MISSING_VALID_PRICE,NO_PRICE,,,,,,,,,dobladora|tubos|1/2|a|2|tripode|1/2,COTIZACION_MATERIALES_FERRETERO1_7286.xlsx
AG-2293,Cortadora DE METAL 14 2300 W,consu,Ferretería,Units,,,power=2300W,False,False,False,SHARED,,,,1,,,,NEW_PRODUCT,1,1,MANUAL_REVIEW,MISSING_VALID_PRICE,NO_PRICE,,,,,,,,,cortadora|metal|14|2300|w|2300W,COTIZACION_MATERIALES_FERRETERO1_7286.xlsx
AG-2294,Cortadora DE PLASMA PLASMA 40A 110/220V Inverte CON Accesorios,consu,Ferretería,Units,,,,False,False,False,SHARED,,,,1,,,,NEW_PRODUCT,1,1,MANUAL_REVIEW,MISSING_VALID_PRICE,NO_PRICE,,,,,,,,,cortadora|plasma|plasma|40a|110/220v|inverte|accesorios,COTIZACION_MATERIALES_FERRETERO1_7286.xlsx
AG-2295,CARETA Eléctrica PARA SALDAR,consu,Ferretería,Units,,,,False,False,False,SHARED,,,,1,,,,NEW_PRODUCT,1,1,MANUAL_REVIEW,MISSING_VALID_PRICE,NO_PRICE,,,,,,,,,careta|electrica|para|saldar,COTIZACION_MATERIALES_FERRETERO1_7286.xlsx
AG-2296,Maquina PARA SOLDAR 180a 110/220V,consu,Ferretería,Units,,,,False,False,False,SHARED,,,,1,,,,NEW_PRODUCT,1,1,MANUAL_REVIEW,MISSING_VALID_PRICE,NO_PRICE,,,,,,,,,maquina|para|soldar|180a|110/220v,COTIZACION_MATERIALES_FERRETERO1_7286.xlsx
AG-2297,Escuadra Soldadura 5 75 LB Magnetica,consu,Ferretería,Units,,,presentation=75 lb,False,False,False,SHARED,,,,1,,,,NEW_PRODUCT,1,1,MANUAL_REVIEW,MISSING_VALID_PRICE,NO_PRICE,,,,,,,,,escuadra|soldadura|5|75|lb|magnetica|75 lb,COTIZACION_MATERIALES_FERRETERO1_7286.xlsx
AG-2298,Taladro Estacionario 750W 110V 1PH 20MM,consu,Herramientas,Units,,,power=750W,False,False,False,SHARED,,,,1,,,,NEW_PRODUCT,1,1,MANUAL_REVIEW,MISSING_VALID_PRICE,NO_PRICE,,,,,,,,,taladro|estacionario|750|w|110v|1ph|20|mm|750W,COTIZACION_MATERIALES_FERRETERO1_7286.xlsx
AG-2299,Lijadora Eléctrica MANUAL 300W 110-120V,consu,Ferretería,Units,,,power=300W,False,False,False,SHARED,,,,1,,,,NEW_PRODUCT,1,1,MANUAL_REVIEW,MISSING_VALID_PRICE,NO_PRICE,,,,,,,,,lijadora|electrica|manual|300|w|110-120v|300W,COTIZACION_MATERIALES_FERRETERO1_7286.xlsx
AG-2300,KIT Taladro Atornillador 12V,consu,Herramientas,Units,,,,False,False,False,SHARED,,,,1,,,,NEW_PRODUCT,1,1,MANUAL_REVIEW,MISSING_VALID_PRICE,NO_PRICE,,,,,,,,,kit|taladro|atornillador|12v,COTIZACION_MATERIALES_FERRETERO1_7286.xlsx
AG-2301,Pistola Sopladora 695,consu,Ferretería,Units,,,,False,False,False,SHARED,,,,1,,,,NEW_PRODUCT,1,1,MANUAL_REVIEW,MISSING_VALID_PRICE,NO_PRICE,,,,,,,,,pistola|sopladora|695,COTIZACION_MATERIALES_FERRETERO1_7286.xlsx
AG-2302,Compresor DE AIRE 110-120V/60HZ 110-120 Voltios,consu,Ferretería,Units,,,,False,False,False,SHARED,,,,1,,,,NEW_PRODUCT,1,1,MANUAL_REVIEW,MISSING_VALID_PRICE,NO_PRICE,,,,,,,,,compresor|aire|110-120v/60hz|110-120|voltios,COTIZACION_MATERIALES_FERRETERO1_7286.xlsx
AG-2303,Taladro ROTO Martillo DE 1500 WATT,consu,Herramientas,Units,,,,False,False,False,SHARED,,,,2,,,,NEW_PRODUCT,1,1,MANUAL_REVIEW,MISSING_VALID_PRICE,NO_PRICE,,,,,,,,,taladro|roto|martillo|1500|watt,COTIZACION_MATERIALES_FERRETERO1_7286.xlsx
AG-2304,SIERRA Circular DE BANCO NO. 10 1800W,consu,Herramientas,Units,,,power=1800W,False,False,False,SHARED,,,,1,,,,NEW_PRODUCT,1,1,MANUAL_REVIEW,MISSING_VALID_PRICE,NO_PRICE,,,,,,,,,sierra|circular|banco|no.|10|1800|w|1800W,COTIZACION_MATERIALES_FERRETERO1_7286.xlsx
AG-2305,Maquina Colectora DE POLVO 110-120 Voltios,consu,Ferretería,Units,,,,False,False,False,SHARED,,,,1,,,,NEW_PRODUCT,1,1,MANUAL_REVIEW,MISSING_VALID_PRICE,NO_PRICE,,,,,,,,,maquina|colectora|polvo|110-120|voltios,COTIZACION_MATERIALES_FERRETERO1_7286.xlsx
AG-2306,SIERRA Ingletadora 110-120 Voltios,consu,Herramientas,Units,,,,False,False,False,SHARED,,,,1,,,,NEW_PRODUCT,1,1,MANUAL_REVIEW,MISSING_VALID_PRICE,NO_PRICE,,,,,,,,,sierra|ingletadora|110-120|voltios,COTIZACION_MATERIALES_FERRETERO1_7286.xlsx
AG-2307,Pistola PARA PINTAR,consu,Ferretería,Units,,,,False,False,False,SHARED,,,,1,,,,NEW_PRODUCT,1,1,MANUAL_REVIEW,MISSING_VALID_PRICE,NO_PRICE,,,,,,,,,pistola|para|pintar,COTIZACION_MATERIALES_FERRETERO1_7286.xlsx
AG-2308,ROUTER Eléctrico BASE FIJA 2.25 HP,consu,Tecnología,Units,HP,,,False,False,False,SHARED,,,,1,,,,NEW_PRODUCT,1,1,MANUAL_REVIEW,MISSING_VALID_PRICE,NO_PRICE,,,,,,,,,router|electrico|base|fija|2.25|hp,COTIZACION_MATERIALES_FERRETERO1_7286.xlsx
AG-2309,ROUTER Eléctrico Inalambrico,consu,Tecnología,Units,,,,False,False,False,SHARED,,,,1,,,,NEW_PRODUCT,1,1,MANUAL_REVIEW,MISSING_VALID_PRICE,NO_PRICE,,,,,,,,,router|electrico|inalambrico,COTIZACION_MATERIALES_FERRETERO1_7286.xlsx
AG-2310,Taladro Pedestal 500W 110V 1PH 16mm,consu,Herramientas,Units,,,power=500W,False,False,False,SHARED,,,,1,,,,NEW_PRODUCT,1,1,MANUAL_REVIEW,MISSING_VALID_PRICE,NO_PRICE,,,,,,,,,taladro|pedestal|500|w|110v|1ph|16|mm|500W,COTIZACION_MATERIALES_FERRETERO1_7286.xlsx
AG-2311,JUEGO DE MECHAS PARA Enrutador O Fresador 24 PIEZAS,consu,Ferretería,Units,,,,False,False,False,SHARED,,,,1,,,,NEW_PRODUCT,1,1,MANUAL_REVIEW,MISSING_VALID_PRICE,NO_PRICE,,,,,,,,,juego|mechas|para|enrutador|o|fresador|24|piezas,COTIZACION_MATERIALES_FERRETERO1_7286.xlsx
AG-2312,PRENSA O Abrazadera PARA Ebanistería 36,consu,Ferretería,Units,,,,False,False,False,SHARED,,,,1,,,,NEW_PRODUCT,1,1,MANUAL_REVIEW,MISSING_VALID_PRICE,NO_PRICE,,,,,,,,,prensa|o|abrazadera|para|ebanisteria|36,COTIZACION_MATERIALES_FERRETERO1_7286.xlsx
AG-2313,PRENSA O Abrazadera,consu,Ferretería,Units,,,,False,False,False,SHARED,,,,2,,,,NEW_PRODUCT,1,1,MANUAL_REVIEW,MISSING_VALID_PRICE,NO_PRICE,,,,,,,,,prensa|o|abrazadera,COTIZACION_MATERIALES_FERRETERO1_7286.xlsx
AG-2314,PRENSA O Abrazadera PARA Ebanistería 48,consu,Ferretería,Units,,,,False,False,False,SHARED,,,,1,,,,NEW_PRODUCT,1,1,MANUAL_REVIEW,MISSING_VALID_PRICE,NO_PRICE,,,,,,,,,prensa|o|abrazadera|para|ebanisteria|48,COTIZACION_MATERIALES_FERRETERO1_7286.xlsx
AG-2315,Pulidora MANUAL 9 2800W -5/8,consu,Ferretería,Units,,,caliber=5/8 power=2800W,False,False,False,SHARED,,,,1,,,,NEW_PRODUCT,1,1,MANUAL_REVIEW,MISSING_VALID_PRICE,NO_PRICE,,,,,,,,,pulidora|manual|9|2800|w|-5/8|5/8|2800W,COTIZACION_MATERIALES_FERRETERO1_7286.xlsx
AG-2316,Lijeradora DE BANDA DISCO 4 Y 6 DE 1/2 HP,consu,Ferretería,Units,HP,,caliber=1/2,False,False,False,SHARED,,,,1,,,,NEW_PRODUCT,1,1,MANUAL_REVIEW,MISSING_VALID_PRICE,NO_PRICE,,,,,,,,,lijeradora|banda|disco|4|6|1/2|hp|1/2,COTIZACION_MATERIALES_FERRETERO1_7286.xlsx
AG-2317,Cargador DE Batería 20V 2A,consu,Ferretería,Units,,,,False,False,False,SHARED,,,,1,,,,NEW_PRODUCT,1,1,MANUAL_REVIEW,MISSING_VALID_PRICE,NO_PRICE,,,,,,,,,cargador|bateria|20v|2a,COTIZACION_MATERIALES_FERRETERO1_7286.xlsx
AG-2318,Baterías PARA Taladro 20V 2A Recargable,consu,Herramientas,Units,,,,False,False,False,SHARED,,,,1,,,,NEW_PRODUCT,1,1,MANUAL_REVIEW,MISSING_VALID_PRICE,NO_PRICE,,,,,,,,,baterias|para|taladro|20v|2a|recargable,COTIZACION_MATERIALES_FERRETERO1_7286.xlsx
AG-2319,Taladro Inalambrico 18/V M18,consu,Herramientas,Units,,,,False,False,False,SHARED,,,,1,,,,NEW_PRODUCT,1,1,MANUAL_REVIEW,MISSING_VALID_PRICE,NO_PRICE,,,,,,,,,taladro|inalambrico|18/v|m18,COTIZACION_MATERIALES_FERRETERO1_7286.xlsx
AG-2320,Clavadora Inalámbrica 18ga 20V,consu,Electrodomésticos,Units,,,,False,False,False,SHARED,,,,1,,,,NEW_PRODUCT,1,1,MANUAL_REVIEW,MISSING_VALID_PRICE,NO_PRICE,,,,,,,,,clavadora|inalambrica|18ga|20v,COTIZACION_MATERIALES_FERRETERO1_7286.xlsx
AG-2321,PUNTA DE ESTRÍA 3 Pulgadas,consu,Ferretería,Units,LG,,"size=3""",False,False,False,SHARED,,,,1,,,,NEW_PRODUCT,1,1,MANUAL_REVIEW,MISSING_VALID_PRICE,NO_PRICE,,,,,,,,,"punta|estria|3|pulgadas|3""",COTIZACION_MATERIALES_FERRETERO1_7286.xlsx
AG-2322,JUEGO DE Formones 12 PIEZAS,consu,Ferretería,Units,,,,False,False,False,SHARED,,,,1,,,,NEW_PRODUCT,1,1,MANUAL_REVIEW,MISSING_VALID_PRICE,NO_PRICE,,,,,,,,,juego|formones|12|piezas,COTIZACION_MATERIALES_FERRETERO1_7286.xlsx
AG-2323,Motosierra DREMER 110-120 Voltios,consu,Herramientas,Units,,,,False,False,False,SHARED,,,,1,,,,NEW_PRODUCT,1,1,MANUAL_REVIEW,MISSING_VALID_PRICE,NO_PRICE,,,,,,,,,motosierra|dremer|110-120|voltios,COTIZACION_MATERIALES_FERRETERO1_7286.xlsx
AG-2324,Pistola DE CALOR,consu,Ferretería,Units,,,,False,False,False,SHARED,,,,1,,,,NEW_PRODUCT,1,1,MANUAL_REVIEW,MISSING_VALID_PRICE,NO_PRICE,,,,,,,,,pistola|calor,COTIZACION_MATERIALES_FERRETERO1_7286.xlsx
AG-2325,DREMEL 3000,consu,Ferretería,Units,,,,False,False,False,SHARED,,,,1,,,,NEW_PRODUCT,1,1,MANUAL_REVIEW,MISSING_VALID_PRICE,NO_PRICE,,,,,,,,,dremel|3000,COTIZACION_MATERIALES_FERRETERO1_7286.xlsx
AG-2326,MANDIL DE Protección (delantal) Impermeable,consu,Ferretería,Units,,,,False,False,False,SHARED,,,,1,,,,NEW_PRODUCT,1,1,MANUAL_REVIEW,MISSING_VALID_PRICE,NO_PRICE,,,,,,,,,mandil|proteccion|delantal|impermeable,COTIZACION_MATERIALES_FERRETERO1_7286.xlsx
AG-2327,"Carretilla DE HIERRO 6,3 PIES",consu,Ferretería,Units,,,capacity=3 pies,False,False,False,SHARED,,,,1,,,,NEW_PRODUCT,1,1,MANUAL_REVIEW,MISSING_VALID_PRICE,NO_PRICE,,,,,,,,,carretilla|hierro|6|3|pies|3 pies,COTIZACION_MATERIALES_FERRETERO1_7286.xlsx
AG-2328,PLANA PARA Albañil NO.8,consu,Ferretería,Units,,,,False,False,False,SHARED,,,,1,,,,NEW_PRODUCT,1,1,MANUAL_REVIEW,MISSING_VALID_PRICE,NO_PRICE,,,,,,,,,plana|para|albanil|no.8,COTIZACION_MATERIALES_FERRETERO1_7286.xlsx
AG-2329,PLANA PARA Albañil NO.7,consu,Ferretería,Units,,,,False,False,False,SHARED,,,,1,,,,NEW_PRODUCT,1,1,MANUAL_REVIEW,MISSING_VALID_PRICE,NO_PRICE,,,,,,,,,plana|para|albanil|no.7,COTIZACION_MATERIALES_FERRETERO1_7286.xlsx
AG-2330,Martillo 16OZ,consu,Herramientas,Units,,,,False,False,False,SHARED,,,,1,,,,NEW_PRODUCT,1,1,MANUAL_REVIEW,MISSING_VALID_PRICE,NO_PRICE,,,,,,,,,martillo|16oz,COTIZACION_MATERIALES_FERRETERO1_7286.xlsx
AG-2331,CUBO PARA Albañil,consu,Ferretería,Units,,,,False,False,False,SHARED,,,,1,,,,NEW_PRODUCT,1,1,MANUAL_REVIEW,MISSING_VALID_PRICE,NO_PRICE,,,,,,,,,cubo|para|albanil,COTIZACION_MATERIALES_FERRETERO1_7286.xlsx
AG-2332,Mandarria DE 8 LB,consu,Ferretería,Units,,,presentation=8 lb,False,False,False,SHARED,,,,1,,,,NEW_PRODUCT,1,1,MANUAL_REVIEW,MISSING_VALID_PRICE,NO_PRICE,,,,,,,,,mandarria|8|lb|8 lb,COTIZACION_MATERIALES_FERRETERO1_7286.xlsx
AG-2333,Mandarria DE 4 LB,consu,Ferretería,Units,,,presentation=4 lb,False,False,False,SHARED,,,,1,,,,NEW_PRODUCT,1,1,MANUAL_REVIEW,MISSING_VALID_PRICE,NO_PRICE,,,,,,,,,mandarria|4|lb|4 lb,COTIZACION_MATERIALES_FERRETERO1_7286.xlsx
AG-2334,PALA Redonda,consu,Ferretería,Units,,,,False,False,False,SHARED,,,,1,,,,NEW_PRODUCT,1,1,MANUAL_REVIEW,MISSING_VALID_PRICE,NO_PRICE,,,,,,,,,pala|redonda,COTIZACION_MATERIALES_FERRETERO1_7286.xlsx
AG-2335,Hormigonera,consu,Construcción,Units,,,,False,False,False,SHARED,,,,1,,,,NEW_PRODUCT,1,1,MANUAL_REVIEW,MISSING_VALID_PRICE,NO_PRICE,,,,,,,,,hormigonera,COTIZACION_MATERIALES_FERRETERO1_7286.xlsx
AG-2336,Cortadora DE Cerámica,consu,Ferretería,Units,,,,False,False,False,SHARED,,,,1,,,,NEW_PRODUCT,1,1,MANUAL_REVIEW,MISSING_VALID_PRICE,NO_PRICE,,,,,,,,,cortadora|ceramica,COTIZACION_MATERIALES_FERRETERO1_7286.xlsx
AG-2337,PALA Cuadrada,consu,Ferretería,Units,,,,False,False,False,SHARED,,,,1,,,,NEW_PRODUCT,1,1,MANUAL_REVIEW,MISSING_VALID_PRICE,NO_PRICE,,,,,,,,,pala|cuadrada,COTIZACION_MATERIALES_FERRETERO1_7286.xlsx
AG-2338,Cizalla PARA CORTE DE Varilla 5/8,consu,Construcción,Units,,,caliber=5/8,False,False,False,SHARED,,,,1,,,,NEW_PRODUCT,1,1,MANUAL_REVIEW,MISSING_VALID_PRICE,NO_PRICE,,,,,,,,,cizalla|para|corte|varilla|5/8|5/8,COTIZACION_MATERIALES_FERRETERO1_7286.xlsx
AG-2339,PARES DE Guantes DE Proteccion DE Albañil,consu,Ferretería,Units,,,,False,False,False,SHARED,,,,1,,,,NEW_PRODUCT,1,1,MANUAL_REVIEW,MISSING_VALID_PRICE,NO_PRICE,,,,,,,,,pares|guantes|proteccion|albanil,COTIZACION_MATERIALES_FERRETERO1_7286.xlsx
AG-2340,TANQUE DE Presión,consu,Ferretería,Units,,,,False,False,False,SHARED,,,,1,,,,NEW_PRODUCT,1,1,MANUAL_REVIEW,MISSING_VALID_PRICE,NO_PRICE,,,,,,,,,tanque|presion,COTIZACION_MATERIALES_FERRETERO1_7286.xlsx
AG-2341,BOMBA Centrifuga,consu,Ferretería,Units,,,,False,False,False,SHARED,,,,1,,,,NEW_PRODUCT,1,1,MANUAL_REVIEW,MISSING_VALID_PRICE,NO_PRICE,,,,,,,,,bomba|centrifuga,COTIZACION_MATERIALES_FERRETERO1_7286.xlsx
AG-2342,BOMBA MANUAL PARA PRUEBA DE Presión,consu,Ferretería,Units,,,,False,False,False,SHARED,,,,1,,,,NEW_PRODUCT,1,1,MANUAL_REVIEW,MISSING_VALID_PRICE,NO_PRICE,,,,,,,,,bomba|manual|para|prueba|presion,COTIZACION_MATERIALES_FERRETERO1_7286.xlsx
AG-2343,BOMBA Sumergible PARA Cisterna,consu,Ferretería,Units,,,,False,False,False,SHARED,,,,1,,,,NEW_PRODUCT,1,1,MANUAL_REVIEW,MISSING_VALID_PRICE,NO_PRICE,,,,,,,,,bomba|sumergible|para|cisterna,COTIZACION_MATERIALES_FERRETERO1_7286.xlsx
AG-2344,Protector DE OÍDOS,consu,Ferretería,Units,,,,False,False,False,SHARED,,,,1,,,,NEW_PRODUCT,1,1,MANUAL_REVIEW,MISSING_VALID_PRICE,NO_PRICE,,,,,,,,,protector|oidos,COTIZACION_MATERIALES_FERRETERO1_7286.xlsx
AG-2345,Chalecos DE Proteccion,consu,Ferretería,Units,,,,False,False,False,SHARED,,,,1,,,,NEW_PRODUCT,1,1,MANUAL_REVIEW,MISSING_VALID_PRICE,NO_PRICE,,,,,,,,,chalecos|proteccion,COTIZACION_MATERIALES_FERRETERO1_7286.xlsx
AG-2346,KIT DE Soplador Inalambrico,consu,Ferretería,Units,,,,False,False,False,SHARED,,,,1,,,,NEW_PRODUCT,1,1,MANUAL_REVIEW,MISSING_VALID_PRICE,NO_PRICE,,,,,,,,,kit|soplador|inalambrico,COTIZACION_MATERIALES_FERRETERO1_7286.xlsx
AG-2347,TIJERA PARA PODAR,consu,Ferretería,Units,,,,False,False,False,SHARED,,,,1,,,,NEW_PRODUCT,1,1,MANUAL_REVIEW,MISSING_VALID_PRICE,NO_PRICE,,,,,,,,,tijera|para|podar,COTIZACION_MATERIALES_FERRETERO1_7286.xlsx
AG-2348,Cortadores PARA RAMAS ALTA NO. 14,consu,Ferretería,Units,,,,False,False,False,SHARED,,,,1,,,,NEW_PRODUCT,1,1,MANUAL_REVIEW,MISSING_VALID_PRICE,NO_PRICE,,,,,,,,,cortadores|para|ramas|alta|no.|14,COTIZACION_MATERIALES_FERRETERO1_7286.xlsx
AG-2349,PORTA Manguera,consu,Ferretería,Units,,,,False,False,False,SHARED,,,,1,,,,NEW_PRODUCT,1,1,MANUAL_REVIEW,MISSING_VALID_PRICE,NO_PRICE,,,,,,,,,porta|manguera,COTIZACION_MATERIALES_FERRETERO1_7286.xlsx
AG-2350,Trimmer,consu,Ferretería,Units,,,,False,False,False,SHARED,,,,1,,,,NEW_PRODUCT,1,1,MANUAL_REVIEW,MISSING_VALID_PRICE,NO_PRICE,,,,,,,,,trimmer,COTIZACION_MATERIALES_FERRETERO1_7286.xlsx
AG-2351,GL DE Herbicida,consu,Ferretería,Units,,,,False,False,False,SHARED,,,,1,,,,NEW_PRODUCT,1,1,MANUAL_REVIEW,MISSING_VALID_PRICE,NO_PRICE,,,,,,,,,gal|herbicida,COTIZACION_MATERIALES_FERRETERO1_7286.xlsx
AG-2352,Rastrillo SEGÚN FICHA Tecnica,consu,Ferretería,Units,,,,False,False,False,SHARED,,,,1,,,,NEW_PRODUCT,1,1,MANUAL_REVIEW,MISSING_VALID_PRICE,NO_PRICE,,,,,,,,,rastrillo|segun|ficha|tecnica,COTIZACION_MATERIALES_FERRETERO1_7286.xlsx
AG-2353,SET DE Herramientas PARA Jardinería,consu,Ferretería,Units,,,,False,False,False,SHARED,,,,1,,,,NEW_PRODUCT,1,1,MANUAL_REVIEW,MISSING_VALID_PRICE,NO_PRICE,,,,,,,,,set|herramientas|para|jardineria,COTIZACION_MATERIALES_FERRETERO1_7286.xlsx
AG-2354,BOTAS DE Protectoras DE GOMA,consu,Ferretería,Units,,,,False,False,False,SHARED,,,,1,,,,NEW_PRODUCT,1,1,MANUAL_REVIEW,MISSING_VALID_PRICE,NO_PRICE,,,,,,,,,botas|protectoras|goma,COTIZACION_MATERIALES_FERRETERO1_7286.xlsx
AG-2355,GAFAS Protectora,consu,Ferretería,Units,,,,False,False,False,SHARED,,,,1,,,,NEW_PRODUCT,1,1,MANUAL_REVIEW,MISSING_VALID_PRICE,NO_PRICE,,,,,,,,,gafas|protectora,COTIZACION_MATERIALES_FERRETERO1_7286.xlsx
AG-2356,CASCO Protector,consu,Ferretería,Units,,,,False,False,False,SHARED,,,,1,,,,NEW_PRODUCT,1,1,MANUAL_REVIEW,MISSING_VALID_PRICE,NO_PRICE,,,,,,,,,casco|protector,COTIZACION_MATERIALES_FERRETERO1_7286.xlsx
AG-2357,TRAJE DE Proteccion PARA Fumigar,consu,Ferretería,Units,,,,False,False,False,SHARED,,,,1,,,,NEW_PRODUCT,1,1,MANUAL_REVIEW,MISSING_VALID_PRICE,NO_PRICE,,,,,,,,,traje|proteccion|para|fumigar,COTIZACION_MATERIALES_FERRETERO1_7286.xlsx
AG-2358,Inversor 2.5KW 24 VOLTIO,consu,Ferretería,Units,,,,False,False,False,SHARED,,,,1,,,,NEW_PRODUCT,1,1,MANUAL_REVIEW,MISSING_VALID_PRICE,NO_PRICE,,,,,,,,,inversor|2.5kw|24|voltio,COTIZACION_MATERIALES_FERRETERO1_7286.xlsx
AG-2359,Baterias PARA Inversores,consu,Ferretería,Units,,,,False,False,False,SHARED,,,,1,,,,NEW_PRODUCT,1,1,MANUAL_REVIEW,MISSING_VALID_PRICE,NO_PRICE,,,,,,,,,baterias|para|inversores,COTIZACION_MATERIALES_FERRETERO1_7286.xlsx
AG-2360,Extractor DE AIRE,consu,Ferretería,Units,,,,False,False,False,SHARED,,,,1,,,,NEW_PRODUCT,1,1,MANUAL_REVIEW,MISSING_VALID_PRICE,NO_PRICE,,,,,,,,,extractor|aire,COTIZACION_MATERIALES_FERRETERO1_7286.xlsx
AG-2361,PERFIL Cuadrado NO. 3 NEGRO GRUESO,consu,Ferretería,Units,,,,False,False,False,SHARED,,,,1,,,,NEW_PRODUCT,1,1,MANUAL_REVIEW,MISSING_VALID_PRICE,NO_PRICE,,,,,,,,,perfil|cuadrado|no.|3|negro|grueso,COTIZACION_MATERIALES_FERRETERO1_7286.xlsx
AG-2362,PERFIL Cuadrado NO. 3*1-1/2 NEGRO GRUESO,consu,Ferretería,Units,,,caliber=1/2,False,False,False,SHARED,,,,1,,,,NEW_PRODUCT,1,1,MANUAL_REVIEW,MISSING_VALID_PRICE,NO_PRICE,,,,,,,,,perfil|cuadrado|no.|3|1-1/2|negro|grueso|1/2,COTIZACION_MATERIALES_FERRETERO1_7286.xlsx
AG-2363,PERFIL Cuadrado NO. 2*4 NEGRO GRUESO,consu,Ferretería,Units,,,,False,False,False,SHARED,,,,1,,,,NEW_PRODUCT,1,1,MANUAL_REVIEW,MISSING_VALID_PRICE,NO_PRICE,,,,,,,,,perfil|cuadrado|no.|2|4|negro|grueso,COTIZACION_MATERIALES_FERRETERO1_7286.xlsx
AG-2364,ROLLO DE MALLA Electrosoldada DE 12 CM,consu,Ferretería,Units,,,,False,False,False,SHARED,,,,1,,,,NEW_PRODUCT,1,1,MANUAL_REVIEW,MISSING_VALID_PRICE,NO_PRICE,,,,,,,,,rollo|malla|electrosoldada|12|cm,COTIZACION_MATERIALES_FERRETERO1_7286.xlsx
AG-2365,CAÑO TIPO Cornisa PARA Aluzinc,consu,Ferretería,Units,Cano,,,False,False,False,SHARED,,,,1,,,,NEW_PRODUCT,1,1,MANUAL_REVIEW,MISSING_VALID_PRICE,NO_PRICE,,,,,,,,,cano|tipo|cornisa|para|aluzinc,COTIZACION_MATERIALES_FERRETERO1_7286.xlsx
AG-2366,Cumbrera PARA Aluzinc,consu,Ferretería,Units,,,,False,False,False,SHARED,,,,1,,,,NEW_PRODUCT,1,1,MANUAL_REVIEW,MISSING_VALID_PRICE,NO_PRICE,,,,,,,,,cumbrera|para|aluzinc,COTIZACION_MATERIALES_FERRETERO1_7286.xlsx
AG-2367,Tornillo AUTO Perforante DE 1-3/4 PARA Aluzinc,consu,Ferretería,Units,,,caliber=3/4,False,False,False,SHARED,,,,1,,,,NEW_PRODUCT,1,1,MANUAL_REVIEW,MISSING_VALID_PRICE,NO_PRICE,,,,,,,,,tornillo|auto|perforante|1-3/4|para|aluzinc|3/4,COTIZACION_MATERIALES_FERRETERO1_7286.xlsx
AG-2368,Plancha DE Aluzinc,consu,Ferretería,Units,,,,False,False,False,SHARED,,,,1,,,,NEW_PRODUCT,1,1,MANUAL_REVIEW,MISSING_VALID_PRICE,NO_PRICE,,,,,,,,,plancha|aluzinc,COTIZACION_MATERIALES_FERRETERO1_7286.xlsx
AG-2369,LIBRA DE Electrodo 3/32,consu,Ferretería,Units,,,caliber=3/32,False,False,False,SHARED,,,,1,,,,NEW_PRODUCT,1,1,MANUAL_REVIEW,MISSING_VALID_PRICE,NO_PRICE,,,,,,,,,libra|electrodo|3/32|3/32,COTIZACION_MATERIALES_FERRETERO1_7286.xlsx
AG-2370,DISCO PARA PULIR NO. 7-1/4,consu,Ferretería,Units,,,caliber=1/4,False,False,False,SHARED,,,,1,,,,NEW_PRODUCT,1,1,MANUAL_REVIEW,MISSING_VALID_PRICE,NO_PRICE,,,,,,,,,disco|para|pulir|no.|7-1/4|1/4,COTIZACION_MATERIALES_FERRETERO1_7286.xlsx
AG-2371,DISCO PARA CORTE 14-3/32,consu,Ferretería,Units,,,caliber=3/32,False,False,False,SHARED,,,,1,,,,NEW_PRODUCT,1,1,MANUAL_REVIEW,MISSING_VALID_PRICE,NO_PRICE,,,,,,,,,disco|para|corte|14-3/32|3/32,COTIZACION_MATERIALES_FERRETERO1_7286.xlsx
AG-2372,GL DE Anticorrosivo NEGRO,consu,Ferretería,Units,,,,False,False,False,SHARED,,,,1,,,,NEW_PRODUCT,1,1,MANUAL_REVIEW,MISSING_VALID_PRICE,NO_PRICE,,,,,,,,,gal|anticorrosivo|negro,COTIZACION_MATERIALES_FERRETERO1_7286.xlsx
AG-2373,GL DE Pintura Esmalte NEGRO 07,consu,Pinturas,Units,,,,False,False,False,SHARED,,,,1,,,,NEW_PRODUCT,1,1,MANUAL_REVIEW,MISSING_VALID_PRICE,NO_PRICE,,,,,,,,,gal|pintura|esmalte|negro|07,COTIZACION_MATERIALES_FERRETERO1_7286.xlsx
AG-2374,GL DE Thinner TH1000,consu,Pinturas,Units,,TH1000,model=TH1000,False,False,False,SHARED,,,,1,,,,NEW_PRODUCT,1,1,MANUAL_REVIEW,MISSING_VALID_PRICE,NO_PRICE,,,,,,,,,gal|thinner|th1000|TH1000,COTIZACION_MATERIALES_FERRETERO1_7286.xlsx
AG-2375,GL DE Aguarrás,consu,Ferretería,Units,,,,False,False,False,SHARED,,,,1,,,,NEW_PRODUCT,1,1,MANUAL_REVIEW,MISSING_VALID_PRICE,NO_PRICE,,,,,,,,,gal|aguarras,COTIZACION_MATERIALES_FERRETERO1_7286.xlsx
AG-2376,ROLO DE PINTAR Pequeño,consu,Ferretería,Units,,,,False,False,False,SHARED,,,,1,,,,NEW_PRODUCT,1,1,MANUAL_REVIEW,MISSING_VALID_PRICE,NO_PRICE,,,,,,,,,rolo|pintar|pequeno,COTIZACION_MATERIALES_FERRETERO1_7286.xlsx
AG-2377,BROCHA NO. 3,consu,Pinturas,Units,,,,False,False,False,SHARED,,,,1,,,,NEW_PRODUCT,1,1,MANUAL_REVIEW,MISSING_VALID_PRICE,NO_PRICE,,,,,,,,,brocha|no.|3,COTIZACION_MATERIALES_FERRETERO1_7286.xlsx
AG-2378,"Artista De Género Musical: Merengue, Bachata, Salsa, Dembow. (un Artista De Cualquiera De",consu,Ferretería,Units,,,,False,False,False,SHARED,,,,2,,,,NEW_PRODUCT,1,2,MANUAL_REVIEW,MISSING_VALID_PRICE,NO_PRICE,,,,,,,,,artista|genero|musical|merengue|bachata|salsa|dembow.|un,COT_95d1.xlsx
AG-2379,Fecha: 02/12/2025 (sujeto A Cambios Por La Entidad Contratante).,consu,Ferretería,Units,,,caliber=02/12,False,False,False,SHARED,,,,2,,,,NEW_PRODUCT,1,2,MANUAL_REVIEW,MISSING_VALID_PRICE,NO_PRICE,,,,,,,,,fecha|02/12/2025|sujeto|a|cambios|por|entidad|contratante|02/12,COT_95d1.xlsx
AG-2380,Fecha: 03/12/2025 (sujeto A Cambios Por La Entidad Contratante).,consu,Ferretería,Units,,,caliber=03/12,False,False,False,SHARED,,,,1,,,,NEW_PRODUCT,1,1,MANUAL_REVIEW,MISSING_VALID_PRICE,NO_PRICE,,,,,,,,,fecha|03/12/2025|sujeto|a|cambios|por|entidad|contratante|03/12,COT_95d1.xlsx
AG-2381,Fecha: 22/12/2025,consu,Ferretería,Units,,,caliber=22/12,False,False,False,SHARED,,,,1,,,,NEW_PRODUCT,1,1,MANUAL_REVIEW,MISSING_VALID_PRICE,NO_PRICE,,,,,,,,,fecha|22/12/2025|22/12,COT_95d1.xlsx
AG-2382,"Lugar 1: Parque Mirador Norte, Av. Ecológica Puerta Número 1 Próximo A La Parada Del",consu,Ferretería,Units,,,,False,False,False,SHARED,,,,2,,,,NEW_PRODUCT,1,2,MANUAL_REVIEW,MISSING_VALID_PRICE,NO_PRICE,,,,,,,,,lugar|1|parque|mirador|norte|av.|ecologica|puerta,COT_95d1.xlsx
AG-2383,"Lugar 2: Calle San Antonio Y Sánchez Y Carlos Manuel Pumarol, Parque Central De Guerra.",consu,Ferretería,Units,,,,False,False,False,SHARED,,,,1,,,,NEW_PRODUCT,1,1,MANUAL_REVIEW,MISSING_VALID_PRICE,NO_PRICE,,,,,,,,,lugar|2|calle|san|antonio|sanchez|carlos|manuel,COT_95d1.xlsx
AG-2384,Hora: 7:00 PM,consu,Ferretería,Units,,,,False,False,False,SHARED,,,,2,,,,NEW_PRODUCT,1,2,MANUAL_REVIEW,MISSING_VALID_PRICE,NO_PRICE,,,,,,,,,hora|7|00|pm,COT_95d1.xlsx
AG-2385,"Días: Martes, Miercoles Y LUNES",consu,Ferretería,Units,,,,False,False,False,SHARED,,,,1,,,,NEW_PRODUCT,1,1,MANUAL_REVIEW,MISSING_VALID_PRICE,NO_PRICE,,,,,,,,,dias|martes|miercoles|lunes,COT_95d1.xlsx
AG-2386,Tarima 24 X 20,consu,Ferretería,Units,,,,False,False,False,SHARED,,,,2,,,,NEW_PRODUCT,1,2,MANUAL_REVIEW,MISSING_VALID_PRICE,NO_PRICE,,,,,,,,,tarima|24|x|20,COT_95d1.xlsx
AG-2387,Tarima VIP 16 X 16 Con Sillas Para 50 Personas,consu,Mobiliario,Units,,,,False,False,False,SHARED,,,,2,,,,NEW_PRODUCT,1,2,MANUAL_REVIEW,MISSING_VALID_PRICE,NO_PRICE,,,,,,,,,tarima|vip|16|x|16|sillas|para|50,COT_95d1.xlsx
AG-2388,"Banner (detrás De La Tarima Que Diga Presidencia, Propeep Y Alcaldía De La Localidad Que",consu,Ferretería,Units,,,,False,False,False,SHARED,,,,2,,,,NEW_PRODUCT,1,2,MANUAL_REVIEW,MISSING_VALID_PRICE,NO_PRICE,,,,,,,,,banner|detras|tarima|que|diga|presidencia|propeep|alcaldia,COT_95d1.xlsx
AG-2389,Techo 29 X 22,consu,Ferretería,Units,,,,False,False,False,SHARED,,,,2,,,,NEW_PRODUCT,1,2,MANUAL_REVIEW,MISSING_VALID_PRICE,NO_PRICE,,,,,,,,,techo|29|x|22,COT_95d1.xlsx
AG-2390,Equipos De Sonido Y Micrófonos,consu,Ferretería,Units,,,,False,False,False,SHARED,,,,2,,,,NEW_PRODUCT,1,2,MANUAL_REVIEW,MISSING_VALID_PRICE,NO_PRICE,,,,,,,,,equipos|sonido|microfonos,COT_95d1.xlsx
AG-2391,Planta Eléctrica 25 KW,consu,Ferretería,Units,,,,False,False,False,SHARED,,,,2,,,,NEW_PRODUCT,1,2,MANUAL_REVIEW,MISSING_VALID_PRICE,NO_PRICE,,,,,,,,,planta|electrica|25|kw,COT_95d1.xlsx
AG-2392,Presentador(a),consu,Ferretería,Units,,,,False,False,False,SHARED,,,,3,,,,NEW_PRODUCT,2,3,MANUAL_REVIEW,MISSING_VALID_PRICE,NO_PRICE,,,,,,,,,presentador|a,COT_95d1.xlsx | FORMATO_DE_COTIZACION_2_21f4.xlsx
AG-2393,Perifoneo (durante 5 Días Antes De La Actividad),consu,Ferretería,Units,,,,False,False,False,SHARED,,,,2,,,,NEW_PRODUCT,1,2,MANUAL_REVIEW,MISSING_VALID_PRICE,NO_PRICE,,,,,,,,,perifoneo|durante|5|dias|antes|actividad,COT_95d1.xlsx
AG-2394,Seguridad (en El Parque De La Actividad A Realizar),consu,Ferretería,Units,,,,False,False,False,SHARED,,,,2,,,,NEW_PRODUCT,1,2,MANUAL_REVIEW,MISSING_VALID_PRICE,NO_PRICE,,,,,,,,,seguridad|parque|actividad|a|realizar,COT_95d1.xlsx
AG-2395,Días: Martes,consu,Ferretería,Units,,,,False,False,False,SHARED,,,,1,,,,NEW_PRODUCT,1,1,MANUAL_REVIEW,MISSING_VALID_PRICE,NO_PRICE,,,,,,,,,dias|martes,COT_95d1.xlsx
AG-2412,BLANCO 00,consu,Ferretería,Units,,,,False,False,False,SHARED,,,,1,,,,NEW_PRODUCT,1,1,MANUAL_REVIEW,MISSING_VALID_PRICE,NO_PRICE,,,,,,,,,blanco|00,COT_95d1.xlsx
AG-2413,AZUL Turquesa,consu,Ferretería,Units,,,,False,False,False,SHARED,,,,1,,,,NEW_PRODUCT,1,1,MANUAL_REVIEW,MISSING_VALID_PRICE,NO_PRICE,,,,,,,,,azul|turquesa,COT_95d1.xlsx
AG-2414,ROJO Positivo,consu,Ferretería,Units,,,,False,False,False,SHARED,,,,1,,,,NEW_PRODUCT,1,1,MANUAL_REVIEW,MISSING_VALID_PRICE,NO_PRICE,,,,,,,,,rojo|positivo,COT_95d1.xlsx
AG-2415,Amarillo Positivo,consu,Ferretería,Units,,,,False,False,False,SHARED,,,,3,,,,NEW_PRODUCT,1,2,MANUAL_REVIEW,MISSING_VALID_PRICE,NO_PRICE,,,,,,,,,amarillo|positivo,COT_95d1.xlsx
AG-2416,NEGRO,consu,Ferretería,Units,,,,False,False,False,SHARED,,,,1,,,,NEW_PRODUCT,1,1,MANUAL_REVIEW,MISSING_VALID_PRICE,NO_PRICE,,,,,,,,,negro,COT_95d1.xlsx
AG-2417,AZUL Positivo,consu,Ferretería,Units,,,,False,False,False,SHARED,,,,1,,,,NEW_PRODUCT,1,1,MANUAL_REVIEW,MISSING_VALID_PRICE,NO_PRICE,,,,,,,,,azul|positivo,COT_95d1.xlsx
AG-2418,AZUL CIELO,consu,Ferretería,Units,,,,False,False,False,SHARED,,,,1,,,,NEW_PRODUCT,1,1,MANUAL_REVIEW,MISSING_VALID_PRICE,NO_PRICE,,,,,,,,,azul|cielo,COT_95d1.xlsx
AG-2419,VERDE Positivo,consu,Ferretería,Units,,,,False,False,False,SHARED,,,,1,,,,NEW_PRODUCT,1,1,MANUAL_REVIEW,MISSING_VALID_PRICE,NO_PRICE,,,,,,,,,verde|positivo,COT_95d1.xlsx
AG-2420,GRIS CLARO,consu,Ferretería,Units,,,,False,False,False,SHARED,,,,1,,,,NEW_PRODUCT,1,1,MANUAL_REVIEW,MISSING_VALID_PRICE,NO_PRICE,,,,,,,,,gris|claro,COT_95d1.xlsx
AG-2421,Terracota,consu,Ferretería,Units,,,,False,False,False,SHARED,,,,1,,,,NEW_PRODUCT,1,1,MANUAL_REVIEW,MISSING_VALID_PRICE,NO_PRICE,,,,,,,,,terracota,COT_95d1.xlsx
AG-2422,Naranja Positivo,consu,Ferretería,Units,,,,False,False,False,SHARED,,,,1,,,,NEW_PRODUCT,1,1,MANUAL_REVIEW,MISSING_VALID_PRICE,NO_PRICE,,,,,,,,,naranja|positivo,COT_95d1.xlsx
AG-2423,BLANCA,consu,Ferretería,Units,,,,False,False,False,SHARED,,,,2,,,,NEW_PRODUCT,1,2,MANUAL_REVIEW,MISSING_VALID_PRICE,NO_PRICE,,,,,,,,,blanca,COT_95d1.xlsx
AG-2428,BLANCO 00 Tropical,consu,Ferretería,Units,Tropical,,,False,False,False,SHARED,,,,1,,,,NEW_PRODUCT,1,1,MANUAL_REVIEW,MISSING_VALID_PRICE,NO_PRICE,,,,,,,,,blanco|00|tropical,COT_95d1.xlsx
AG-2429,AZUL Turquesa Popular,consu,Ferretería,Units,,,,False,False,False,SHARED,,,,1,,,,NEW_PRODUCT,1,1,MANUAL_REVIEW,MISSING_VALID_PRICE,NO_PRICE,,,,,,,,,azul|turquesa|popular,COT_95d1.xlsx
AG-2430,ROJO Positivo Popular,consu,Ferretería,Units,,,,False,False,False,SHARED,,,,1,,,,NEW_PRODUCT,1,1,MANUAL_REVIEW,MISSING_VALID_PRICE,NO_PRICE,,,,,,,,,rojo|positivo|popular,COT_95d1.xlsx
AG-2431,Amarillo Positivo Popular,consu,Ferretería,Units,,,,False,False,False,SHARED,,,,1,,,,NEW_PRODUCT,1,1,MANUAL_REVIEW,MISSING_VALID_PRICE,NO_PRICE,,,,,,,,,amarillo|positivo|popular,COT_95d1.xlsx
AG-2432,NEGRO Popular,consu,Ferretería,Units,,,,False,False,False,SHARED,,,,1,,,,NEW_PRODUCT,1,1,MANUAL_REVIEW,MISSING_VALID_PRICE,NO_PRICE,,,,,,,,,negro|popular,COT_95d1.xlsx
AG-2433,AZUL Positivo Popular,consu,Ferretería,Units,,,,False,False,False,SHARED,,,,1,,,,NEW_PRODUCT,1,1,MANUAL_REVIEW,MISSING_VALID_PRICE,NO_PRICE,,,,,,,,,azul|positivo|popular,COT_95d1.xlsx
AG-2434,AZUL CIELO Tropical,consu,Ferretería,Units,Tropical,,,False,False,False,SHARED,,,,1,,,,NEW_PRODUCT,1,1,MANUAL_REVIEW,MISSING_VALID_PRICE,NO_PRICE,,,,,,,,,azul|cielo|tropical,COT_95d1.xlsx
AG-2435,VERDE Positivo Popular,consu,Ferretería,Units,,,,False,False,False,SHARED,,,,1,,,,NEW_PRODUCT,1,1,MANUAL_REVIEW,MISSING_VALID_PRICE,NO_PRICE,,,,,,,,,verde|positivo|popular,COT_95d1.xlsx
AG-2436,GRIS CLARO Tropical,consu,Ferretería,Units,Tropical,,,False,False,False,SHARED,,,,1,,,,NEW_PRODUCT,1,1,MANUAL_REVIEW,MISSING_VALID_PRICE,NO_PRICE,,,,,,,,,gris|claro|tropical,COT_95d1.xlsx
AG-2437,Terracota Popular,consu,Ferretería,Units,,,,False,False,False,SHARED,,,,1,,,,NEW_PRODUCT,1,1,MANUAL_REVIEW,MISSING_VALID_PRICE,NO_PRICE,,,,,,,,,terracota|popular,COT_95d1.xlsx
AG-2438,Naranja Positivo Tropical,consu,Ferretería,Units,Tropical,,,False,False,False,SHARED,,,,1,,,,NEW_PRODUCT,1,1,MANUAL_REVIEW,MISSING_VALID_PRICE,NO_PRICE,,,,,,,,,naranja|positivo|tropical,COT_95d1.xlsx
AG-2457,Fechas: 1/12/2025- 21/12/2025 7:00 PM,consu,Ferretería,Units,,,caliber=1/12,False,False,False,SHARED,,,,1,,,,NEW_PRODUCT,1,1,MANUAL_REVIEW,MISSING_VALID_PRICE,NO_PRICE,,,,,,,,,fechas|1/12/2025-|21/12/2025|7|00|pm|1/12,FORMATO_DE_COTIZACION_2_21f4.xlsx
AG-2458,"LUGAR: (boulevard De Las Américas) Av. Las Américas Hacia El Puente, Av. Sabana Larga,",consu,Ferretería,Units,,,,False,False,False,SHARED,,,,3,,,,NEW_PRODUCT,1,3,MANUAL_REVIEW,MISSING_VALID_PRICE,NO_PRICE,,,,,,,,,lugar|boulevard|americas|av.|americas|hacia|puente|av.,FORMATO_DE_COTIZACION_2_21f4.xlsx
AG-2459,BANNER 20x10,consu,Ferretería,Units,,,,False,False,False,SHARED,,,,3,,,,NEW_PRODUCT,1,3,MANUAL_REVIEW,MISSING_VALID_PRICE,NO_PRICE,,,,,,,,,banner|20x10,FORMATO_DE_COTIZACION_2_21f4.xlsx
AG-2460,NOTA: Esta Cotizacion Incluye 2 Carteleras En El Mismo Lugar (boulevard De Las Américas),consu,Ferretería,Units,,,,False,False,False,SHARED,,,,1,,,,NEW_PRODUCT,1,1,MANUAL_REVIEW,MISSING_VALID_PRICE,NO_PRICE,,,,,,,,,nota|esta|cotizacion|incluye|2|carteleras|mismo|lugar,FORMATO_DE_COTIZACION_2_21f4.xlsx
AG-2461,FECHA: Lunes 1/12/2025 7:00 PM,consu,Ferretería,Units,,,caliber=1/12,False,False,False,SHARED,,,,1,,,,NEW_PRODUCT,1,1,MANUAL_REVIEW,MISSING_VALID_PRICE,NO_PRICE,,,,,,,,,fecha|lunes|1/12/2025|7|00|pm|1/12,FORMATO_DE_COTIZACION_2_21f4.xlsx
AG-2462,NOTA: Cotización Con El Costo Estimado De Un (1) Evento,consu,Ferretería,Units,,,,False,False,False,SHARED,,,,2,,,,NEW_PRODUCT,1,2,MANUAL_REVIEW,MISSING_VALID_PRICE,NO_PRICE,,,,,,,,,nota|cotizacion|costo|estimado|un|1|evento,FORMATO_DE_COTIZACION_2_21f4.xlsx
AG-2463,Fechas: Lunes 1/12/2025 7:00 PM,consu,Ferretería,Units,,,caliber=1/12,False,False,False,SHARED,,,,1,,,,NEW_PRODUCT,1,1,MANUAL_REVIEW,MISSING_VALID_PRICE,NO_PRICE,,,,,,,,,fechas|lunes|1/12/2025|7|00|pm|1/12,FORMATO_DE_COTIZACION_2_21f4.xlsx
AG-2474,Blanco 50 (175 Cubetas),consu,Ferretería,Units,,,,False,False,False,SHARED,,,,1,,,,NEW_PRODUCT,1,1,MANUAL_REVIEW,MISSING_VALID_PRICE,NO_PRICE,,,,,,,,,blanco|50|175|cubetas,FORMATO_DE_COTIZACION_2_21f4.xlsx
AG-2475,Azul Turquesa (100 Cubetas),consu,Ferretería,Units,,,,False,False,False,SHARED,,,,1,,,,NEW_PRODUCT,1,1,MANUAL_REVIEW,MISSING_VALID_PRICE,NO_PRICE,,,,,,,,,azul|turquesa|100|cubetas,FORMATO_DE_COTIZACION_2_21f4.xlsx
AG-2476,Rojo Positivo (150 Cubetas),consu,Ferretería,Units,,,,False,False,False,SHARED,,,,1,,,,NEW_PRODUCT,1,1,MANUAL_REVIEW,MISSING_VALID_PRICE,NO_PRICE,,,,,,,,,rojo|positivo|150|cubetas,FORMATO_DE_COTIZACION_2_21f4.xlsx
AG-2477,Amarillo Positivo (150 Cubetas),consu,Ferretería,Units,,,,False,False,False,SHARED,,,,1,,,,NEW_PRODUCT,1,1,MANUAL_REVIEW,MISSING_VALID_PRICE,NO_PRICE,,,,,,,,,amarillo|positivo|150|cubetas,FORMATO_DE_COTIZACION_2_21f4.xlsx
AG-2478,Negro (55 Cubetas),consu,Ferretería,Units,,,,False,False,False,SHARED,,,,1,,,,NEW_PRODUCT,1,1,MANUAL_REVIEW,MISSING_VALID_PRICE,NO_PRICE,,,,,,,,,negro|55|cubetas,FORMATO_DE_COTIZACION_2_21f4.xlsx
AG-2479,Azul Positivo (200 Cubetas),consu,Ferretería,Units,,,,False,False,False,SHARED,,,,1,,,,NEW_PRODUCT,1,1,MANUAL_REVIEW,MISSING_VALID_PRICE,NO_PRICE,,,,,,,,,azul|positivo|200|cubetas,FORMATO_DE_COTIZACION_2_21f4.xlsx
AG-2480,Azul Cielo (50 Cubetas),consu,Ferretería,Units,,,,False,False,False,SHARED,,,,1,,,,NEW_PRODUCT,1,1,MANUAL_REVIEW,MISSING_VALID_PRICE,NO_PRICE,,,,,,,,,azul|cielo|50|cubetas,FORMATO_DE_COTIZACION_2_21f4.xlsx
AG-2481,Verde Positivo (50 Cubetas),consu,Ferretería,Units,,,,False,False,False,SHARED,,,,1,,,,NEW_PRODUCT,1,1,MANUAL_REVIEW,MISSING_VALID_PRICE,NO_PRICE,,,,,,,,,verde|positivo|50|cubetas,FORMATO_DE_COTIZACION_2_21f4.xlsx
AG-2482,Gris Claro (100 Cubetas),consu,Ferretería,Units,,,,False,False,False,SHARED,,,,1,,,,NEW_PRODUCT,1,1,MANUAL_REVIEW,MISSING_VALID_PRICE,NO_PRICE,,,,,,,,,gris|claro|100|cubetas,FORMATO_DE_COTIZACION_2_21f4.xlsx
AG-2483,Terracota (100 Cubetas),consu,Ferretería,Units,,,,False,False,False,SHARED,,,,1,,,,NEW_PRODUCT,1,1,MANUAL_REVIEW,MISSING_VALID_PRICE,NO_PRICE,,,,,,,,,terracota|100|cubetas,FORMATO_DE_COTIZACION_2_21f4.xlsx
AG-2484,Naranja Positivo (100 Cubetas),consu,Ferretería,Units,,,,False,False,False,SHARED,,,,1,,,,NEW_PRODUCT,1,1,MANUAL_REVIEW,MISSING_VALID_PRICE,NO_PRICE,,,,,,,,,naranja|positivo|100|cubetas,FORMATO_DE_COTIZACION_2_21f4.xlsx
AG-2490,FUNDAS Plasticas NEGRAS 55 GLS,consu,Ferretería,Units,,,,False,False,False,SHARED,,,,1,,,,NEW_PRODUCT,1,1,MANUAL_REVIEW,MISSING_VALID_PRICE,NO_PRICE,,,,,,,,,fundas|plasticas|negras|55|gls,FORMATO_DE_COTIZACION_2_21f4.xlsx
AG-2491,FUNDAS Plasticas NEGRAS 24x30,consu,Ferretería,Units,,,,False,False,False,SHARED,,,,1,,,,NEW_PRODUCT,1,1,MANUAL_REVIEW,MISSING_VALID_PRICE,NO_PRICE,,,,,,,,,fundas|plasticas|negras|24x30,FORMATO_DE_COTIZACION_2_21f4.xlsx
AG-2492,FUNDAS Plasticas ROJA 55 GLS,consu,Ferretería,Units,,,,False,False,False,SHARED,,,,1,,,,NEW_PRODUCT,1,1,MANUAL_REVIEW,MISSING_VALID_PRICE,NO_PRICE,,,,,,,,,fundas|plasticas|roja|55|gls,FORMATO_DE_COTIZACION_2_21f4.xlsx
AG-2493,FUNDAS Plasticas ROJA 24x30,consu,Ferretería,Units,,,,False,False,False,SHARED,,,,1,,,,NEW_PRODUCT,1,1,MANUAL_REVIEW,MISSING_VALID_PRICE,NO_PRICE,,,,,,,,,fundas|plasticas|roja|24x30,FORMATO_DE_COTIZACION_2_21f4.xlsx
AG-2523,SACO DE ARROZ AA 125LB,consu,Alimentos,Units,,,presentation=125 lb,True,False,False,PINARIA,,,,1,,,,NEW_PRODUCT,1,1,MANUAL_REVIEW,MISSING_VALID_PRICE,NO_PRICE,,,,,,,,,saco|arroz|aa|125|lb|125 lb,cotizacion_del_marcelino_9bd9.xlsx
AG-2524,SACO DE AZUCAR CREMA 125LB,consu,Alimentos,Units,,,presentation=125 lb,True,False,False,PINARIA,,,,1,,,,NEW_PRODUCT,1,1,MANUAL_REVIEW,MISSING_VALID_PRICE,NO_PRICE,,,,,,,,,saco|azucar|crema|125|lb|125 lb,cotizacion_del_marcelino_9bd9.xlsx
AG-2525,SACO DE SAL MOLIDA 125LB,consu,Ferretería,Units,,,presentation=125 lb,False,False,False,SHARED,,,,1,,,,NEW_PRODUCT,1,1,MANUAL_REVIEW,MISSING_VALID_PRICE,NO_PRICE,,,,,,,,,saco|sal|molida|125|lb|125 lb,cotizacion_del_marcelino_9bd9.xlsx
AG-2526,SACOS DE Habichuelas GIRA 100LB,consu,Alimentos,Units,,,presentation=100 lb,True,False,False,PINARIA,,,,1,,,,NEW_PRODUCT,1,1,MANUAL_REVIEW,MISSING_VALID_PRICE,NO_PRICE,,,,,,,,,sacos|habichuelas|gira|100|lb|100 lb,cotizacion_del_marcelino_9bd9.xlsx
AG-2527,SACOS DE Habichuelas ROJAS 100LB,consu,Alimentos,Units,,,presentation=100 lb,True,False,False,PINARIA,,,,1,,,,NEW_PRODUCT,1,1,MANUAL_REVIEW,MISSING_VALID_PRICE,NO_PRICE,,,,,,,,,sacos|habichuelas|rojas|100|lb|100 lb,cotizacion_del_marcelino_9bd9.xlsx
AG-2528,SACOS DE Habichuelas NEGRAS 100LB,consu,Alimentos,Units,,,presentation=100 lb,True,False,False,PINARIA,,,,1,,,,NEW_PRODUCT,1,1,MANUAL_REVIEW,MISSING_VALID_PRICE,NO_PRICE,,,,,,,,,sacos|habichuelas|negras|100|lb|100 lb,cotizacion_del_marcelino_9bd9.xlsx
AG-2529,SACO DE TRIGO 50LB,consu,Ferretería,Units,,,presentation=50 lb,False,False,False,SHARED,,,,1,,,,NEW_PRODUCT,1,1,MANUAL_REVIEW,MISSING_VALID_PRICE,NO_PRICE,,,,,,,,,saco|trigo|50|lb|50 lb,cotizacion_del_marcelino_9bd9.xlsx
AG-2530,SACO DE AVENA 100LB LA America,consu,Ferretería,Units,,,presentation=100 lb,False,False,False,SHARED,,,,1,,,,NEW_PRODUCT,1,1,MANUAL_REVIEW,MISSING_VALID_PRICE,NO_PRICE,,,,,,,,,saco|avena|100|lb|america|100 lb,cotizacion_del_marcelino_9bd9.xlsx
AG-2531,SACO DE HARINA DE TRIGO 50LB Blanquita,consu,Alimentos,Units,,,presentation=50 lb,True,False,False,PINARIA,,,,1,,,,NEW_PRODUCT,1,1,MANUAL_REVIEW,MISSING_VALID_PRICE,NO_PRICE,,,,,,,,,saco|harina|trigo|50|lb|blanquita|50 lb,cotizacion_del_marcelino_9bd9.xlsx
AG-2532,Galletas DE SODA FARDO,consu,Ferretería,Units,,,,False,False,False,SHARED,,,,1,,,,NEW_PRODUCT,1,1,MANUAL_REVIEW,MISSING_VALID_PRICE,NO_PRICE,,,,,,,,,galletas|soda|fardo,cotizacion_del_marcelino_9bd9.xlsx
AG-2533,Maicena C/40 125GR,consu,Ferretería,Units,,,,False,False,False,SHARED,,,,1,,,,NEW_PRODUCT,1,1,MANUAL_REVIEW,MISSING_VALID_PRICE,NO_PRICE,,,,,,,,,maicena|c/40|125gr,cotizacion_del_marcelino_9bd9.xlsx
AG-2534,HARINA DEL Negrito 40/1 425 GR,consu,Alimentos,Units,,,caliber=40/1,True,False,False,PINARIA,,,,1,,,,NEW_PRODUCT,1,1,MANUAL_REVIEW,MISSING_VALID_PRICE,NO_PRICE,,,,,,,,,harina|negrito|40/1|425|gr|40/1,cotizacion_del_marcelino_9bd9.xlsx
AG-2535,CAFÉ PAQ 1LB SANTO Domingo,consu,Ferretería,Units,,,presentation=1 lb,False,False,False,SHARED,,,,1,,,,NEW_PRODUCT,1,1,MANUAL_REVIEW,MISSING_VALID_PRICE,NO_PRICE,,,,,,,,,cafe|paq|1|lb|santo|domingo|1 lb,cotizacion_del_marcelino_9bd9.xlsx
AG-2536,CAJA DE SAZON EN POLVO 24/1 MAGGI,consu,Ferretería,Units,,,caliber=24/1,False,False,False,SHARED,,,,1,,,,NEW_PRODUCT,1,1,MANUAL_REVIEW,MISSING_VALID_PRICE,NO_PRICE,,,,,,,,,caja|sazon|polvo|24/1|maggi|24/1,cotizacion_del_marcelino_9bd9.xlsx
AG-2537,CAJA DE SAZON Liquido 4 GAL BALDOM,consu,Ferretería,Units,,,presentation=4 gal,False,False,False,SHARED,,,,1,,,,NEW_PRODUCT,1,1,MANUAL_REVIEW,MISSING_VALID_PRICE,NO_PRICE,,,,,,,,,caja|sazon|liquido|4|gal|baldom|4 gal,cotizacion_del_marcelino_9bd9.xlsx
AG-2538,CAJA DE Guandules CON COCO 24/1,consu,Ferretería,Units,,,caliber=24/1,False,False,False,SHARED,,,,1,,,,NEW_PRODUCT,1,1,MANUAL_REVIEW,MISSING_VALID_PRICE,NO_PRICE,,,,,,,,,caja|guandules|coco|24/1|24/1,cotizacion_del_marcelino_9bd9.xlsx
AG-2539,CAJA DE Guandules 24/1 LA FAMOSA,consu,Ferretería,Units,,,caliber=24/1,False,False,False,SHARED,,,,1,,,,NEW_PRODUCT,1,1,MANUAL_REVIEW,MISSING_VALID_PRICE,NO_PRICE,,,,,,,,,caja|guandules|24/1|famosa|24/1,cotizacion_del_marcelino_9bd9.xlsx
AG-2540,CAJA DE LECHE DE COCO 24/1,consu,Alimentos,Units,,,caliber=24/1,True,False,False,PINARIA,,,,1,,,,NEW_PRODUCT,1,1,MANUAL_REVIEW,MISSING_VALID_PRICE,NO_PRICE,,,,,,,,,caja|leche|coco|24/1|24/1,cotizacion_del_marcelino_9bd9.xlsx
AG-2541,LATA DE ACEITE GRANDE Special,consu,Ferretería,Units,,,,False,False,False,SHARED,,,,1,,,,NEW_PRODUCT,1,1,MANUAL_REVIEW,MISSING_VALID_PRICE,NO_PRICE,,,,,,,,,lata|aceite|grande|special,cotizacion_del_marcelino_9bd9.xlsx
AG-2542,CAJA DE PASTA DE TOMATE LINDA,consu,Ferretería,Units,,,,False,False,False,SHARED,,,,1,,,,NEW_PRODUCT,1,1,MANUAL_REVIEW,MISSING_VALID_PRICE,NO_PRICE,,,,,,,,,caja|pasta|tomate|linda,cotizacion_del_marcelino_9bd9.xlsx
AG-2543,CAJA DE LECHE Evaporada 48/1 Carnation,consu,Alimentos,Units,,,caliber=48/1,True,False,False,PINARIA,,,,1,,,,NEW_PRODUCT,1,1,MANUAL_REVIEW,MISSING_VALID_PRICE,NO_PRICE,,,,,,,,,caja|leche|evaporada|48/1|carnation|48/1,cotizacion_del_marcelino_9bd9.xlsx
AG-2544,CAJA DE MAIZ DULCE 24/1 LA FAMOSA,consu,Ferretería,Units,,,caliber=24/1,False,False,False,SHARED,,,,1,,,,NEW_PRODUCT,1,1,MANUAL_REVIEW,MISSING_VALID_PRICE,NO_PRICE,,,,,,,,,caja|maiz|dulce|24/1|famosa|24/1,cotizacion_del_marcelino_9bd9.xlsx
AG-2545,CAJA DE TUNA EN TROZOS EN ACEITE Vegetal 24/1 CHERRY S. TROZO,consu,Alimentos,Units,,,caliber=24/1,True,False,False,PINARIA,,,,1,,,,NEW_PRODUCT,1,1,MANUAL_REVIEW,MISSING_VALID_PRICE,NO_PRICE,,,,,,,,,caja|tuna|trozos|aceite|vegetal|24/1|cherry|s.|24/1,cotizacion_del_marcelino_9bd9.xlsx
AG-2546,CAJA DE Mayonesa C/4 POSTES DE 5LB BALDOM,consu,Alimentos,Units,,,presentation=5 lb,True,False,False,PINARIA,,,,1,,,,NEW_PRODUCT,1,1,MANUAL_REVIEW,MISSING_VALID_PRICE,NO_PRICE,,,,,,,,,caja|mayonesa|c/4|postes|5|lb|baldom|5 lb,cotizacion_del_marcelino_9bd9.xlsx
AG-2547,CAJAS DE Mantequilla C4 TARROS DE 5LB,consu,Alimentos,Units,,,presentation=5 lb,True,False,False,PINARIA,,,,1,,,,NEW_PRODUCT,1,1,MANUAL_REVIEW,MISSING_VALID_PRICE,NO_PRICE,,,,,,,,,cajas|mantequilla|c4|tarros|5|lb|5 lb,cotizacion_del_marcelino_9bd9.xlsx
AG-2548,CAJA DE Vinagre C/4 GL AMBAR Constanza,consu,Ferretería,Units,,,presentation=4 gl,False,False,False,SHARED,,,,1,,,,NEW_PRODUCT,1,1,MANUAL_REVIEW,MISSING_VALID_PRICE,NO_PRICE,,,,,,,,,caja|vinagre|c/4|gal|ambar|constanza|4 gl,cotizacion_del_marcelino_9bd9.xlsx
AG-2549,CAJA DE SALSA CHINA C/4 GL BALDOM,consu,Ferretería,Units,,,presentation=4 gl,False,False,False,SHARED,,,,1,,,,NEW_PRODUCT,1,1,MANUAL_REVIEW,MISSING_VALID_PRICE,NO_PRICE,,,,,,,,,caja|salsa|china|c/4|gal|baldom|4 gl,cotizacion_del_marcelino_9bd9.xlsx
AG-2550,CAJA DE SOPITA 6/1 240 UND DOÑA Gallina,consu,Ferretería,Units,,,caliber=6/1,False,False,False,SHARED,,,,1,,,,NEW_PRODUCT,1,1,MANUAL_REVIEW,MISSING_VALID_PRICE,NO_PRICE,,,,,,,,,caja|sopita|6/1|240|und|dona|gallina|6/1,cotizacion_del_marcelino_9bd9.xlsx
AG-2551,CAJAS DE Chocolates EN Tabletas 60TB Embajador,consu,Ferretería,Units,,,,False,False,False,SHARED,,,,1,,,,NEW_PRODUCT,1,1,MANUAL_REVIEW,MISSING_VALID_PRICE,NO_PRICE,,,,,,,,,cajas|chocolates|tabletas|60tb|embajador,cotizacion_del_marcelino_9bd9.xlsx
AG-2552,FUNDA DE LECHE EN POLVO DE 55LB INCO,consu,Alimentos,Units,,,presentation=55 lb,True,False,False,PINARIA,,,,1,,,,NEW_PRODUCT,1,1,MANUAL_REVIEW,MISSING_VALID_PRICE,NO_PRICE,,,,,,,,,funda|leche|polvo|55|lb|inco|55 lb,cotizacion_del_marcelino_9bd9.xlsx
AG-2553,FARDO DE Espaguetis 10 LB MILANO,consu,Ferretería,Units,,,presentation=10 lb,False,False,False,SHARED,,,,1,,,,NEW_PRODUCT,1,1,MANUAL_REVIEW,MISSING_VALID_PRICE,NO_PRICE,,,,,,,,,fardo|espaguetis|10|lb|milano|10 lb,cotizacion_del_marcelino_9bd9.xlsx
AG-2554,Espirales 10/1 MIXTOS,consu,Ferretería,Units,,,caliber=10/1,False,False,False,SHARED,,,,1,,,,NEW_PRODUCT,1,1,MANUAL_REVIEW,MISSING_VALID_PRICE,NO_PRICE,,,,,,,,,espirales|10/1|mixtos|10/1,cotizacion_del_marcelino_9bd9.xlsx
AG-2555,FIDEOS FARDOS 10/1 MILANO,consu,Ferretería,Units,,,caliber=10/1,False,False,False,SHARED,,,,1,,,,NEW_PRODUCT,1,1,MANUAL_REVIEW,MISSING_VALID_PRICE,NO_PRICE,,,,,,,,,fideos|fardos|10/1|milano|10/1,cotizacion_del_marcelino_9bd9.xlsx
AG-2556,Vainilla BLANCA GL,consu,Ferretería,Units,,,,False,False,False,SHARED,,,,1,,,,NEW_PRODUCT,1,1,MANUAL_REVIEW,MISSING_VALID_PRICE,NO_PRICE,,,,,,,,,vainilla|blanca|gal,cotizacion_del_marcelino_9bd9.xlsx
AG-2557,VINO BLANCO PARA Cocinar CHEFF,consu,Ferretería,Units,,,,False,False,False,SHARED,,,,1,,,,NEW_PRODUCT,1,1,MANUAL_REVIEW,MISSING_VALID_PRICE,NO_PRICE,,,,,,,,,vino|blanco|para|cocinar|cheff,cotizacion_del_marcelino_9bd9.xlsx
AG-2558,ACEITE Vegetal GL FIGARO,consu,Alimentos,Units,,,,True,False,False,PINARIA,,,,1,,,,NEW_PRODUCT,1,1,MANUAL_REVIEW,MISSING_VALID_PRICE,NO_PRICE,,,,,,,,,aceite|vegetal|gal|figaro,cotizacion_del_marcelino_9bd9.xlsx
AG-2559,PAN Integral VIGA FUNDA,consu,Ferretería,Units,,,,False,False,False,SHARED,,,,1,,,,NEW_PRODUCT,1,1,MANUAL_REVIEW,MISSING_VALID_PRICE,NO_PRICE,,,,,,,,,pan|integral|viga|funda,cotizacion_del_marcelino_9bd9.xlsx
AG-2560,PAN BLANCO VIGA FUNDA Lumijor,consu,Ferretería,Units,,,,False,False,False,SHARED,,,,1,,,,NEW_PRODUCT,1,1,MANUAL_REVIEW,MISSING_VALID_PRICE,NO_PRICE,,,,,,,,,pan|blanco|viga|funda|lumijor,cotizacion_del_marcelino_9bd9.xlsx
AG-2561,Gelatina CAJA 48 UND ROYAL,consu,Ferretería,Units,,,,False,False,False,SHARED,,,,1,,,,NEW_PRODUCT,1,1,MANUAL_REVIEW,MISSING_VALID_PRICE,NO_PRICE,,,,,,,,,gelatina|caja|48|und|royal,cotizacion_del_marcelino_9bd9.xlsx
AG-2562,Compota Pequeñas,consu,Ferretería,Units,,,,False,False,False,SHARED,,,,1,,,,NEW_PRODUCT,1,1,MANUAL_REVIEW,MISSING_VALID_PRICE,NO_PRICE,,,,,,,,,compota|pequenas,cotizacion_del_marcelino_9bd9.xlsx
AG-2563,JUGOS Pequños DE CARTON 200ML SANTAL,consu,Ferretería,Units,,,,False,False,False,SHARED,,,,1,,,,NEW_PRODUCT,1,1,MANUAL_REVIEW,MISSING_VALID_PRICE,NO_PRICE,,,,,,,,,jugos|pequnos|carton|200ml|santal,cotizacion_del_marcelino_9bd9.xlsx
AG-2564,Azafran 12/9 G,consu,Ferretería,Units,,,caliber=12/9,False,False,False,SHARED,,,,1,,,,NEW_PRODUCT,1,1,MANUAL_REVIEW,MISSING_VALID_PRICE,NO_PRICE,,,,,,,,,azafran|12/9|g|12/9,cotizacion_del_marcelino_9bd9.xlsx
