REVIEW_ID,RAW_DESCRIPTION,ORIGINAL_REASON,NEW_CLASSIFICATION,MATCHED_PRODUCT_ID,MATCHED_PRODUCT,VALID_PRICE_FOUND,CURRENT_LIST_PRICE,PROPOSED_LIST_PRICE,PROPOSED_LIST_PRICE_2_DECIMALS,ACTION,CONFIDENCE,SOURCE,IS_FOOD,IS_MEAT,IS_SERVICE,PRICE_RULE,PRICE_EVIDENCE_FILE,PRICE_EVIDENCE_SHEET,PRICE_EVIDENCE_ROW,IDENTITY_KEY,ORIGINAL_REASONS
PREC-1575,Abanico Discovery HOME 16'',EXCESS_LIST_PRICE_PRECISION,PRICE_PRECISION_FIX,1575,Abanico Discovery HOME 16'',,2259.995,2260.0,2260.00,PRICE_PRECISION_FIX,HIGH,odoo_catalog,False,False,False,ROUND_HALF_UP_2,,,,abanico|discovery|home|16,EXCESS_PRECISION
PREC-1588,"Abanicos DE Pedestal KGLG 16""",EXCESS_LIST_PRICE_PRECISION,PRICE_PRECISION_FIX,1588,"Abanicos DE Pedestal KGLG 16""",,2776.835,2776.84,2776.84,PRICE_PRECISION_FIX,HIGH,odoo_catalog,False,False,False,ROUND_HALF_UP_2,,,,"abanicos|pedestal|kglg|16""|16""",EXCESS_PRECISION
PREC-537,Alambre DE VINIL 14/2 AWG PHELPS DODGE,EXCESS_LIST_PRICE_PRECISION,PRICE_PRECISION_FIX,537,Alambre DE VINIL 14/2 AWG PHELPS DODGE,,47.6005,47.6,47.60,PRICE_PRECISION_FIX,HIGH,odoo_catalog,False,False,False,ROUND_HALF_UP_2,,,,alambre|vinil|14/2|awg|phelps|dodge|14/2,EXCESS_PRECISION
PREC-1608,Armario DE METAL 2 Puertas 18X36X71,EXCESS_LIST_PRICE_PRECISION,PRICE_PRECISION_FIX,1608,Armario DE METAL 2 Puertas 18X36X71,,17205.1434,17205.14,17205.14,PRICE_PRECISION_FIX,HIGH,odoo_catalog,False,False,False,ROUND_HALF_UP_2,,,,armario|metal|2|puertas|18x36x71,EXCESS_PRECISION
PREC-1548,Barnice Primer Sealer Lanco,EXCESS_LIST_PRICE_PRECISION,PRICE_PRECISION_FIX,1548,Barnice Primer Sealer Lanco,,7923.7288,7923.73,7923.73,PRICE_PRECISION_FIX,HIGH,odoo_catalog,False,False,False,ROUND_HALF_UP_2,,,,barnice|primer|sealer|lanco,EXCESS_PRECISION
PREC-1580,BARNIZ Primier SEALER 3 Transparente CUBETA DE 5GL,EXCESS_LIST_PRICE_PRECISION,PRICE_PRECISION_FIX,1580,BARNIZ Primier SEALER 3 Transparente CUBETA DE 5GL,,6779.661,6779.66,6779.66,PRICE_PRECISION_FIX,HIGH,odoo_catalog,False,False,False,ROUND_HALF_UP_2,,,,barniz|primier|sealer|3|transparente|cubeta|5|gal|5 gl,EXCESS_PRECISION
PREC-869,Bisagra Corta 52 Gr MAD,EXCESS_LIST_PRICE_PRECISION,PRICE_PRECISION_FIX,869,Bisagra Corta 52 Gr MAD,,85.4875,85.49,85.49,PRICE_PRECISION_FIX,HIGH,odoo_catalog,False,False,False,ROUND_HALF_UP_2,,,,bisagra|corta|52|gr|mad,EXCESS_PRECISION
PREC-964,BROCHA DE 2'' ATLAS,EXCESS_LIST_PRICE_PRECISION,PRICE_PRECISION_FIX,964,BROCHA DE 2'' ATLAS,,141.2105,141.21,141.21,PRICE_PRECISION_FIX,HIGH,odoo_catalog,False,False,False,ROUND_HALF_UP_2,,,,brocha|2|atlas,EXCESS_PRECISION
PREC-383,BROCHA DE 3 ATLAS,EXCESS_LIST_PRICE_PRECISION,PRICE_PRECISION_FIX,383,BROCHA DE 3 ATLAS,,186.184,186.18,186.18,PRICE_PRECISION_FIX,HIGH,odoo_catalog,False,False,False,ROUND_HALF_UP_2,,,,brocha|3|atlas,EXCESS_PRECISION
PREC-384,BROCHA DE 4'' ATLAS,EXCESS_LIST_PRICE_PRECISION,PRICE_PRECISION_FIX,384,BROCHA DE 4'' ATLAS,,222.925,222.93,222.93,PRICE_PRECISION_FIX,HIGH,odoo_catalog,False,False,False,ROUND_HALF_UP_2,,,,brocha|4|atlas,EXCESS_PRECISION
PREC-1573,CAMA CON BASE DE MADERA 54 PG PILLOW TOP EURO AZUL,EXCESS_LIST_PRICE_PRECISION,PRICE_PRECISION_FIX,1573,CAMA CON BASE DE MADERA 54 PG PILLOW TOP EURO AZUL,,13049.9976,13050.0,13050.00,PRICE_PRECISION_FIX,HIGH,odoo_catalog,False,False,False,ROUND_HALF_UP_2,,,,cama|base|madera|54|pg|pillow|top|euro,EXCESS_PRECISION
PREC-954,Cemento GRIS TITAN 94 LB,EXCESS_LIST_PRICE_PRECISION,PRICE_PRECISION_FIX,954,Cemento GRIS TITAN 94 LB,,624.708,624.71,624.71,PRICE_PRECISION_FIX,HIGH,odoo_catalog,False,False,False,ROUND_HALF_UP_2,,,,cemento|gris|titan|94|lb|94 lb,EXCESS_PRECISION
PREC-871,Cerradura P/gaveta Tallo Largo Mipecker,EXCESS_LIST_PRICE_PRECISION,PRICE_PRECISION_FIX,871,Cerradura P/gaveta Tallo Largo Mipecker,,165.8542,165.85,165.85,PRICE_PRECISION_FIX,HIGH,odoo_catalog,False,False,False,ROUND_HALF_UP_2,,,,cerradura|p/gaveta|tallo|largo|mipecker,EXCESS_PRECISION
PREC-957,CLAVO DE ACERO 2 1/2,EXCESS_LIST_PRICE_PRECISION,PRICE_PRECISION_FIX,957,CLAVO DE ACERO 2 1/2,,87.954,87.95,87.95,PRICE_PRECISION_FIX,HIGH,odoo_catalog,False,False,False,ROUND_HALF_UP_2,,,,clavo|acero|2|1/2|1/2,EXCESS_PRECISION
PREC-958,CLAVO DE ACERO DE 4'',EXCESS_LIST_PRICE_PRECISION,PRICE_PRECISION_FIX,958,CLAVO DE ACERO DE 4'',,136.7335,136.73,136.73,PRICE_PRECISION_FIX,HIGH,odoo_catalog,False,False,False,ROUND_HALF_UP_2,,,,clavo|acero|4,EXCESS_PRECISION
PREC-877,Cola Poliuretano Universal 1 GL,EXCESS_LIST_PRICE_PRECISION,PRICE_PRECISION_FIX,877,Cola Poliuretano Universal 1 GL,,6086.2519,6086.25,6086.25,PRICE_PRECISION_FIX,HIGH,odoo_catalog,False,False,False,ROUND_HALF_UP_2,,,,cola|poliuretano|universal|1|gal|1 gl,EXCESS_PRECISION
PREC-876,Cubre Tornillo Ligth Grey 14mm Box 50 Uds,EXCESS_LIST_PRICE_PRECISION,PRICE_PRECISION_FIX,876,Cubre Tornillo Ligth Grey 14mm Box 50 Uds,,175.9382,175.94,175.94,PRICE_PRECISION_FIX,HIGH,odoo_catalog,False,False,False,ROUND_HALF_UP_2,,,,cubre|tornillo|ligth|grey|14|mm|box|50,EXCESS_PRECISION
PREC-1168,Demoledor Electrico SDS 2200W,EXCESS_LIST_PRICE_PRECISION,PRICE_PRECISION_FIX,1168,Demoledor Electrico SDS 2200W,,57193.216,57193.22,57193.22,PRICE_PRECISION_FIX,HIGH,odoo_catalog,False,False,False,ROUND_HALF_UP_2,,,,demoledor|electrico|sds|2200|w|2200W,EXCESS_PRECISION
PREC-1549,Diluyentes Para Pinturas Y Barnices (thinner Th-1000) Tropical,EXCESS_LIST_PRICE_PRECISION,PRICE_PRECISION_FIX,1549,Diluyentes Para Pinturas Y Barnices (thinner Th-1000) Tropical,,834.7458,834.75,834.75,PRICE_PRECISION_FIX,HIGH,odoo_catalog,False,False,False,ROUND_HALF_UP_2,,,,diluyentes|para|pinturas|barnices|thinner|th-1000|tropical|TH-1000,EXCESS_PRECISION
PREC-1581,Diluyente Thinner TH-1000 1GAL Popular,EXCESS_LIST_PRICE_PRECISION,PRICE_PRECISION_FIX,1581,Diluyente Thinner TH-1000 1GAL Popular,,762.7119,762.71,762.71,PRICE_PRECISION_FIX,HIGH,odoo_catalog,False,False,False,ROUND_HALF_UP_2,,,,diluyente|thinner|th-1000|1|gal|popular|TH-1000|1 gal,EXCESS_PRECISION
PREC-1572,ESTUFA A GAS Discovery HOME 24'',EXCESS_LIST_PRICE_PRECISION,PRICE_PRECISION_FIX,1572,ESTUFA A GAS Discovery HOME 24'',,15089.0022,15089.0,15089.00,PRICE_PRECISION_FIX,HIGH,odoo_catalog,False,False,False,ROUND_HALF_UP_2,,,,estufa|a|gas|discovery|home|24,EXCESS_PRECISION
PREC-1591,Gavetero TIPO RATTAN DE 5 Gavetas Duralon,EXCESS_LIST_PRICE_PRECISION,PRICE_PRECISION_FIX,1591,Gavetero TIPO RATTAN DE 5 Gavetas Duralon,,2619.4112,2619.41,2619.41,PRICE_PRECISION_FIX,HIGH,odoo_catalog,False,False,False,ROUND_HALF_UP_2,,,,gavetero|tipo|rattan|5|gavetas|duralon,EXCESS_PRECISION
PREC-1544,JUEGO Comedor Plastico 4 SILLAS RIMAX,EXCESS_LIST_PRICE_PRECISION,PRICE_PRECISION_FIX,1544,JUEGO Comedor Plastico 4 SILLAS RIMAX,,8959.9996,8960.0,8960.00,PRICE_PRECISION_FIX,HIGH,odoo_catalog,False,False,False,ROUND_HALF_UP_2,,,,juego|comedor|plastico|4|sillas|rimax,EXCESS_PRECISION
PREC-1559,JUEGO DE Comedor Platico DE 4 SILLAS RIMAX,EXCESS_LIST_PRICE_PRECISION,PRICE_PRECISION_FIX,1559,JUEGO DE Comedor Platico DE 4 SILLAS RIMAX,,8959.9996,8960.0,8960.00,PRICE_PRECISION_FIX,HIGH,odoo_catalog,False,False,False,ROUND_HALF_UP_2,,,,juego|comedor|platico|4|sillas|rimax,EXCESS_PRECISION
PREC-1543,Juego De Sala Plastico Duralon,EXCESS_LIST_PRICE_PRECISION,PRICE_PRECISION_FIX,1543,Juego De Sala Plastico Duralon,,17076.2712,17076.27,17076.27,PRICE_PRECISION_FIX,HIGH,odoo_catalog,False,False,False,ROUND_HALF_UP_2,,,,juego|sala|plastico|duralon,EXCESS_PRECISION
PREC-1570,JUEGO DE SALA Plastico JGO FERR Confort,EXCESS_LIST_PRICE_PRECISION,PRICE_PRECISION_FIX,1570,JUEGO DE SALA Plastico JGO FERR Confort,,20399.1556,20399.16,20399.16,PRICE_PRECISION_FIX,HIGH,odoo_catalog,False,False,False,ROUND_HALF_UP_2,,,,juego|sala|plastico|jgo|ferr|confort,EXCESS_PRECISION
PREC-1534,KIT DE Raciones Alimenticias,EXCESS_LIST_PRICE_PRECISION,PRICE_PRECISION_FIX,1534,KIT DE Raciones Alimenticias,,932.2034,932.2,932.20,PRICE_PRECISION_FIX,HIGH,odoo_catalog,False,False,False,ROUND_HALF_UP_2,,,,kit|raciones|alimenticias,EXCESS_PRECISION
PREC-1586,Lavadora SEMI Automatica 22 LB Dimensions,EXCESS_LIST_PRICE_PRECISION,PRICE_PRECISION_FIX,1586,Lavadora SEMI Automatica 22 LB Dimensions,,11695.0036,11695.0,11695.00,PRICE_PRECISION_FIX,HIGH,odoo_catalog,False,False,False,ROUND_HALF_UP_2,,,,lavadora|semi|automatica|22|lb|dimensions|22 lb,EXCESS_PRECISION
PREC-1571,Lavadora SEMI Automatica M/DIMI11W 11 KG Dimensions,EXCESS_LIST_PRICE_PRECISION,PRICE_PRECISION_FIX,1571,Lavadora SEMI Automatica M/DIMI11W 11 KG Dimensions,,11695.0036,11695.0,11695.00,PRICE_PRECISION_FIX,HIGH,odoo_catalog,False,False,False,ROUND_HALF_UP_2,,,,lavadora|semi|automatica|m/dimi11|w|11|kg|dimensions|DIMI11W|11W|11 kg,EXCESS_PRECISION
PREC-508,LEY 686,EXCESS_LIST_PRICE_PRECISION,PRICE_PRECISION_FIX,508,LEY 686,,11462.8102,11462.81,11462.81,PRICE_PRECISION_FIX,HIGH,odoo_catalog,False,False,False,ROUND_HALF_UP_2,,,,ley|686,EXCESS_PRECISION
PREC-57,LICUADORA DISCOVERY HOME 3-5 VEL 600W 1.5 LITROS,EXCESS_LIST_PRICE_PRECISION,PRICE_PRECISION_FIX,57,LICUADORA DISCOVERY HOME 3-5 VEL 600W 1.5 LITROS,,2229.9994,2230.0,2230.00,PRICE_PRECISION_FIX,HIGH,odoo_catalog,False,False,False,ROUND_HALF_UP_2,,,,licuadora|discovery|home|3-5|vel|600|w|1.5|600W,EXCESS_PRECISION
PREC-1585,Licuadoras Discovery HOME 3-5 VEL 600W 1.25 LITROS,EXCESS_LIST_PRICE_PRECISION,PRICE_PRECISION_FIX,1585,Licuadoras Discovery HOME 3-5 VEL 600W 1.25 LITROS,,2229.9994,2230.0,2230.00,PRICE_PRECISION_FIX,HIGH,odoo_catalog,False,False,False,ROUND_HALF_UP_2,,,,licuadoras|discovery|home|3-5|vel|600|w|1.25|600W,EXCESS_PRECISION
PREC-1550,Masilla Acrilica De Pared Lanco 1/4 Caja 6/1,EXCESS_LIST_PRICE_PRECISION,PRICE_PRECISION_FIX,1550,Masilla Acrilica De Pared Lanco 1/4 Caja 6/1,,1355.9322,1355.93,1355.93,PRICE_PRECISION_FIX,HIGH,odoo_catalog,False,False,False,ROUND_HALF_UP_2,,,,masilla|acrilica|pared|lanco|1/4|caja|6/1|1/4,EXCESS_PRECISION
PREC-1576,Microonda 21 L American 700-900 VATIOS,EXCESS_LIST_PRICE_PRECISION,PRICE_PRECISION_FIX,1576,Microonda 21 L American 700-900 VATIOS,,8573.998,8574.0,8574.00,PRICE_PRECISION_FIX,HIGH,odoo_catalog,False,False,False,ROUND_HALF_UP_2,,,,microonda|21|l|american|700-900|vatios|21 l,EXCESS_PRECISION
PREC-1547,Microondas American HMG-70 | 21 Litros,EXCESS_LIST_PRICE_PRECISION,PRICE_PRECISION_FIX,1547,Microondas American HMG-70 | 21 Litros,,6906.9322,6906.93,6906.93,PRICE_PRECISION_FIX,HIGH,odoo_catalog,False,False,False,ROUND_HALF_UP_2,,,,microondas|american|hmg-70|21|litros,EXCESS_PRECISION
PREC-965,MOTA 6'' Anti-gota LANCO,EXCESS_LIST_PRICE_PRECISION,PRICE_PRECISION_FIX,965,MOTA 6'' Anti-gota LANCO,,372.775,372.78,372.78,PRICE_PRECISION_FIX,HIGH,odoo_catalog,False,False,False,ROUND_HALF_UP_2,,,,mota|6|anti-gota|lanco,EXCESS_PRECISION
PREC-1005,"Motosierra 18"" 45.7CC 2.82HP Husqvarna",EXCESS_LIST_PRICE_PRECISION,PRICE_PRECISION_FIX,1005,"Motosierra 18"" 45.7CC 2.82HP Husqvarna",,74545.8144,74545.81,74545.81,PRICE_PRECISION_FIX,HIGH,odoo_catalog,False,False,False,ROUND_HALF_UP_2,,,,"motosierra|18""|45.7cc|2.82hp|husqvarna|18""",EXCESS_PRECISION
PREC-1150,Motosierra 18”48cc 2.4hp Gasoli. 2T,EXCESS_LIST_PRICE_PRECISION,PRICE_PRECISION_FIX,1150,Motosierra 18”48cc 2.4hp Gasoli. 2T,,34828.226,34828.23,34828.23,PRICE_PRECISION_FIX,HIGH,odoo_catalog,False,False,False,ROUND_HALF_UP_2,,,,motosierra|18|48cc|2.4hp|gasoli.|2t,EXCESS_PRECISION
PREC-1006,"Motosierra 20"" 59.8CC 4.3HP Husqvarna",EXCESS_LIST_PRICE_PRECISION,PRICE_PRECISION_FIX,1006,"Motosierra 20"" 59.8CC 4.3HP Husqvarna",,113562.509,113562.51,113562.51,PRICE_PRECISION_FIX,HIGH,odoo_catalog,False,False,False,ROUND_HALF_UP_2,,,,"motosierra|20""|59.8cc|4.3hp|husqvarna|20""",EXCESS_PRECISION
PREC-55,NEVERA TECNOMASTER 10 PC,EXCESS_LIST_PRICE_PRECISION,PRICE_PRECISION_FIX,55,NEVERA TECNOMASTER 10 PC,,23539.997,23540.0,23540.00,PRICE_PRECISION_FIX,HIGH,odoo_catalog,False,False,False,ROUND_HALF_UP_2,,,,nevera|tecnomaster|10|pc,EXCESS_PRECISION
PREC-1019,PERFIL 4X4 H.GALV.1.6,EXCESS_LIST_PRICE_PRECISION,PRICE_PRECISION_FIX,1019,PERFIL 4X4 H.GALV.1.6,,5267.192,5267.19,5267.19,PRICE_PRECISION_FIX,HIGH,odoo_catalog,False,False,False,ROUND_HALF_UP_2,,,,perfil|4x4|h.galv.1.6,EXCESS_PRECISION
PREC-1577,Pintura Acrilica Superior MATE PARA Exterior Popular,EXCESS_LIST_PRICE_PRECISION,PRICE_PRECISION_FIX,1577,Pintura Acrilica Superior MATE PARA Exterior Popular,,5847.4576,5847.46,5847.46,PRICE_PRECISION_FIX,HIGH,odoo_catalog,False,False,False,ROUND_HALF_UP_2,,,,pintura|acrilica|superior|mate|para|exterior|popular,EXCESS_PRECISION
PREC-1551,Pintura Acrílica Superior Mate P/exteriores,EXCESS_LIST_PRICE_PRECISION,PRICE_PRECISION_FIX,1551,Pintura Acrílica Superior Mate P/exteriores,,6326.2712,6326.27,6326.27,PRICE_PRECISION_FIX,HIGH,odoo_catalog,False,False,False,ROUND_HALF_UP_2,,,,pintura|acrilica|superior|mate|p/exteriores,EXCESS_PRECISION
PREC-1552,Pintura Trafico Esmalte CANO,EXCESS_LIST_PRICE_PRECISION,PRICE_PRECISION_FIX,1552,Pintura Trafico Esmalte CANO,,1564.0678,1564.07,1564.07,PRICE_PRECISION_FIX,HIGH,odoo_catalog,False,False,False,ROUND_HALF_UP_2,,,,pintura|trafico|esmalte|cano,EXCESS_PRECISION
PREC-873,Punta Ph 2 X 50mm - Bianditz 239202,EXCESS_LIST_PRICE_PRECISION,PRICE_PRECISION_FIX,873,Punta Ph 2 X 50mm - Bianditz 239202,,85.3715,85.37,85.37,PRICE_PRECISION_FIX,HIGH,odoo_catalog,False,False,False,ROUND_HALF_UP_2,,,,punta|ph|2|x|50|mm|-|bianditz,EXCESS_PRECISION
PREC-874,Punta Ph 2 X 75mm - Bianditz 240205,EXCESS_LIST_PRICE_PRECISION,PRICE_PRECISION_FIX,874,Punta Ph 2 X 75mm - Bianditz 240205,,350.5468,350.55,350.55,PRICE_PRECISION_FIX,HIGH,odoo_catalog,False,False,False,ROUND_HALF_UP_2,,,,punta|ph|2|x|75|mm|-|bianditz,EXCESS_PRECISION
PREC-875,Resbalardores Blanco/negro C/goma 1,EXCESS_LIST_PRICE_PRECISION,PRICE_PRECISION_FIX,875,Resbalardores Blanco/negro C/goma 1,,10.7688,10.77,10.77,PRICE_PRECISION_FIX,HIGH,odoo_catalog,False,False,False,ROUND_HALF_UP_2,,,,resbalardores|blanco/negro|c/goma|1,EXCESS_PRECISION
PREC-1590,SET DE Muebles Platicos FERR Confort,EXCESS_LIST_PRICE_PRECISION,PRICE_PRECISION_FIX,1590,SET DE Muebles Platicos FERR Confort,,20399.1556,20399.16,20399.16,PRICE_PRECISION_FIX,HIGH,odoo_catalog,False,False,False,ROUND_HALF_UP_2,,,,set|muebles|platicos|ferr|confort,EXCESS_PRECISION
PREC-995,Sub-total,EXCESS_LIST_PRICE_PRECISION,PRICE_PRECISION_FIX,995,Sub-total,,770414.9366,770414.94,770414.94,PRICE_PRECISION_FIX,HIGH,odoo_catalog,False,False,False,ROUND_HALF_UP_2,,,,sub-total,EXCESS_PRECISION
PREC-1593,Tanques O Cilindros DE GAS 25 LB Duragas,EXCESS_LIST_PRICE_PRECISION,PRICE_PRECISION_FIX,1593,Tanques O Cilindros DE GAS 25 LB Duragas,,3849.1364,3849.14,3849.14,PRICE_PRECISION_FIX,HIGH,odoo_catalog,False,False,False,ROUND_HALF_UP_2,,,,tanques|o|cilindros|gas|25|lb|duragas|25 lb,EXCESS_PRECISION
PREC-1574,Televisor AIWA 43'',EXCESS_LIST_PRICE_PRECISION,PRICE_PRECISION_FIX,1574,Televisor AIWA 43'',,14200.002,14200.0,14200.00,PRICE_PRECISION_FIX,HIGH,odoo_catalog,False,False,False,ROUND_HALF_UP_2,,,,televisor|aiwa|43,EXCESS_PRECISION
PREC-1583,Televisor DAIWA 43'',EXCESS_LIST_PRICE_PRECISION,PRICE_PRECISION_FIX,1583,Televisor DAIWA 43'',,14200.002,14200.0,14200.00,PRICE_PRECISION_FIX,HIGH,odoo_catalog,False,False,False,ROUND_HALF_UP_2,,,,televisor|daiwa|43,EXCESS_PRECISION
PREC-1584,"Televisor LG 40"" PULG",EXCESS_LIST_PRICE_PRECISION,PRICE_PRECISION_FIX,1584,"Televisor LG 40"" PULG",,17449.9934,17449.99,17449.99,PRICE_PRECISION_FIX,HIGH,odoo_catalog,False,False,False,ROUND_HALF_UP_2,,,,"televisor|lg|40""|pulg|40""",EXCESS_PRECISION
PREC-870,Tirador Inox Barra 96mm 9609 SS201,EXCESS_LIST_PRICE_PRECISION,PRICE_PRECISION_FIX,870,Tirador Inox Barra 96mm 9609 SS201,,36.644,36.64,36.64,PRICE_PRECISION_FIX,HIGH,odoo_catalog,False,False,False,ROUND_HALF_UP_2,,,,tirador|inox|barra|96|mm|9609|ss201|SS201,EXCESS_PRECISION
PREC-872,Tornillo Diab. Negro 2.5' 'x8 Mipecker,EXCESS_LIST_PRICE_PRECISION,PRICE_PRECISION_FIX,872,Tornillo Diab. Negro 2.5' 'x8 Mipecker,,10.7697,10.77,10.77,PRICE_PRECISION_FIX,HIGH,odoo_catalog,False,False,False,ROUND_HALF_UP_2,,,,tornillo|diab.|negro|2.5|x8|mipecker,EXCESS_PRECISION
PREC-1462,TOTAL Indirectos,EXCESS_LIST_PRICE_PRECISION,PRICE_PRECISION_FIX,1462,TOTAL Indirectos,,517848.716,517848.72,517848.72,PRICE_PRECISION_FIX,HIGH,odoo_catalog,False,False,False,ROUND_HALF_UP_2,,,,total|indirectos,EXCESS_PRECISION
PREC-1579,Trafico Amarillo Positivo,EXCESS_LIST_PRICE_PRECISION,PRICE_PRECISION_FIX,1579,Trafico Amarillo Positivo,,1398.3051,1398.31,1398.31,PRICE_PRECISION_FIX,HIGH,odoo_catalog,False,False,False,ROUND_HALF_UP_2,,,,trafico|amarillo|positivo,EXCESS_PRECISION
PREC-1578,Trafico Blanco,EXCESS_LIST_PRICE_PRECISION,PRICE_PRECISION_FIX,1578,Trafico Blanco,,1398.3051,1398.31,1398.31,PRICE_PRECISION_FIX,HIGH,odoo_catalog,False,False,False,ROUND_HALF_UP_2,,,,trafico|blanco,EXCESS_PRECISION
AG-0001,Preliminares,MISSING_VALID_PRICE,NON_PRODUCT,,,,,,,IGNORE_NON_PRODUCT,HIGH,COTIZACIONES_0.2_b68c.xlsx | COTIZACIONES_b089.xlsx,False,False,True,NO_PRICE,,,,preliminares,MISSING_VALID_PRICE
AG-0003,Construccion De Rampa P/puerta Principal,MISSING_VALID_PRICE,NEW_PRODUCT_WITHOUT_PRICE,,,,,,,KEEP_MANUAL_REVIEW,HIGH,COTIZACIONES_0.2_b68c.xlsx | COTIZACIONES_b089.xlsx,False,False,False,NO_PRICE,,,,construccion|rampa|p/puerta|principal,MISSING_VALID_PRICE
AG-0005,Construccion Acera,MISSING_VALID_PRICE,NON_PRODUCT,,,,,,,IGNORE_NON_PRODUCT,HIGH,COTIZACIONES_0.2_b68c.xlsx | COTIZACIONES_b089.xlsx,False,False,False,NO_PRICE,,,,construccion|acera,MISSING_VALID_PRICE
AG-0008,Pisos,MISSING_VALID_PRICE,NON_PRODUCT,,,,,,,IGNORE_NON_PRODUCT,HIGH,COTIZACIONES_0.2_b68c.xlsx | COTIZACIONES_b089.xlsx,False,False,False,NO_PRICE,,,,pisos,MISSING_VALID_PRICE
AG-0011,Direccion Tecnica,PRICE_OUTLIER_REVIEW;MISSING_VALID_PRICE,NON_PRODUCT,,,,,,,IGNORE_NON_PRODUCT,HIGH,COTIZACIONES_0.2_b68c.xlsx | COTIZACIONES__REMPART_GROUP_2_3578.xlsx | COTIZACIONES_b089.xlsx,False,False,True,PRICE_OUTLIER_REVIEW,,,,direccion|tecnica,PRICE_OUTLIER_REVIEW|MISSING_VALID_PRICE
AG-0012,Transporte,PRICE_OUTLIER_REVIEW;MISSING_VALID_PRICE,SERVICE,,,,,0.0,0.00,MAP_TO_SERVICES,HIGH,COTIZACIONES_0.2_b68c.xlsx | COTIZACIONES_DORALEX_SRL_bb53.xlsx | COTIZACIONES_DORALEX_f72a.xlsx | COTIZACIONES__REMPART_GROUP_2_3578.xlsx | COTIZACIONES_b089.xlsx,False,False,True,PRICE_OUTLIER_REVIEW,,,,transporte,PRICE_OUTLIER_REVIEW|MISSING_VALID_PRICE
AG-0013,Volumen Análisis,MISSING_VALID_PRICE,NEW_PRODUCT_WITHOUT_PRICE,,,,,,,KEEP_MANUAL_REVIEW,HIGH,COTIZACIONES_0.2_b68c.xlsx | COTIZACIONES_DORALEX_SRL_bb53.xlsx | COTIZACIONES_DORALEX_f72a.xlsx | COTIZACIONES_b089.xlsx,False,False,False,NO_PRICE,,,,volumen|analisis,MISSING_VALID_PRICE
AG-0014,Materiales Y Equipos,MISSING_VALID_PRICE,NEW_PRODUCT_WITHOUT_PRICE,,,,,,,KEEP_MANUAL_REVIEW,HIGH,COTIZACIONES_0.2_b68c.xlsx | COTIZACIONES_DORALEX_SRL_bb53.xlsx | COTIZACIONES_DORALEX_f72a.xlsx | COTIZACIONES_b089.xlsx,False,False,False,NO_PRICE,,,,materiales|equipos,MISSING_VALID_PRICE
AG-0015,Malla Electrosoldada D2.3 10x10mm + 10% Desp.,MISSING_VALID_PRICE,NEW_PRODUCT_WITHOUT_PRICE,,,,,,,KEEP_MANUAL_REVIEW,HIGH,COTIZACIONES_0.2_b68c.xlsx | COTIZACIONES_DORALEX_SRL_bb53.xlsx | COTIZACIONES_DORALEX_f72a.xlsx | COTIZACIONES_b089.xlsx,False,False,False,NO_PRICE,,,,malla|electrosoldada|d2.3|10x10|mm|10%|desp.,MISSING_VALID_PRICE
AG-0016,Hormigón Industrial 210kg/cm2 - 10% Desp,MISSING_VALID_PRICE,NEW_PRODUCT_WITHOUT_PRICE,,,,,,,KEEP_MANUAL_REVIEW,HIGH,COTIZACIONES_0.2_b68c.xlsx | COTIZACIONES_DORALEX_SRL_bb53.xlsx | COTIZACIONES_DORALEX_f72a.xlsx | COTIZACIONES_b089.xlsx,False,False,False,NO_PRICE,,,,hormigon|industrial|210|kg/cm2|-|10%|desp|210 kg,MISSING_VALID_PRICE
AG-0017,Alambre Dulce No. 18,MISSING_VALID_PRICE,NEW_PRODUCT_WITHOUT_PRICE,,,,,,,KEEP_MANUAL_REVIEW,HIGH,COTIZACIONES_0.2_b68c.xlsx | COTIZACIONES_DORALEX_SRL_bb53.xlsx | COTIZACIONES_DORALEX_f72a.xlsx | COTIZACIONES_b089.xlsx,False,False,False,NO_PRICE,,,,alambre|dulce|no.|18,MISSING_VALID_PRICE
AG-0018,Total/und,MISSING_VALID_PRICE,NEW_PRODUCT_WITHOUT_PRICE,,,,,,,KEEP_MANUAL_REVIEW,HIGH,COTIZACIONES_0.2_b68c.xlsx | COTIZACIONES_DORALEX_SRL_bb53.xlsx | COTIZACIONES_DORALEX_f72a.xlsx | COTIZACIONES_b089.xlsx,False,False,False,NO_PRICE,,,,total/und,MISSING_VALID_PRICE
AG-0019,TOTAL/M3,MISSING_VALID_PRICE,NEW_PRODUCT_WITHOUT_PRICE,,,,,,,KEEP_MANUAL_REVIEW,HIGH,COTIZACIONES_0.2_b68c.xlsx | COTIZACIONES_DORALEX_SRL_bb53.xlsx | COTIZACIONES_DORALEX_f72a.xlsx | COTIZACIONES_b089.xlsx,False,False,False,NO_PRICE,,,,total/m3,MISSING_VALID_PRICE
AG-0020,Construccion De Rampa Y Platea P/parqueos En Hormigon Asfaltico E:0.07,MISSING_VALID_PRICE,NEW_PRODUCT_WITHOUT_PRICE,,,,,,,KEEP_MANUAL_REVIEW,HIGH,COTIZACIONES_0.2_b68c.xlsx | COTIZACIONES_b089.xlsx,False,False,False,NO_PRICE,,,,construccion|rampa|platea|p/parqueos|hormigon|asfaltico|e|0.07,MISSING_VALID_PRICE
AG-0022,"Construccion Conten, Acera Y Platea",MISSING_VALID_PRICE,NEW_PRODUCT_WITHOUT_PRICE,,,,,,,KEEP_MANUAL_REVIEW,HIGH,COTIZACIONES_0.2_b68c.xlsx | COTIZACIONES_b089.xlsx,False,False,False,NO_PRICE,,,,construccion|conten|acera|platea,MISSING_VALID_PRICE
AG-0025,Construccion Pandereta P/division En Sheetrock,MISSING_VALID_PRICE,NEW_PRODUCT_WITHOUT_PRICE,,,,,,,KEEP_MANUAL_REVIEW,HIGH,COTIZACIONES_0.2_b68c.xlsx | COTIZACIONES__REMPART_GROUP_2_3578.xlsx | COTIZACIONES_b089.xlsx,False,False,False,NO_PRICE,,,,construccion|pandereta|p/division|sheetrock,MISSING_VALID_PRICE
AG-0028,Sistema De Cuarto Frio Y Congelador,MISSING_VALID_PRICE,NEW_PRODUCT_WITHOUT_PRICE,,,,,,,KEEP_MANUAL_REVIEW,HIGH,COTIZACIONES_0.2_b68c.xlsx | COTIZACIONES_b089.xlsx,False,False,False,NO_PRICE,,,,sistema|cuarto|frio|congelador,MISSING_VALID_PRICE
AG-0031,A/C,MISSING_VALID_PRICE,NEW_PRODUCT_WITHOUT_PRICE,,,,,,,KEEP_MANUAL_REVIEW,HIGH,COTIZACIONES_0.2_b68c.xlsx | COTIZACIONES_b089.xlsx,False,False,False,NO_PRICE,,,,a/c,MISSING_VALID_PRICE
AG-0032,Mantenimiento/hidrolavado,MISSING_VALID_PRICE,NEW_PRODUCT_WITHOUT_PRICE,,,,,,,KEEP_MANUAL_REVIEW,HIGH,COTIZACIONES_0.2_b68c.xlsx | COTIZACIONES_b089.xlsx,False,False,False,NO_PRICE,,,,mantenimiento/hidrolavado,MISSING_VALID_PRICE
AG-0036,Reparacion/instalacion/vacio-suministro,MISSING_VALID_PRICE,NEW_PRODUCT_WITHOUT_PRICE,,,,,,,KEEP_MANUAL_REVIEW,HIGH,COTIZACIONES_0.2_b68c.xlsx | COTIZACIONES_b089.xlsx,False,False,False,NO_PRICE,,,,reparacion/instalacion/vacio-suministro,MISSING_VALID_PRICE
AG-0039,A/C PISO TECHO,MISSING_VALID_PRICE,NEW_PRODUCT_WITHOUT_PRICE,,,,,,,KEEP_MANUAL_REVIEW,HIGH,COTIZACIONES_0.2_b68c.xlsx | COTIZACIONES_b089.xlsx,False,False,False,NO_PRICE,,,,a/c|piso|techo,MISSING_VALID_PRICE
AG-0042,A/C SPLIT,MISSING_VALID_PRICE,NEW_PRODUCT_WITHOUT_PRICE,,,,,,,KEEP_MANUAL_REVIEW,HIGH,COTIZACIONES_0.2_b68c.xlsx | COTIZACIONES_b089.xlsx,False,False,False,NO_PRICE,,,,a/c|split,MISSING_VALID_PRICE
AG-0044,A/C DE 5 TON Ductiable,MISSING_VALID_PRICE,NEW_PRODUCT_WITHOUT_PRICE,,,,,,,KEEP_MANUAL_REVIEW,HIGH,COTIZACIONES_0.2_b68c.xlsx | COTIZACIONES_b089.xlsx,False,False,False,NO_PRICE,,,,a/c|5|ton|ductiable,MISSING_VALID_PRICE
AG-0053,Entregado POR,MISSING_VALID_PRICE,NEW_PRODUCT_WITHOUT_PRICE,,,,,,,KEEP_MANUAL_REVIEW,HIGH,COTIZACIONES_0.2_b68c.xlsx | COTIZACIONES_b089.xlsx,False,False,False,NO_PRICE,,,,entregado|por,MISSING_VALID_PRICE
AG-0074,Alambre #8 AWG,PRICE_OUTLIER_REVIEW;MISSING_VALID_PRICE,NEW_PRODUCT_WITHOUT_PRICE,,,,,,,KEEP_MANUAL_REVIEW,HIGH,COTIZACIONES_0.2_b68c.xlsx | COTIZACIONES_DORALEX_SRL_bb53.xlsx | COTIZACIONES__REMPART_GROUP_2_3578.xlsx,False,False,False,PRICE_OUTLIER_REVIEW,,,,alambre|8|awg,PRICE_OUTLIER_REVIEW|MISSING_VALID_PRICE
AG-0107,Conector KIT,PRICE_OUTLIER_REVIEW;MISSING_VALID_PRICE,NEW_PRODUCT_WITHOUT_PRICE,,,,,,,KEEP_MANUAL_REVIEW,HIGH,COTIZACIONES_0.2_b68c.xlsx | COTIZACIONES_DORALEX_SRL_bb53.xlsx | COTIZACIONES__REMPART_GROUP_2_3578.xlsx,False,False,False,PRICE_OUTLIER_REVIEW,,,,conector|kit,PRICE_OUTLIER_REVIEW|MISSING_VALID_PRICE
AG-0199,Varilla 1/4,PRICE_OUTLIER_REVIEW;MISSING_VALID_PRICE,NEW_PRODUCT_WITHOUT_PRICE,,,,,,,KEEP_MANUAL_REVIEW,HIGH,COTIZACIONES_0.2_b68c.xlsx | COTIZACIONES_DORALEX_SRL_bb53.xlsx | COTIZACIONES_DORALEX_f72a.xlsx | COTIZACIONES__REMPART_GROUP_2_3578.xlsx,False,False,False,PRICE_OUTLIER_REVIEW,,,,varilla|1/4|1/4,PRICE_OUTLIER_REVIEW|MISSING_VALID_PRICE
AG-0225,Genrador DIESEL,MISSING_VALID_PRICE,NEW_PRODUCT_WITHOUT_PRICE,,,,,,,KEEP_MANUAL_REVIEW,HIGH,COTIZACIONES_0.2_b68c.xlsx,False,False,False,NO_PRICE,,,,genrador|diesel,MISSING_VALID_PRICE
AG-0235,SIERRA Electrica,MISSING_VALID_PRICE,NEW_PRODUCT_WITHOUT_PRICE,,,,,,,KEEP_MANUAL_REVIEW,HIGH,COTIZACIONES_0.2_b68c.xlsx,False,False,False,NO_PRICE,,,,sierra|electrica,MISSING_VALID_PRICE
AG-0237,Sistema DE Seguridad PARA Choques,MISSING_VALID_PRICE,NEW_PRODUCT_WITHOUT_PRICE,,,,,,,KEEP_MANUAL_REVIEW,HIGH,COTIZACIONES_0.2_b68c.xlsx,False,False,False,NO_PRICE,,,,sistema|seguridad|para|choques,MISSING_VALID_PRICE
AG-0242,Maquina PARA SOLDAR,MISSING_VALID_PRICE,NEW_PRODUCT_WITHOUT_PRICE,,,,,,,KEEP_MANUAL_REVIEW,HIGH,COTIZACIONES_0.2_b68c.xlsx,False,False,False,NO_PRICE,,,,maquina|para|soldar,MISSING_VALID_PRICE
AG-0366,Impermiabilizante,MISSING_VALID_PRICE,NEW_PRODUCT_WITHOUT_PRICE,,,,,,,KEEP_MANUAL_REVIEW,HIGH,COTIZACIONES_0.2_b68c.xlsx | COTIZACIONES__REMPART_GROUP_2_3578.xlsx,False,False,False,NO_PRICE,,,,impermiabilizante,MISSING_VALID_PRICE
AG-0367,"Impermiabilizacion De Techo, A Base De Lona Asfaltica 4kg Granular (5mm) De Espesor Y",PRICE_OUTLIER_REVIEW;MISSING_VALID_PRICE,NEW_PRODUCT_WITHOUT_PRICE,,,,,,,KEEP_MANUAL_REVIEW,HIGH,COTIZACIONES_0.2_b68c.xlsx | COTIZACIONES__REMPART_GROUP_2_3578.xlsx,False,False,False,PRICE_OUTLIER_REVIEW,,,,impermiabilizacion|techo|a|base|lona|asfaltica|4|kg|4 kg,PRICE_OUTLIER_REVIEW|MISSING_VALID_PRICE
AG-0368,Ventana Y Puerta,MISSING_VALID_PRICE,NEW_PRODUCT_WITHOUT_PRICE,,,,,,,KEEP_MANUAL_REVIEW,HIGH,COTIZACIONES_0.2_b68c.xlsx | COTIZACIONES__REMPART_GROUP_2_3578.xlsx,False,False,False,NO_PRICE,,,,ventana|puerta,MISSING_VALID_PRICE
AG-0370,Puerta Polimetal 2.10x1 M,PRICE_OUTLIER_REVIEW;MISSING_VALID_PRICE,NEW_PRODUCT_WITHOUT_PRICE,,,,,,,KEEP_MANUAL_REVIEW,HIGH,COTIZACIONES_0.2_b68c.xlsx | COTIZACIONES__REMPART_GROUP_2_3578.xlsx,False,False,False,PRICE_OUTLIER_REVIEW,,,,puerta|polimetal|2.10x1|m,PRICE_OUTLIER_REVIEW|MISSING_VALID_PRICE
AG-0426,BOLSAS DE BASURA,MISSING_VALID_PRICE,NEW_PRODUCT_WITHOUT_PRICE,,,,,,,KEEP_MANUAL_REVIEW,HIGH,COTIZACIONES_0.2_b68c.xlsx,False,False,False,NO_PRICE,,,,bolsas|basura,MISSING_VALID_PRICE
AG-0454,Guantes PARA Electricos,MISSING_VALID_PRICE,NEW_PRODUCT_WITHOUT_PRICE,,,,,,,KEEP_MANUAL_REVIEW,HIGH,COTIZACIONES_0.2_b68c.xlsx,False,False,False,NO_PRICE,,,,guantes|para|electricos,MISSING_VALID_PRICE
AG-0463,Reflector DE 500 W LED,MISSING_VALID_PRICE,NEW_PRODUCT_WITHOUT_PRICE,,,,,,,KEEP_MANUAL_REVIEW,HIGH,COTIZACIONES_0.2_b68c.xlsx,False,False,False,NO_PRICE,,,,reflector|500|w|led|500W,MISSING_VALID_PRICE
AG-0471,Barrena 3/8 Concreto IRWIN,PRICE_OUTLIER_REVIEW;MISSING_VALID_PRICE,NEW_PRODUCT_WITHOUT_PRICE,,,,,,,KEEP_MANUAL_REVIEW,HIGH,COTIZACIONES_0.2_b68c.xlsx | COTIZACIONES__REMPART_GROUP_2_3578.xlsx,False,False,False,PRICE_OUTLIER_REVIEW,,,,barrena|3/8|concreto|irwin|3/8,PRICE_OUTLIER_REVIEW|MISSING_VALID_PRICE
AG-0478,PALO P/PARA PICO,MISSING_VALID_PRICE,NEW_PRODUCT_WITHOUT_PRICE,,,,,,,KEEP_MANUAL_REVIEW,HIGH,COTIZACIONES_0.2_b68c.xlsx,False,False,False,NO_PRICE,,,,palo|p/para|pico,MISSING_VALID_PRICE
AG-0500,MADERA 2X4X12,MISSING_VALID_PRICE,NEW_PRODUCT_WITHOUT_PRICE,,,,,,,KEEP_MANUAL_REVIEW,HIGH,COTIZACIONES_0.2_b68c.xlsx,False,False,False,NO_PRICE,,,,madera|2x4x12,MISSING_VALID_PRICE
AG-0503,Andamios 6X3 Completos,MISSING_VALID_PRICE,NEW_PRODUCT_WITHOUT_PRICE,,,,,,,KEEP_MANUAL_REVIEW,HIGH,COTIZACIONES_0.2_b68c.xlsx,False,False,False,NO_PRICE,,,,andamios|6x3|completos,MISSING_VALID_PRICE
AG-0514,PROA LA URENA- Ayuntamiento SANTO Domingo ESTE,MISSING_VALID_PRICE,NEW_PRODUCT_WITHOUT_PRICE,,,,,,,KEEP_MANUAL_REVIEW,HIGH,COTIZACIONES_0.2_b68c.xlsx,False,False,False,NO_PRICE,,,,proa|urena-|ayuntamiento|santo|domingo|este,MISSING_VALID_PRICE
AG-0528,Alambre VINIL 10/2,MISSING_VALID_PRICE,NEW_PRODUCT_WITHOUT_PRICE,,,,,,,KEEP_MANUAL_REVIEW,HIGH,COTIZACIONES_0.2_b68c.xlsx,False,False,False,NO_PRICE,,,,alambre|vinil|10/2|10/2,MISSING_VALID_PRICE
AG-0529,Angular DE 1/2X1/4,MISSING_VALID_PRICE,NEW_PRODUCT_WITHOUT_PRICE,,,,,,,KEEP_MANUAL_REVIEW,HIGH,COTIZACIONES_0.2_b68c.xlsx,False,False,False,NO_PRICE,,,,angular|1/2x1/4,MISSING_VALID_PRICE
AG-0530,Armario DE Oficina,MISSING_VALID_PRICE,NEW_PRODUCT_WITHOUT_PRICE,,,,,,,KEEP_MANUAL_REVIEW,HIGH,COTIZACIONES_0.2_b68c.xlsx,False,False,False,NO_PRICE,,,,armario|oficina,MISSING_VALID_PRICE
AG-0531,Bombilla 65 W,MISSING_VALID_PRICE,NEW_PRODUCT_WITHOUT_PRICE,,,,,,,KEEP_MANUAL_REVIEW,HIGH,COTIZACIONES_0.2_b68c.xlsx,False,False,False,NO_PRICE,,,,bombilla|65|w|65W,MISSING_VALID_PRICE
AG-0532,Bombillas MH 1500W,MISSING_VALID_PRICE,NEW_PRODUCT_WITHOUT_PRICE,,,,,,,KEEP_MANUAL_REVIEW,HIGH,COTIZACIONES_0.2_b68c.xlsx,False,False,False,NO_PRICE,,,,bombillas|mh|1500|w|1500W,MISSING_VALID_PRICE
AG-0533,Bombillas MH 1000W,MISSING_VALID_PRICE,NEW_PRODUCT_WITHOUT_PRICE,,,,,,,KEEP_MANUAL_REVIEW,HIGH,COTIZACIONES_0.2_b68c.xlsx,False,False,False,NO_PRICE,,,,bombillas|mh|1000|w|1000W,MISSING_VALID_PRICE
AG-0534,Bombillas MH 250W,MISSING_VALID_PRICE,NEW_PRODUCT_WITHOUT_PRICE,,,,,,,KEEP_MANUAL_REVIEW,HIGH,COTIZACIONES_0.2_b68c.xlsx,False,False,False,NO_PRICE,,,,bombillas|mh|250|w|250W,MISSING_VALID_PRICE
AG-0535,BRAZOS DE 6 HG PARA Lampara,MISSING_VALID_PRICE,NEW_PRODUCT_WITHOUT_PRICE,,,,,,,KEEP_MANUAL_REVIEW,HIGH,COTIZACIONES_0.2_b68c.xlsx,False,False,False,NO_PRICE,,,,brazos|6|hg|para|lampara,MISSING_VALID_PRICE
AG-0536,CEDAZO DE Construccion,MISSING_VALID_PRICE,NEW_PRODUCT_WITHOUT_PRICE,,,,,,,KEEP_MANUAL_REVIEW,HIGH,COTIZACIONES_0.2_b68c.xlsx,False,False,False,NO_PRICE,,,,cedazo|construccion,MISSING_VALID_PRICE
AG-0537,LAMPRA LED TIPO COBRA 200 W,MISSING_VALID_PRICE,NEW_PRODUCT_WITHOUT_PRICE,,,,,,,KEEP_MANUAL_REVIEW,HIGH,COTIZACIONES_0.2_b68c.xlsx,False,False,False,NO_PRICE,,,,lampra|led|tipo|cobra|200|w|200W,MISSING_VALID_PRICE
AG-0538,MECHAS DE 1/2,MISSING_VALID_PRICE,NEW_PRODUCT_WITHOUT_PRICE,,,,,,,KEEP_MANUAL_REVIEW,HIGH,COTIZACIONES_0.2_b68c.xlsx,False,False,False,NO_PRICE,,,,mechas|1/2|1/2,MISSING_VALID_PRICE
AG-0539,MECHAS DE 1/4,MISSING_VALID_PRICE,NEW_PRODUCT_WITHOUT_PRICE,,,,,,,KEEP_MANUAL_REVIEW,HIGH,COTIZACIONES_0.2_b68c.xlsx,False,False,False,NO_PRICE,,,,mechas|1/4|1/4,MISSING_VALID_PRICE
AG-0540,MECHAS DE 3/16,MISSING_VALID_PRICE,NEW_PRODUCT_WITHOUT_PRICE,,,,,,,KEEP_MANUAL_REVIEW,HIGH,COTIZACIONES_0.2_b68c.xlsx,False,False,False,NO_PRICE,,,,mechas|3/16|3/16,MISSING_VALID_PRICE
AG-0541,MECHAS DE 3/8,MISSING_VALID_PRICE,NEW_PRODUCT_WITHOUT_PRICE,,,,,,,KEEP_MANUAL_REVIEW,HIGH,COTIZACIONES_0.2_b68c.xlsx,False,False,False,NO_PRICE,,,,mechas|3/8|3/8,MISSING_VALID_PRICE
AG-0542,PALA DE PICO,MISSING_VALID_PRICE,NEW_PRODUCT_WITHOUT_PRICE,,,,,,,KEEP_MANUAL_REVIEW,HIGH,COTIZACIONES_0.2_b68c.xlsx,False,False,False,NO_PRICE,,,,pala|pico,MISSING_VALID_PRICE
AG-0543,PINZA DE CORTE,MISSING_VALID_PRICE,NEW_PRODUCT_WITHOUT_PRICE,,,,,,,KEEP_MANUAL_REVIEW,HIGH,COTIZACIONES_0.2_b68c.xlsx,False,False,False,NO_PRICE,,,,pinza|corte,MISSING_VALID_PRICE
AG-0544,PINZA DE AGARRE,MISSING_VALID_PRICE,NEW_PRODUCT_WITHOUT_PRICE,,,,,,,KEEP_MANUAL_REVIEW,HIGH,COTIZACIONES_0.2_b68c.xlsx,False,False,False,NO_PRICE,,,,pinza|agarre,MISSING_VALID_PRICE
AG-0545,RC2 (disluido Asfaltico ),MISSING_VALID_PRICE,NEW_PRODUCT_WITHOUT_PRICE,,,,,,,KEEP_MANUAL_REVIEW,HIGH,COTIZACIONES_0.2_b68c.xlsx,False,False,False,NO_PRICE,,,,rc2|disluido|asfaltico,MISSING_VALID_PRICE
AG-0546,Taladro 1 HP,MISSING_VALID_PRICE,NEW_PRODUCT_WITHOUT_PRICE,,,,,,,KEEP_MANUAL_REVIEW,HIGH,COTIZACIONES_0.2_b68c.xlsx,False,False,False,NO_PRICE,,,,taladro|1|hp,MISSING_VALID_PRICE
AG-0547,Taladro DE 500 W,MISSING_VALID_PRICE,NEW_PRODUCT_WITHOUT_PRICE,,,,,,,KEEP_MANUAL_REVIEW,HIGH,COTIZACIONES_0.2_b68c.xlsx,False,False,False,NO_PRICE,,,,taladro|500|w|500W,MISSING_VALID_PRICE
AG-0548,Tornillo DE 5/8,MISSING_VALID_PRICE,NEW_PRODUCT_WITHOUT_PRICE,,,,,,,KEEP_MANUAL_REVIEW,HIGH,COTIZACIONES_0.2_b68c.xlsx,False,False,False,NO_PRICE,,,,tornillo|5/8|5/8,MISSING_VALID_PRICE
AG-0549,Arandela 5/8,MISSING_VALID_PRICE,NEW_PRODUCT_WITHOUT_PRICE,,,,,,,KEEP_MANUAL_REVIEW,HIGH,COTIZACIONES_0.2_b68c.xlsx,False,False,False,NO_PRICE,,,,arandela|5/8|5/8,MISSING_VALID_PRICE
AG-0550,Granzote (relleno),MISSING_VALID_PRICE,NEW_PRODUCT_WITHOUT_PRICE,,,,,,,KEEP_MANUAL_REVIEW,HIGH,COTIZACIONES_0.2_b68c.xlsx,False,False,False,NO_PRICE,,,,granzote|relleno,MISSING_VALID_PRICE
AG-0551,Reductores DE Velocidad (boyas),MISSING_VALID_PRICE,NEW_PRODUCT_WITHOUT_PRICE,,,,,,,KEEP_MANUAL_REVIEW,HIGH,COTIZACIONES_0.2_b68c.xlsx,False,False,False,NO_PRICE,,,,reductores|velocidad|boyas,MISSING_VALID_PRICE
AG-0554,Materiales,MISSING_VALID_PRICE,NEW_PRODUCT_WITHOUT_PRICE,,,,,,,KEEP_MANUAL_REVIEW,HIGH,COTIZACIONES_0.2_b68c.xlsx,False,False,False,NO_PRICE,,,,materiales,MISSING_VALID_PRICE
AG-0555,C AJAS DE Plafones,MISSING_VALID_PRICE,NEW_PRODUCT_WITHOUT_PRICE,,,,,,,KEEP_MANUAL_REVIEW,HIGH,COTIZACIONES_0.2_b68c.xlsx,False,False,False,NO_PRICE,,,,c|ajas|plafones,MISSING_VALID_PRICE
AG-0556,BRAZOS DE Puertas,MISSING_VALID_PRICE,NEW_PRODUCT_WITHOUT_PRICE,,,,,,,KEEP_MANUAL_REVIEW,HIGH,COTIZACIONES_0.2_b68c.xlsx,False,False,False,NO_PRICE,,,,brazos|puertas,MISSING_VALID_PRICE
AG-0557,LLAVES DE Lavamanos,MISSING_VALID_PRICE,NEW_PRODUCT_WITHOUT_PRICE,,,,,,,KEEP_MANUAL_REVIEW,HIGH,COTIZACIONES_0.2_b68c.xlsx,False,False,False,NO_PRICE,,,,llaves|lavamanos,MISSING_VALID_PRICE
AG-0558,JUNTAS DE CERA,MISSING_VALID_PRICE,NEW_PRODUCT_WITHOUT_PRICE,,,,,,,KEEP_MANUAL_REVIEW,HIGH,COTIZACIONES_0.2_b68c.xlsx,False,False,False,NO_PRICE,,,,juntas|cera,MISSING_VALID_PRICE
AG-0559,Chupones DE Orinales DE 1/2,MISSING_VALID_PRICE,NEW_PRODUCT_WITHOUT_PRICE,,,,,,,KEEP_MANUAL_REVIEW,HIGH,COTIZACIONES_0.2_b68c.xlsx,False,False,False,NO_PRICE,,,,chupones|orinales|1/2|1/2,MISSING_VALID_PRICE
AG-0560,Chupones DE Orinales DE 3/4,MISSING_VALID_PRICE,NEW_PRODUCT_WITHOUT_PRICE,,,,,,,KEEP_MANUAL_REVIEW,HIGH,COTIZACIONES_0.2_b68c.xlsx,False,False,False,NO_PRICE,,,,chupones|orinales|3/4|3/4,MISSING_VALID_PRICE
AG-0561,LLAVES PARA Orinario,MISSING_VALID_PRICE,NEW_PRODUCT_WITHOUT_PRICE,,,,,,,KEEP_MANUAL_REVIEW,HIGH,COTIZACIONES_0.2_b68c.xlsx,False,False,False,NO_PRICE,,,,llaves|para|orinario,MISSING_VALID_PRICE
AG-0562,JUNTAS PARA ORINAL,MISSING_VALID_PRICE,NEW_PRODUCT_WITHOUT_PRICE,,,,,,,KEEP_MANUAL_REVIEW,HIGH,COTIZACIONES_0.2_b68c.xlsx,False,False,False,NO_PRICE,,,,juntas|para|orinal,MISSING_VALID_PRICE
AG-0563,Extenciones DE Lavamano 1-1 1/4,MISSING_VALID_PRICE,NEW_PRODUCT_WITHOUT_PRICE,,,,,,,KEEP_MANUAL_REVIEW,HIGH,COTIZACIONES_0.2_b68c.xlsx,False,False,False,NO_PRICE,,,,extenciones|lavamano|1-1|1/4|1/4,MISSING_VALID_PRICE
AG-0564,LLAVES Fuxomerto,MISSING_VALID_PRICE,NEW_PRODUCT_WITHOUT_PRICE,,,,,,,KEEP_MANUAL_REVIEW,HIGH,COTIZACIONES_0.2_b68c.xlsx,False,False,False,NO_PRICE,,,,llaves|fuxomerto,MISSING_VALID_PRICE
AG-0565,Pinturas,MISSING_VALID_PRICE,NEW_PRODUCT_WITHOUT_PRICE,,,,,,,KEEP_MANUAL_REVIEW,HIGH,COTIZACIONES_0.2_b68c.xlsx | COTIZACIONES_DORALEX_SRL_bb53.xlsx,False,False,False,NO_PRICE,,,,pinturas,MISSING_VALID_PRICE
AG-0566,Pintura DE ACEITE GRIS,MISSING_VALID_PRICE,NEW_PRODUCT_WITHOUT_PRICE,,,,,,,KEEP_MANUAL_REVIEW,HIGH,COTIZACIONES_0.2_b68c.xlsx,False,False,False,NO_PRICE,,,,pintura|aceite|gris,MISSING_VALID_PRICE
AG-0567,Pintura BLANCO Colonial,MISSING_VALID_PRICE,NEW_PRODUCT_WITHOUT_PRICE,,,,,,,KEEP_MANUAL_REVIEW,HIGH,COTIZACIONES_0.2_b68c.xlsx,False,False,False,NO_PRICE,,,,pintura|blanco|colonial,MISSING_VALID_PRICE
AG-0568,SPRAY NEGRO,MISSING_VALID_PRICE,NEW_PRODUCT_WITHOUT_PRICE,,,,,,,KEEP_MANUAL_REVIEW,HIGH,COTIZACIONES_0.2_b68c.xlsx,False,False,False,NO_PRICE,,,,spray|negro,MISSING_VALID_PRICE
AG-0569,Electricidad,MISSING_VALID_PRICE,NEW_PRODUCT_WITHOUT_PRICE,,,,,,,KEEP_MANUAL_REVIEW,HIGH,COTIZACIONES_0.2_b68c.xlsx,False,False,False,NO_PRICE,,,,electricidad,MISSING_VALID_PRICE
AG-0570,CAJAS DE TUBO DE 32,MISSING_VALID_PRICE,NEW_PRODUCT_WITHOUT_PRICE,,,,,,,KEEP_MANUAL_REVIEW,HIGH,COTIZACIONES_0.2_b68c.xlsx,False,False,False,NO_PRICE,,,,cajas|tubo|32,MISSING_VALID_PRICE
AG-0571,CAJAS DE TUBO DE 40,MISSING_VALID_PRICE,NEW_PRODUCT_WITHOUT_PRICE,,,,,,,KEEP_MANUAL_REVIEW,HIGH,COTIZACIONES_0.2_b68c.xlsx,False,False,False,NO_PRICE,,,,cajas|tubo|40,MISSING_VALID_PRICE
AG-0572,TAPE NEGRO 3 M,MISSING_VALID_PRICE,NEW_PRODUCT_WITHOUT_PRICE,,,,,,,KEEP_MANUAL_REVIEW,HIGH,COTIZACIONES_0.2_b68c.xlsx,False,False,False,NO_PRICE,,,,tape|negro|3|m,MISSING_VALID_PRICE
AG-0573,Ebanisteria,MISSING_VALID_PRICE,NEW_PRODUCT_WITHOUT_PRICE,,,,,,,KEEP_MANUAL_REVIEW,HIGH,COTIZACIONES_0.2_b68c.xlsx,False,False,False,NO_PRICE,,,,ebanisteria,MISSING_VALID_PRICE
AG-0574,Silicon BLANCO,MISSING_VALID_PRICE,NEW_PRODUCT_WITHOUT_PRICE,,,,,,,KEEP_MANUAL_REVIEW,HIGH,COTIZACIONES_0.2_b68c.xlsx,False,False,False,NO_PRICE,,,,silicon|blanco,MISSING_VALID_PRICE
AG-0575,Galones DE CERA,MISSING_VALID_PRICE,NEW_PRODUCT_WITHOUT_PRICE,,,,,,,KEEP_MANUAL_REVIEW,HIGH,COTIZACIONES_0.2_b68c.xlsx,False,False,False,NO_PRICE,,,,galones|cera,MISSING_VALID_PRICE
AG-0576,BRILLO,MISSING_VALID_PRICE,NEW_PRODUCT_WITHOUT_PRICE,,,,,,,KEEP_MANUAL_REVIEW,HIGH,COTIZACIONES_0.2_b68c.xlsx,False,False,False,NO_PRICE,,,,brillo,MISSING_VALID_PRICE
AG-0577,Plancha MDF 4X8 X 12 MM,MISSING_VALID_PRICE,NEW_PRODUCT_WITHOUT_PRICE,,,,,,,KEEP_MANUAL_REVIEW,HIGH,COTIZACIONES_0.2_b68c.xlsx,False,False,False,NO_PRICE,,,,plancha|mdf|4x8|x|12|mm,MISSING_VALID_PRICE
AG-0578,Bisagra Invisible RECTA LARGA,MISSING_VALID_PRICE,NEW_PRODUCT_WITHOUT_PRICE,,,,,,,KEEP_MANUAL_REVIEW,HIGH,COTIZACIONES_0.2_b68c.xlsx,False,False,False,NO_PRICE,,,,bisagra|invisible|recta|larga,MISSING_VALID_PRICE
AG-0579,Cerradura PARA Gavetas TIRI LARGO,MISSING_VALID_PRICE,NEW_PRODUCT_WITHOUT_PRICE,,,,,,,KEEP_MANUAL_REVIEW,HIGH,COTIZACIONES_0.2_b68c.xlsx,False,False,False,NO_PRICE,,,,cerradura|para|gavetas|tiri|largo,MISSING_VALID_PRICE
AG-0580,Correderas FULL No. 18,MISSING_VALID_PRICE,NEW_PRODUCT_WITHOUT_PRICE,,,,,,,KEEP_MANUAL_REVIEW,HIGH,COTIZACIONES_0.2_b68c.xlsx,False,False,False,NO_PRICE,,,,correderas|full|no.|18,MISSING_VALID_PRICE
AG-0581,LACA,MISSING_VALID_PRICE,NEW_PRODUCT_WITHOUT_PRICE,,,,,,,KEEP_MANUAL_REVIEW,HIGH,COTIZACIONES_0.2_b68c.xlsx,False,False,False,NO_PRICE,,,,laca,MISSING_VALID_PRICE
AG-0582,Tninner LACA,MISSING_VALID_PRICE,NEW_PRODUCT_WITHOUT_PRICE,,,,,,,KEEP_MANUAL_REVIEW,HIGH,COTIZACIONES_0.2_b68c.xlsx,False,False,False,NO_PRICE,,,,tninner|laca,MISSING_VALID_PRICE
AG-0583,LIJAS DE AGUA No. 240,MISSING_VALID_PRICE,NEW_PRODUCT_WITHOUT_PRICE,,,,,,,KEEP_MANUAL_REVIEW,HIGH,COTIZACIONES_0.2_b68c.xlsx,False,False,False,NO_PRICE,,,,lijas|agua|no.|240,MISSING_VALID_PRICE
AG-0584,LIJAS DE AGUA No. 120,MISSING_VALID_PRICE,NEW_PRODUCT_WITHOUT_PRICE,,,,,,,KEEP_MANUAL_REVIEW,HIGH,COTIZACIONES_0.2_b68c.xlsx,False,False,False,NO_PRICE,,,,lijas|agua|no.|120,MISSING_VALID_PRICE
AG-0585,OLEO No. 2 GRANDE,MISSING_VALID_PRICE,NEW_PRODUCT_WITHOUT_PRICE,,,,,,,KEEP_MANUAL_REVIEW,HIGH,COTIZACIONES_0.2_b68c.xlsx,False,False,False,NO_PRICE,,,,oleo|no.|2|grande,MISSING_VALID_PRICE
AG-0586,COLA,MISSING_VALID_PRICE,NEW_PRODUCT_WITHOUT_PRICE,,,,,,,KEEP_MANUAL_REVIEW,HIGH,COTIZACIONES_0.2_b68c.xlsx,False,False,False,NO_PRICE,,,,cola,MISSING_VALID_PRICE
AG-0587,Maskintape DE 1,MISSING_VALID_PRICE,NEW_PRODUCT_WITHOUT_PRICE,,,,,,,KEEP_MANUAL_REVIEW,HIGH,COTIZACIONES_0.2_b68c.xlsx,False,False,False,NO_PRICE,,,,maskintape|1,MISSING_VALID_PRICE
AG-0588,Pistola BAJO Presison,MISSING_VALID_PRICE,NEW_PRODUCT_WITHOUT_PRICE,,,,,,,KEEP_MANUAL_REVIEW,HIGH,COTIZACIONES_0.2_b68c.xlsx,False,False,False,NO_PRICE,,,,pistola|bajo|presison,MISSING_VALID_PRICE
AG-0589,Mascarilla AUTO Filtranate,MISSING_VALID_PRICE,NEW_PRODUCT_WITHOUT_PRICE,,,,,,,KEEP_MANUAL_REVIEW,HIGH,COTIZACIONES_0.2_b68c.xlsx,False,False,False,NO_PRICE,,,,mascarilla|auto|filtranate,MISSING_VALID_PRICE
AG-0590,Tornillos Diablito 3/4 X 8,MISSING_VALID_PRICE,NEW_PRODUCT_WITHOUT_PRICE,,,,,,,KEEP_MANUAL_REVIEW,HIGH,COTIZACIONES_0.2_b68c.xlsx,False,False,False,NO_PRICE,,,,tornillos|diablito|3/4|x|8|3/4,MISSING_VALID_PRICE
AG-0591,Tornillos Diablito 11/2 X 8,MISSING_VALID_PRICE,NEW_PRODUCT_WITHOUT_PRICE,,,,,,,KEEP_MANUAL_REVIEW,HIGH,COTIZACIONES_0.2_b68c.xlsx,False,False,False,NO_PRICE,,,,tornillos|diablito|11/2|x|8|11/2,MISSING_VALID_PRICE
AG-0592,CLAVOS DE 1 CON CABEZA,MISSING_VALID_PRICE,NEW_PRODUCT_WITHOUT_PRICE,,,,,,,KEEP_MANUAL_REVIEW,HIGH,COTIZACIONES_0.2_b68c.xlsx,False,False,False,NO_PRICE,,,,clavos|1|cabeza,MISSING_VALID_PRICE
AG-0593,Tornillos Diablito DE 2 1/2 X 10,MISSING_VALID_PRICE,NEW_PRODUCT_WITHOUT_PRICE,,,,,,,KEEP_MANUAL_REVIEW,HIGH,COTIZACIONES_0.2_b68c.xlsx,False,False,False,NO_PRICE,,,,tornillos|diablito|2|1/2|x|10|1/2,MISSING_VALID_PRICE
AG-0594,Tornillos Diablito 3 X 10,MISSING_VALID_PRICE,NEW_PRODUCT_WITHOUT_PRICE,,,,,,,KEEP_MANUAL_REVIEW,HIGH,COTIZACIONES_0.2_b68c.xlsx,False,False,False,NO_PRICE,,,,tornillos|diablito|3|x|10,MISSING_VALID_PRICE
AG-0595,Vinagre BLANCO,MISSING_VALID_PRICE,NEW_PRODUCT_WITHOUT_PRICE,,,,,,,KEEP_MANUAL_REVIEW,HIGH,COTIZACIONES_0.2_b68c.xlsx | COTIZACIONES___2023-2024_PIN_ARIAS_2_fddc.xlsx,False,False,False,NO_PRICE,,,,vinagre|blanco,MISSING_VALID_PRICE
AG-0596,Bicarbonato DE SODA,MISSING_VALID_PRICE,NEW_PRODUCT_WITHOUT_PRICE,,,,,,,KEEP_MANUAL_REVIEW,HIGH,COTIZACIONES_0.2_b68c.xlsx,False,False,False,NO_PRICE,,,,bicarbonato|soda,MISSING_VALID_PRICE
AG-0703,PORTA PAPEL TOALLA,MISSING_VALID_PRICE,NEW_PRODUCT_WITHOUT_PRICE,,,,,,,KEEP_MANUAL_REVIEW,HIGH,COTIZACIONES_0.2_b68c.xlsx,False,False,False,NO_PRICE,,,,porta|papel|toalla,MISSING_VALID_PRICE
AG-0704,Zafacones DE BAÑO,MISSING_VALID_PRICE,NEW_PRODUCT_WITHOUT_PRICE,,,,,,,KEEP_MANUAL_REVIEW,HIGH,COTIZACIONES_0.2_b68c.xlsx,False,False,False,NO_PRICE,,,,zafacones|bano,MISSING_VALID_PRICE
AG-0705,Zafacones DE BAÑO Grandes,MISSING_VALID_PRICE,NEW_PRODUCT_WITHOUT_PRICE,,,,,,,KEEP_MANUAL_REVIEW,HIGH,COTIZACIONES_0.2_b68c.xlsx,False,False,False,NO_PRICE,,,,zafacones|bano|grandes,MISSING_VALID_PRICE
AG-0723,Pintura Acrilica ARENA 24 Popular PRO,MISSING_VALID_PRICE,NEW_PRODUCT_WITHOUT_PRICE,,,,,,,KEEP_MANUAL_REVIEW,HIGH,COTIZACIONES_0.2_b68c.xlsx,False,False,False,NO_PRICE,,,,pintura|acrilica|arena|24|popular|pro,MISSING_VALID_PRICE
AG-0724,Pintura Acrilica BLANCO Colonial Popular PRO,MISSING_VALID_PRICE,NEW_PRODUCT_WITHOUT_PRICE,,,,,,,KEEP_MANUAL_REVIEW,HIGH,COTIZACIONES_0.2_b68c.xlsx,False,False,False,NO_PRICE,,,,pintura|acrilica|blanco|colonial|popular|pro,MISSING_VALID_PRICE
AG-0725,Pintura Acrilica BLANCO GRIS PERLA Popular PRO,MISSING_VALID_PRICE,NEW_PRODUCT_WITHOUT_PRICE,,,,,,,KEEP_MANUAL_REVIEW,HIGH,COTIZACIONES_0.2_b68c.xlsx,False,False,False,NO_PRICE,,,,pintura|acrilica|blanco|gris|perla|popular|pro,MISSING_VALID_PRICE
AG-0726,Pintura Acrilica ORANGE Popular PRO,MISSING_VALID_PRICE,NEW_PRODUCT_WITHOUT_PRICE,,,,,,,KEEP_MANUAL_REVIEW,HIGH,COTIZACIONES_0.2_b68c.xlsx,False,False,False,NO_PRICE,,,,pintura|acrilica|orange|popular|pro,MISSING_VALID_PRICE
AG-0731,Pintura Acrilica NEGRO Popular PRO,MISSING_VALID_PRICE,NEW_PRODUCT_WITHOUT_PRICE,,,,,,,KEEP_MANUAL_REVIEW,HIGH,COTIZACIONES_0.2_b68c.xlsx,False,False,False,NO_PRICE,,,,pintura|acrilica|negro|popular|pro,MISSING_VALID_PRICE
AG-0732,CUBETA DE BARNIZ,MISSING_VALID_PRICE,NEW_PRODUCT_WITHOUT_PRICE,,,,,,,KEEP_MANUAL_REVIEW,HIGH,COTIZACIONES_0.2_b68c.xlsx,False,False,False,NO_PRICE,,,,cubeta|barniz,MISSING_VALID_PRICE
AG-0733,Acrilica Caramelo SUAVE 21,MISSING_VALID_PRICE,NEW_PRODUCT_WITHOUT_PRICE,,,,,,,KEEP_MANUAL_REVIEW,HIGH,COTIZACIONES_0.2_b68c.xlsx,False,False,False,NO_PRICE,,,,acrilica|caramelo|suave|21,MISSING_VALID_PRICE
AG-0734,Pintura Esmalte Superior GRIS PLATA 65,MISSING_VALID_PRICE,NEW_PRODUCT_WITHOUT_PRICE,,,,,,,KEEP_MANUAL_REVIEW,HIGH,COTIZACIONES_0.2_b68c.xlsx,False,False,False,NO_PRICE,,,,pintura|esmalte|superior|gris|plata|65,MISSING_VALID_PRICE
AG-0735,Pintura Esmalte Superior BLANCO,MISSING_VALID_PRICE,NEW_PRODUCT_WITHOUT_PRICE,,,,,,,KEEP_MANUAL_REVIEW,HIGH,COTIZACIONES_0.2_b68c.xlsx,False,False,False,NO_PRICE,,,,pintura|esmalte|superior|blanco,MISSING_VALID_PRICE
AG-0736,Pintura Esmalte Superior ROJO,MISSING_VALID_PRICE,NEW_PRODUCT_WITHOUT_PRICE,,,,,,,KEEP_MANUAL_REVIEW,HIGH,COTIZACIONES_0.2_b68c.xlsx,False,False,False,NO_PRICE,,,,pintura|esmalte|superior|rojo,MISSING_VALID_PRICE
AG-0737,Pintura Esmalte Superior Amarillo,MISSING_VALID_PRICE,NEW_PRODUCT_WITHOUT_PRICE,,,,,,,KEEP_MANUAL_REVIEW,HIGH,COTIZACIONES_0.2_b68c.xlsx,False,False,False,NO_PRICE,,,,pintura|esmalte|superior|amarillo,MISSING_VALID_PRICE
AG-0738,Pintura Esmalte Superior AZUL,MISSING_VALID_PRICE,NEW_PRODUCT_WITHOUT_PRICE,,,,,,,KEEP_MANUAL_REVIEW,HIGH,COTIZACIONES_0.2_b68c.xlsx,False,False,False,NO_PRICE,,,,pintura|esmalte|superior|azul,MISSING_VALID_PRICE
AG-0739,Pintura Esmalte Superior LIMON,MISSING_VALID_PRICE,NEW_PRODUCT_WITHOUT_PRICE,,,,,,,KEEP_MANUAL_REVIEW,HIGH,COTIZACIONES_0.2_b68c.xlsx,False,False,False,NO_PRICE,,,,pintura|esmalte|superior|limon,MISSING_VALID_PRICE
AG-0740,Pintura Acrilica Amarillo MAIZ 70 Popular PRO,MISSING_VALID_PRICE,NEW_PRODUCT_WITHOUT_PRICE,,,,,,,KEEP_MANUAL_REVIEW,HIGH,COTIZACIONES_0.2_b68c.xlsx,False,False,False,NO_PRICE,,,,pintura|acrilica|amarillo|maiz|70|popular|pro,MISSING_VALID_PRICE
AG-0741,Pintura BLANCO Trafico Popular,MISSING_VALID_PRICE,NEW_PRODUCT_WITHOUT_PRICE,,,,,,,KEEP_MANUAL_REVIEW,HIGH,COTIZACIONES_0.2_b68c.xlsx,False,False,False,NO_PRICE,,,,pintura|blanco|trafico|popular,MISSING_VALID_PRICE
AG-0742,Pintura Acrilica AZUL CIELO Popular PRO,MISSING_VALID_PRICE,NEW_PRODUCT_WITHOUT_PRICE,,,,,,,KEEP_MANUAL_REVIEW,HIGH,COTIZACIONES_0.2_b68c.xlsx,False,False,False,NO_PRICE,,,,pintura|acrilica|azul|cielo|popular|pro,MISSING_VALID_PRICE
AG-0743,Pintura Acrilica ROJO Ladrillo Popular,MISSING_VALID_PRICE,NEW_PRODUCT_WITHOUT_PRICE,,,,,,,KEEP_MANUAL_REVIEW,HIGH,COTIZACIONES_0.2_b68c.xlsx,False,False,False,NO_PRICE,,,,pintura|acrilica|rojo|ladrillo|popular,MISSING_VALID_PRICE
AG-0745,Pintura Anticorrosiva ROJO OXIDO,MISSING_VALID_PRICE,NEW_PRODUCT_WITHOUT_PRICE,,,,,,,KEEP_MANUAL_REVIEW,HIGH,COTIZACIONES_0.2_b68c.xlsx,False,False,False,NO_PRICE,,,,pintura|anticorrosiva|rojo|oxido,MISSING_VALID_PRICE
AG-0746,Pintura Anticorrosiva ROJO NEGRO,MISSING_VALID_PRICE,NEW_PRODUCT_WITHOUT_PRICE,,,,,,,KEEP_MANUAL_REVIEW,HIGH,COTIZACIONES_0.2_b68c.xlsx,False,False,False,NO_PRICE,,,,pintura|anticorrosiva|rojo|negro,MISSING_VALID_PRICE
AG-0747,SPRAY BLANCO,MISSING_VALID_PRICE,NEW_PRODUCT_WITHOUT_PRICE,,,,,,,KEEP_MANUAL_REVIEW,HIGH,COTIZACIONES_0.2_b68c.xlsx,False,False,False,NO_PRICE,,,,spray|blanco,MISSING_VALID_PRICE
AG-0752,MOTA GRUESA,MISSING_VALID_PRICE,NEW_PRODUCT_WITHOUT_PRICE,,,,,,,KEEP_MANUAL_REVIEW,HIGH,COTIZACIONES_0.2_b68c.xlsx,False,False,False,NO_PRICE,,,,mota|gruesa,MISSING_VALID_PRICE
AG-0753,Carrete PORTA MOTAS,MISSING_VALID_PRICE,NEW_PRODUCT_WITHOUT_PRICE,,,,,,,KEEP_MANUAL_REVIEW,HIGH,COTIZACIONES_0.2_b68c.xlsx,False,False,False,NO_PRICE,,,,carrete|porta|motas,MISSING_VALID_PRICE
AG-0754,PORTA ROLO DE 6,MISSING_VALID_PRICE,NEW_PRODUCT_WITHOUT_PRICE,,,,,,,KEEP_MANUAL_REVIEW,HIGH,COTIZACIONES_0.2_b68c.xlsx,False,False,False,NO_PRICE,,,,porta|rolo|6,MISSING_VALID_PRICE
AG-0755,PORTA ROLO DE 4,MISSING_VALID_PRICE,NEW_PRODUCT_WITHOUT_PRICE,,,,,,,KEEP_MANUAL_REVIEW,HIGH,COTIZACIONES_0.2_b68c.xlsx,False,False,False,NO_PRICE,,,,porta|rolo|4,MISSING_VALID_PRICE
AG-0756,Espatula,MISSING_VALID_PRICE,NEW_PRODUCT_WITHOUT_PRICE,,,,,,,KEEP_MANUAL_REVIEW,HIGH,COTIZACIONES_0.2_b68c.xlsx,False,False,False,NO_PRICE,,,,espatula,MISSING_VALID_PRICE
AG-0757,Masilla,MISSING_VALID_PRICE,NEW_PRODUCT_WITHOUT_PRICE,,,,,,,KEEP_MANUAL_REVIEW,HIGH,COTIZACIONES_0.2_b68c.xlsx,False,False,False,NO_PRICE,,,,masilla,MISSING_VALID_PRICE
AG-0769,Artista,PRICE_OUTLIER_REVIEW;MISSING_VALID_PRICE,NON_PRODUCT,,,,,,,IGNORE_NON_PRODUCT,HIGH,COTIZACIONES_0.2_b68c.xlsx | FORMATO_DE_COTIZACION_2_21f4.xlsx,False,False,False,PRICE_OUTLIER_REVIEW,,,,artista,PRICE_OUTLIER_REVIEW|MISSING_VALID_PRICE
AG-0770,FUEGOS Artificiales,MISSING_VALID_PRICE,NEW_PRODUCT_WITHOUT_PRICE,,,,,,,KEEP_MANUAL_REVIEW,HIGH,COTIZACIONES_0.2_b68c.xlsx | COT_95d1.xlsx | FORMATO_DE_COTIZACION_2_21f4.xlsx,False,False,False,NO_PRICE,,,,fuegos|artificiales,MISSING_VALID_PRICE
AG-0771,TARIMA 24X20,MISSING_VALID_PRICE,NEW_PRODUCT_WITHOUT_PRICE,,,,,,,KEEP_MANUAL_REVIEW,HIGH,COTIZACIONES_0.2_b68c.xlsx | FORMATO_DE_COTIZACION_2_21f4.xlsx,False,False,False,NO_PRICE,,,,tarima|24x20,MISSING_VALID_PRICE
AG-0772,TARIMA VIP 16X16 CON SILLAS P/50 Personas,MISSING_VALID_PRICE,NEW_PRODUCT_WITHOUT_PRICE,,,,,,,KEEP_MANUAL_REVIEW,HIGH,COTIZACIONES_0.2_b68c.xlsx | FORMATO_DE_COTIZACION_2_21f4.xlsx,False,False,False,NO_PRICE,,,,tarima|vip|16x16|sillas|p/50|personas,MISSING_VALID_PRICE
AG-0773,BANNER,MISSING_VALID_PRICE,NEW_PRODUCT_WITHOUT_PRICE,,,,,,,KEEP_MANUAL_REVIEW,HIGH,COTIZACIONES_0.2_b68c.xlsx,False,False,False,NO_PRICE,,,,banner,MISSING_VALID_PRICE
AG-0774,TECHO 29X22,MISSING_VALID_PRICE,NEW_PRODUCT_WITHOUT_PRICE,,,,,,,KEEP_MANUAL_REVIEW,HIGH,COTIZACIONES_0.2_b68c.xlsx | FORMATO_DE_COTIZACION_2_21f4.xlsx,False,False,False,NO_PRICE,,,,techo|29x22,MISSING_VALID_PRICE
AG-0775,LUCES,MISSING_VALID_PRICE,NEW_PRODUCT_WITHOUT_PRICE,,,,,,,KEEP_MANUAL_REVIEW,HIGH,COTIZACIONES_0.2_b68c.xlsx | COT_95d1.xlsx | FORMATO_DE_COTIZACION_2_21f4.xlsx,False,False,False,NO_PRICE,,,,luces,MISSING_VALID_PRICE
AG-0776,Equipos DE SONIDO Y Microfono,MISSING_VALID_PRICE,NEW_PRODUCT_WITHOUT_PRICE,,,,,,,KEEP_MANUAL_REVIEW,HIGH,COTIZACIONES_0.2_b68c.xlsx | FORMATO_DE_COTIZACION_2_21f4.xlsx,False,False,False,NO_PRICE,,,,equipos|sonido|microfono,MISSING_VALID_PRICE
AG-0777,PLANTA Electrica 25KW,MISSING_VALID_PRICE,NEW_PRODUCT_WITHOUT_PRICE,,,,,,,KEEP_MANUAL_REVIEW,HIGH,COTIZACIONES_0.2_b68c.xlsx | FORMATO_DE_COTIZACION_2_21f4.xlsx,False,False,False,NO_PRICE,,,,planta|electrica|25kw,MISSING_VALID_PRICE
AG-0778,Presentadora,MISSING_VALID_PRICE,NEW_PRODUCT_WITHOUT_PRICE,,,,,,,KEEP_MANUAL_REVIEW,HIGH,COTIZACIONES_0.2_b68c.xlsx | FORMATO_DE_COTIZACION_2_21f4.xlsx,False,False,False,NO_PRICE,,,,presentadora,MISSING_VALID_PRICE
AG-0779,Coordinacion Artistica,MISSING_VALID_PRICE,NEW_PRODUCT_WITHOUT_PRICE,,,,,,,KEEP_MANUAL_REVIEW,HIGH,COTIZACIONES_0.2_b68c.xlsx | COT_95d1.xlsx | FORMATO_DE_COTIZACION_2_21f4.xlsx,False,False,False,NO_PRICE,,,,coordinacion|artistica,MISSING_VALID_PRICE
AG-0780,Perifoneo 5 DIAS PREVIO A LA Actividad,MISSING_VALID_PRICE,NEW_PRODUCT_WITHOUT_PRICE,,,,,,,KEEP_MANUAL_REVIEW,HIGH,COTIZACIONES_0.2_b68c.xlsx | FORMATO_DE_COTIZACION_2_21f4.xlsx,False,False,False,NO_PRICE,,,,perifoneo|5|dias|previo|a|actividad,MISSING_VALID_PRICE
AG-0781,Seguridad,MISSING_VALID_PRICE,NEW_PRODUCT_WITHOUT_PRICE,,,,,,,KEEP_MANUAL_REVIEW,HIGH,COTIZACIONES_0.2_b68c.xlsx | FORMATO_DE_COTIZACION_2_21f4.xlsx,False,False,False,NO_PRICE,,,,seguridad,MISSING_VALID_PRICE
AG-0802,VIGA H 6x6x30' (25.0# Lb/p)-750 Lbs,MISSING_VALID_PRICE,NEW_PRODUCT_WITHOUT_PRICE,,,,,,,KEEP_MANUAL_REVIEW,HIGH,COTIZACIONES_0.2_b68c.xlsx,False,False,False,NO_PRICE,,,,viga|h|6x6x30|25.0|lb/p|-750|lb|25.0 lb,MISSING_VALID_PRICE
AG-0803,VIGA H 6x4x30' (16.0# Lb/p)-480 Lbs,MISSING_VALID_PRICE,NEW_PRODUCT_WITHOUT_PRICE,,,,,,,KEEP_MANUAL_REVIEW,HIGH,COTIZACIONES_0.2_b68c.xlsx,False,False,False,NO_PRICE,,,,viga|h|6x4x30|16.0|lb/p|-480|lb|16.0 lb,MISSING_VALID_PRICE
AG-0804,Canales 6x30'-8.20#'lb/p- 246 Lbs,MISSING_VALID_PRICE,NEW_PRODUCT_WITHOUT_PRICE,,,,,,,KEEP_MANUAL_REVIEW,HIGH,COTIZACIONES_0.2_b68c.xlsx,False,False,False,NO_PRICE,,,,canales|6x30|-8.20|lb/p-|246|lb|8.20 lb,MISSING_VALID_PRICE
AG-0840,Credito A 60 Dias,MISSING_VALID_PRICE,NEW_PRODUCT_WITHOUT_PRICE,,,,,,,KEEP_MANUAL_REVIEW,HIGH,COTIZACIONES_DORALEX_SRL_bb53.xlsx | COTIZACIONES_DORALEX_f72a.xlsx,False,False,False,NO_PRICE,,,,credito|a|60|dias,MISSING_VALID_PRICE
AG-0841,Entrega Inmediata Una Vez Sea Enviada La Orden De Compras,MISSING_VALID_PRICE,NEW_PRODUCT_WITHOUT_PRICE,,,,,,,KEEP_MANUAL_REVIEW,HIGH,COTIZACIONES_DORALEX_SRL_bb53.xlsx | COTIZACIONES_DORALEX_f72a.xlsx,False,False,False,NO_PRICE,,,,entrega|inmediata|una|vez|sea|enviada|orden|compras,MISSING_VALID_PRICE
AG-0842,FIRMA Autorizada,MISSING_VALID_PRICE,NEW_PRODUCT_WITHOUT_PRICE,,,,,,,KEEP_MANUAL_REVIEW,HIGH,COTIZACIONES_DORALEX_SRL_bb53.xlsx | COTIZACIONES_DORALEX_f72a.xlsx | COTIZACIONES__DOMINION_BUSINESS_18aa.xlsx | COTIZACIONES__REMPART_GROUP_2_3578.xlsx | COTIZACIONES___2023-2024_PIN_ARIAS_2_fddc.xlsx,False,False,False,NO_PRICE,,,,firma|autorizada,MISSING_VALID_PRICE
AG-0843,"Resma De Papel Tamaño Carta Calibre 20, 8 1/2 * 11 Pulgadas.",MISSING_VALID_PRICE,NEW_PRODUCT_WITHOUT_PRICE,,,,,,,KEEP_MANUAL_REVIEW,HIGH,COTIZACIONES_DORALEX_SRL_bb53.xlsx | COTIZACIONES_DORALEX_f72a.xlsx,False,False,False,NO_PRICE,,,,"resma|papel|tamano|carta|calibre|20|8|1/2|1/2|11""",MISSING_VALID_PRICE
AG-0844,"Resma De Papel Tamaño Carta Calibre 20, 8 1/2 * 14 Pulgadas.",MISSING_VALID_PRICE,NEW_PRODUCT_WITHOUT_PRICE,,,,,,,KEEP_MANUAL_REVIEW,HIGH,COTIZACIONES_DORALEX_SRL_bb53.xlsx | COTIZACIONES_DORALEX_f72a.xlsx,False,False,False,NO_PRICE,,,,"resma|papel|tamano|carta|calibre|20|8|1/2|1/2|14""",MISSING_VALID_PRICE
AG-0845,Libretas Rayadas Amarillas 5x8.,MISSING_VALID_PRICE,NEW_PRODUCT_WITHOUT_PRICE,,,,,,,KEEP_MANUAL_REVIEW,HIGH,COTIZACIONES_DORALEX_SRL_bb53.xlsx | COTIZACIONES_DORALEX_f72a.xlsx,False,False,False,NO_PRICE,,,,libretas|rayadas|amarillas|5x8.,MISSING_VALID_PRICE
AG-0846,Libretas Rayadas Amarillas 8 1/2 X 11.,MISSING_VALID_PRICE,NEW_PRODUCT_WITHOUT_PRICE,,,,,,,KEEP_MANUAL_REVIEW,HIGH,COTIZACIONES_DORALEX_SRL_bb53.xlsx | COTIZACIONES_DORALEX_f72a.xlsx,False,False,False,NO_PRICE,,,,libretas|rayadas|amarillas|8|1/2|x|11.|1/2,MISSING_VALID_PRICE
AG-0847,"Libro Récord 200 Páginas Numeradas, Tapa Dura.",MISSING_VALID_PRICE,NEW_PRODUCT_WITHOUT_PRICE,,,,,,,KEEP_MANUAL_REVIEW,HIGH,COTIZACIONES_DORALEX_SRL_bb53.xlsx | COTIZACIONES_DORALEX_f72a.xlsx,False,False,False,NO_PRICE,,,,libro|record|200|paginas|numeradas|tapa|dura.,MISSING_VALID_PRICE
AG-0848,"Notas Adhesivas 3 Pulgadas * 5 Pulgadas, Colores Neón.",MISSING_VALID_PRICE,NEW_PRODUCT_WITHOUT_PRICE,,,,,,,KEEP_MANUAL_REVIEW,HIGH,COTIZACIONES_DORALEX_SRL_bb53.xlsx | COTIZACIONES_DORALEX_f72a.xlsx,False,False,False,NO_PRICE,,,,"notas|adhesivas|3|pulgadas|5|pulgadas|colores|neon.|3""",MISSING_VALID_PRICE
AG-0849,"Notas Adhesivas 3 Pulgadas * 2 Pulgadas, Colores Neón.",MISSING_VALID_PRICE,NEW_PRODUCT_WITHOUT_PRICE,,,,,,,KEEP_MANUAL_REVIEW,HIGH,COTIZACIONES_DORALEX_SRL_bb53.xlsx | COTIZACIONES_DORALEX_f72a.xlsx,False,False,False,NO_PRICE,,,,"notas|adhesivas|3|pulgadas|2|pulgadas|colores|neon.|3""",MISSING_VALID_PRICE
AG-0850,"Notas Adhesivas 3 Pulgadas * 3 Pulgadas, Colores Neón.",MISSING_VALID_PRICE,NEW_PRODUCT_WITHOUT_PRICE,,,,,,,KEEP_MANUAL_REVIEW,HIGH,COTIZACIONES_DORALEX_SRL_bb53.xlsx | COTIZACIONES_DORALEX_f72a.xlsx,False,False,False,NO_PRICE,,,,"notas|adhesivas|3|pulgadas|3|pulgadas|colores|neon.|3""",MISSING_VALID_PRICE
AG-0851,"Bandejas De Escritorios De Tres Compartimentos, Altura 24.5 Cm, Anchura 29 Cm, Con Carga",MISSING_VALID_PRICE,NEW_PRODUCT_WITHOUT_PRICE,,,,,,,KEEP_MANUAL_REVIEW,HIGH,COTIZACIONES_DORALEX_SRL_bb53.xlsx | COTIZACIONES_DORALEX_f72a.xlsx,False,False,False,NO_PRICE,,,,bandejas|escritorios|tres|compartimentos|altura|24.5|cm|anchura,MISSING_VALID_PRICE
AG-0852,"Cera Para Contar De 14 Gr, 5.6 Cm Diámetro.",MISSING_VALID_PRICE,NEW_PRODUCT_WITHOUT_PRICE,,,,,,,KEEP_MANUAL_REVIEW,HIGH,COTIZACIONES_DORALEX_SRL_bb53.xlsx | COTIZACIONES_DORALEX_f72a.xlsx,False,False,False,NO_PRICE,,,,cera|para|contar|14|gr|5.6|cm|diametro.,MISSING_VALID_PRICE
AG-0853,"Cinta De Embalar 2"", Transparente.",MISSING_VALID_PRICE,NEW_PRODUCT_WITHOUT_PRICE,,,,,,,KEEP_MANUAL_REVIEW,HIGH,COTIZACIONES_DORALEX_SRL_bb53.xlsx | COTIZACIONES_DORALEX_f72a.xlsx,False,False,False,NO_PRICE,,,,"cinta|embalar|2""|transparente.|2""",MISSING_VALID_PRICE
AG-0854,"Cinta Adhesiva Invisible, 3/4 In X 1296 In, 36 Yd.",MISSING_VALID_PRICE,NEW_PRODUCT_WITHOUT_PRICE,,,,,,,KEEP_MANUAL_REVIEW,HIGH,COTIZACIONES_DORALEX_SRL_bb53.xlsx | COTIZACIONES_DORALEX_f72a.xlsx,False,False,False,NO_PRICE,,,,cinta|adhesiva|invisible|3/4|in|x|1296|in|3/4,MISSING_VALID_PRICE
AG-0855,"Clip De Billeteros Negros, 55mm, 12/1.",MISSING_VALID_PRICE,NEW_PRODUCT_WITHOUT_PRICE,,,,,,,KEEP_MANUAL_REVIEW,HIGH,COTIZACIONES_DORALEX_SRL_bb53.xlsx | COTIZACIONES_DORALEX_f72a.xlsx,False,False,False,NO_PRICE,,,,clip|billeteros|negros|55|mm|12/1.|12/1,MISSING_VALID_PRICE
AG-0856,"Clip De Billeteros Negros, 25mm, 12/1.",MISSING_VALID_PRICE,NEW_PRODUCT_WITHOUT_PRICE,,,,,,,KEEP_MANUAL_REVIEW,HIGH,COTIZACIONES_DORALEX_SRL_bb53.xlsx | COTIZACIONES_DORALEX_f72a.xlsx,False,False,False,NO_PRICE,,,,clip|billeteros|negros|25|mm|12/1.|12/1,MISSING_VALID_PRICE
AG-0857,"Clip De Billeteros Negros, 15mm, 12/1.",MISSING_VALID_PRICE,NEW_PRODUCT_WITHOUT_PRICE,,,,,,,KEEP_MANUAL_REVIEW,HIGH,COTIZACIONES_DORALEX_SRL_bb53.xlsx | COTIZACIONES_DORALEX_f72a.xlsx,False,False,False,NO_PRICE,,,,clip|billeteros|negros|15|mm|12/1.|12/1,MISSING_VALID_PRICE
AG-0858,Clips Pequeños 33mm 100/1,MISSING_VALID_PRICE,NEW_PRODUCT_WITHOUT_PRICE,,,,,,,KEEP_MANUAL_REVIEW,HIGH,COTIZACIONES_DORALEX_SRL_bb53.xlsx | COTIZACIONES_DORALEX_f72a.xlsx,False,False,False,NO_PRICE,,,,clips|pequenos|33|mm|100/1|100/1,MISSING_VALID_PRICE
AG-0859,Clips Grandes 50mm 100/1,MISSING_VALID_PRICE,NEW_PRODUCT_WITHOUT_PRICE,,,,,,,KEEP_MANUAL_REVIEW,HIGH,COTIZACIONES_DORALEX_SRL_bb53.xlsx | COTIZACIONES_DORALEX_f72a.xlsx,False,False,False,NO_PRICE,,,,clips|grandes|50|mm|100/1|100/1,MISSING_VALID_PRICE
AG-0860,"Dispensador De Cintas Adhesiva De Escritorio Negro, Base Antideslizante, Para Usar Con",MISSING_VALID_PRICE,NEW_PRODUCT_WITHOUT_PRICE,,,,,,,KEEP_MANUAL_REVIEW,HIGH,COTIZACIONES_DORALEX_SRL_bb53.xlsx | COTIZACIONES_DORALEX_f72a.xlsx,False,False,False,NO_PRICE,,,,dispensador|cintas|adhesiva|escritorio|negro|base|antideslizante|para|3/4,MISSING_VALID_PRICE
AG-0861,"Folder Manila 8 1/2 X 11, Caja 100/1",MISSING_VALID_PRICE,NEW_PRODUCT_WITHOUT_PRICE,,,,,,,KEEP_MANUAL_REVIEW,HIGH,COTIZACIONES_DORALEX_SRL_bb53.xlsx | COTIZACIONES_DORALEX_f72a.xlsx,False,False,False,NO_PRICE,,,,folder|manila|8|1/2|x|11|caja|100/1|1/2,MISSING_VALID_PRICE
AG-0862,"Grapas Estándar 6 Mm, 26/6, 5000/1",MISSING_VALID_PRICE,NEW_PRODUCT_WITHOUT_PRICE,,,,,,,KEEP_MANUAL_REVIEW,HIGH,COTIZACIONES_DORALEX_SRL_bb53.xlsx | COTIZACIONES_DORALEX_f72a.xlsx,False,False,False,NO_PRICE,,,,grapas|estandar|6|mm|26/6|5000/1|26/6,MISSING_VALID_PRICE
AG-0863,"Bolígrafo Retráctil De Punta Fina 0,7mm, Color Azul Caja De 12/1",MISSING_VALID_PRICE,NEW_PRODUCT_WITHOUT_PRICE,,,,,,,KEEP_MANUAL_REVIEW,HIGH,COTIZACIONES_DORALEX_SRL_bb53.xlsx | COTIZACIONES_DORALEX_f72a.xlsx,False,False,False,NO_PRICE,,,,boligrafo|retractil|punta|fina|0|7|mm|color|12/1,MISSING_VALID_PRICE
AG-0864,"Bolígrafo En Gel Retráctil, Punta De Aguja 0,7mm, Agarre Con Textura Suave, Color Azul.",MISSING_VALID_PRICE,NEW_PRODUCT_WITHOUT_PRICE,,,,,,,KEEP_MANUAL_REVIEW,HIGH,COTIZACIONES_DORALEX_SRL_bb53.xlsx | COTIZACIONES_DORALEX_f72a.xlsx,False,False,False,NO_PRICE,,,,boligrafo|gel|retractil|punta|aguja|0|7|mm,MISSING_VALID_PRICE
AG-0865,"Pegamento En Barra De 40gr, Adhesivo Sin Solventes, Tapa Rosca, Adherencia Instantánea.",MISSING_VALID_PRICE,NEW_PRODUCT_WITHOUT_PRICE,,,,,,,KEEP_MANUAL_REVIEW,HIGH,COTIZACIONES_DORALEX_SRL_bb53.xlsx | COTIZACIONES_DORALEX_f72a.xlsx,False,False,False,NO_PRICE,,,,pegamento|barra|40gr|adhesivo|sin|solventes|tapa|rosca,MISSING_VALID_PRICE
AG-0866,Pegamento De Resina Sintética Transparente Para Aplicación Universal De 35ml.,MISSING_VALID_PRICE,NEW_PRODUCT_WITHOUT_PRICE,,,,,,,KEEP_MANUAL_REVIEW,HIGH,COTIZACIONES_DORALEX_SRL_bb53.xlsx | COTIZACIONES_DORALEX_f72a.xlsx,False,False,False,NO_PRICE,,,,pegamento|resina|sintetica|transparente|para|aplicacion|universal|35ml.,MISSING_VALID_PRICE
AG-0867,"Perforadora De 2 Orificios En Metal, Color Negro, Capacidad De Perforación 10 Hojas.",MISSING_VALID_PRICE,NEW_PRODUCT_WITHOUT_PRICE,,,,,,,KEEP_MANUAL_REVIEW,HIGH,COTIZACIONES_DORALEX_SRL_bb53.xlsx | COTIZACIONES_DORALEX_f72a.xlsx,False,False,False,NO_PRICE,,,,perforadora|2|orificios|metal|color|negro|capacidad|perforacion,MISSING_VALID_PRICE
AG-0868,"Perforadora De 3 Orificios En Metal, Color Negro, Capacidad De Perforación 10 Hojas.",MISSING_VALID_PRICE,NEW_PRODUCT_WITHOUT_PRICE,,,,,,,KEEP_MANUAL_REVIEW,HIGH,COTIZACIONES_DORALEX_SRL_bb53.xlsx | COTIZACIONES_DORALEX_f72a.xlsx,False,False,False,NO_PRICE,,,,perforadora|3|orificios|metal|color|negro|capacidad|perforacion,MISSING_VALID_PRICE
AG-0869,"Tinta Superfluorescente, Trazos De 1 Mm, 2 Mm Y 5 Mm (resaltadores Mamey).",MISSING_VALID_PRICE,NEW_PRODUCT_WITHOUT_PRICE,,,,,,,KEEP_MANUAL_REVIEW,HIGH,COTIZACIONES_DORALEX_SRL_bb53.xlsx | COTIZACIONES_DORALEX_f72a.xlsx,False,False,False,NO_PRICE,,,,tinta|superfluorescente|trazos|1|mm|2|mm|5,MISSING_VALID_PRICE
AG-0870,"Rollo De Cinta Para Sumadora, Colores Negro Y Rojo.",MISSING_VALID_PRICE,NEW_PRODUCT_WITHOUT_PRICE,,,,,,,KEEP_MANUAL_REVIEW,HIGH,COTIZACIONES_DORALEX_SRL_bb53.xlsx | COTIZACIONES_DORALEX_f72a.xlsx,False,False,False,NO_PRICE,,,,rollo|cinta|para|sumadora|colores|negro|rojo.,MISSING_VALID_PRICE
AG-0871,Rollo De Cinta Tricolor Fina En Poliester De 1cm.,MISSING_VALID_PRICE,NEW_PRODUCT_WITHOUT_PRICE,,,,,,,KEEP_MANUAL_REVIEW,HIGH,COTIZACIONES_DORALEX_SRL_bb53.xlsx | COTIZACIONES_DORALEX_f72a.xlsx,False,False,False,NO_PRICE,,,,rollo|cinta|tricolor|fina|poliester|1|cm.,MISSING_VALID_PRICE
AG-0872,Rollo De Cinta Tricolor Gruesa En Poliester De 8cm.,MISSING_VALID_PRICE,NEW_PRODUCT_WITHOUT_PRICE,,,,,,,KEEP_MANUAL_REVIEW,HIGH,COTIZACIONES_DORALEX_SRL_bb53.xlsx | COTIZACIONES_DORALEX_f72a.xlsx,False,False,False,NO_PRICE,,,,rollo|cinta|tricolor|gruesa|poliester|8|cm.,MISSING_VALID_PRICE
AG-0873,Rollo Grande De Papel Burbuja Con 75 Metros De Largo Y 60 Cm De Ancho.,MISSING_VALID_PRICE,NEW_PRODUCT_WITHOUT_PRICE,,,,,,,KEEP_MANUAL_REVIEW,HIGH,COTIZACIONES_DORALEX_SRL_bb53.xlsx | COTIZACIONES_DORALEX_f72a.xlsx,False,False,False,NO_PRICE,,,,rollo|grande|papel|burbuja|75|metros|largo|60,MISSING_VALID_PRICE
AG-0874,"Etiqueta (labels) Tamaño 5.1x10.2cm / 2""x4"", Transparentes, Adhesivo Permanente, 10",MISSING_VALID_PRICE,NEW_PRODUCT_WITHOUT_PRICE,,,,,,,KEEP_MANUAL_REVIEW,HIGH,COTIZACIONES_DORALEX_SRL_bb53.xlsx | COTIZACIONES_DORALEX_f72a.xlsx,False,False,False,NO_PRICE,,,,"etiqueta|labels|tamano|5.1x10.2|cm|/|2""x4""|transparentes|2""",MISSING_VALID_PRICE
AG-0875,"Etiqueta (labels) Tamaño 3.4x10.2cm / 3""x4"", Transparentes, Adhesivo Permanente, 14",MISSING_VALID_PRICE,NEW_PRODUCT_WITHOUT_PRICE,,,,,,,KEEP_MANUAL_REVIEW,HIGH,COTIZACIONES_DORALEX_SRL_bb53.xlsx | COTIZACIONES_DORALEX_f72a.xlsx,False,False,False,NO_PRICE,,,,"etiqueta|labels|tamano|3.4x10.2|cm|/|3""x4""|transparentes|3""",MISSING_VALID_PRICE
AG-0876,"Etiqueta (labels) Tamaño 5.1x10.2cm / 2""x4"", Blancas, Adhesivo Permanente, 10 Etiquetas",MISSING_VALID_PRICE,NEW_PRODUCT_WITHOUT_PRICE,,,,,,,KEEP_MANUAL_REVIEW,HIGH,COTIZACIONES_DORALEX_SRL_bb53.xlsx | COTIZACIONES_DORALEX_f72a.xlsx,False,False,False,NO_PRICE,,,,"etiqueta|labels|tamano|5.1x10.2|cm|/|2""x4""|blancas|2""",MISSING_VALID_PRICE
AG-0877,"Etiqueta (labels) Tamaño 3.4x10.2cm / 3""x4"", Blancas, Adhesivo Permanente, 14 Etiquetas",MISSING_VALID_PRICE,NEW_PRODUCT_WITHOUT_PRICE,,,,,,,KEEP_MANUAL_REVIEW,HIGH,COTIZACIONES_DORALEX_SRL_bb53.xlsx | COTIZACIONES_DORALEX_f72a.xlsx,False,False,False,NO_PRICE,,,,"etiqueta|labels|tamano|3.4x10.2|cm|/|3""x4""|blancas|3""",MISSING_VALID_PRICE
AG-0878,"Separadores De Hojas P/carpeta 5/1 De Tres Argollas, Color Amarillo, Con 5 Divisiones De",MISSING_VALID_PRICE,NEW_PRODUCT_WITHOUT_PRICE,,,,,,,KEEP_MANUAL_REVIEW,HIGH,COTIZACIONES_DORALEX_SRL_bb53.xlsx | COTIZACIONES_DORALEX_f72a.xlsx,False,False,False,NO_PRICE,,,,separadores|hojas|p/carpeta|5/1|tres|argollas|color|amarillo|5/1,MISSING_VALID_PRICE
AG-0879,"Carpetas De 1/2 Pulgada De Tres Aros, De Color Blanco, Con Bolsillo En El Interior Y Con",MISSING_VALID_PRICE,NEW_PRODUCT_WITHOUT_PRICE,,,,,,,KEEP_MANUAL_REVIEW,HIGH,COTIZACIONES_DORALEX_SRL_bb53.xlsx | COTIZACIONES_DORALEX_f72a.xlsx,False,False,False,NO_PRICE,,,,"carpetas|1/2|pulgada|tres|aros|color|blanco|bolsillo|1/2|2""",MISSING_VALID_PRICE
AG-0880,"Carpetas De 1 Pulgada De Tres Aros, De Color Blanco, Con Bolsillo En El Interior Y Con",MISSING_VALID_PRICE,NEW_PRODUCT_WITHOUT_PRICE,,,,,,,KEEP_MANUAL_REVIEW,HIGH,COTIZACIONES_DORALEX_SRL_bb53.xlsx | COTIZACIONES_DORALEX_f72a.xlsx,False,False,False,NO_PRICE,,,,"carpetas|1|pulgada|tres|aros|color|blanco|bolsillo|1""",MISSING_VALID_PRICE
AG-0881,"Carpetas De 2 Pulgada De Tres Aros, De Color Blanco, Con Bolsillo En El Interior Y Con",MISSING_VALID_PRICE,NEW_PRODUCT_WITHOUT_PRICE,,,,,,,KEEP_MANUAL_REVIEW,HIGH,COTIZACIONES_DORALEX_SRL_bb53.xlsx | COTIZACIONES_DORALEX_f72a.xlsx,False,False,False,NO_PRICE,,,,"carpetas|2|pulgada|tres|aros|color|blanco|bolsillo|2""",MISSING_VALID_PRICE
AG-0882,"Carpetas De 3 Pulgada De Tres Aros, De Color Blanco, Con Bolsillo En El Interior Y Con",MISSING_VALID_PRICE,NEW_PRODUCT_WITHOUT_PRICE,,,,,,,KEEP_MANUAL_REVIEW,HIGH,COTIZACIONES_DORALEX_SRL_bb53.xlsx | COTIZACIONES_DORALEX_f72a.xlsx,False,False,False,NO_PRICE,,,,"carpetas|3|pulgada|tres|aros|color|blanco|bolsillo|3""",MISSING_VALID_PRICE
AG-0883,"Sobres Manila, Papel Grueso, Tamaño 9 X 12 Pulgadas.",MISSING_VALID_PRICE,NEW_PRODUCT_WITHOUT_PRICE,,,,,,,KEEP_MANUAL_REVIEW,HIGH,COTIZACIONES_DORALEX_SRL_bb53.xlsx | COTIZACIONES_DORALEX_f72a.xlsx,False,False,False,NO_PRICE,,,,"sobres|manila|papel|grueso|tamano|9|x|12|12""",MISSING_VALID_PRICE
AG-0884,Tinta Para Sellos Pretintados Color Azul De 30ml.,MISSING_VALID_PRICE,NEW_PRODUCT_WITHOUT_PRICE,,,,,,,KEEP_MANUAL_REVIEW,HIGH,COTIZACIONES_DORALEX_SRL_bb53.xlsx | COTIZACIONES_DORALEX_f72a.xlsx,False,False,False,NO_PRICE,,,,tinta|para|sellos|pretintados|color|azul|30ml.,MISSING_VALID_PRICE
AG-0885,Tinta Para Sellos Pretintados Color Rojo De 30ml.,MISSING_VALID_PRICE,NEW_PRODUCT_WITHOUT_PRICE,,,,,,,KEEP_MANUAL_REVIEW,HIGH,COTIZACIONES_DORALEX_SRL_bb53.xlsx | COTIZACIONES_DORALEX_f72a.xlsx,False,False,False,NO_PRICE,,,,tinta|para|sellos|pretintados|color|rojo|30ml.,MISSING_VALID_PRICE
AG-0886,"Cinta Adhesiva (tape) Doble Cara Grande Rollo De Espuma, 19 Mm De Ancho Y 66 Metros De",MISSING_VALID_PRICE,NEW_PRODUCT_WITHOUT_PRICE,,,,,,,KEEP_MANUAL_REVIEW,HIGH,COTIZACIONES_DORALEX_SRL_bb53.xlsx | COTIZACIONES_DORALEX_f72a.xlsx,False,False,False,NO_PRICE,,,,cinta|adhesiva|tape|doble|cara|grande|rollo|espuma,MISSING_VALID_PRICE
AG-0887,Cinta Adhesiva (tape) Gris De 5 Cm De Ancho Y 50 Metros De Largo.,MISSING_VALID_PRICE,NEW_PRODUCT_WITHOUT_PRICE,,,,,,,KEEP_MANUAL_REVIEW,HIGH,COTIZACIONES_DORALEX_SRL_bb53.xlsx | COTIZACIONES_DORALEX_f72a.xlsx,False,False,False,NO_PRICE,,,,cinta|adhesiva|tape|gris|5|cm|ancho|50,MISSING_VALID_PRICE
AG-0888,"Cinta Adhesiva (tape) Fluorescente 15mm X 5 M, Colore Luminico Verde Rollo.",MISSING_VALID_PRICE,NEW_PRODUCT_WITHOUT_PRICE,,,,,,,KEEP_MANUAL_REVIEW,HIGH,COTIZACIONES_DORALEX_SRL_bb53.xlsx | COTIZACIONES_DORALEX_f72a.xlsx,False,False,False,NO_PRICE,,,,cinta|adhesiva|tape|fluorescente|15|mm|x|5,MISSING_VALID_PRICE
AG-0889,"Cinta Adhesiva Fluorescente 15mm X 5 M, Colore Luminico Naranja Rollo.",MISSING_VALID_PRICE,NEW_PRODUCT_WITHOUT_PRICE,,,,,,,KEEP_MANUAL_REVIEW,HIGH,COTIZACIONES_DORALEX_SRL_bb53.xlsx | COTIZACIONES_DORALEX_f72a.xlsx,False,False,False,NO_PRICE,,,,cinta|adhesiva|fluorescente|15|mm|x|5|m,MISSING_VALID_PRICE
AG-0890,"Lápiz HB No. 2, Cuerpo Hexagonal Con Borrador Suave Que No Mancha.",MISSING_VALID_PRICE,NEW_PRODUCT_WITHOUT_PRICE,,,,,,,KEEP_MANUAL_REVIEW,HIGH,COTIZACIONES_DORALEX_SRL_bb53.xlsx | COTIZACIONES_DORALEX_f72a.xlsx,False,False,False,NO_PRICE,,,,lapiz|hb|no.|2|cuerpo|hexagonal|borrador|suave,MISSING_VALID_PRICE
AG-0891,"Grapadora Estandar De Metal, Color Negro, Compatible Con Grapas Estándar 24/6 Y 26/6",MISSING_VALID_PRICE,NEW_PRODUCT_WITHOUT_PRICE,,,,,,,KEEP_MANUAL_REVIEW,HIGH,COTIZACIONES_DORALEX_SRL_bb53.xlsx | COTIZACIONES_DORALEX_f72a.xlsx,False,False,False,NO_PRICE,,,,grapadora|estandar|metal|color|negro|compatible|grapas|estandar|24/6,MISSING_VALID_PRICE
AG-0892,"Grapadora Industrial De Metal, Con Base Antideslizante, Con Capacidad De 100 Hojas De",MISSING_VALID_PRICE,NEW_PRODUCT_WITHOUT_PRICE,,,,,,,KEEP_MANUAL_REVIEW,HIGH,COTIZACIONES_DORALEX_SRL_bb53.xlsx | COTIZACIONES_DORALEX_f72a.xlsx,False,False,False,NO_PRICE,,,,grapadora|industrial|metal|base|antideslizante|capacidad|100|hojas,MISSING_VALID_PRICE
AG-0893,"Marcadores Permanentes, Punta Biselada De 2.0 50 Mm, Tinta Permanente A Base De Alcohol,",MISSING_VALID_PRICE,NEW_PRODUCT_WITHOUT_PRICE,,,,,,,KEEP_MANUAL_REVIEW,HIGH,COTIZACIONES_DORALEX_SRL_bb53.xlsx | COTIZACIONES_DORALEX_f72a.xlsx,False,False,False,NO_PRICE,,,,marcadores|permanentes|punta|biselada|2.0|50|mm|tinta,MISSING_VALID_PRICE
AG-0894,"Porta Lápiz Metálico Color Negro, Tipo Malla",MISSING_VALID_PRICE,NEW_PRODUCT_WITHOUT_PRICE,,,,,,,KEEP_MANUAL_REVIEW,HIGH,COTIZACIONES_DORALEX_SRL_bb53.xlsx | COTIZACIONES_DORALEX_f72a.xlsx,False,False,False,NO_PRICE,,,,porta|lapiz|metalico|color|negro|tipo|malla,MISSING_VALID_PRICE
AG-0895,"Reglas Plásticas De 30 Cm, Transparentes",MISSING_VALID_PRICE,NEW_PRODUCT_WITHOUT_PRICE,,,,,,,KEEP_MANUAL_REVIEW,HIGH,COTIZACIONES_DORALEX_SRL_bb53.xlsx | COTIZACIONES_DORALEX_f72a.xlsx,False,False,False,NO_PRICE,,,,reglas|plasticas|30|cm|transparentes,MISSING_VALID_PRICE
AG-0896,"Pegatinas ( Stickers) Redondas Transparentes De 1.5 In, Selladoras De Pestañas De Sobres",MISSING_VALID_PRICE,NEW_PRODUCT_WITHOUT_PRICE,,,,,,,KEEP_MANUAL_REVIEW,HIGH,COTIZACIONES_DORALEX_SRL_bb53.xlsx | COTIZACIONES_DORALEX_f72a.xlsx,False,False,False,NO_PRICE,,,,pegatinas|stickers|redondas|transparentes|1.5|in|selladoras|pestanas,MISSING_VALID_PRICE
AG-0897,"Sacagrapas Con Mango Plástico Ergonómico, Con Seguro Para Mantenerlo Plegado",MISSING_VALID_PRICE,NEW_PRODUCT_WITHOUT_PRICE,,,,,,,KEEP_MANUAL_REVIEW,HIGH,COTIZACIONES_DORALEX_SRL_bb53.xlsx | COTIZACIONES_DORALEX_f72a.xlsx,False,False,False,NO_PRICE,,,,sacagrapas|mango|plastico|ergonomico|seguro|para|mantenerlo|plegado,MISSING_VALID_PRICE
AG-0898,"Tijeras Para Tela De Acero, Mango Grueso, Acero Inoxidable.",MISSING_VALID_PRICE,NEW_PRODUCT_WITHOUT_PRICE,,,,,,,KEEP_MANUAL_REVIEW,HIGH,COTIZACIONES_DORALEX_SRL_bb53.xlsx | COTIZACIONES_DORALEX_f72a.xlsx,False,False,False,NO_PRICE,,,,tijeras|para|tela|acero|mango|grueso|acero|inoxidable.,MISSING_VALID_PRICE
AG-0899,"Tijeras De Oficina De 7 Pulgadas, Mango Grueso, Dimensión 8.5 Pulgadas",MISSING_VALID_PRICE,NEW_PRODUCT_WITHOUT_PRICE,,,,,,,KEEP_MANUAL_REVIEW,HIGH,COTIZACIONES_DORALEX_SRL_bb53.xlsx | COTIZACIONES_DORALEX_f72a.xlsx,False,False,False,NO_PRICE,,,,"tijeras|oficina|7|pulgadas|mango|grueso|dimension|8.5|7""",MISSING_VALID_PRICE
AG-0900,"Bandas (banditas) De Gomas Elásticas #18, 500/1",MISSING_VALID_PRICE,NEW_PRODUCT_WITHOUT_PRICE,,,,,,,KEEP_MANUAL_REVIEW,HIGH,COTIZACIONES_DORALEX_SRL_bb53.xlsx | COTIZACIONES_DORALEX_f72a.xlsx,False,False,False,NO_PRICE,,,,bandas|banditas|gomas|elasticas|18|500/1|500/1,MISSING_VALID_PRICE
AG-0901,Protector De Hojas (paquetes De 100 Protectores De Páginas 8.5 X 11 Pulgadas En Color,MISSING_VALID_PRICE,NEW_PRODUCT_WITHOUT_PRICE,,,,,,,KEEP_MANUAL_REVIEW,HIGH,COTIZACIONES_DORALEX_SRL_bb53.xlsx | COTIZACIONES_DORALEX_f72a.xlsx,False,False,False,NO_PRICE,,,,"protector|hojas|paquetes|100|protectores|paginas|8.5|x|11""",MISSING_VALID_PRICE
AG-0902,"Carpetas De 1 Pulgada De Tres Aros, Con Bolsillo En El Interior Y Con Plástico Frontal,",MISSING_VALID_PRICE,NEW_PRODUCT_WITHOUT_PRICE,,,,,,,KEEP_MANUAL_REVIEW,HIGH,COTIZACIONES_DORALEX_SRL_bb53.xlsx | COTIZACIONES_DORALEX_f72a.xlsx,False,False,False,NO_PRICE,,,,"carpetas|1|pulgada|tres|aros|bolsillo|interior|plastico|1""",MISSING_VALID_PRICE
AG-0903,Cartonite Blanco (paquetes De 250 Hojas C/u De Cartonite 8.5 X 11 Pulgadas).,MISSING_VALID_PRICE,NEW_PRODUCT_WITHOUT_PRICE,,,,,,,KEEP_MANUAL_REVIEW,HIGH,COTIZACIONES_DORALEX_SRL_bb53.xlsx | COTIZACIONES_DORALEX_f72a.xlsx,False,False,False,NO_PRICE,,,,"cartonite|blanco|paquetes|250|hojas|c/u|cartonite|8.5|11""",MISSING_VALID_PRICE
AG-0904,Opalina 8.5 X 11 Pulgadas Blanco (100 Und. C/u).,MISSING_VALID_PRICE,NEW_PRODUCT_WITHOUT_PRICE,,,,,,,KEEP_MANUAL_REVIEW,HIGH,COTIZACIONES_DORALEX_SRL_bb53.xlsx | COTIZACIONES_DORALEX_f72a.xlsx,False,False,False,NO_PRICE,,,,"opalina|8.5|x|11|pulgadas|blanco|100|und.|11""",MISSING_VALID_PRICE
AG-0905,"Barra De Silicón Caliente (barras Finas, 10 Unidades En 1).",MISSING_VALID_PRICE,NEW_PRODUCT_WITHOUT_PRICE,,,,,,,KEEP_MANUAL_REVIEW,HIGH,COTIZACIONES_DORALEX_SRL_bb53.xlsx | COTIZACIONES_DORALEX_f72a.xlsx,False,False,False,NO_PRICE,,,,barra|silicon|caliente|barras|finas|10|unidades|1,MISSING_VALID_PRICE
AG-0906,"Tijeras De Escritorio 5 Pulgadas, Mango Grueso",MISSING_VALID_PRICE,NEW_PRODUCT_WITHOUT_PRICE,,,,,,,KEEP_MANUAL_REVIEW,HIGH,COTIZACIONES_DORALEX_SRL_bb53.xlsx | COTIZACIONES_DORALEX_f72a.xlsx,False,False,False,NO_PRICE,,,,"tijeras|escritorio|5|pulgadas|mango|grueso|5""",MISSING_VALID_PRICE
AG-0907,"Pizarra Metálica Color Blanco, Borde De Aluminio Color Plata Con Cajetón Para Apoyo De",MISSING_VALID_PRICE,NEW_PRODUCT_WITHOUT_PRICE,,,,,,,KEEP_MANUAL_REVIEW,HIGH,COTIZACIONES_DORALEX_SRL_bb53.xlsx | COTIZACIONES_DORALEX_f72a.xlsx,False,False,False,NO_PRICE,,,,pizarra|metalica|color|blanco|borde|aluminio|color|plata,MISSING_VALID_PRICE
AG-0908,Borrador De Pizarra.,MISSING_VALID_PRICE,NEW_PRODUCT_WITHOUT_PRICE,,,,,,,KEEP_MANUAL_REVIEW,HIGH,COTIZACIONES_DORALEX_SRL_bb53.xlsx | COTIZACIONES_DORALEX_f72a.xlsx,False,False,False,NO_PRICE,,,,borrador|pizarra.,MISSING_VALID_PRICE
AG-0909,"Marcadores De Pizarra. (9 Color Negro, 9 Color Azul, 9 Color Rojo Y 9 Color Verde).",MISSING_VALID_PRICE,NEW_PRODUCT_WITHOUT_PRICE,,,,,,,KEEP_MANUAL_REVIEW,HIGH,COTIZACIONES_DORALEX_SRL_bb53.xlsx | COTIZACIONES_DORALEX_f72a.xlsx,False,False,False,NO_PRICE,,,,marcadores|pizarra.|9|color|negro|9|color|azul,MISSING_VALID_PRICE
AG-0910,Chinchetas Magnéticas. 60 Color Azul Y 60 Transparente.,MISSING_VALID_PRICE,NEW_PRODUCT_WITHOUT_PRICE,,,,,,,KEEP_MANUAL_REVIEW,HIGH,COTIZACIONES_DORALEX_SRL_bb53.xlsx | COTIZACIONES_DORALEX_f72a.xlsx,False,False,False,NO_PRICE,,,,chinchetas|magneticas.|60|color|azul|60|transparente.,MISSING_VALID_PRICE
AG-0911,"Sobres Manila, Papel Grueso, Tamaño 10 X 13 Pulgadas.",MISSING_VALID_PRICE,NEW_PRODUCT_WITHOUT_PRICE,,,,,,,KEEP_MANUAL_REVIEW,HIGH,COTIZACIONES_DORALEX_SRL_bb53.xlsx | COTIZACIONES_DORALEX_f72a.xlsx,False,False,False,NO_PRICE,,,,"sobres|manila|papel|grueso|tamano|10|x|13|13""",MISSING_VALID_PRICE
AG-0912,Sobre Manila De Pago No. 7.,MISSING_VALID_PRICE,NEW_PRODUCT_WITHOUT_PRICE,,,,,,,KEEP_MANUAL_REVIEW,HIGH,COTIZACIONES_DORALEX_SRL_bb53.xlsx | COTIZACIONES_DORALEX_f72a.xlsx,False,False,False,NO_PRICE,,,,sobre|manila|pago|no.|7.,MISSING_VALID_PRICE
AG-0913,"Corrector Líquido, Con Aplicador De Pincel. Botella De 18 Ml. Secado Rápido.",MISSING_VALID_PRICE,NEW_PRODUCT_WITHOUT_PRICE,,,,,,,KEEP_MANUAL_REVIEW,HIGH,COTIZACIONES_DORALEX_SRL_bb53.xlsx | COTIZACIONES_DORALEX_f72a.xlsx,False,False,False,NO_PRICE,,,,corrector|liquido|aplicador|pincel.|botella|18|ml.|secado,MISSING_VALID_PRICE
AG-0914,"Borra Blanca, No Mancha",MISSING_VALID_PRICE,NEW_PRODUCT_WITHOUT_PRICE,,,,,,,KEEP_MANUAL_REVIEW,HIGH,COTIZACIONES_DORALEX_SRL_bb53.xlsx | COTIZACIONES_DORALEX_f72a.xlsx,False,False,False,NO_PRICE,,,,borra|blanca|no|mancha,MISSING_VALID_PRICE
AG-0915,Broche (yoyo) Para El Carnet Retráctil Con Clip Color Negro.,MISSING_VALID_PRICE,NEW_PRODUCT_WITHOUT_PRICE,,,,,,,KEEP_MANUAL_REVIEW,HIGH,COTIZACIONES_DORALEX_SRL_bb53.xlsx | COTIZACIONES_DORALEX_f72a.xlsx,False,False,False,NO_PRICE,,,,broche|yoyo|para|carnet|retractil|clip|color|negro.,MISSING_VALID_PRICE
AG-0916,Porta Carnet En Policarbonato Rígido Transparente En Medidas 2.1” X 3.3”.,MISSING_VALID_PRICE,NEW_PRODUCT_WITHOUT_PRICE,,,,,,,KEEP_MANUAL_REVIEW,HIGH,COTIZACIONES_DORALEX_SRL_bb53.xlsx | COTIZACIONES_DORALEX_f72a.xlsx,False,False,False,NO_PRICE,,,,porta|carnet|policarbonato|rigido|transparente|medidas|2.1|x,MISSING_VALID_PRICE
AG-1004,"Hilo Redondo Htr5 3,3 X 237 Mts/mp/podar Truper",MISSING_VALID_PRICE,NEW_PRODUCT_WITHOUT_PRICE,,,,,,,KEEP_MANUAL_REVIEW,HIGH,COTIZACIONES_DORALEX_SRL_bb53.xlsx | COTIZACIONES_DORALEX_f72a.xlsx,False,False,False,NO_PRICE,,,,hilo|redondo|htr5|3|3|x|237|mts/mp/podar|HTR5,MISSING_VALID_PRICE
AG-1014,Credito A 120 Dias,MISSING_VALID_PRICE,NEW_PRODUCT_WITHOUT_PRICE,,,,,,,KEEP_MANUAL_REVIEW,HIGH,COTIZACIONES_DORALEX_SRL_bb53.xlsx | COTIZACIONES_DORALEX_f72a.xlsx,False,False,False,NO_PRICE,,,,credito|a|120|dias,MISSING_VALID_PRICE
AG-1077,Generales,MISSING_VALID_PRICE,NEW_PRODUCT_WITHOUT_PRICE,,,,,,,KEEP_MANUAL_REVIEW,HIGH,COTIZACIONES_DORALEX_SRL_bb53.xlsx,False,False,False,NO_PRICE,,,,generales,MISSING_VALID_PRICE
AG-1078,Reconstruccion De Piso 10x18,MISSING_VALID_PRICE,NEW_PRODUCT_WITHOUT_PRICE,,,,,,,KEEP_MANUAL_REVIEW,HIGH,COTIZACIONES_DORALEX_SRL_bb53.xlsx,False,False,False,NO_PRICE,,,,reconstruccion|piso|10x18,MISSING_VALID_PRICE
AG-1084,Reconstruccion Caseta De Bomba,MISSING_VALID_PRICE,NEW_PRODUCT_WITHOUT_PRICE,,,,,,,KEEP_MANUAL_REVIEW,HIGH,COTIZACIONES_DORALEX_SRL_bb53.xlsx,False,False,False,NO_PRICE,,,,reconstruccion|caseta|bomba,MISSING_VALID_PRICE
AG-1088,Tratamiento De Comejen,MISSING_VALID_PRICE,NEW_PRODUCT_WITHOUT_PRICE,,,,,,,KEEP_MANUAL_REVIEW,HIGH,COTIZACIONES_DORALEX_SRL_bb53.xlsx,False,False,False,NO_PRICE,,,,tratamiento|comejen,MISSING_VALID_PRICE
AG-1089,BAÑO,MISSING_VALID_PRICE,NEW_PRODUCT_WITHOUT_PRICE,,,,,,,KEEP_MANUAL_REVIEW,HIGH,COTIZACIONES_DORALEX_SRL_bb53.xlsx,False,False,False,NO_PRICE,,,,bano,MISSING_VALID_PRICE
AG-1095,Reconstruccion Ceramica De Pared,MISSING_VALID_PRICE,NEW_PRODUCT_WITHOUT_PRICE,,,,,,,KEEP_MANUAL_REVIEW,HIGH,COTIZACIONES_DORALEX_SRL_bb53.xlsx,False,False,False,NO_PRICE,,,,reconstruccion|ceramica|pared,MISSING_VALID_PRICE
AG-1098,COCINA,MISSING_VALID_PRICE,NEW_PRODUCT_WITHOUT_PRICE,,,,,,,KEEP_MANUAL_REVIEW,HIGH,COTIZACIONES_DORALEX_SRL_bb53.xlsx,False,False,False,NO_PRICE,,,,cocina,MISSING_VALID_PRICE
AG-1102,Miscelaneos,MISSING_VALID_PRICE,NEW_PRODUCT_WITHOUT_PRICE,,,,,,,KEEP_MANUAL_REVIEW,HIGH,COTIZACIONES_DORALEX_SRL_bb53.xlsx,False,False,False,NO_PRICE,,,,miscelaneos,MISSING_VALID_PRICE
AG-1105,Seguros Y Fianzas,MISSING_VALID_PRICE,NEW_PRODUCT_WITHOUT_PRICE,,,,,,,KEEP_MANUAL_REVIEW,HIGH,COTIZACIONES_DORALEX_SRL_bb53.xlsx,False,False,False,NO_PRICE,,,,seguros|fianzas,MISSING_VALID_PRICE
AG-1106,Beneficios,MISSING_VALID_PRICE,NEW_PRODUCT_WITHOUT_PRICE,,,,,,,KEEP_MANUAL_REVIEW,HIGH,COTIZACIONES_DORALEX_SRL_bb53.xlsx,False,False,False,NO_PRICE,,,,beneficios,MISSING_VALID_PRICE
AG-1107,Itbis (direccion Tecnica O Beneficio),MISSING_VALID_PRICE,NON_PRODUCT,,,,,,,IGNORE_NON_PRODUCT,HIGH,COTIZACIONES_DORALEX_SRL_bb53.xlsx,False,False,False,NO_PRICE,,,,itbis|direccion|tecnica|o|beneficio,MISSING_VALID_PRICE
AG-1145,NOTA: SERAN Utilizados EN EL Festival PALAU 14 Y 15 DE MARZO 2025,MISSING_VALID_PRICE,NEW_PRODUCT_WITHOUT_PRICE,,,,,,,KEEP_MANUAL_REVIEW,HIGH,COTIZACIONES_DORALEX_SRL_bb53.xlsx,False,False,False,NO_PRICE,,,,nota|seran|utilizados|festival|palau|14|15|marzo,MISSING_VALID_PRICE
AG-1148,*LOS QUE SE Retiraron DE UNA Cotizacion Y ESTAN EN ESPERA DE OTRO Requerimiento*,MISSING_VALID_PRICE,NEW_PRODUCT_WITHOUT_PRICE,,,,,,,KEEP_MANUAL_REVIEW,HIGH,COTIZACIONES_DORALEX_SRL_bb53.xlsx,False,False,False,NO_PRICE,,,,que|se|retiraron|una|cotizacion|estan|espera|otro,MISSING_VALID_PRICE
AG-1150,Alambre 14 DUPLEX,MISSING_VALID_PRICE,NEW_PRODUCT_WITHOUT_PRICE,,,,,,,KEEP_MANUAL_REVIEW,HIGH,COTIZACIONES_DORALEX_SRL_bb53.xlsx,False,False,False,NO_PRICE,,,,alambre|14|duplex,MISSING_VALID_PRICE
AG-1151,Alambre VINIL 12-3 GRIS,MISSING_VALID_PRICE,NEW_PRODUCT_WITHOUT_PRICE,,,,,,,KEEP_MANUAL_REVIEW,HIGH,COTIZACIONES_DORALEX_SRL_bb53.xlsx,False,False,False,NO_PRICE,,,,alambre|vinil|12-3|gris,MISSING_VALID_PRICE
AG-1152,Alambre VINILO 12-2,MISSING_VALID_PRICE,NEW_PRODUCT_WITHOUT_PRICE,,,,,,,KEEP_MANUAL_REVIEW,HIGH,COTIZACIONES_DORALEX_SRL_bb53.xlsx,False,False,False,NO_PRICE,,,,alambre|vinilo|12-2,MISSING_VALID_PRICE
AG-1153,Alambres NEGROS 3 HILOS DE GOMA,MISSING_VALID_PRICE,NEW_PRODUCT_WITHOUT_PRICE,,,,,,,KEEP_MANUAL_REVIEW,HIGH,COTIZACIONES_DORALEX_SRL_bb53.xlsx,False,False,False,NO_PRICE,,,,alambres|negros|3|hilos|goma,MISSING_VALID_PRICE
AG-1154,Aislantes Electricos (TAPE 3M),MISSING_VALID_PRICE,NEW_PRODUCT_WITHOUT_PRICE,,,,,,,KEEP_MANUAL_REVIEW,HIGH,COTIZACIONES_DORALEX_SRL_bb53.xlsx,False,False,False,NO_PRICE,,,,aislantes|electricos|tape|3m,MISSING_VALID_PRICE
AG-1155,Alicate DE Lagarto,MISSING_VALID_PRICE,NEW_PRODUCT_WITHOUT_PRICE,,,,,,,KEEP_MANUAL_REVIEW,HIGH,COTIZACIONES_DORALEX_SRL_bb53.xlsx,False,False,False,NO_PRICE,,,,alicate|lagarto,MISSING_VALID_PRICE
AG-1156,Alicate DE PUNTA Curvada,MISSING_VALID_PRICE,NEW_PRODUCT_WITHOUT_PRICE,,,,,,,KEEP_MANUAL_REVIEW,HIGH,COTIZACIONES_DORALEX_SRL_bb53.xlsx,False,False,False,NO_PRICE,,,,alicate|punta|curvada,MISSING_VALID_PRICE
AG-1157,Alicate DE PUNTA LARGA,MISSING_VALID_PRICE,NEW_PRODUCT_WITHOUT_PRICE,,,,,,,KEEP_MANUAL_REVIEW,HIGH,COTIZACIONES_DORALEX_SRL_bb53.xlsx,False,False,False,NO_PRICE,,,,alicate|punta|larga,MISSING_VALID_PRICE
AG-1158,Alicate DE PUNTA Redonda,MISSING_VALID_PRICE,NEW_PRODUCT_WITHOUT_PRICE,,,,,,,KEEP_MANUAL_REVIEW,HIGH,COTIZACIONES_DORALEX_SRL_bb53.xlsx,False,False,False,NO_PRICE,,,,alicate|punta|redonda,MISSING_VALID_PRICE
AG-1159,Alicate Guardalinea,MISSING_VALID_PRICE,NEW_PRODUCT_WITHOUT_PRICE,,,,,,,KEEP_MANUAL_REVIEW,HIGH,COTIZACIONES_DORALEX_SRL_bb53.xlsx,False,False,False,NO_PRICE,,,,alicate|guardalinea,MISSING_VALID_PRICE
AG-1160,Alicate PLANOS,MISSING_VALID_PRICE,NEW_PRODUCT_WITHOUT_PRICE,,,,,,,KEEP_MANUAL_REVIEW,HIGH,COTIZACIONES_DORALEX_SRL_bb53.xlsx,False,False,False,NO_PRICE,,,,alicate|planos,MISSING_VALID_PRICE
AG-1161,Alicate PUNTA DE AGUJA,MISSING_VALID_PRICE,NEW_PRODUCT_WITHOUT_PRICE,,,,,,,KEEP_MANUAL_REVIEW,HIGH,COTIZACIONES_DORALEX_SRL_bb53.xlsx,False,False,False,NO_PRICE,,,,alicate|punta|aguja,MISSING_VALID_PRICE
AG-1162,Amparimetros (texter),MISSING_VALID_PRICE,NEW_PRODUCT_WITHOUT_PRICE,,,,,,,KEEP_MANUAL_REVIEW,HIGH,COTIZACIONES_DORALEX_SRL_bb53.xlsx,False,False,False,NO_PRICE,,,,amparimetros|texter,MISSING_VALID_PRICE
AG-1163,BOTAS PARA HOMBRE,MISSING_VALID_PRICE,NEW_PRODUCT_WITHOUT_PRICE,,,,,,,KEEP_MANUAL_REVIEW,HIGH,COTIZACIONES_DORALEX_SRL_bb53.xlsx,False,False,False,NO_PRICE,,,,botas|para|hombre,MISSING_VALID_PRICE
AG-1164,Breakers DE 30 AMP,MISSING_VALID_PRICE,NEW_PRODUCT_WITHOUT_PRICE,,,,,,,KEEP_MANUAL_REVIEW,HIGH,COTIZACIONES_DORALEX_SRL_bb53.xlsx,False,False,False,NO_PRICE,,,,breakers|30|amp,MISSING_VALID_PRICE
AG-1165,Breakers DE 50 AMP,MISSING_VALID_PRICE,NEW_PRODUCT_WITHOUT_PRICE,,,,,,,KEEP_MANUAL_REVIEW,HIGH,COTIZACIONES_DORALEX_SRL_bb53.xlsx,False,False,False,NO_PRICE,,,,breakers|50|amp,MISSING_VALID_PRICE
AG-1166,Breakers DE 100 AMP,MISSING_VALID_PRICE,NEW_PRODUCT_WITHOUT_PRICE,,,,,,,KEEP_MANUAL_REVIEW,HIGH,COTIZACIONES_DORALEX_SRL_bb53.xlsx,False,False,False,NO_PRICE,,,,breakers|100|amp,MISSING_VALID_PRICE
AG-1167,Breakers DE 100 AMP Trifasico,MISSING_VALID_PRICE,NEW_PRODUCT_WITHOUT_PRICE,,,,,,,KEEP_MANUAL_REVIEW,HIGH,COTIZACIONES_DORALEX_SRL_bb53.xlsx,False,False,False,NO_PRICE,,,,breakers|100|amp|trifasico,MISSING_VALID_PRICE
AG-1168,Canaletas PARA CABLES,MISSING_VALID_PRICE,NEW_PRODUCT_WITHOUT_PRICE,,,,,,,KEEP_MANUAL_REVIEW,HIGH,COTIZACIONES_DORALEX_SRL_bb53.xlsx,False,False,False,NO_PRICE,,,,canaletas|para|cables,MISSING_VALID_PRICE
AG-1169,CAJAS DE Guantes DE Aislantes,MISSING_VALID_PRICE,NEW_PRODUCT_WITHOUT_PRICE,,,,,,,KEEP_MANUAL_REVIEW,HIGH,COTIZACIONES_DORALEX_SRL_bb53.xlsx,False,False,False,NO_PRICE,,,,cajas|guantes|aislantes,MISSING_VALID_PRICE
AG-1170,CAJAS DE Breaker DE 20 AMP,MISSING_VALID_PRICE,NEW_PRODUCT_WITHOUT_PRICE,,,,,,,KEEP_MANUAL_REVIEW,HIGH,COTIZACIONES_DORALEX_SRL_bb53.xlsx,False,False,False,NO_PRICE,,,,cajas|breaker|20|amp,MISSING_VALID_PRICE
AG-1171,CAJAS DE Breaker DE 20W,MISSING_VALID_PRICE,NEW_PRODUCT_WITHOUT_PRICE,,,,,,,KEEP_MANUAL_REVIEW,HIGH,COTIZACIONES_DORALEX_SRL_bb53.xlsx,False,False,False,NO_PRICE,,,,cajas|breaker|20|w|20W,MISSING_VALID_PRICE
AG-1172,CAJAS DE Breaker DE 30W,MISSING_VALID_PRICE,NEW_PRODUCT_WITHOUT_PRICE,,,,,,,KEEP_MANUAL_REVIEW,HIGH,COTIZACIONES_DORALEX_SRL_bb53.xlsx,False,False,False,NO_PRICE,,,,cajas|breaker|30|w|30W,MISSING_VALID_PRICE
AG-1173,CAJAS DE Lamparas TUBOS DE 32,MISSING_VALID_PRICE,NEW_PRODUCT_WITHOUT_PRICE,,,,,,,KEEP_MANUAL_REVIEW,HIGH,COTIZACIONES_DORALEX_SRL_bb53.xlsx,False,False,False,NO_PRICE,,,,cajas|lamparas|tubos|32,MISSING_VALID_PRICE
AG-1174,Canaletas DE PARED,MISSING_VALID_PRICE,NEW_PRODUCT_WITHOUT_PRICE,,,,,,,KEEP_MANUAL_REVIEW,HIGH,COTIZACIONES_DORALEX_SRL_bb53.xlsx,False,False,False,NO_PRICE,,,,canaletas|pared,MISSING_VALID_PRICE
AG-1175,Canaletas DE PISO,MISSING_VALID_PRICE,NEW_PRODUCT_WITHOUT_PRICE,,,,,,,KEEP_MANUAL_REVIEW,HIGH,COTIZACIONES_DORALEX_SRL_bb53.xlsx,False,False,False,NO_PRICE,,,,canaletas|piso,MISSING_VALID_PRICE
AG-1176,Conectores DE CABLES Electricos,MISSING_VALID_PRICE,NEW_PRODUCT_WITHOUT_PRICE,,,,,,,KEEP_MANUAL_REVIEW,HIGH,COTIZACIONES_DORALEX_SRL_bb53.xlsx,False,False,False,NO_PRICE,,,,conectores|cables|electricos,MISSING_VALID_PRICE
AG-1177,Cortadores DE Alambre,MISSING_VALID_PRICE,NEW_PRODUCT_WITHOUT_PRICE,,,,,,,KEEP_MANUAL_REVIEW,HIGH,COTIZACIONES_DORALEX_SRL_bb53.xlsx,False,False,False,NO_PRICE,,,,cortadores|alambre,MISSING_VALID_PRICE
AG-1178,Destornilladores DE TRIA,MISSING_VALID_PRICE,NEW_PRODUCT_WITHOUT_PRICE,,,,,,,KEEP_MANUAL_REVIEW,HIGH,COTIZACIONES_DORALEX_SRL_bb53.xlsx,False,False,False,NO_PRICE,,,,destornilladores|tria,MISSING_VALID_PRICE
AG-1179,Destornilladores PLANO,MISSING_VALID_PRICE,NEW_PRODUCT_WITHOUT_PRICE,,,,,,,KEEP_MANUAL_REVIEW,HIGH,COTIZACIONES_DORALEX_SRL_bb53.xlsx,False,False,False,NO_PRICE,,,,destornilladores|plano,MISSING_VALID_PRICE
AG-1180,Enchufes,MISSING_VALID_PRICE,NEW_PRODUCT_WITHOUT_PRICE,,,,,,,KEEP_MANUAL_REVIEW,HIGH,COTIZACIONES_DORALEX_SRL_bb53.xlsx,False,False,False,NO_PRICE,,,,enchufes,MISSING_VALID_PRICE
AG-1181,Lamaparas LED 12W PARA Interiores PLAFON,MISSING_VALID_PRICE,NEW_PRODUCT_WITHOUT_PRICE,,,,,,,KEEP_MANUAL_REVIEW,HIGH,COTIZACIONES_DORALEX_SRL_bb53.xlsx,False,False,False,NO_PRICE,,,,lamaparas|led|12|w|para|interiores|plafon|12W,MISSING_VALID_PRICE
AG-1182,Lamapra LED DE POSTES Solares 120W,MISSING_VALID_PRICE,NEW_PRODUCT_WITHOUT_PRICE,,,,,,,KEEP_MANUAL_REVIEW,HIGH,COTIZACIONES_DORALEX_SRL_bb53.xlsx,False,False,False,NO_PRICE,,,,lamapra|led|postes|solares|120|w|120W,MISSING_VALID_PRICE
AG-1183,Lamapara LED Interiores Redonda DE 150W,MISSING_VALID_PRICE,NEW_PRODUCT_WITHOUT_PRICE,,,,,,,KEEP_MANUAL_REVIEW,HIGH,COTIZACIONES_DORALEX_SRL_bb53.xlsx,False,False,False,NO_PRICE,,,,lamapara|led|interiores|redonda|150|w|150W,MISSING_VALID_PRICE
AG-1184,Lamapara LED Multicolores 200W,MISSING_VALID_PRICE,NEW_PRODUCT_WITHOUT_PRICE,,,,,,,KEEP_MANUAL_REVIEW,HIGH,COTIZACIONES_DORALEX_SRL_bb53.xlsx,False,False,False,NO_PRICE,,,,lamapara|led|multicolores|200|w|200W,MISSING_VALID_PRICE
AG-1185,Lampara LED Solares Completos 120W,MISSING_VALID_PRICE,NEW_PRODUCT_WITHOUT_PRICE,,,,,,,KEEP_MANUAL_REVIEW,HIGH,COTIZACIONES_DORALEX_SRL_bb53.xlsx,False,False,False,NO_PRICE,,,,lampara|led|solares|completos|120|w|120W,MISSING_VALID_PRICE
AG-1186,Lampara LED TIPO COBRA,MISSING_VALID_PRICE,NEW_PRODUCT_WITHOUT_PRICE,,,,,,,KEEP_MANUAL_REVIEW,HIGH,COTIZACIONES_DORALEX_SRL_bb53.xlsx,False,False,False,NO_PRICE,,,,lampara|led|tipo|cobra,MISSING_VALID_PRICE
AG-1187,Lampara PRO LED Ventana INLEC 500W,MISSING_VALID_PRICE,NEW_PRODUCT_WITHOUT_PRICE,,,,,,,KEEP_MANUAL_REVIEW,HIGH,COTIZACIONES_DORALEX_SRL_bb53.xlsx,False,False,False,NO_PRICE,,,,lampara|pro|led|ventana|inlec|500|w|500W,MISSING_VALID_PRICE
AG-1188,Lampara LED LUZ BLANCA Redonda DE 18W,MISSING_VALID_PRICE,NEW_PRODUCT_WITHOUT_PRICE,,,,,,,KEEP_MANUAL_REVIEW,HIGH,COTIZACIONES_DORALEX_SRL_bb53.xlsx,False,False,False,NO_PRICE,,,,lampara|led|luz|blanca|redonda|18|w|18W,MISSING_VALID_PRICE
AG-1189,Lampara LED LUZ Calidad Redonda DE 18W,MISSING_VALID_PRICE,NEW_PRODUCT_WITHOUT_PRICE,,,,,,,KEEP_MANUAL_REVIEW,HIGH,COTIZACIONES_DORALEX_SRL_bb53.xlsx,False,False,False,NO_PRICE,,,,lampara|led|luz|calidad|redonda|18|w|18W,MISSING_VALID_PRICE
AG-1190,Paneles,MISSING_VALID_PRICE,NEW_PRODUCT_WITHOUT_PRICE,,,,,,,KEEP_MANUAL_REVIEW,HIGH,COTIZACIONES_DORALEX_SRL_bb53.xlsx,False,False,False,NO_PRICE,,,,paneles,MISSING_VALID_PRICE
AG-1191,Pistolas DE Tornillo Electricas,MISSING_VALID_PRICE,NEW_PRODUCT_WITHOUT_PRICE,,,,,,,KEEP_MANUAL_REVIEW,HIGH,COTIZACIONES_DORALEX_SRL_bb53.xlsx,False,False,False,NO_PRICE,,,,pistolas|tornillo|electricas,MISSING_VALID_PRICE
AG-1192,Reflectores,MISSING_VALID_PRICE,NEW_PRODUCT_WITHOUT_PRICE,,,,,,,KEEP_MANUAL_REVIEW,HIGH,COTIZACIONES_DORALEX_SRL_bb53.xlsx,False,False,False,NO_PRICE,,,,reflectores,MISSING_VALID_PRICE
AG-1193,STRIP DE Conexiones (regleta),MISSING_VALID_PRICE,NEW_PRODUCT_WITHOUT_PRICE,,,,,,,KEEP_MANUAL_REVIEW,HIGH,COTIZACIONES_DORALEX_SRL_bb53.xlsx,False,False,False,NO_PRICE,,,,strip|conexiones|regleta,MISSING_VALID_PRICE
AG-1194,Tenazas DE RANURA Y Lengüeta,MISSING_VALID_PRICE,NEW_PRODUCT_WITHOUT_PRICE,,,,,,,KEEP_MANUAL_REVIEW,HIGH,COTIZACIONES_DORALEX_SRL_bb53.xlsx,False,False,False,NO_PRICE,,,,tenazas|ranura|lengueta,MISSING_VALID_PRICE
AG-1195,TOMA Corriente (receptaculos Electricos),MISSING_VALID_PRICE,NEW_PRODUCT_WITHOUT_PRICE,,,,,,,KEEP_MANUAL_REVIEW,HIGH,COTIZACIONES_DORALEX_SRL_bb53.xlsx,False,False,False,NO_PRICE,,,,toma|corriente|receptaculos|electricos,MISSING_VALID_PRICE
AG-1196,TUBOS DE LUCES LED DE 40W,MISSING_VALID_PRICE,NEW_PRODUCT_WITHOUT_PRICE,,,,,,,KEEP_MANUAL_REVIEW,HIGH,COTIZACIONES_DORALEX_SRL_bb53.xlsx,False,False,False,NO_PRICE,,,,tubos|luces|led|40|w|40W,MISSING_VALID_PRICE
AG-1197,TUBOS DE LUCES LED DE 32W,MISSING_VALID_PRICE,NEW_PRODUCT_WITHOUT_PRICE,,,,,,,KEEP_MANUAL_REVIEW,HIGH,COTIZACIONES_DORALEX_SRL_bb53.xlsx,False,False,False,NO_PRICE,,,,tubos|luces|led|32|w|32W,MISSING_VALID_PRICE
AG-1198,OJOS DE BUEY,MISSING_VALID_PRICE,NEW_PRODUCT_WITHOUT_PRICE,,,,,,,KEEP_MANUAL_REVIEW,HIGH,COTIZACIONES_DORALEX_SRL_bb53.xlsx,False,False,False,NO_PRICE,,,,ojos|buey,MISSING_VALID_PRICE
AG-1227,Construccion DE MUROS DE Sheetrok,MISSING_VALID_PRICE,NEW_PRODUCT_WITHOUT_PRICE,,,,,,,KEEP_MANUAL_REVIEW,HIGH,COTIZACIONES_DORALEX_SRL_bb53.xlsx,False,False,False,NO_PRICE,,,,construccion|muros|sheetrok,MISSING_VALID_PRICE
AG-1228,Ventanas Corredizas TIPO P.65 (1.50x1.50),MISSING_VALID_PRICE,NEW_PRODUCT_WITHOUT_PRICE,,,,,,,KEEP_MANUAL_REVIEW,HIGH,COTIZACIONES_DORALEX_SRL_bb53.xlsx,False,False,False,NO_PRICE,,,,ventanas|corredizas|tipo|p.65|1.50x1.50,MISSING_VALID_PRICE
AG-1229,Ipermiabilizante DE TECHO A BASE DE LONA Asfaltica 4KG Granular (3MM) DE Espesor Y,MISSING_VALID_PRICE,NEW_PRODUCT_WITHOUT_PRICE,,,,,,,KEEP_MANUAL_REVIEW,HIGH,COTIZACIONES_DORALEX_SRL_bb53.xlsx,False,False,False,NO_PRICE,,,,ipermiabilizante|techo|a|base|lona|asfaltica|4|kg|4 kg,MISSING_VALID_PRICE
AG-1282,Agregado GRUESO (grava) 3/4,AMBIGUOUS_MATCH,LIKELY_EXISTING_REVIEW,,,3330.0,,3330.0,3330.00,KEEP_MANUAL_REVIEW,MEDIUM,COTIZACIONES_DORALEX_SRL_bb53.xlsx | COTIZACIONES_DORALEX_f72a.xlsx | COTIZACIONES__REMPART_GROUP_2_3578.xlsx,False,False,False,MAX,COTIZACIONES_DORALEX_SRL_bb53.xlsx,Cotizacion (76),21,agregado|grueso|grava|3/4|3/4,AMBIGUOUS_MATCH
AG-1339,"GOMAS MAXXIS 12 R22.5 UM958 16PR TL 152/148K Combinada, TH",MISSING_VALID_PRICE,NEW_PRODUCT_WITHOUT_PRICE,,,,,,,KEEP_MANUAL_REVIEW,HIGH,COTIZACIONES_DORALEX_SRL_bb53.xlsx,False,False,False,NO_PRICE,,,,gomas|maxxis|12|r22.5|um958|16pr|tl|152/148k|UM958,MISSING_VALID_PRICE
AG-1340,"SET GOMAS MAXXIS 750 R16 MA908 16PR 125/121L Combinada, SH",MISSING_VALID_PRICE,NEW_PRODUCT_WITHOUT_PRICE,,,,,,,KEEP_MANUAL_REVIEW,HIGH,COTIZACIONES_DORALEX_SRL_bb53.xlsx,False,False,False,NO_PRICE,,,,set|gomas|maxxis|750|r16|ma908|16pr|125/121l|MA908|121 l,MISSING_VALID_PRICE
AG-1341,"GOMAS MAXXIS 11 R22.5 UM958 16PR TL 148/145K Combinada, TH",MISSING_VALID_PRICE,NEW_PRODUCT_WITHOUT_PRICE,,,,,,,KEEP_MANUAL_REVIEW,HIGH,COTIZACIONES_DORALEX_SRL_bb53.xlsx,False,False,False,NO_PRICE,,,,gomas|maxxis|11|r22.5|um958|16pr|tl|148/145k|UM958,MISSING_VALID_PRICE
AG-1342,"GOMAS MAXXIS 10 R22.5 UR288 14PR TL 144/142L Carretera, TH",MISSING_VALID_PRICE,NEW_PRODUCT_WITHOUT_PRICE,,,,,,,KEEP_MANUAL_REVIEW,HIGH,COTIZACIONES_DORALEX_SRL_bb53.xlsx,False,False,False,NO_PRICE,,,,gomas|maxxis|10|r22.5|ur288|14pr|tl|144/142l|UR288|142 l,MISSING_VALID_PRICE
AG-1343,FACT-B15-001,PRICE_COLUMN_AMBIGUOUS;MISSING_VALID_PRICE,NON_PRODUCT,,,,,,,IGNORE_NON_PRODUCT,HIGH,COTIZACIONES_DORALEX_SRL_bb53.xlsx,False,False,False,NO_PRICE,,,,fact-b15-001|FACT-B15-001,PRICE_COLUMN_AMBIGUOUS|MISSING_VALID_PRICE
AG-1344,FACT-B15-125,PRICE_COLUMN_AMBIGUOUS;MISSING_VALID_PRICE,NON_PRODUCT,,,,,,,IGNORE_NON_PRODUCT,HIGH,COTIZACIONES_DORALEX_SRL_bb53.xlsx,False,False,False,NO_PRICE,,,,fact-b15-125|FACT-B15-125,PRICE_COLUMN_AMBIGUOUS|MISSING_VALID_PRICE
AG-1345,FACT-B15-127,PRICE_COLUMN_AMBIGUOUS;MISSING_VALID_PRICE,NON_PRODUCT,,,,,,,IGNORE_NON_PRODUCT,HIGH,COTIZACIONES_DORALEX_SRL_bb53.xlsx,False,False,False,NO_PRICE,,,,fact-b15-127|FACT-B15-127,PRICE_COLUMN_AMBIGUOUS|MISSING_VALID_PRICE
AG-1346,FACT-B15-128,PRICE_COLUMN_AMBIGUOUS;MISSING_VALID_PRICE,NON_PRODUCT,,,,,,,IGNORE_NON_PRODUCT,HIGH,COTIZACIONES_DORALEX_SRL_bb53.xlsx,False,False,False,NO_PRICE,,,,fact-b15-128|FACT-B15-128,PRICE_COLUMN_AMBIGUOUS|MISSING_VALID_PRICE
AG-1347,FACT-B15-129,PRICE_COLUMN_AMBIGUOUS;MISSING_VALID_PRICE,NON_PRODUCT,,,,,,,IGNORE_NON_PRODUCT,HIGH,COTIZACIONES_DORALEX_SRL_bb53.xlsx,False,False,False,NO_PRICE,,,,fact-b15-129|FACT-B15-129,PRICE_COLUMN_AMBIGUOUS|MISSING_VALID_PRICE
AG-1351,TAPE NEGRO,MISSING_VALID_PRICE,NEW_PRODUCT_WITHOUT_PRICE,,,,,,,KEEP_MANUAL_REVIEW,HIGH,COTIZACIONES_DORALEX_SRL_bb53.xlsx,False,False,False,NO_PRICE,,,,tape|negro,MISSING_VALID_PRICE
AG-1353,Guantes DE Proteccion,MISSING_VALID_PRICE,NEW_PRODUCT_WITHOUT_PRICE,,,,,,,KEEP_MANUAL_REVIEW,HIGH,COTIZACIONES_DORALEX_SRL_bb53.xlsx,False,False,False,NO_PRICE,,,,guantes|proteccion,MISSING_VALID_PRICE
AG-1354,CINTA Electrica,MISSING_VALID_PRICE,NEW_PRODUCT_WITHOUT_PRICE,,,,,,,KEEP_MANUAL_REVIEW,HIGH,COTIZACIONES_DORALEX_SRL_bb53.xlsx,False,False,False,NO_PRICE,,,,cinta|electrica,MISSING_VALID_PRICE
AG-1355,ENLATE,MISSING_VALID_PRICE,NEW_PRODUCT_WITHOUT_PRICE,,,,,,,KEEP_MANUAL_REVIEW,HIGH,COTIZACIONES_DORALEX_SRL_bb53.xlsx,False,False,False,NO_PRICE,,,,enlate,MISSING_VALID_PRICE
AG-1356,Playwood,MISSING_VALID_PRICE,NEW_PRODUCT_WITHOUT_PRICE,,,,,,,KEEP_MANUAL_REVIEW,HIGH,COTIZACIONES_DORALEX_SRL_bb53.xlsx,False,False,False,NO_PRICE,,,,playwood,MISSING_VALID_PRICE
AG-1357,CONOS,MISSING_VALID_PRICE,NEW_PRODUCT_WITHOUT_PRICE,,,,,,,KEEP_MANUAL_REVIEW,HIGH,COTIZACIONES_DORALEX_SRL_bb53.xlsx,False,False,False,NO_PRICE,,,,conos,MISSING_VALID_PRICE
AG-1358,"Inodoros Completos Incluyendo Fluxomento , TAPAS, Y Valvulas.",MISSING_VALID_PRICE,NEW_PRODUCT_WITHOUT_PRICE,,,,,,,KEEP_MANUAL_REVIEW,HIGH,COTIZACIONES_DORALEX_SRL_bb53.xlsx,False,False,False,NO_PRICE,,,,inodoros|completos|incluyendo|fluxomento|tapas|valvulas.,MISSING_VALID_PRICE
AG-1373,"NOTA: ESTA Cotizacion ESTA SUJETA A Cambios, UNA VEZ SE Proceda CON LA VISITA A CAMPO",MISSING_VALID_PRICE,NEW_PRODUCT_WITHOUT_PRICE,,,,,,,KEEP_MANUAL_REVIEW,HIGH,COTIZACIONES_DORALEX_f72a.xlsx,False,False,False,NO_PRICE,,,,nota|esta|cotizacion|esta|sujeta|a|cambios|una,MISSING_VALID_PRICE
AG-1381,Alambre Electrico DE TIERRA THHN (AWG) 2.5mm. Cordiflex,MISSING_VALID_PRICE,NEW_PRODUCT_WITHOUT_PRICE,,,,,,,KEEP_MANUAL_REVIEW,HIGH,COTIZACIONES_DORALEX_f72a.xlsx,False,False,False,NO_PRICE,,,,alambre|electrico|tierra|thhn|awg|2.5|mm.|cordiflex,MISSING_VALID_PRICE
AG-1382,Alambre Electrico THHN (AWG) NO.12 PHELPS DODGE ROJO,MISSING_VALID_PRICE,NEW_PRODUCT_WITHOUT_PRICE,,,,,,,KEEP_MANUAL_REVIEW,HIGH,COTIZACIONES_DORALEX_f72a.xlsx,False,False,False,NO_PRICE,,,,alambre|electrico|thhn|awg|no.12|phelps|dodge|rojo,MISSING_VALID_PRICE
AG-1383,Alambres Electricothhn (AWG) NO.12 PHELPS DODGE NEGRO,MISSING_VALID_PRICE,NEW_PRODUCT_WITHOUT_PRICE,,,,,,,KEEP_MANUAL_REVIEW,HIGH,COTIZACIONES_DORALEX_f72a.xlsx,False,False,False,NO_PRICE,,,,alambres|electricothhn|awg|no.12|phelps|dodge|negro,MISSING_VALID_PRICE
AG-1384,Alambre Electrico THHN (AWG) NO.12 PHELPS DODGE BANCO,MISSING_VALID_PRICE,NEW_PRODUCT_WITHOUT_PRICE,,,,,,,KEEP_MANUAL_REVIEW,HIGH,COTIZACIONES_DORALEX_f72a.xlsx,False,False,False,NO_PRICE,,,,alambre|electrico|thhn|awg|no.12|phelps|dodge|banco,MISSING_VALID_PRICE
AG-1385,Alambre Electrico THHN (AWG) NO.12 PHELPS DODGE VERDE,MISSING_VALID_PRICE,NEW_PRODUCT_WITHOUT_PRICE,,,,,,,KEEP_MANUAL_REVIEW,HIGH,COTIZACIONES_DORALEX_f72a.xlsx,False,False,False,NO_PRICE,,,,alambre|electrico|thhn|awg|no.12|phelps|dodge|verde,MISSING_VALID_PRICE
AG-1386,Alambre Electrico THHN (AWG) NO.08 PHELPS DODGE ROJO,MISSING_VALID_PRICE,NEW_PRODUCT_WITHOUT_PRICE,,,,,,,KEEP_MANUAL_REVIEW,HIGH,COTIZACIONES_DORALEX_f72a.xlsx,False,False,False,NO_PRICE,,,,alambre|electrico|thhn|awg|no.08|phelps|dodge|rojo,MISSING_VALID_PRICE
AG-1387,Alambres Electrico THHN (AWG) NO.10 PHELPS DODGE NEGRO,MISSING_VALID_PRICE,NEW_PRODUCT_WITHOUT_PRICE,,,,,,,KEEP_MANUAL_REVIEW,HIGH,COTIZACIONES_DORALEX_f72a.xlsx,False,False,False,NO_PRICE,,,,alambres|electrico|thhn|awg|no.10|phelps|dodge|negro,MISSING_VALID_PRICE
AG-1403,72 Marcos,MISSING_VALID_PRICE,NEW_PRODUCT_WITHOUT_PRICE,,,,,,,KEEP_MANUAL_REVIEW,HIGH,COTIZACIONES_DORALEX_f72a.xlsx,False,False,False,NO_PRICE,,,,72|marcos,MISSING_VALID_PRICE
AG-1404,144 Cruzeta Cortas,MISSING_VALID_PRICE,NEW_PRODUCT_WITHOUT_PRICE,,,,,,,KEEP_MANUAL_REVIEW,HIGH,COTIZACIONES_DORALEX_f72a.xlsx,False,False,False,NO_PRICE,,,,144|cruzeta|cortas,MISSING_VALID_PRICE
AG-1405,72 Cruzetas Largas,MISSING_VALID_PRICE,NEW_PRODUCT_WITHOUT_PRICE,,,,,,,KEEP_MANUAL_REVIEW,HIGH,COTIZACIONES_DORALEX_f72a.xlsx,False,False,False,NO_PRICE,,,,72|cruzetas|largas,MISSING_VALID_PRICE
AG-1406,36 Tablas,MISSING_VALID_PRICE,NEW_PRODUCT_WITHOUT_PRICE,,,,,,,KEEP_MANUAL_REVIEW,HIGH,COTIZACIONES_DORALEX_f72a.xlsx,False,False,False,NO_PRICE,,,,36|tablas,MISSING_VALID_PRICE
AG-1407,36 Juntos,MISSING_VALID_PRICE,NEW_PRODUCT_WITHOUT_PRICE,,,,,,,KEEP_MANUAL_REVIEW,HIGH,COTIZACIONES_DORALEX_f72a.xlsx,False,False,False,NO_PRICE,,,,36|juntos,MISSING_VALID_PRICE
AG-1408,36 Tubos,MISSING_VALID_PRICE,NEW_PRODUCT_WITHOUT_PRICE,,,,,,,KEEP_MANUAL_REVIEW,HIGH,COTIZACIONES_DORALEX_f72a.xlsx,False,False,False,NO_PRICE,,,,36|tubos,MISSING_VALID_PRICE
AG-1412,Sheetrock 4x8,MISSING_VALID_PRICE,NEW_PRODUCT_WITHOUT_PRICE,,,,,,,KEEP_MANUAL_REVIEW,HIGH,COTIZACIONES_DORALEX_f72a.xlsx,False,False,False,NO_PRICE,,,,sheetrock|4x8,MISSING_VALID_PRICE
AG-1413,PARAL PARA Sheetrock 2 1/2 X10,MISSING_VALID_PRICE,NEW_PRODUCT_WITHOUT_PRICE,,,,,,,KEEP_MANUAL_REVIEW,HIGH,COTIZACIONES_DORALEX_f72a.xlsx,False,False,False,NO_PRICE,,,,paral|para|sheetrock|2|1/2|x10|1/2,MISSING_VALID_PRICE
AG-1414,PERFIL PARA Sheetrock 2 1/2 X10,MISSING_VALID_PRICE,NEW_PRODUCT_WITHOUT_PRICE,,,,,,,KEEP_MANUAL_REVIEW,HIGH,COTIZACIONES_DORALEX_f72a.xlsx,False,False,False,NO_PRICE,,,,perfil|para|sheetrock|2|1/2|x10|1/2,MISSING_VALID_PRICE
AG-1415,KIT Talador 1/2 Atornillador DE Impacto 1/4,MISSING_VALID_PRICE,NEW_PRODUCT_WITHOUT_PRICE,,,,,,,KEEP_MANUAL_REVIEW,HIGH,COTIZACIONES_DORALEX_f72a.xlsx,False,False,False,NO_PRICE,,,,kit|talador|1/2|atornillador|impacto|1/4|1/2,MISSING_VALID_PRICE
AG-1417,Tornillos PARA Sheetrock 1 1/4,MISSING_VALID_PRICE,NEW_PRODUCT_WITHOUT_PRICE,,,,,,,KEEP_MANUAL_REVIEW,HIGH,COTIZACIONES_DORALEX_f72a.xlsx,False,False,False,NO_PRICE,,,,tornillos|para|sheetrock|1|1/4|1/4,MISSING_VALID_PRICE
AG-1418,Tornillos Diablitos DE 1,MISSING_VALID_PRICE,NEW_PRODUCT_WITHOUT_PRICE,,,,,,,KEEP_MANUAL_REVIEW,HIGH,COTIZACIONES_DORALEX_f72a.xlsx,False,False,False,NO_PRICE,,,,tornillos|diablitos|1,MISSING_VALID_PRICE
AG-1419,Tornillos Diablito DE 1 1/2,MISSING_VALID_PRICE,NEW_PRODUCT_WITHOUT_PRICE,,,,,,,KEEP_MANUAL_REVIEW,HIGH,COTIZACIONES_DORALEX_f72a.xlsx,False,False,False,NO_PRICE,,,,tornillos|diablito|1|1/2|1/2,MISSING_VALID_PRICE
AG-1420,Cortadora DE CESPED,MISSING_VALID_PRICE,NEW_PRODUCT_WITHOUT_PRICE,,,,,,,KEEP_MANUAL_REVIEW,HIGH,COTIZACIONES_DORALEX_f72a.xlsx,False,False,False,NO_PRICE,,,,cortadora|cesped,MISSING_VALID_PRICE
AG-1421,Desbrozadora Trimmer Cortador DE CESPED,MISSING_VALID_PRICE,NEW_PRODUCT_WITHOUT_PRICE,,,,,,,KEEP_MANUAL_REVIEW,HIGH,COTIZACIONES_DORALEX_f72a.xlsx,False,False,False,NO_PRICE,,,,desbrozadora|trimmer|cortador|cesped,MISSING_VALID_PRICE
AG-1422,Sopladora,MISSING_VALID_PRICE,NEW_PRODUCT_WITHOUT_PRICE,,,,,,,KEEP_MANUAL_REVIEW,HIGH,COTIZACIONES_DORALEX_f72a.xlsx,False,False,False,NO_PRICE,,,,sopladora,MISSING_VALID_PRICE
AG-1432,RESINA Epoxica Transparente Y ALTA Resistencia,MISSING_VALID_PRICE,NEW_PRODUCT_WITHOUT_PRICE,,,,,,,KEEP_MANUAL_REVIEW,HIGH,COTIZACIONES_DORALEX_f72a.xlsx,False,False,False,NO_PRICE,,,,resina|epoxica|transparente|alta|resistencia,MISSING_VALID_PRICE
AG-1433,VASOS Medidores DE Silicona CON Boquilla,MISSING_VALID_PRICE,NEW_PRODUCT_WITHOUT_PRICE,,,,,,,KEEP_MANUAL_REVIEW,HIGH,COTIZACIONES_DORALEX_f72a.xlsx,False,False,False,NO_PRICE,,,,vasos|medidores|silicona|boquilla,MISSING_VALID_PRICE
AG-1434,BORLA DE HILO CHINO O SEDA Diversos Colores,MISSING_VALID_PRICE,NEW_PRODUCT_WITHOUT_PRICE,,,,,,,KEEP_MANUAL_REVIEW,HIGH,COTIZACIONES_DORALEX_f72a.xlsx,False,False,False,NO_PRICE,,,,borla|hilo|chino|o|seda|diversos|colores,MISSING_VALID_PRICE
AG-1435,Argollas PARA Llavero Metalicos DE ALTA Resistencia 25Y 33MM,MISSING_VALID_PRICE,NEW_PRODUCT_WITHOUT_PRICE,,,,,,,KEEP_MANUAL_REVIEW,HIGH,COTIZACIONES_DORALEX_f72a.xlsx,False,False,False,NO_PRICE,,,,argollas|para|llavero|metalicos|alta|resistencia|25y|33,MISSING_VALID_PRICE
AG-1436,MOLDE DE ARETES DE Silicona Flexible Y DE FORMA COMUN Y DE Calidad,MISSING_VALID_PRICE,NEW_PRODUCT_WITHOUT_PRICE,,,,,,,KEEP_MANUAL_REVIEW,HIGH,COTIZACIONES_DORALEX_f72a.xlsx,False,False,False,NO_PRICE,,,,molde|aretes|silicona|flexible|forma|comun|calidad,MISSING_VALID_PRICE
AG-1437,Llaveros DE ALTA Durabilidad Y Acabado Brillante,MISSING_VALID_PRICE,NEW_PRODUCT_WITHOUT_PRICE,,,,,,,KEEP_MANUAL_REVIEW,HIGH,COTIZACIONES_DORALEX_f72a.xlsx,False,False,False,NO_PRICE,,,,llaveros|alta|durabilidad|acabado|brillante,MISSING_VALID_PRICE
AG-1438,Cancamo DE Acabado Metalico DE ROSCA FINA 8 Y 10 MM,MISSING_VALID_PRICE,NEW_PRODUCT_WITHOUT_PRICE,,,,,,,KEEP_MANUAL_REVIEW,HIGH,COTIZACIONES_DORALEX_f72a.xlsx,False,False,False,NO_PRICE,,,,cancamo|acabado|metalico|rosca|fina|8|10|mm,MISSING_VALID_PRICE
AG-1439,"MOLDES PARA Llavero DE Silicon DE 8 Flexibles, LISO Y Brillante EN EL Interior",MISSING_VALID_PRICE,NEW_PRODUCT_WITHOUT_PRICE,,,,,,,KEEP_MANUAL_REVIEW,HIGH,COTIZACIONES_DORALEX_f72a.xlsx,False,False,False,NO_PRICE,,,,moldes|para|llavero|silicon|8|flexibles|liso|brillante,MISSING_VALID_PRICE
AG-1440,Palitos DE PALETA DE MADERA Superficie LISA Resistente 30CM,MISSING_VALID_PRICE,NEW_PRODUCT_WITHOUT_PRICE,,,,,,,KEEP_MANUAL_REVIEW,HIGH,COTIZACIONES_DORALEX_f72a.xlsx,False,False,False,NO_PRICE,,,,palitos|paleta|madera|superficie|lisa|resistente|30|cm,MISSING_VALID_PRICE
AG-1441,MOLDES DE LETRAS DE Silicona DE ALTA Calidad Y Enterior Brillante Alfanumericos DE 3 Y 5,MISSING_VALID_PRICE,NEW_PRODUCT_WITHOUT_PRICE,,,,,,,KEEP_MANUAL_REVIEW,HIGH,COTIZACIONES_DORALEX_f72a.xlsx,False,False,False,NO_PRICE,,,,moldes|letras|silicona|alta|calidad|enterior|brillante|alfanumericos,MISSING_VALID_PRICE
AG-1442,Mechero (sopletes) DISEÑO LIGERO LLAMA AZUL TIPO Antorcha DE BUTANO,MISSING_VALID_PRICE,NEW_PRODUCT_WITHOUT_PRICE,,,,,,,KEEP_MANUAL_REVIEW,HIGH,COTIZACIONES_DORALEX_f72a.xlsx,False,False,False,NO_PRICE,,,,mechero|sopletes|diseno|ligero|llama|azul|tipo|antorcha,MISSING_VALID_PRICE
AG-1443,GAS BUTANO PARA Mechero DE LLAMA AZUL Controlable EN BOTES DE Aerosol Metalico DE 250ML,MISSING_VALID_PRICE,NEW_PRODUCT_WITHOUT_PRICE,,,,,,,KEEP_MANUAL_REVIEW,HIGH,COTIZACIONES_DORALEX_f72a.xlsx,False,False,False,NO_PRICE,,,,gas|butano|para|mechero|llama|azul|controlable|botes,MISSING_VALID_PRICE
AG-1444,MICA EN POLVO Defecto Metalico Y Brillante Compatible CON RESINA DE ALTA Resistencia,MISSING_VALID_PRICE,NEW_PRODUCT_WITHOUT_PRICE,,,,,,,KEEP_MANUAL_REVIEW,HIGH,COTIZACIONES_DORALEX_f72a.xlsx,False,False,False,NO_PRICE,,,,mica|polvo|defecto|metalico|brillante|compatible|resina|alta,MISSING_VALID_PRICE
AG-1445,"Liquido DE Colores Y Compatible PARA RESINA EN TONOS Intensos , Pasteles Y Brillante 24/1",MISSING_VALID_PRICE,NEW_PRODUCT_WITHOUT_PRICE,,,,,,,KEEP_MANUAL_REVIEW,HIGH,COTIZACIONES_DORALEX_f72a.xlsx,False,False,False,NO_PRICE,,,,liquido|colores|compatible|para|resina|tonos|intensos|pasteles|24/1,MISSING_VALID_PRICE
AG-1446,Escarcha PARA RESINA DE ALTA Resistencia Y Durabilidad VARIOS Colores 24/1,MISSING_VALID_PRICE,NEW_PRODUCT_WITHOUT_PRICE,,,,,,,KEEP_MANUAL_REVIEW,HIGH,COTIZACIONES_DORALEX_f72a.xlsx,False,False,False,NO_PRICE,,,,escarcha|para|resina|alta|resistencia|durabilidad|varios|colores|24/1,MISSING_VALID_PRICE
AG-1447,Ansuelos PARA ARETES Resistentes EN ACERO Inoxidable Y FORMA Curvada,MISSING_VALID_PRICE,NEW_PRODUCT_WITHOUT_PRICE,,,,,,,KEEP_MANUAL_REVIEW,HIGH,COTIZACIONES_DORALEX_f72a.xlsx,False,False,False,NO_PRICE,,,,ansuelos|para|aretes|resistentes|acero|inoxidable|forma|curvada,MISSING_VALID_PRICE
AG-1448,PINZAS DE ACERO Inoxidable DE ALTA Resistencia PUNTA FINA Y MANGO Ergonomico,MISSING_VALID_PRICE,NEW_PRODUCT_WITHOUT_PRICE,,,,,,,KEEP_MANUAL_REVIEW,HIGH,COTIZACIONES_DORALEX_f72a.xlsx,False,False,False,NO_PRICE,,,,pinzas|acero|inoxidable|alta|resistencia|punta|fina|mango,MISSING_VALID_PRICE
AG-1449,Guantes DE COLOR AZUL DE Nitrilo DE ALTA Resistencia Quimica,MISSING_VALID_PRICE,NEW_PRODUCT_WITHOUT_PRICE,,,,,,,KEEP_MANUAL_REVIEW,HIGH,COTIZACIONES_DORALEX_f72a.xlsx,False,False,False,NO_PRICE,,,,guantes|color|azul|nitrilo|alta|resistencia|quimica,MISSING_VALID_PRICE
AG-1450,Alcohol Osopropilico DE 95% A 99% PUREZA,MISSING_VALID_PRICE,NEW_PRODUCT_WITHOUT_PRICE,,,,,,,KEEP_MANUAL_REVIEW,HIGH,COTIZACIONES_DORALEX_f72a.xlsx,False,False,False,NO_PRICE,,,,alcohol|osopropilico|95%|a|99%|pureza,MISSING_VALID_PRICE
AG-1451,Lampara UV Potencia DE 36W A 54W DE ALTA Potencia Y Recargable,MISSING_VALID_PRICE,NEW_PRODUCT_WITHOUT_PRICE,,,,,,,KEEP_MANUAL_REVIEW,HIGH,COTIZACIONES_DORALEX_f72a.xlsx,False,False,False,NO_PRICE,,,,lampara|uv|potencia|36|w|a|54|w|36W,MISSING_VALID_PRICE
AG-1452,BARRO Natural DE ALTA Plasticidad Arcilla ROJA,MISSING_VALID_PRICE,NEW_PRODUCT_WITHOUT_PRICE,,,,,,,KEEP_MANUAL_REVIEW,HIGH,COTIZACIONES_DORALEX_f72a.xlsx,False,False,False,NO_PRICE,,,,barro|natural|alta|plasticidad|arcilla|roja,MISSING_VALID_PRICE
AG-1453,SET DE Herrramientas Modelado DE BARRO DE MADERA,MISSING_VALID_PRICE,NEW_PRODUCT_WITHOUT_PRICE,,,,,,,KEEP_MANUAL_REVIEW,HIGH,COTIZACIONES_DORALEX_f72a.xlsx,False,False,False,NO_PRICE,,,,set|herrramientas|modelado|barro|madera,MISSING_VALID_PRICE
AG-1484,Cartucho Deskjet 1000 122,MISSING_VALID_PRICE,NEW_PRODUCT_WITHOUT_PRICE,,,,,,,KEEP_MANUAL_REVIEW,HIGH,COTIZACIONES_DORALEX_f72a.xlsx,False,False,False,NO_PRICE,,,,cartucho|deskjet|1000|122,MISSING_VALID_PRICE
AG-1487,TONER HP Laserjet PRO M402-MFP M426 CF226,MISSING_VALID_PRICE,NEW_PRODUCT_WITHOUT_PRICE,,,,,,,KEEP_MANUAL_REVIEW,HIGH,COTIZACIONES_DORALEX_f72a.xlsx,False,False,False,NO_PRICE,,,,toner|hp|laserjet|pro|m402-mfp|m426|cf226|M402-MFP,MISSING_VALID_PRICE
AG-1518,NOTA Aclaratoria:,MISSING_VALID_PRICE,NEW_PRODUCT_WITHOUT_PRICE,,,,,,,KEEP_MANUAL_REVIEW,HIGH,COTIZACIONES_DORALEX_f72a.xlsx,False,False,False,NO_PRICE,,,,nota|aclaratoria,MISSING_VALID_PRICE
AG-1519,pago De Anticipo De Un 30% Del Valor Total De La Cotizacion.,MISSING_VALID_PRICE,NEW_PRODUCT_WITHOUT_PRICE,,,,,,,KEEP_MANUAL_REVIEW,HIGH,COTIZACIONES_DORALEX_f72a.xlsx,False,False,False,NO_PRICE,,,,pago|anticipo|un|30%|valor|total|cotizacion.,MISSING_VALID_PRICE
AG-1520," El Arrendatario Será Responsable Por Cualquier Daño, Accidente, Pérdida Del Equipo",MISSING_VALID_PRICE,NEW_PRODUCT_WITHOUT_PRICE,,,,,,,KEEP_MANUAL_REVIEW,HIGH,COTIZACIONES_DORALEX_f72a.xlsx,False,False,False,NO_PRICE,,,,arrendatario|sera|responsable|por|cualquier|dano|accidente|perdida,MISSING_VALID_PRICE
AG-1521, La Disponibilidad De La Unidad Estará Sujeta A Aprobación Previa.,MISSING_VALID_PRICE,NEW_PRODUCT_WITHOUT_PRICE,,,,,,,KEEP_MANUAL_REVIEW,HIGH,COTIZACIONES_DORALEX_f72a.xlsx,False,False,False,NO_PRICE,,,,disponibilidad|unidad|estara|sujeta|a|aprobacion|previa.,MISSING_VALID_PRICE
AG-1522,"se Debe Contratar Un Mínimo De 4 Horas Por Día, De Lunes A Sábado.",MISSING_VALID_PRICE,NEW_PRODUCT_WITHOUT_PRICE,,,,,,,KEEP_MANUAL_REVIEW,HIGH,COTIZACIONES_DORALEX_f72a.xlsx,False,False,False,NO_PRICE,,,,se|debe|contratar|un|minimo|4|horas|por,MISSING_VALID_PRICE
AG-1567,Costillita,MISSING_VALID_PRICE,NEW_PRODUCT_WITHOUT_PRICE,,,,,,,KEEP_MANUAL_REVIEW,HIGH,COTIZACIONES__DOMINION_BUSINESS_18aa.xlsx | COTIZACIONES__REMPART_GROUP_2_3578.xlsx | COTIZACIONES___2023-2024_PIN_ARIAS_2_fddc.xlsx,False,False,False,NO_PRICE,,,,costillita,MISSING_VALID_PRICE
AG-1569,POLLO ENTERO,MISSING_VALID_PRICE,NEW_PRODUCT_WITHOUT_PRICE,,,,,,,KEEP_MANUAL_REVIEW,HIGH,COTIZACIONES__DOMINION_BUSINESS_18aa.xlsx | COTIZACIONES__REMPART_GROUP_2_3578.xlsx | COTIZACIONES___2023-2024_PIN_ARIAS_2_fddc.xlsx,False,True,False,NO_PRICE,,,,pollo|entero,MISSING_VALID_PRICE
AG-1570,SALAMI Induveca 3.5/1,MISSING_VALID_PRICE,NEW_PRODUCT_WITHOUT_PRICE,,,,,,,KEEP_MANUAL_REVIEW,HIGH,COTIZACIONES__DOMINION_BUSINESS_18aa.xlsx | COTIZACIONES__REMPART_GROUP_2_3578.xlsx | COTIZACIONES___2023-2024_PIN_ARIAS_2_fddc.xlsx,False,True,False,NO_PRICE,,,,salami|induveca|3.5/1|5/1,MISSING_VALID_PRICE
AG-1574,RES Primium Deshuesada,MISSING_VALID_PRICE,NEW_PRODUCT_WITHOUT_PRICE,,,,,,,KEEP_MANUAL_REVIEW,HIGH,COTIZACIONES__DOMINION_BUSINESS_18aa.xlsx | COTIZACIONES__REMPART_GROUP_2_3578.xlsx | COTIZACIONES___2023-2024_PIN_ARIAS_2_fddc.xlsx,False,False,False,NO_PRICE,,,,res|primium|deshuesada,MISSING_VALID_PRICE
AG-1575,CERDO,MISSING_VALID_PRICE,NEW_PRODUCT_WITHOUT_PRICE,,,,,,,KEEP_MANUAL_REVIEW,HIGH,COTIZACIONES__DOMINION_BUSINESS_18aa.xlsx | COTIZACIONES__REMPART_GROUP_2_3578.xlsx | COTIZACIONES___2023-2024_PIN_ARIAS_2_fddc.xlsx,False,False,False,NO_PRICE,,,,cerdo,MISSING_VALID_PRICE
AG-1576,Chuleta Ahumada,MISSING_VALID_PRICE,NEW_PRODUCT_WITHOUT_PRICE,,,,,,,KEEP_MANUAL_REVIEW,HIGH,COTIZACIONES__DOMINION_BUSINESS_18aa.xlsx | COTIZACIONES__REMPART_GROUP_2_3578.xlsx | COTIZACIONES___2023-2024_PIN_ARIAS_2_fddc.xlsx,False,True,False,NO_PRICE,,,,chuleta|ahumada,MISSING_VALID_PRICE
AG-1581,QUESO BLANCO,MISSING_VALID_PRICE,NEW_PRODUCT_WITHOUT_PRICE,,,,,,,KEEP_MANUAL_REVIEW,HIGH,COTIZACIONES__DOMINION_BUSINESS_18aa.xlsx,True,False,False,NO_PRICE,,,,queso|blanco,MISSING_VALID_PRICE
AG-1582,QUESO Amarillo,MISSING_VALID_PRICE,NEW_PRODUCT_WITHOUT_PRICE,,,,,,,KEEP_MANUAL_REVIEW,HIGH,COTIZACIONES__DOMINION_BUSINESS_18aa.xlsx | COTIZACIONES___2023-2024_PIN_ARIAS_2_fddc.xlsx,True,False,False,NO_PRICE,,,,queso|amarillo,MISSING_VALID_PRICE
AG-1583,QUESO GOUDA,MISSING_VALID_PRICE,NEW_PRODUCT_WITHOUT_PRICE,,,,,,,KEEP_MANUAL_REVIEW,HIGH,COTIZACIONES__DOMINION_BUSINESS_18aa.xlsx | COTIZACIONES___2023-2024_PIN_ARIAS_2_fddc.xlsx,True,False,False,NO_PRICE,,,,queso|gouda,MISSING_VALID_PRICE
AG-1584,QUESO Mozarella,MISSING_VALID_PRICE,NEW_PRODUCT_WITHOUT_PRICE,,,,,,,KEEP_MANUAL_REVIEW,HIGH,COTIZACIONES__DOMINION_BUSINESS_18aa.xlsx | COTIZACIONES___2023-2024_PIN_ARIAS_2_fddc.xlsx,True,False,False,NO_PRICE,,,,queso|mozarella,MISSING_VALID_PRICE
AG-1585,HUEVO,MISSING_VALID_PRICE,NEW_PRODUCT_WITHOUT_PRICE,,,,,,,KEEP_MANUAL_REVIEW,HIGH,COTIZACIONES__DOMINION_BUSINESS_18aa.xlsx,True,False,False,NO_PRICE,,,,huevo,MISSING_VALID_PRICE
AG-1586,PECHO DE RES,MISSING_VALID_PRICE,NEW_PRODUCT_WITHOUT_PRICE,,,,,,,KEEP_MANUAL_REVIEW,HIGH,COTIZACIONES__DOMINION_BUSINESS_18aa.xlsx | COTIZACIONES___2023-2024_PIN_ARIAS_2_fddc.xlsx,False,False,False,NO_PRICE,,,,pecho|res,MISSING_VALID_PRICE
AG-1587,Pechuga DE POLLO 50/1 LB,MISSING_VALID_PRICE,NEW_PRODUCT_WITHOUT_PRICE,,,,,,,KEEP_MANUAL_REVIEW,HIGH,COTIZACIONES__DOMINION_BUSINESS_18aa.xlsx,False,True,False,NO_PRICE,,,,pechuga|pollo|50/1|lb|50/1|1 lb,MISSING_VALID_PRICE
AG-1588,MUSLO DE POLLO,MISSING_VALID_PRICE,NEW_PRODUCT_WITHOUT_PRICE,,,,,,,KEEP_MANUAL_REVIEW,HIGH,COTIZACIONES__DOMINION_BUSINESS_18aa.xlsx | COTIZACIONES___2023-2024_PIN_ARIAS_2_fddc.xlsx,False,True,False,NO_PRICE,,,,muslo|pollo,MISSING_VALID_PRICE
AG-1589,HUEVOS 30/1,MISSING_VALID_PRICE,NEW_PRODUCT_WITHOUT_PRICE,,,,,,,KEEP_MANUAL_REVIEW,HIGH,COTIZACIONES__DOMINION_BUSINESS_18aa.xlsx | COTIZACIONES___2023-2024_PIN_ARIAS_2_fddc.xlsx,True,False,False,NO_PRICE,,,,huevos|30/1|30/1,MISSING_VALID_PRICE
AG-1590,JAMON 6/1,MISSING_VALID_PRICE,NEW_PRODUCT_WITHOUT_PRICE,,,,,,,KEEP_MANUAL_REVIEW,HIGH,COTIZACIONES__DOMINION_BUSINESS_18aa.xlsx | COTIZACIONES___2023-2024_PIN_ARIAS_2_fddc.xlsx,False,True,False,NO_PRICE,,,,jamon|6/1|6/1,MISSING_VALID_PRICE
AG-1591,JAMON DE PAVO,MISSING_VALID_PRICE,NEW_PRODUCT_WITHOUT_PRICE,,,,,,,KEEP_MANUAL_REVIEW,HIGH,COTIZACIONES__DOMINION_BUSINESS_18aa.xlsx | COTIZACIONES___2023-2024_PIN_ARIAS_2_fddc.xlsx,False,True,False,NO_PRICE,,,,jamon|pavo,MISSING_VALID_PRICE
AG-1592,SALAMI 3.2/1LB,MISSING_VALID_PRICE,NEW_PRODUCT_WITHOUT_PRICE,,,,,,,KEEP_MANUAL_REVIEW,HIGH,COTIZACIONES__DOMINION_BUSINESS_18aa.xlsx | COTIZACIONES___2023-2024_PIN_ARIAS_2_fddc.xlsx,False,True,False,NO_PRICE,,,,salami|3.2/1|lb|1 lb,MISSING_VALID_PRICE
AG-1593,Salchicha,MISSING_VALID_PRICE,NEW_PRODUCT_WITHOUT_PRICE,,,,,,,KEEP_MANUAL_REVIEW,HIGH,COTIZACIONES__DOMINION_BUSINESS_18aa.xlsx | COTIZACIONES___2023-2024_PIN_ARIAS_2_fddc.xlsx,False,False,False,NO_PRICE,,,,salchicha,MISSING_VALID_PRICE
AG-1594,QUESO Amarillo 5/1,MISSING_VALID_PRICE,NEW_PRODUCT_WITHOUT_PRICE,,,,,,,KEEP_MANUAL_REVIEW,HIGH,COTIZACIONES__DOMINION_BUSINESS_18aa.xlsx | COTIZACIONES___2023-2024_PIN_ARIAS_2_fddc.xlsx,True,False,False,NO_PRICE,,,,queso|amarillo|5/1|5/1,MISSING_VALID_PRICE
AG-1595,SALAMI 3.2/1 LB,MISSING_VALID_PRICE,NEW_PRODUCT_WITHOUT_PRICE,,,,,,,KEEP_MANUAL_REVIEW,HIGH,COTIZACIONES__DOMINION_BUSINESS_18aa.xlsx,False,True,False,NO_PRICE,,,,salami|3.2/1|lb|2/1|1 lb,MISSING_VALID_PRICE
AG-1596,Costillitas Ahumada,MISSING_VALID_PRICE,NEW_PRODUCT_WITHOUT_PRICE,,,,,,,KEEP_MANUAL_REVIEW,HIGH,COTIZACIONES__DOMINION_BUSINESS_18aa.xlsx,False,False,False,NO_PRICE,,,,costillitas|ahumada,MISSING_VALID_PRICE
AG-1597,POLLOS Enteros C/U 4 LIBRA,MISSING_VALID_PRICE,NEW_PRODUCT_WITHOUT_PRICE,,,,,,,KEEP_MANUAL_REVIEW,HIGH,COTIZACIONES__DOMINION_BUSINESS_18aa.xlsx,False,True,False,NO_PRICE,,,,pollos|enteros|c/u|4|libra,MISSING_VALID_PRICE
AG-1598,LIBRAS DE CERDO PARA GUISAR,MISSING_VALID_PRICE,NEW_PRODUCT_WITHOUT_PRICE,,,,,,,KEEP_MANUAL_REVIEW,HIGH,COTIZACIONES__DOMINION_BUSINESS_18aa.xlsx,False,False,False,NO_PRICE,,,,libras|cerdo|para|guisar,MISSING_VALID_PRICE
AG-1599,LIBRAS DE RES PARA GUISAR,MISSING_VALID_PRICE,NEW_PRODUCT_WITHOUT_PRICE,,,,,,,KEEP_MANUAL_REVIEW,HIGH,COTIZACIONES__DOMINION_BUSINESS_18aa.xlsx,False,False,False,NO_PRICE,,,,libras|res|para|guisar,MISSING_VALID_PRICE
AG-1600,LIBRAS DE RES MOLIDA,MISSING_VALID_PRICE,NEW_PRODUCT_WITHOUT_PRICE,,,,,,,KEEP_MANUAL_REVIEW,HIGH,COTIZACIONES__DOMINION_BUSINESS_18aa.xlsx,False,True,False,NO_PRICE,,,,libras|res|molida,MISSING_VALID_PRICE
AG-1601,Costilla Ahumada,MISSING_VALID_PRICE,NEW_PRODUCT_WITHOUT_PRICE,,,,,,,KEEP_MANUAL_REVIEW,HIGH,COTIZACIONES__DOMINION_BUSINESS_18aa.xlsx | COTIZACIONES___2023-2024_PIN_ARIAS_2_fddc.xlsx,False,True,False,NO_PRICE,,,,costilla|ahumada,MISSING_VALID_PRICE
AG-1602,POLLO,MISSING_VALID_PRICE,NEW_PRODUCT_WITHOUT_PRICE,,,,,,,KEEP_MANUAL_REVIEW,HIGH,COTIZACIONES__DOMINION_BUSINESS_18aa.xlsx | COTIZACIONES___2023-2024_PIN_ARIAS_2_fddc.xlsx,False,True,False,NO_PRICE,,,,pollo,MISSING_VALID_PRICE
AG-1603,PATA DE VACA,MISSING_VALID_PRICE,NEW_PRODUCT_WITHOUT_PRICE,,,,,,,KEEP_MANUAL_REVIEW,HIGH,COTIZACIONES__DOMINION_BUSINESS_18aa.xlsx | COTIZACIONES___2023-2024_PIN_ARIAS_2_fddc.xlsx,False,False,False,NO_PRICE,,,,pata|vaca,MISSING_VALID_PRICE
AG-1604,MOLIDA DE Primera,MISSING_VALID_PRICE,NEW_PRODUCT_WITHOUT_PRICE,,,,,,,KEEP_MANUAL_REVIEW,HIGH,COTIZACIONES__DOMINION_BUSINESS_18aa.xlsx,False,False,False,NO_PRICE,,,,molida|primera,MISSING_VALID_PRICE
AG-1605,HIGADO DE RES,MISSING_VALID_PRICE,NEW_PRODUCT_WITHOUT_PRICE,,,,,,,KEEP_MANUAL_REVIEW,HIGH,COTIZACIONES__DOMINION_BUSINESS_18aa.xlsx | COTIZACIONES___2023-2024_PIN_ARIAS_2_fddc.xlsx,False,False,False,NO_PRICE,,,,higado|res,MISSING_VALID_PRICE
AG-1606,CARNES DE RES,MISSING_VALID_PRICE,NEW_PRODUCT_WITHOUT_PRICE,,,,,,,KEEP_MANUAL_REVIEW,HIGH,COTIZACIONES__DOMINION_BUSINESS_18aa.xlsx | COTIZACIONES___2023-2024_PIN_ARIAS_2_fddc.xlsx,False,False,False,NO_PRICE,,,,carnes|res,MISSING_VALID_PRICE
AG-1607,POLLO ENTERO C/U 4LIBRA,MISSING_VALID_PRICE,NEW_PRODUCT_WITHOUT_PRICE,,,,,,,KEEP_MANUAL_REVIEW,HIGH,COTIZACIONES__DOMINION_BUSINESS_18aa.xlsx,False,True,False,NO_PRICE,,,,pollo|entero|c/u|4libra,MISSING_VALID_PRICE
AG-1608,LIBRA DE CERDO PARA GUISAR,MISSING_VALID_PRICE,NEW_PRODUCT_WITHOUT_PRICE,,,,,,,KEEP_MANUAL_REVIEW,HIGH,COTIZACIONES__DOMINION_BUSINESS_18aa.xlsx,False,False,False,NO_PRICE,,,,libra|cerdo|para|guisar,MISSING_VALID_PRICE
AG-1609,LIBRA DE RES PARA GUISAR,MISSING_VALID_PRICE,NEW_PRODUCT_WITHOUT_PRICE,,,,,,,KEEP_MANUAL_REVIEW,HIGH,COTIZACIONES__DOMINION_BUSINESS_18aa.xlsx,False,False,False,NO_PRICE,,,,libra|res|para|guisar,MISSING_VALID_PRICE
AG-1610,LIBRA DE POLLO,MISSING_VALID_PRICE,NEW_PRODUCT_WITHOUT_PRICE,,,,,,,KEEP_MANUAL_REVIEW,HIGH,COTIZACIONES__DOMINION_BUSINESS_18aa.xlsx | COTIZACIONES___2023-2024_PIN_ARIAS_2_fddc.xlsx | COTIZACION_-2026_MAYO_4932.xlsx,False,True,False,NO_PRICE,,,,libra|pollo,MISSING_VALID_PRICE
AG-1611,LIBRA DE PATA DE VACA,MISSING_VALID_PRICE,NEW_PRODUCT_WITHOUT_PRICE,,,,,,,KEEP_MANUAL_REVIEW,HIGH,COTIZACIONES__DOMINION_BUSINESS_18aa.xlsx | COTIZACIONES___2023-2024_PIN_ARIAS_2_fddc.xlsx | COTIZACION_-2026_MAYO_4932.xlsx,False,False,False,NO_PRICE,,,,libra|pata|vaca,MISSING_VALID_PRICE
AG-1612,LIBRA DE CARNE RES,MISSING_VALID_PRICE,NEW_PRODUCT_WITHOUT_PRICE,,,,,,,KEEP_MANUAL_REVIEW,HIGH,COTIZACIONES__DOMINION_BUSINESS_18aa.xlsx | COTIZACIONES___2023-2024_PIN_ARIAS_2_fddc.xlsx | COTIZACION_-2026_MAYO_4932.xlsx,False,True,False,NO_PRICE,,,,libra|carne|res,MISSING_VALID_PRICE
AG-1613,LIBRA DE RES MOLIDA,MISSING_VALID_PRICE,NEW_PRODUCT_WITHOUT_PRICE,,,,,,,KEEP_MANUAL_REVIEW,HIGH,COTIZACIONES__DOMINION_BUSINESS_18aa.xlsx,False,True,False,NO_PRICE,,,,libra|res|molida,MISSING_VALID_PRICE
AG-1614,LIBRA DE Costillita Ahumada,MISSING_VALID_PRICE,NEW_PRODUCT_WITHOUT_PRICE,,,,,,,KEEP_MANUAL_REVIEW,HIGH,COTIZACIONES__DOMINION_BUSINESS_18aa.xlsx,False,False,False,NO_PRICE,,,,libra|costillita|ahumada,MISSING_VALID_PRICE
AG-1615,LIBRA DE Chuleta,MISSING_VALID_PRICE,NEW_PRODUCT_WITHOUT_PRICE,,,,,,,KEEP_MANUAL_REVIEW,HIGH,COTIZACIONES__DOMINION_BUSINESS_18aa.xlsx | COTIZACIONES___2023-2024_PIN_ARIAS_2_fddc.xlsx,False,True,False,NO_PRICE,,,,libra|chuleta,MISSING_VALID_PRICE
AG-1616,RES DE GUISAR,MISSING_VALID_PRICE,NEW_PRODUCT_WITHOUT_PRICE,,,,,,,KEEP_MANUAL_REVIEW,HIGH,COTIZACIONES__DOMINION_BUSINESS_18aa.xlsx,False,False,False,NO_PRICE,,,,res|guisar,MISSING_VALID_PRICE
AG-1617,CARNE MOLIDA,MISSING_VALID_PRICE,NEW_PRODUCT_WITHOUT_PRICE,,,,,,,KEEP_MANUAL_REVIEW,HIGH,COTIZACIONES__DOMINION_BUSINESS_18aa.xlsx,False,False,False,NO_PRICE,,,,carne|molida,MISSING_VALID_PRICE
AG-1618,Platano VERDE,MISSING_VALID_PRICE,NEW_PRODUCT_WITHOUT_PRICE,,,,,,,KEEP_MANUAL_REVIEW,HIGH,COTIZACIONES__DOMINION_BUSINESS_18aa.xlsx | COTIZACIONES___2023-2024_PIN_ARIAS_2_fddc.xlsx,True,False,False,NO_PRICE,,,,platano|verde,MISSING_VALID_PRICE
AG-1619,GUINEO VERDE,MISSING_VALID_PRICE,NEW_PRODUCT_WITHOUT_PRICE,,,,,,,KEEP_MANUAL_REVIEW,HIGH,COTIZACIONES__DOMINION_BUSINESS_18aa.xlsx | COTIZACIONES___2023-2024_PIN_ARIAS_2_fddc.xlsx,False,False,False,NO_PRICE,,,,guineo|verde,MISSING_VALID_PRICE
AG-1620,YUCA,MISSING_VALID_PRICE,NEW_PRODUCT_WITHOUT_PRICE,,,,,,,KEEP_MANUAL_REVIEW,HIGH,COTIZACIONES__DOMINION_BUSINESS_18aa.xlsx | COTIZACIONES___2023-2024_PIN_ARIAS_2_fddc.xlsx,True,False,False,NO_PRICE,,,,yuca,MISSING_VALID_PRICE
AG-1621,YAUTIA COCO,MISSING_VALID_PRICE,NEW_PRODUCT_WITHOUT_PRICE,,,,,,,KEEP_MANUAL_REVIEW,HIGH,COTIZACIONES__DOMINION_BUSINESS_18aa.xlsx | COTIZACIONES___2023-2024_PIN_ARIAS_2_fddc.xlsx,False,False,False,NO_PRICE,,,,yautia|coco,MISSING_VALID_PRICE
AG-1622,PAPA,MISSING_VALID_PRICE,NEW_PRODUCT_WITHOUT_PRICE,,,,,,,KEEP_MANUAL_REVIEW,HIGH,COTIZACIONES__DOMINION_BUSINESS_18aa.xlsx | COTIZACIONES___2023-2024_PIN_ARIAS_2_fddc.xlsx,False,False,False,NO_PRICE,,,,papa,MISSING_VALID_PRICE
AG-1623,AUYAMA,MISSING_VALID_PRICE,NEW_PRODUCT_WITHOUT_PRICE,,,,,,,KEEP_MANUAL_REVIEW,HIGH,COTIZACIONES__DOMINION_BUSINESS_18aa.xlsx | COTIZACIONES___2023-2024_PIN_ARIAS_2_fddc.xlsx,False,False,False,NO_PRICE,,,,auyama,MISSING_VALID_PRICE
AG-1624,ÑAME,MISSING_VALID_PRICE,NEW_PRODUCT_WITHOUT_PRICE,,,,,,,KEEP_MANUAL_REVIEW,HIGH,COTIZACIONES__DOMINION_BUSINESS_18aa.xlsx | COTIZACIONES___2023-2024_PIN_ARIAS_2_fddc.xlsx,False,False,False,NO_PRICE,,,,name,MISSING_VALID_PRICE
AG-1625,SALAMI Induveca,MISSING_VALID_PRICE,NEW_PRODUCT_WITHOUT_PRICE,,,,,,,KEEP_MANUAL_REVIEW,HIGH,COTIZACIONES__DOMINION_BUSINESS_18aa.xlsx | COTIZACIONES___2023-2024_PIN_ARIAS_2_fddc.xlsx,False,True,False,NO_PRICE,,,,salami|induveca,MISSING_VALID_PRICE
AG-1626,QUESO CHEDAR,MISSING_VALID_PRICE,NEW_PRODUCT_WITHOUT_PRICE,,,,,,,KEEP_MANUAL_REVIEW,HIGH,COTIZACIONES__DOMINION_BUSINESS_18aa.xlsx | COTIZACIONES___2023-2024_PIN_ARIAS_2_fddc.xlsx,True,False,False,NO_PRICE,,,,queso|chedar,MISSING_VALID_PRICE
AG-1627,JAMON PICNIC,MISSING_VALID_PRICE,NEW_PRODUCT_WITHOUT_PRICE,,,,,,,KEEP_MANUAL_REVIEW,HIGH,COTIZACIONES__DOMINION_BUSINESS_18aa.xlsx | COTIZACIONES___2023-2024_PIN_ARIAS_2_fddc.xlsx,False,True,False,NO_PRICE,,,,jamon|picnic,MISSING_VALID_PRICE
AG-1628,YAUTIA BLANCA,MISSING_VALID_PRICE,NEW_PRODUCT_WITHOUT_PRICE,,,,,,,KEEP_MANUAL_REVIEW,HIGH,COTIZACIONES__DOMINION_BUSINESS_18aa.xlsx | COTIZACIONES___2023-2024_PIN_ARIAS_2_fddc.xlsx,False,False,False,NO_PRICE,,,,yautia|blanca,MISSING_VALID_PRICE
AG-1629,LIBRA DE CARNE DE CERDO,MISSING_VALID_PRICE,NEW_PRODUCT_WITHOUT_PRICE,,,,,,,KEEP_MANUAL_REVIEW,HIGH,COTIZACIONES__DOMINION_BUSINESS_18aa.xlsx | COTIZACIONES___2023-2024_PIN_ARIAS_2_fddc.xlsx | COTIZACION_-2026_MAYO_4932.xlsx,False,True,False,NO_PRICE,,,,libra|carne|cerdo,MISSING_VALID_PRICE
AG-1630,LIBRA DE Costillita,MISSING_VALID_PRICE,NEW_PRODUCT_WITHOUT_PRICE,,,,,,,KEEP_MANUAL_REVIEW,HIGH,COTIZACIONES__DOMINION_BUSINESS_18aa.xlsx,False,False,False,NO_PRICE,,,,libra|costillita,MISSING_VALID_PRICE
AG-1631,PLATO FOAMI CON DIVISION/200/1 Catai/plastifar,MISSING_VALID_PRICE,NEW_PRODUCT_WITHOUT_PRICE,,,,,,,KEEP_MANUAL_REVIEW,HIGH,COTIZACIONES__DOMINION_BUSINESS_18aa.xlsx | COTIZACIONES___2023-2024_PIN_ARIAS_2_fddc.xlsx,False,False,False,NO_PRICE,,,,plato|foami|division/200/1|catai/plastifar|200/1,MISSING_VALID_PRICE
AG-1632,Cuchara Bambino/plastica 40/1,MISSING_VALID_PRICE,NEW_PRODUCT_WITHOUT_PRICE,,,,,,,KEEP_MANUAL_REVIEW,HIGH,COTIZACIONES__DOMINION_BUSINESS_18aa.xlsx,False,False,False,NO_PRICE,,,,cuchara|bambino/plastica|40/1|40/1,MISSING_VALID_PRICE
AG-1633,Tenedor Bambino/plastifar 40/1,MISSING_VALID_PRICE,NEW_PRODUCT_WITHOUT_PRICE,,,,,,,KEEP_MANUAL_REVIEW,HIGH,COTIZACIONES__DOMINION_BUSINESS_18aa.xlsx | COTIZACIONES___2023-2024_PIN_ARIAS_2_fddc.xlsx,False,False,False,NO_PRICE,,,,tenedor|bambino/plastifar|40/1|40/1,MISSING_VALID_PRICE
AG-1634,PAPEL DE Aluminio Diamond 18X1000FT,MISSING_VALID_PRICE,NEW_PRODUCT_WITHOUT_PRICE,,,,,,,KEEP_MANUAL_REVIEW,HIGH,COTIZACIONES__DOMINION_BUSINESS_18aa.xlsx | COTIZACIONES___2023-2024_PIN_ARIAS_2_fddc.xlsx,False,False,False,NO_PRICE,,,,papel|aluminio|diamond|18x1000ft|1000 pies,MISSING_VALID_PRICE
AG-1635,SALTEN GRANDE DE TEFLON,MISSING_VALID_PRICE,NEW_PRODUCT_WITHOUT_PRICE,,,,,,,KEEP_MANUAL_REVIEW,HIGH,COTIZACIONES__DOMINION_BUSINESS_18aa.xlsx,False,False,False,NO_PRICE,,,,salten|grande|teflon,MISSING_VALID_PRICE
AG-1636,OLLA DE ACERO Inoxidable,MISSING_VALID_PRICE,NEW_PRODUCT_WITHOUT_PRICE,,,,,,,KEEP_MANUAL_REVIEW,HIGH,COTIZACIONES__DOMINION_BUSINESS_18aa.xlsx,False,False,False,NO_PRICE,,,,olla|acero|inoxidable,MISSING_VALID_PRICE
AG-1637,Caldero DE Aluminio,MISSING_VALID_PRICE,NEW_PRODUCT_WITHOUT_PRICE,,,,,,,KEEP_MANUAL_REVIEW,HIGH,COTIZACIONES__DOMINION_BUSINESS_18aa.xlsx,False,False,False,NO_PRICE,,,,caldero|aluminio,MISSING_VALID_PRICE
AG-1638,Chuleta Feresca,MISSING_VALID_PRICE,NEW_PRODUCT_WITHOUT_PRICE,,,,,,,KEEP_MANUAL_REVIEW,HIGH,COTIZACIONES__DOMINION_BUSINESS_18aa.xlsx | COTIZACIONES___2023-2024_PIN_ARIAS_2_fddc.xlsx,False,True,False,NO_PRICE,,,,chuleta|feresca,MISSING_VALID_PRICE
AG-1639,Longaniza GRUEZA,MISSING_VALID_PRICE,NEW_PRODUCT_WITHOUT_PRICE,,,,,,,KEEP_MANUAL_REVIEW,HIGH,COTIZACIONES__DOMINION_BUSINESS_18aa.xlsx | COTIZACIONES___2023-2024_PIN_ARIAS_2_fddc.xlsx,False,False,False,NO_PRICE,,,,longaniza|grueza,MISSING_VALID_PRICE
AG-1640,MASITA DE CERDO Rebanada,MISSING_VALID_PRICE,NEW_PRODUCT_WITHOUT_PRICE,,,,,,,KEEP_MANUAL_REVIEW,HIGH,COTIZACIONES__DOMINION_BUSINESS_18aa.xlsx | COTIZACIONES___2023-2024_PIN_ARIAS_2_fddc.xlsx,False,False,False,NO_PRICE,,,,masita|cerdo|rebanada,MISSING_VALID_PRICE
AG-1641,Pescado MERO,MISSING_VALID_PRICE,NEW_PRODUCT_WITHOUT_PRICE,,,,,,,KEEP_MANUAL_REVIEW,HIGH,COTIZACIONES__DOMINION_BUSINESS_18aa.xlsx | COTIZACIONES___2023-2024_PIN_ARIAS_2_fddc.xlsx,False,True,False,NO_PRICE,,,,pescado|mero,MISSING_VALID_PRICE
AG-1642,BATATA,MISSING_VALID_PRICE,NEW_PRODUCT_WITHOUT_PRICE,,,,,,,KEEP_MANUAL_REVIEW,HIGH,COTIZACIONES__DOMINION_BUSINESS_18aa.xlsx | COTIZACIONES___2023-2024_PIN_ARIAS_2_fddc.xlsx,True,False,False,NO_PRICE,,,,batata,MISSING_VALID_PRICE
AG-1643,APIO,MISSING_VALID_PRICE,NEW_PRODUCT_WITHOUT_PRICE,,,,,,,KEEP_MANUAL_REVIEW,HIGH,COTIZACIONES__DOMINION_BUSINESS_18aa.xlsx | COTIZACIONES___2023-2024_PIN_ARIAS_2_fddc.xlsx,False,False,False,NO_PRICE,,,,apio,MISSING_VALID_PRICE
AG-1644,LIMON VERDE,MISSING_VALID_PRICE,NEW_PRODUCT_WITHOUT_PRICE,,,,,,,KEEP_MANUAL_REVIEW,HIGH,COTIZACIONES__DOMINION_BUSINESS_18aa.xlsx | COTIZACIONES___2023-2024_PIN_ARIAS_2_fddc.xlsx,False,False,False,NO_PRICE,,,,limon|verde,MISSING_VALID_PRICE
AG-1645,Naranja AGRIA,MISSING_VALID_PRICE,NEW_PRODUCT_WITHOUT_PRICE,,,,,,,KEEP_MANUAL_REVIEW,HIGH,COTIZACIONES__DOMINION_BUSINESS_18aa.xlsx | COTIZACIONES___2023-2024_PIN_ARIAS_2_fddc.xlsx,False,False,False,NO_PRICE,,,,naranja|agria,MISSING_VALID_PRICE
AG-1646,TOMATE DE Ensalada,MISSING_VALID_PRICE,NEW_PRODUCT_WITHOUT_PRICE,,,,,,,KEEP_MANUAL_REVIEW,HIGH,COTIZACIONES__DOMINION_BUSINESS_18aa.xlsx | COTIZACIONES___2023-2024_PIN_ARIAS_2_fddc.xlsx,True,False,False,NO_PRICE,,,,tomate|ensalada,MISSING_VALID_PRICE
AG-1647,Zanahoria,MISSING_VALID_PRICE,NEW_PRODUCT_WITHOUT_PRICE,,,,,,,KEEP_MANUAL_REVIEW,HIGH,COTIZACIONES__DOMINION_BUSINESS_18aa.xlsx | COTIZACIONES___2023-2024_PIN_ARIAS_2_fddc.xlsx,False,False,False,NO_PRICE,,,,zanahoria,MISSING_VALID_PRICE
AG-1648,Berenjena,MISSING_VALID_PRICE,NEW_PRODUCT_WITHOUT_PRICE,,,,,,,KEEP_MANUAL_REVIEW,HIGH,COTIZACIONES__DOMINION_BUSINESS_18aa.xlsx | COTIZACIONES___2023-2024_PIN_ARIAS_2_fddc.xlsx,False,False,False,NO_PRICE,,,,berenjena,MISSING_VALID_PRICE
AG-1649,TOMATE Barcelo,MISSING_VALID_PRICE,NEW_PRODUCT_WITHOUT_PRICE,,,,,,,KEEP_MANUAL_REVIEW,HIGH,COTIZACIONES__DOMINION_BUSINESS_18aa.xlsx | COTIZACIONES___2023-2024_PIN_ARIAS_2_fddc.xlsx,True,False,False,NO_PRICE,,,,tomate|barcelo,MISSING_VALID_PRICE
AG-1650,Lechuga,MISSING_VALID_PRICE,NEW_PRODUCT_WITHOUT_PRICE,,,,,,,KEEP_MANUAL_REVIEW,HIGH,COTIZACIONES__DOMINION_BUSINESS_18aa.xlsx | COTIZACIONES___2023-2024_PIN_ARIAS_2_fddc.xlsx,False,False,False,NO_PRICE,,,,lechuga,MISSING_VALID_PRICE
AG-1651,AJI Gustoso,MISSING_VALID_PRICE,NEW_PRODUCT_WITHOUT_PRICE,,,,,,,KEEP_MANUAL_REVIEW,HIGH,COTIZACIONES__DOMINION_BUSINESS_18aa.xlsx | COTIZACIONES___2023-2024_PIN_ARIAS_2_fddc.xlsx,False,False,False,NO_PRICE,,,,aji|gustoso,MISSING_VALID_PRICE
AG-1652,AJI Cubanela,MISSING_VALID_PRICE,NEW_PRODUCT_WITHOUT_PRICE,,,,,,,KEEP_MANUAL_REVIEW,HIGH,COTIZACIONES__DOMINION_BUSINESS_18aa.xlsx | COTIZACIONES___2023-2024_PIN_ARIAS_2_fddc.xlsx,False,False,False,NO_PRICE,,,,aji|cubanela,MISSING_VALID_PRICE
AG-1653,AJI MONROE,MISSING_VALID_PRICE,NEW_PRODUCT_WITHOUT_PRICE,,,,,,,KEEP_MANUAL_REVIEW,HIGH,COTIZACIONES__DOMINION_BUSINESS_18aa.xlsx | COTIZACIONES___2023-2024_PIN_ARIAS_2_fddc.xlsx,False,False,False,NO_PRICE,,,,aji|monroe,MISSING_VALID_PRICE
AG-1654,PEPINO,MISSING_VALID_PRICE,NEW_PRODUCT_WITHOUT_PRICE,,,,,,,KEEP_MANUAL_REVIEW,HIGH,COTIZACIONES__DOMINION_BUSINESS_18aa.xlsx | COTIZACIONES___2023-2024_PIN_ARIAS_2_fddc.xlsx,False,False,False,NO_PRICE,,,,pepino,MISSING_VALID_PRICE
AG-1655,Verdura,MISSING_VALID_PRICE,NEW_PRODUCT_WITHOUT_PRICE,,,,,,,KEEP_MANUAL_REVIEW,HIGH,COTIZACIONES__DOMINION_BUSINESS_18aa.xlsx | COTIZACIONES___2023-2024_PIN_ARIAS_2_fddc.xlsx,False,False,False,NO_PRICE,,,,verdura,MISSING_VALID_PRICE
AG-1656,Cilantro ANCHO,MISSING_VALID_PRICE,NEW_PRODUCT_WITHOUT_PRICE,,,,,,,KEEP_MANUAL_REVIEW,HIGH,COTIZACIONES__DOMINION_BUSINESS_18aa.xlsx | COTIZACIONES___2023-2024_PIN_ARIAS_2_fddc.xlsx,False,False,False,NO_PRICE,,,,cilantro|ancho,MISSING_VALID_PRICE
AG-1657,TOYOTA,MISSING_VALID_PRICE,NEW_PRODUCT_WITHOUT_PRICE,,,,,,,KEEP_MANUAL_REVIEW,HIGH,COTIZACIONES__DOMINION_BUSINESS_18aa.xlsx | COTIZACIONES___2023-2024_PIN_ARIAS_2_fddc.xlsx,False,False,False,NO_PRICE,,,,toyota,MISSING_VALID_PRICE
AG-1658,Cebolla,MISSING_VALID_PRICE,NEW_PRODUCT_WITHOUT_PRICE,,,,,,,KEEP_MANUAL_REVIEW,HIGH,COTIZACIONES__DOMINION_BUSINESS_18aa.xlsx | COTIZACIONES___2023-2024_PIN_ARIAS_2_fddc.xlsx,True,False,False,NO_PRICE,,,,cebolla,MISSING_VALID_PRICE
AG-1659,PIÑA,MISSING_VALID_PRICE,NEW_PRODUCT_WITHOUT_PRICE,,,,,,,KEEP_MANUAL_REVIEW,HIGH,COTIZACIONES__DOMINION_BUSINESS_18aa.xlsx | COTIZACIONES___2023-2024_PIN_ARIAS_2_fddc.xlsx,False,False,False,NO_PRICE,,,,pina,MISSING_VALID_PRICE
AG-1660,MELON,MISSING_VALID_PRICE,NEW_PRODUCT_WITHOUT_PRICE,,,,,,,KEEP_MANUAL_REVIEW,HIGH,COTIZACIONES__DOMINION_BUSINESS_18aa.xlsx | COTIZACIONES___2023-2024_PIN_ARIAS_2_fddc.xlsx,False,False,False,NO_PRICE,,,,melon,MISSING_VALID_PRICE
AG-1661,Lechoza,MISSING_VALID_PRICE,NEW_PRODUCT_WITHOUT_PRICE,,,,,,,KEEP_MANUAL_REVIEW,HIGH,COTIZACIONES__DOMINION_BUSINESS_18aa.xlsx | COTIZACIONES___2023-2024_PIN_ARIAS_2_fddc.xlsx,False,False,False,NO_PRICE,,,,lechoza,MISSING_VALID_PRICE
AG-1662,SANDIA,MISSING_VALID_PRICE,NEW_PRODUCT_WITHOUT_PRICE,,,,,,,KEEP_MANUAL_REVIEW,HIGH,COTIZACIONES__DOMINION_BUSINESS_18aa.xlsx | COTIZACIONES___2023-2024_PIN_ARIAS_2_fddc.xlsx,False,False,False,NO_PRICE,,,,sandia,MISSING_VALID_PRICE
AG-1663,PAPEL MOGEE FILM 18'',MISSING_VALID_PRICE,NEW_PRODUCT_WITHOUT_PRICE,,,,,,,KEEP_MANUAL_REVIEW,HIGH,COTIZACIONES__DOMINION_BUSINESS_18aa.xlsx,False,False,False,NO_PRICE,,,,papel|mogee|film|18,MISSING_VALID_PRICE
AG-1666,Servilleta 10/1,MISSING_VALID_PRICE,NEW_PRODUCT_WITHOUT_PRICE,,,,,,,KEEP_MANUAL_REVIEW,HIGH,COTIZACIONES__DOMINION_BUSINESS_18aa.xlsx,False,False,False,NO_PRICE,,,,servilleta|10/1|10/1,MISSING_VALID_PRICE
AG-1667,PAPEL FILM DE COCINA PARA Envoltura 16 PULG 6/1,MISSING_VALID_PRICE,NEW_PRODUCT_WITHOUT_PRICE,,,,,,,KEEP_MANUAL_REVIEW,HIGH,COTIZACIONES__DOMINION_BUSINESS_18aa.xlsx,False,False,False,NO_PRICE,,,,"papel|film|cocina|para|envoltura|16|pulg|6/1|6/1|16""",MISSING_VALID_PRICE
AG-1668,VASO MOLDY Plastico # 7 50PAQ/50,MISSING_VALID_PRICE,NEW_PRODUCT_WITHOUT_PRICE,,,,,,,KEEP_MANUAL_REVIEW,HIGH,COTIZACIONES__DOMINION_BUSINESS_18aa.xlsx | COTIZACIONES___2023-2024_PIN_ARIAS_2_fddc.xlsx,False,False,False,NO_PRICE,,,,vaso|moldy|plastico|7|50paq/50,MISSING_VALID_PRICE
AG-1669,VASO MOLDY Plastico # 10 50PAQ/1,MISSING_VALID_PRICE,NEW_PRODUCT_WITHOUT_PRICE,,,,,,,KEEP_MANUAL_REVIEW,HIGH,COTIZACIONES__DOMINION_BUSINESS_18aa.xlsx,False,False,False,NO_PRICE,,,,vaso|moldy|plastico|10|50paq/1,MISSING_VALID_PRICE
AG-1670,Alfombra Plastica,MISSING_VALID_PRICE,NEW_PRODUCT_WITHOUT_PRICE,,,,,,,KEEP_MANUAL_REVIEW,HIGH,COTIZACIONES__DOMINION_BUSINESS_18aa.xlsx,False,False,False,NO_PRICE,,,,alfombra|plastica,MISSING_VALID_PRICE
AG-1671,Cuchillo GRANDE P/picar CARNE,MISSING_VALID_PRICE,NEW_PRODUCT_WITHOUT_PRICE,,,,,,,KEEP_MANUAL_REVIEW,HIGH,COTIZACIONES__DOMINION_BUSINESS_18aa.xlsx,False,False,False,NO_PRICE,,,,cuchillo|grande|p/picar|carne,MISSING_VALID_PRICE
AG-1672,Poncherita Pequeña P/fregar,MISSING_VALID_PRICE,NEW_PRODUCT_WITHOUT_PRICE,,,,,,,KEEP_MANUAL_REVIEW,HIGH,COTIZACIONES__DOMINION_BUSINESS_18aa.xlsx,False,False,False,NO_PRICE,,,,poncherita|pequena|p/fregar,MISSING_VALID_PRICE
AG-1673,TAYOTA,MISSING_VALID_PRICE,NEW_PRODUCT_WITHOUT_PRICE,,,,,,,KEEP_MANUAL_REVIEW,HIGH,COTIZACIONES__DOMINION_BUSINESS_18aa.xlsx | COTIZACIONES___2023-2024_PIN_ARIAS_2_fddc.xlsx,False,False,False,NO_PRICE,,,,tayota,MISSING_VALID_PRICE
AG-1674,Repollo,MISSING_VALID_PRICE,NEW_PRODUCT_WITHOUT_PRICE,,,,,,,KEEP_MANUAL_REVIEW,HIGH,COTIZACIONES__DOMINION_BUSINESS_18aa.xlsx | COTIZACIONES___2023-2024_PIN_ARIAS_2_fddc.xlsx,False,True,False,NO_PRICE,,,,repollo,MISSING_VALID_PRICE
AG-1675,QUESO Mozzarella,MISSING_VALID_PRICE,NEW_PRODUCT_WITHOUT_PRICE,,,,,,,KEEP_MANUAL_REVIEW,HIGH,COTIZACIONES__DOMINION_BUSINESS_18aa.xlsx,True,False,False,NO_PRICE,,,,queso|mozzarella,MISSING_VALID_PRICE
AG-1676,Chuleta FRESCA,MISSING_VALID_PRICE,NEW_PRODUCT_WITHOUT_PRICE,,,,,,,KEEP_MANUAL_REVIEW,HIGH,COTIZACIONES__DOMINION_BUSINESS_18aa.xlsx | COTIZACIONES___2023-2024_PIN_ARIAS_2_fddc.xlsx,False,True,False,NO_PRICE,,,,chuleta|fresca,MISSING_VALID_PRICE
AG-1677,CARNE MOLIDA FRESCA,MISSING_VALID_PRICE,NEW_PRODUCT_WITHOUT_PRICE,,,,,,,KEEP_MANUAL_REVIEW,HIGH,COTIZACIONES__DOMINION_BUSINESS_18aa.xlsx | COTIZACIONES___2023-2024_PIN_ARIAS_2_fddc.xlsx,False,False,False,NO_PRICE,,,,carne|molida|fresca,MISSING_VALID_PRICE
AG-1678,Longaniza GRUESA,MISSING_VALID_PRICE,NEW_PRODUCT_WITHOUT_PRICE,,,,,,,KEEP_MANUAL_REVIEW,HIGH,COTIZACIONES__DOMINION_BUSINESS_18aa.xlsx | COTIZACIONES___2023-2024_PIN_ARIAS_2_fddc.xlsx,False,False,False,NO_PRICE,,,,longaniza|gruesa,MISSING_VALID_PRICE
AG-1679,POLLO FRESCO,MISSING_VALID_PRICE,NEW_PRODUCT_WITHOUT_PRICE,,,,,,,KEEP_MANUAL_REVIEW,HIGH,COTIZACIONES__DOMINION_BUSINESS_18aa.xlsx | COTIZACIONES___2023-2024_PIN_ARIAS_2_fddc.xlsx,False,True,False,NO_PRICE,,,,pollo|fresco,MISSING_VALID_PRICE
AG-1680,CARNE DE RES Rebanada,MISSING_VALID_PRICE,NEW_PRODUCT_WITHOUT_PRICE,,,,,,,KEEP_MANUAL_REVIEW,HIGH,COTIZACIONES__DOMINION_BUSINESS_18aa.xlsx | COTIZACIONES___2023-2024_PIN_ARIAS_2_fddc.xlsx,False,True,False,NO_PRICE,,,,carne|res|rebanada,MISSING_VALID_PRICE
AG-1681,Cucharon HIERRO,MISSING_VALID_PRICE,NEW_PRODUCT_WITHOUT_PRICE,,,,,,,KEEP_MANUAL_REVIEW,HIGH,COTIZACIONES__DOMINION_BUSINESS_18aa.xlsx,False,False,False,NO_PRICE,,,,cucharon|hierro,MISSING_VALID_PRICE
AG-1682,Cuchilla Licuadora OSTER,MISSING_VALID_PRICE,NEW_PRODUCT_WITHOUT_PRICE,,,,,,,KEEP_MANUAL_REVIEW,HIGH,COTIZACIONES__DOMINION_BUSINESS_18aa.xlsx,False,False,False,NO_PRICE,,,,cuchilla|licuadora|oster,MISSING_VALID_PRICE
AG-1684,Costlla,MISSING_VALID_PRICE,NEW_PRODUCT_WITHOUT_PRICE,,,,,,,KEEP_MANUAL_REVIEW,HIGH,COTIZACIONES__DOMINION_BUSINESS_18aa.xlsx,False,False,False,NO_PRICE,,,,costlla,MISSING_VALID_PRICE
AG-1685,Cucharas Bambino /plastifar 40/1,MISSING_VALID_PRICE,NEW_PRODUCT_WITHOUT_PRICE,,,,,,,KEEP_MANUAL_REVIEW,HIGH,COTIZACIONES__DOMINION_BUSINESS_18aa.xlsx | COTIZACIONES___2023-2024_PIN_ARIAS_2_fddc.xlsx,False,False,False,NO_PRICE,,,,cucharas|bambino|/plastifar|40/1|40/1,MISSING_VALID_PRICE
AG-1686,Colador Plastico PARA EL TE (grandes),MISSING_VALID_PRICE,NEW_PRODUCT_WITHOUT_PRICE,,,,,,,KEEP_MANUAL_REVIEW,HIGH,COTIZACIONES__DOMINION_BUSINESS_18aa.xlsx,False,False,False,NO_PRICE,,,,colador|plastico|para|te|grandes,MISSING_VALID_PRICE
AG-1687,Colador Plastico PARA Espaguetis,MISSING_VALID_PRICE,NEW_PRODUCT_WITHOUT_PRICE,,,,,,,KEEP_MANUAL_REVIEW,HIGH,COTIZACIONES__DOMINION_BUSINESS_18aa.xlsx,False,False,False,NO_PRICE,,,,colador|plastico|para|espaguetis,MISSING_VALID_PRICE
AG-1688,Cuchillo Pequeño,MISSING_VALID_PRICE,NEW_PRODUCT_WITHOUT_PRICE,,,,,,,KEEP_MANUAL_REVIEW,HIGH,COTIZACIONES__DOMINION_BUSINESS_18aa.xlsx,False,False,False,NO_PRICE,,,,cuchillo|pequeno,MISSING_VALID_PRICE
AG-1689,Trituradora,MISSING_VALID_PRICE,NEW_PRODUCT_WITHOUT_PRICE,,,,,,,KEEP_MANUAL_REVIEW,HIGH,COTIZACIONES__DOMINION_BUSINESS_18aa.xlsx,False,False,False,NO_PRICE,,,,trituradora,MISSING_VALID_PRICE
AG-1690,PAPEL FILL Evofilm STRECH FIM 17.5,MISSING_VALID_PRICE,NEW_PRODUCT_WITHOUT_PRICE,,,,,,,KEEP_MANUAL_REVIEW,HIGH,COTIZACIONES__DOMINION_BUSINESS_18aa.xlsx,False,False,False,NO_PRICE,,,,papel|fill|evofilm|strech|fim|17.5,MISSING_VALID_PRICE
AG-1691,CUBETA CON TAPA,MISSING_VALID_PRICE,NEW_PRODUCT_WITHOUT_PRICE,,,,,,,KEEP_MANUAL_REVIEW,HIGH,COTIZACIONES__DOMINION_BUSINESS_18aa.xlsx,False,False,False,NO_PRICE,,,,cubeta|tapa,MISSING_VALID_PRICE
AG-1692,Colador Espumadera (DE FREIR),MISSING_VALID_PRICE,NEW_PRODUCT_WITHOUT_PRICE,,,,,,,KEEP_MANUAL_REVIEW,HIGH,COTIZACIONES__DOMINION_BUSINESS_18aa.xlsx,False,False,False,NO_PRICE,,,,colador|espumadera|freir,MISSING_VALID_PRICE
AG-1693,UNIDAD DE Ambientador EN SPRAY,MISSING_VALID_PRICE,NEW_PRODUCT_WITHOUT_PRICE,,,,,,,KEEP_MANUAL_REVIEW,HIGH,COTIZACIONES__DOMINION_BUSINESS_18aa.xlsx,False,False,False,NO_PRICE,,,,unidad|ambientador|spray,MISSING_VALID_PRICE
AG-1694,GALON DE Desinfectante Liquido CON AROMA (ALTA Calidad),MISSING_VALID_PRICE,NEW_PRODUCT_WITHOUT_PRICE,,,,,,,KEEP_MANUAL_REVIEW,HIGH,COTIZACIONES__DOMINION_BUSINESS_18aa.xlsx,False,False,False,NO_PRICE,,,,galon|desinfectante|liquido|aroma|alta|calidad,MISSING_VALID_PRICE
AG-1695,GALON DE CLORO,MISSING_VALID_PRICE,NEW_PRODUCT_WITHOUT_PRICE,,,,,,,KEEP_MANUAL_REVIEW,HIGH,COTIZACIONES__DOMINION_BUSINESS_18aa.xlsx,False,False,False,NO_PRICE,,,,galon|cloro,MISSING_VALID_PRICE
AG-1696,GALON DE JABON Liquido SIN AROMA,MISSING_VALID_PRICE,NEW_PRODUCT_WITHOUT_PRICE,,,,,,,KEEP_MANUAL_REVIEW,HIGH,COTIZACIONES__DOMINION_BUSINESS_18aa.xlsx,False,False,False,NO_PRICE,,,,galon|jabon|liquido|sin|aroma,MISSING_VALID_PRICE
AG-1697,"FARDOS DE PAPEL Higienico PARA BAÑO BLANCO JUMBO 1,300 ROLLO 12/1 (1 PLIEGO SIN AROMA)",MISSING_VALID_PRICE,NEW_PRODUCT_WITHOUT_PRICE,,,,,,,KEEP_MANUAL_REVIEW,HIGH,COTIZACIONES__DOMINION_BUSINESS_18aa.xlsx,False,False,False,NO_PRICE,,,,fardos|papel|higienico|para|bano|blanco|jumbo|1|12/1,MISSING_VALID_PRICE
AG-1698,"FARDOS DE PAPEL TOALLA SLIM ROLL 6/1, 500 (1 Pliegue) PARA Dispensador. (ALTA Calidad).",MISSING_VALID_PRICE,NEW_PRODUCT_WITHOUT_PRICE,,,,,,,KEEP_MANUAL_REVIEW,HIGH,COTIZACIONES__DOMINION_BUSINESS_18aa.xlsx,False,False,False,NO_PRICE,,,,fardos|papel|toalla|slim|roll|6/1|500|1|6/1,MISSING_VALID_PRICE
AG-1699,FARDOS DE Servilletas DE MESA 500/10/1. (ALTA Calidad),MISSING_VALID_PRICE,NEW_PRODUCT_WITHOUT_PRICE,,,,,,,KEEP_MANUAL_REVIEW,HIGH,COTIZACIONES__DOMINION_BUSINESS_18aa.xlsx,False,False,False,NO_PRICE,,,,fardos|servilletas|mesa|500/10/1.|alta|calidad|500/10,MISSING_VALID_PRICE
AG-1700,SACOS DE Detergente EN POLVO 30/1. (ALTA Calidad),MISSING_VALID_PRICE,NEW_PRODUCT_WITHOUT_PRICE,,,,,,,KEEP_MANUAL_REVIEW,HIGH,COTIZACIONES__DOMINION_BUSINESS_18aa.xlsx,False,False,False,NO_PRICE,,,,sacos|detergente|polvo|30/1.|alta|calidad|30/1,MISSING_VALID_PRICE
AG-1701,Unidades DE Piedras Perfumadoras (ALTA Calidad),MISSING_VALID_PRICE,NEW_PRODUCT_WITHOUT_PRICE,,,,,,,KEEP_MANUAL_REVIEW,HIGH,COTIZACIONES__DOMINION_BUSINESS_18aa.xlsx,False,False,False,NO_PRICE,,,,unidades|piedras|perfumadoras|alta|calidad,MISSING_VALID_PRICE
AG-1702,Paquetes DE Cucharas Plasticas 40/25/1 (ALTA Calidad),MISSING_VALID_PRICE,NEW_PRODUCT_WITHOUT_PRICE,,,,,,,KEEP_MANUAL_REVIEW,HIGH,COTIZACIONES__DOMINION_BUSINESS_18aa.xlsx,False,False,False,NO_PRICE,,,,paquetes|cucharas|plasticas|40/25/1|alta|calidad|40/25,MISSING_VALID_PRICE
AG-1703,Paquetes DE Tenedores Plasticos 40/25/1 (ALTA Calidad),MISSING_VALID_PRICE,NEW_PRODUCT_WITHOUT_PRICE,,,,,,,KEEP_MANUAL_REVIEW,HIGH,COTIZACIONES__DOMINION_BUSINESS_18aa.xlsx,False,False,False,NO_PRICE,,,,paquetes|tenedores|plasticos|40/25/1|alta|calidad|40/25,MISSING_VALID_PRICE
AG-1704,Cafetera Electrica 12/TAZAS,MISSING_VALID_PRICE,NEW_PRODUCT_WITHOUT_PRICE,,,,,,,KEEP_MANUAL_REVIEW,HIGH,COTIZACIONES__DOMINION_BUSINESS_18aa.xlsx,False,False,False,NO_PRICE,,,,cafetera|electrica|12/tazas,MISSING_VALID_PRICE
AG-1705,Licuadora OSTER,MISSING_VALID_PRICE,NEW_PRODUCT_WITHOUT_PRICE,,,,,,,KEEP_MANUAL_REVIEW,HIGH,COTIZACIONES__DOMINION_BUSINESS_18aa.xlsx,False,False,False,NO_PRICE,,,,licuadora|oster,MISSING_VALID_PRICE
AG-1706,TABLA Amarilla DE PICAR,MISSING_VALID_PRICE,NEW_PRODUCT_WITHOUT_PRICE,,,,,,,KEEP_MANUAL_REVIEW,HIGH,COTIZACIONES__DOMINION_BUSINESS_18aa.xlsx,False,False,False,NO_PRICE,,,,tabla|amarilla|picar,MISSING_VALID_PRICE
AG-1707,OLLA DE AXERO Innoxidable GRANDE PARA EL TE,MISSING_VALID_PRICE,NEW_PRODUCT_WITHOUT_PRICE,,,,,,,KEEP_MANUAL_REVIEW,HIGH,COTIZACIONES__DOMINION_BUSINESS_18aa.xlsx,False,False,False,NO_PRICE,,,,olla|axero|innoxidable|grande|para|te,MISSING_VALID_PRICE
AG-1708,GRECA DE HIERRO 12/TAZAS,MISSING_VALID_PRICE,NEW_PRODUCT_WITHOUT_PRICE,,,,,,,KEEP_MANUAL_REVIEW,HIGH,COTIZACIONES__DOMINION_BUSINESS_18aa.xlsx,False,False,False,NO_PRICE,,,,greca|hierro|12/tazas,MISSING_VALID_PRICE
AG-1709,Dispensador PAPEL FILM (maquina Del Papel Film Pastico),MISSING_VALID_PRICE,NEW_PRODUCT_WITHOUT_PRICE,,,,,,,KEEP_MANUAL_REVIEW,HIGH,COTIZACIONES__DOMINION_BUSINESS_18aa.xlsx,False,False,False,NO_PRICE,,,,dispensador|papel|film|maquina|papel|film|pastico,MISSING_VALID_PRICE
AG-1710,Costillita Ahumada,MISSING_VALID_PRICE,NEW_PRODUCT_WITHOUT_PRICE,,,,,,,KEEP_MANUAL_REVIEW,HIGH,COTIZACIONES__DOMINION_BUSINESS_18aa.xlsx,False,False,False,NO_PRICE,,,,costillita|ahumada,MISSING_VALID_PRICE
AG-1711,VASO MOLDY Plastico # 10 50PAQ/51,MISSING_VALID_PRICE,NEW_PRODUCT_WITHOUT_PRICE,,,,,,,KEEP_MANUAL_REVIEW,HIGH,COTIZACIONES__DOMINION_BUSINESS_18aa.xlsx,False,False,False,NO_PRICE,,,,vaso|moldy|plastico|10|50paq/51,MISSING_VALID_PRICE
AG-1712,Cucharon Pequeño,MISSING_VALID_PRICE,NEW_PRODUCT_WITHOUT_PRICE,,,,,,,KEEP_MANUAL_REVIEW,HIGH,COTIZACIONES__DOMINION_BUSINESS_18aa.xlsx,False,False,False,NO_PRICE,,,,cucharon|pequeno,MISSING_VALID_PRICE
AG-1713,VASO DE Crystal,MISSING_VALID_PRICE,NEW_PRODUCT_WITHOUT_PRICE,,,,,,,KEEP_MANUAL_REVIEW,HIGH,COTIZACIONES__DOMINION_BUSINESS_18aa.xlsx,False,False,False,NO_PRICE,,,,vaso|crystal,MISSING_VALID_PRICE
AG-1714,TAZAS DE CAFÉ BLANCA,MISSING_VALID_PRICE,NEW_PRODUCT_WITHOUT_PRICE,,,,,,,KEEP_MANUAL_REVIEW,HIGH,COTIZACIONES__DOMINION_BUSINESS_18aa.xlsx,False,False,False,NO_PRICE,,,,tazas|cafe|blanca,MISSING_VALID_PRICE
AG-1715,Azucarera Pequeña,MISSING_VALID_PRICE,NEW_PRODUCT_WITHOUT_PRICE,,,,,,,KEEP_MANUAL_REVIEW,HIGH,COTIZACIONES__DOMINION_BUSINESS_18aa.xlsx,True,False,False,NO_PRICE,,,,azucarera|pequena,MISSING_VALID_PRICE
AG-1716,Bandeja CON AZA,MISSING_VALID_PRICE,NEW_PRODUCT_WITHOUT_PRICE,,,,,,,KEEP_MANUAL_REVIEW,HIGH,COTIZACIONES__DOMINION_BUSINESS_18aa.xlsx,False,False,False,NO_PRICE,,,,bandeja|aza,MISSING_VALID_PRICE
AG-1717,Servilletas DE TELA MODERN HOME,MISSING_VALID_PRICE,NEW_PRODUCT_WITHOUT_PRICE,,,,,,,KEEP_MANUAL_REVIEW,HIGH,COTIZACIONES__DOMINION_BUSINESS_18aa.xlsx,False,False,False,NO_PRICE,,,,servilletas|tela|modern|home,MISSING_VALID_PRICE
AG-1718,Servilleta DE BAR,MISSING_VALID_PRICE,NEW_PRODUCT_WITHOUT_PRICE,,,,,,,KEEP_MANUAL_REVIEW,HIGH,COTIZACIONES__DOMINION_BUSINESS_18aa.xlsx,False,False,False,NO_PRICE,,,,servilleta|bar,MISSING_VALID_PRICE
AG-1719,Espatula DE Bizcocho DE METAL R/521005,MISSING_VALID_PRICE,NEW_PRODUCT_WITHOUT_PRICE,,,,,,,KEEP_MANUAL_REVIEW,HIGH,COTIZACIONES__DOMINION_BUSINESS_18aa.xlsx,False,False,False,NO_PRICE,,,,espatula|bizcocho|metal|r/521005,MISSING_VALID_PRICE
AG-1720,PLATOS DE POSTRE 692203 19CM Bolonia BLANCO,MISSING_VALID_PRICE,NEW_PRODUCT_WITHOUT_PRICE,,,,,,,KEEP_MANUAL_REVIEW,HIGH,COTIZACIONES__DOMINION_BUSINESS_18aa.xlsx,False,False,False,NO_PRICE,,,,platos|postre|692203|19|cm|bolonia|blanco,MISSING_VALID_PRICE
AG-1721,Tenedores DE POSTRE,MISSING_VALID_PRICE,NEW_PRODUCT_WITHOUT_PRICE,,,,,,,KEEP_MANUAL_REVIEW,HIGH,COTIZACIONES__DOMINION_BUSINESS_18aa.xlsx,False,False,False,NO_PRICE,,,,tenedores|postre,MISSING_VALID_PRICE
AG-1722,COPAS DE Champang Brunello,MISSING_VALID_PRICE,NEW_PRODUCT_WITHOUT_PRICE,,,,,,,KEEP_MANUAL_REVIEW,HIGH,COTIZACIONES__DOMINION_BUSINESS_18aa.xlsx,False,False,False,NO_PRICE,,,,copas|champang|brunello,MISSING_VALID_PRICE
AG-1723,JUEGO DE COPAS DE AGUA DE 12 PZS,MISSING_VALID_PRICE,NEW_PRODUCT_WITHOUT_PRICE,,,,,,,KEEP_MANUAL_REVIEW,HIGH,COTIZACIONES__DOMINION_BUSINESS_18aa.xlsx,False,False,False,NO_PRICE,,,,juego|copas|agua|12|pzs,MISSING_VALID_PRICE
AG-1724,JUEGO DE TAZAS Completo 12 PZS,MISSING_VALID_PRICE,NEW_PRODUCT_WITHOUT_PRICE,,,,,,,KEEP_MANUAL_REVIEW,HIGH,COTIZACIONES__DOMINION_BUSINESS_18aa.xlsx,False,False,False,NO_PRICE,,,,juego|tazas|completo|12|pzs,MISSING_VALID_PRICE
AG-1725,JUEGO DE Cuchara PARA CAFÉ DE 12 PZS,MISSING_VALID_PRICE,NEW_PRODUCT_WITHOUT_PRICE,,,,,,,KEEP_MANUAL_REVIEW,HIGH,COTIZACIONES__DOMINION_BUSINESS_18aa.xlsx,False,False,False,NO_PRICE,,,,juego|cuchara|para|cafe|12|pzs,MISSING_VALID_PRICE
AG-1726,GRECA GRANDE DE CAFÉ 12 TAZAS Kandelo,MISSING_VALID_PRICE,NEW_PRODUCT_WITHOUT_PRICE,,,,,,,KEEP_MANUAL_REVIEW,HIGH,COTIZACIONES__DOMINION_BUSINESS_18aa.xlsx,False,False,False,NO_PRICE,,,,greca|grande|cafe|12|tazas|kandelo,MISSING_VALID_PRICE
AG-1727,GRECA Pequeña DE CAFÉ 3 TAZAS IMUSA,MISSING_VALID_PRICE,NEW_PRODUCT_WITHOUT_PRICE,,,,,,,KEEP_MANUAL_REVIEW,HIGH,COTIZACIONES__DOMINION_BUSINESS_18aa.xlsx,False,False,False,NO_PRICE,,,,greca|pequena|cafe|3|tazas|imusa,MISSING_VALID_PRICE
AG-1728,TERMO GRANDE PARA CAFÉ BOMBA,MISSING_VALID_PRICE,NEW_PRODUCT_WITHOUT_PRICE,,,,,,,KEEP_MANUAL_REVIEW,HIGH,COTIZACIONES__DOMINION_BUSINESS_18aa.xlsx,False,False,False,NO_PRICE,,,,termo|grande|para|cafe|bomba,MISSING_VALID_PRICE
AG-1729,VASOS Mezcladores,MISSING_VALID_PRICE,NEW_PRODUCT_WITHOUT_PRICE,,,,,,,KEEP_MANUAL_REVIEW,HIGH,COTIZACIONES__DOMINION_BUSINESS_18aa.xlsx,False,False,False,NO_PRICE,,,,vasos|mezcladores,MISSING_VALID_PRICE
AG-1730,Coctelera,MISSING_VALID_PRICE,NEW_PRODUCT_WITHOUT_PRICE,,,,,,,KEEP_MANUAL_REVIEW,HIGH,COTIZACIONES__DOMINION_BUSINESS_18aa.xlsx,False,False,False,NO_PRICE,,,,coctelera,MISSING_VALID_PRICE
AG-1731,Cucharas Imperiales,MISSING_VALID_PRICE,NEW_PRODUCT_WITHOUT_PRICE,,,,,,,KEEP_MANUAL_REVIEW,HIGH,COTIZACIONES__DOMINION_BUSINESS_18aa.xlsx,False,False,False,NO_PRICE,,,,cucharas|imperiales,MISSING_VALID_PRICE
AG-1732,SET DE Cuhillos,MISSING_VALID_PRICE,NEW_PRODUCT_WITHOUT_PRICE,,,,,,,KEEP_MANUAL_REVIEW,HIGH,COTIZACIONES__DOMINION_BUSINESS_18aa.xlsx,False,False,False,NO_PRICE,,,,set|cuhillos,MISSING_VALID_PRICE
AG-1733,Colador DE Gusanillo,MISSING_VALID_PRICE,NEW_PRODUCT_WITHOUT_PRICE,,,,,,,KEEP_MANUAL_REVIEW,HIGH,COTIZACIONES__DOMINION_BUSINESS_18aa.xlsx,False,False,False,NO_PRICE,,,,colador|gusanillo,MISSING_VALID_PRICE
AG-1734,VASOS Medidores DE 1 X 2 ONZAS LAUREL,MISSING_VALID_PRICE,NEW_PRODUCT_WITHOUT_PRICE,,,,,,,KEEP_MANUAL_REVIEW,HIGH,COTIZACIONES__DOMINION_BUSINESS_18aa.xlsx,False,False,False,NO_PRICE,,,,vasos|medidores|1|x|2|onzas|laurel,MISSING_VALID_PRICE
AG-1735,VASOS Medidores DE 1/2 X 1 ONZAS,MISSING_VALID_PRICE,NEW_PRODUCT_WITHOUT_PRICE,,,,,,,KEEP_MANUAL_REVIEW,HIGH,COTIZACIONES__DOMINION_BUSINESS_18aa.xlsx,False,False,False,NO_PRICE,,,,vasos|medidores|1/2|x|1|onzas|1/2,MISSING_VALID_PRICE
AG-1736,Varitas Removedoras,MISSING_VALID_PRICE,NEW_PRODUCT_WITHOUT_PRICE,,,,,,,KEEP_MANUAL_REVIEW,HIGH,COTIZACIONES__DOMINION_BUSINESS_18aa.xlsx,False,False,False,NO_PRICE,,,,varitas|removedoras,MISSING_VALID_PRICE
AG-1737,Colador DE Cuchara,MISSING_VALID_PRICE,NEW_PRODUCT_WITHOUT_PRICE,,,,,,,KEEP_MANUAL_REVIEW,HIGH,COTIZACIONES__DOMINION_BUSINESS_18aa.xlsx,False,False,False,NO_PRICE,,,,colador|cuchara,MISSING_VALID_PRICE
AG-1738,Mortero O Macerador,MISSING_VALID_PRICE,NEW_PRODUCT_WITHOUT_PRICE,,,,,,,KEEP_MANUAL_REVIEW,HIGH,COTIZACIONES__DOMINION_BUSINESS_18aa.xlsx,False,False,False,NO_PRICE,,,,mortero|o|macerador,MISSING_VALID_PRICE
AG-1739,Sacacorchos Destapador LAUREL,MISSING_VALID_PRICE,NEW_PRODUCT_WITHOUT_PRICE,,,,,,,KEEP_MANUAL_REVIEW,HIGH,COTIZACIONES__DOMINION_BUSINESS_18aa.xlsx,False,False,False,NO_PRICE,,,,sacacorchos|destapador|laurel,MISSING_VALID_PRICE
AG-1740,Cubiteras PARA HIELO,MISSING_VALID_PRICE,NEW_PRODUCT_WITHOUT_PRICE,,,,,,,KEEP_MANUAL_REVIEW,HIGH,COTIZACIONES__DOMINION_BUSINESS_18aa.xlsx,False,False,False,NO_PRICE,,,,cubiteras|para|hielo,MISSING_VALID_PRICE
AG-1741,VASOS Highball COBA,MISSING_VALID_PRICE,NEW_PRODUCT_WITHOUT_PRICE,,,,,,,KEEP_MANUAL_REVIEW,HIGH,COTIZACIONES__DOMINION_BUSINESS_18aa.xlsx,False,False,False,NO_PRICE,,,,vasos|highball|coba,MISSING_VALID_PRICE
AG-1742,VASOS DE PIÑA COLADA Cristar,MISSING_VALID_PRICE,NEW_PRODUCT_WITHOUT_PRICE,,,,,,,KEEP_MANUAL_REVIEW,HIGH,COTIZACIONES__DOMINION_BUSINESS_18aa.xlsx,False,False,False,NO_PRICE,,,,vasos|pina|colada|cristar,MISSING_VALID_PRICE
AG-1743,VASOS PARA TRAGOS A LA ROCA Cristar,MISSING_VALID_PRICE,NEW_PRODUCT_WITHOUT_PRICE,,,,,,,KEEP_MANUAL_REVIEW,HIGH,COTIZACIONES__DOMINION_BUSINESS_18aa.xlsx,False,False,False,NO_PRICE,,,,vasos|para|tragos|a|roca|cristar,MISSING_VALID_PRICE
AG-1744,VASOS DE Malteada,MISSING_VALID_PRICE,NEW_PRODUCT_WITHOUT_PRICE,,,,,,,KEEP_MANUAL_REVIEW,HIGH,COTIZACIONES__DOMINION_BUSINESS_18aa.xlsx,False,False,False,NO_PRICE,,,,vasos|malteada,MISSING_VALID_PRICE
AG-1745,COPAS DE VINO TINTO,MISSING_VALID_PRICE,NEW_PRODUCT_WITHOUT_PRICE,,,,,,,KEEP_MANUAL_REVIEW,HIGH,COTIZACIONES__DOMINION_BUSINESS_18aa.xlsx,False,False,False,NO_PRICE,,,,copas|vino|tinto,MISSING_VALID_PRICE
AG-1746,COPAS DE VINO BLANCO,MISSING_VALID_PRICE,NEW_PRODUCT_WITHOUT_PRICE,,,,,,,KEEP_MANUAL_REVIEW,HIGH,COTIZACIONES__DOMINION_BUSINESS_18aa.xlsx,False,False,False,NO_PRICE,,,,copas|vino|blanco,MISSING_VALID_PRICE
AG-1747,COPAS DE Aperitivos Cristar,MISSING_VALID_PRICE,NEW_PRODUCT_WITHOUT_PRICE,,,,,,,KEEP_MANUAL_REVIEW,HIGH,COTIZACIONES__DOMINION_BUSINESS_18aa.xlsx,False,False,False,NO_PRICE,,,,copas|aperitivos|cristar,MISSING_VALID_PRICE
AG-1748,COPAS DE COGNAC,MISSING_VALID_PRICE,NEW_PRODUCT_WITHOUT_PRICE,,,,,,,KEEP_MANUAL_REVIEW,HIGH,COTIZACIONES__DOMINION_BUSINESS_18aa.xlsx,False,False,False,NO_PRICE,,,,copas|cognac,MISSING_VALID_PRICE
AG-1749,COPAS Flautas PARA Espumantes Cristar,MISSING_VALID_PRICE,NEW_PRODUCT_WITHOUT_PRICE,,,,,,,KEEP_MANUAL_REVIEW,HIGH,COTIZACIONES__DOMINION_BUSINESS_18aa.xlsx,False,False,False,NO_PRICE,,,,copas|flautas|para|espumantes|cristar,MISSING_VALID_PRICE
AG-1750,COPAS DE Margarita NADIR,MISSING_VALID_PRICE,NEW_PRODUCT_WITHOUT_PRICE,,,,,,,KEEP_MANUAL_REVIEW,HIGH,COTIZACIONES__DOMINION_BUSINESS_18aa.xlsx,False,False,False,NO_PRICE,,,,copas|margarita|nadir,MISSING_VALID_PRICE
AG-1751,COPAS DE Martini NADIR,MISSING_VALID_PRICE,NEW_PRODUCT_WITHOUT_PRICE,,,,,,,KEEP_MANUAL_REVIEW,HIGH,COTIZACIONES__DOMINION_BUSINESS_18aa.xlsx,False,False,False,NO_PRICE,,,,copas|martini|nadir,MISSING_VALID_PRICE
AG-1752,TABLA DE CORTE,MISSING_VALID_PRICE,NEW_PRODUCT_WITHOUT_PRICE,,,,,,,KEEP_MANUAL_REVIEW,HIGH,COTIZACIONES__DOMINION_BUSINESS_18aa.xlsx,False,False,False,NO_PRICE,,,,tabla|corte,MISSING_VALID_PRICE
AG-1753,ENVASE Plastico PARA FRUTA Preparada Sunnypack,MISSING_VALID_PRICE,NEW_PRODUCT_WITHOUT_PRICE,,,,,,,KEEP_MANUAL_REVIEW,HIGH,COTIZACIONES__DOMINION_BUSINESS_18aa.xlsx,False,False,False,NO_PRICE,,,,envase|plastico|para|fruta|preparada|sunnypack,MISSING_VALID_PRICE
AG-1754,Botella PARA Preparar Cocteles,MISSING_VALID_PRICE,NEW_PRODUCT_WITHOUT_PRICE,,,,,,,KEEP_MANUAL_REVIEW,HIGH,COTIZACIONES__DOMINION_BUSINESS_18aa.xlsx,False,False,False,NO_PRICE,,,,botella|para|preparar|cocteles,MISSING_VALID_PRICE
AG-1755,Bandeja PARA SERVIR CAFÉ,MISSING_VALID_PRICE,NEW_PRODUCT_WITHOUT_PRICE,,,,,,,KEEP_MANUAL_REVIEW,HIGH,COTIZACIONES__DOMINION_BUSINESS_18aa.xlsx,False,False,False,NO_PRICE,,,,bandeja|para|servir|cafe,MISSING_VALID_PRICE
AG-1756,TABLA PARA Embutidos ATTICO,MISSING_VALID_PRICE,NEW_PRODUCT_WITHOUT_PRICE,,,,,,,KEEP_MANUAL_REVIEW,HIGH,COTIZACIONES__DOMINION_BUSINESS_18aa.xlsx,False,False,False,NO_PRICE,,,,tabla|para|embutidos|attico,MISSING_VALID_PRICE
AG-1757,Servilleteros,MISSING_VALID_PRICE,NEW_PRODUCT_WITHOUT_PRICE,,,,,,,KEEP_MANUAL_REVIEW,HIGH,COTIZACIONES__DOMINION_BUSINESS_18aa.xlsx,False,False,False,NO_PRICE,,,,servilleteros,MISSING_VALID_PRICE
AG-1758,AROS DE Servilletas,MISSING_VALID_PRICE,NEW_PRODUCT_WITHOUT_PRICE,,,,,,,KEEP_MANUAL_REVIEW,HIGH,COTIZACIONES__DOMINION_BUSINESS_18aa.xlsx,False,False,False,NO_PRICE,,,,aros|servilletas,MISSING_VALID_PRICE
AG-1759,MATAS ALTAS CON SUS TARROS,MISSING_VALID_PRICE,NEW_PRODUCT_WITHOUT_PRICE,,,,,,,KEEP_MANUAL_REVIEW,HIGH,COTIZACIONES__DOMINION_BUSINESS_18aa.xlsx,False,False,False,NO_PRICE,,,,matas|altas|sus|tarros,MISSING_VALID_PRICE
AG-1760,STAND PARA Preparar LOS Cocteles,MISSING_VALID_PRICE,NEW_PRODUCT_WITHOUT_PRICE,,,,,,,KEEP_MANUAL_REVIEW,HIGH,COTIZACIONES__DOMINION_BUSINESS_18aa.xlsx,False,False,False,NO_PRICE,,,,stand|para|preparar|cocteles,MISSING_VALID_PRICE
AG-1761,CARNE DE Cerdo/masa,MISSING_VALID_PRICE,NEW_PRODUCT_WITHOUT_PRICE,,,,,,,KEEP_MANUAL_REVIEW,HIGH,COTIZACIONES__DOMINION_BUSINESS_18aa.xlsx,False,True,False,NO_PRICE,,,,carne|cerdo/masa,MISSING_VALID_PRICE
AG-1762,CARNE MOLIDA DE CERDO,MISSING_VALID_PRICE,NEW_PRODUCT_WITHOUT_PRICE,,,,,,,KEEP_MANUAL_REVIEW,HIGH,COTIZACIONES__DOMINION_BUSINESS_18aa.xlsx,False,False,False,NO_PRICE,,,,carne|molida|cerdo,MISSING_VALID_PRICE
AG-1763,Pechuga DE POLLO,MISSING_VALID_PRICE,NEW_PRODUCT_WITHOUT_PRICE,,,,,,,KEEP_MANUAL_REVIEW,HIGH,COTIZACIONES__DOMINION_BUSINESS_18aa.xlsx | COTIZACIONES___2023-2024_PIN_ARIAS_2_fddc.xlsx,False,True,False,NO_PRICE,,,,pechuga|pollo,MISSING_VALID_PRICE
AG-1764,Bandeja DE Aluminio Rectangular Grandes,MISSING_VALID_PRICE,NEW_PRODUCT_WITHOUT_PRICE,,,,,,,KEEP_MANUAL_REVIEW,HIGH,COTIZACIONES__DOMINION_BUSINESS_18aa.xlsx,False,False,False,NO_PRICE,,,,bandeja|aluminio|rectangular|grandes,MISSING_VALID_PRICE
AG-1765,Servilletas NIVEO 500 UD/PAQ,MISSING_VALID_PRICE,NEW_PRODUCT_WITHOUT_PRICE,,,,,,,KEEP_MANUAL_REVIEW,HIGH,COTIZACIONES__DOMINION_BUSINESS_18aa.xlsx,False,False,False,NO_PRICE,,,,servilletas|niveo|500|ud/paq,MISSING_VALID_PRICE
AG-1766,Frasco Ambroxol Jarabe 3mg/ml 200ml,MISSING_VALID_PRICE,NEW_PRODUCT_WITHOUT_PRICE,,,,,,,KEEP_MANUAL_REVIEW,HIGH,COTIZACIONES__DOMINION_BUSINESS_18aa.xlsx,False,False,False,NO_PRICE,,,,frasco|ambroxol|jarabe|3mg/ml|200ml,MISSING_VALID_PRICE
AG-1767,Frasco Bromehixina Jarabe 3mg/ml 200ml,MISSING_VALID_PRICE,NEW_PRODUCT_WITHOUT_PRICE,,,,,,,KEEP_MANUAL_REVIEW,HIGH,COTIZACIONES__DOMINION_BUSINESS_18aa.xlsx,False,False,False,NO_PRICE,,,,frasco|bromehixina|jarabe|3mg/ml|200ml,MISSING_VALID_PRICE
AG-1768,Caja De Acetaminofen- 500 Mgs. Tabletas 100/1,MISSING_VALID_PRICE,NEW_PRODUCT_WITHOUT_PRICE,,,,,,,KEEP_MANUAL_REVIEW,HIGH,COTIZACIONES__DOMINION_BUSINESS_18aa.xlsx,False,False,False,NO_PRICE,,,,caja|acetaminofen-|500|mgs.|tabletas|100/1|100/1,MISSING_VALID_PRICE
AG-1769,Caja Ibuprofen- 400 Mgs. Tabletas 100/1,MISSING_VALID_PRICE,NEW_PRODUCT_WITHOUT_PRICE,,,,,,,KEEP_MANUAL_REVIEW,HIGH,COTIZACIONES__DOMINION_BUSINESS_18aa.xlsx,False,False,False,NO_PRICE,,,,caja|ibuprofen-|400|mgs.|tabletas|100/1|100/1,MISSING_VALID_PRICE
AG-1770,Caja Diclofenac 50- Mg 50/1,MISSING_VALID_PRICE,NEW_PRODUCT_WITHOUT_PRICE,,,,,,,KEEP_MANUAL_REVIEW,HIGH,COTIZACIONES__DOMINION_BUSINESS_18aa.xlsx,False,False,False,NO_PRICE,,,,caja|diclofenac|50-|mg|50/1|50/1,MISSING_VALID_PRICE
AG-1771,Caja Diclofenac Ampollas 75 Mg 3ml 10/1,MISSING_VALID_PRICE,NEW_PRODUCT_WITHOUT_PRICE,,,,,,,KEEP_MANUAL_REVIEW,HIGH,COTIZACIONES__DOMINION_BUSINESS_18aa.xlsx,False,False,False,NO_PRICE,,,,caja|diclofenac|ampollas|75|mg|3ml|10/1|10/1,MISSING_VALID_PRICE
AG-1772,Caja Dexametasona Ampolla 8mg/2ml 10/1,MISSING_VALID_PRICE,NEW_PRODUCT_WITHOUT_PRICE,,,,,,,KEEP_MANUAL_REVIEW,HIGH,COTIZACIONES__DOMINION_BUSINESS_18aa.xlsx,False,False,False,NO_PRICE,,,,caja|dexametasona|ampolla|8mg/2ml|10/1|10/1,MISSING_VALID_PRICE
AG-1773,Caja Ácido Mefenamico- 500 Mgs. Tableta 10/1,MISSING_VALID_PRICE,NEW_PRODUCT_WITHOUT_PRICE,,,,,,,KEEP_MANUAL_REVIEW,HIGH,COTIZACIONES__DOMINION_BUSINESS_18aa.xlsx,False,False,False,NO_PRICE,,,,caja|acido|mefenamico-|500|mgs.|tableta|10/1|10/1,MISSING_VALID_PRICE
AG-1774,Caja Loratadina 200 Mgs 10/1,MISSING_VALID_PRICE,NEW_PRODUCT_WITHOUT_PRICE,,,,,,,KEEP_MANUAL_REVIEW,HIGH,COTIZACIONES__DOMINION_BUSINESS_18aa.xlsx,False,False,False,NO_PRICE,,,,caja|loratadina|200|mgs|10/1|10/1,MISSING_VALID_PRICE
AG-1775,Caja Difenhidramina 10/1,MISSING_VALID_PRICE,NEW_PRODUCT_WITHOUT_PRICE,,,,,,,KEEP_MANUAL_REVIEW,HIGH,COTIZACIONES__DOMINION_BUSINESS_18aa.xlsx,False,False,False,NO_PRICE,,,,caja|difenhidramina|10/1|10/1,MISSING_VALID_PRICE
AG-1776,Caja Difenhidramina Ampolla,MISSING_VALID_PRICE,NEW_PRODUCT_WITHOUT_PRICE,,,,,,,KEEP_MANUAL_REVIEW,HIGH,COTIZACIONES__DOMINION_BUSINESS_18aa.xlsx,False,False,False,NO_PRICE,,,,caja|difenhidramina|ampolla,MISSING_VALID_PRICE
AG-1777,Caja Hidrocortisona 20 Mgs 100/1,MISSING_VALID_PRICE,NEW_PRODUCT_WITHOUT_PRICE,,,,,,,KEEP_MANUAL_REVIEW,HIGH,COTIZACIONES__DOMINION_BUSINESS_18aa.xlsx,False,False,False,NO_PRICE,,,,caja|hidrocortisona|20|mgs|100/1|100/1,MISSING_VALID_PRICE
AG-1778,Caja Cetirizina 10 Mgs 10/1,MISSING_VALID_PRICE,NEW_PRODUCT_WITHOUT_PRICE,,,,,,,KEEP_MANUAL_REVIEW,HIGH,COTIZACIONES__DOMINION_BUSINESS_18aa.xlsx,False,False,False,NO_PRICE,,,,caja|cetirizina|10|mgs|10/1|10/1,MISSING_VALID_PRICE
AG-1779,PIERNA DE CERDO DE 30 LIBRAS,MISSING_VALID_PRICE,NEW_PRODUCT_WITHOUT_PRICE,,,,,,,KEEP_MANUAL_REVIEW,HIGH,COTIZACIONES__DOMINION_BUSINESS_18aa.xlsx | COTIZACIONES___2023-2024_PIN_ARIAS_2_fddc.xlsx,False,False,False,NO_PRICE,,,,pierna|cerdo|30|libras,MISSING_VALID_PRICE
AG-1780,Mondongo,MISSING_VALID_PRICE,NEW_PRODUCT_WITHOUT_PRICE,,,,,,,KEEP_MANUAL_REVIEW,HIGH,COTIZACIONES__DOMINION_BUSINESS_18aa.xlsx | COTIZACIONES___2023-2024_PIN_ARIAS_2_fddc.xlsx,False,False,False,NO_PRICE,,,,mondongo,MISSING_VALID_PRICE
AG-1781,SILLA DE RUEDAS HEAVY DUTY (scmh874b),MISSING_VALID_PRICE,NEW_PRODUCT_WITHOUT_PRICE,,,,,,,KEEP_MANUAL_REVIEW,HIGH,COTIZACIONES__DOMINION_BUSINESS_18aa.xlsx,False,False,False,NO_PRICE,,,,silla|ruedas|heavy|duty|scmh874b|SCMH874B,MISSING_VALID_PRICE
AG-1782,Ponchera Mediana,MISSING_VALID_PRICE,NEW_PRODUCT_WITHOUT_PRICE,,,,,,,KEEP_MANUAL_REVIEW,HIGH,COTIZACIONES__DOMINION_BUSINESS_18aa.xlsx,False,False,False,NO_PRICE,,,,ponchera|mediana,MISSING_VALID_PRICE
AG-1783,Cuchillo GRANDE,MISSING_VALID_PRICE,NEW_PRODUCT_WITHOUT_PRICE,,,,,,,KEEP_MANUAL_REVIEW,HIGH,COTIZACIONES__DOMINION_BUSINESS_18aa.xlsx,False,False,False,NO_PRICE,,,,cuchillo|grande,MISSING_VALID_PRICE
AG-1784,HABRE LATA,MISSING_VALID_PRICE,NEW_PRODUCT_WITHOUT_PRICE,,,,,,,KEEP_MANUAL_REVIEW,HIGH,COTIZACIONES__DOMINION_BUSINESS_18aa.xlsx,False,False,False,NO_PRICE,,,,habre|lata,MISSING_VALID_PRICE
AG-1785,Caldero DE Aluminio 20 LB CON TAPA DE Crystal,MISSING_VALID_PRICE,NEW_PRODUCT_WITHOUT_PRICE,,,,,,,KEEP_MANUAL_REVIEW,HIGH,COTIZACIONES__DOMINION_BUSINESS_18aa.xlsx,False,False,False,NO_PRICE,,,,caldero|aluminio|20|lb|tapa|crystal|20 lb,MISSING_VALID_PRICE
AG-1786,Contenedor DE BASURA Polietileno ALTA Densidad 200 LT COLOR GRIS,MISSING_VALID_PRICE,NEW_PRODUCT_WITHOUT_PRICE,,,,,,,KEEP_MANUAL_REVIEW,HIGH,COTIZACIONES__DOMINION_BUSINESS_18aa.xlsx,False,False,False,NO_PRICE,,,,contenedor|basura|polietileno|alta|densidad|200|lt|color,MISSING_VALID_PRICE
AG-1787,Archivo Arcordeon 9x12,MISSING_VALID_PRICE,NEW_PRODUCT_WITHOUT_PRICE,,,,,,,KEEP_MANUAL_REVIEW,HIGH,COTIZACIONES__DOMINION_BUSINESS_18aa.xlsx,False,False,False,NO_PRICE,,,,archivo|arcordeon|9x12,MISSING_VALID_PRICE
AG-1788,RESMA DE PAPEL Ofi-nota CARTA 8 1/2 X11 IN,MISSING_VALID_PRICE,NEW_PRODUCT_WITHOUT_PRICE,,,,,,,KEEP_MANUAL_REVIEW,HIGH,COTIZACIONES__DOMINION_BUSINESS_18aa.xlsx,False,False,False,NO_PRICE,,,,resma|papel|ofi-nota|carta|8|1/2|x11|in|1/2,MISSING_VALID_PRICE
AG-1789,Costilita,MISSING_VALID_PRICE,NEW_PRODUCT_WITHOUT_PRICE,,,,,,,KEEP_MANUAL_REVIEW,HIGH,COTIZACIONES__DOMINION_BUSINESS_18aa.xlsx,False,False,False,NO_PRICE,,,,costilita,MISSING_VALID_PRICE
AG-1790,Arenque,MISSING_VALID_PRICE,NEW_PRODUCT_WITHOUT_PRICE,,,,,,,KEEP_MANUAL_REVIEW,HIGH,COTIZACIONES__DOMINION_BUSINESS_18aa.xlsx,False,False,False,NO_PRICE,,,,arenque,MISSING_VALID_PRICE
AG-1791,Bacalao CON ESPINA,MISSING_VALID_PRICE,NEW_PRODUCT_WITHOUT_PRICE,,,,,,,KEEP_MANUAL_REVIEW,HIGH,COTIZACIONES__DOMINION_BUSINESS_18aa.xlsx | COTIZACIONES___2023-2024_PIN_ARIAS_2_fddc.xlsx,False,True,False,NO_PRICE,,,,bacalao|espina,MISSING_VALID_PRICE
AG-1792,Miniprocesador DE Alimentos 3 TAZAS OSTER,MISSING_VALID_PRICE,NEW_PRODUCT_WITHOUT_PRICE,,,,,,,KEEP_MANUAL_REVIEW,HIGH,COTIZACIONES__DOMINION_BUSINESS_18aa.xlsx,False,False,False,NO_PRICE,,,,miniprocesador|alimentos|3|tazas|oster,MISSING_VALID_PRICE
AG-1793,VASO 4 OZ Poccasion BLANCO 1000 Uds,MISSING_VALID_PRICE,NEW_PRODUCT_WITHOUT_PRICE,,,,,,,KEEP_MANUAL_REVIEW,HIGH,COTIZACIONES__DOMINION_BUSINESS_18aa.xlsx,False,False,False,NO_PRICE,,,,vaso|4|oz|poccasion|blanco|1000|uds,MISSING_VALID_PRICE
AG-1794,MANTEL BLANCO 152x259 Cm,MISSING_VALID_PRICE,NEW_PRODUCT_WITHOUT_PRICE,,,,,,,KEEP_MANUAL_REVIEW,HIGH,COTIZACIONES__DOMINION_BUSINESS_18aa.xlsx,False,False,False,NO_PRICE,,,,mantel|blanco|152x259|cm,MISSING_VALID_PRICE
AG-1795,SARTEN Antiadhente COLOR NEGRO MATE 24CM FREE HOME,MISSING_VALID_PRICE,NEW_PRODUCT_WITHOUT_PRICE,,,,,,,KEEP_MANUAL_REVIEW,HIGH,COTIZACIONES__DOMINION_BUSINESS_18aa.xlsx,False,False,False,NO_PRICE,,,,sarten|antiadhente|color|negro|mate|24|cm|free,MISSING_VALID_PRICE
AG-1796,OLLA EN ACERO Inoxidable Armatura BASIC 16CM.,MISSING_VALID_PRICE,NEW_PRODUCT_WITHOUT_PRICE,,,,,,,KEEP_MANUAL_REVIEW,HIGH,COTIZACIONES__DOMINION_BUSINESS_18aa.xlsx,False,False,False,NO_PRICE,,,,olla|acero|inoxidable|armatura|basic|16|cm.,MISSING_VALID_PRICE
AG-1797,VASO MOLDY Plastico # 10 50PAQ/50,MISSING_VALID_PRICE,NEW_PRODUCT_WITHOUT_PRICE,,,,,,,KEEP_MANUAL_REVIEW,HIGH,COTIZACIONES__DOMINION_BUSINESS_18aa.xlsx,False,False,False,NO_PRICE,,,,vaso|moldy|plastico|10|50paq/50,MISSING_VALID_PRICE
AG-1798,VASO 4 OZ Plasticos 1000 Uds,MISSING_VALID_PRICE,NEW_PRODUCT_WITHOUT_PRICE,,,,,,,KEEP_MANUAL_REVIEW,HIGH,COTIZACIONES__DOMINION_BUSINESS_18aa.xlsx,False,False,False,NO_PRICE,,,,vaso|4|oz|plasticos|1000|uds,MISSING_VALID_PRICE
AG-1799,"Canastilla PEQ BABY Sencilla , Articulos: Toalla, Enterizo, Franela, SET DE Medias,",MISSING_VALID_PRICE,NEW_PRODUCT_WITHOUT_PRICE,,,,,,,KEEP_MANUAL_REVIEW,HIGH,COTIZACIONES__DOMINION_BUSINESS_18aa.xlsx,False,False,False,NO_PRICE,,,,canastilla|peq|baby|sencilla|articulos|toalla|enterizo|franela,MISSING_VALID_PRICE
AG-1800,CAJAS Plasticas DE Almacenamiento Transparente C/TAPA,MISSING_VALID_PRICE,NEW_PRODUCT_WITHOUT_PRICE,,,,,,,KEEP_MANUAL_REVIEW,HIGH,COTIZACIONES__DOMINION_BUSINESS_18aa.xlsx | COTIZACIONES___2023-2024_PIN_ARIAS_2_fddc.xlsx,False,False,False,NO_PRICE,,,,cajas|plasticas|almacenamiento|transparente|c/tapa,MISSING_VALID_PRICE
AG-1801,FILETE DE RES,MISSING_VALID_PRICE,NEW_PRODUCT_WITHOUT_PRICE,,,,,,,KEEP_MANUAL_REVIEW,HIGH,COTIZACIONES__DOMINION_BUSINESS_18aa.xlsx | COTIZACIONES___2023-2024_PIN_ARIAS_2_fddc.xlsx,False,False,False,NO_PRICE,,,,filete|res,MISSING_VALID_PRICE
AG-1802,MUSLOS DE POLLO FRESCO,MISSING_VALID_PRICE,NEW_PRODUCT_WITHOUT_PRICE,,,,,,,KEEP_MANUAL_REVIEW,HIGH,COTIZACIONES__DOMINION_BUSINESS_18aa.xlsx,False,True,False,NO_PRICE,,,,muslos|pollo|fresco,MISSING_VALID_PRICE
AG-1803,Pechuga DE POLLO Deshuesada,MISSING_VALID_PRICE,NEW_PRODUCT_WITHOUT_PRICE,,,,,,,KEEP_MANUAL_REVIEW,HIGH,COTIZACIONES__DOMINION_BUSINESS_18aa.xlsx,False,True,False,NO_PRICE,,,,pechuga|pollo|deshuesada,MISSING_VALID_PRICE
AG-1804,FILETE DE CERDO,MISSING_VALID_PRICE,NEW_PRODUCT_WITHOUT_PRICE,,,,,,,KEEP_MANUAL_REVIEW,HIGH,COTIZACIONES__DOMINION_BUSINESS_18aa.xlsx,False,False,False,NO_PRICE,,,,filete|cerdo,MISSING_VALID_PRICE
AG-1805,HUEVOS CARTON 30/1,MISSING_VALID_PRICE,NEW_PRODUCT_WITHOUT_PRICE,,,,,,,KEEP_MANUAL_REVIEW,HIGH,COTIZACIONES__DOMINION_BUSINESS_18aa.xlsx,True,False,False,NO_PRICE,,,,huevos|carton|30/1|30/1,MISSING_VALID_PRICE
AG-1806,AZUCAR CREMA,MISSING_VALID_PRICE,NEW_PRODUCT_WITHOUT_PRICE,,,,,,,KEEP_MANUAL_REVIEW,HIGH,COTIZACIONES__DOMINION_BUSINESS_18aa.xlsx | COTIZACIONES___2023-2024_PIN_ARIAS_2_fddc.xlsx,True,False,False,NO_PRICE,,,,azucar|crema,MISSING_VALID_PRICE
AG-1807,CAFÉ SANTO Domingo 1 LB,MISSING_VALID_PRICE,NEW_PRODUCT_WITHOUT_PRICE,,,,,,,KEEP_MANUAL_REVIEW,HIGH,COTIZACIONES__DOMINION_BUSINESS_18aa.xlsx,False,False,False,NO_PRICE,,,,cafe|santo|domingo|1|lb|1 lb,MISSING_VALID_PRICE
AG-1808,Chocolate Embajador 10/1,MISSING_VALID_PRICE,NEW_PRODUCT_WITHOUT_PRICE,,,,,,,KEEP_MANUAL_REVIEW,HIGH,COTIZACIONES__DOMINION_BUSINESS_18aa.xlsx,False,False,False,NO_PRICE,,,,chocolate|embajador|10/1|10/1,MISSING_VALID_PRICE
AG-1809,NETAR DE Manzana CARTON 6.8 OZ,MISSING_VALID_PRICE,NEW_PRODUCT_WITHOUT_PRICE,,,,,,,KEEP_MANUAL_REVIEW,HIGH,COTIZACIONES__DOMINION_BUSINESS_18aa.xlsx,False,False,False,NO_PRICE,,,,netar|manzana|carton|6.8|oz,MISSING_VALID_PRICE
AG-1810,LECHE ENTERA Listamilk 1 LT,MISSING_VALID_PRICE,NEW_PRODUCT_WITHOUT_PRICE,,,,,,,KEEP_MANUAL_REVIEW,HIGH,COTIZACIONES__DOMINION_BUSINESS_18aa.xlsx,True,False,False,NO_PRICE,,,,leche|entera|listamilk|1|lt,MISSING_VALID_PRICE
AG-1811,LECHE Carnation 312 G,MISSING_VALID_PRICE,NEW_PRODUCT_WITHOUT_PRICE,,,,,,,KEEP_MANUAL_REVIEW,HIGH,COTIZACIONES__DOMINION_BUSINESS_18aa.xlsx,True,False,False,NO_PRICE,,,,leche|carnation|312|g,MISSING_VALID_PRICE
AG-1812,LECHE DE COCO,MISSING_VALID_PRICE,NEW_PRODUCT_WITHOUT_PRICE,,,,,,,KEEP_MANUAL_REVIEW,HIGH,COTIZACIONES__DOMINION_BUSINESS_18aa.xlsx | COTIZACIONES___2023-2024_PIN_ARIAS_2_fddc.xlsx,True,False,False,NO_PRICE,,,,leche|coco,MISSING_VALID_PRICE
AG-1813,Mayonesa BALDON GALON 1GL,MISSING_VALID_PRICE,NEW_PRODUCT_WITHOUT_PRICE,,,,,,,KEEP_MANUAL_REVIEW,HIGH,COTIZACIONES__DOMINION_BUSINESS_18aa.xlsx,True,False,False,NO_PRICE,,,,mayonesa|baldon|galon|1|gal|1 gl,MISSING_VALID_PRICE
AG-1814,Margarina 5LB,MISSING_VALID_PRICE,NEW_PRODUCT_WITHOUT_PRICE,,,,,,,KEEP_MANUAL_REVIEW,HIGH,COTIZACIONES__DOMINION_BUSINESS_18aa.xlsx,False,False,False,NO_PRICE,,,,margarina|5|lb|5 lb,MISSING_VALID_PRICE
AG-1815,ARROZ CAMPO Premiun SACO 50LB,MISSING_VALID_PRICE,NEW_PRODUCT_WITHOUT_PRICE,,,,,,,KEEP_MANUAL_REVIEW,HIGH,COTIZACIONES__DOMINION_BUSINESS_18aa.xlsx,True,False,False,NO_PRICE,,,,arroz|campo|premiun|saco|50|lb|50 lb,MISSING_VALID_PRICE
AG-1816,ACEITE CRISOL 7.37LT/ 250 OZ,MISSING_VALID_PRICE,NEW_PRODUCT_WITHOUT_PRICE,,,,,,,KEEP_MANUAL_REVIEW,HIGH,COTIZACIONES__DOMINION_BUSINESS_18aa.xlsx,False,False,False,NO_PRICE,,,,aceite|crisol|7.37lt/|250|oz,MISSING_VALID_PRICE
AG-1817,ACEITE VERDE FIGARO 1 LT,MISSING_VALID_PRICE,NEW_PRODUCT_WITHOUT_PRICE,,,,,,,KEEP_MANUAL_REVIEW,HIGH,COTIZACIONES__DOMINION_BUSINESS_18aa.xlsx,False,False,False,NO_PRICE,,,,aceite|verde|figaro|1|lt,MISSING_VALID_PRICE
AG-1818,TUNA CHERRY STAR ACEITE TROZO 48/1 OZ,MISSING_VALID_PRICE,NEW_PRODUCT_WITHOUT_PRICE,,,,,,,KEEP_MANUAL_REVIEW,HIGH,COTIZACIONES__DOMINION_BUSINESS_18aa.xlsx,False,False,False,NO_PRICE,,,,tuna|cherry|star|aceite|trozo|48/1|oz|48/1,MISSING_VALID_PRICE
AG-1819,Espaguetis,MISSING_VALID_PRICE,NEW_PRODUCT_WITHOUT_PRICE,,,,,,,KEEP_MANUAL_REVIEW,HIGH,COTIZACIONES__DOMINION_BUSINESS_18aa.xlsx | COTIZACIONES___2023-2024_PIN_ARIAS_2_fddc.xlsx,False,False,False,NO_PRICE,,,,espaguetis,MISSING_VALID_PRICE
AG-1820,FIDEOS FINOS MILANO,MISSING_VALID_PRICE,NEW_PRODUCT_WITHOUT_PRICE,,,,,,,KEEP_MANUAL_REVIEW,HIGH,COTIZACIONES__DOMINION_BUSINESS_18aa.xlsx,False,False,False,NO_PRICE,,,,fideos|finos|milano,MISSING_VALID_PRICE
AG-1821,CODITO MILANO,MISSING_VALID_PRICE,NEW_PRODUCT_WITHOUT_PRICE,,,,,,,KEEP_MANUAL_REVIEW,HIGH,COTIZACIONES__DOMINION_BUSINESS_18aa.xlsx,False,False,False,NO_PRICE,,,,codito|milano,MISSING_VALID_PRICE
AG-1822,Vinagre BALDON Ranchero 110 OZ,MISSING_VALID_PRICE,NEW_PRODUCT_WITHOUT_PRICE,,,,,,,KEEP_MANUAL_REVIEW,HIGH,COTIZACIONES__DOMINION_BUSINESS_18aa.xlsx,False,False,False,NO_PRICE,,,,vinagre|baldon|ranchero|110|oz,MISSING_VALID_PRICE
AG-1823,Vinagre BALDON Ranchero BLANCO 110 OZ,MISSING_VALID_PRICE,NEW_PRODUCT_WITHOUT_PRICE,,,,,,,KEEP_MANUAL_REVIEW,HIGH,COTIZACIONES__DOMINION_BUSINESS_18aa.xlsx,False,False,False,NO_PRICE,,,,vinagre|baldon|ranchero|blanco|110|oz,MISSING_VALID_PRICE
AG-1824,SAL Refrisal 5LB,MISSING_VALID_PRICE,NEW_PRODUCT_WITHOUT_PRICE,,,,,,,KEEP_MANUAL_REVIEW,HIGH,COTIZACIONES__DOMINION_BUSINESS_18aa.xlsx,False,False,False,NO_PRICE,,,,sal|refrisal|5|lb|5 lb,MISSING_VALID_PRICE
AG-1825,Galleta DE SODA HATUEY 20/1,MISSING_VALID_PRICE,NEW_PRODUCT_WITHOUT_PRICE,,,,,,,KEEP_MANUAL_REVIEW,HIGH,COTIZACIONES__DOMINION_BUSINESS_18aa.xlsx,False,False,False,NO_PRICE,,,,galleta|soda|hatuey|20/1|20/1,MISSING_VALID_PRICE
AG-1826,CALDO DE POLLO MAGGIE,MISSING_VALID_PRICE,NEW_PRODUCT_WITHOUT_PRICE,,,,,,,KEEP_MANUAL_REVIEW,HIGH,COTIZACIONES__DOMINION_BUSINESS_18aa.xlsx,False,True,False,NO_PRICE,,,,caldo|pollo|maggie,MISSING_VALID_PRICE
AG-1827,AVENA ENTERA QUAKER FDA 20/1,MISSING_VALID_PRICE,NEW_PRODUCT_WITHOUT_PRICE,,,,,,,KEEP_MANUAL_REVIEW,HIGH,COTIZACIONES__DOMINION_BUSINESS_18aa.xlsx,False,False,False,NO_PRICE,,,,avena|entera|quaker|fda|20/1|20/1,MISSING_VALID_PRICE
AG-1828,PAN Integral Familiar Lumijor 30 ONZ,MISSING_VALID_PRICE,NEW_PRODUCT_WITHOUT_PRICE,,,,,,,KEEP_MANUAL_REVIEW,HIGH,COTIZACIONES__DOMINION_BUSINESS_18aa.xlsx,False,False,False,NO_PRICE,,,,pan|integral|familiar|lumijor|30|onz,MISSING_VALID_PRICE
AG-1829,HARINA DE MAIZ Mazorca 14 ONZ,MISSING_VALID_PRICE,NEW_PRODUCT_WITHOUT_PRICE,,,,,,,KEEP_MANUAL_REVIEW,HIGH,COTIZACIONES__DOMINION_BUSINESS_18aa.xlsx,True,False,False,NO_PRICE,,,,harina|maiz|mazorca|14|onz,MISSING_VALID_PRICE
AG-1830,HARINA DE TRIGO MILANO 2LB,MISSING_VALID_PRICE,NEW_PRODUCT_WITHOUT_PRICE,,,,,,,KEEP_MANUAL_REVIEW,HIGH,COTIZACIONES__DOMINION_BUSINESS_18aa.xlsx,True,False,False,NO_PRICE,,,,harina|trigo|milano|2|lb|2 lb,MISSING_VALID_PRICE
AG-1831,JUGO Concentrado (sabores Variados),MISSING_VALID_PRICE,NEW_PRODUCT_WITHOUT_PRICE,,,,,,,KEEP_MANUAL_REVIEW,HIGH,COTIZACIONES__DOMINION_BUSINESS_18aa.xlsx,False,False,False,NO_PRICE,,,,jugo|concentrado|sabores|variados,MISSING_VALID_PRICE
AG-1832,HARINA DEL Negrito DE 16 OZ,MISSING_VALID_PRICE,NEW_PRODUCT_WITHOUT_PRICE,,,,,,,KEEP_MANUAL_REVIEW,HIGH,COTIZACIONES__DOMINION_BUSINESS_18aa.xlsx,True,False,False,NO_PRICE,,,,harina|negrito|16|oz,MISSING_VALID_PRICE
AG-1833,Maicena DE 425G DURYEA,MISSING_VALID_PRICE,NEW_PRODUCT_WITHOUT_PRICE,,,,,,,KEEP_MANUAL_REVIEW,HIGH,COTIZACIONES__DOMINION_BUSINESS_18aa.xlsx,False,False,False,NO_PRICE,,,,maicena|425g|duryea,MISSING_VALID_PRICE
AG-1834,MAIZ DULCE LA FAMOSA 15 OZ,MISSING_VALID_PRICE,NEW_PRODUCT_WITHOUT_PRICE,,,,,,,KEEP_MANUAL_REVIEW,HIGH,COTIZACIONES__DOMINION_BUSINESS_18aa.xlsx,False,False,False,NO_PRICE,,,,maiz|dulce|famosa|15|oz,MISSING_VALID_PRICE
AG-1835,Compota HEINZ 113G,MISSING_VALID_PRICE,NEW_PRODUCT_WITHOUT_PRICE,,,,,,,KEEP_MANUAL_REVIEW,HIGH,COTIZACIONES__DOMINION_BUSINESS_18aa.xlsx,False,False,False,NO_PRICE,,,,compota|heinz|113g,MISSING_VALID_PRICE
AG-1836,SALSA CHINA Ranchero P/chofan 3060 ML,MISSING_VALID_PRICE,NEW_PRODUCT_WITHOUT_PRICE,,,,,,,KEEP_MANUAL_REVIEW,HIGH,COTIZACIONES__DOMINION_BUSINESS_18aa.xlsx,False,False,False,NO_PRICE,,,,salsa|china|ranchero|p/chofan|3060|ml,MISSING_VALID_PRICE
AG-1837,Guandule VERDE LA FAMOSA 15 OZ,MISSING_VALID_PRICE,NEW_PRODUCT_WITHOUT_PRICE,,,,,,,KEEP_MANUAL_REVIEW,HIGH,COTIZACIONES__DOMINION_BUSINESS_18aa.xlsx,False,False,False,NO_PRICE,,,,guandule|verde|famosa|15|oz,MISSING_VALID_PRICE
AG-1838,Gelatina 0.44 OZ,MISSING_VALID_PRICE,NEW_PRODUCT_WITHOUT_PRICE,,,,,,,KEEP_MANUAL_REVIEW,HIGH,COTIZACIONES__DOMINION_BUSINESS_18aa.xlsx,False,False,False,NO_PRICE,,,,gelatina|0.44|oz,MISSING_VALID_PRICE
AG-1839,AVENA ENTERA QUAKER FDA 300g,MISSING_VALID_PRICE,NEW_PRODUCT_WITHOUT_PRICE,,,,,,,KEEP_MANUAL_REVIEW,HIGH,COTIZACIONES__DOMINION_BUSINESS_18aa.xlsx,False,False,False,NO_PRICE,,,,avena|entera|quaker|fda|300g,MISSING_VALID_PRICE
AG-1840,AZUCAR CREMA 5LB,MISSING_VALID_PRICE,NEW_PRODUCT_WITHOUT_PRICE,,,,,,,KEEP_MANUAL_REVIEW,HIGH,COTIZACIONES__DOMINION_BUSINESS_18aa.xlsx,True,False,False,NO_PRICE,,,,azucar|crema|5|lb|5 lb,MISSING_VALID_PRICE
AG-1841,Cremora Country BARN COFFE CREAM 35OZ,MISSING_VALID_PRICE,NEW_PRODUCT_WITHOUT_PRICE,,,,,,,KEEP_MANUAL_REVIEW,HIGH,COTIZACIONES__DOMINION_BUSINESS_18aa.xlsx,False,False,False,NO_PRICE,,,,cremora|country|barn|coffe|cream|35oz,MISSING_VALID_PRICE
AG-1842,TE DE Manzanilla CON MENTA Mansasul 10/1,MISSING_VALID_PRICE,NEW_PRODUCT_WITHOUT_PRICE,,,,,,,KEEP_MANUAL_REVIEW,HIGH,COTIZACIONES__DOMINION_BUSINESS_18aa.xlsx,False,False,False,NO_PRICE,,,,te|manzanilla|menta|mansasul|10/1|10/1,MISSING_VALID_PRICE
AG-1843,LIPTON TE FRIO 23.6 OZ,MISSING_VALID_PRICE,NEW_PRODUCT_WITHOUT_PRICE,,,,,,,KEEP_MANUAL_REVIEW,HIGH,COTIZACIONES__DOMINION_BUSINESS_18aa.xlsx,False,False,False,NO_PRICE,,,,lipton|te|frio|23.6|oz,MISSING_VALID_PRICE
AG-1844,Endulzante Splenda 50/1,MISSING_VALID_PRICE,NEW_PRODUCT_WITHOUT_PRICE,,,,,,,KEEP_MANUAL_REVIEW,HIGH,COTIZACIONES__DOMINION_BUSINESS_18aa.xlsx,False,False,False,NO_PRICE,,,,endulzante|splenda|50/1|50/1,MISSING_VALID_PRICE
AG-1845,DOLCE GUSTO Cortadito Nescafe 16/1,MISSING_VALID_PRICE,NEW_PRODUCT_WITHOUT_PRICE,,,,,,,KEEP_MANUAL_REVIEW,HIGH,COTIZACIONES__DOMINION_BUSINESS_18aa.xlsx,False,False,False,NO_PRICE,,,,dolce|gusto|cortadito|nescafe|16/1|16/1,MISSING_VALID_PRICE
AG-1846,"Azucarera EN Porcelana BLANCA C/TAPA 2.75"" X 3.14''",MISSING_VALID_PRICE,NEW_PRODUCT_WITHOUT_PRICE,,,,,,,KEEP_MANUAL_REVIEW,HIGH,COTIZACIONES__DOMINION_BUSINESS_18aa.xlsx,True,False,False,NO_PRICE,,,,"azucarera|porcelana|blanca|c/tapa|2.75""|x|3.14|2.75""",MISSING_VALID_PRICE
AG-1847,SET 6 PZS DE COPAS DE AGUA 580ML Crystal Bohemia,MISSING_VALID_PRICE,NEW_PRODUCT_WITHOUT_PRICE,,,,,,,KEEP_MANUAL_REVIEW,HIGH,COTIZACIONES__DOMINION_BUSINESS_18aa.xlsx,False,False,False,NO_PRICE,,,,set|6|pzs|copas|agua|580ml|crystal|bohemia,MISSING_VALID_PRICE
AG-1848,Cuchara P/CAFÉ ACERO Inoxidable 6/1,MISSING_VALID_PRICE,NEW_PRODUCT_WITHOUT_PRICE,,,,,,,KEEP_MANUAL_REVIEW,HIGH,COTIZACIONES__DOMINION_BUSINESS_18aa.xlsx,False,False,False,NO_PRICE,,,,cuchara|p/cafe|acero|inoxidable|6/1|6/1,MISSING_VALID_PRICE
AG-1849,TAZAS DE CAFÉ Y TE DE 7 OZ C/plato,MISSING_VALID_PRICE,NEW_PRODUCT_WITHOUT_PRICE,,,,,,,KEEP_MANUAL_REVIEW,HIGH,COTIZACIONES__DOMINION_BUSINESS_18aa.xlsx,False,False,False,NO_PRICE,,,,tazas|cafe|te|7|oz|c/plato,MISSING_VALID_PRICE
AG-1850,TAZA C/plato Espress 120CC HAUS Raindrop,MISSING_VALID_PRICE,NEW_PRODUCT_WITHOUT_PRICE,,,,,,,KEEP_MANUAL_REVIEW,HIGH,COTIZACIONES__DOMINION_BUSINESS_18aa.xlsx,False,False,False,NO_PRICE,,,,taza|c/plato|espress|120cc|haus|raindrop,MISSING_VALID_PRICE
AG-1851,SLIM TERMO P/CAFÉ 0.7 LT,MISSING_VALID_PRICE,NEW_PRODUCT_WITHOUT_PRICE,,,,,,,KEEP_MANUAL_REVIEW,HIGH,COTIZACIONES__DOMINION_BUSINESS_18aa.xlsx,False,False,False,NO_PRICE,,,,slim|termo|p/cafe|0.7|lt,MISSING_VALID_PRICE
AG-1852,TERMO NOVO ACERO Inoxidable 1.9 LT,MISSING_VALID_PRICE,NEW_PRODUCT_WITHOUT_PRICE,,,,,,,KEEP_MANUAL_REVIEW,HIGH,COTIZACIONES__DOMINION_BUSINESS_18aa.xlsx,False,False,False,NO_PRICE,,,,termo|novo|acero|inoxidable|1.9|lt,MISSING_VALID_PRICE
AG-1853,IGLOO TERMO SEAT TOP AZUL 5 GL,MISSING_VALID_PRICE,NEW_PRODUCT_WITHOUT_PRICE,,,,,,,KEEP_MANUAL_REVIEW,HIGH,COTIZACIONES__DOMINION_BUSINESS_18aa.xlsx,False,False,False,NO_PRICE,,,,igloo|termo|seat|top|azul|5|gal|5 gl,MISSING_VALID_PRICE
AG-1854,IMUSA TALENT JUEGO DE OLLAS ALUM Antiadh DE 11 PZA,MISSING_VALID_PRICE,NEW_PRODUCT_WITHOUT_PRICE,,,,,,,KEEP_MANUAL_REVIEW,HIGH,COTIZACIONES__DOMINION_BUSINESS_18aa.xlsx,False,False,False,NO_PRICE,,,,imusa|talent|juego|ollas|alum|antiadh|11|pza,MISSING_VALID_PRICE
AG-1855,Dispensador DE Bebidas HAUS C/ BASE 6LT,MISSING_VALID_PRICE,NEW_PRODUCT_WITHOUT_PRICE,,,,,,,KEEP_MANUAL_REVIEW,HIGH,COTIZACIONES__DOMINION_BUSINESS_18aa.xlsx,False,False,False,NO_PRICE,,,,dispensador|bebidas|haus|c/|base|6lt,MISSING_VALID_PRICE
AG-1856,P/HIG Gaviota JUMBO ROLL 325' 2C 1/12,MISSING_VALID_PRICE,NEW_PRODUCT_WITHOUT_PRICE,,,,,,,KEEP_MANUAL_REVIEW,HIGH,COTIZACIONES__DOMINION_BUSINESS_18aa.xlsx,False,False,False,NO_PRICE,,,,p/hig|gaviota|jumbo|roll|325|2c|1/12|1/12,MISSING_VALID_PRICE
AG-1857,PAPEL TOALLA 6/1,MISSING_VALID_PRICE,NEW_PRODUCT_WITHOUT_PRICE,,,,,,,KEEP_MANUAL_REVIEW,HIGH,COTIZACIONES__DOMINION_BUSINESS_18aa.xlsx,False,False,False,NO_PRICE,,,,papel|toalla|6/1|6/1,MISSING_VALID_PRICE
AG-1858,Ambientador Aerosol 8OZ,MISSING_VALID_PRICE,NEW_PRODUCT_WITHOUT_PRICE,,,,,,,KEEP_MANUAL_REVIEW,HIGH,COTIZACIONES__DOMINION_BUSINESS_18aa.xlsx,False,False,False,NO_PRICE,,,,ambientador|aerosol|8oz,MISSING_VALID_PRICE
AG-1859,Desifec.p/pisos,MISSING_VALID_PRICE,NEW_PRODUCT_WITHOUT_PRICE,,,,,,,KEEP_MANUAL_REVIEW,HIGH,COTIZACIONES__DOMINION_BUSINESS_18aa.xlsx,False,False,False,NO_PRICE,,,,desifec.p/pisos,MISSING_VALID_PRICE
AG-1860,TERMO IGLOO ORANGE C/DISP 10GL.,MISSING_VALID_PRICE,NEW_PRODUCT_WITHOUT_PRICE,,,,,,,KEEP_MANUAL_REVIEW,HIGH,COTIZACIONES__DOMINION_BUSINESS_18aa.xlsx,False,False,False,NO_PRICE,,,,termo|igloo|orange|c/disp|10|gal.|10 gl,MISSING_VALID_PRICE
AG-1861,Servilletas NIVEO 500/1,MISSING_VALID_PRICE,NEW_PRODUCT_WITHOUT_PRICE,,,,,,,KEEP_MANUAL_REVIEW,HIGH,COTIZACIONES__DOMINION_BUSINESS_18aa.xlsx,False,False,False,NO_PRICE,,,,servilletas|niveo|500/1|500/1,MISSING_VALID_PRICE
AG-1862,TOALLA Microfibra,MISSING_VALID_PRICE,NEW_PRODUCT_WITHOUT_PRICE,,,,,,,KEEP_MANUAL_REVIEW,HIGH,COTIZACIONES__DOMINION_BUSINESS_18aa.xlsx,False,False,False,NO_PRICE,,,,toalla|microfibra,MISSING_VALID_PRICE
AG-1863,LIMPIA Cristales GL,MISSING_VALID_PRICE,NEW_PRODUCT_WITHOUT_PRICE,,,,,,,KEEP_MANUAL_REVIEW,HIGH,COTIZACIONES__DOMINION_BUSINESS_18aa.xlsx,False,False,False,NO_PRICE,,,,limpia|cristales|gal,MISSING_VALID_PRICE
AG-1864,Ambientador GLADE 6.2 OZ P/DISP Automatico,MISSING_VALID_PRICE,NEW_PRODUCT_WITHOUT_PRICE,,,,,,,KEEP_MANUAL_REVIEW,HIGH,COTIZACIONES__DOMINION_BUSINESS_18aa.xlsx,False,False,False,NO_PRICE,,,,ambientador|glade|6.2|oz|p/disp|automatico,MISSING_VALID_PRICE
AG-1865,JABON EN BOLA Bolazul GRANDE 4/1,MISSING_VALID_PRICE,NEW_PRODUCT_WITHOUT_PRICE,,,,,,,KEEP_MANUAL_REVIEW,HIGH,COTIZACIONES__DOMINION_BUSINESS_18aa.xlsx,False,False,False,NO_PRICE,,,,jabon|bola|bolazul|grande|4/1|4/1,MISSING_VALID_PRICE
AG-1866,FUNDA NEGRA P/basura 75 GLS 100/1,MISSING_VALID_PRICE,NEW_PRODUCT_WITHOUT_PRICE,,,,,,,KEEP_MANUAL_REVIEW,HIGH,COTIZACIONES__DOMINION_BUSINESS_18aa.xlsx,False,False,False,NO_PRICE,,,,funda|negra|p/basura|75|gls|100/1|100/1,MISSING_VALID_PRICE
AG-1867,FUNDA NEGRA P/basura 55 GLS 100/1,MISSING_VALID_PRICE,NEW_PRODUCT_WITHOUT_PRICE,,,,,,,KEEP_MANUAL_REVIEW,HIGH,COTIZACIONES__DOMINION_BUSINESS_18aa.xlsx,False,False,False,NO_PRICE,,,,funda|negra|p/basura|55|gls|100/1|100/1,MISSING_VALID_PRICE
AG-1868,SUAPE DE FIBRA #20,MISSING_VALID_PRICE,NEW_PRODUCT_WITHOUT_PRICE,,,,,,,KEEP_MANUAL_REVIEW,HIGH,COTIZACIONES__DOMINION_BUSINESS_18aa.xlsx,False,False,False,NO_PRICE,,,,suape|fibra|20,MISSING_VALID_PRICE
AG-1869,Detergente EN POLVO Brillante 1000 Gr,MISSING_VALID_PRICE,NEW_PRODUCT_WITHOUT_PRICE,,,,,,,KEEP_MANUAL_REVIEW,HIGH,COTIZACIONES__DOMINION_BUSINESS_18aa.xlsx,False,False,False,NO_PRICE,,,,detergente|polvo|brillante|1000|gr,MISSING_VALID_PRICE
AG-1870,FRASCO DE 16 OZ Cilindrico,MISSING_VALID_PRICE,NEW_PRODUCT_WITHOUT_PRICE,,,,,,,KEEP_MANUAL_REVIEW,HIGH,COTIZACIONES__DOMINION_BUSINESS_18aa.xlsx,False,False,False,NO_PRICE,,,,frasco|16|oz|cilindrico,MISSING_VALID_PRICE
AG-1871,Cucharon EN ACERO Inoxidable,MISSING_VALID_PRICE,NEW_PRODUCT_WITHOUT_PRICE,,,,,,,KEEP_MANUAL_REVIEW,HIGH,COTIZACIONES__DOMINION_BUSINESS_18aa.xlsx,False,False,False,NO_PRICE,,,,cucharon|acero|inoxidable,MISSING_VALID_PRICE
AG-1872,Hielera Plateada,MISSING_VALID_PRICE,NEW_PRODUCT_WITHOUT_PRICE,,,,,,,KEEP_MANUAL_REVIEW,HIGH,COTIZACIONES__DOMINION_BUSINESS_18aa.xlsx,False,False,False,NO_PRICE,,,,hielera|plateada,MISSING_VALID_PRICE
AG-1873,PAIRE DE Porcelana C/TAPA,MISSING_VALID_PRICE,NEW_PRODUCT_WITHOUT_PRICE,,,,,,,KEEP_MANUAL_REVIEW,HIGH,COTIZACIONES__DOMINION_BUSINESS_18aa.xlsx,False,False,False,NO_PRICE,,,,paire|porcelana|c/tapa,MISSING_VALID_PRICE
AG-1874,PINZAS P/servir,MISSING_VALID_PRICE,NEW_PRODUCT_WITHOUT_PRICE,,,,,,,KEEP_MANUAL_REVIEW,HIGH,COTIZACIONES__DOMINION_BUSINESS_18aa.xlsx,False,False,False,NO_PRICE,,,,pinzas|p/servir,MISSING_VALID_PRICE
AG-1875,Bambalinas C/TOPE ROJA,MISSING_VALID_PRICE,NEW_PRODUCT_WITHOUT_PRICE,,,,,,,KEEP_MANUAL_REVIEW,HIGH,COTIZACIONES__DOMINION_BUSINESS_18aa.xlsx,False,False,False,NO_PRICE,,,,bambalinas|c/tope|roja,MISSING_VALID_PRICE
AG-1876,Bambalinas C/TOPE Blancla,MISSING_VALID_PRICE,NEW_PRODUCT_WITHOUT_PRICE,,,,,,,KEEP_MANUAL_REVIEW,HIGH,COTIZACIONES__DOMINION_BUSINESS_18aa.xlsx,False,False,False,NO_PRICE,,,,bambalinas|c/tope|blancla,MISSING_VALID_PRICE
AG-1877,Bambalinas C/TOPE AZUL,MISSING_VALID_PRICE,NEW_PRODUCT_WITHOUT_PRICE,,,,,,,KEEP_MANUAL_REVIEW,HIGH,COTIZACIONES__DOMINION_BUSINESS_18aa.xlsx,False,False,False,NO_PRICE,,,,bambalinas|c/tope|azul,MISSING_VALID_PRICE
AG-1878,RES Rebanada,MISSING_VALID_PRICE,NEW_PRODUCT_WITHOUT_PRICE,,,,,,,KEEP_MANUAL_REVIEW,HIGH,COTIZACIONES__DOMINION_BUSINESS_18aa.xlsx | COTIZACIONES___2023-2024_PIN_ARIAS_2_fddc.xlsx,False,False,False,NO_PRICE,,,,res|rebanada,MISSING_VALID_PRICE
AG-1879,"SET DE Higiene DENTAL P/viaje (estuche Plastico Printeado Uv-dtf, Cepillo DENTAL",MISSING_VALID_PRICE,NEW_PRODUCT_WITHOUT_PRICE,,,,,,,KEEP_MANUAL_REVIEW,HIGH,COTIZACIONES__DOMINION_BUSINESS_18aa.xlsx,False,False,False,NO_PRICE,,,,set|higiene|dental|p/viaje|estuche|plastico|printeado|uv-dtf,MISSING_VALID_PRICE
AG-1880,RES PARA GUISAR,MISSING_VALID_PRICE,NEW_PRODUCT_WITHOUT_PRICE,,,,,,,KEEP_MANUAL_REVIEW,HIGH,COTIZACIONES__DOMINION_BUSINESS_18aa.xlsx,False,False,False,NO_PRICE,,,,res|para|guisar,MISSING_VALID_PRICE
AG-1881,SALAMI Induveca 3.5LB,MISSING_VALID_PRICE,NEW_PRODUCT_WITHOUT_PRICE,,,,,,,KEEP_MANUAL_REVIEW,HIGH,COTIZACIONES__DOMINION_BUSINESS_18aa.xlsx,False,True,False,NO_PRICE,,,,salami|induveca|3.5|lb|3.5 lb,MISSING_VALID_PRICE
AG-1882,AZUCAR CREMA PAQ 10LB,MISSING_VALID_PRICE,NEW_PRODUCT_WITHOUT_PRICE,,,,,,,KEEP_MANUAL_REVIEW,HIGH,COTIZACIONES__DOMINION_BUSINESS_18aa.xlsx,True,False,False,NO_PRICE,,,,azucar|crema|paq|10|lb|10 lb,MISSING_VALID_PRICE
AG-1883,LECHE BALDOM 377 GR,MISSING_VALID_PRICE,NEW_PRODUCT_WITHOUT_PRICE,,,,,,,KEEP_MANUAL_REVIEW,HIGH,COTIZACIONES__DOMINION_BUSINESS_18aa.xlsx,True,False,False,NO_PRICE,,,,leche|baldom|377|gr,MISSING_VALID_PRICE
AG-1884,LECHE DE COCO LA FAMOSA 444ML,MISSING_VALID_PRICE,NEW_PRODUCT_WITHOUT_PRICE,,,,,,,KEEP_MANUAL_REVIEW,HIGH,COTIZACIONES__DOMINION_BUSINESS_18aa.xlsx,True,False,False,NO_PRICE,,,,leche|coco|famosa|444ml,MISSING_VALID_PRICE
AG-1885,ACEITE CRISOL 30LB,MISSING_VALID_PRICE,NEW_PRODUCT_WITHOUT_PRICE,,,,,,,KEEP_MANUAL_REVIEW,HIGH,COTIZACIONES__DOMINION_BUSINESS_18aa.xlsx,False,False,False,NO_PRICE,,,,aceite|crisol|30|lb|30 lb,MISSING_VALID_PRICE
AG-1886,ACEITE VERDE EXTRA VIRGEN BORGES 2 LT,MISSING_VALID_PRICE,NEW_PRODUCT_WITHOUT_PRICE,,,,,,,KEEP_MANUAL_REVIEW,HIGH,COTIZACIONES__DOMINION_BUSINESS_18aa.xlsx,False,False,False,NO_PRICE,,,,aceite|verde|extra|virgen|borges|2|lt,MISSING_VALID_PRICE
AG-1887,ATUN EN ACEITE CHERRY STAR 5 OZ,MISSING_VALID_PRICE,NEW_PRODUCT_WITHOUT_PRICE,,,,,,,KEEP_MANUAL_REVIEW,HIGH,COTIZACIONES__DOMINION_BUSINESS_18aa.xlsx,False,False,False,NO_PRICE,,,,atun|aceite|cherry|star|5|oz,MISSING_VALID_PRICE
AG-1888,Vinagre BALDON Ranchero AMBAR 110 OZ,MISSING_VALID_PRICE,NEW_PRODUCT_WITHOUT_PRICE,,,,,,,KEEP_MANUAL_REVIEW,HIGH,COTIZACIONES__DOMINION_BUSINESS_18aa.xlsx,False,False,False,NO_PRICE,,,,vinagre|baldon|ranchero|ambar|110|oz,MISSING_VALID_PRICE
AG-1889,JUGO Concentrado Barcelo (sabores Variados) 3.7 LT,MISSING_VALID_PRICE,NEW_PRODUCT_WITHOUT_PRICE,,,,,,,KEEP_MANUAL_REVIEW,HIGH,COTIZACIONES__DOMINION_BUSINESS_18aa.xlsx,False,False,False,NO_PRICE,,,,jugo|concentrado|barcelo|sabores|variados|3.7|lt,MISSING_VALID_PRICE
AG-1890,HARINA DEL Negrito DE 28 OZ,MISSING_VALID_PRICE,NEW_PRODUCT_WITHOUT_PRICE,,,,,,,KEEP_MANUAL_REVIEW,HIGH,COTIZACIONES__DOMINION_BUSINESS_18aa.xlsx,True,False,False,NO_PRICE,,,,harina|negrito|28|oz,MISSING_VALID_PRICE
AG-1891,Maicena DE 425G/15OZ DURYEA,MISSING_VALID_PRICE,NEW_PRODUCT_WITHOUT_PRICE,,,,,,,KEEP_MANUAL_REVIEW,HIGH,COTIZACIONES__DOMINION_BUSINESS_18aa.xlsx,False,False,False,NO_PRICE,,,,maicena|425g/15oz|duryea,MISSING_VALID_PRICE
AG-1892,SALSA CHINA Ranchero P/chofan 3.04L/103OZ,MISSING_VALID_PRICE,NEW_PRODUCT_WITHOUT_PRICE,,,,,,,KEEP_MANUAL_REVIEW,HIGH,COTIZACIONES__DOMINION_BUSINESS_18aa.xlsx,False,False,False,NO_PRICE,,,,salsa|china|ranchero|p/chofan|3.04l/103oz|3.04 l,MISSING_VALID_PRICE
AG-1893,Guandule VERDE 7 LB,MISSING_VALID_PRICE,NEW_PRODUCT_WITHOUT_PRICE,,,,,,,KEEP_MANUAL_REVIEW,HIGH,COTIZACIONES__DOMINION_BUSINESS_18aa.xlsx,False,False,False,NO_PRICE,,,,guandule|verde|7|lb|7 lb,MISSING_VALID_PRICE
AG-1894,Vainilla BLANCA Delifrut 1GL,MISSING_VALID_PRICE,NEW_PRODUCT_WITHOUT_PRICE,,,,,,,KEEP_MANUAL_REVIEW,HIGH,COTIZACIONES__DOMINION_BUSINESS_18aa.xlsx,False,False,False,NO_PRICE,,,,vainilla|blanca|delifrut|1|gal|1 gl,MISSING_VALID_PRICE
AG-1895,CREMA DE LECHE RICA 330 ML,MISSING_VALID_PRICE,NEW_PRODUCT_WITHOUT_PRICE,,,,,,,KEEP_MANUAL_REVIEW,HIGH,COTIZACIONES__DOMINION_BUSINESS_18aa.xlsx,True,False,False,NO_PRICE,,,,crema|leche|rica|330|ml,MISSING_VALID_PRICE
AG-1896,Vegetales Enlatados MIXTOS 15 OZ,MISSING_VALID_PRICE,NEW_PRODUCT_WITHOUT_PRICE,,,,,,,KEEP_MANUAL_REVIEW,HIGH,COTIZACIONES__DOMINION_BUSINESS_18aa.xlsx,False,False,False,NO_PRICE,,,,vegetales|enlatados|mixtos|15|oz,MISSING_VALID_PRICE
AG-1897,PIERNA DE CERDO 35 LB C/U,MISSING_VALID_PRICE,NEW_PRODUCT_WITHOUT_PRICE,,,,,,,KEEP_MANUAL_REVIEW,HIGH,COTIZACIONES__DOMINION_BUSINESS_18aa.xlsx,False,False,False,NO_PRICE,,,,pierna|cerdo|35|lb|c/u|35 lb,MISSING_VALID_PRICE
AG-1898,LIBRA DE Costillas Ahumada,MISSING_VALID_PRICE,NEW_PRODUCT_WITHOUT_PRICE,,,,,,,KEEP_MANUAL_REVIEW,HIGH,COTIZACIONES__DOMINION_BUSINESS_18aa.xlsx | COTIZACION_-2026_MAYO_4932.xlsx,False,False,False,NO_PRICE,,,,libra|costillas|ahumada,MISSING_VALID_PRICE
AG-1899,LIBRA DE Mondongo,MISSING_VALID_PRICE,NEW_PRODUCT_WITHOUT_PRICE,,,,,,,KEEP_MANUAL_REVIEW,HIGH,COTIZACIONES__DOMINION_BUSINESS_18aa.xlsx | COTIZACION_-2026_MAYO_4932.xlsx,False,False,False,NO_PRICE,,,,libra|mondongo,MISSING_VALID_PRICE
AG-1900,LIBRA DE Chuleta Ahumada,MISSING_VALID_PRICE,NEW_PRODUCT_WITHOUT_PRICE,,,,,,,KEEP_MANUAL_REVIEW,HIGH,COTIZACIONES__DOMINION_BUSINESS_18aa.xlsx | COTIZACIONES___2023-2024_PIN_ARIAS_2_fddc.xlsx | COTIZACION_-2026_MAYO_4932.xlsx,False,True,False,NO_PRICE,,,,libra|chuleta|ahumada,MISSING_VALID_PRICE
AG-1901,Bacalado CON ESPINA Noruego,MISSING_VALID_PRICE,NEW_PRODUCT_WITHOUT_PRICE,,,,,,,KEEP_MANUAL_REVIEW,HIGH,COTIZACIONES__DOMINION_BUSINESS_18aa.xlsx,False,False,False,NO_PRICE,,,,bacalado|espina|noruego,MISSING_VALID_PRICE
AG-1902,CERDO SIN PIEL,MISSING_VALID_PRICE,NEW_PRODUCT_WITHOUT_PRICE,,,,,,,KEEP_MANUAL_REVIEW,HIGH,COTIZACIONES__DOMINION_BUSINESS_18aa.xlsx,False,False,False,NO_PRICE,,,,cerdo|sin|piel,MISSING_VALID_PRICE
AG-1903,Pechuga,MISSING_VALID_PRICE,NEW_PRODUCT_WITHOUT_PRICE,,,,,,,KEEP_MANUAL_REVIEW,HIGH,COTIZACIONES__DOMINION_BUSINESS_18aa.xlsx,False,True,False,NO_PRICE,,,,pechuga,MISSING_VALID_PRICE
AG-1904,POLLO (13 UND),MISSING_VALID_PRICE,NEW_PRODUCT_WITHOUT_PRICE,,,,,,,KEEP_MANUAL_REVIEW,HIGH,COTIZACIONES__DOMINION_BUSINESS_18aa.xlsx,False,True,False,NO_PRICE,,,,pollo|13|und,MISSING_VALID_PRICE
AG-1905,JARRA DE VIDRIO 21.5,MISSING_VALID_PRICE,NEW_PRODUCT_WITHOUT_PRICE,,,,,,,KEEP_MANUAL_REVIEW,HIGH,COTIZACIONES__DOMINION_BUSINESS_18aa.xlsx,False,False,False,NO_PRICE,,,,jarra|vidrio|21.5,MISSING_VALID_PRICE
AG-1906,COPA DE Cristal 14 OZ,MISSING_VALID_PRICE,NEW_PRODUCT_WITHOUT_PRICE,,,,,,,KEEP_MANUAL_REVIEW,HIGH,COTIZACIONES__DOMINION_BUSINESS_18aa.xlsx,False,False,False,NO_PRICE,,,,copa|cristal|14|oz,MISSING_VALID_PRICE
AG-1907,Tenedores DE MESA,MISSING_VALID_PRICE,NEW_PRODUCT_WITHOUT_PRICE,,,,,,,KEEP_MANUAL_REVIEW,HIGH,COTIZACIONES__DOMINION_BUSINESS_18aa.xlsx,False,False,False,NO_PRICE,,,,tenedores|mesa,MISSING_VALID_PRICE
AG-1908,PLATO DE Porcelana 30 5x2,MISSING_VALID_PRICE,NEW_PRODUCT_WITHOUT_PRICE,,,,,,,KEEP_MANUAL_REVIEW,HIGH,COTIZACIONES__DOMINION_BUSINESS_18aa.xlsx,False,False,False,NO_PRICE,,,,plato|porcelana|30|5x2,MISSING_VALID_PRICE
AG-1909,COPA DE VIDRIO 9x16 Enologia,MISSING_VALID_PRICE,NEW_PRODUCT_WITHOUT_PRICE,,,,,,,KEEP_MANUAL_REVIEW,HIGH,COTIZACIONES__DOMINION_BUSINESS_18aa.xlsx,False,False,False,NO_PRICE,,,,copa|vidrio|9x16|enologia,MISSING_VALID_PRICE
AG-1910,PLANTA Artificial 160 Cm,MISSING_VALID_PRICE,NEW_PRODUCT_WITHOUT_PRICE,,,,,,,KEEP_MANUAL_REVIEW,HIGH,COTIZACIONES__DOMINION_BUSINESS_18aa.xlsx,False,False,False,NO_PRICE,,,,planta|artificial|160|cm,MISSING_VALID_PRICE
AG-1911,Frutero DE TRES Niveles,MISSING_VALID_PRICE,NEW_PRODUCT_WITHOUT_PRICE,,,,,,,KEEP_MANUAL_REVIEW,HIGH,COTIZACIONES__DOMINION_BUSINESS_18aa.xlsx,False,False,False,NO_PRICE,,,,frutero|tres|niveles,MISSING_VALID_PRICE
AG-1912,Azucarera 8x11 Cm HAUS,MISSING_VALID_PRICE,NEW_PRODUCT_WITHOUT_PRICE,,,,,,,KEEP_MANUAL_REVIEW,HIGH,COTIZACIONES__DOMINION_BUSINESS_18aa.xlsx,True,False,False,NO_PRICE,,,,azucarera|8x11|cm|haus,MISSING_VALID_PRICE
AG-1913,TAZAS DE CAFÉ 10x7 . 5x6.5 BOSTON,MISSING_VALID_PRICE,NEW_PRODUCT_WITHOUT_PRICE,,,,,,,KEEP_MANUAL_REVIEW,HIGH,COTIZACIONES__DOMINION_BUSINESS_18aa.xlsx,False,False,False,NO_PRICE,,,,tazas|cafe|10x7|.|5x6.5|boston,MISSING_VALID_PRICE
AG-1914,TAZAS DE CAFÉ 7 Oz CON SUS PLATOS 12/unidades Apilable,MISSING_VALID_PRICE,NEW_PRODUCT_WITHOUT_PRICE,,,,,,,KEEP_MANUAL_REVIEW,HIGH,COTIZACIONES__DOMINION_BUSINESS_18aa.xlsx,False,False,False,NO_PRICE,,,,tazas|cafe|7|oz|sus|platos|12/unidades|apilable,MISSING_VALID_PRICE
AG-1915,FLOR Artifficial,MISSING_VALID_PRICE,NEW_PRODUCT_WITHOUT_PRICE,,,,,,,KEEP_MANUAL_REVIEW,HIGH,COTIZACIONES__DOMINION_BUSINESS_18aa.xlsx,False,False,False,NO_PRICE,,,,flor|artifficial,MISSING_VALID_PRICE
AG-1916,Bandeja PARA SERVIR 39 8x29 7x24,MISSING_VALID_PRICE,NEW_PRODUCT_WITHOUT_PRICE,,,,,,,KEEP_MANUAL_REVIEW,HIGH,COTIZACIONES__DOMINION_BUSINESS_18aa.xlsx,False,False,False,NO_PRICE,,,,bandeja|para|servir|39|8x29|7x24,MISSING_VALID_PRICE
AG-1917,COPA DE Cristal P/cev 20 Oz,MISSING_VALID_PRICE,NEW_PRODUCT_WITHOUT_PRICE,,,,,,,KEEP_MANUAL_REVIEW,HIGH,COTIZACIONES__DOMINION_BUSINESS_18aa.xlsx,False,False,False,NO_PRICE,,,,copa|cristal|p/cev|20|oz,MISSING_VALID_PRICE
AG-1918,COPA DE Cristal P/he 70z,MISSING_VALID_PRICE,NEW_PRODUCT_WITHOUT_PRICE,,,,,,,KEEP_MANUAL_REVIEW,HIGH,COTIZACIONES__DOMINION_BUSINESS_18aa.xlsx,False,False,False,NO_PRICE,,,,copa|cristal|p/he|70z,MISSING_VALID_PRICE
AG-1948,Pintura DE Trafico Amarilla,MISSING_VALID_PRICE,NEW_PRODUCT_WITHOUT_PRICE,,,,,,,KEEP_MANUAL_REVIEW,HIGH,COTIZACIONES__REMPART_GROUP_2_3578.xlsx,False,False,False,NO_PRICE,,,,pintura|trafico|amarilla,MISSING_VALID_PRICE
AG-1976,Valvula De Servicio De Servicio Avx-1/4,MISSING_VALID_PRICE,NEW_PRODUCT_WITHOUT_PRICE,,,,,,,KEEP_MANUAL_REVIEW,HIGH,COTIZACIONES__REMPART_GROUP_2_3578.xlsx,False,False,False,NO_PRICE,,,,valvula|servicio|servicio|avx-1/4|1/4,MISSING_VALID_PRICE
AG-2024,SW 6767 BASE Excello Premiun DEEP FLAT 1/4,MISSING_VALID_PRICE,NEW_PRODUCT_WITHOUT_PRICE,,,,,,,KEEP_MANUAL_REVIEW,HIGH,COTIZACIONES__REMPART_GROUP_2_3578.xlsx,False,False,False,NO_PRICE,,,,sw|6767|base|excello|premiun|deep|flat|1/4|1/4,MISSING_VALID_PRICE
AG-2025,SW 6790 BASE Excello Premiun Ultradeep 1/4,MISSING_VALID_PRICE,NEW_PRODUCT_WITHOUT_PRICE,,,,,,,KEEP_MANUAL_REVIEW,HIGH,COTIZACIONES__REMPART_GROUP_2_3578.xlsx,False,False,False,NO_PRICE,,,,sw|6790|base|excello|premiun|ultradeep|1/4|1/4,MISSING_VALID_PRICE
AG-2026,SW 6911 BASE Excello Premiun VIVID YELLOW 1/4,MISSING_VALID_PRICE,NEW_PRODUCT_WITHOUT_PRICE,,,,,,,KEEP_MANUAL_REVIEW,HIGH,COTIZACIONES__REMPART_GROUP_2_3578.xlsx,False,False,False,NO_PRICE,,,,sw|6911|base|excello|premiun|vivid|yellow|1/4|1/4,MISSING_VALID_PRICE
AG-2027,SW 6909 BASE Excello Premiun DEEP FLAT 1/4,MISSING_VALID_PRICE,NEW_PRODUCT_WITHOUT_PRICE,,,,,,,KEEP_MANUAL_REVIEW,HIGH,COTIZACIONES__REMPART_GROUP_2_3578.xlsx,False,False,False,NO_PRICE,,,,sw|6909|base|excello|premiun|deep|flat|1/4|1/4,MISSING_VALID_PRICE
AG-2028,SW 6685 BASE Excello Premiun VIVID YELLOW 1/4,MISSING_VALID_PRICE,NEW_PRODUCT_WITHOUT_PRICE,,,,,,,KEEP_MANUAL_REVIEW,HIGH,COTIZACIONES__REMPART_GROUP_2_3578.xlsx,False,False,False,NO_PRICE,,,,sw|6685|base|excello|premiun|vivid|yellow|1/4|1/4,MISSING_VALID_PRICE
AG-2029,SW 6841 PINT PREP Excello Premium Ultradeep Ll 1/4,MISSING_VALID_PRICE,NEW_PRODUCT_WITHOUT_PRICE,,,,,,,KEEP_MANUAL_REVIEW,HIGH,COTIZACIONES__REMPART_GROUP_2_3578.xlsx,False,False,False,NO_PRICE,,,,sw|6841|pint|prep|excello|premium|ultradeep|ll|1/4,MISSING_VALID_PRICE
AG-2030,SW 6868 PINT PREP Excello Premium Ultradeep Ll 1/4,MISSING_VALID_PRICE,NEW_PRODUCT_WITHOUT_PRICE,,,,,,,KEEP_MANUAL_REVIEW,HIGH,COTIZACIONES__REMPART_GROUP_2_3578.xlsx,False,False,False,NO_PRICE,,,,sw|6868|pint|prep|excello|premium|ultradeep|ll|1/4,MISSING_VALID_PRICE
AG-2031,SW 6734 BASE Excello Premiun VIVID YELLOW 1/4,MISSING_VALID_PRICE,NEW_PRODUCT_WITHOUT_PRICE,,,,,,,KEEP_MANUAL_REVIEW,HIGH,COTIZACIONES__REMPART_GROUP_2_3578.xlsx,False,False,False,NO_PRICE,,,,sw|6734|base|excello|premiun|vivid|yellow|1/4|1/4,MISSING_VALID_PRICE
AG-2032,SW 6921 BASE Excello Premiun VIVID YELLOW 1/4,MISSING_VALID_PRICE,NEW_PRODUCT_WITHOUT_PRICE,,,,,,,KEEP_MANUAL_REVIEW,HIGH,COTIZACIONES__REMPART_GROUP_2_3578.xlsx,False,False,False,NO_PRICE,,,,sw|6921|base|excello|premiun|vivid|yellow|1/4|1/4,MISSING_VALID_PRICE
AG-2033,SW 9099 BASE Excello Premiun Ultradeep 1,MISSING_VALID_PRICE,NEW_PRODUCT_WITHOUT_PRICE,,,,,,,KEEP_MANUAL_REVIEW,HIGH,COTIZACIONES__REMPART_GROUP_2_3578.xlsx,False,False,False,NO_PRICE,,,,sw|9099|base|excello|premiun|ultradeep|1,MISSING_VALID_PRICE
AG-2034,SW 6197 BASE Excello Premiun EX WHITE FL 1/4,MISSING_VALID_PRICE,NEW_PRODUCT_WITHOUT_PRICE,,,,,,,KEEP_MANUAL_REVIEW,HIGH,COTIZACIONES__REMPART_GROUP_2_3578.xlsx,False,False,False,NO_PRICE,,,,sw|6197|base|excello|premiun|ex|white|fl|1/4,MISSING_VALID_PRICE
AG-2086,SUPER Gramasan 5 LT (herbicida),MISSING_VALID_PRICE,NEW_PRODUCT_WITHOUT_PRICE,,,,,,,KEEP_MANUAL_REVIEW,HIGH,COTIZACIONES__REMPART_GROUP_2_3578.xlsx,False,False,False,NO_PRICE,,,,super|gramasan|5|lt|herbicida,MISSING_VALID_PRICE
AG-2171,CARNE DE RES MOLIDA,MISSING_VALID_PRICE,NEW_PRODUCT_WITHOUT_PRICE,,,,,,,KEEP_MANUAL_REVIEW,HIGH,COTIZACIONES___2023-2024_PIN_ARIAS_2_fddc.xlsx,False,True,False,NO_PRICE,,,,carne|res|molida,MISSING_VALID_PRICE
AG-2172,Pechuga DE POLLO 50/1 LBS,MISSING_VALID_PRICE,NEW_PRODUCT_WITHOUT_PRICE,,,,,,,KEEP_MANUAL_REVIEW,HIGH,COTIZACIONES___2023-2024_PIN_ARIAS_2_fddc.xlsx,False,True,False,NO_PRICE,,,,pechuga|pollo|50/1|lb|50/1|1 lbs,MISSING_VALID_PRICE
AG-2173,CARNE DE RES #7,MISSING_VALID_PRICE,NEW_PRODUCT_WITHOUT_PRICE,,,,,,,KEEP_MANUAL_REVIEW,HIGH,COTIZACIONES___2023-2024_PIN_ARIAS_2_fddc.xlsx,False,True,False,NO_PRICE,,,,carne|res|7,MISSING_VALID_PRICE
AG-2174,HUEVO 30/1,MISSING_VALID_PRICE,NEW_PRODUCT_WITHOUT_PRICE,,,,,,,KEEP_MANUAL_REVIEW,HIGH,COTIZACIONES___2023-2024_PIN_ARIAS_2_fddc.xlsx,True,False,False,NO_PRICE,,,,huevo|30/1|30/1,MISSING_VALID_PRICE
AG-2175,PECHO,MISSING_VALID_PRICE,NEW_PRODUCT_WITHOUT_PRICE,,,,,,,KEEP_MANUAL_REVIEW,HIGH,COTIZACIONES___2023-2024_PIN_ARIAS_2_fddc.xlsx,False,False,False,NO_PRICE,,,,pecho,MISSING_VALID_PRICE
AG-2176,JAMON 5/1 LBS,MISSING_VALID_PRICE,NEW_PRODUCT_WITHOUT_PRICE,,,,,,,KEEP_MANUAL_REVIEW,HIGH,COTIZACIONES___2023-2024_PIN_ARIAS_2_fddc.xlsx,False,True,False,NO_PRICE,,,,jamon|5/1|lb|5/1|1 lbs,MISSING_VALID_PRICE
AG-2177,QUESO Amarillo 5/1 LBS,MISSING_VALID_PRICE,NEW_PRODUCT_WITHOUT_PRICE,,,,,,,KEEP_MANUAL_REVIEW,HIGH,COTIZACIONES___2023-2024_PIN_ARIAS_2_fddc.xlsx,True,False,False,NO_PRICE,,,,queso|amarillo|5/1|lb|5/1|1 lbs,MISSING_VALID_PRICE
AG-2178,QUESO BLANCO 5/1 LBS,MISSING_VALID_PRICE,NEW_PRODUCT_WITHOUT_PRICE,,,,,,,KEEP_MANUAL_REVIEW,HIGH,COTIZACIONES___2023-2024_PIN_ARIAS_2_fddc.xlsx,True,False,False,NO_PRICE,,,,queso|blanco|5/1|lb|5/1|1 lbs,MISSING_VALID_PRICE
AG-2179,SALAMI 3.2/1 LBS,MISSING_VALID_PRICE,NEW_PRODUCT_WITHOUT_PRICE,,,,,,,KEEP_MANUAL_REVIEW,HIGH,COTIZACIONES___2023-2024_PIN_ARIAS_2_fddc.xlsx,False,True,False,NO_PRICE,,,,salami|3.2/1|lb|2/1|1 lbs,MISSING_VALID_PRICE
AG-2180,JAMON 5/1,MISSING_VALID_PRICE,NEW_PRODUCT_WITHOUT_PRICE,,,,,,,KEEP_MANUAL_REVIEW,HIGH,COTIZACIONES___2023-2024_PIN_ARIAS_2_fddc.xlsx,False,True,False,NO_PRICE,,,,jamon|5/1|5/1,MISSING_VALID_PRICE
AG-2181,QUESO BLANCO 5/1,MISSING_VALID_PRICE,NEW_PRODUCT_WITHOUT_PRICE,,,,,,,KEEP_MANUAL_REVIEW,HIGH,COTIZACIONES___2023-2024_PIN_ARIAS_2_fddc.xlsx,True,False,False,NO_PRICE,,,,queso|blanco|5/1|5/1,MISSING_VALID_PRICE
AG-2182,SALAMI,MISSING_VALID_PRICE,NEW_PRODUCT_WITHOUT_PRICE,,,,,,,KEEP_MANUAL_REVIEW,HIGH,COTIZACIONES___2023-2024_PIN_ARIAS_2_fddc.xlsx,False,True,False,NO_PRICE,,,,salami,MISSING_VALID_PRICE
AG-2183,Salchichas,MISSING_VALID_PRICE,NEW_PRODUCT_WITHOUT_PRICE,,,,,,,KEEP_MANUAL_REVIEW,HIGH,COTIZACIONES___2023-2024_PIN_ARIAS_2_fddc.xlsx,False,False,False,NO_PRICE,,,,salchichas,MISSING_VALID_PRICE
AG-2184,PAPEL DE BAÑO JUMBO 12/1 700 PIES,MISSING_VALID_PRICE,NEW_PRODUCT_WITHOUT_PRICE,,,,,,,KEEP_MANUAL_REVIEW,HIGH,COTIZACIONES___2023-2024_PIN_ARIAS_2_fddc.xlsx,False,False,False,NO_PRICE,,,,papel|bano|jumbo|12/1|700|pies|12/1|700 pies,MISSING_VALID_PRICE
AG-2185,PAPEL TUALLA SCOTT Slimroll 6*588,MISSING_VALID_PRICE,NEW_PRODUCT_WITHOUT_PRICE,,,,,,,KEEP_MANUAL_REVIEW,HIGH,COTIZACIONES___2023-2024_PIN_ARIAS_2_fddc.xlsx,False,False,False,NO_PRICE,,,,papel|tualla|scott|slimroll|6|588,MISSING_VALID_PRICE
AG-2186,Lechosa,MISSING_VALID_PRICE,NEW_PRODUCT_WITHOUT_PRICE,,,,,,,KEEP_MANUAL_REVIEW,HIGH,COTIZACIONES___2023-2024_PIN_ARIAS_2_fddc.xlsx,False,False,False,NO_PRICE,,,,lechosa,MISSING_VALID_PRICE
AG-2187,Yogourt YOKA SIN AZUCAR,MISSING_VALID_PRICE,NEW_PRODUCT_WITHOUT_PRICE,,,,,,,KEEP_MANUAL_REVIEW,HIGH,COTIZACIONES___2023-2024_PIN_ARIAS_2_fddc.xlsx,True,False,False,NO_PRICE,,,,yogourt|yoka|sin|azucar,MISSING_VALID_PRICE
AG-2188,AJO,MISSING_VALID_PRICE,NEW_PRODUCT_WITHOUT_PRICE,,,,,,,KEEP_MANUAL_REVIEW,HIGH,COTIZACIONES___2023-2024_PIN_ARIAS_2_fddc.xlsx,False,False,False,NO_PRICE,,,,ajo,MISSING_VALID_PRICE
AG-2189,AJI Monrron,MISSING_VALID_PRICE,NEW_PRODUCT_WITHOUT_PRICE,,,,,,,KEEP_MANUAL_REVIEW,HIGH,COTIZACIONES___2023-2024_PIN_ARIAS_2_fddc.xlsx,False,False,False,NO_PRICE,,,,aji|monrron,MISSING_VALID_PRICE
AG-2190,Gengibre,MISSING_VALID_PRICE,NEW_PRODUCT_WITHOUT_PRICE,,,,,,,KEEP_MANUAL_REVIEW,HIGH,COTIZACIONES___2023-2024_PIN_ARIAS_2_fddc.xlsx,False,False,False,NO_PRICE,,,,gengibre,MISSING_VALID_PRICE
AG-2191,GUINEO MADURO,MISSING_VALID_PRICE,NEW_PRODUCT_WITHOUT_PRICE,,,,,,,KEEP_MANUAL_REVIEW,HIGH,COTIZACIONES___2023-2024_PIN_ARIAS_2_fddc.xlsx,False,False,False,NO_PRICE,,,,guineo|maduro,MISSING_VALID_PRICE
AG-2192,Costilla CON FALDA,MISSING_VALID_PRICE,NEW_PRODUCT_WITHOUT_PRICE,,,,,,,KEEP_MANUAL_REVIEW,HIGH,COTIZACIONES___2023-2024_PIN_ARIAS_2_fddc.xlsx,False,True,False,NO_PRICE,,,,costilla|falda,MISSING_VALID_PRICE
AG-2193,PUERRO,MISSING_VALID_PRICE,NEW_PRODUCT_WITHOUT_PRICE,,,,,,,KEEP_MANUAL_REVIEW,HIGH,COTIZACIONES___2023-2024_PIN_ARIAS_2_fddc.xlsx,False,False,False,NO_PRICE,,,,puerro,MISSING_VALID_PRICE
AG-2194,Anulada,MISSING_VALID_PRICE,NEW_PRODUCT_WITHOUT_PRICE,,,,,,,KEEP_MANUAL_REVIEW,HIGH,COTIZACIONES___2023-2024_PIN_ARIAS_2_fddc.xlsx,False,False,False,NO_PRICE,,,,anulada,MISSING_VALID_PRICE
AG-2195,LIBRA DE CERDO,MISSING_VALID_PRICE,NEW_PRODUCT_WITHOUT_PRICE,,,,,,,KEEP_MANUAL_REVIEW,HIGH,COTIZACIONES___2023-2024_PIN_ARIAS_2_fddc.xlsx,False,False,False,NO_PRICE,,,,libra|cerdo,MISSING_VALID_PRICE
AG-2196,LIBRA DE RES,MISSING_VALID_PRICE,NEW_PRODUCT_WITHOUT_PRICE,,,,,,,KEEP_MANUAL_REVIEW,HIGH,COTIZACIONES___2023-2024_PIN_ARIAS_2_fddc.xlsx,False,False,False,NO_PRICE,,,,libra|res,MISSING_VALID_PRICE
AG-2197,LIBRA DE CARNE MOLIDA,MISSING_VALID_PRICE,NEW_PRODUCT_WITHOUT_PRICE,,,,,,,KEEP_MANUAL_REVIEW,HIGH,COTIZACIONES___2023-2024_PIN_ARIAS_2_fddc.xlsx,False,False,False,NO_PRICE,,,,libra|carne|molida,MISSING_VALID_PRICE
AG-2198,LIBRA DE CARNE DE RES MOLIDA,MISSING_VALID_PRICE,NEW_PRODUCT_WITHOUT_PRICE,,,,,,,KEEP_MANUAL_REVIEW,HIGH,COTIZACIONES___2023-2024_PIN_ARIAS_2_fddc.xlsx,False,True,False,NO_PRICE,,,,libra|carne|res|molida,MISSING_VALID_PRICE
AG-2199,LIBRA DE Costilla Ahumada,MISSING_VALID_PRICE,NEW_PRODUCT_WITHOUT_PRICE,,,,,,,KEEP_MANUAL_REVIEW,HIGH,COTIZACIONES___2023-2024_PIN_ARIAS_2_fddc.xlsx,False,True,False,NO_PRICE,,,,libra|costilla|ahumada,MISSING_VALID_PRICE
AG-2200,LIBRA DE Costilla,MISSING_VALID_PRICE,NEW_PRODUCT_WITHOUT_PRICE,,,,,,,KEEP_MANUAL_REVIEW,HIGH,COTIZACIONES___2023-2024_PIN_ARIAS_2_fddc.xlsx,False,True,False,NO_PRICE,,,,libra|costilla,MISSING_VALID_PRICE
AG-2201,Longaniza FRESCA,MISSING_VALID_PRICE,NEW_PRODUCT_WITHOUT_PRICE,,,,,,,KEEP_MANUAL_REVIEW,HIGH,COTIZACIONES___2023-2024_PIN_ARIAS_2_fddc.xlsx,False,False,False,NO_PRICE,,,,longaniza|fresca,MISSING_VALID_PRICE
AG-2202,CUBETA CON TAPA Transparente,MISSING_VALID_PRICE,NEW_PRODUCT_WITHOUT_PRICE,,,,,,,KEEP_MANUAL_REVIEW,HIGH,COTIZACIONES___2023-2024_PIN_ARIAS_2_fddc.xlsx,False,False,False,NO_PRICE,,,,cubeta|tapa|transparente,MISSING_VALID_PRICE
AG-2203,Colador Espumadera,MISSING_VALID_PRICE,NEW_PRODUCT_WITHOUT_PRICE,,,,,,,KEEP_MANUAL_REVIEW,HIGH,COTIZACIONES___2023-2024_PIN_ARIAS_2_fddc.xlsx,False,False,False,NO_PRICE,,,,colador|espumadera,MISSING_VALID_PRICE
AG-2204,VASO 10 OZ BLANCO 20/50,MISSING_VALID_PRICE,NEW_PRODUCT_WITHOUT_PRICE,,,,,,,KEEP_MANUAL_REVIEW,HIGH,COTIZACIONES___2023-2024_PIN_ARIAS_2_fddc.xlsx,False,False,False,NO_PRICE,,,,vaso|10|oz|blanco|20/50|20/50,MISSING_VALID_PRICE
AG-2205,VASO 4 OZ PAPER PLUS BLANCO 20/50,MISSING_VALID_PRICE,NEW_PRODUCT_WITHOUT_PRICE,,,,,,,KEEP_MANUAL_REVIEW,HIGH,COTIZACIONES___2023-2024_PIN_ARIAS_2_fddc.xlsx,False,False,False,NO_PRICE,,,,vaso|4|oz|paper|plus|blanco|20/50|20/50,MISSING_VALID_PRICE
AG-2206,"Sabanas Blancas TAMAÑO TWIN 170 CM X 270 CM (66''X 106''), Poliester Y Algodón Peinado,",MISSING_VALID_PRICE,NEW_PRODUCT_WITHOUT_PRICE,,,,,,,KEEP_MANUAL_REVIEW,HIGH,COTIZACIONES___2023-2024_PIN_ARIAS_2_fddc.xlsx,False,False,False,NO_PRICE,,,,sabanas|blancas|tamano|twin|170|cm|x|270,MISSING_VALID_PRICE
AG-2207,"Canastilla BASICA PARA BEBE. Incluye: BAÑITO Pequeño, Manta,enterizo, Franela, Medias,",MISSING_VALID_PRICE,NEW_PRODUCT_WITHOUT_PRICE,,,,,,,KEEP_MANUAL_REVIEW,HIGH,COTIZACIONES___2023-2024_PIN_ARIAS_2_fddc.xlsx,False,False,False,NO_PRICE,,,,canastilla|basica|para|bebe.|incluye|banito|pequeno|manta,MISSING_VALID_PRICE
AG-2208,Bandeja DE MORO DE Habichuelas NEGRAS,MISSING_VALID_PRICE,NEW_PRODUCT_WITHOUT_PRICE,,,,,,,KEEP_MANUAL_REVIEW,HIGH,COTIZACIONES___2023-2024_PIN_ARIAS_2_fddc.xlsx,True,False,False,NO_PRICE,,,,bandeja|moro|habichuelas|negras,MISSING_VALID_PRICE
AG-2209,Bandeja DE Ensalada Hervida,MISSING_VALID_PRICE,NEW_PRODUCT_WITHOUT_PRICE,,,,,,,KEEP_MANUAL_REVIEW,HIGH,COTIZACIONES___2023-2024_PIN_ARIAS_2_fddc.xlsx,False,False,False,NO_PRICE,,,,bandeja|ensalada|hervida,MISSING_VALID_PRICE
AG-2210,Bandeja DE POLLOS Horneados,MISSING_VALID_PRICE,NEW_PRODUCT_WITHOUT_PRICE,,,,,,,KEEP_MANUAL_REVIEW,HIGH,COTIZACIONES___2023-2024_PIN_ARIAS_2_fddc.xlsx,False,True,False,NO_PRICE,,,,bandeja|pollos|horneados,MISSING_VALID_PRICE
AG-2211,Bandeja DE Pastelon DE Platano MADURO,MISSING_VALID_PRICE,NEW_PRODUCT_WITHOUT_PRICE,,,,,,,KEEP_MANUAL_REVIEW,HIGH,COTIZACIONES___2023-2024_PIN_ARIAS_2_fddc.xlsx,True,False,False,NO_PRICE,,,,bandeja|pastelon|platano|maduro,MISSING_VALID_PRICE
AG-2212,ACEITE DE SOYA LINDA 16 OZ 24/1,MISSING_VALID_PRICE,NEW_PRODUCT_WITHOUT_PRICE,,,,,,,KEEP_MANUAL_REVIEW,HIGH,COTIZACIONES___2023-2024_PIN_ARIAS_2_fddc.xlsx,False,False,False,NO_PRICE,,,,aceite|soya|linda|16|oz|24/1|24/1,MISSING_VALID_PRICE
AG-2214,AVENA EN Hojuelas Instantanea Americana 300 G 40/1,MISSING_VALID_PRICE,NEW_PRODUCT_WITHOUT_PRICE,,,,,,,KEEP_MANUAL_REVIEW,HIGH,COTIZACIONES___2023-2024_PIN_ARIAS_2_fddc.xlsx,False,False,False,NO_PRICE,,,,avena|hojuelas|instantanea|americana|300|g|40/1|40/1,MISSING_VALID_PRICE
AG-2215,SAZON EN POLVO 8OZ (24 UND),MISSING_VALID_PRICE,NEW_PRODUCT_WITHOUT_PRICE,,,,,,,KEEP_MANUAL_REVIEW,HIGH,COTIZACIONES___2023-2024_PIN_ARIAS_2_fddc.xlsx,False,False,False,NO_PRICE,,,,sazon|polvo|8oz|24|und,MISSING_VALID_PRICE
AG-2216,Espaguetis MILANO 400G MILANO 24/1,MISSING_VALID_PRICE,NEW_PRODUCT_WITHOUT_PRICE,,,,,,,KEEP_MANUAL_REVIEW,HIGH,COTIZACIONES___2023-2024_PIN_ARIAS_2_fddc.xlsx,False,False,False,NO_PRICE,,,,espaguetis|milano|400g|milano|24/1|24/1,MISSING_VALID_PRICE
AG-2219,Guandules (LATA 15OZ) 24 UND LINDA,MISSING_VALID_PRICE,NEW_PRODUCT_WITHOUT_PRICE,,,,,,,KEEP_MANUAL_REVIEW,HIGH,COTIZACIONES___2023-2024_PIN_ARIAS_2_fddc.xlsx,False,False,False,NO_PRICE,,,,guandules|lata|15oz|24|und|linda,MISSING_VALID_PRICE
AG-2223,SAL MARINA MOLIDA Refinada LIDER FDA 1LB 25/1,MISSING_VALID_PRICE,NEW_PRODUCT_WITHOUT_PRICE,,,,,,,KEEP_MANUAL_REVIEW,HIGH,COTIZACIONES___2023-2024_PIN_ARIAS_2_fddc.xlsx,False,False,False,NO_PRICE,,,,sal|marina|molida|refinada|lider|fda|1|lb|25/1|1 lb,MISSING_VALID_PRICE
AG-2232,POLLO ENTERO GRANDE Y FRESCO,MISSING_VALID_PRICE,NEW_PRODUCT_WITHOUT_PRICE,,,,,,,KEEP_MANUAL_REVIEW,HIGH,COTIZACIONES___2023-2024_PIN_ARIAS_2_fddc.xlsx,False,True,False,NO_PRICE,,,,pollo|entero|grande|fresco,MISSING_VALID_PRICE
AG-2233,Mondogo DE RES,MISSING_VALID_PRICE,NEW_PRODUCT_WITHOUT_PRICE,,,,,,,KEEP_MANUAL_REVIEW,HIGH,COTIZACIONES___2023-2024_PIN_ARIAS_2_fddc.xlsx,False,False,False,NO_PRICE,,,,mondogo|res,MISSING_VALID_PRICE
AG-2235,Mondogo,MISSING_VALID_PRICE,NEW_PRODUCT_WITHOUT_PRICE,,,,,,,KEEP_MANUAL_REVIEW,HIGH,COTIZACIONES___2023-2024_PIN_ARIAS_2_fddc.xlsx,False,False,False,NO_PRICE,,,,mondogo,MISSING_VALID_PRICE
AG-2236,Costillas Ahumada,MISSING_VALID_PRICE,NEW_PRODUCT_WITHOUT_PRICE,,,,,,,KEEP_MANUAL_REVIEW,HIGH,COTIZACIONES___2023-2024_PIN_ARIAS_2_fddc.xlsx,False,False,False,NO_PRICE,,,,costillas|ahumada,MISSING_VALID_PRICE
AG-2237,Chuleta Ahumada (lonjeada),MISSING_VALID_PRICE,NEW_PRODUCT_WITHOUT_PRICE,,,,,,,KEEP_MANUAL_REVIEW,HIGH,COTIZACIONES___2023-2024_PIN_ARIAS_2_fddc.xlsx,False,True,False,NO_PRICE,,,,chuleta|ahumada|lonjeada,MISSING_VALID_PRICE
AG-2238,JAMON PICNIC (5LB),MISSING_VALID_PRICE,NEW_PRODUCT_WITHOUT_PRICE,,,,,,,KEEP_MANUAL_REVIEW,HIGH,COTIZACIONES___2023-2024_PIN_ARIAS_2_fddc.xlsx,False,True,False,NO_PRICE,,,,jamon|picnic|5|lb|5 lb,MISSING_VALID_PRICE
AG-2239,SALAMI (3.41 LB),MISSING_VALID_PRICE,NEW_PRODUCT_WITHOUT_PRICE,,,,,,,KEEP_MANUAL_REVIEW,HIGH,COTIZACIONES___2023-2024_PIN_ARIAS_2_fddc.xlsx,False,True,False,NO_PRICE,,,,salami|3.41|lb|3.41 lb,MISSING_VALID_PRICE
AG-2240,QUESO CHEDAR (5 LB),MISSING_VALID_PRICE,NEW_PRODUCT_WITHOUT_PRICE,,,,,,,KEEP_MANUAL_REVIEW,HIGH,COTIZACIONES___2023-2024_PIN_ARIAS_2_fddc.xlsx,True,False,False,NO_PRICE,,,,queso|chedar|5|lb|5 lb,MISSING_VALID_PRICE
AG-2241,QUESO DANES (5LB),MISSING_VALID_PRICE,NEW_PRODUCT_WITHOUT_PRICE,,,,,,,KEEP_MANUAL_REVIEW,HIGH,COTIZACIONES___2023-2024_PIN_ARIAS_2_fddc.xlsx,True,False,False,NO_PRICE,,,,queso|danes|5|lb|5 lb,MISSING_VALID_PRICE
AG-2242,QUESO CREMA (5 LB),MISSING_VALID_PRICE,NEW_PRODUCT_WITHOUT_PRICE,,,,,,,KEEP_MANUAL_REVIEW,HIGH,COTIZACIONES___2023-2024_PIN_ARIAS_2_fddc.xlsx,True,False,False,NO_PRICE,,,,queso|crema|5|lb|5 lb,MISSING_VALID_PRICE
AG-2243,QUESO BLANCO DE FREIR (5LB),MISSING_VALID_PRICE,NEW_PRODUCT_WITHOUT_PRICE,,,,,,,KEEP_MANUAL_REVIEW,HIGH,COTIZACIONES___2023-2024_PIN_ARIAS_2_fddc.xlsx,True,False,False,NO_PRICE,,,,queso|blanco|freir|5|lb|5 lb,MISSING_VALID_PRICE
AG-2244,CAFÉ MOLIDO 100% PURO DE 1 LB PILON,MISSING_VALID_PRICE,NEW_PRODUCT_WITHOUT_PRICE,,,,,,,KEEP_MANUAL_REVIEW,HIGH,COTIZACIONES___2023-2024_PIN_ARIAS_2_fddc.xlsx,False,False,False,NO_PRICE,,,,cafe|molido|100%|puro|1|lb|pilon|1 lb,MISSING_VALID_PRICE
AG-2245,Cremola 1 LB FOOD CLUB,MISSING_VALID_PRICE,NEW_PRODUCT_WITHOUT_PRICE,,,,,,,KEEP_MANUAL_REVIEW,HIGH,COTIZACIONES___2023-2024_PIN_ARIAS_2_fddc.xlsx,False,False,False,NO_PRICE,,,,cremola|1|lb|food|club|1 lb,MISSING_VALID_PRICE
AG-2246,Botella DE AGUA 20oz 12/1 VILLAR,MISSING_VALID_PRICE,NEW_PRODUCT_WITHOUT_PRICE,,,,,,,KEEP_MANUAL_REVIEW,HIGH,COTIZACIONES___2023-2024_PIN_ARIAS_2_fddc.xlsx,False,False,False,NO_PRICE,,,,botella|agua|20oz|12/1|villar|12/1,MISSING_VALID_PRICE
AG-2247,AZUCAR CREMA 2 LB Cristal,MISSING_VALID_PRICE,NEW_PRODUCT_WITHOUT_PRICE,,,,,,,KEEP_MANUAL_REVIEW,HIGH,COTIZACIONES___2023-2024_PIN_ARIAS_2_fddc.xlsx,True,False,False,NO_PRICE,,,,azucar|crema|2|lb|cristal|2 lb,MISSING_VALID_PRICE
AG-2248,AZUCAR Dietetica Splenda 300/1,MISSING_VALID_PRICE,NEW_PRODUCT_WITHOUT_PRICE,,,,,,,KEEP_MANUAL_REVIEW,HIGH,COTIZACIONES___2023-2024_PIN_ARIAS_2_fddc.xlsx,True,False,False,NO_PRICE,,,,azucar|dietetica|splenda|300/1|300/1,MISSING_VALID_PRICE
AG-2249,Chocolate EN Tabletas,MISSING_VALID_PRICE,NEW_PRODUCT_WITHOUT_PRICE,,,,,,,KEEP_MANUAL_REVIEW,HIGH,COTIZACIONES___2023-2024_PIN_ARIAS_2_fddc.xlsx,False,False,False,NO_PRICE,,,,chocolate|tabletas,MISSING_VALID_PRICE
AG-2250,LECHE ENTERA,MISSING_VALID_PRICE,NEW_PRODUCT_WITHOUT_PRICE,,,,,,,KEEP_MANUAL_REVIEW,HIGH,COTIZACIONES___2023-2024_PIN_ARIAS_2_fddc.xlsx,True,False,False,NO_PRICE,,,,leche|entera,MISSING_VALID_PRICE
AG-2251,LECHE Evaporada,MISSING_VALID_PRICE,NEW_PRODUCT_WITHOUT_PRICE,,,,,,,KEEP_MANUAL_REVIEW,HIGH,COTIZACIONES___2023-2024_PIN_ARIAS_2_fddc.xlsx,True,False,False,NO_PRICE,,,,leche|evaporada,MISSING_VALID_PRICE
AG-2252,Mayonessa GALON,MISSING_VALID_PRICE,NEW_PRODUCT_WITHOUT_PRICE,,,,,,,KEEP_MANUAL_REVIEW,HIGH,COTIZACIONES___2023-2024_PIN_ARIAS_2_fddc.xlsx,False,False,False,NO_PRICE,,,,mayonessa|galon,MISSING_VALID_PRICE
AG-2253,Mantequilla GRANDE,MISSING_VALID_PRICE,NEW_PRODUCT_WITHOUT_PRICE,,,,,,,KEEP_MANUAL_REVIEW,HIGH,COTIZACIONES___2023-2024_PIN_ARIAS_2_fddc.xlsx,True,False,False,NO_PRICE,,,,mantequilla|grande,MISSING_VALID_PRICE
AG-2254,ARROZ BLANCO 50LB,MISSING_VALID_PRICE,NEW_PRODUCT_WITHOUT_PRICE,,,,,,,KEEP_MANUAL_REVIEW,HIGH,COTIZACIONES___2023-2024_PIN_ARIAS_2_fddc.xlsx,True,False,False,NO_PRICE,,,,arroz|blanco|50|lb|50 lb,MISSING_VALID_PRICE
AG-2255,ACEITE,MISSING_VALID_PRICE,NEW_PRODUCT_WITHOUT_PRICE,,,,,,,KEEP_MANUAL_REVIEW,HIGH,COTIZACIONES___2023-2024_PIN_ARIAS_2_fddc.xlsx,False,False,False,NO_PRICE,,,,aceite,MISSING_VALID_PRICE
AG-2256,ACEITE VERDE,MISSING_VALID_PRICE,NEW_PRODUCT_WITHOUT_PRICE,,,,,,,KEEP_MANUAL_REVIEW,HIGH,COTIZACIONES___2023-2024_PIN_ARIAS_2_fddc.xlsx,False,False,False,NO_PRICE,,,,aceite|verde,MISSING_VALID_PRICE
AG-2257,CODITO,MISSING_VALID_PRICE,NEW_PRODUCT_WITHOUT_PRICE,,,,,,,KEEP_MANUAL_REVIEW,HIGH,COTIZACIONES___2023-2024_PIN_ARIAS_2_fddc.xlsx,False,False,False,NO_PRICE,,,,codito,MISSING_VALID_PRICE
AG-2258,FIDEOS,MISSING_VALID_PRICE,NEW_PRODUCT_WITHOUT_PRICE,,,,,,,KEEP_MANUAL_REVIEW,HIGH,COTIZACIONES___2023-2024_PIN_ARIAS_2_fddc.xlsx,False,False,False,NO_PRICE,,,,fideos,MISSING_VALID_PRICE
AG-2259,Vinagre AMBAR,MISSING_VALID_PRICE,NEW_PRODUCT_WITHOUT_PRICE,,,,,,,KEEP_MANUAL_REVIEW,HIGH,COTIZACIONES___2023-2024_PIN_ARIAS_2_fddc.xlsx,False,False,False,NO_PRICE,,,,vinagre|ambar,MISSING_VALID_PRICE
AG-2260,Galleta DE SODA,MISSING_VALID_PRICE,NEW_PRODUCT_WITHOUT_PRICE,,,,,,,KEEP_MANUAL_REVIEW,HIGH,COTIZACIONES___2023-2024_PIN_ARIAS_2_fddc.xlsx,False,False,False,NO_PRICE,,,,galleta|soda,MISSING_VALID_PRICE
AG-2261,CALDO DE POLLO,MISSING_VALID_PRICE,NEW_PRODUCT_WITHOUT_PRICE,,,,,,,KEEP_MANUAL_REVIEW,HIGH,COTIZACIONES___2023-2024_PIN_ARIAS_2_fddc.xlsx,False,True,False,NO_PRICE,,,,caldo|pollo,MISSING_VALID_PRICE
AG-2262,HARINA D TRIGO,MISSING_VALID_PRICE,NEW_PRODUCT_WITHOUT_PRICE,,,,,,,KEEP_MANUAL_REVIEW,HIGH,COTIZACIONES___2023-2024_PIN_ARIAS_2_fddc.xlsx,True,False,False,NO_PRICE,,,,harina|d|trigo,MISSING_VALID_PRICE
AG-2263,JUGO Concentrado GALON,MISSING_VALID_PRICE,NEW_PRODUCT_WITHOUT_PRICE,,,,,,,KEEP_MANUAL_REVIEW,HIGH,COTIZACIONES___2023-2024_PIN_ARIAS_2_fddc.xlsx,False,False,False,NO_PRICE,,,,jugo|concentrado|galon,MISSING_VALID_PRICE
AG-2264,HARINA DE Negrito,MISSING_VALID_PRICE,NEW_PRODUCT_WITHOUT_PRICE,,,,,,,KEEP_MANUAL_REVIEW,HIGH,COTIZACIONES___2023-2024_PIN_ARIAS_2_fddc.xlsx,True,False,False,NO_PRICE,,,,harina|negrito,MISSING_VALID_PRICE
AG-2265,MAIZ Enlatado,MISSING_VALID_PRICE,NEW_PRODUCT_WITHOUT_PRICE,,,,,,,KEEP_MANUAL_REVIEW,HIGH,COTIZACIONES___2023-2024_PIN_ARIAS_2_fddc.xlsx,False,False,False,NO_PRICE,,,,maiz|enlatado,MISSING_VALID_PRICE
AG-2266,HARINA DE MAIZ,MISSING_VALID_PRICE,NEW_PRODUCT_WITHOUT_PRICE,,,,,,,KEEP_MANUAL_REVIEW,HIGH,COTIZACIONES___2023-2024_PIN_ARIAS_2_fddc.xlsx | cotizacion_del_marcelino_9bd9.xlsx,True,False,False,NO_PRICE,,,,harina|maiz,MISSING_VALID_PRICE
AG-2267,SAL MOLIDA YADADA,MISSING_VALID_PRICE,NEW_PRODUCT_WITHOUT_PRICE,,,,,,,KEEP_MANUAL_REVIEW,HIGH,COTIZACIONES___2023-2024_PIN_ARIAS_2_fddc.xlsx,False,False,False,NO_PRICE,,,,sal|molida|yadada,MISSING_VALID_PRICE
AG-2268,SALSA CHINA GALON,MISSING_VALID_PRICE,NEW_PRODUCT_WITHOUT_PRICE,,,,,,,KEEP_MANUAL_REVIEW,HIGH,COTIZACIONES___2023-2024_PIN_ARIAS_2_fddc.xlsx,False,False,False,NO_PRICE,,,,salsa|china|galon,MISSING_VALID_PRICE
AG-2269,Vainilla,MISSING_VALID_PRICE,NEW_PRODUCT_WITHOUT_PRICE,,,,,,,KEEP_MANUAL_REVIEW,HIGH,COTIZACIONES___2023-2024_PIN_ARIAS_2_fddc.xlsx,False,False,False,NO_PRICE,,,,vainilla,MISSING_VALID_PRICE
AG-2270,CREMA DE LECHE,MISSING_VALID_PRICE,NEW_PRODUCT_WITHOUT_PRICE,,,,,,,KEEP_MANUAL_REVIEW,HIGH,COTIZACIONES___2023-2024_PIN_ARIAS_2_fddc.xlsx,True,False,False,NO_PRICE,,,,crema|leche,MISSING_VALID_PRICE
AG-2271,CARNE DE CERDO EN TIRAS,MISSING_VALID_PRICE,NEW_PRODUCT_WITHOUT_PRICE,,,,,,,KEEP_MANUAL_REVIEW,HIGH,COTIZACIONES___2023-2024_PIN_ARIAS_2_fddc.xlsx,False,True,False,NO_PRICE,,,,carne|cerdo|tiras,MISSING_VALID_PRICE
AG-2272,ATUN EN ACEITE,MISSING_VALID_PRICE,NEW_PRODUCT_WITHOUT_PRICE,,,,,,,KEEP_MANUAL_REVIEW,HIGH,COTIZACIONES___2023-2024_PIN_ARIAS_2_fddc.xlsx,False,False,False,NO_PRICE,,,,atun|aceite,MISSING_VALID_PRICE
AG-2273,Lasaña De Queso,MISSING_VALID_PRICE,NEW_PRODUCT_WITHOUT_PRICE,,,,,,,KEEP_MANUAL_REVIEW,HIGH,COTIZACION_-2026_MAYO_4932.xlsx,True,False,False,NO_PRICE,,,,lasana|queso,MISSING_VALID_PRICE
AG-2274,Lasaña De Pollo,MISSING_VALID_PRICE,NEW_PRODUCT_WITHOUT_PRICE,,,,,,,KEEP_MANUAL_REVIEW,HIGH,COTIZACION_-2026_MAYO_4932.xlsx,False,True,False,NO_PRICE,,,,lasana|pollo,MISSING_VALID_PRICE
AG-2275,Pollo Horneado,MISSING_VALID_PRICE,NEW_PRODUCT_WITHOUT_PRICE,,,,,,,KEEP_MANUAL_REVIEW,HIGH,COTIZACION_-2026_MAYO_4932.xlsx,False,True,False,NO_PRICE,,,,pollo|horneado,MISSING_VALID_PRICE
AG-2276,Cerdo Horneado,MISSING_VALID_PRICE,NEW_PRODUCT_WITHOUT_PRICE,,,,,,,KEEP_MANUAL_REVIEW,HIGH,COTIZACION_-2026_MAYO_4932.xlsx,False,False,False,NO_PRICE,,,,cerdo|horneado,MISSING_VALID_PRICE
AG-2277,Moro De Habichuela Roja,MISSING_VALID_PRICE,NEW_PRODUCT_WITHOUT_PRICE,,,,,,,KEEP_MANUAL_REVIEW,HIGH,COTIZACION_-2026_MAYO_4932.xlsx,True,False,False,NO_PRICE,,,,moro|habichuela|roja,MISSING_VALID_PRICE
AG-2278,Moro De Habichuela Negra,MISSING_VALID_PRICE,NEW_PRODUCT_WITHOUT_PRICE,,,,,,,KEEP_MANUAL_REVIEW,HIGH,COTIZACION_-2026_MAYO_4932.xlsx,True,False,False,NO_PRICE,,,,moro|habichuela|negra,MISSING_VALID_PRICE
AG-2279,APINZA Amperimétrica Digital Voltaje 200m 600 V O Superior,MISSING_VALID_PRICE,NEW_PRODUCT_WITHOUT_PRICE,,,,,,,KEEP_MANUAL_REVIEW,HIGH,COTIZACION_MATERIALES_FERRETERO1_7286.xlsx,False,False,False,NO_PRICE,,,,apinza|amperimetrica|digital|voltaje|200m|600|v|o,MISSING_VALID_PRICE
AG-2280,Multímetro Industrial 10A Sobrecarga DE 20A,MISSING_VALID_PRICE,NEW_PRODUCT_WITHOUT_PRICE,,,,,,,KEEP_MANUAL_REVIEW,HIGH,COTIZACION_MATERIALES_FERRETERO1_7286.xlsx,False,False,False,NO_PRICE,,,,multimetro|industrial|10a|sobrecarga|20a,MISSING_VALID_PRICE
AG-2281,JUEGO DE Herramientas 70 PIEZAS,MISSING_VALID_PRICE,NEW_PRODUCT_WITHOUT_PRICE,,,,,,,KEEP_MANUAL_REVIEW,HIGH,COTIZACION_MATERIALES_FERRETERO1_7286.xlsx,False,False,False,NO_PRICE,,,,juego|herramientas|70|piezas,MISSING_VALID_PRICE
AG-2282,Guantes DE Proteccion PARA Electricista,MISSING_VALID_PRICE,NEW_PRODUCT_WITHOUT_PRICE,,,,,,,KEEP_MANUAL_REVIEW,HIGH,COTIZACION_MATERIALES_FERRETERO1_7286.xlsx,False,False,False,NO_PRICE,,,,guantes|proteccion|para|electricista,MISSING_VALID_PRICE
AG-2283,Pelador Automático Y Cripador DE Alambre PELA CLABES *7,MISSING_VALID_PRICE,NEW_PRODUCT_WITHOUT_PRICE,,,,,,,KEEP_MANUAL_REVIEW,HIGH,COTIZACION_MATERIALES_FERRETERO1_7286.xlsx,False,False,False,NO_PRICE,,,,pelador|automatico|cripador|alambre|pela|clabes|7,MISSING_VALID_PRICE
AG-2284,JUEGO DE Herramientas PINZA Alicate /PINZA 3 PIEZAS Alicates / PINZAS,MISSING_VALID_PRICE,NEW_PRODUCT_WITHOUT_PRICE,,,,,,,KEEP_MANUAL_REVIEW,HIGH,COTIZACION_MATERIALES_FERRETERO1_7286.xlsx,False,False,False,NO_PRICE,,,,juego|herramientas|pinza|alicate|/pinza|3|piezas|alicates,MISSING_VALID_PRICE
AG-2285,JUEGO DE Destornilladores Aislado 7 PIEZAS 1000V,MISSING_VALID_PRICE,NEW_PRODUCT_WITHOUT_PRICE,,,,,,,KEEP_MANUAL_REVIEW,HIGH,COTIZACION_MATERIALES_FERRETERO1_7286.xlsx,False,False,False,NO_PRICE,,,,juego|destornilladores|aislado|7|piezas|1000v,MISSING_VALID_PRICE
AG-2286,JUEGO DE Avellanador Cortatubo,MISSING_VALID_PRICE,NEW_PRODUCT_WITHOUT_PRICE,,,,,,,KEEP_MANUAL_REVIEW,HIGH,COTIZACION_MATERIALES_FERRETERO1_7286.xlsx,False,False,False,NO_PRICE,,,,juego|avellanador|cortatubo,MISSING_VALID_PRICE
AG-2287,Cortadora DE RAMAS MANGO Telescopio 2.8 M,MISSING_VALID_PRICE,NEW_PRODUCT_WITHOUT_PRICE,,,,,,,KEEP_MANUAL_REVIEW,HIGH,COTIZACION_MATERIALES_FERRETERO1_7286.xlsx,False,False,False,NO_PRICE,,,,cortadora|ramas|mango|telescopio|2.8|m,MISSING_VALID_PRICE
AG-2288,KIT Taladro DOBLE Función Atornillador Y DE Impacto 12 V,MISSING_VALID_PRICE,NEW_PRODUCT_WITHOUT_PRICE,,,,,,,KEEP_MANUAL_REVIEW,HIGH,COTIZACION_MATERIALES_FERRETERO1_7286.xlsx,False,False,False,NO_PRICE,,,,kit|taladro|doble|funcion|atornillador|impacto|12|v,MISSING_VALID_PRICE
AG-2289,SIERRA Tronzadora 2400W,MISSING_VALID_PRICE,NEW_PRODUCT_WITHOUT_PRICE,,,,,,,KEEP_MANUAL_REVIEW,HIGH,COTIZACION_MATERIALES_FERRETERO1_7286.xlsx,False,False,False,NO_PRICE,,,,sierra|tronzadora|2400|w|2400W,MISSING_VALID_PRICE
AG-2290,Pulidora MANUAL2200 W / 110-120 Voltios,MISSING_VALID_PRICE,NEW_PRODUCT_WITHOUT_PRICE,,,,,,,KEEP_MANUAL_REVIEW,HIGH,COTIZACION_MATERIALES_FERRETERO1_7286.xlsx,False,False,False,NO_PRICE,,,,pulidora|manual2200|w|/|110-120|voltios|MANUAL2200|2200W,MISSING_VALID_PRICE
AG-2291,PRENSA DE BANCO 6 Pulgadas,MISSING_VALID_PRICE,NEW_PRODUCT_WITHOUT_PRICE,,,,,,,KEEP_MANUAL_REVIEW,HIGH,COTIZACION_MATERIALES_FERRETERO1_7286.xlsx,False,False,False,NO_PRICE,,,,"prensa|banco|6|pulgadas|6""",MISSING_VALID_PRICE
AG-2292,Dobladora DE TUBOS 1/2 A 2 CON Tripode,MISSING_VALID_PRICE,NEW_PRODUCT_WITHOUT_PRICE,,,,,,,KEEP_MANUAL_REVIEW,HIGH,COTIZACION_MATERIALES_FERRETERO1_7286.xlsx,False,False,False,NO_PRICE,,,,dobladora|tubos|1/2|a|2|tripode|1/2,MISSING_VALID_PRICE
AG-2293,Cortadora DE METAL 14 2300 W,MISSING_VALID_PRICE,NEW_PRODUCT_WITHOUT_PRICE,,,,,,,KEEP_MANUAL_REVIEW,HIGH,COTIZACION_MATERIALES_FERRETERO1_7286.xlsx,False,False,False,NO_PRICE,,,,cortadora|metal|14|2300|w|2300W,MISSING_VALID_PRICE
AG-2294,Cortadora DE PLASMA PLASMA 40A 110/220V Inverte CON Accesorios,MISSING_VALID_PRICE,NEW_PRODUCT_WITHOUT_PRICE,,,,,,,KEEP_MANUAL_REVIEW,HIGH,COTIZACION_MATERIALES_FERRETERO1_7286.xlsx,False,False,False,NO_PRICE,,,,cortadora|plasma|plasma|40a|110/220v|inverte|accesorios,MISSING_VALID_PRICE
AG-2295,CARETA Eléctrica PARA SALDAR,MISSING_VALID_PRICE,NEW_PRODUCT_WITHOUT_PRICE,,,,,,,KEEP_MANUAL_REVIEW,HIGH,COTIZACION_MATERIALES_FERRETERO1_7286.xlsx,False,False,False,NO_PRICE,,,,careta|electrica|para|saldar,MISSING_VALID_PRICE
AG-2296,Maquina PARA SOLDAR 180a 110/220V,MISSING_VALID_PRICE,NEW_PRODUCT_WITHOUT_PRICE,,,,,,,KEEP_MANUAL_REVIEW,HIGH,COTIZACION_MATERIALES_FERRETERO1_7286.xlsx,False,False,False,NO_PRICE,,,,maquina|para|soldar|180a|110/220v,MISSING_VALID_PRICE
AG-2297,Escuadra Soldadura 5 75 LB Magnetica,MISSING_VALID_PRICE,NEW_PRODUCT_WITHOUT_PRICE,,,,,,,KEEP_MANUAL_REVIEW,HIGH,COTIZACION_MATERIALES_FERRETERO1_7286.xlsx,False,False,False,NO_PRICE,,,,escuadra|soldadura|5|75|lb|magnetica|75 lb,MISSING_VALID_PRICE
AG-2298,Taladro Estacionario 750W 110V 1PH 20MM,MISSING_VALID_PRICE,NEW_PRODUCT_WITHOUT_PRICE,,,,,,,KEEP_MANUAL_REVIEW,HIGH,COTIZACION_MATERIALES_FERRETERO1_7286.xlsx,False,False,False,NO_PRICE,,,,taladro|estacionario|750|w|110v|1ph|20|mm|750W,MISSING_VALID_PRICE
AG-2299,Lijadora Eléctrica MANUAL 300W 110-120V,MISSING_VALID_PRICE,NEW_PRODUCT_WITHOUT_PRICE,,,,,,,KEEP_MANUAL_REVIEW,HIGH,COTIZACION_MATERIALES_FERRETERO1_7286.xlsx,False,False,False,NO_PRICE,,,,lijadora|electrica|manual|300|w|110-120v|300W,MISSING_VALID_PRICE
AG-2300,KIT Taladro Atornillador 12V,MISSING_VALID_PRICE,NEW_PRODUCT_WITHOUT_PRICE,,,,,,,KEEP_MANUAL_REVIEW,HIGH,COTIZACION_MATERIALES_FERRETERO1_7286.xlsx,False,False,False,NO_PRICE,,,,kit|taladro|atornillador|12v,MISSING_VALID_PRICE
AG-2301,Pistola Sopladora 695,MISSING_VALID_PRICE,NEW_PRODUCT_WITHOUT_PRICE,,,,,,,KEEP_MANUAL_REVIEW,HIGH,COTIZACION_MATERIALES_FERRETERO1_7286.xlsx,False,False,False,NO_PRICE,,,,pistola|sopladora|695,MISSING_VALID_PRICE
AG-2302,Compresor DE AIRE 110-120V/60HZ 110-120 Voltios,MISSING_VALID_PRICE,NEW_PRODUCT_WITHOUT_PRICE,,,,,,,KEEP_MANUAL_REVIEW,HIGH,COTIZACION_MATERIALES_FERRETERO1_7286.xlsx,False,False,False,NO_PRICE,,,,compresor|aire|110-120v/60hz|110-120|voltios,MISSING_VALID_PRICE
AG-2303,Taladro ROTO Martillo DE 1500 WATT,MISSING_VALID_PRICE,NEW_PRODUCT_WITHOUT_PRICE,,,,,,,KEEP_MANUAL_REVIEW,HIGH,COTIZACION_MATERIALES_FERRETERO1_7286.xlsx,False,False,False,NO_PRICE,,,,taladro|roto|martillo|1500|watt,MISSING_VALID_PRICE
AG-2304,SIERRA Circular DE BANCO NO. 10 1800W,MISSING_VALID_PRICE,NEW_PRODUCT_WITHOUT_PRICE,,,,,,,KEEP_MANUAL_REVIEW,HIGH,COTIZACION_MATERIALES_FERRETERO1_7286.xlsx,False,False,False,NO_PRICE,,,,sierra|circular|banco|no.|10|1800|w|1800W,MISSING_VALID_PRICE
AG-2305,Maquina Colectora DE POLVO 110-120 Voltios,MISSING_VALID_PRICE,NEW_PRODUCT_WITHOUT_PRICE,,,,,,,KEEP_MANUAL_REVIEW,HIGH,COTIZACION_MATERIALES_FERRETERO1_7286.xlsx,False,False,False,NO_PRICE,,,,maquina|colectora|polvo|110-120|voltios,MISSING_VALID_PRICE
AG-2306,SIERRA Ingletadora 110-120 Voltios,MISSING_VALID_PRICE,NEW_PRODUCT_WITHOUT_PRICE,,,,,,,KEEP_MANUAL_REVIEW,HIGH,COTIZACION_MATERIALES_FERRETERO1_7286.xlsx,False,False,False,NO_PRICE,,,,sierra|ingletadora|110-120|voltios,MISSING_VALID_PRICE
AG-2307,Pistola PARA PINTAR,MISSING_VALID_PRICE,NEW_PRODUCT_WITHOUT_PRICE,,,,,,,KEEP_MANUAL_REVIEW,HIGH,COTIZACION_MATERIALES_FERRETERO1_7286.xlsx,False,False,False,NO_PRICE,,,,pistola|para|pintar,MISSING_VALID_PRICE
AG-2308,ROUTER Eléctrico BASE FIJA 2.25 HP,MISSING_VALID_PRICE,NEW_PRODUCT_WITHOUT_PRICE,,,,,,,KEEP_MANUAL_REVIEW,HIGH,COTIZACION_MATERIALES_FERRETERO1_7286.xlsx,False,False,False,NO_PRICE,,,,router|electrico|base|fija|2.25|hp,MISSING_VALID_PRICE
AG-2309,ROUTER Eléctrico Inalambrico,MISSING_VALID_PRICE,NEW_PRODUCT_WITHOUT_PRICE,,,,,,,KEEP_MANUAL_REVIEW,HIGH,COTIZACION_MATERIALES_FERRETERO1_7286.xlsx,False,False,False,NO_PRICE,,,,router|electrico|inalambrico,MISSING_VALID_PRICE
AG-2310,Taladro Pedestal 500W 110V 1PH 16mm,MISSING_VALID_PRICE,NEW_PRODUCT_WITHOUT_PRICE,,,,,,,KEEP_MANUAL_REVIEW,HIGH,COTIZACION_MATERIALES_FERRETERO1_7286.xlsx,False,False,False,NO_PRICE,,,,taladro|pedestal|500|w|110v|1ph|16|mm|500W,MISSING_VALID_PRICE
AG-2311,JUEGO DE MECHAS PARA Enrutador O Fresador 24 PIEZAS,MISSING_VALID_PRICE,NEW_PRODUCT_WITHOUT_PRICE,,,,,,,KEEP_MANUAL_REVIEW,HIGH,COTIZACION_MATERIALES_FERRETERO1_7286.xlsx,False,False,False,NO_PRICE,,,,juego|mechas|para|enrutador|o|fresador|24|piezas,MISSING_VALID_PRICE
AG-2312,PRENSA O Abrazadera PARA Ebanistería 36,MISSING_VALID_PRICE,NEW_PRODUCT_WITHOUT_PRICE,,,,,,,KEEP_MANUAL_REVIEW,HIGH,COTIZACION_MATERIALES_FERRETERO1_7286.xlsx,False,False,False,NO_PRICE,,,,prensa|o|abrazadera|para|ebanisteria|36,MISSING_VALID_PRICE
AG-2313,PRENSA O Abrazadera,MISSING_VALID_PRICE,NEW_PRODUCT_WITHOUT_PRICE,,,,,,,KEEP_MANUAL_REVIEW,HIGH,COTIZACION_MATERIALES_FERRETERO1_7286.xlsx,False,False,False,NO_PRICE,,,,prensa|o|abrazadera,MISSING_VALID_PRICE
AG-2314,PRENSA O Abrazadera PARA Ebanistería 48,MISSING_VALID_PRICE,NEW_PRODUCT_WITHOUT_PRICE,,,,,,,KEEP_MANUAL_REVIEW,HIGH,COTIZACION_MATERIALES_FERRETERO1_7286.xlsx,False,False,False,NO_PRICE,,,,prensa|o|abrazadera|para|ebanisteria|48,MISSING_VALID_PRICE
AG-2315,Pulidora MANUAL 9 2800W -5/8,MISSING_VALID_PRICE,NEW_PRODUCT_WITHOUT_PRICE,,,,,,,KEEP_MANUAL_REVIEW,HIGH,COTIZACION_MATERIALES_FERRETERO1_7286.xlsx,False,False,False,NO_PRICE,,,,pulidora|manual|9|2800|w|-5/8|5/8|2800W,MISSING_VALID_PRICE
AG-2316,Lijeradora DE BANDA DISCO 4 Y 6 DE 1/2 HP,MISSING_VALID_PRICE,NEW_PRODUCT_WITHOUT_PRICE,,,,,,,KEEP_MANUAL_REVIEW,HIGH,COTIZACION_MATERIALES_FERRETERO1_7286.xlsx,False,False,False,NO_PRICE,,,,lijeradora|banda|disco|4|6|1/2|hp|1/2,MISSING_VALID_PRICE
AG-2317,Cargador DE Batería 20V 2A,MISSING_VALID_PRICE,NEW_PRODUCT_WITHOUT_PRICE,,,,,,,KEEP_MANUAL_REVIEW,HIGH,COTIZACION_MATERIALES_FERRETERO1_7286.xlsx,False,False,False,NO_PRICE,,,,cargador|bateria|20v|2a,MISSING_VALID_PRICE
AG-2318,Baterías PARA Taladro 20V 2A Recargable,MISSING_VALID_PRICE,NEW_PRODUCT_WITHOUT_PRICE,,,,,,,KEEP_MANUAL_REVIEW,HIGH,COTIZACION_MATERIALES_FERRETERO1_7286.xlsx,False,False,False,NO_PRICE,,,,baterias|para|taladro|20v|2a|recargable,MISSING_VALID_PRICE
AG-2319,Taladro Inalambrico 18/V M18,MISSING_VALID_PRICE,NEW_PRODUCT_WITHOUT_PRICE,,,,,,,KEEP_MANUAL_REVIEW,HIGH,COTIZACION_MATERIALES_FERRETERO1_7286.xlsx,False,False,False,NO_PRICE,,,,taladro|inalambrico|18/v|m18,MISSING_VALID_PRICE
AG-2320,Clavadora Inalámbrica 18ga 20V,MISSING_VALID_PRICE,NEW_PRODUCT_WITHOUT_PRICE,,,,,,,KEEP_MANUAL_REVIEW,HIGH,COTIZACION_MATERIALES_FERRETERO1_7286.xlsx,False,False,False,NO_PRICE,,,,clavadora|inalambrica|18ga|20v,MISSING_VALID_PRICE
AG-2321,PUNTA DE ESTRÍA 3 Pulgadas,MISSING_VALID_PRICE,NEW_PRODUCT_WITHOUT_PRICE,,,,,,,KEEP_MANUAL_REVIEW,HIGH,COTIZACION_MATERIALES_FERRETERO1_7286.xlsx,False,False,False,NO_PRICE,,,,"punta|estria|3|pulgadas|3""",MISSING_VALID_PRICE
AG-2322,JUEGO DE Formones 12 PIEZAS,MISSING_VALID_PRICE,NEW_PRODUCT_WITHOUT_PRICE,,,,,,,KEEP_MANUAL_REVIEW,HIGH,COTIZACION_MATERIALES_FERRETERO1_7286.xlsx,False,False,False,NO_PRICE,,,,juego|formones|12|piezas,MISSING_VALID_PRICE
AG-2323,Motosierra DREMER 110-120 Voltios,MISSING_VALID_PRICE,NEW_PRODUCT_WITHOUT_PRICE,,,,,,,KEEP_MANUAL_REVIEW,HIGH,COTIZACION_MATERIALES_FERRETERO1_7286.xlsx,False,False,False,NO_PRICE,,,,motosierra|dremer|110-120|voltios,MISSING_VALID_PRICE
AG-2324,Pistola DE CALOR,MISSING_VALID_PRICE,NEW_PRODUCT_WITHOUT_PRICE,,,,,,,KEEP_MANUAL_REVIEW,HIGH,COTIZACION_MATERIALES_FERRETERO1_7286.xlsx,False,False,False,NO_PRICE,,,,pistola|calor,MISSING_VALID_PRICE
AG-2325,DREMEL 3000,MISSING_VALID_PRICE,NEW_PRODUCT_WITHOUT_PRICE,,,,,,,KEEP_MANUAL_REVIEW,HIGH,COTIZACION_MATERIALES_FERRETERO1_7286.xlsx,False,False,False,NO_PRICE,,,,dremel|3000,MISSING_VALID_PRICE
AG-2326,MANDIL DE Protección (delantal) Impermeable,MISSING_VALID_PRICE,NEW_PRODUCT_WITHOUT_PRICE,,,,,,,KEEP_MANUAL_REVIEW,HIGH,COTIZACION_MATERIALES_FERRETERO1_7286.xlsx,False,False,False,NO_PRICE,,,,mandil|proteccion|delantal|impermeable,MISSING_VALID_PRICE
AG-2327,"Carretilla DE HIERRO 6,3 PIES",MISSING_VALID_PRICE,NEW_PRODUCT_WITHOUT_PRICE,,,,,,,KEEP_MANUAL_REVIEW,HIGH,COTIZACION_MATERIALES_FERRETERO1_7286.xlsx,False,False,False,NO_PRICE,,,,carretilla|hierro|6|3|pies|3 pies,MISSING_VALID_PRICE
AG-2328,PLANA PARA Albañil NO.8,MISSING_VALID_PRICE,NEW_PRODUCT_WITHOUT_PRICE,,,,,,,KEEP_MANUAL_REVIEW,HIGH,COTIZACION_MATERIALES_FERRETERO1_7286.xlsx,False,False,False,NO_PRICE,,,,plana|para|albanil|no.8,MISSING_VALID_PRICE
AG-2329,PLANA PARA Albañil NO.7,MISSING_VALID_PRICE,NEW_PRODUCT_WITHOUT_PRICE,,,,,,,KEEP_MANUAL_REVIEW,HIGH,COTIZACION_MATERIALES_FERRETERO1_7286.xlsx,False,False,False,NO_PRICE,,,,plana|para|albanil|no.7,MISSING_VALID_PRICE
AG-2330,Martillo 16OZ,MISSING_VALID_PRICE,NEW_PRODUCT_WITHOUT_PRICE,,,,,,,KEEP_MANUAL_REVIEW,HIGH,COTIZACION_MATERIALES_FERRETERO1_7286.xlsx,False,False,False,NO_PRICE,,,,martillo|16oz,MISSING_VALID_PRICE
AG-2331,CUBO PARA Albañil,MISSING_VALID_PRICE,NEW_PRODUCT_WITHOUT_PRICE,,,,,,,KEEP_MANUAL_REVIEW,HIGH,COTIZACION_MATERIALES_FERRETERO1_7286.xlsx,False,False,False,NO_PRICE,,,,cubo|para|albanil,MISSING_VALID_PRICE
AG-2332,Mandarria DE 8 LB,MISSING_VALID_PRICE,NEW_PRODUCT_WITHOUT_PRICE,,,,,,,KEEP_MANUAL_REVIEW,HIGH,COTIZACION_MATERIALES_FERRETERO1_7286.xlsx,False,False,False,NO_PRICE,,,,mandarria|8|lb|8 lb,MISSING_VALID_PRICE
AG-2333,Mandarria DE 4 LB,MISSING_VALID_PRICE,NEW_PRODUCT_WITHOUT_PRICE,,,,,,,KEEP_MANUAL_REVIEW,HIGH,COTIZACION_MATERIALES_FERRETERO1_7286.xlsx,False,False,False,NO_PRICE,,,,mandarria|4|lb|4 lb,MISSING_VALID_PRICE
AG-2334,PALA Redonda,MISSING_VALID_PRICE,NEW_PRODUCT_WITHOUT_PRICE,,,,,,,KEEP_MANUAL_REVIEW,HIGH,COTIZACION_MATERIALES_FERRETERO1_7286.xlsx,False,False,False,NO_PRICE,,,,pala|redonda,MISSING_VALID_PRICE
AG-2335,Hormigonera,MISSING_VALID_PRICE,NEW_PRODUCT_WITHOUT_PRICE,,,,,,,KEEP_MANUAL_REVIEW,HIGH,COTIZACION_MATERIALES_FERRETERO1_7286.xlsx,False,False,False,NO_PRICE,,,,hormigonera,MISSING_VALID_PRICE
AG-2336,Cortadora DE Cerámica,MISSING_VALID_PRICE,NEW_PRODUCT_WITHOUT_PRICE,,,,,,,KEEP_MANUAL_REVIEW,HIGH,COTIZACION_MATERIALES_FERRETERO1_7286.xlsx,False,False,False,NO_PRICE,,,,cortadora|ceramica,MISSING_VALID_PRICE
AG-2337,PALA Cuadrada,MISSING_VALID_PRICE,NEW_PRODUCT_WITHOUT_PRICE,,,,,,,KEEP_MANUAL_REVIEW,HIGH,COTIZACION_MATERIALES_FERRETERO1_7286.xlsx,False,False,False,NO_PRICE,,,,pala|cuadrada,MISSING_VALID_PRICE
AG-2338,Cizalla PARA CORTE DE Varilla 5/8,MISSING_VALID_PRICE,NEW_PRODUCT_WITHOUT_PRICE,,,,,,,KEEP_MANUAL_REVIEW,HIGH,COTIZACION_MATERIALES_FERRETERO1_7286.xlsx,False,False,False,NO_PRICE,,,,cizalla|para|corte|varilla|5/8|5/8,MISSING_VALID_PRICE
AG-2339,PARES DE Guantes DE Proteccion DE Albañil,MISSING_VALID_PRICE,NEW_PRODUCT_WITHOUT_PRICE,,,,,,,KEEP_MANUAL_REVIEW,HIGH,COTIZACION_MATERIALES_FERRETERO1_7286.xlsx,False,False,False,NO_PRICE,,,,pares|guantes|proteccion|albanil,MISSING_VALID_PRICE
AG-2340,TANQUE DE Presión,MISSING_VALID_PRICE,NEW_PRODUCT_WITHOUT_PRICE,,,,,,,KEEP_MANUAL_REVIEW,HIGH,COTIZACION_MATERIALES_FERRETERO1_7286.xlsx,False,False,False,NO_PRICE,,,,tanque|presion,MISSING_VALID_PRICE
AG-2341,BOMBA Centrifuga,MISSING_VALID_PRICE,NEW_PRODUCT_WITHOUT_PRICE,,,,,,,KEEP_MANUAL_REVIEW,HIGH,COTIZACION_MATERIALES_FERRETERO1_7286.xlsx,False,False,False,NO_PRICE,,,,bomba|centrifuga,MISSING_VALID_PRICE
AG-2342,BOMBA MANUAL PARA PRUEBA DE Presión,MISSING_VALID_PRICE,NEW_PRODUCT_WITHOUT_PRICE,,,,,,,KEEP_MANUAL_REVIEW,HIGH,COTIZACION_MATERIALES_FERRETERO1_7286.xlsx,False,False,False,NO_PRICE,,,,bomba|manual|para|prueba|presion,MISSING_VALID_PRICE
AG-2343,BOMBA Sumergible PARA Cisterna,MISSING_VALID_PRICE,NEW_PRODUCT_WITHOUT_PRICE,,,,,,,KEEP_MANUAL_REVIEW,HIGH,COTIZACION_MATERIALES_FERRETERO1_7286.xlsx,False,False,False,NO_PRICE,,,,bomba|sumergible|para|cisterna,MISSING_VALID_PRICE
AG-2344,Protector DE OÍDOS,MISSING_VALID_PRICE,NEW_PRODUCT_WITHOUT_PRICE,,,,,,,KEEP_MANUAL_REVIEW,HIGH,COTIZACION_MATERIALES_FERRETERO1_7286.xlsx,False,False,False,NO_PRICE,,,,protector|oidos,MISSING_VALID_PRICE
AG-2345,Chalecos DE Proteccion,MISSING_VALID_PRICE,NEW_PRODUCT_WITHOUT_PRICE,,,,,,,KEEP_MANUAL_REVIEW,HIGH,COTIZACION_MATERIALES_FERRETERO1_7286.xlsx,False,False,False,NO_PRICE,,,,chalecos|proteccion,MISSING_VALID_PRICE
AG-2346,KIT DE Soplador Inalambrico,MISSING_VALID_PRICE,NEW_PRODUCT_WITHOUT_PRICE,,,,,,,KEEP_MANUAL_REVIEW,HIGH,COTIZACION_MATERIALES_FERRETERO1_7286.xlsx,False,False,False,NO_PRICE,,,,kit|soplador|inalambrico,MISSING_VALID_PRICE
AG-2347,TIJERA PARA PODAR,MISSING_VALID_PRICE,NEW_PRODUCT_WITHOUT_PRICE,,,,,,,KEEP_MANUAL_REVIEW,HIGH,COTIZACION_MATERIALES_FERRETERO1_7286.xlsx,False,False,False,NO_PRICE,,,,tijera|para|podar,MISSING_VALID_PRICE
AG-2348,Cortadores PARA RAMAS ALTA NO. 14,MISSING_VALID_PRICE,NEW_PRODUCT_WITHOUT_PRICE,,,,,,,KEEP_MANUAL_REVIEW,HIGH,COTIZACION_MATERIALES_FERRETERO1_7286.xlsx,False,False,False,NO_PRICE,,,,cortadores|para|ramas|alta|no.|14,MISSING_VALID_PRICE
AG-2349,PORTA Manguera,MISSING_VALID_PRICE,NEW_PRODUCT_WITHOUT_PRICE,,,,,,,KEEP_MANUAL_REVIEW,HIGH,COTIZACION_MATERIALES_FERRETERO1_7286.xlsx,False,False,False,NO_PRICE,,,,porta|manguera,MISSING_VALID_PRICE
AG-2350,Trimmer,MISSING_VALID_PRICE,NEW_PRODUCT_WITHOUT_PRICE,,,,,,,KEEP_MANUAL_REVIEW,HIGH,COTIZACION_MATERIALES_FERRETERO1_7286.xlsx,False,False,False,NO_PRICE,,,,trimmer,MISSING_VALID_PRICE
AG-2351,GL DE Herbicida,MISSING_VALID_PRICE,NEW_PRODUCT_WITHOUT_PRICE,,,,,,,KEEP_MANUAL_REVIEW,HIGH,COTIZACION_MATERIALES_FERRETERO1_7286.xlsx,False,False,False,NO_PRICE,,,,gal|herbicida,MISSING_VALID_PRICE
AG-2352,Rastrillo SEGÚN FICHA Tecnica,MISSING_VALID_PRICE,NEW_PRODUCT_WITHOUT_PRICE,,,,,,,KEEP_MANUAL_REVIEW,HIGH,COTIZACION_MATERIALES_FERRETERO1_7286.xlsx,False,False,False,NO_PRICE,,,,rastrillo|segun|ficha|tecnica,MISSING_VALID_PRICE
AG-2353,SET DE Herramientas PARA Jardinería,MISSING_VALID_PRICE,NEW_PRODUCT_WITHOUT_PRICE,,,,,,,KEEP_MANUAL_REVIEW,HIGH,COTIZACION_MATERIALES_FERRETERO1_7286.xlsx,False,False,False,NO_PRICE,,,,set|herramientas|para|jardineria,MISSING_VALID_PRICE
AG-2354,BOTAS DE Protectoras DE GOMA,MISSING_VALID_PRICE,NEW_PRODUCT_WITHOUT_PRICE,,,,,,,KEEP_MANUAL_REVIEW,HIGH,COTIZACION_MATERIALES_FERRETERO1_7286.xlsx,False,False,False,NO_PRICE,,,,botas|protectoras|goma,MISSING_VALID_PRICE
AG-2355,GAFAS Protectora,MISSING_VALID_PRICE,NEW_PRODUCT_WITHOUT_PRICE,,,,,,,KEEP_MANUAL_REVIEW,HIGH,COTIZACION_MATERIALES_FERRETERO1_7286.xlsx,False,False,False,NO_PRICE,,,,gafas|protectora,MISSING_VALID_PRICE
AG-2356,CASCO Protector,MISSING_VALID_PRICE,NEW_PRODUCT_WITHOUT_PRICE,,,,,,,KEEP_MANUAL_REVIEW,HIGH,COTIZACION_MATERIALES_FERRETERO1_7286.xlsx,False,False,False,NO_PRICE,,,,casco|protector,MISSING_VALID_PRICE
AG-2357,TRAJE DE Proteccion PARA Fumigar,MISSING_VALID_PRICE,NEW_PRODUCT_WITHOUT_PRICE,,,,,,,KEEP_MANUAL_REVIEW,HIGH,COTIZACION_MATERIALES_FERRETERO1_7286.xlsx,False,False,False,NO_PRICE,,,,traje|proteccion|para|fumigar,MISSING_VALID_PRICE
AG-2358,Inversor 2.5KW 24 VOLTIO,MISSING_VALID_PRICE,NEW_PRODUCT_WITHOUT_PRICE,,,,,,,KEEP_MANUAL_REVIEW,HIGH,COTIZACION_MATERIALES_FERRETERO1_7286.xlsx,False,False,False,NO_PRICE,,,,inversor|2.5kw|24|voltio,MISSING_VALID_PRICE
AG-2359,Baterias PARA Inversores,MISSING_VALID_PRICE,NEW_PRODUCT_WITHOUT_PRICE,,,,,,,KEEP_MANUAL_REVIEW,HIGH,COTIZACION_MATERIALES_FERRETERO1_7286.xlsx,False,False,False,NO_PRICE,,,,baterias|para|inversores,MISSING_VALID_PRICE
AG-2360,Extractor DE AIRE,MISSING_VALID_PRICE,NEW_PRODUCT_WITHOUT_PRICE,,,,,,,KEEP_MANUAL_REVIEW,HIGH,COTIZACION_MATERIALES_FERRETERO1_7286.xlsx,False,False,False,NO_PRICE,,,,extractor|aire,MISSING_VALID_PRICE
AG-2361,PERFIL Cuadrado NO. 3 NEGRO GRUESO,MISSING_VALID_PRICE,NEW_PRODUCT_WITHOUT_PRICE,,,,,,,KEEP_MANUAL_REVIEW,HIGH,COTIZACION_MATERIALES_FERRETERO1_7286.xlsx,False,False,False,NO_PRICE,,,,perfil|cuadrado|no.|3|negro|grueso,MISSING_VALID_PRICE
AG-2362,PERFIL Cuadrado NO. 3*1-1/2 NEGRO GRUESO,MISSING_VALID_PRICE,NEW_PRODUCT_WITHOUT_PRICE,,,,,,,KEEP_MANUAL_REVIEW,HIGH,COTIZACION_MATERIALES_FERRETERO1_7286.xlsx,False,False,False,NO_PRICE,,,,perfil|cuadrado|no.|3|1-1/2|negro|grueso|1/2,MISSING_VALID_PRICE
AG-2363,PERFIL Cuadrado NO. 2*4 NEGRO GRUESO,MISSING_VALID_PRICE,NEW_PRODUCT_WITHOUT_PRICE,,,,,,,KEEP_MANUAL_REVIEW,HIGH,COTIZACION_MATERIALES_FERRETERO1_7286.xlsx,False,False,False,NO_PRICE,,,,perfil|cuadrado|no.|2|4|negro|grueso,MISSING_VALID_PRICE
AG-2364,ROLLO DE MALLA Electrosoldada DE 12 CM,MISSING_VALID_PRICE,NEW_PRODUCT_WITHOUT_PRICE,,,,,,,KEEP_MANUAL_REVIEW,HIGH,COTIZACION_MATERIALES_FERRETERO1_7286.xlsx,False,False,False,NO_PRICE,,,,rollo|malla|electrosoldada|12|cm,MISSING_VALID_PRICE
AG-2365,CAÑO TIPO Cornisa PARA Aluzinc,MISSING_VALID_PRICE,NEW_PRODUCT_WITHOUT_PRICE,,,,,,,KEEP_MANUAL_REVIEW,HIGH,COTIZACION_MATERIALES_FERRETERO1_7286.xlsx,False,False,False,NO_PRICE,,,,cano|tipo|cornisa|para|aluzinc,MISSING_VALID_PRICE
AG-2366,Cumbrera PARA Aluzinc,MISSING_VALID_PRICE,NEW_PRODUCT_WITHOUT_PRICE,,,,,,,KEEP_MANUAL_REVIEW,HIGH,COTIZACION_MATERIALES_FERRETERO1_7286.xlsx,False,False,False,NO_PRICE,,,,cumbrera|para|aluzinc,MISSING_VALID_PRICE
AG-2367,Tornillo AUTO Perforante DE 1-3/4 PARA Aluzinc,MISSING_VALID_PRICE,NEW_PRODUCT_WITHOUT_PRICE,,,,,,,KEEP_MANUAL_REVIEW,HIGH,COTIZACION_MATERIALES_FERRETERO1_7286.xlsx,False,False,False,NO_PRICE,,,,tornillo|auto|perforante|1-3/4|para|aluzinc|3/4,MISSING_VALID_PRICE
AG-2368,Plancha DE Aluzinc,MISSING_VALID_PRICE,NEW_PRODUCT_WITHOUT_PRICE,,,,,,,KEEP_MANUAL_REVIEW,HIGH,COTIZACION_MATERIALES_FERRETERO1_7286.xlsx,False,False,False,NO_PRICE,,,,plancha|aluzinc,MISSING_VALID_PRICE
AG-2369,LIBRA DE Electrodo 3/32,MISSING_VALID_PRICE,NEW_PRODUCT_WITHOUT_PRICE,,,,,,,KEEP_MANUAL_REVIEW,HIGH,COTIZACION_MATERIALES_FERRETERO1_7286.xlsx,False,False,False,NO_PRICE,,,,libra|electrodo|3/32|3/32,MISSING_VALID_PRICE
AG-2370,DISCO PARA PULIR NO. 7-1/4,MISSING_VALID_PRICE,NEW_PRODUCT_WITHOUT_PRICE,,,,,,,KEEP_MANUAL_REVIEW,HIGH,COTIZACION_MATERIALES_FERRETERO1_7286.xlsx,False,False,False,NO_PRICE,,,,disco|para|pulir|no.|7-1/4|1/4,MISSING_VALID_PRICE
AG-2371,DISCO PARA CORTE 14-3/32,MISSING_VALID_PRICE,NEW_PRODUCT_WITHOUT_PRICE,,,,,,,KEEP_MANUAL_REVIEW,HIGH,COTIZACION_MATERIALES_FERRETERO1_7286.xlsx,False,False,False,NO_PRICE,,,,disco|para|corte|14-3/32|3/32,MISSING_VALID_PRICE
AG-2372,GL DE Anticorrosivo NEGRO,MISSING_VALID_PRICE,NEW_PRODUCT_WITHOUT_PRICE,,,,,,,KEEP_MANUAL_REVIEW,HIGH,COTIZACION_MATERIALES_FERRETERO1_7286.xlsx,False,False,False,NO_PRICE,,,,gal|anticorrosivo|negro,MISSING_VALID_PRICE
AG-2373,GL DE Pintura Esmalte NEGRO 07,MISSING_VALID_PRICE,NEW_PRODUCT_WITHOUT_PRICE,,,,,,,KEEP_MANUAL_REVIEW,HIGH,COTIZACION_MATERIALES_FERRETERO1_7286.xlsx,False,False,False,NO_PRICE,,,,gal|pintura|esmalte|negro|07,MISSING_VALID_PRICE
AG-2374,GL DE Thinner TH1000,MISSING_VALID_PRICE,NEW_PRODUCT_WITHOUT_PRICE,,,,,,,KEEP_MANUAL_REVIEW,HIGH,COTIZACION_MATERIALES_FERRETERO1_7286.xlsx,False,False,False,NO_PRICE,,,,gal|thinner|th1000|TH1000,MISSING_VALID_PRICE
AG-2375,GL DE Aguarrás,MISSING_VALID_PRICE,NEW_PRODUCT_WITHOUT_PRICE,,,,,,,KEEP_MANUAL_REVIEW,HIGH,COTIZACION_MATERIALES_FERRETERO1_7286.xlsx,False,False,False,NO_PRICE,,,,gal|aguarras,MISSING_VALID_PRICE
AG-2376,ROLO DE PINTAR Pequeño,MISSING_VALID_PRICE,NEW_PRODUCT_WITHOUT_PRICE,,,,,,,KEEP_MANUAL_REVIEW,HIGH,COTIZACION_MATERIALES_FERRETERO1_7286.xlsx,False,False,False,NO_PRICE,,,,rolo|pintar|pequeno,MISSING_VALID_PRICE
AG-2377,BROCHA NO. 3,MISSING_VALID_PRICE,NEW_PRODUCT_WITHOUT_PRICE,,,,,,,KEEP_MANUAL_REVIEW,HIGH,COTIZACION_MATERIALES_FERRETERO1_7286.xlsx,False,False,False,NO_PRICE,,,,brocha|no.|3,MISSING_VALID_PRICE
AG-2378,"Artista De Género Musical: Merengue, Bachata, Salsa, Dembow. (un Artista De Cualquiera De",MISSING_VALID_PRICE,NEW_PRODUCT_WITHOUT_PRICE,,,,,,,KEEP_MANUAL_REVIEW,HIGH,COT_95d1.xlsx,False,False,False,NO_PRICE,,,,artista|genero|musical|merengue|bachata|salsa|dembow.|un,MISSING_VALID_PRICE
AG-2379,Fecha: 02/12/2025 (sujeto A Cambios Por La Entidad Contratante).,MISSING_VALID_PRICE,NEW_PRODUCT_WITHOUT_PRICE,,,,,,,KEEP_MANUAL_REVIEW,HIGH,COT_95d1.xlsx,False,False,False,NO_PRICE,,,,fecha|02/12/2025|sujeto|a|cambios|por|entidad|contratante|02/12,MISSING_VALID_PRICE
AG-2380,Fecha: 03/12/2025 (sujeto A Cambios Por La Entidad Contratante).,MISSING_VALID_PRICE,NEW_PRODUCT_WITHOUT_PRICE,,,,,,,KEEP_MANUAL_REVIEW,HIGH,COT_95d1.xlsx,False,False,False,NO_PRICE,,,,fecha|03/12/2025|sujeto|a|cambios|por|entidad|contratante|03/12,MISSING_VALID_PRICE
AG-2381,Fecha: 22/12/2025,MISSING_VALID_PRICE,NEW_PRODUCT_WITHOUT_PRICE,,,,,,,KEEP_MANUAL_REVIEW,HIGH,COT_95d1.xlsx,False,False,False,NO_PRICE,,,,fecha|22/12/2025|22/12,MISSING_VALID_PRICE
AG-2382,"Lugar 1: Parque Mirador Norte, Av. Ecológica Puerta Número 1 Próximo A La Parada Del",MISSING_VALID_PRICE,NEW_PRODUCT_WITHOUT_PRICE,,,,,,,KEEP_MANUAL_REVIEW,HIGH,COT_95d1.xlsx,False,False,False,NO_PRICE,,,,lugar|1|parque|mirador|norte|av.|ecologica|puerta,MISSING_VALID_PRICE
AG-2383,"Lugar 2: Calle San Antonio Y Sánchez Y Carlos Manuel Pumarol, Parque Central De Guerra.",MISSING_VALID_PRICE,NEW_PRODUCT_WITHOUT_PRICE,,,,,,,KEEP_MANUAL_REVIEW,HIGH,COT_95d1.xlsx,False,False,False,NO_PRICE,,,,lugar|2|calle|san|antonio|sanchez|carlos|manuel,MISSING_VALID_PRICE
AG-2384,Hora: 7:00 PM,MISSING_VALID_PRICE,NEW_PRODUCT_WITHOUT_PRICE,,,,,,,KEEP_MANUAL_REVIEW,HIGH,COT_95d1.xlsx,False,False,False,NO_PRICE,,,,hora|7|00|pm,MISSING_VALID_PRICE
AG-2385,"Días: Martes, Miercoles Y LUNES",MISSING_VALID_PRICE,NEW_PRODUCT_WITHOUT_PRICE,,,,,,,KEEP_MANUAL_REVIEW,HIGH,COT_95d1.xlsx,False,False,False,NO_PRICE,,,,dias|martes|miercoles|lunes,MISSING_VALID_PRICE
AG-2386,Tarima 24 X 20,MISSING_VALID_PRICE,NEW_PRODUCT_WITHOUT_PRICE,,,,,,,KEEP_MANUAL_REVIEW,HIGH,COT_95d1.xlsx,False,False,False,NO_PRICE,,,,tarima|24|x|20,MISSING_VALID_PRICE
AG-2387,Tarima VIP 16 X 16 Con Sillas Para 50 Personas,MISSING_VALID_PRICE,NEW_PRODUCT_WITHOUT_PRICE,,,,,,,KEEP_MANUAL_REVIEW,HIGH,COT_95d1.xlsx,False,False,False,NO_PRICE,,,,tarima|vip|16|x|16|sillas|para|50,MISSING_VALID_PRICE
AG-2388,"Banner (detrás De La Tarima Que Diga Presidencia, Propeep Y Alcaldía De La Localidad Que",MISSING_VALID_PRICE,NEW_PRODUCT_WITHOUT_PRICE,,,,,,,KEEP_MANUAL_REVIEW,HIGH,COT_95d1.xlsx,False,False,False,NO_PRICE,,,,banner|detras|tarima|que|diga|presidencia|propeep|alcaldia,MISSING_VALID_PRICE
AG-2389,Techo 29 X 22,MISSING_VALID_PRICE,NEW_PRODUCT_WITHOUT_PRICE,,,,,,,KEEP_MANUAL_REVIEW,HIGH,COT_95d1.xlsx,False,False,False,NO_PRICE,,,,techo|29|x|22,MISSING_VALID_PRICE
AG-2390,Equipos De Sonido Y Micrófonos,MISSING_VALID_PRICE,NEW_PRODUCT_WITHOUT_PRICE,,,,,,,KEEP_MANUAL_REVIEW,HIGH,COT_95d1.xlsx,False,False,False,NO_PRICE,,,,equipos|sonido|microfonos,MISSING_VALID_PRICE
AG-2391,Planta Eléctrica 25 KW,MISSING_VALID_PRICE,NEW_PRODUCT_WITHOUT_PRICE,,,,,,,KEEP_MANUAL_REVIEW,HIGH,COT_95d1.xlsx,False,False,False,NO_PRICE,,,,planta|electrica|25|kw,MISSING_VALID_PRICE
AG-2392,Presentador(a),MISSING_VALID_PRICE,NEW_PRODUCT_WITHOUT_PRICE,,,,,,,KEEP_MANUAL_REVIEW,HIGH,COT_95d1.xlsx | FORMATO_DE_COTIZACION_2_21f4.xlsx,False,False,False,NO_PRICE,,,,presentador|a,MISSING_VALID_PRICE
AG-2393,Perifoneo (durante 5 Días Antes De La Actividad),MISSING_VALID_PRICE,NEW_PRODUCT_WITHOUT_PRICE,,,,,,,KEEP_MANUAL_REVIEW,HIGH,COT_95d1.xlsx,False,False,False,NO_PRICE,,,,perifoneo|durante|5|dias|antes|actividad,MISSING_VALID_PRICE
AG-2394,Seguridad (en El Parque De La Actividad A Realizar),MISSING_VALID_PRICE,NEW_PRODUCT_WITHOUT_PRICE,,,,,,,KEEP_MANUAL_REVIEW,HIGH,COT_95d1.xlsx,False,False,False,NO_PRICE,,,,seguridad|parque|actividad|a|realizar,MISSING_VALID_PRICE
AG-2395,Días: Martes,MISSING_VALID_PRICE,NEW_PRODUCT_WITHOUT_PRICE,,,,,,,KEEP_MANUAL_REVIEW,HIGH,COT_95d1.xlsx,False,False,False,NO_PRICE,,,,dias|martes,MISSING_VALID_PRICE
AG-2412,BLANCO 00,MISSING_VALID_PRICE,NEW_PRODUCT_WITHOUT_PRICE,,,,,,,KEEP_MANUAL_REVIEW,HIGH,COT_95d1.xlsx,False,False,False,NO_PRICE,,,,blanco|00,MISSING_VALID_PRICE
AG-2413,AZUL Turquesa,MISSING_VALID_PRICE,NEW_PRODUCT_WITHOUT_PRICE,,,,,,,KEEP_MANUAL_REVIEW,HIGH,COT_95d1.xlsx,False,False,False,NO_PRICE,,,,azul|turquesa,MISSING_VALID_PRICE
AG-2414,ROJO Positivo,MISSING_VALID_PRICE,NEW_PRODUCT_WITHOUT_PRICE,,,,,,,KEEP_MANUAL_REVIEW,HIGH,COT_95d1.xlsx,False,False,False,NO_PRICE,,,,rojo|positivo,MISSING_VALID_PRICE
AG-2415,Amarillo Positivo,MISSING_VALID_PRICE,NEW_PRODUCT_WITHOUT_PRICE,,,,,,,KEEP_MANUAL_REVIEW,HIGH,COT_95d1.xlsx,False,False,False,NO_PRICE,,,,amarillo|positivo,MISSING_VALID_PRICE
AG-2416,NEGRO,MISSING_VALID_PRICE,NEW_PRODUCT_WITHOUT_PRICE,,,,,,,KEEP_MANUAL_REVIEW,HIGH,COT_95d1.xlsx,False,False,False,NO_PRICE,,,,negro,MISSING_VALID_PRICE
AG-2417,AZUL Positivo,MISSING_VALID_PRICE,NEW_PRODUCT_WITHOUT_PRICE,,,,,,,KEEP_MANUAL_REVIEW,HIGH,COT_95d1.xlsx,False,False,False,NO_PRICE,,,,azul|positivo,MISSING_VALID_PRICE
AG-2418,AZUL CIELO,MISSING_VALID_PRICE,NEW_PRODUCT_WITHOUT_PRICE,,,,,,,KEEP_MANUAL_REVIEW,HIGH,COT_95d1.xlsx,False,False,False,NO_PRICE,,,,azul|cielo,MISSING_VALID_PRICE
AG-2419,VERDE Positivo,MISSING_VALID_PRICE,NEW_PRODUCT_WITHOUT_PRICE,,,,,,,KEEP_MANUAL_REVIEW,HIGH,COT_95d1.xlsx,False,False,False,NO_PRICE,,,,verde|positivo,MISSING_VALID_PRICE
AG-2420,GRIS CLARO,MISSING_VALID_PRICE,NEW_PRODUCT_WITHOUT_PRICE,,,,,,,KEEP_MANUAL_REVIEW,HIGH,COT_95d1.xlsx,False,False,False,NO_PRICE,,,,gris|claro,MISSING_VALID_PRICE
AG-2421,Terracota,MISSING_VALID_PRICE,NEW_PRODUCT_WITHOUT_PRICE,,,,,,,KEEP_MANUAL_REVIEW,HIGH,COT_95d1.xlsx,False,False,False,NO_PRICE,,,,terracota,MISSING_VALID_PRICE
AG-2422,Naranja Positivo,MISSING_VALID_PRICE,NEW_PRODUCT_WITHOUT_PRICE,,,,,,,KEEP_MANUAL_REVIEW,HIGH,COT_95d1.xlsx,False,False,False,NO_PRICE,,,,naranja|positivo,MISSING_VALID_PRICE
AG-2423,BLANCA,MISSING_VALID_PRICE,NEW_PRODUCT_WITHOUT_PRICE,,,,,,,KEEP_MANUAL_REVIEW,HIGH,COT_95d1.xlsx,False,False,False,NO_PRICE,,,,blanca,MISSING_VALID_PRICE
AG-2428,BLANCO 00 Tropical,MISSING_VALID_PRICE,NEW_PRODUCT_WITHOUT_PRICE,,,,,,,KEEP_MANUAL_REVIEW,HIGH,COT_95d1.xlsx,False,False,False,NO_PRICE,,,,blanco|00|tropical,MISSING_VALID_PRICE
AG-2429,AZUL Turquesa Popular,MISSING_VALID_PRICE,NEW_PRODUCT_WITHOUT_PRICE,,,,,,,KEEP_MANUAL_REVIEW,HIGH,COT_95d1.xlsx,False,False,False,NO_PRICE,,,,azul|turquesa|popular,MISSING_VALID_PRICE
AG-2430,ROJO Positivo Popular,MISSING_VALID_PRICE,NEW_PRODUCT_WITHOUT_PRICE,,,,,,,KEEP_MANUAL_REVIEW,HIGH,COT_95d1.xlsx,False,False,False,NO_PRICE,,,,rojo|positivo|popular,MISSING_VALID_PRICE
AG-2431,Amarillo Positivo Popular,MISSING_VALID_PRICE,NEW_PRODUCT_WITHOUT_PRICE,,,,,,,KEEP_MANUAL_REVIEW,HIGH,COT_95d1.xlsx,False,False,False,NO_PRICE,,,,amarillo|positivo|popular,MISSING_VALID_PRICE
AG-2432,NEGRO Popular,MISSING_VALID_PRICE,NEW_PRODUCT_WITHOUT_PRICE,,,,,,,KEEP_MANUAL_REVIEW,HIGH,COT_95d1.xlsx,False,False,False,NO_PRICE,,,,negro|popular,MISSING_VALID_PRICE
AG-2433,AZUL Positivo Popular,MISSING_VALID_PRICE,NEW_PRODUCT_WITHOUT_PRICE,,,,,,,KEEP_MANUAL_REVIEW,HIGH,COT_95d1.xlsx,False,False,False,NO_PRICE,,,,azul|positivo|popular,MISSING_VALID_PRICE
AG-2434,AZUL CIELO Tropical,MISSING_VALID_PRICE,NEW_PRODUCT_WITHOUT_PRICE,,,,,,,KEEP_MANUAL_REVIEW,HIGH,COT_95d1.xlsx,False,False,False,NO_PRICE,,,,azul|cielo|tropical,MISSING_VALID_PRICE
AG-2435,VERDE Positivo Popular,MISSING_VALID_PRICE,NEW_PRODUCT_WITHOUT_PRICE,,,,,,,KEEP_MANUAL_REVIEW,HIGH,COT_95d1.xlsx,False,False,False,NO_PRICE,,,,verde|positivo|popular,MISSING_VALID_PRICE
AG-2436,GRIS CLARO Tropical,MISSING_VALID_PRICE,NEW_PRODUCT_WITHOUT_PRICE,,,,,,,KEEP_MANUAL_REVIEW,HIGH,COT_95d1.xlsx,False,False,False,NO_PRICE,,,,gris|claro|tropical,MISSING_VALID_PRICE
AG-2437,Terracota Popular,MISSING_VALID_PRICE,NEW_PRODUCT_WITHOUT_PRICE,,,,,,,KEEP_MANUAL_REVIEW,HIGH,COT_95d1.xlsx,False,False,False,NO_PRICE,,,,terracota|popular,MISSING_VALID_PRICE
AG-2438,Naranja Positivo Tropical,MISSING_VALID_PRICE,NEW_PRODUCT_WITHOUT_PRICE,,,,,,,KEEP_MANUAL_REVIEW,HIGH,COT_95d1.xlsx,False,False,False,NO_PRICE,,,,naranja|positivo|tropical,MISSING_VALID_PRICE
AG-2457,Fechas: 1/12/2025- 21/12/2025 7:00 PM,MISSING_VALID_PRICE,NEW_PRODUCT_WITHOUT_PRICE,,,,,,,KEEP_MANUAL_REVIEW,HIGH,FORMATO_DE_COTIZACION_2_21f4.xlsx,False,False,False,NO_PRICE,,,,fechas|1/12/2025-|21/12/2025|7|00|pm|1/12,MISSING_VALID_PRICE
AG-2458,"LUGAR: (boulevard De Las Américas) Av. Las Américas Hacia El Puente, Av. Sabana Larga,",MISSING_VALID_PRICE,NEW_PRODUCT_WITHOUT_PRICE,,,,,,,KEEP_MANUAL_REVIEW,HIGH,FORMATO_DE_COTIZACION_2_21f4.xlsx,False,False,False,NO_PRICE,,,,lugar|boulevard|americas|av.|americas|hacia|puente|av.,MISSING_VALID_PRICE
AG-2459,BANNER 20x10,MISSING_VALID_PRICE,NEW_PRODUCT_WITHOUT_PRICE,,,,,,,KEEP_MANUAL_REVIEW,HIGH,FORMATO_DE_COTIZACION_2_21f4.xlsx,False,False,False,NO_PRICE,,,,banner|20x10,MISSING_VALID_PRICE
AG-2460,NOTA: Esta Cotizacion Incluye 2 Carteleras En El Mismo Lugar (boulevard De Las Américas),MISSING_VALID_PRICE,NEW_PRODUCT_WITHOUT_PRICE,,,,,,,KEEP_MANUAL_REVIEW,HIGH,FORMATO_DE_COTIZACION_2_21f4.xlsx,False,False,False,NO_PRICE,,,,nota|esta|cotizacion|incluye|2|carteleras|mismo|lugar,MISSING_VALID_PRICE
AG-2461,FECHA: Lunes 1/12/2025 7:00 PM,MISSING_VALID_PRICE,NEW_PRODUCT_WITHOUT_PRICE,,,,,,,KEEP_MANUAL_REVIEW,HIGH,FORMATO_DE_COTIZACION_2_21f4.xlsx,False,False,False,NO_PRICE,,,,fecha|lunes|1/12/2025|7|00|pm|1/12,MISSING_VALID_PRICE
AG-2462,NOTA: Cotización Con El Costo Estimado De Un (1) Evento,MISSING_VALID_PRICE,NEW_PRODUCT_WITHOUT_PRICE,,,,,,,KEEP_MANUAL_REVIEW,HIGH,FORMATO_DE_COTIZACION_2_21f4.xlsx,False,False,False,NO_PRICE,,,,nota|cotizacion|costo|estimado|un|1|evento,MISSING_VALID_PRICE
AG-2463,Fechas: Lunes 1/12/2025 7:00 PM,MISSING_VALID_PRICE,NEW_PRODUCT_WITHOUT_PRICE,,,,,,,KEEP_MANUAL_REVIEW,HIGH,FORMATO_DE_COTIZACION_2_21f4.xlsx,False,False,False,NO_PRICE,,,,fechas|lunes|1/12/2025|7|00|pm|1/12,MISSING_VALID_PRICE
AG-2474,Blanco 50 (175 Cubetas),MISSING_VALID_PRICE,NEW_PRODUCT_WITHOUT_PRICE,,,,,,,KEEP_MANUAL_REVIEW,HIGH,FORMATO_DE_COTIZACION_2_21f4.xlsx,False,False,False,NO_PRICE,,,,blanco|50|175|cubetas,MISSING_VALID_PRICE
AG-2475,Azul Turquesa (100 Cubetas),MISSING_VALID_PRICE,NEW_PRODUCT_WITHOUT_PRICE,,,,,,,KEEP_MANUAL_REVIEW,HIGH,FORMATO_DE_COTIZACION_2_21f4.xlsx,False,False,False,NO_PRICE,,,,azul|turquesa|100|cubetas,MISSING_VALID_PRICE
AG-2476,Rojo Positivo (150 Cubetas),MISSING_VALID_PRICE,NEW_PRODUCT_WITHOUT_PRICE,,,,,,,KEEP_MANUAL_REVIEW,HIGH,FORMATO_DE_COTIZACION_2_21f4.xlsx,False,False,False,NO_PRICE,,,,rojo|positivo|150|cubetas,MISSING_VALID_PRICE
AG-2477,Amarillo Positivo (150 Cubetas),MISSING_VALID_PRICE,NEW_PRODUCT_WITHOUT_PRICE,,,,,,,KEEP_MANUAL_REVIEW,HIGH,FORMATO_DE_COTIZACION_2_21f4.xlsx,False,False,False,NO_PRICE,,,,amarillo|positivo|150|cubetas,MISSING_VALID_PRICE
AG-2478,Negro (55 Cubetas),MISSING_VALID_PRICE,NEW_PRODUCT_WITHOUT_PRICE,,,,,,,KEEP_MANUAL_REVIEW,HIGH,FORMATO_DE_COTIZACION_2_21f4.xlsx,False,False,False,NO_PRICE,,,,negro|55|cubetas,MISSING_VALID_PRICE
AG-2479,Azul Positivo (200 Cubetas),MISSING_VALID_PRICE,NEW_PRODUCT_WITHOUT_PRICE,,,,,,,KEEP_MANUAL_REVIEW,HIGH,FORMATO_DE_COTIZACION_2_21f4.xlsx,False,False,False,NO_PRICE,,,,azul|positivo|200|cubetas,MISSING_VALID_PRICE
AG-2480,Azul Cielo (50 Cubetas),MISSING_VALID_PRICE,NEW_PRODUCT_WITHOUT_PRICE,,,,,,,KEEP_MANUAL_REVIEW,HIGH,FORMATO_DE_COTIZACION_2_21f4.xlsx,False,False,False,NO_PRICE,,,,azul|cielo|50|cubetas,MISSING_VALID_PRICE
AG-2481,Verde Positivo (50 Cubetas),MISSING_VALID_PRICE,NEW_PRODUCT_WITHOUT_PRICE,,,,,,,KEEP_MANUAL_REVIEW,HIGH,FORMATO_DE_COTIZACION_2_21f4.xlsx,False,False,False,NO_PRICE,,,,verde|positivo|50|cubetas,MISSING_VALID_PRICE
AG-2482,Gris Claro (100 Cubetas),MISSING_VALID_PRICE,NEW_PRODUCT_WITHOUT_PRICE,,,,,,,KEEP_MANUAL_REVIEW,HIGH,FORMATO_DE_COTIZACION_2_21f4.xlsx,False,False,False,NO_PRICE,,,,gris|claro|100|cubetas,MISSING_VALID_PRICE
AG-2483,Terracota (100 Cubetas),MISSING_VALID_PRICE,NEW_PRODUCT_WITHOUT_PRICE,,,,,,,KEEP_MANUAL_REVIEW,HIGH,FORMATO_DE_COTIZACION_2_21f4.xlsx,False,False,False,NO_PRICE,,,,terracota|100|cubetas,MISSING_VALID_PRICE
AG-2484,Naranja Positivo (100 Cubetas),MISSING_VALID_PRICE,NEW_PRODUCT_WITHOUT_PRICE,,,,,,,KEEP_MANUAL_REVIEW,HIGH,FORMATO_DE_COTIZACION_2_21f4.xlsx,False,False,False,NO_PRICE,,,,naranja|positivo|100|cubetas,MISSING_VALID_PRICE
AG-2490,FUNDAS Plasticas NEGRAS 55 GLS,MISSING_VALID_PRICE,NEW_PRODUCT_WITHOUT_PRICE,,,,,,,KEEP_MANUAL_REVIEW,HIGH,FORMATO_DE_COTIZACION_2_21f4.xlsx,False,False,False,NO_PRICE,,,,fundas|plasticas|negras|55|gls,MISSING_VALID_PRICE
AG-2491,FUNDAS Plasticas NEGRAS 24x30,MISSING_VALID_PRICE,NEW_PRODUCT_WITHOUT_PRICE,,,,,,,KEEP_MANUAL_REVIEW,HIGH,FORMATO_DE_COTIZACION_2_21f4.xlsx,False,False,False,NO_PRICE,,,,fundas|plasticas|negras|24x30,MISSING_VALID_PRICE
AG-2492,FUNDAS Plasticas ROJA 55 GLS,MISSING_VALID_PRICE,NEW_PRODUCT_WITHOUT_PRICE,,,,,,,KEEP_MANUAL_REVIEW,HIGH,FORMATO_DE_COTIZACION_2_21f4.xlsx,False,False,False,NO_PRICE,,,,fundas|plasticas|roja|55|gls,MISSING_VALID_PRICE
AG-2493,FUNDAS Plasticas ROJA 24x30,MISSING_VALID_PRICE,NEW_PRODUCT_WITHOUT_PRICE,,,,,,,KEEP_MANUAL_REVIEW,HIGH,FORMATO_DE_COTIZACION_2_21f4.xlsx,False,False,False,NO_PRICE,,,,fundas|plasticas|roja|24x30,MISSING_VALID_PRICE
AG-2523,SACO DE ARROZ AA 125LB,MISSING_VALID_PRICE,NEW_PRODUCT_WITHOUT_PRICE,,,,,,,KEEP_MANUAL_REVIEW,HIGH,cotizacion_del_marcelino_9bd9.xlsx,True,False,False,NO_PRICE,,,,saco|arroz|aa|125|lb|125 lb,MISSING_VALID_PRICE
AG-2524,SACO DE AZUCAR CREMA 125LB,MISSING_VALID_PRICE,NEW_PRODUCT_WITHOUT_PRICE,,,,,,,KEEP_MANUAL_REVIEW,HIGH,cotizacion_del_marcelino_9bd9.xlsx,True,False,False,NO_PRICE,,,,saco|azucar|crema|125|lb|125 lb,MISSING_VALID_PRICE
AG-2525,SACO DE SAL MOLIDA 125LB,MISSING_VALID_PRICE,NEW_PRODUCT_WITHOUT_PRICE,,,,,,,KEEP_MANUAL_REVIEW,HIGH,cotizacion_del_marcelino_9bd9.xlsx,False,False,False,NO_PRICE,,,,saco|sal|molida|125|lb|125 lb,MISSING_VALID_PRICE
AG-2526,SACOS DE Habichuelas GIRA 100LB,MISSING_VALID_PRICE,NEW_PRODUCT_WITHOUT_PRICE,,,,,,,KEEP_MANUAL_REVIEW,HIGH,cotizacion_del_marcelino_9bd9.xlsx,True,False,False,NO_PRICE,,,,sacos|habichuelas|gira|100|lb|100 lb,MISSING_VALID_PRICE
AG-2527,SACOS DE Habichuelas ROJAS 100LB,MISSING_VALID_PRICE,NEW_PRODUCT_WITHOUT_PRICE,,,,,,,KEEP_MANUAL_REVIEW,HIGH,cotizacion_del_marcelino_9bd9.xlsx,True,False,False,NO_PRICE,,,,sacos|habichuelas|rojas|100|lb|100 lb,MISSING_VALID_PRICE
AG-2528,SACOS DE Habichuelas NEGRAS 100LB,MISSING_VALID_PRICE,NEW_PRODUCT_WITHOUT_PRICE,,,,,,,KEEP_MANUAL_REVIEW,HIGH,cotizacion_del_marcelino_9bd9.xlsx,True,False,False,NO_PRICE,,,,sacos|habichuelas|negras|100|lb|100 lb,MISSING_VALID_PRICE
AG-2529,SACO DE TRIGO 50LB,MISSING_VALID_PRICE,NEW_PRODUCT_WITHOUT_PRICE,,,,,,,KEEP_MANUAL_REVIEW,HIGH,cotizacion_del_marcelino_9bd9.xlsx,False,False,False,NO_PRICE,,,,saco|trigo|50|lb|50 lb,MISSING_VALID_PRICE
AG-2530,SACO DE AVENA 100LB LA America,MISSING_VALID_PRICE,NEW_PRODUCT_WITHOUT_PRICE,,,,,,,KEEP_MANUAL_REVIEW,HIGH,cotizacion_del_marcelino_9bd9.xlsx,False,False,False,NO_PRICE,,,,saco|avena|100|lb|america|100 lb,MISSING_VALID_PRICE
AG-2531,SACO DE HARINA DE TRIGO 50LB Blanquita,MISSING_VALID_PRICE,NEW_PRODUCT_WITHOUT_PRICE,,,,,,,KEEP_MANUAL_REVIEW,HIGH,cotizacion_del_marcelino_9bd9.xlsx,True,False,False,NO_PRICE,,,,saco|harina|trigo|50|lb|blanquita|50 lb,MISSING_VALID_PRICE
AG-2532,Galletas DE SODA FARDO,MISSING_VALID_PRICE,NEW_PRODUCT_WITHOUT_PRICE,,,,,,,KEEP_MANUAL_REVIEW,HIGH,cotizacion_del_marcelino_9bd9.xlsx,False,False,False,NO_PRICE,,,,galletas|soda|fardo,MISSING_VALID_PRICE
AG-2533,Maicena C/40 125GR,MISSING_VALID_PRICE,NEW_PRODUCT_WITHOUT_PRICE,,,,,,,KEEP_MANUAL_REVIEW,HIGH,cotizacion_del_marcelino_9bd9.xlsx,False,False,False,NO_PRICE,,,,maicena|c/40|125gr,MISSING_VALID_PRICE
AG-2534,HARINA DEL Negrito 40/1 425 GR,MISSING_VALID_PRICE,NEW_PRODUCT_WITHOUT_PRICE,,,,,,,KEEP_MANUAL_REVIEW,HIGH,cotizacion_del_marcelino_9bd9.xlsx,True,False,False,NO_PRICE,,,,harina|negrito|40/1|425|gr|40/1,MISSING_VALID_PRICE
AG-2535,CAFÉ PAQ 1LB SANTO Domingo,MISSING_VALID_PRICE,NEW_PRODUCT_WITHOUT_PRICE,,,,,,,KEEP_MANUAL_REVIEW,HIGH,cotizacion_del_marcelino_9bd9.xlsx,False,False,False,NO_PRICE,,,,cafe|paq|1|lb|santo|domingo|1 lb,MISSING_VALID_PRICE
AG-2536,CAJA DE SAZON EN POLVO 24/1 MAGGI,MISSING_VALID_PRICE,NEW_PRODUCT_WITHOUT_PRICE,,,,,,,KEEP_MANUAL_REVIEW,HIGH,cotizacion_del_marcelino_9bd9.xlsx,False,False,False,NO_PRICE,,,,caja|sazon|polvo|24/1|maggi|24/1,MISSING_VALID_PRICE
AG-2537,CAJA DE SAZON Liquido 4 GAL BALDOM,MISSING_VALID_PRICE,NEW_PRODUCT_WITHOUT_PRICE,,,,,,,KEEP_MANUAL_REVIEW,HIGH,cotizacion_del_marcelino_9bd9.xlsx,False,False,False,NO_PRICE,,,,caja|sazon|liquido|4|gal|baldom|4 gal,MISSING_VALID_PRICE
AG-2538,CAJA DE Guandules CON COCO 24/1,MISSING_VALID_PRICE,NEW_PRODUCT_WITHOUT_PRICE,,,,,,,KEEP_MANUAL_REVIEW,HIGH,cotizacion_del_marcelino_9bd9.xlsx,False,False,False,NO_PRICE,,,,caja|guandules|coco|24/1|24/1,MISSING_VALID_PRICE
AG-2539,CAJA DE Guandules 24/1 LA FAMOSA,MISSING_VALID_PRICE,NEW_PRODUCT_WITHOUT_PRICE,,,,,,,KEEP_MANUAL_REVIEW,HIGH,cotizacion_del_marcelino_9bd9.xlsx,False,False,False,NO_PRICE,,,,caja|guandules|24/1|famosa|24/1,MISSING_VALID_PRICE
AG-2540,CAJA DE LECHE DE COCO 24/1,MISSING_VALID_PRICE,NEW_PRODUCT_WITHOUT_PRICE,,,,,,,KEEP_MANUAL_REVIEW,HIGH,cotizacion_del_marcelino_9bd9.xlsx,True,False,False,NO_PRICE,,,,caja|leche|coco|24/1|24/1,MISSING_VALID_PRICE
AG-2541,LATA DE ACEITE GRANDE Special,MISSING_VALID_PRICE,NEW_PRODUCT_WITHOUT_PRICE,,,,,,,KEEP_MANUAL_REVIEW,HIGH,cotizacion_del_marcelino_9bd9.xlsx,False,False,False,NO_PRICE,,,,lata|aceite|grande|special,MISSING_VALID_PRICE
AG-2542,CAJA DE PASTA DE TOMATE LINDA,MISSING_VALID_PRICE,NEW_PRODUCT_WITHOUT_PRICE,,,,,,,KEEP_MANUAL_REVIEW,HIGH,cotizacion_del_marcelino_9bd9.xlsx,False,False,False,NO_PRICE,,,,caja|pasta|tomate|linda,MISSING_VALID_PRICE
AG-2543,CAJA DE LECHE Evaporada 48/1 Carnation,MISSING_VALID_PRICE,NEW_PRODUCT_WITHOUT_PRICE,,,,,,,KEEP_MANUAL_REVIEW,HIGH,cotizacion_del_marcelino_9bd9.xlsx,True,False,False,NO_PRICE,,,,caja|leche|evaporada|48/1|carnation|48/1,MISSING_VALID_PRICE
AG-2544,CAJA DE MAIZ DULCE 24/1 LA FAMOSA,MISSING_VALID_PRICE,NEW_PRODUCT_WITHOUT_PRICE,,,,,,,KEEP_MANUAL_REVIEW,HIGH,cotizacion_del_marcelino_9bd9.xlsx,False,False,False,NO_PRICE,,,,caja|maiz|dulce|24/1|famosa|24/1,MISSING_VALID_PRICE
AG-2545,CAJA DE TUNA EN TROZOS EN ACEITE Vegetal 24/1 CHERRY S. TROZO,MISSING_VALID_PRICE,NEW_PRODUCT_WITHOUT_PRICE,,,,,,,KEEP_MANUAL_REVIEW,HIGH,cotizacion_del_marcelino_9bd9.xlsx,True,False,False,NO_PRICE,,,,caja|tuna|trozos|aceite|vegetal|24/1|cherry|s.|24/1,MISSING_VALID_PRICE
AG-2546,CAJA DE Mayonesa C/4 POSTES DE 5LB BALDOM,MISSING_VALID_PRICE,NEW_PRODUCT_WITHOUT_PRICE,,,,,,,KEEP_MANUAL_REVIEW,HIGH,cotizacion_del_marcelino_9bd9.xlsx,True,False,False,NO_PRICE,,,,caja|mayonesa|c/4|postes|5|lb|baldom|5 lb,MISSING_VALID_PRICE
AG-2547,CAJAS DE Mantequilla C4 TARROS DE 5LB,MISSING_VALID_PRICE,NEW_PRODUCT_WITHOUT_PRICE,,,,,,,KEEP_MANUAL_REVIEW,HIGH,cotizacion_del_marcelino_9bd9.xlsx,True,False,False,NO_PRICE,,,,cajas|mantequilla|c4|tarros|5|lb|5 lb,MISSING_VALID_PRICE
AG-2548,CAJA DE Vinagre C/4 GL AMBAR Constanza,MISSING_VALID_PRICE,NEW_PRODUCT_WITHOUT_PRICE,,,,,,,KEEP_MANUAL_REVIEW,HIGH,cotizacion_del_marcelino_9bd9.xlsx,False,False,False,NO_PRICE,,,,caja|vinagre|c/4|gal|ambar|constanza|4 gl,MISSING_VALID_PRICE
AG-2549,CAJA DE SALSA CHINA C/4 GL BALDOM,MISSING_VALID_PRICE,NEW_PRODUCT_WITHOUT_PRICE,,,,,,,KEEP_MANUAL_REVIEW,HIGH,cotizacion_del_marcelino_9bd9.xlsx,False,False,False,NO_PRICE,,,,caja|salsa|china|c/4|gal|baldom|4 gl,MISSING_VALID_PRICE
AG-2550,CAJA DE SOPITA 6/1 240 UND DOÑA Gallina,MISSING_VALID_PRICE,NEW_PRODUCT_WITHOUT_PRICE,,,,,,,KEEP_MANUAL_REVIEW,HIGH,cotizacion_del_marcelino_9bd9.xlsx,False,False,False,NO_PRICE,,,,caja|sopita|6/1|240|und|dona|gallina|6/1,MISSING_VALID_PRICE
AG-2551,CAJAS DE Chocolates EN Tabletas 60TB Embajador,MISSING_VALID_PRICE,NEW_PRODUCT_WITHOUT_PRICE,,,,,,,KEEP_MANUAL_REVIEW,HIGH,cotizacion_del_marcelino_9bd9.xlsx,False,False,False,NO_PRICE,,,,cajas|chocolates|tabletas|60tb|embajador,MISSING_VALID_PRICE
AG-2552,FUNDA DE LECHE EN POLVO DE 55LB INCO,MISSING_VALID_PRICE,NEW_PRODUCT_WITHOUT_PRICE,,,,,,,KEEP_MANUAL_REVIEW,HIGH,cotizacion_del_marcelino_9bd9.xlsx,True,False,False,NO_PRICE,,,,funda|leche|polvo|55|lb|inco|55 lb,MISSING_VALID_PRICE
AG-2553,FARDO DE Espaguetis 10 LB MILANO,MISSING_VALID_PRICE,NEW_PRODUCT_WITHOUT_PRICE,,,,,,,KEEP_MANUAL_REVIEW,HIGH,cotizacion_del_marcelino_9bd9.xlsx,False,False,False,NO_PRICE,,,,fardo|espaguetis|10|lb|milano|10 lb,MISSING_VALID_PRICE
AG-2554,Espirales 10/1 MIXTOS,MISSING_VALID_PRICE,NEW_PRODUCT_WITHOUT_PRICE,,,,,,,KEEP_MANUAL_REVIEW,HIGH,cotizacion_del_marcelino_9bd9.xlsx,False,False,False,NO_PRICE,,,,espirales|10/1|mixtos|10/1,MISSING_VALID_PRICE
AG-2555,FIDEOS FARDOS 10/1 MILANO,MISSING_VALID_PRICE,NEW_PRODUCT_WITHOUT_PRICE,,,,,,,KEEP_MANUAL_REVIEW,HIGH,cotizacion_del_marcelino_9bd9.xlsx,False,False,False,NO_PRICE,,,,fideos|fardos|10/1|milano|10/1,MISSING_VALID_PRICE
AG-2556,Vainilla BLANCA GL,MISSING_VALID_PRICE,NEW_PRODUCT_WITHOUT_PRICE,,,,,,,KEEP_MANUAL_REVIEW,HIGH,cotizacion_del_marcelino_9bd9.xlsx,False,False,False,NO_PRICE,,,,vainilla|blanca|gal,MISSING_VALID_PRICE
AG-2557,VINO BLANCO PARA Cocinar CHEFF,MISSING_VALID_PRICE,NEW_PRODUCT_WITHOUT_PRICE,,,,,,,KEEP_MANUAL_REVIEW,HIGH,cotizacion_del_marcelino_9bd9.xlsx,False,False,False,NO_PRICE,,,,vino|blanco|para|cocinar|cheff,MISSING_VALID_PRICE
AG-2558,ACEITE Vegetal GL FIGARO,MISSING_VALID_PRICE,NEW_PRODUCT_WITHOUT_PRICE,,,,,,,KEEP_MANUAL_REVIEW,HIGH,cotizacion_del_marcelino_9bd9.xlsx,True,False,False,NO_PRICE,,,,aceite|vegetal|gal|figaro,MISSING_VALID_PRICE
AG-2559,PAN Integral VIGA FUNDA,MISSING_VALID_PRICE,NEW_PRODUCT_WITHOUT_PRICE,,,,,,,KEEP_MANUAL_REVIEW,HIGH,cotizacion_del_marcelino_9bd9.xlsx,False,False,False,NO_PRICE,,,,pan|integral|viga|funda,MISSING_VALID_PRICE
AG-2560,PAN BLANCO VIGA FUNDA Lumijor,MISSING_VALID_PRICE,NEW_PRODUCT_WITHOUT_PRICE,,,,,,,KEEP_MANUAL_REVIEW,HIGH,cotizacion_del_marcelino_9bd9.xlsx,False,False,False,NO_PRICE,,,,pan|blanco|viga|funda|lumijor,MISSING_VALID_PRICE
AG-2561,Gelatina CAJA 48 UND ROYAL,MISSING_VALID_PRICE,NEW_PRODUCT_WITHOUT_PRICE,,,,,,,KEEP_MANUAL_REVIEW,HIGH,cotizacion_del_marcelino_9bd9.xlsx,False,False,False,NO_PRICE,,,,gelatina|caja|48|und|royal,MISSING_VALID_PRICE
AG-2562,Compota Pequeñas,MISSING_VALID_PRICE,NEW_PRODUCT_WITHOUT_PRICE,,,,,,,KEEP_MANUAL_REVIEW,HIGH,cotizacion_del_marcelino_9bd9.xlsx,False,False,False,NO_PRICE,,,,compota|pequenas,MISSING_VALID_PRICE
AG-2563,JUGOS Pequños DE CARTON 200ML SANTAL,MISSING_VALID_PRICE,NEW_PRODUCT_WITHOUT_PRICE,,,,,,,KEEP_MANUAL_REVIEW,HIGH,cotizacion_del_marcelino_9bd9.xlsx,False,False,False,NO_PRICE,,,,jugos|pequnos|carton|200ml|santal,MISSING_VALID_PRICE
AG-2564,Azafran 12/9 G,MISSING_VALID_PRICE,NEW_PRODUCT_WITHOUT_PRICE,,,,,,,KEEP_MANUAL_REVIEW,HIGH,cotizacion_del_marcelino_9bd9.xlsx,False,False,False,NO_PRICE,,,,azafran|12/9|g|12/9,MISSING_VALID_PRICE
