product_tmpl_id,product_id,name,active,company_id,type,sale_ok,purchase_ok,list_price,standard_price,currency,uom,category,last_quotation_price,last_quotation_date,last_sale_order_price,last_sale_order_date,last_invoice_price,last_invoice_date,recent_avg_price,price_status,price_difference_pct,recommended_action,evidence,notes
1242,1242,05-A NEGRO,True,False,consu,True,True,7042.0,0.0,DOP,Units,Ferretería,,,,,,,,NO_SALES_HISTORY,,NO_ACTION,master=7042.0,"has master price, no quotation/sale/invoice lines"
1232,1232,05-A NEGRO TONER HP PAGINA PARA Impresora Laserjet,True,False,consu,True,True,12963.0,0.0,DOP,Units,Tecnología,,,,,,,,NO_SALES_HISTORY,,NO_ACTION,master=12963.0,"has master price, no quotation/sale/invoice lines"
1193,1193,12R22.5 GMX GM869 18PR Combinada,True,False,consu,True,True,21830.51,0.0,DOP,Units,Ferretería,,,,,,,,NO_SALES_HISTORY,,NO_ACTION,master=21830.51,"has master price, no quotation/sale/invoice lines"
1192,1192,12R24.5- Grandstone ZIGZAG GT168,True,False,consu,True,True,27898.13,0.0,DOP,Units,Ferretería,,,,,,,,NO_SALES_HISTORY,,NO_ACTION,master=27898.13,"has master price, no quotation/sale/invoice lines"
1238,1238,131-A Amarillo,True,False,consu,True,True,6778.81,0.0,DOP,Units,Ferretería,,,,,,,,NO_SALES_HISTORY,,NO_ACTION,master=6778.81,"has master price, no quotation/sale/invoice lines"
1228,1228,131-A Amarillo Paginas PARA Impresora COLOR Laserjet,True,False,consu,True,True,12300.21,0.0,DOP,Units,Tecnología,,,,,,,,NO_SALES_HISTORY,,NO_ACTION,master=12300.21,"has master price, no quotation/sale/invoice lines"
1241,1241,136-A NEGRO,True,False,consu,True,True,1850.0,0.0,DOP,Units,Ferretería,,,,,,,,NO_SALES_HISTORY,,NO_ACTION,master=1850.0,"has master price, no quotation/sale/invoice lines"
1231,1231,136-A NEGRO TONER Standard HP,True,False,consu,True,True,4975.0,0.0,DOP,Units,Tecnología,,,,,,,,NO_SALES_HISTORY,,NO_ACTION,master=4975.0,"has master price, no quotation/sale/invoice lines"
1239,1239,137-A NEGRO,True,False,consu,True,True,2000.0,0.0,DOP,Units,Ferretería,,,,,,,,NO_SALES_HISTORY,,NO_ACTION,master=2000.0,"has master price, no quotation/sale/invoice lines"
1229,1229,137-A NEGRO TONER Standard HP,True,False,consu,True,True,6295.0,0.0,DOP,Units,Tecnología,,,,,,,,NO_SALES_HISTORY,,NO_ACTION,master=6295.0,"has master price, no quotation/sale/invoice lines"
856,856,14111530 - Papel De Notas(...),True,False,consu,True,True,26.0,0.0,DOP,Units,Oficina,,,,,,,,NO_SALES_HISTORY,,NO_ACTION,master=26.0,"has master price, no quotation/sale/invoice lines"
261,261,1/4 Masilla P/madera Wood F Caoba WF-828-,True,False,consu,True,True,630.0,0.0,DOP,Units,Mobiliario,,,,,,,,NO_SALES_HISTORY,,NO_ACTION,master=630.0,"has master price, no quotation/sale/invoice lines"
262,262,1/4 Pasta Acrilica Cano (32 OZ),True,False,consu,True,True,790.0,0.0,DOP,Units,Ferretería,,,,,,,,NO_SALES_HISTORY,,NO_ACTION,master=790.0,"has master price, no quotation/sale/invoice lines"
469,469,1/4 PASTA Acrilica CANO BLANCA (32 OZ),True,False,consu,True,True,790.0,0.0,DOP,Units,Ferretería,,,,,,,,NO_SALES_HISTORY,,NO_ACTION,master=790.0,"has master price, no quotation/sale/invoice lines"
470,470,1/4 PASTA Acrilica CANO CAOBA (32 OZ),True,False,consu,True,True,400.49,0.0,DOP,Units,Ferretería,,,,,,,,NO_SALES_HISTORY,,NO_ACTION,master=400.49,"has master price, no quotation/sale/invoice lines"
671,671,1/4 PASTA Acrilica CANO MARRON (32 OZ),True,False,consu,True,True,790.0,0.0,DOP,Units,Ferretería,,,,,,,,NO_SALES_HISTORY,,NO_ACTION,master=790.0,"has master price, no quotation/sale/invoice lines"
1194,1194,195R15COSMO EL JEFE VAN Ll 8 PR,True,False,consu,True,True,8944.95,0.0,DOP,Units,Ferretería,,,,,,,,NO_SALES_HISTORY,,NO_ACTION,master=8944.95,"has master price, no quotation/sale/invoice lines"
140,140,201-A TONER HP PARA IMPRESORA COLOR LASERJET (W277),True,False,consu,True,True,5645.0,0.0,DOP,Units,,,,,,5645.0,2026-08-14,5645.0,PRICE_OK,0.0,KEEP,inv=5645.0@2026-08-14; master=5645.0,master aligned with recent commercial prices
141,141,215-A TONER HP LASERJET PRO 201A (CF401A) CYAN,True,False,consu,True,True,6947.0,0.0,DOP,Units,,,,,,6947.0,2026-08-14,6947.0,PRICE_OK,0.0,KEEP,inv=6947.0@2026-08-14; master=6947.0,master aligned with recent commercial prices
1224,1224,215-A TONER HP PARA Impresora COLOR Laserjet (w2310a ) NEGRO,True,False,consu,True,True,6952.05,0.0,DOP,Units,Tecnología,,,,,,,,NO_SALES_HISTORY,,NO_ACTION,master=6952.05,"has master price, no quotation/sale/invoice lines"
1234,1234,215-A (w2310a ) Magenta,True,False,consu,True,True,3894.07,0.0,DOP,Units,Ferretería,,,,,,,,NO_SALES_HISTORY,,NO_ACTION,master=3894.07,"has master price, no quotation/sale/invoice lines"
1233,1233,215-A (w2310a ) NEGRO,True,False,consu,True,True,3605.93,0.0,DOP,Units,Ferretería,,,,,,,,NO_SALES_HISTORY,,NO_ACTION,master=3605.93,"has master price, no quotation/sale/invoice lines"
1195,1195,265/65R17 Bfgoodrich Trail-terra,True,False,consu,True,True,19386.64,0.0,DOP,Units,Ferretería,,,,,,,,NO_SALES_HISTORY,,NO_ACTION,master=19386.64,"has master price, no quotation/sale/invoice lines"
509,509,2812013 Recogedor LINDA C/PALO PALOS 32 PULG LINDA,True,False,consu,True,True,250.0,0.0,DOP,Units,Ferretería,,,,,,,,NO_SALES_HISTORY,,NO_ACTION,master=250.0,"has master price, no quotation/sale/invoice lines"
844,844,43201811 - Disco Versátil(...),True,False,consu,True,True,18.22,0.0,DOP,Units,Ferretería,,,,,,,,NO_SALES_HISTORY,,NO_ACTION,master=18.22,"has master price, no quotation/sale/invoice lines"
833,833,43202001 - Discos Compact(...),True,False,consu,True,True,19.71,0.0,DOP,Units,Ferretería,,,,,,,,NO_SALES_HISTORY,,NO_ACTION,master=19.71,"has master price, no quotation/sale/invoice lines"
853,853,44101602 - Máquinas Perfo(...),True,False,consu,True,True,1250.0,0.0,DOP,Units,Ferretería,,,,,,,,NO_SALES_HISTORY,,NO_ACTION,master=1250.0,"has master price, no quotation/sale/invoice lines"
827,827,44103111 - Rollos De Tint(...),True,False,consu,True,True,150.0,0.0,DOP,Units,Ferretería,,,,,,,,NO_SALES_HISTORY,,NO_ACTION,master=150.0,"has master price, no quotation/sale/invoice lines"
847,847,44111515 - Cajas U Organi(...),True,False,consu,True,True,210.0,0.0,DOP,Units,Ferretería,,,,,,,,NO_SALES_HISTORY,,NO_ACTION,master=210.0,"has master price, no quotation/sale/invoice lines"
832,832,44121615 - Grapadoras,True,False,consu,True,True,1700.0,0.0,DOP,Units,Ferretería,,,,,,,,NO_SALES_HISTORY,,NO_ACTION,master=1700.0,"has master price, no quotation/sale/invoice lines"
851,851,44121622 - Humectante O C(...),True,False,consu,True,True,70.0,0.0,DOP,Units,Ferretería,,,,,,,,NO_SALES_HISTORY,,NO_ACTION,master=70.0,"has master price, no quotation/sale/invoice lines"
846,846,44121706 - Lápices De Mad(...),True,False,consu,True,True,6.0,0.0,DOP,Units,Ferretería,,,,,,,,NO_SALES_HISTORY,,NO_ACTION,master=6.0,"has master price, no quotation/sale/invoice lines"
838,838,44121708 - Marcadores,True,False,consu,True,True,17.0,0.0,DOP,Units,Ferretería,,,,,,,,NO_SALES_HISTORY,,NO_ACTION,master=17.0,"has master price, no quotation/sale/invoice lines"
843,843,44121716 - Resaltadores,True,False,consu,True,True,17.0,0.0,DOP,Units,Ferretería,,,,,,,,NO_SALES_HISTORY,,NO_ACTION,master=17.0,"has master price, no quotation/sale/invoice lines"
845,845,44121802 - Fluido De Corr(...),True,False,consu,True,True,35.0,0.0,DOP,Units,Ferretería,,,,,,,,NO_SALES_HISTORY,,NO_ACTION,master=35.0,"has master price, no quotation/sale/invoice lines"
834,834,44121905 - Almohadillas D(...),True,False,consu,True,True,800.0,0.0,DOP,Units,Ferretería,,,,,,,,NO_SALES_HISTORY,,NO_ACTION,master=800.0,"has master price, no quotation/sale/invoice lines"
820,820,44122011 - Folders,True,False,consu,True,True,350.0,0.0,DOP,Units,Oficina,,,,,,,,NO_SALES_HISTORY,,NO_ACTION,master=350.0,"has master price, no quotation/sale/invoice lines"
837,837,44122104 - Clips Para Pap(...),True,False,consu,True,True,37.0,0.0,DOP,Units,Ferretería,,,,,,,,NO_SALES_HISTORY,,NO_ACTION,master=37.0,"has master price, no quotation/sale/invoice lines"
1498,1498,5 Alambre THHN (AWG) #2 BLANCO PHELPS DODGE,True,False,consu,True,True,216.8,0.0,DOP,Units,Ferretería,,,,,,,,NO_SALES_HISTORY,,NO_ACTION,master=216.8,"has master price, no quotation/sale/invoice lines"
857,857,60121701 - Sellos De Esta(...),True,False,consu,True,True,1800.0,0.0,DOP,Units,Ferretería,,,,,,,,NO_SALES_HISTORY,,NO_ACTION,master=1800.0,"has master price, no quotation/sale/invoice lines"
82,82,6 TEFLON 3/4X0.075MMX10MTS ESTUCHE GENERICO,True,False,consu,True,True,61.97,0.0,DOP,Units,,,,,,61.97,2025-12-22,61.97,PRICE_OK,0.0,KEEP,inv=61.97@2025-12-22; master=61.97,master aligned with recent commercial prices
1240,1240,87-A NEGRO,True,False,consu,True,True,1330.0,0.0,DOP,Units,Ferretería,,,,,,,,NO_SALES_HISTORY,,NO_ACTION,master=1330.0,"has master price, no quotation/sale/invoice lines"
1230,1230,87-A NEGRO TONER CONY 87A,True,False,consu,True,True,4946.0,0.0,DOP,Units,Tecnología,,,,,,,,NO_SALES_HISTORY,,NO_ACTION,master=4946.0,"has master price, no quotation/sale/invoice lines"
1536,1536,Abanico DAIWA WF-S16M Pedestal 16'' SUPER GRIS,True,False,consu,True,True,2360.25,0.0,DOP,Units,Electrodomésticos,,,,,,,,NO_SALES_HISTORY,,NO_ACTION,master=2360.25,"has master price, no quotation/sale/invoice lines"
155,155,"ABANICO DAIWA WF-S16M PEDESTAL 16"" SUPER GRIS",True,False,consu,True,True,2000.25,0.0,DOP,Units,,,,,,2000.25,2026-08-18,2000.25,PRICE_OK,0.0,KEEP,inv=2000.25@2026-08-18; master=2000.25,master aligned with recent commercial prices
192,192,Abanico DE BOMBA Pedrollo CP-680A,True,False,consu,True,True,5000.0,0.0,DOP,Units,Electrodomésticos,,,,,,,,NO_SALES_HISTORY,,NO_ACTION,master=5000.0,"has master price, no quotation/sale/invoice lines"
441,441,Abanico DE PARED,True,False,consu,True,True,6845.0,0.0,DOP,Units,Electrodomésticos,,,,,,,,NO_SALES_HISTORY,,NO_ACTION,master=6845.0,"has master price, no quotation/sale/invoice lines"
431,431,Abanico DE PARED DAIWA,True,False,consu,True,True,6845.0,0.0,DOP,Units,Electrodomésticos,,,,,,,,NO_SALES_HISTORY,,NO_ACTION,master=6845.0,"has master price, no quotation/sale/invoice lines"
442,442,Abanico DE TECHO,True,False,consu,True,True,13875.0,0.0,DOP,Units,Electrodomésticos,,,,,,,,NO_SALES_HISTORY,,NO_ACTION,master=13875.0,"has master price, no quotation/sale/invoice lines"
433,433,Abanico DE TECHO HUNTER,True,False,consu,True,True,13875.0,0.0,DOP,Units,Electrodomésticos,,,,,,,,NO_SALES_HISTORY,,NO_ACTION,master=13875.0,"has master price, no quotation/sale/invoice lines"
1575,1575,Abanico Discovery HOME 16'',True,False,consu,True,True,2260.0,0.0,DOP,Units,Electrodomésticos,,,,,,,,NO_SALES_HISTORY,,NO_ACTION,master=2260.0,"has master price, no quotation/sale/invoice lines"
56,56,"ABANICO DISCOVERY HOME 16""",True,False,consu,True,True,1915.25,0.0,DOP,Units,,,,,,1915.25,2026-08-21,1915.25,PRICE_OK,0.0,KEEP,inv=1915.25@2026-08-21; master=1915.25,master aligned with recent commercial prices
1519,1519,"Abanico KDK N56LG TECHO 56"" NEGRO",True,False,consu,True,True,8389.83,0.0,DOP,Units,Electrodomésticos,,,,,,,,NO_SALES_HISTORY,,NO_ACTION,master=8389.83,"has master price, no quotation/sale/invoice lines"
1588,1588,"Abanicos DE Pedestal KGLG 16""",True,False,consu,True,True,2776.84,0.0,DOP,Units,Electrodomésticos,,,,,,,,NO_SALES_HISTORY,,NO_ACTION,master=2776.84,"has master price, no quotation/sale/invoice lines"
898,898,Abrazadera Unitron DE 3/4,True,False,consu,True,True,45.0,0.0,DOP,Units,Ferretería,,,,,,,,NO_SALES_HISTORY,,NO_ACTION,master=45.0,"has master price, no quotation/sale/invoice lines"
1402,1402,ACEITE 3 EN 1 1.05ONZ,True,False,consu,True,True,165.0,0.0,DOP,Units,Ferretería,,,,,,,,NO_SALES_HISTORY,,NO_ACTION,master=165.0,"has master price, no quotation/sale/invoice lines"
1528,1528,ACEITE DE SOYA LA JOYA 16 OZ 24/1,True,False,consu,True,True,1236.0,0.0,DOP,Units,Ferretería,,,,,,,,NO_SALES_HISTORY,,NO_ACTION,master=1236.0,"has master price, no quotation/sale/invoice lines"
1169,1169,ACEITE Kendall AIR COOLED 2T,True,False,consu,True,True,1250.0,0.0,DOP,Units,Material eléctrico,,,,,,,,NO_SALES_HISTORY,,NO_ACTION,master=1250.0,"has master price, no quotation/sale/invoice lines"
1170,1170,ACEITE Kendall MOTO 4T Mineral 20W-50,True,False,consu,True,True,1535.6,0.0,DOP,Units,Ferretería,,,,,,,,NO_SALES_HISTORY,,NO_ACTION,master=1535.6,"has master price, no quotation/sale/invoice lines"
170,170,Acera E=0.10m Malla Electrosold. D2.3 10x10 (violinada),True,False,consu,True,True,10300.0,0.0,DOP,Units,Ferretería,,,,,,,,NO_SALES_HISTORY,,NO_ACTION,master=10300.0,"has master price, no quotation/sale/invoice lines"
175,175,Acera En Hormigon 210 Kg/cm2- E=0.10m (violinada),True,False,consu,True,True,10300.0,0.0,DOP,Units,Construcción,,,,,,,,NO_SALES_HISTORY,,NO_ACTION,master=10300.0,"has master price, no quotation/sale/invoice lines"
903,903,"Acondicionador DE AIRE A/C Inverte DE 12MIL BTU, Eficiencia 16",True,False,consu,True,True,43992.5,0.0,DOP,Units,Ferretería,,,,,,,,NO_SALES_HISTORY,,NO_ACTION,master=43992.5,"has master price, no quotation/sale/invoice lines"
1186,1186,"Acondicionador DE AIRE A/C Inverte DE 18MIL BTU, Eficiencia 19 G-air/comfort TIME",True,False,consu,True,True,35995.84,0.0,DOP,Units,Ferretería,,,,,,,,NO_SALES_HISTORY,,NO_ACTION,master=35995.84,"has master price, no quotation/sale/invoice lines"
1187,1187,"Acondicionador DE AIRE A/C Inverte DE 24MIL BTU, Eficiencia 19 G-air/comfort TIME",True,False,consu,True,True,46988.4,0.0,DOP,Units,Ferretería,,,,,,,,NO_SALES_HISTORY,,NO_ACTION,master=46988.4,"has master price, no quotation/sale/invoice lines"
1188,1188,"Acondicionador DE AIRE Dutiable A/C Inverte DE 5 TON, Eficiencia 19 G-air/comfort TIME",True,False,consu,True,True,486958.0,0.0,DOP,Units,Ferretería,,,,,,,,NO_SALES_HISTORY,,NO_ACTION,master=486958.0,"has master price, no quotation/sale/invoice lines"
193,193,Acondicionamiento DE BOMBA DE AGUA CON Pintura Industrial,True,False,consu,True,True,3000.0,0.0,DOP,Units,Pinturas,,,,,,,,NO_SALES_HISTORY,,NO_ACTION,master=3000.0,"has master price, no quotation/sale/invoice lines"
494,494,Acondicionamiento De Techo Con Mortero,True,False,consu,True,True,72.35,0.0,DOP,m²,Ferretería,,,,,,,,NO_SALES_HISTORY,,NO_ACTION,master=72.35,"has master price, no quotation/sale/invoice lines"
443,443,Acrlico AZUL NAVY Ext-int PRO,True,False,consu,True,True,2595.5,0.0,DOP,Units,Ferretería,,,,,,,,NO_SALES_HISTORY,,NO_ACTION,master=2595.5,"has master price, no quotation/sale/invoice lines"
415,415,Acrlico AZUL NAVY Ext-int PRO Popular,True,False,consu,True,True,2595.5,0.0,DOP,Units,Ferretería,,,,,,,,NO_SALES_HISTORY,,NO_ACTION,master=2595.5,"has master price, no quotation/sale/invoice lines"
179,179,A/C Split 12 Btu,True,False,consu,True,True,3500.0,0.0,DOP,Units,Ferretería,,,,,,,,NO_SALES_HISTORY,,NO_ACTION,master=3500.0,"has master price, no quotation/sale/invoice lines"
180,180,A/C Split 24 Btu,True,False,consu,True,True,6000.0,0.0,DOP,Units,Ferretería,,,,,,,,NO_SALES_HISTORY,,NO_ACTION,master=6000.0,"has master price, no quotation/sale/invoice lines"
182,182,A/C Tipo Paquete De 10 Ton,True,False,consu,True,True,7500.0,0.0,DOP,Units,Ferretería,,,,,,,,NO_SALES_HISTORY,,NO_ACTION,master=7500.0,"has master price, no quotation/sale/invoice lines"
488,488,Adaptadoe DE RUTER DE 1/2 A UN 1/4,True,False,consu,True,True,945.6,0.0,DOP,Units,Ferretería,,,,,,,,NO_SALES_HISTORY,,NO_ACTION,master=945.6,"has master price, no quotation/sale/invoice lines"
710,710,Adaptador MACHO PVC1,True,False,consu,True,True,40.0,0.0,DOP,Units,Plomería,,,,,,,,NO_SALES_HISTORY,,NO_ACTION,master=40.0,"has master price, no quotation/sale/invoice lines"
116,116,ADAPTADOR MACHO PVC 1 PRESION CORVI/DURMAN,True,False,consu,True,True,15.98,0.0,DOP,Units,,,,,,15.98,2025-12-22,15.98,PRICE_OK,0.0,KEEP,inv=15.98@2025-12-22; master=15.98,master aligned with recent commercial prices
117,117,ADAPTADOR MACHO PVC 3/4,True,False,consu,True,True,30.0,0.0,DOP,Units,,,,,,20.0,2025-12-22,20.0,HISTORICAL_PRICE_DIFFERENCE,50.0,UPDATE_CANDIDATE,inv=20.0@2025-12-22; master=30.0,master=30.0 recent_avg=20.0 diff_pct=50.0
695,695,Adhesivo EN Aerosol,True,False,consu,True,True,1243.2,0.0,DOP,Units,Ferretería,,,,,,,,NO_SALES_HISTORY,,NO_ACTION,master=1243.2,"has master price, no quotation/sale/invoice lines"
1075,1075,Agregado FINO (arena) DE Empañete Khoury/grupo Alterra,True,False,consu,True,True,2490.0,0.0,DOP,Units,Construcción,,,,,,,,NO_SALES_HISTORY,,NO_ACTION,master=2490.0,"has master price, no quotation/sale/invoice lines"
1116,1116,Agregado FINO (arena) ITABO,True,False,consu,True,True,3330.0,0.0,DOP,Units,Construcción,,,,,,,,NO_SALES_HISTORY,,NO_ACTION,master=3330.0,"has master price, no quotation/sale/invoice lines"
1077,1077,Agregado FINO (arena) ITABO Khoury/grupo Alterra,True,False,consu,True,True,1795.0,0.0,DOP,Units,Construcción,,,,,,,,NO_SALES_HISTORY,,NO_ACTION,master=1795.0,"has master price, no quotation/sale/invoice lines"
20,20,AGREGADO FINO (ARENA LAVADA),True,False,consu,True,True,4070.0,0.0,DOP,Units,,,,,,1291.5,2026-08-10,1291.5,SUSPICIOUS_HIGH,215.14,REVIEW,inv=1291.5@2026-08-10; master=4070.0,master=4070.0 recent_avg=1291.5 ratio=3.15
139,139,(AGREGADO FINO) ARENA LAVADA AZUL,True,False,consu,True,True,1990.51,0.0,DOP,Units,,,,,,1990.51,2026-05-27,1990.51,PRICE_OK,0.0,KEEP,inv=1990.51@2026-05-27; master=1990.51,master aligned with recent commercial prices
1074,1074,Agregado FINO (arena) LAVADA Khoury/grupo Alterra,True,False,consu,True,True,2098.0,0.0,DOP,Units,Construcción,,,,,,,,NO_SALES_HISTORY,,NO_ACTION,master=2098.0,"has master price, no quotation/sale/invoice lines"
21,21,Agregado grueso (grava) 3/4,True,False,consu,True,True,2054.91,0.0,DOP,Units,,,,,,1217.7,2026-08-10,1217.7,HISTORICAL_PRICE_DIFFERENCE,68.75,UPDATE_CANDIDATE,inv=1217.7@2026-08-10; master=2054.91,master=2054.91 recent_avg=1217.7 diff_pct=68.8
138,138,(AGREGADO GRUESO) GRAVA 3/4,False,False,service,True,False,2054.91,0.0,DOP,Units,,,,,,2054.91,2026-05-27,2054.91,PRICE_OK,0.0,KEEP,inv=2054.91@2026-05-27; master=2054.91,master aligned with recent commercial prices
1076,1076,Agregado GRUESO (grava) 3/4 Khoury/grupo Alterra,True,False,consu,True,True,1755.0,0.0,DOP,Units,Construcción,,,,,,,,NO_SALES_HISTORY,,NO_ACTION,master=1755.0,"has master price, no quotation/sale/invoice lines"
1106,1106,Agregado GRUESO (GRAVA Caliza) 3/4,True,False,consu,True,True,5800.0,0.0,DOP,m,Construcción,,,,,,,,NO_SALES_HISTORY,,NO_ACTION,master=5800.0,"has master price, no quotation/sale/invoice lines"
1390,1390,Agua Ras,True,False,consu,True,True,750.0,0.0,DOP,Units,Ferretería,,,,,,,,NO_SALES_HISTORY,,NO_ACTION,master=750.0,"has master price, no quotation/sale/invoice lines"
1329,1329,Aire Acondicionado De 18 Btu,True,False,consu,True,True,67500.0,0.0,DOP,Units,Ferretería,,,,,,,,NO_SALES_HISTORY,,NO_ACTION,master=67500.0,"has master price, no quotation/sale/invoice lines"
1173,1173,Alambre #10,True,False,consu,True,True,30.0,0.0,DOP,Units,Ferretería,,,,,,,,NO_SALES_HISTORY,,NO_ACTION,master=30.0,"has master price, no quotation/sale/invoice lines"
215,215,Alambre #10 AWG,True,False,consu,True,True,39.2,0.0,DOP,Units,Ferretería,,,,,,,,NO_SALES_HISTORY,,NO_ACTION,master=39.2,"has master price, no quotation/sale/invoice lines"
1035,1035,Alambre 12,True,False,consu,True,True,34.0,0.0,DOP,Units,Ferretería,,,,,,,,NO_SALES_HISTORY,,NO_ACTION,master=34.0,"has master price, no quotation/sale/invoice lines"
217,217,Alambre 12/2 AWG PHELPS DODGE,True,False,consu,True,True,57.2,0.0,DOP,Units,Ferretería,,,,,,,,NO_SALES_HISTORY,,NO_ACTION,master=57.2,"has master price, no quotation/sale/invoice lines"
132,132,ALAMBRE 12/3 AWG THHN,True,False,consu,True,True,70.0,0.0,DOP,Units,,,,,,70.0,2025-12-22,70.0,PRICE_OK,0.0,KEEP,inv=70.0@2025-12-22; master=70.0,master aligned with recent commercial prices
900,900,Alambre AWG NO. 6 BLANCO,True,False,consu,True,True,47.0,0.0,DOP,Units,Ferretería,,,,,,,,NO_SALES_HISTORY,,NO_ACTION,master=47.0,"has master price, no quotation/sale/invoice lines"
899,899,Alambre AWG NO.6 NEGRO,True,False,consu,True,True,47.0,0.0,DOP,Units,Ferretería,,,,,,,,NO_SALES_HISTORY,,NO_ACTION,master=47.0,"has master price, no quotation/sale/invoice lines"
771,771,Alambre CAL 10,True,False,consu,True,True,30.0,0.0,DOP,Units,Ferretería,,,,,,,,NO_SALES_HISTORY,,NO_ACTION,master=30.0,"has master price, no quotation/sale/invoice lines"
770,770,Alambre CAL 12,True,False,consu,True,True,34.0,0.0,DOP,Units,Ferretería,,,,,,,,NO_SALES_HISTORY,,NO_ACTION,master=34.0,"has master price, no quotation/sale/invoice lines"
1115,1115,Alambre CAL-16,True,False,consu,True,True,136.0,0.0,DOP,Units,Ferretería,,,,,,,,NO_SALES_HISTORY,,NO_ACTION,master=136.0,"has master price, no quotation/sale/invoice lines"
338,338,Alambre CAL 18 Galvanizado ASTM A641,True,False,consu,True,True,83.53,0.0,DOP,Units,Ferretería,,,,,,,,NO_SALES_HISTORY,,NO_ACTION,master=83.53,"has master price, no quotation/sale/invoice lines"
902,902,Alambre DE GOMA 10/2 .,True,False,consu,True,True,41.0,0.0,DOP,Units,Neumáticos,,,,,,,,NO_SALES_HISTORY,,NO_ACTION,master=41.0,"has master price, no quotation/sale/invoice lines"
94,94,ALAMBRE DE GOMA 10/2 AWG,True,False,consu,True,True,113.0,0.0,DOP,Units,,,,,,105.0,2025-12-22,105.0,PRICE_OK,7.62,KEEP,inv=105.0@2025-12-22; master=113.0,master aligned with recent commercial prices
340,340,Alambre DE GOMA #10/3 AWG,True,False,consu,True,True,75.0,0.0,DOP,Units,Neumáticos,,,,,,,,NO_SALES_HISTORY,,NO_ACTION,master=75.0,"has master price, no quotation/sale/invoice lines"
536,536,Alambre DE GOMA 12/2,True,False,consu,True,True,43.0,0.0,DOP,Units,Neumáticos,,,,,,,,NO_SALES_HISTORY,,NO_ACTION,master=43.0,"has master price, no quotation/sale/invoice lines"
284,284,Alambre DE GOMA #12/2 AWG,True,False,consu,True,True,43.0,0.0,DOP,Units,Neumáticos,,,,,,,,NO_SALES_HISTORY,,NO_ACTION,master=43.0,"has master price, no quotation/sale/invoice lines"
216,216,Alambre DE GOMA 12/3,True,False,consu,True,True,68.0,0.0,DOP,Units,Neumáticos,,,,,,,,NO_SALES_HISTORY,,NO_ACTION,master=68.0,"has master price, no quotation/sale/invoice lines"
95,95,ALAMBRE DE GOMA 6/2 AWG,True,False,consu,True,True,189.6,0.0,DOP,Units,,,,,,189.6,2025-12-22,189.6,PRICE_OK,0.0,KEEP,inv=189.6@2025-12-22; master=189.6,master aligned with recent commercial prices
901,901,Alambre DE GOMA 8/2,True,False,consu,True,True,56.0,0.0,DOP,Units,Neumáticos,,,,,,,,NO_SALES_HISTORY,,NO_ACTION,master=56.0,"has master price, no quotation/sale/invoice lines"
341,341,Alambre DE GOMA #8/3 AWG,True,False,consu,True,True,125.0,0.0,DOP,Units,Neumáticos,,,,,,,,NO_SALES_HISTORY,,NO_ACTION,master=125.0,"has master price, no quotation/sale/invoice lines"
109,109,ALAMBRE DE GOMA (AWG) 12/2 PHELPS DODGE,True,False,consu,True,True,53.2,0.0,DOP,Units,,,,,,53.2,2025-12-22,53.2,PRICE_OK,0.0,KEEP,inv=53.2@2025-12-22; master=53.2,master aligned with recent commercial prices
108,108,ALAMBRE DE GOMA AWG 12/3 AWG PHELPS DODGE,True,False,consu,True,True,79.86,0.0,DOP,Units,,,,,,79.86,2025-12-22,79.86,PRICE_OK,0.0,KEEP,inv=79.86@2025-12-22; master=79.86,master aligned with recent commercial prices
1066,1066,Alambre DE PUA 16'',True,False,consu,True,True,3900.0,0.0,DOP,Units,Ferretería,,,,,,,,NO_SALES_HISTORY,,NO_ACTION,master=3900.0,"has master price, no quotation/sale/invoice lines"
535,535,Alambre DE VINIL 12/2 AWG PHELPS DODGE,True,False,consu,True,True,57.2,0.0,DOP,Units,Ferretería,,,,,,,,NO_SALES_HISTORY,,NO_ACTION,master=57.2,"has master price, no quotation/sale/invoice lines"
537,537,Alambre DE VINIL 14/2 AWG PHELPS DODGE,True,False,consu,True,True,47.6,0.0,DOP,Units,Ferretería,,,,,,,,NO_SALES_HISTORY,,NO_ACTION,master=47.6,"has master price, no quotation/sale/invoice lines"
133,133,ALAMBRE D/GOMA 4X1.5M AWG THHN,True,False,consu,True,True,72.0,0.0,DOP,Units,,,,,,72.0,2025-12-22,72.0,PRICE_OK,0.0,KEEP,inv=72.0@2025-12-22; master=72.0,master aligned with recent commercial prices
107,107,ALAMBRE DUPLEX 1.5MM PHELPS DODGE,True,False,consu,True,True,22.56,0.0,DOP,Units,,,,,,22.56,2025-12-22,22.56,PRICE_OK,0.0,KEEP,inv=22.56@2025-12-22; master=22.56,master aligned with recent commercial prices
295,295,Alambre DUPLO #12 AWG,True,False,consu,True,True,40.0,0.0,DOP,Units,Ferretería,,,,,,,,NO_SALES_HISTORY,,NO_ACTION,master=40.0,"has master price, no quotation/sale/invoice lines"
1166,1166,Alambre ELEC. AWG #12 NEGRO,True,False,consu,True,True,11500.0,0.0,DOP,Units,Ferretería,,,,,,,,NO_SALES_HISTORY,,NO_ACTION,master=11500.0,"has master price, no quotation/sale/invoice lines"
863,863,Alambre ELECT 4.0mm(#10),True,False,consu,True,True,15.5,0.0,DOP,Units,Ferretería,,,,,,,,NO_SALES_HISTORY,,NO_ACTION,master=15.5,"has master price, no quotation/sale/invoice lines"
283,283,Alambre Elect. AWG #12,True,False,consu,True,True,11500.0,0.0,DOP,Units,Ferretería,,,,,,,,NO_SALES_HISTORY,,NO_ACTION,master=11500.0,"has master price, no quotation/sale/invoice lines"
232,232,Alambre ELECT. AWG #12 BLANCO,True,False,consu,True,True,23.0,0.0,DOP,Units,Ferretería,,,,,,,,NO_SALES_HISTORY,,NO_ACTION,master=23.0,"has master price, no quotation/sale/invoice lines"
231,231,Alambre ELECT. AWG #12 NEGRO,True,False,consu,True,True,23.0,0.0,DOP,Units,Ferretería,,,,,,,,NO_SALES_HISTORY,,NO_ACTION,master=23.0,"has master price, no quotation/sale/invoice lines"
328,328,Alambre Electrico #12 STD NEGRO,True,False,consu,True,True,20.0,0.0,DOP,Units,Ferretería,,,,,,,,NO_SALES_HISTORY,,NO_ACTION,master=20.0,"has master price, no quotation/sale/invoice lines"
533,533,Alambre Galvanizado C-18 C-18 Generico,True,False,consu,True,True,5906.85,0.0,DOP,Units,Ferretería,,,,,,,,NO_SALES_HISTORY,,NO_ACTION,master=5906.85,"has master price, no quotation/sale/invoice lines"
1191,1191,Alambre GALV. PICADO 12.5LB/1 C-16 GRUESO,True,False,consu,True,True,729.76,0.0,DOP,Units,Ferretería,,,,,,,,NO_SALES_HISTORY,,NO_ACTION,master=729.76,"has master price, no quotation/sale/invoice lines"
1189,1189,Alambre GALV. PICADO 12.5LB C-16 GRUESO,True,False,consu,True,True,679.66,0.0,DOP,Units,Ferretería,,,,,,,,NO_SALES_HISTORY,,NO_ACTION,master=679.66,"has master price, no quotation/sale/invoice lines"
864,864,Alambre GOMA 10/2 (4.0/2),True,False,consu,True,True,50.0,0.0,DOP,Units,Neumáticos,,,,,,,,NO_SALES_HISTORY,,NO_ACTION,master=50.0,"has master price, no quotation/sale/invoice lines"
327,327,Alambre GOMA 10/3,True,False,consu,True,True,75.0,0.0,DOP,Units,Neumáticos,,,,,,,,NO_SALES_HISTORY,,NO_ACTION,master=75.0,"has master price, no quotation/sale/invoice lines"
329,329,Alambre GOMA 14/2,True,False,consu,True,True,27.0,0.0,DOP,Units,Neumáticos,,,,,,,,NO_SALES_HISTORY,,NO_ACTION,master=27.0,"has master price, no quotation/sale/invoice lines"
326,326,Alambre GOMA 8/3,True,False,consu,True,True,125.0,0.0,DOP,Units,Neumáticos,,,,,,,,NO_SALES_HISTORY,,NO_ACTION,master=125.0,"has master price, no quotation/sale/invoice lines"
110,110,ALAMBRE THHN (AWG) #10 NEGRO PHELPS DODGE,True,False,consu,True,True,40.0,0.0,DOP,Units,,,,,,40.0,2025-12-22,40.0,PRICE_OK,0.0,KEEP,inv=40.0@2025-12-22; master=40.0,master aligned with recent commercial prices
111,111,ALAMBRE THHN (AWG) #12 NEGRO PHELPS DODGE,True,False,consu,True,True,25.33,0.0,DOP,Units,,,,,,25.33,2025-12-22,25.33,PRICE_OK,0.0,KEEP,inv=25.33@2025-12-22; master=25.33,master aligned with recent commercial prices
124,124,ALAMBRE THHN (AWG) #2 BLANCO PHELPS DODGE,True,False,consu,True,True,216.8,0.0,DOP,Units,,,,,,216.8,2025-12-22,216.8,PRICE_OK,0.0,KEEP,inv=216.8@2025-12-22; master=216.8,master aligned with recent commercial prices
125,125,ALAMBRE THHN (AWG) #4 ROJO PHELPS DODGE,True,False,consu,True,True,136.24,0.0,DOP,Units,,,,,,136.24,2025-12-22,136.24,PRICE_OK,0.0,KEEP,inv=136.24@2025-12-22; master=136.24,master aligned with recent commercial prices
106,106,ALAMBRE THHN (AWG) #8 NEGRO AWG PHELPS DODGE,True,False,consu,True,True,55.28,0.0,DOP,Units,,,,,,55.28,2025-12-22,55.28,PRICE_OK,0.0,KEEP,inv=55.28@2025-12-22; master=55.28,master aligned with recent commercial prices
105,105,ALAMBRE VINYL (AWG) 12/2 GRIS PHELPS DODGE,True,False,consu,True,True,62.8,0.0,DOP,Units,,,,,,62.8,2025-12-22,62.8,PRICE_OK,0.0,KEEP,inv=62.8@2025-12-22; master=62.8,master aligned with recent commercial prices
1084,1084,"Alicate DE Presion 10""",True,False,consu,True,True,1125.3,0.0,DOP,Units,Herramientas,,,,,,,,NO_SALES_HISTORY,,NO_ACTION,master=1125.3,"has master price, no quotation/sale/invoice lines"
483,483,"Alicate DE Presion 10"" TRUPER",True,False,consu,True,True,1050.95,0.0,DOP,Units,Herramientas,,,,,,,,NO_SALES_HISTORY,,NO_ACTION,master=1050.95,"has master price, no quotation/sale/invoice lines"
1494,1494,Alicate Extension 12'' Stanley,True,False,consu,True,True,1338.0,0.0,DOP,Units,Herramientas,,,,,,,,NO_SALES_HISTORY,,NO_ACTION,master=1338.0,"has master price, no quotation/sale/invoice lines"
118,118,"ALICATE EXTENSION 12"" STANLEY",True,False,consu,True,True,1338.0,0.0,DOP,Units,,,,,,1338.0,2025-12-22,1338.0,PRICE_OK,0.0,KEEP,inv=1338.0@2025-12-22; master=1338.0,master aligned with recent commercial prices
540,540,Alicate P/electricista 8'' 10113 KENDO,True,False,consu,True,True,345.0,0.0,DOP,Units,Herramientas,,,,,,,,NO_SALES_HISTORY,,NO_ACTION,master=345.0,"has master price, no quotation/sale/invoice lines"
1043,1043,"Alicate Universal 13"" TRUPER",True,False,consu,True,True,1300.0,0.0,DOP,Units,Herramientas,,,,,,,,NO_SALES_HISTORY,,NO_ACTION,master=1300.0,"has master price, no quotation/sale/invoice lines"
1275,1275,Alquiler POR DIA Compresor DOS Pistolas,True,False,consu,True,True,22000.0,0.0,DOP,Units,Ferretería,,,,,,,,NO_SALES_HISTORY,,NO_ACTION,master=22000.0,"has master price, no quotation/sale/invoice lines"
1469,1469,Amarillo Positivo Pintura Acrilica,True,False,consu,True,True,11630.8,0.0,DOP,Units,Pinturas,,,,,,,,NO_SALES_HISTORY,,NO_ACTION,master=11630.8,"has master price, no quotation/sale/invoice lines"
1111,1111,Amarillo Positivo Pintura Acrilica Tropical/popular,True,False,consu,True,True,11790.13,0.0,DOP,Units,Pinturas,,,,,,,,NO_SALES_HISTORY,,NO_ACTION,master=11790.13,"has master price, no quotation/sale/invoice lines"
1178,1178,Ambientador EN Aerosol GLADE Lavanda Lavanda Y Vainilla,True,False,consu,True,True,425.0,0.0,DOP,Units,Ferretería,,,,,,,,NO_SALES_HISTORY,,NO_ACTION,master=425.0,"has master price, no quotation/sale/invoice lines"
1179,1179,Ambientador EN Aerosol GLADE Manzana Y CANELA,True,False,consu,True,True,424.5,0.0,DOP,Units,Ferretería,,,,,,,,NO_SALES_HISTORY,,NO_ACTION,master=424.5,"has master price, no quotation/sale/invoice lines"
1177,1177,Ambientador EN Aerosol GLADE Paraiso AZUL,True,False,consu,True,True,425.0,0.0,DOP,Units,Ferretería,,,,,,,,NO_SALES_HISTORY,,NO_ACTION,master=425.0,"has master price, no quotation/sale/invoice lines"
1263,1263,Ambientadores SPRAY GLADE,True,False,consu,True,True,200.0,0.0,DOP,Units,Ferretería,,,,,,,,NO_SALES_HISTORY,,NO_ACTION,master=200.0,"has master price, no quotation/sale/invoice lines"
1251,1251,"Ambientador Liquido (mistolin) BEBE, CANELA GLADE",True,False,consu,True,True,200.0,0.0,DOP,Units,Ferretería,,,,,,,,NO_SALES_HISTORY,,NO_ACTION,master=200.0,"has master price, no quotation/sale/invoice lines"
615,615,Amperimetro Digital MUT-202 TRUPER,True,False,consu,True,True,2608.0,0.0,DOP,Units,Herramientas,,,,,,,,NO_SALES_HISTORY,,NO_ACTION,master=2608.0,"has master price, no quotation/sale/invoice lines"
1356,1356,Amperímetro Voltimetro Digital,True,False,consu,True,True,3000.81,0.0,DOP,Units,Ferretería,,,,,,,,NO_SALES_HISTORY,,NO_ACTION,master=3000.81,"has master price, no quotation/sale/invoice lines"
1611,1611,"Anaquel Metalico 5 Niveles, CON Medidas DE 0.30 X 0.60 DE FONDO Y 2.00 DE Altura.",True,False,consu,True,True,9434.1,0.0,DOP,Units,Ferretería,,,,,,,,NO_SALES_HISTORY,,NO_ACTION,master=9434.1,"has master price, no quotation/sale/invoice lines"
1210,1210,Andamio DEL CARIBE 2x1 MTS CUERPO DE Andamio Completo,True,False,consu,True,True,31500.5,0.0,DOP,Units,Ferretería,,,,,,,,NO_SALES_HISTORY,,NO_ACTION,master=31500.5,"has master price, no quotation/sale/invoice lines"
1220,1220,Angular 2x1/4x20 -63.8 Lbs,True,False,consu,True,True,2158.0,0.0,DOP,Units,Ferretería,,,,,,,,NO_SALES_HISTORY,,NO_ACTION,master=2158.0,"has master price, no quotation/sale/invoice lines"
1513,1513,Angular 2X1/4X20 -64.8 LBS,True,False,consu,True,True,7986.5,0.0,DOP,Units,Ferretería,,,,,,,,NO_SALES_HISTORY,,NO_ACTION,master=7986.5,"has master price, no quotation/sale/invoice lines"
541,541,Angular DE 1-1/2* 1/4,True,False,consu,True,True,2608.0,0.0,DOP,Units,Ferretería,,,,,,,,NO_SALES_HISTORY,,NO_ACTION,master=2608.0,"has master price, no quotation/sale/invoice lines"
730,730,Angular DE 2 X 1/8,True,False,consu,True,True,2860.0,0.0,DOP,Units,Ferretería,,,,,,,,NO_SALES_HISTORY,,NO_ACTION,master=2860.0,"has master price, no quotation/sale/invoice lines"
60,60,"ANGULAR DE 2 X 1/8""",True,False,consu,True,True,2860.0,0.0,DOP,Units,,,,,,2860.0,2025-12-22,2860.0,PRICE_OK,0.0,KEEP,inv=2860.0@2025-12-22; master=2860.0,master aligned with recent commercial prices
731,731,Angular DE 3 X 3/16,True,False,consu,True,True,4935.0,0.0,DOP,Units,Ferretería,,,,,,,,NO_SALES_HISTORY,,NO_ACTION,master=4935.0,"has master price, no quotation/sale/invoice lines"
61,61,"ANGULAR DE 3 X 3/16""",True,False,consu,True,True,4935.0,0.0,DOP,Units,,,,,,4935.0,2025-12-22,4935.0,PRICE_OK,0.0,KEEP,inv=4935.0@2025-12-22; master=4935.0,master aligned with recent commercial prices
167,167,Apertura histórica B1300000016 (sin desglose PDF),True,False,consu,True,False,44800.0,0.0,DOP,Units,,,,,,44800.0,2026-04-25,44800.0,PRICE_OK,0.0,KEEP,inv=44800.0@2026-04-25; master=44800.0,master aligned with recent commercial prices
614,614,Arandela PLANA 5/8,True,False,consu,True,True,10.0,0.0,DOP,Units,Ferretería,,,,,,,,NO_SALES_HISTORY,,NO_ACTION,master=10.0,"has master price, no quotation/sale/invoice lines"
344,344,Archivo Arcordeon,True,False,consu,True,True,1780.0,0.0,DOP,Units,Ferretería,,,,,,,,NO_SALES_HISTORY,,NO_ACTION,master=1780.0,"has master price, no quotation/sale/invoice lines"
1176,1176,Archivo Arcordeon 9x12 Pendaflex,True,False,consu,True,True,1050.0,0.0,DOP,Units,Ferretería,,,,,,,,NO_SALES_HISTORY,,NO_ACTION,master=1050.0,"has master price, no quotation/sale/invoice lines"
1605,1605,Archivo DE METAL DE 4 Gavetas COLOR GRIS Mercury,True,False,consu,True,True,18382.04,0.0,DOP,Units,Ferretería,,,,,,,,NO_SALES_HISTORY,,NO_ACTION,master=18382.04,"has master price, no quotation/sale/invoice lines"
1598,1598,Archivo DE METAL Modular DE 3 Gavetas OMAR,True,False,consu,True,True,13693.9,0.0,DOP,Units,Ferretería,,,,,,,,NO_SALES_HISTORY,,NO_ACTION,master=13693.9,"has master price, no quotation/sale/invoice lines"
1427,1427,Archivo TIPO Arcordeon Plastico,True,False,consu,True,True,1450.0,0.0,DOP,Units,Ferretería,,,,,,,,NO_SALES_HISTORY,,NO_ACTION,master=1450.0,"has master price, no quotation/sale/invoice lines"
414,414,ARENA DE Empañete,True,False,consu,True,True,4820.0,0.0,DOP,Units,Construcción,,,,,,,,NO_SALES_HISTORY,,NO_ACTION,master=4820.0,"has master price, no quotation/sale/invoice lines"
396,396,ARENA ESTADO Natural,True,False,consu,True,True,2790.0,0.0,DOP,Units,Construcción,,,,,,,,NO_SALES_HISTORY,,NO_ACTION,master=2790.0,"has master price, no quotation/sale/invoice lines"
322,322,ARENA ITABO,True,False,consu,True,True,3530.0,0.0,DOP,Units,Construcción,,,,,,,,NO_SALES_HISTORY,,NO_ACTION,master=3530.0,"has master price, no quotation/sale/invoice lines"
320,320,ARENA LAVADA,True,False,consu,True,True,4070.0,0.0,DOP,Units,Construcción,,,,,,,,NO_SALES_HISTORY,,NO_ACTION,master=4070.0,"has master price, no quotation/sale/invoice lines"
909,909,ARENA Triturada AZUL LAVADA,True,False,consu,True,True,3500.0,0.0,DOP,Units,Construcción,,,,,,,,NO_SALES_HISTORY,,NO_ACTION,master=3500.0,"has master price, no quotation/sale/invoice lines"
1608,1608,Armario DE METAL 2 Puertas 18X36X71,True,False,consu,True,True,17205.14,0.0,DOP,Units,Ferretería,,,,,,,,NO_SALES_HISTORY,,NO_ACTION,master=17205.14,"has master price, no quotation/sale/invoice lines"
542,542,Armario DE METAL DE 2 Puertas 15x33x72,True,False,consu,True,True,35230.0,0.0,DOP,Units,Ferretería,,,,,,,,NO_SALES_HISTORY,,NO_ACTION,master=35230.0,"has master price, no quotation/sale/invoice lines"
1518,1518,Armario EN METAL DE 2 Puertas,True,False,consu,True,True,15254.23,0.0,DOP,Units,Ferretería,,,,,,,,NO_SALES_HISTORY,,NO_ACTION,master=15254.23,"has master price, no quotation/sale/invoice lines"
1139,1139,AROS DE DANZA,True,False,consu,True,True,220.0,0.0,DOP,Units,Ferretería,,,,,,,,NO_SALES_HISTORY,,NO_ACTION,master=220.0,"has master price, no quotation/sale/invoice lines"
1032,1032,"Arquiler DE 100 BAÑOS Portatiles STD PARA Eventos , Incluye: Inodoro ,urinal ,PORTA",True,False,consu,True,True,525000.0,0.0,DOP,Units,Oficina,,,,,,,,NO_SALES_HISTORY,,NO_ACTION,master=525000.0,"has master price, no quotation/sale/invoice lines"
1520,1520,ARROZ Selecto LA CIGUA GRADO A (PAQ 5 LB) 12/1,True,9,consu,True,True,1850.0,0.0,DOP,Units,Alimentos,,,,,,,,NO_SALES_HISTORY,,NO_ACTION,master=1850.0,"has master price, no quotation/sale/invoice lines"
6,6,Artículo verificación reportes,True,False,consu,True,True,1.0,0.0,DOP,Units,,,,,,,,,NO_SALES_HISTORY,,NO_ACTION,master=1.0,"has master price, no quotation/sale/invoice lines"
801,801,Automatico BOMBA Squared 20-40 PSI,True,False,consu,True,True,2350.0,0.0,DOP,Units,Ferretería,,,,,,,,NO_SALES_HISTORY,,NO_ACTION,master=2350.0,"has master price, no quotation/sale/invoice lines"
1529,1529,AVENA EN Hojuelas Instantanea Americana 300G 40/1,True,False,consu,True,True,1350.0,0.0,DOP,Units,Ferretería,,,,,,,,NO_SALES_HISTORY,,NO_ACTION,master=1350.0,"has master price, no quotation/sale/invoice lines"
642,642,Ayudante (AY),True,False,consu,True,True,250.0,0.0,DOP,Units,Ferretería,,,,,,,,NO_SALES_HISTORY,,NO_ACTION,master=250.0,"has master price, no quotation/sale/invoice lines"
1466,1466,AZUL Positivo Pintura Acrilica,True,False,consu,True,True,11630.8,0.0,DOP,Units,Pinturas,,,,,,,,NO_SALES_HISTORY,,NO_ACTION,master=11630.8,"has master price, no quotation/sale/invoice lines"
1108,1108,AZUL Positivo Pintura Acrilica Popular,True,False,consu,True,True,11790.13,0.0,DOP,Units,Pinturas,,,,,,,,NO_SALES_HISTORY,,NO_ACTION,master=11790.13,"has master price, no quotation/sale/invoice lines"
1284,1284,BANDA Elastica Gomitas,True,False,consu,True,True,75.0,0.0,DOP,Units,Ferretería,,,,,,,,NO_SALES_HISTORY,,NO_ACTION,master=75.0,"has master price, no quotation/sale/invoice lines"
347,347,BANDAS DE GOMA Artesco #32,True,False,consu,True,True,155.0,0.0,DOP,Units,Neumáticos,,,,,,,,NO_SALES_HISTORY,,NO_ACTION,master=155.0,"has master price, no quotation/sale/invoice lines"
1429,1429,BANDAS DE GOMA ORBIT,True,False,consu,True,True,130.0,0.0,DOP,Units,Neumáticos,,,,,,,,NO_SALES_HISTORY,,NO_ACTION,master=130.0,"has master price, no quotation/sale/invoice lines"
627,627,Bandeja P/pintar Profesional 9 CPR9 BYP,True,False,consu,True,True,156.0,0.0,DOP,Units,Ferretería,,,,,,,,NO_SALES_HISTORY,,NO_ACTION,master=156.0,"has master price, no quotation/sale/invoice lines"
1548,1548,Barnice Primer Sealer Lanco,True,False,consu,True,True,7923.73,0.0,DOP,Units,Ferretería,,,,,,,,NO_SALES_HISTORY,,NO_ACTION,master=7923.73,"has master price, no quotation/sale/invoice lines"
1580,1580,BARNIZ Primier SEALER 3 Transparente CUBETA DE 5GL,True,False,consu,True,True,6779.66,0.0,DOP,Units,Ferretería,,,,,,,,NO_SALES_HISTORY,,NO_ACTION,master=6779.66,"has master price, no quotation/sale/invoice lines"
258,258,Barpicolor 605 1LT Caoba #2 MD Barpimo,True,False,consu,True,True,3350.0,0.0,DOP,Units,Ferretería,,,,,,,,NO_SALES_HISTORY,,NO_ACTION,master=3350.0,"has master price, no quotation/sale/invoice lines"
259,259,Barpicolor 605 1LT Caoba #3 MD Barpimo,True,False,consu,True,True,3350.0,0.0,DOP,Units,Ferretería,,,,,,,,NO_SALES_HISTORY,,NO_ACTION,master=3350.0,"has master price, no quotation/sale/invoice lines"
252,252,Barra Agarradera Para Ataud 6 1/2 Pies,True,False,consu,True,True,2310.0,0.0,DOP,Units,Ferretería,,,,,,,,NO_SALES_HISTORY,,NO_ACTION,master=2310.0,"has master price, no quotation/sale/invoice lines"
543,543,BARRA P/hacer HOYO 1''x6' BAP-175 TRUPER,True,False,consu,True,True,2539.2,0.0,DOP,Units,Herramientas,,,,,,,,NO_SALES_HISTORY,,NO_ACTION,master=2539.2,"has master price, no quotation/sale/invoice lines"
544,544,BARRA Redonda 5/8''x20' ATADO-106 UD) Generico,True,False,consu,True,True,1110.0,0.0,DOP,Units,Ferretería,,,,,,,,NO_SALES_HISTORY,,NO_ACTION,master=1110.0,"has master price, no quotation/sale/invoice lines"
888,888,BARRA Unitron DE 3/4,True,False,consu,True,True,850.0,0.0,DOP,Units,Ferretería,,,,,,,,NO_SALES_HISTORY,,NO_ACTION,master=850.0,"has master price, no quotation/sale/invoice lines"
590,590,Barrena 1/2X6 Concreto IRWIN 14169,True,False,consu,True,True,3700.0,0.0,DOP,Units,Ferretería,,,,,,,,NO_SALES_HISTORY,,NO_ACTION,master=3700.0,"has master price, no quotation/sale/invoice lines"
1407,1407,Barrena 13/64 METAL IRWIN 1458,True,False,consu,True,True,185.0,0.0,DOP,Units,Ferretería,,,,,,,,NO_SALES_HISTORY,,NO_ACTION,master=185.0,"has master price, no quotation/sale/invoice lines"
1406,1406,Barrena 1/4 METAL IRWIN 1461,True,False,consu,True,True,310.0,0.0,DOP,Units,Ferretería,,,,,,,,NO_SALES_HISTORY,,NO_ACTION,master=310.0,"has master price, no quotation/sale/invoice lines"
1403,1403,Barrena 1/4X4 Concreto IRWIN,True,False,consu,True,True,170.0,0.0,DOP,Units,Ferretería,,,,,,,,NO_SALES_HISTORY,,NO_ACTION,master=170.0,"has master price, no quotation/sale/invoice lines"
591,591,Barrena 1/4X6 Concreto IRWIN 14153 T/H,True,False,consu,True,True,2750.0,0.0,DOP,Units,Ferretería,,,,,,,,NO_SALES_HISTORY,,NO_ACTION,master=2750.0,"has master price, no quotation/sale/invoice lines"
1408,1408,Barrena 3/16 IRWIN 1457,True,False,consu,True,True,168.0,0.0,DOP,Units,Ferretería,,,,,,,,NO_SALES_HISTORY,,NO_ACTION,master=168.0,"has master price, no quotation/sale/invoice lines"
592,592,Barrena 3/16 X 3 1/2 Concreto IRWIN IW977,True,False,consu,True,True,1800.0,0.0,DOP,Units,Ferretería,,,,,,,,NO_SALES_HISTORY,,NO_ACTION,master=1800.0,"has master price, no quotation/sale/invoice lines"
1405,1405,Barrera 1/2X6 Concreto IRWIN 14169,True,False,consu,True,True,283.0,0.0,DOP,Units,Ferretería,,,,,,,,NO_SALES_HISTORY,,NO_ACTION,master=283.0,"has master price, no quotation/sale/invoice lines"
1409,1409,Barrera 3/8 Metal Irwin 1468,True,False,consu,True,True,700.0,0.0,DOP,Units,Ferretería,,,,,,,,NO_SALES_HISTORY,,NO_ACTION,master=700.0,"has master price, no quotation/sale/invoice lines"
298,298,BASE P/ FOTO CELDA,True,False,consu,True,True,400.0,0.0,DOP,Units,Ferretería,,,,,,,,NO_SALES_HISTORY,,NO_ACTION,master=400.0,"has master price, no quotation/sale/invoice lines"
325,325,BASE P/ FOTO CELDA Volteck,True,False,consu,True,True,550.0,0.0,DOP,Units,Ferretería,,,,,,,,NO_SALES_HISTORY,,NO_ACTION,master=550.0,"has master price, no quotation/sale/invoice lines"
1259,1259,BAYGON Insecticida,True,False,consu,True,True,299.0,0.0,DOP,Units,Ferretería,,,,,,,,NO_SALES_HISTORY,,NO_ACTION,master=299.0,"has master price, no quotation/sale/invoice lines"
818,818,Binder Size 14 7/8 X 11,True,False,consu,True,True,425.0,0.0,DOP,Units,Ferretería,,,,,,,,NO_SALES_HISTORY,,NO_ACTION,master=425.0,"has master price, no quotation/sale/invoice lines"
869,869,Bisagra Corta 52 Gr MAD,True,False,consu,True,True,85.49,0.0,DOP,Units,Ferretería,,,,,,,,NO_SALES_HISTORY,,NO_ACTION,master=85.49,"has master price, no quotation/sale/invoice lines"
689,689,Bisagras,True,False,consu,True,True,82.3,0.0,DOP,Units,Ferretería,,,,,,,,NO_SALES_HISTORY,,NO_ACTION,master=82.3,"has master price, no quotation/sale/invoice lines"
1509,1509,Block De 6,True,False,consu,True,True,86.52,0.0,DOP,Units,Construcción,,,,,,,,NO_SALES_HISTORY,,NO_ACTION,master=86.52,"has master price, no quotation/sale/invoice lines"
337,337,BLOCK DE 6 BISONO,True,False,consu,True,True,81.0,0.0,DOP,Units,Construcción,,,,,,,,NO_SALES_HISTORY,,NO_ACTION,master=81.0,"has master price, no quotation/sale/invoice lines"
907,907,BLOCK DE 8 BISONO,True,False,consu,True,True,68.0,0.0,DOP,Units,Construcción,,,,,,,,NO_SALES_HISTORY,,NO_ACTION,master=68.0,"has master price, no quotation/sale/invoice lines"
210,210,BLOCK DE 8'' Frabrica P.108,True,False,consu,True,True,93.86,0.0,DOP,Units,Construcción,,,,,,,,NO_SALES_HISTORY,,NO_ACTION,master=93.86,"has master price, no quotation/sale/invoice lines"
1398,1398,Bloque De 15 Cm,True,False,consu,True,True,76.0,0.0,DOP,Units,Ferretería,,,,,,,,NO_SALES_HISTORY,,NO_ACTION,master=76.0,"has master price, no quotation/sale/invoice lines"
918,918,"Bolígrafo Retráctil Stabilo De Punta Fina 0,7mm, Color Azul Caja De 12/1",True,False,consu,True,True,300.0,0.0,DOP,Units,Oficina,,,,,,,,NO_SALES_HISTORY,,NO_ACTION,master=300.0,"has master price, no quotation/sale/invoice lines"
434,434,BOMBA Pedrollo 3/4 HP 110V / 220V,True,False,consu,True,True,24985.0,0.0,DOP,Units,Ferretería,,,,,,,,NO_SALES_HISTORY,,NO_ACTION,master=24985.0,"has master price, no quotation/sale/invoice lines"
444,444,BOMBA TRUPER 3/4 HP 110V / 220V,True,False,consu,True,True,24985.0,0.0,DOP,Units,Herramientas,,,,,,,,NO_SALES_HISTORY,,NO_ACTION,master=24985.0,"has master price, no quotation/sale/invoice lines"
549,549,"Bombillas DE 150 W ,HPS (HIGH Pressure Sodium)",True,False,consu,True,True,832.5,0.0,DOP,Units,Ferretería,,,,,,,,NO_SALES_HISTORY,,NO_ACTION,master=832.5,"has master price, no quotation/sale/invoice lines"
707,707,Bombillo 18W 120V,True,False,consu,True,True,280.0,0.0,DOP,Units,Material eléctrico,,,,,,,,NO_SALES_HISTORY,,NO_ACTION,master=280.0,"has master price, no quotation/sale/invoice lines"
951,951,Bombillo AZUL Modalidad DE Enchufe Estandar,True,False,consu,True,True,125.0,0.0,DOP,Units,Material eléctrico,,,,,,,,NO_SALES_HISTORY,,NO_ACTION,master=125.0,"has master price, no quotation/sale/invoice lines"
952,952,Bombillo BLANCO Modalidad DE Enchufe Estandar,True,False,consu,True,True,125.0,0.0,DOP,Units,Material eléctrico,,,,,,,,NO_SALES_HISTORY,,NO_ACTION,master=125.0,"has master price, no quotation/sale/invoice lines"
548,548,Bombillo Halogeno 250W 120V,True,False,consu,True,True,990.0,0.0,DOP,Units,Material eléctrico,,,,,,,,NO_SALES_HISTORY,,NO_ACTION,master=990.0,"has master price, no quotation/sale/invoice lines"
527,527,Bombillo Infrarojo 250W 120V,True,False,consu,True,True,325.0,0.0,DOP,Units,Material eléctrico,,,,,,,,NO_SALES_HISTORY,,NO_ACTION,master=325.0,"has master price, no quotation/sale/invoice lines"
205,205,Bombillo Led 20w Sylvania 20w-6500k,True,False,consu,True,True,420.0,0.0,DOP,Units,Material eléctrico,,,,,,,,NO_SALES_HISTORY,,NO_ACTION,master=420.0,"has master price, no quotation/sale/invoice lines"
343,343,Bombillo LED 20w Sylvania20w-6500k,True,False,consu,True,True,420.0,0.0,DOP,Units,Material eléctrico,,,,,,,,NO_SALES_HISTORY,,NO_ACTION,master=420.0,"has master price, no quotation/sale/invoice lines"
545,545,Bombillo LUZ BLANCA 65W Volteck,True,False,consu,True,True,1160.0,0.0,DOP,Units,Material eléctrico,,,,,,,,NO_SALES_HISTORY,,NO_ACTION,master=1160.0,"has master price, no quotation/sale/invoice lines"
547,547,Bombillo METAL HALIDE 1000W,True,False,consu,True,True,3125.0,0.0,DOP,Units,Material eléctrico,,,,,,,,NO_SALES_HISTORY,,NO_ACTION,master=3125.0,"has master price, no quotation/sale/invoice lines"
546,546,Bombillo METAL HALIDE 1500W,True,False,consu,True,True,3280.0,0.0,DOP,Units,Material eléctrico,,,,,,,,NO_SALES_HISTORY,,NO_ACTION,master=3280.0,"has master price, no quotation/sale/invoice lines"
950,950,Bombillo ROJO Modalidad DE Enchufe Estandar,True,False,consu,True,True,125.0,0.0,DOP,Units,Material eléctrico,,,,,,,,NO_SALES_HISTORY,,NO_ACTION,master=125.0,"has master price, no quotation/sale/invoice lines"
222,222,Bombillos DE COLOR AZUL Modalidad Escunfe Estanadar,True,False,consu,True,True,125.0,0.0,DOP,Units,Material eléctrico,,,,,,,,NO_SALES_HISTORY,,NO_ACTION,master=125.0,"has master price, no quotation/sale/invoice lines"
223,223,Bombillos DE COLOR BLANCO Modalidad Escunfe Estanadar,True,False,consu,True,True,125.0,0.0,DOP,Units,Material eléctrico,,,,,,,,NO_SALES_HISTORY,,NO_ACTION,master=125.0,"has master price, no quotation/sale/invoice lines"
221,221,Bombillos DE COLOR ROJO Modalidad Escunfe Estanadar,True,False,consu,True,True,125.0,0.0,DOP,Units,Material eléctrico,,,,,,,,NO_SALES_HISTORY,,NO_ACTION,master=125.0,"has master price, no quotation/sale/invoice lines"
810,810,Boquilla Fregadero Aquavita,True,False,consu,True,True,500.0,0.0,DOP,Units,Ferretería,,,,,,,,NO_SALES_HISTORY,,NO_ACTION,master=500.0,"has master price, no quotation/sale/invoice lines"
811,811,Boquilla Lavamanos PUSH Aquavita 11/4'',True,False,consu,True,True,675.0,0.0,DOP,Units,Plomería,,,,,,,,NO_SALES_HISTORY,,NO_ACTION,master=675.0,"has master price, no quotation/sale/invoice lines"
70,70,BOQUILLA P/LAV PUSH BOT C/REBOSE 100206 45 GENEBRE,True,False,consu,True,True,1898.0,0.0,DOP,Units,,,,,,1898.0,2025-12-22,1898.0,PRICE_OK,0.0,KEEP,inv=1898.0@2025-12-22; master=1898.0,master aligned with recent commercial prices
793,793,Boquilla PUSH BOTTON Lavamanos KAROS 11/4''x8,True,False,consu,True,True,785.0,0.0,DOP,Units,Plomería,,,,,,,,NO_SALES_HISTORY,,NO_ACTION,master=785.0,"has master price, no quotation/sale/invoice lines"
1126,1126,Borrador 6X2CM,True,False,consu,True,True,170.0,0.0,DOP,Units,Ferretería,,,,,,,,NO_SALES_HISTORY,,NO_ACTION,master=170.0,"has master price, no quotation/sale/invoice lines"
929,929,Borrador De Goma P30 Artesco,True,False,consu,True,True,33.0,0.0,DOP,Units,Neumáticos,,,,,,,,NO_SALES_HISTORY,,NO_ACTION,master=33.0,"has master price, no quotation/sale/invoice lines"
510,510,BOTA DE GOMA DEL #39 AL #45 LARGA NEGRA Dinosaurio,True,False,consu,True,True,980.0,0.0,DOP,Units,Neumáticos,,,,,,,,NO_SALES_HISTORY,,NO_ACTION,master=980.0,"has master price, no quotation/sale/invoice lines"
1046,1046,BOTA Industrial PRETUL #25,True,False,consu,True,True,3995.0,0.0,DOP,Units,Ferretería,,,,,,,,NO_SALES_HISTORY,,NO_ACTION,master=3995.0,"has master price, no quotation/sale/invoice lines"
363,363,BOTAS DE GOMA,True,False,consu,True,True,1825.0,0.0,DOP,Units,Ferretería,,,,,,,,NO_SALES_HISTORY,,NO_ACTION,master=1825.0,"has master price, no quotation/sale/invoice lines"
1149,1149,BOTAS NEGRA DE Sguridad P/acero CON Aislante 6KV,True,False,consu,True,True,3980.0,0.0,DOP,Units,Ferretería,,,,,,,,NO_SALES_HISTORY,,NO_ACTION,master=3980.0,"has master price, no quotation/sale/invoice lines"
1324,1324,BOTE Material Desechable Y Escombro,True,False,service,True,True,47000.0,0.0,DOP,Units,Ferretería,,,,,,,,NO_SALES_HISTORY,,NO_ACTION,master=47000.0,"has master price, no quotation/sale/invoice lines"
976,976,Bote Material Inservible,True,False,service,True,True,721.65,0.0,DOP,Units,Ferretería,,,,,,,,NO_SALES_HISTORY,,NO_ACTION,master=721.65,"has master price, no quotation/sale/invoice lines"
31,31,Bote material natural esponjado fuera del proyecto,True,False,service,True,False,500.0,0.0,DOP,Units,,,,,,500.0,2026-05-18,500.0,PRICE_OK,0.0,KEEP,inv=500.0@2026-05-18; master=500.0,master aligned with recent commercial prices
1156,1156,Botiquin DE Primeros Auxilio,True,False,consu,True,True,830.0,0.0,DOP,Units,Ferretería,,,,,,,,NO_SALES_HISTORY,,NO_ACTION,master=830.0,"has master price, no quotation/sale/invoice lines"
1142,1142,Botones Bariados PAQ 60/1,True,False,consu,True,True,250.0,0.0,DOP,Units,Ferretería,,,,,,,,NO_SALES_HISTORY,,NO_ACTION,master=250.0,"has master price, no quotation/sale/invoice lines"
629,629,BOYAS Reductoras DE Velocidad 2 OJOS,True,False,consu,True,True,625.0,0.0,DOP,Units,Ferretería,,,,,,,,NO_SALES_HISTORY,,NO_ACTION,master=625.0,"has master price, no quotation/sale/invoice lines"
550,550,BRAZO GALV. 6FT,True,False,consu,True,True,3025.0,0.0,DOP,Units,Ferretería,,,,,,,,NO_SALES_HISTORY,,NO_ACTION,master=3025.0,"has master price, no quotation/sale/invoice lines"
1501,1501,Breaker 20A 2P,True,False,consu,True,True,1198.0,0.0,DOP,Units,Material eléctrico,,,,,,,,NO_SALES_HISTORY,,NO_ACTION,master=1198.0,"has master price, no quotation/sale/invoice lines"
1502,1502,Breaker 2P 16A,True,False,consu,True,True,998.0,0.0,DOP,Units,Material eléctrico,,,,,,,,NO_SALES_HISTORY,,NO_ACTION,master=998.0,"has master price, no quotation/sale/invoice lines"
881,881,Breaker Bipolar DE 20 AMPERE,True,False,consu,True,True,1168.2,0.0,DOP,Units,Material eléctrico,,,,,,,,NO_SALES_HISTORY,,NO_ACTION,master=1168.2,"has master price, no quotation/sale/invoice lines"
880,880,Breaker Bipolar DE 6 AMPERE,True,False,consu,True,True,6596.5,0.0,DOP,Units,Material eléctrico,,,,,,,,NO_SALES_HISTORY,,NO_ACTION,master=6596.5,"has master price, no quotation/sale/invoice lines"
98,98,BREAKER CNC 20A 2P,True,False,consu,True,True,965.0,0.0,DOP,Units,,,,,,965.0,2025-12-22,965.0,PRICE_OK,0.0,KEEP,inv=965.0@2025-12-22; master=965.0,master aligned with recent commercial prices
99,99,BREAKER CNC 2P 16A,True,False,consu,True,True,787.85,0.0,DOP,Units,,,,,,787.85,2025-12-22,787.85,PRICE_OK,0.0,KEEP,inv=787.85@2025-12-22; master=787.85,master aligned with recent commercial prices
774,774,Breaker DE 30,True,False,consu,True,True,550.0,0.0,DOP,Units,Material eléctrico,,,,,,,,NO_SALES_HISTORY,,NO_ACTION,master=550.0,"has master price, no quotation/sale/invoice lines"
775,775,Breaker DE 60,True,False,consu,True,True,830.0,0.0,DOP,Units,Material eléctrico,,,,,,,,NO_SALES_HISTORY,,NO_ACTION,master=830.0,"has master price, no quotation/sale/invoice lines"
1486,1486,Breaker DINWAY 25A 2P //,True,False,consu,True,True,2643.0,0.0,DOP,Units,Material eléctrico,,,,,,,,NO_SALES_HISTORY,,NO_ACTION,master=2643.0,"has master price, no quotation/sale/invoice lines"
97,97,BREAKER DINWAY 25A 2P,True,False,consu,True,True,2250.0,0.0,DOP,Units,,,,,,2250.0,2025-12-22,2250.0,PRICE_OK,0.0,KEEP,inv=2250.0@2025-12-22; master=2250.0,master aligned with recent commercial prices
103,103,BREAKER DOBLE GRUESO 2P 20 AMP,True,False,consu,True,True,1574.0,0.0,DOP,Units,,,,,,1574.0,2025-12-22,1574.0,PRICE_OK,0.0,KEEP,inv=1574.0@2025-12-22; master=1574.0,master aligned with recent commercial prices
102,102,BREAKER DOBLE GRUESO 2P 30 AMP,True,False,consu,True,True,1574.0,0.0,DOP,Units,,,,,,1574.0,2025-12-22,1574.0,PRICE_OK,0.0,KEEP,inv=1574.0@2025-12-22; master=1574.0,master aligned with recent commercial prices
229,229,Breaker GE 1P 20A GRUESO,True,False,consu,True,True,780.0,0.0,DOP,Units,Material eléctrico,,,,,,,,NO_SALES_HISTORY,,NO_ACTION,master=780.0,"has master price, no quotation/sale/invoice lines"
331,331,Breaker GE 1P 30A GRUESO,True,False,consu,True,True,620.0,0.0,DOP,Units,Material eléctrico,,,,,,,,NO_SALES_HISTORY,,NO_ACTION,master=620.0,"has master price, no quotation/sale/invoice lines"
1047,1047,Breaker GE 1P 50A GRUESO,True,False,consu,True,True,1100.0,0.0,DOP,Units,Material eléctrico,,,,,,,,NO_SALES_HISTORY,,NO_ACTION,master=1100.0,"has master price, no quotation/sale/invoice lines"
1048,1048,Breaker GE 2P 100A GRUESO,True,False,consu,True,True,5700.0,0.0,DOP,Units,Material eléctrico,,,,,,,,NO_SALES_HISTORY,,NO_ACTION,master=5700.0,"has master price, no quotation/sale/invoice lines"
1049,1049,Breaker GE 3P 100A GRUESO,True,False,consu,True,True,8400.0,0.0,DOP,Units,Material eléctrico,,,,,,,,NO_SALES_HISTORY,,NO_ACTION,master=8400.0,"has master price, no quotation/sale/invoice lines"
1496,1496,Breaker GRUESO 1P 50 AMP THQL-1150 ABB -GE,True,False,consu,True,True,892.0,0.0,DOP,Units,Material eléctrico,,,,,,,,NO_SALES_HISTORY,,NO_ACTION,master=892.0,"has master price, no quotation/sale/invoice lines"
122,122,BREAKER GRUESO 1P 50 AMP THQL-1150 ABB-GE,True,False,consu,True,True,892.0,0.0,DOP,Units,,,,,,892.0,2025-12-22,892.0,PRICE_OK,0.0,KEEP,inv=892.0@2025-12-22; master=892.0,master aligned with recent commercial prices
334,334,Breaker GRUESO DE 30 AMP,True,False,consu,True,True,550.0,0.0,DOP,Units,Material eléctrico,,,,,,,,NO_SALES_HISTORY,,NO_ACTION,master=550.0,"has master price, no quotation/sale/invoice lines"
879,879,Breaker Monopolar DE 2 AMPERE,True,False,consu,True,True,4036.58,0.0,DOP,Units,Material eléctrico,,,,,,,,NO_SALES_HISTORY,,NO_ACTION,master=4036.58,"has master price, no quotation/sale/invoice lines"
948,948,Breaker OMNIUM 040E12F 12 Modulos Empotrable Europeo,True,False,consu,True,True,3250.0,0.0,DOP,Units,Material eléctrico,,,,,,,,NO_SALES_HISTORY,,NO_ACTION,master=3250.0,"has master price, no quotation/sale/invoice lines"
308,308,Breaker Sencillo G.E 20 AMP,True,False,consu,True,True,695.6,0.0,DOP,Units,Material eléctrico,,,,,,,,NO_SALES_HISTORY,,NO_ACTION,master=695.6,"has master price, no quotation/sale/invoice lines"
307,307,Breaker Sencillo G.E 30 AMP,True,False,consu,True,True,648.6,0.0,DOP,Units,Material eléctrico,,,,,,,,NO_SALES_HISTORY,,NO_ACTION,master=648.6,"has master price, no quotation/sale/invoice lines"
1265,1265,Brillos DE Limpieza-verde- SCOTCH,True,False,consu,True,True,20.0,0.0,DOP,Units,Ferretería,,,,,,,,NO_SALES_HISTORY,,NO_ACTION,master=20.0,"has master price, no quotation/sale/invoice lines"
1404,1404,BROCA Concreto 5/16 IRWIN,True,False,consu,True,True,195.0,0.0,DOP,Units,Ferretería,,,,,,,,NO_SALES_HISTORY,,NO_ACTION,master=195.0,"has master price, no quotation/sale/invoice lines"
752,752,BROCHA ATLAS DE 1'',True,False,consu,True,True,140.0,0.0,DOP,Units,Pinturas,,,,,,,,NO_SALES_HISTORY,,NO_ACTION,master=140.0,"has master price, no quotation/sale/invoice lines"
753,753,BROCHA ATLAS DE 2'',True,False,consu,True,True,190.0,0.0,DOP,Units,Pinturas,,,,,,,,NO_SALES_HISTORY,,NO_ACTION,master=190.0,"has master price, no quotation/sale/invoice lines"
754,754,BROCHA ATLAS DE 3'',True,False,consu,True,True,215.0,0.0,DOP,Units,Pinturas,,,,,,,,NO_SALES_HISTORY,,NO_ACTION,master=215.0,"has master price, no quotation/sale/invoice lines"
755,755,BROCHA ATLAS DE 4'',True,False,consu,True,True,260.0,0.0,DOP,Units,Pinturas,,,,,,,,NO_SALES_HISTORY,,NO_ACTION,master=260.0,"has master price, no quotation/sale/invoice lines"
655,655,BROCHA DE 2'',True,False,consu,True,True,190.0,0.0,DOP,Units,Pinturas,,,,,,,,NO_SALES_HISTORY,,NO_ACTION,master=190.0,"has master price, no quotation/sale/invoice lines"
551,551,BROCHA DE 2 1/2'' ATLAS,True,False,consu,True,True,150.0,0.0,DOP,Units,Pinturas,,,,,,,,NO_SALES_HISTORY,,NO_ACTION,master=150.0,"has master price, no quotation/sale/invoice lines"
964,964,BROCHA DE 2'' ATLAS,True,False,consu,True,True,141.21,0.0,DOP,Units,Pinturas,,,,,,,,NO_SALES_HISTORY,,NO_ACTION,master=141.21,"has master price, no quotation/sale/invoice lines"
656,656,BROCHA DE 3'',True,False,consu,True,True,215.0,0.0,DOP,Units,Pinturas,,,,,,,,NO_SALES_HISTORY,,NO_ACTION,master=215.0,"has master price, no quotation/sale/invoice lines"
383,383,BROCHA DE 3 ATLAS,True,False,consu,True,True,186.18,0.0,DOP,Units,Pinturas,,,,,,,,NO_SALES_HISTORY,,NO_ACTION,master=186.18,"has master price, no quotation/sale/invoice lines"
552,552,BROCHA DE 3'' EMTOP,True,False,consu,True,True,275.0,0.0,DOP,Units,Pinturas,,,,,,,,NO_SALES_HISTORY,,NO_ACTION,master=275.0,"has master price, no quotation/sale/invoice lines"
657,657,BROCHA DE 4'',True,False,consu,True,True,260.0,0.0,DOP,Units,Pinturas,,,,,,,,NO_SALES_HISTORY,,NO_ACTION,master=260.0,"has master price, no quotation/sale/invoice lines"
384,384,BROCHA DE 4'' ATLAS,True,False,consu,True,True,222.93,0.0,DOP,Units,Pinturas,,,,,,,,NO_SALES_HISTORY,,NO_ACTION,master=222.93,"has master price, no quotation/sale/invoice lines"
553,553,BROCHA DE 4'''emtop,True,False,consu,True,True,325.0,0.0,DOP,Units,Pinturas,,,,,,,,NO_SALES_HISTORY,,NO_ACTION,master=325.0,"has master price, no quotation/sale/invoice lines"
1392,1392,"Brocha Ecom. M/marron 1""",True,False,consu,True,True,100.0,0.0,DOP,Units,Pinturas,,,,,,,,NO_SALES_HISTORY,,NO_ACTION,master=100.0,"has master price, no quotation/sale/invoice lines"
1348,1348,"Brocha Ecom. M/marron 2""",True,False,consu,True,True,130.0,0.0,DOP,Units,Pinturas,,,,,,,,NO_SALES_HISTORY,,NO_ACTION,master=130.0,"has master price, no quotation/sale/invoice lines"
1347,1347,"Brocha Ecom. M/marron 3""",True,False,consu,True,True,185.0,0.0,DOP,Units,Pinturas,,,,,,,,NO_SALES_HISTORY,,NO_ACTION,master=185.0,"has master price, no quotation/sale/invoice lines"
1349,1349,"Brocha Ecom. M/marron 4""",True,False,consu,True,True,200.0,0.0,DOP,Units,Pinturas,,,,,,,,NO_SALES_HISTORY,,NO_ACTION,master=200.0,"has master price, no quotation/sale/invoice lines"
86,86,"BROCHA M/BCO PELO GRIS 2"" BCM20 BYP",True,False,consu,True,True,89.99,0.0,DOP,Units,,,,,,89.99,2025-12-22,89.99,PRICE_OK,0.0,KEEP,inv=89.99@2025-12-22; master=89.99,master aligned with recent commercial prices
739,739,BROCHA M/BCO PELO GRIS 2'' BCM20 BYP,True,False,consu,True,True,89.99,0.0,DOP,Units,Pinturas,,,,,,,,NO_SALES_HISTORY,,NO_ACTION,master=89.99,"has master price, no quotation/sale/invoice lines"
236,236,Brochas DE 1'' EMTOP,True,False,consu,True,True,115.0,0.0,DOP,Units,Pinturas,,,,,,,,NO_SALES_HISTORY,,NO_ACTION,master=115.0,"has master price, no quotation/sale/invoice lines"
237,237,Brochas DE 2'' EMTOP,True,False,consu,True,True,185.0,0.0,DOP,Units,Pinturas,,,,,,,,NO_SALES_HISTORY,,NO_ACTION,master=185.0,"has master price, no quotation/sale/invoice lines"
238,238,Brochas DE 3'' EMTOP,True,False,consu,True,True,275.0,0.0,DOP,Units,Pinturas,,,,,,,,NO_SALES_HISTORY,,NO_ACTION,master=275.0,"has master price, no quotation/sale/invoice lines"
239,239,Brochas DE 4'''emtop,True,False,consu,True,True,325.0,0.0,DOP,Units,Pinturas,,,,,,,,NO_SALES_HISTORY,,NO_ACTION,master=325.0,"has master price, no quotation/sale/invoice lines"
1030,1030,Caballetes DE Aluzinc DE 10 PIES,True,False,consu,True,True,1750.0,0.0,DOP,Units,Ferretería,,,,,,,,NO_SALES_HISTORY,,NO_ACTION,master=1750.0,"has master price, no quotation/sale/invoice lines"
518,518,CABLE #10 AWG THHN BLANCO,True,False,consu,True,True,37.5,0.0,DOP,Units,Material eléctrico,,,,,,,,NO_SALES_HISTORY,,NO_ACTION,master=37.5,"has master price, no quotation/sale/invoice lines"
517,517,CABLE 10 AWG THHN NEGRO,True,False,consu,True,True,37.5,0.0,DOP,Units,Material eléctrico,,,,,,,,NO_SALES_HISTORY,,NO_ACTION,master=37.5,"has master price, no quotation/sale/invoice lines"
519,519,CABLE #10 AWG THHN VERDE,True,False,consu,True,True,37.5,0.0,DOP,Units,Material eléctrico,,,,,,,,NO_SALES_HISTORY,,NO_ACTION,master=37.5,"has master price, no quotation/sale/invoice lines"
704,704,CABLE 12 AWG THHN-500 PIE,True,False,consu,True,True,11500.0,0.0,DOP,Units,Material eléctrico,,,,,,,,NO_SALES_HISTORY,,NO_ACTION,master=11500.0,"has master price, no quotation/sale/invoice lines"
520,520,CABLE #12 AWG THHN BLANCO,True,False,consu,True,True,23.0,0.0,DOP,Units,Material eléctrico,,,,,,,,NO_SALES_HISTORY,,NO_ACTION,master=23.0,"has master price, no quotation/sale/invoice lines"
1036,1036,CABLE 12 AWG THHN NEGRO,True,False,consu,True,True,23.0,0.0,DOP,Units,Material eléctrico,,,,,,,,NO_SALES_HISTORY,,NO_ACTION,master=23.0,"has master price, no quotation/sale/invoice lines"
521,521,CABLE #12 AWG THHN RO JO,True,False,consu,True,True,23.0,0.0,DOP,Units,Material eléctrico,,,,,,,,NO_SALES_HISTORY,,NO_ACTION,master=23.0,"has master price, no quotation/sale/invoice lines"
1039,1039,CABLE #14 (1.5mm) AWG THHN BLANCO,True,False,consu,True,True,46.7,0.0,DOP,Units,Material eléctrico,,,,,,,,NO_SALES_HISTORY,,NO_ACTION,master=46.7,"has master price, no quotation/sale/invoice lines"
203,203,Cable #14 AWG Thhn Negro,True,False,consu,True,True,46.7,0.0,DOP,Units,Material eléctrico,,,,,,,,NO_SALES_HISTORY,,NO_ACTION,master=46.7,"has master price, no quotation/sale/invoice lines"
1489,1489,CABLE 2 AWG THHN,True,False,consu,True,True,226.0,0.0,DOP,Units,Material eléctrico,,,,,,,,NO_SALES_HISTORY,,NO_ACTION,master=226.0,"has master price, no quotation/sale/invoice lines"
104,104,CABLE 3/0 AWG THHN NEGRO,True,False,consu,True,True,450.0,0.0,DOP,Units,,,,,,450.0,2025-12-22,450.0,PRICE_OK,0.0,KEEP,inv=450.0@2025-12-22; master=450.0,master aligned with recent commercial prices
1488,1488,CABLE 4 AWG THHN,True,False,consu,True,True,178.0,0.0,DOP,Units,Material eléctrico,,,,,,,,NO_SALES_HISTORY,,NO_ACTION,master=178.0,"has master price, no quotation/sale/invoice lines"
1040,1040,CABLE 8 AWG THHN NEGR,True,False,consu,True,True,43.0,0.0,DOP,Units,Material eléctrico,,,,,,,,NO_SALES_HISTORY,,NO_ACTION,master=43.0,"has master price, no quotation/sale/invoice lines"
1037,1037,CABLE GOMA 12/2 SJTW NEGRO,True,False,consu,True,True,57.2,0.0,DOP,Units,Neumáticos,,,,,,,,NO_SALES_HISTORY,,NO_ACTION,master=57.2,"has master price, no quotation/sale/invoice lines"
1038,1038,CABLE GOMA 12/3 SJTW NEGRO,True,False,consu,True,True,68.0,0.0,DOP,Units,Neumáticos,,,,,,,,NO_SALES_HISTORY,,NO_ACTION,master=68.0,"has master price, no quotation/sale/invoice lines"
538,538,CABLE GOMA 14/2 SJTW NEGRO,True,False,consu,True,True,30.5,0.0,DOP,Units,Neumáticos,,,,,,,,NO_SALES_HISTORY,,NO_ACTION,master=30.5,"has master price, no quotation/sale/invoice lines"
230,230,CABLE GOMA 8/3 SJTW NEGRO,True,False,consu,True,True,125.0,0.0,DOP,Units,Neumáticos,,,,,,,,NO_SALES_HISTORY,,NO_ACTION,master=125.0,"has master price, no quotation/sale/invoice lines"
534,534,CABLE VINYL 10/2 UF TW GRIS Cordiflex,True,False,consu,True,True,66.0,0.0,DOP,Units,Material eléctrico,,,,,,,,NO_SALES_HISTORY,,NO_ACTION,master=66.0,"has master price, no quotation/sale/invoice lines"
1042,1042,CABLE VINYL 12/2 UF TW GRIS Cordiflex,True,False,consu,True,True,41.7,0.0,DOP,Units,Material eléctrico,,,,,,,,NO_SALES_HISTORY,,NO_ACTION,master=41.7,"has master price, no quotation/sale/invoice lines"
1041,1041,CABLE VINYL 12/3 UF TW GRIS Cordiflex,True,False,consu,True,True,58.7,0.0,DOP,Units,Material eléctrico,,,,,,,,NO_SALES_HISTORY,,NO_ACTION,master=58.7,"has master price, no quotation/sale/invoice lines"
378,378,CAJA 2X4,True,False,consu,True,True,104.0,0.0,DOP,Units,Ferretería,,,,,,,,NO_SALES_HISTORY,,NO_ACTION,master=104.0,"has master price, no quotation/sale/invoice lines"
706,706,CAJA 2X4 3/4 Suplemento,True,False,consu,True,True,115.0,0.0,DOP,Units,Ferretería,,,,,,,,NO_SALES_HISTORY,,NO_ACTION,master=115.0,"has master price, no quotation/sale/invoice lines"
96,96,CAJA BREAKER 12 SUPE. OMNIUM,True,False,consu,True,True,3989.0,0.0,DOP,Units,,,,,,3970.0,2025-12-22,3970.0,PRICE_OK,0.48,KEEP,inv=3970.0@2025-12-22; master=3989.0,master aligned with recent commercial prices
1497,1497,CAJA Breaker 8 A 16 Circuito TLM-812FCUD ABB - GE,True,False,consu,True,True,6954.0,0.0,DOP,Units,Material eléctrico,,,,,,,,NO_SALES_HISTORY,,NO_ACTION,master=6954.0,"has master price, no quotation/sale/invoice lines"
123,123,CAJA BREAKER 8 A 16 CIRCUITO TLM-812FCUD ABB-GE,True,False,consu,True,True,6954.0,0.0,DOP,Units,,,,,,6954.0,2025-12-22,6954.0,PRICE_OK,0.0,KEEP,inv=6954.0@2025-12-22; master=6954.0,master aligned with recent commercial prices
228,228,CAJA Breaker GE 2 A 4,True,False,consu,True,True,4300.0,0.0,DOP,Units,Material eléctrico,,,,,,,,NO_SALES_HISTORY,,NO_ACTION,master=4300.0,"has master price, no quotation/sale/invoice lines"
35,35,CAJA CHICA (Feb-Mar 2026) agua y hielo $600/semana,True,False,service,True,False,600.0,0.0,DOP,Units,,,,,,600.0,2026-03-18,600.0,PRICE_OK,0.0,KEEP,inv=600.0@2026-03-18; master=600.0,master aligned with recent commercial prices
34,34,CAJA CHICA (Materiales instalacion motobomba y combustible),True,False,service,True,False,15000.0,0.0,DOP,Units,,,,,,15000.0,2026-03-18,15000.0,PRICE_OK,0.0,KEEP,inv=15000.0@2026-03-18; master=15000.0,master aligned with recent commercial prices
36,36,"CAJA CHICA motobomba/materiales + caja chica abril + combustible drenaje (desglose PDF no suma al SUB TOTAL 52,453.30)",True,False,service,True,False,52453.3,0.0,DOP,Units,,,,,,52453.3,2026-04-25,52453.3,PRICE_OK,0.0,KEEP,inv=52453.3@2026-04-25; master=52453.3,master aligned with recent commercial prices
1363,1363,Caja De Brazing Rod 0% Silver (varillas PLATA Para Soldaduras)1/8,True,False,consu,True,True,800.0,0.0,DOP,Units,Construcción,,,,,,,,NO_SALES_HISTORY,,NO_ACTION,master=800.0,"has master price, no quotation/sale/invoice lines"
332,332,CAJA DE Breaker 4/8,True,False,consu,True,True,5150.0,0.0,DOP,Units,Material eléctrico,,,,,,,,NO_SALES_HISTORY,,NO_ACTION,master=5150.0,"has master price, no quotation/sale/invoice lines"
333,333,CAJA DE Breaker 8/16,True,False,consu,True,True,7850.0,0.0,DOP,Units,Material eléctrico,,,,,,,,NO_SALES_HISTORY,,NO_ACTION,master=7850.0,"has master price, no quotation/sale/invoice lines"
330,330,CAJA DE Breaker GE 6 A 12,True,False,consu,True,True,6450.0,0.0,DOP,Units,Material eléctrico,,,,,,,,NO_SALES_HISTORY,,NO_ACTION,master=6450.0,"has master price, no quotation/sale/invoice lines"
219,219,CAJA DE Breaker Plastico Europeo DE 12 Circuito,True,False,consu,True,True,3250.0,0.0,DOP,Units,Material eléctrico,,,,,,,,NO_SALES_HISTORY,,NO_ACTION,master=3250.0,"has master price, no quotation/sale/invoice lines"
670,670,CAJA DE CLAVOS F-20 (1),True,False,consu,True,True,395.0,0.0,DOP,Units,Ferretería,,,,,,,,NO_SALES_HISTORY,,NO_ACTION,master=395.0,"has master price, no quotation/sale/invoice lines"
457,457,CAJA DE CLAVOS F-25 (1),True,False,consu,True,True,415.0,0.0,DOP,Units,Ferretería,,,,,,,,NO_SALES_HISTORY,,NO_ACTION,master=415.0,"has master price, no quotation/sale/invoice lines"
932,932,Caja De Gomitas OBIS No. 18,True,False,consu,True,True,95.0,0.0,DOP,Units,Ferretería,,,,,,,,NO_SALES_HISTORY,,NO_ACTION,master=95.0,"has master price, no quotation/sale/invoice lines"
348,348,CAJA DE GRAPA Estandar,True,False,consu,True,True,180.0,0.0,DOP,Units,Ferretería,,,,,,,,NO_SALES_HISTORY,,NO_ACTION,master=180.0,"has master price, no quotation/sale/invoice lines"
1430,1430,CAJA DE GRAPA Estandar Artesco,True,False,consu,True,True,148.0,0.0,DOP,Units,Ferretería,,,,,,,,NO_SALES_HISTORY,,NO_ACTION,master=148.0,"has master price, no quotation/sale/invoice lines"
1357,1357,Caja De Herramienta,True,False,consu,True,True,4300.0,0.0,DOP,Units,Ferretería,,,,,,,,NO_SALES_HISTORY,,NO_ACTION,master=4300.0,"has master price, no quotation/sale/invoice lines"
1418,1418,Caja De Herramientas 66pcs Wurth,True,False,consu,True,True,23340.0,0.0,DOP,Units,Ferretería,,,,,,,,NO_SALES_HISTORY,,NO_ACTION,master=23340.0,"has master price, no quotation/sale/invoice lines"
1209,1209,CAJA DE Herramientas Mediana Plastica KENDO,True,False,consu,True,True,915.0,0.0,DOP,Units,Ferretería,,,,,,,,NO_SALES_HISTORY,,NO_ACTION,master=915.0,"has master price, no quotation/sale/invoice lines"
377,377,CAJA Octagonal 3/4 METAL,True,False,consu,True,True,140.0,0.0,DOP,Units,Ferretería,,,,,,,,NO_SALES_HISTORY,,NO_ACTION,master=140.0,"has master price, no quotation/sale/invoice lines"
849,849,Cajas De Clips Billeteros 1 1/4 (32mm) 12/2,True,False,consu,True,True,425.0,0.0,DOP,Units,Ferretería,,,,,,,,NO_SALES_HISTORY,,NO_ACTION,master=425.0,"has master price, no quotation/sale/invoice lines"
850,850,Cajas De Clips Billeteros 2 (51mm) 12/3,True,False,consu,True,True,500.0,0.0,DOP,Units,Ferretería,,,,,,,,NO_SALES_HISTORY,,NO_ACTION,master=500.0,"has master price, no quotation/sale/invoice lines"
848,848,Cajas De Clips Billeteros 3/4 (19mm) 12/1,True,False,consu,True,True,300.0,0.0,DOP,Units,Ferretería,,,,,,,,NO_SALES_HISTORY,,NO_ACTION,master=300.0,"has master price, no quotation/sale/invoice lines"
852,852,"Cajas De Felpa Tinta De Gel Azul Punto Audaz 1,0 Mm 12/1",True,False,consu,True,True,2500.0,0.0,DOP,Units,Ferretería,,,,,,,,NO_SALES_HISTORY,,NO_ACTION,master=2500.0,"has master price, no quotation/sale/invoice lines"
826,826,Cajas De Ganchos Macho Y Hembra 50/1,True,False,consu,True,True,250.0,0.0,DOP,Units,Ferretería,,,,,,,,NO_SALES_HISTORY,,NO_ACTION,master=250.0,"has master price, no quotation/sale/invoice lines"
828,828,Cajas De Gomas Bandas No. 18,True,False,consu,True,True,55.1,0.0,DOP,Units,Ferretería,,,,,,,,NO_SALES_HISTORY,,NO_ACTION,master=55.1,"has master price, no quotation/sale/invoice lines"
829,829,Cajas De Grapas Estándar,True,False,consu,True,True,43.0,0.0,DOP,Units,Ferretería,,,,,,,,NO_SALES_HISTORY,,NO_ACTION,master=43.0,"has master price, no quotation/sale/invoice lines"
830,830,Cajas De Grapas Grandes,True,False,consu,True,True,195.0,0.0,DOP,Units,Ferretería,,,,,,,,NO_SALES_HISTORY,,NO_ACTION,master=195.0,"has master price, no quotation/sale/invoice lines"
835,835,Cajas De Lapiceros Azules 12/1,True,False,consu,True,True,89.0,0.0,DOP,Units,Oficina,,,,,,,,NO_SALES_HISTORY,,NO_ACTION,master=89.0,"has master price, no quotation/sale/invoice lines"
836,836,Cajas De Lapiceros Negros 12/1,True,False,consu,True,True,89.0,0.0,DOP,Units,Oficina,,,,,,,,NO_SALES_HISTORY,,NO_ACTION,master=89.0,"has master price, no quotation/sale/invoice lines"
839,839,Cajas De Marcadores Para Pizarra Azul,True,False,consu,True,True,650.0,0.0,DOP,Units,Ferretería,,,,,,,,NO_SALES_HISTORY,,NO_ACTION,master=650.0,"has master price, no quotation/sale/invoice lines"
840,840,Cajas De Marcadores Para Pizarra Negro,True,False,consu,True,True,650.0,0.0,DOP,Units,Ferretería,,,,,,,,NO_SALES_HISTORY,,NO_ACTION,master=650.0,"has master price, no quotation/sale/invoice lines"
841,841,Cajas De Marcadores Para Pizarra Rojo,True,False,consu,True,True,650.0,0.0,DOP,Units,Ferretería,,,,,,,,NO_SALES_HISTORY,,NO_ACTION,master=650.0,"has master price, no quotation/sale/invoice lines"
842,842,Cajas De Marcadores Para Pizarra Verde,True,False,consu,True,True,650.0,0.0,DOP,Units,Ferretería,,,,,,,,NO_SALES_HISTORY,,NO_ACTION,master=650.0,"has master price, no quotation/sale/invoice lines"
1287,1287,CAJAS DE SOBRES Blancos 500/1,True,False,consu,True,True,945.0,0.0,DOP,Units,Ferretería,,,,,,,,NO_SALES_HISTORY,,NO_ACTION,master=945.0,"has master price, no quotation/sale/invoice lines"
1297,1297,CAJITA DE CLIP PEQ TALBO,True,False,consu,True,True,15.0,0.0,DOP,Units,Ferretería,,,,,,,,NO_SALES_HISTORY,,NO_ACTION,master=15.0,"has master price, no quotation/sale/invoice lines"
1296,1296,CAJITA DE GRAPAS Grandes Standard T,True,False,consu,True,True,38.0,0.0,DOP,Units,Ferretería,,,,,,,,NO_SALES_HISTORY,,NO_ACTION,master=38.0,"has master price, no quotation/sale/invoice lines"
1295,1295,Cajitas DE GRAPAS Standard T,True,False,consu,True,True,15.0,0.0,DOP,Units,Ferretería,,,,,,,,NO_SALES_HISTORY,,NO_ACTION,master=15.0,"has master price, no quotation/sale/invoice lines"
1185,1185,Caliche FINO,True,False,consu,True,True,705.0,0.0,DOP,Units,Ferretería,,,,,,,,NO_SALES_HISTORY,,NO_ACTION,master=705.0,"has master price, no quotation/sale/invoice lines"
1545,1545,Cama C/base De Madera 54'' Doble Pillow Top Especial,True,False,consu,True,True,12438.14,0.0,DOP,Units,Ferretería,,,,,,,,NO_SALES_HISTORY,,NO_ACTION,master=12438.14,"has master price, no quotation/sale/invoice lines"
1573,1573,CAMA CON BASE DE MADERA 54 PG PILLOW TOP EURO AZUL,True,False,consu,True,True,13050.0,0.0,DOP,Units,Ferretería,,,,,,,,NO_SALES_HISTORY,,NO_ACTION,master=13050.0,"has master price, no quotation/sale/invoice lines"
1592,1592,Camarote 39X39 Pulgadas TWIN TWIN FIRSO,True,False,consu,True,True,32668.3,0.0,DOP,Units,Ferretería,,,,,,,,NO_SALES_HISTORY,,NO_ACTION,master=32668.3,"has master price, no quotation/sale/invoice lines"
1561,1561,Camarote Hilton Twin Twin 39X39 Pulgadas,True,False,consu,True,True,25075.0,0.0,DOP,Units,Ferretería,,,,,,,,NO_SALES_HISTORY,,NO_ACTION,master=25075.0,"has master price, no quotation/sale/invoice lines"
980,980,Cambio Tapa De Cisterma 1x1 Concreto,True,False,consu,True,True,6200.0,0.0,DOP,Units,Ferretería,,,,,,,,NO_SALES_HISTORY,,NO_ACTION,master=6200.0,"has master price, no quotation/sale/invoice lines"
1213,1213,"Camioneta NISSAN Frontier NP300 AÑO 2019, FICHA 275, PLACA L406494 CHASIS",True,False,consu,True,True,9000.0,0.0,DOP,Units,Ferretería,,,,,,,,NO_SALES_HISTORY,,NO_ACTION,master=9000.0,"has master price, no quotation/sale/invoice lines"
1050,1050,Canaleta RECTA. 3/4X10MM KOLNY 2070-05,True,False,consu,True,True,250.0,0.0,DOP,Units,Ferretería,,,,,,,,NO_SALES_HISTORY,,NO_ACTION,master=250.0,"has master price, no quotation/sale/invoice lines"
303,303,Canaletas Cuadradas C/ADH 1/2,True,False,consu,True,True,275.0,0.0,DOP,Units,Ferretería,,,,,,,,NO_SALES_HISTORY,,NO_ACTION,master=275.0,"has master price, no quotation/sale/invoice lines"
218,218,Candado DE BRONCE YALE ITALY 70MM,True,False,consu,True,True,3090.0,0.0,DOP,Units,Ferretería,,,,,,,,NO_SALES_HISTORY,,NO_ACTION,master=3090.0,"has master price, no quotation/sale/invoice lines"
1378,1378,Candado Yale 50 Mm,True,False,consu,True,True,1650.0,0.0,DOP,Units,Ferretería,,,,,,,,NO_SALES_HISTORY,,NO_ACTION,master=1650.0,"has master price, no quotation/sale/invoice lines"
204,204,Candado Yale 70 Mm 110-70,True,False,consu,True,True,2740.0,0.0,DOP,Units,Ferretería,,,,,,,,NO_SALES_HISTORY,,NO_ACTION,master=2740.0,"has master price, no quotation/sale/invoice lines"
1029,1029,CAÑOS DE 10X16,True,False,consu,True,True,1623.36,0.0,DOP,Units,Ferretería,,,,,,,,NO_SALES_HISTORY,,NO_ACTION,master=1623.36,"has master price, no quotation/sale/invoice lines"
868,868,Canto PVC Teca Lino SW 22x0.4mm Pies L,True,False,consu,True,True,26.27,0.0,DOP,Units,Plomería,,,,,,,,NO_SALES_HISTORY,,NO_ACTION,master=26.27,"has master price, no quotation/sale/invoice lines"
374,374,CAPA Amarilla,True,False,consu,True,True,1852.0,0.0,DOP,Units,Ferretería,,,,,,,,NO_SALES_HISTORY,,NO_ACTION,master=1852.0,"has master price, no quotation/sale/invoice lines"
407,407,CAPA Amarilla Impeable,True,False,consu,True,True,1862.0,0.0,DOP,Units,Ferretería,,,,,,,,NO_SALES_HISTORY,,NO_ACTION,master=1862.0,"has master price, no quotation/sale/invoice lines"
1100,1100,"CAPA Impermeable, TRUPER SIZE L",True,False,consu,True,True,1050.0,0.0,DOP,Units,Herramientas,,,,,,,,NO_SALES_HISTORY,,NO_ACTION,master=1050.0,"has master price, no quotation/sale/invoice lines"
1099,1099,"CAPA Impermeable, TRUPER SIZE M",True,False,consu,True,True,1025.0,0.0,DOP,Units,Herramientas,,,,,,,,NO_SALES_HISTORY,,NO_ACTION,master=1025.0,"has master price, no quotation/sale/invoice lines"
1101,1101,"CAPA Impermeable, TRUPER SIZE XL",True,False,consu,True,True,1075.0,0.0,DOP,Units,Herramientas,,,,,,,,NO_SALES_HISTORY,,NO_ACTION,master=1075.0,"has master price, no quotation/sale/invoice lines"
511,511,CAPA P/AGUA 1 PZA Amarilla,True,False,consu,True,True,875.0,0.0,DOP,Units,Ferretería,,,,,,,,NO_SALES_HISTORY,,NO_ACTION,master=875.0,"has master price, no quotation/sale/invoice lines"
1318,1318,CARNE DE CERDO,True,9,consu,True,True,200.0,0.0,DOP,Units,Carnes,,,,,,,,NO_SALES_HISTORY,,NO_ACTION,master=200.0,"has master price, no quotation/sale/invoice lines"
1313,1313,CARNE DE RES,True,9,consu,True,True,225.0,0.0,DOP,Units,Carnes,,,,,,,,NO_SALES_HISTORY,,NO_ACTION,master=225.0,"has master price, no quotation/sale/invoice lines"
1207,1207,CARPAS Plegables Parasol 3x3 TORDO Pegable Impermeable Reforzado TIPO ARAÑA,True,False,consu,True,True,318.0,0.0,DOP,Units,Ferretería,,,,,,,,NO_SALES_HISTORY,,NO_ACTION,master=318.0,"has master price, no quotation/sale/invoice lines"
555,555,Carretilla TRUPER,True,False,consu,True,True,6944.9,0.0,DOP,Units,Herramientas,,,,,,,,NO_SALES_HISTORY,,NO_ACTION,master=6944.9,"has master price, no quotation/sale/invoice lines"
370,370,Carretilla TRUPER CAT-50,True,False,consu,True,True,10575.0,0.0,DOP,Units,Herramientas,,,,,,,,NO_SALES_HISTORY,,NO_ACTION,master=10575.0,"has master price, no quotation/sale/invoice lines"
556,556,Carretillla Reforzada PARA Asfalto Tramotina,True,False,consu,True,True,11048.2,0.0,DOP,Units,Ferretería,,,,,,,,NO_SALES_HISTORY,,NO_ACTION,master=11048.2,"has master price, no quotation/sale/invoice lines"
146,146,CARTUCHO HP DESKJET 1000 122,True,False,consu,True,True,2000.0,0.0,DOP,Units,,,,,,2000.0,2026-08-14,2000.0,PRICE_OK,0.0,KEEP,inv=2000.0@2026-08-14; master=2000.0,master aligned with recent commercial prices
366,366,CASCO DE Seguridad Amarillo PRETUL,True,False,consu,True,True,1070.0,0.0,DOP,Units,Ferretería,,,,,,,,NO_SALES_HISTORY,,NO_ACTION,master=1070.0,"has master price, no quotation/sale/invoice lines"
367,367,CASCO DE Seguridad AZUL CON AJUSTE,True,False,consu,True,True,1070.0,0.0,DOP,Units,Ferretería,,,,,,,,NO_SALES_HISTORY,,NO_ACTION,master=1070.0,"has master price, no quotation/sale/invoice lines"
368,368,CASCO DE Seguridad BLANCO CON AJUSTE,True,False,consu,True,True,1070.0,0.0,DOP,Units,Ferretería,,,,,,,,NO_SALES_HISTORY,,NO_ACTION,master=1070.0,"has master price, no quotation/sale/invoice lines"
512,512,CASCO Seguridad BLANCO 201758 CLIMAX,True,False,consu,True,True,565.0,0.0,DOP,Units,Ferretería,,,,,,,,NO_SALES_HISTORY,,NO_ACTION,master=565.0,"has master price, no quotation/sale/invoice lines"
557,557,CEDAZO DE ARENA,True,False,consu,True,True,750.0,0.0,DOP,Units,Construcción,,,,,,,,NO_SALES_HISTORY,,NO_ACTION,master=750.0,"has master price, no quotation/sale/invoice lines"
1508,1508,Cemento,True,False,consu,True,True,546.25,0.0,DOP,Units,Construcción,,,,,,,,NO_SALES_HISTORY,,NO_ACTION,master=546.25,"has master price, no quotation/sale/invoice lines"
726,726,Cemento BLANCO,True,False,consu,True,True,60.0,0.0,DOP,Units,Construcción,,,,,,,,NO_SALES_HISTORY,,NO_ACTION,master=60.0,"has master price, no quotation/sale/invoice lines"
73,73,CEMENTO BLANCO 2KG (4.4LBS) 2KG PEGAFORTE,True,False,consu,True,True,205.0,0.0,DOP,Units,,,,,,205.0,2025-12-22,205.0,PRICE_OK,0.0,KEEP,inv=205.0@2025-12-22; master=205.0,master aligned with recent commercial prices
54,54,CEMENTO BLANCO FUNDA 40KG,True,False,consu,True,True,2750.0,0.0,DOP,Units,,,,,,2750.0,2025-12-22,2750.0,PRICE_OK,0.0,KEEP,inv=2750.0@2025-12-22; master=2750.0,master aligned with recent commercial prices
817,817,Cemento BLANCO Portland 94LB,True,False,consu,True,True,1950.0,0.0,DOP,Units,Construcción,,,,,,,,NO_SALES_HISTORY,,NO_ACTION,master=1950.0,"has master price, no quotation/sale/invoice lines"
1416,1416,Cemento De Contacto 1gl Universal,True,False,consu,True,True,2650.0,0.0,DOP,Units,Construcción,,,,,,,,NO_SALES_HISTORY,,NO_ACTION,master=2650.0,"has master price, no quotation/sale/invoice lines"
1463,1463,Cemento GRIS 94 LIBRA,True,False,consu,True,True,535.5,0.0,DOP,Units,Construcción,,,,,,,,NO_SALES_HISTORY,,NO_ACTION,master=535.5,"has master price, no quotation/sale/invoice lines"
1172,1172,Cemento GRIS (aglomerante Portland) SANTO Domingo 42.5 Kg/94 LB,True,False,consu,True,True,531.99,0.0,DOP,Units,Construcción,,,,,,,,NO_SALES_HISTORY,,NO_ACTION,master=531.99,"has master price, no quotation/sale/invoice lines"
22,22,CEMENTO GRIS (AGLOMERANTE PORTLAND) SANTO DOMINGO 94LB,True,False,consu,True,True,365.31,0.0,DOP,Units,,,,,,365.31,2026-08-10,365.31,PRICE_OK,0.0,KEEP,inv=365.31@2026-08-10; master=365.31,master aligned with recent commercial prices
645,645,Cemento GRIS (aglomerante Portland) SANTO Domingo/titan-cemex FDA 94LB,True,False,consu,True,True,550.0,0.0,DOP,Units,Construcción,,,,,,,,NO_SALES_HISTORY,,NO_ACTION,master=550.0,"has master price, no quotation/sale/invoice lines"
318,318,Cemento GRIS SANTO Domingo 94LB,True,False,consu,True,True,675.5,0.0,DOP,Units,Construcción,,,,,,,,NO_SALES_HISTORY,,NO_ACTION,master=675.5,"has master price, no quotation/sale/invoice lines"
1490,1490,Cemento GRIS TITAN 42.5 GK,True,False,consu,True,True,595.0,0.0,DOP,Units,Construcción,,,,,,,,NO_SALES_HISTORY,,NO_ACTION,master=595.0,"has master price, no quotation/sale/invoice lines"
954,954,Cemento GRIS TITAN 94 LB,True,False,consu,True,True,624.71,0.0,DOP,Units,Construcción,,,,,,,,NO_SALES_HISTORY,,NO_ACTION,master=624.71,"has master price, no quotation/sale/invoice lines"
532,532,Cemento P/ceramica 50LBS GRIS Pegaforte,True,False,consu,True,True,462.0,0.0,DOP,Units,Construcción,,,,,,,,NO_SALES_HISTORY,,NO_ACTION,master=462.0,"has master price, no quotation/sale/invoice lines"
761,761,Cemento Plastico Polyplus 2.8,True,False,consu,True,True,2691.0,0.0,DOP,Units,Construcción,,,,,,,,NO_SALES_HISTORY,,NO_ACTION,master=2691.0,"has master price, no quotation/sale/invoice lines"
1411,1411,Cemento Pvc Azul 1/4 Lanco//,True,False,consu,True,True,1825.0,0.0,DOP,Units,Plomería,,,,,,,,NO_SALES_HISTORY,,NO_ACTION,master=1825.0,"has master price, no quotation/sale/invoice lines"
375,375,Cemento PVC LANCO AZUL 1/4,True,False,consu,True,True,2200.0,0.0,DOP,Units,Plomería,,,,,,,,NO_SALES_HISTORY,,NO_ACTION,master=2200.0,"has master price, no quotation/sale/invoice lines"
804,804,Cemento PVC LANCO WET DRY 8 OZ,True,False,consu,True,True,675.0,0.0,DOP,Units,Plomería,,,,,,,,NO_SALES_HISTORY,,NO_ACTION,master=675.0,"has master price, no quotation/sale/invoice lines"
280,280,Cemento Spray Web Adhesive Mult-purpos,True,False,consu,True,True,500.0,0.0,DOP,Units,Construcción,,,,,,,,NO_SALES_HISTORY,,NO_ACTION,master=500.0,"has master price, no quotation/sale/invoice lines"
531,531,Cepillo DE Alambre TRUPER 4 X 16 CEA-54,True,False,consu,True,True,360.0,0.0,DOP,Units,Herramientas,,,,,,,,NO_SALES_HISTORY,,NO_ACTION,master=360.0,"has master price, no quotation/sale/invoice lines"
858,858,Ceramica LISA 50X50,True,False,consu,True,True,750.0,0.0,DOP,m²,Ferretería,,,,,,,,NO_SALES_HISTORY,,NO_ACTION,master=750.0,"has master price, no quotation/sale/invoice lines"
1330,1330,Cerradura Electromagnetica De 600 Lbs,True,False,consu,True,True,7500.0,0.0,DOP,Units,Ferretería,,,,,,,,NO_SALES_HISTORY,,NO_ACTION,master=7500.0,"has master price, no quotation/sale/invoice lines"
871,871,Cerradura P/gaveta Tallo Largo Mipecker,True,False,consu,True,True,165.85,0.0,DOP,Units,Ferretería,,,,,,,,NO_SALES_HISTORY,,NO_ACTION,master=165.85,"has master price, no quotation/sale/invoice lines"
373,373,Chaleco CON CINTA VERDE 14425,True,False,consu,True,True,650.0,0.0,DOP,Units,Ferretería,,,,,,,,NO_SALES_HISTORY,,NO_ACTION,master=650.0,"has master price, no quotation/sale/invoice lines"
558,558,Chaleco REFLEC SEG MAMEY,True,False,consu,True,True,235.0,0.0,DOP,Units,Ferretería,,,,,,,,NO_SALES_HISTORY,,NO_ACTION,master=235.0,"has master price, no quotation/sale/invoice lines"
513,513,Chaleco REFLEC SEG MAMEY (L),True,False,consu,True,True,208.0,0.0,DOP,Units,Ferretería,,,,,,,,NO_SALES_HISTORY,,NO_ACTION,master=208.0,"has master price, no quotation/sale/invoice lines"
1079,1079,Chaleco Reflectivo Naranja,True,False,consu,True,True,280.0,0.0,DOP,Units,Ferretería,,,,,,,,NO_SALES_HISTORY,,NO_ACTION,master=280.0,"has master price, no quotation/sale/invoice lines"
1151,1151,"Chaleco Salvavidas (s,m,l)",True,False,consu,True,True,5875.0,0.0,DOP,Units,Ferretería,,,,,,,,NO_SALES_HISTORY,,NO_ACTION,master=5875.0,"has master price, no quotation/sale/invoice lines"
372,372,Chalecos DE Seguridad VERDES CON EL LOGO D,True,False,consu,True,True,650.0,0.0,DOP,Units,Ferretería,,,,,,,,NO_SALES_HISTORY,,NO_ACTION,master=650.0,"has master price, no quotation/sale/invoice lines"
404,404,Chalecos Reflectivos Naranja,True,False,consu,True,True,650.0,0.0,DOP,Units,Ferretería,,,,,,,,NO_SALES_HISTORY,,NO_ACTION,master=650.0,"has master price, no quotation/sale/invoice lines"
241,241,CHINA CUPS Grandes 32 OZ,True,False,consu,True,True,90.0,0.0,DOP,Units,Ferretería,,,,,,,,NO_SALES_HISTORY,,NO_ACTION,master=90.0,"has master price, no quotation/sale/invoice lines"
1521,1521,Chocolate EN BARRAS MUNE (10 TAB 25G) 72/1,True,False,consu,True,True,4114.0,0.0,DOP,Units,Ferretería,,,,,,,,NO_SALES_HISTORY,,NO_ACTION,master=4114.0,"has master price, no quotation/sale/invoice lines"
1314,1314,Chuleta,True,9,consu,True,True,105.0,0.0,DOP,Units,Carnes,,,,,,,,NO_SALES_HISTORY,,NO_ACTION,master=105.0,"has master price, no quotation/sale/invoice lines"
1317,1317,Chuleta FRESCA Rebanada,True,9,consu,True,True,195.0,0.0,DOP,Units,Carnes,,,,,,,,NO_SALES_HISTORY,,NO_ACTION,master=195.0,"has master price, no quotation/sale/invoice lines"
1493,1493,CINCEL PLANO 3/4 X10'' (19x250) Tramontina,True,False,consu,True,True,518.4,0.0,DOP,Units,Ferretería,,,,,,,,NO_SALES_HISTORY,,NO_ACTION,master=518.4,"has master price, no quotation/sale/invoice lines"
113,113,"CINCEL PLANO 3/4 X 10"" (19X250) TRAMONTINA",True,False,consu,True,True,518.4,0.0,DOP,Units,,,,,,518.4,2025-12-22,518.4,PRICE_OK,0.0,KEEP,inv=518.4@2025-12-22; master=518.4,master aligned with recent commercial prices
559,559,CINCEL PLANO 3/4x12 (18x300) 5825 Bellota,True,False,consu,True,True,755.25,0.0,DOP,Units,Ferretería,,,,,,,,NO_SALES_HISTORY,,NO_ACTION,master=755.25,"has master price, no quotation/sale/invoice lines"
1492,1492,CINCEL PUNTA 3/4 X 10´ (19x250) Tramontina,True,False,consu,True,True,510.2,0.0,DOP,Units,Ferretería,,,,,,,,NO_SALES_HISTORY,,NO_ACTION,master=510.2,"has master price, no quotation/sale/invoice lines"
112,112,"CINCEL PUNTA 3/4 X 10"" (19X250) TRAMONTINA",True,False,consu,True,True,510.2,0.0,DOP,Units,,,,,,510.2,2025-12-22,510.2,PRICE_OK,0.0,KEEP,inv=510.2@2025-12-22; master=510.2,master aligned with recent commercial prices
560,560,CINCEL PUNTA 3/4x12'' (18x300) 5821 Bellota,True,False,consu,True,True,838.5,0.0,DOP,Units,Ferretería,,,,,,,,NO_SALES_HISTORY,,NO_ACTION,master=838.5,"has master price, no quotation/sale/invoice lines"
1373,1373,Cinta 3m P/baccocell De Insulacion,True,False,consu,True,True,500.0,0.0,DOP,Units,Ferretería,,,,,,,,NO_SALES_HISTORY,,NO_ACTION,master=500.0,"has master price, no quotation/sale/invoice lines"
931,931,"Cinta Adhesiva Invisible Talbot, 3/4 In X 1296 In, 36 Yd.",True,False,consu,True,True,145.0,0.0,DOP,Units,Ferretería,,,,,,,,NO_SALES_HISTORY,,NO_ACTION,master=145.0,"has master price, no quotation/sale/invoice lines"
769,769,"CINTA Aislante 19MM X 18 MT BLANCO ""truper"" 96/1",True,False,consu,True,True,10752.0,0.0,DOP,Units,Herramientas,,,,,,,,NO_SALES_HISTORY,,NO_ACTION,master=10752.0,"has master price, no quotation/sale/invoice lines"
1159,1159,CINTA Antideslizante Adhesiva NEGRA 5MM X 18M,True,False,consu,True,True,2995.0,0.0,DOP,Units,Ferretería,,,,,,,,NO_SALES_HISTORY,,NO_ACTION,master=2995.0,"has master price, no quotation/sale/invoice lines"
561,561,CINTA DE MEDIR Electrica GUIA-30 DE TRUPER,True,False,consu,True,True,4385.24,0.0,DOP,Units,Herramientas,,,,,,,,NO_SALES_HISTORY,,NO_ACTION,master=4385.24,"has master price, no quotation/sale/invoice lines"
639,639,Cinta De Papel,True,False,consu,True,True,350.0,0.0,DOP,Units,Oficina,,,,,,,,NO_SALES_HISTORY,,NO_ACTION,master=350.0,"has master price, no quotation/sale/invoice lines"
1160,1160,CINTA DE Precaucion Amarilla,True,False,consu,True,True,876.0,0.0,DOP,Units,Ferretería,,,,,,,,NO_SALES_HISTORY,,NO_ACTION,master=876.0,"has master price, no quotation/sale/invoice lines"
722,722,"CINTA DE TEFLÓN Industrial, TRUPER EXPERT 13M X 3/4""",True,False,consu,True,True,165.0,0.0,DOP,Units,Herramientas,,,,,,,,NO_SALES_HISTORY,,NO_ACTION,master=165.0,"has master price, no quotation/sale/invoice lines"
777,777,CINTA Electrica Temflex,True,False,consu,True,True,90.0,0.0,DOP,Units,Ferretería,,,,,,,,NO_SALES_HISTORY,,NO_ACTION,master=90.0,"has master price, no quotation/sale/invoice lines"
346,346,CINTA EPSON FX- 890,True,False,consu,True,True,1925.0,0.0,DOP,Units,Ferretería,,,,,,,,NO_SALES_HISTORY,,NO_ACTION,master=1925.0,"has master price, no quotation/sale/invoice lines"
1428,1428,CINTA EPSON FX- 890 /S015329,True,False,consu,True,True,1375.0,0.0,DOP,Units,Ferretería,,,,,,,,NO_SALES_HISTORY,,NO_ACTION,master=1375.0,"has master price, no quotation/sale/invoice lines"
1205,1205,CINTA Metrica 100m/330x Mm FIBRA TRUPER,True,False,consu,True,True,329.0,0.0,DOP,Units,Herramientas,,,,,,,,NO_SALES_HISTORY,,NO_ACTION,master=329.0,"has master price, no quotation/sale/invoice lines"
562,562,CINTA Metrica 30MT 35166 KENDO,True,False,consu,True,True,451.0,0.0,DOP,Units,Ferretería,,,,,,,,NO_SALES_HISTORY,,NO_ACTION,master=451.0,"has master price, no quotation/sale/invoice lines"
1085,1085,CINTA Metrica 5MTS,True,False,consu,True,True,860.0,0.0,DOP,Units,Ferretería,,,,,,,,NO_SALES_HISTORY,,NO_ACTION,master=860.0,"has master price, no quotation/sale/invoice lines"
490,490,CINTA Metrica 5MTS TRUPER 15388,True,False,consu,True,True,745.0,0.0,DOP,Units,Herramientas,,,,,,,,NO_SALES_HISTORY,,NO_ACTION,master=745.0,"has master price, no quotation/sale/invoice lines"
563,563,CINTA Metrica 8MTS 14579-FH-8M TRUPER,True,False,consu,True,True,455.0,0.0,DOP,Units,Herramientas,,,,,,,,NO_SALES_HISTORY,,NO_ACTION,master=455.0,"has master price, no quotation/sale/invoice lines"
1280,1280,CINTA PARA Dispensador Studmark,True,False,consu,True,True,135.0,0.0,DOP,Units,Ferretería,,,,,,,,NO_SALES_HISTORY,,NO_ACTION,master=135.0,"has master price, no quotation/sale/invoice lines"
622,622,CINTA Precaucion AMAR 3''x1000' BTCC31000G Gripite,True,False,consu,True,True,1619.2,0.0,DOP,Units,Ferretería,,,,,,,,NO_SALES_HISTORY,,NO_ACTION,master=1619.2,"has master price, no quotation/sale/invoice lines"
1161,1161,CINTA Reflectiva GRADO Diamante Amarilla 2'' X 150'',True,False,consu,True,True,7809.22,0.0,DOP,Units,Ferretería,,,,,,,,NO_SALES_HISTORY,,NO_ACTION,master=7809.22,"has master price, no quotation/sale/invoice lines"
1282,1282,CINTAS Adhesiva GRANDE OPUS,True,False,consu,True,True,75.0,0.0,DOP,Units,Ferretería,,,,,,,,NO_SALES_HISTORY,,NO_ACTION,master=75.0,"has master price, no quotation/sale/invoice lines"
1285,1285,CINTAS Impresoras Epson ERC39 BLACK,True,False,consu,True,True,115.0,0.0,DOP,Units,Tecnología,,,,,,,,NO_SALES_HISTORY,,NO_ACTION,master=115.0,"has master price, no quotation/sale/invoice lines"
220,220,Circuito Breaker DE 20 AMP,True,False,consu,True,True,400.0,0.0,DOP,Units,Material eléctrico,,,,,,,,NO_SALES_HISTORY,,NO_ACTION,master=400.0,"has master price, no quotation/sale/invoice lines"
564,564,Cizalla PROF 36'' (cp-36x) 12835 TRUPER,True,False,consu,True,True,4018.65,0.0,DOP,Units,Herramientas,,,,,,,,NO_SALES_HISTORY,,NO_ACTION,master=4018.65,"has master price, no quotation/sale/invoice lines"
941,941,Claudette Trementina 1/2 LT,True,False,consu,True,True,270.0,0.0,DOP,Units,Ferretería,,,,,,,,NO_SALES_HISTORY,,NO_ACTION,master=270.0,"has master price, no quotation/sale/invoice lines"
565,565,CLAVO ACERO 2 1/2'' ACERO Generico,True,False,consu,True,True,70.5,0.0,DOP,Units,Ferretería,,,,,,,,NO_SALES_HISTORY,,NO_ACTION,master=70.5,"has master price, no quotation/sale/invoice lines"
566,566,CLAVO ACERO 3'' ACERO Generico,True,False,consu,True,True,70.5,0.0,DOP,Units,Ferretería,,,,,,,,NO_SALES_HISTORY,,NO_ACTION,master=70.5,"has master price, no quotation/sale/invoice lines"
567,567,CLAVO Corriente 2 1/2X10 2999 Generico,True,False,consu,True,True,60.6,0.0,DOP,Units,Ferretería,,,,,,,,NO_SALES_HISTORY,,NO_ACTION,master=60.6,"has master price, no quotation/sale/invoice lines"
568,568,CLAVO Corriente 3X9 2816 Generico,True,False,consu,True,True,60.6,0.0,DOP,Units,Ferretería,,,,,,,,NO_SALES_HISTORY,,NO_ACTION,master=60.6,"has master price, no quotation/sale/invoice lines"
313,313,CLAVO DE 2 1/2PULGADA DE ACERO Koreano CAJA DE 50 LIBRA,True,False,consu,True,True,5220.0,0.0,DOP,Units,Ferretería,,,,,,,,NO_SALES_HISTORY,,NO_ACTION,master=5220.0,"has master price, no quotation/sale/invoice lines"
938,938,Clavo De 2 1/2 Pulgadas De Acero Koreano Caja De 50 Libra,True,False,consu,True,True,5220.0,0.0,DOP,Units,Ferretería,,,,,,,,NO_SALES_HISTORY,,NO_ACTION,master=5220.0,"has master price, no quotation/sale/invoice lines"
312,312,CLAVO DE 3 Pulgada DULCE CAJA DE 50 LIBRA,True,False,consu,True,True,6500.0,0.0,DOP,Units,Ferretería,,,,,,,,NO_SALES_HISTORY,,NO_ACTION,master=6500.0,"has master price, no quotation/sale/invoice lines"
311,311,CLAVO DE 3 Pulgadas ACERO Koreano CAJA DE 50 LIBRA,True,False,consu,True,True,5220.0,0.0,DOP,Units,Ferretería,,,,,,,,NO_SALES_HISTORY,,NO_ACTION,master=5220.0,"has master price, no quotation/sale/invoice lines"
937,937,Clavo De 3 Pulgadas Dulce Caja De 50 Libra,True,False,consu,True,True,6500.0,0.0,DOP,Units,Ferretería,,,,,,,,NO_SALES_HISTORY,,NO_ACTION,master=6500.0,"has master price, no quotation/sale/invoice lines"
309,309,CLAVO DE 4 Pulgadas ACERO CAJA DE 50 LIBRA,True,False,consu,True,True,7500.0,0.0,DOP,Units,Ferretería,,,,,,,,NO_SALES_HISTORY,,NO_ACTION,master=7500.0,"has master price, no quotation/sale/invoice lines"
310,310,CLAVO DE 4 Pulgadas DULCE CAJA DE 50 LIBRA,True,False,consu,True,True,6500.0,0.0,DOP,Units,Ferretería,,,,,,,,NO_SALES_HISTORY,,NO_ACTION,master=6500.0,"has master price, no quotation/sale/invoice lines"
957,957,CLAVO DE ACERO 2 1/2,True,False,consu,True,True,87.95,0.0,DOP,Units,Ferretería,,,,,,,,NO_SALES_HISTORY,,NO_ACTION,master=87.95,"has master price, no quotation/sale/invoice lines"
958,958,CLAVO DE ACERO DE 4'',True,False,consu,True,True,136.73,0.0,DOP,Units,Ferretería,,,,,,,,NO_SALES_HISTORY,,NO_ACTION,master=136.73,"has master price, no quotation/sale/invoice lines"
314,314,CLAVO DE ZINC CAJA DE 50 LIBRA,True,False,consu,True,True,10974.0,0.0,DOP,Units,Ferretería,,,,,,,,NO_SALES_HISTORY,,NO_ACTION,master=10974.0,"has master price, no quotation/sale/invoice lines"
955,955,CLAVO DULCE 2 1/2'',True,False,consu,True,True,75.11,0.0,DOP,Units,Ferretería,,,,,,,,NO_SALES_HISTORY,,NO_ACTION,master=75.11,"has master price, no quotation/sale/invoice lines"
956,956,CLAVO DULCE DE 4'',True,False,consu,True,True,102.86,0.0,DOP,Units,Ferretería,,,,,,,,NO_SALES_HISTORY,,NO_ACTION,master=102.86,"has master price, no quotation/sale/invoice lines"
686,686,CLAVOS F-20,True,False,consu,True,True,395.0,0.0,DOP,Units,Ferretería,,,,,,,,NO_SALES_HISTORY,,NO_ACTION,master=395.0,"has master price, no quotation/sale/invoice lines"
687,687,CLAVOS F-25,True,False,consu,True,True,445.0,0.0,DOP,Units,Ferretería,,,,,,,,NO_SALES_HISTORY,,NO_ACTION,master=445.0,"has master price, no quotation/sale/invoice lines"
924,924,Clips Grandes Talbot 50mm 100/1,True,False,consu,True,True,80.0,0.0,DOP,Units,Ferretería,,,,,,,,NO_SALES_HISTORY,,NO_ACTION,master=80.0,"has master price, no quotation/sale/invoice lines"
925,925,Clips Pequeños Talbot 33mm 100/1,True,False,consu,True,True,40.0,0.0,DOP,Units,Ferretería,,,,,,,,NO_SALES_HISTORY,,NO_ACTION,master=40.0,"has master price, no quotation/sale/invoice lines"
1256,1256,"CLORO Concentrado Macier, (clorox)",True,False,consu,True,True,110.0,0.0,DOP,Units,Limpieza,,,,,,,,NO_SALES_HISTORY,,NO_ACTION,master=110.0,"has master price, no quotation/sale/invoice lines"
507,507,CODIA,True,False,consu,True,True,16813.27,0.0,DOP,Units,Ferretería,,,,,,,,NO_SALES_HISTORY,,NO_ACTION,master=16813.27,"has master price, no quotation/sale/invoice lines"
1016,1016,CODO DE 12,True,False,consu,True,True,25800.0,0.0,DOP,Units,Plomería,,,,,,,,NO_SALES_HISTORY,,NO_ACTION,master=25800.0,"has master price, no quotation/sale/invoice lines"
716,716,CODO DE Presion DE 1'',True,False,consu,True,True,56.0,0.0,DOP,Units,Plomería,,,,,,,,NO_SALES_HISTORY,,NO_ACTION,master=56.0,"has master price, no quotation/sale/invoice lines"
718,718,CODO DE Presion DE 1/2'',True,False,consu,True,True,28.0,0.0,DOP,Units,Plomería,,,,,,,,NO_SALES_HISTORY,,NO_ACTION,master=28.0,"has master price, no quotation/sale/invoice lines"
717,717,CODO DE Presion DE 3/4'',True,False,consu,True,True,32.0,0.0,DOP,Units,Plomería,,,,,,,,NO_SALES_HISTORY,,NO_ACTION,master=32.0,"has master price, no quotation/sale/invoice lines"
253,253,Cola Amarilla Universal (105 Oz),True,False,consu,True,True,1995.0,0.0,DOP,Units,Ferretería,,,,,,,,NO_SALES_HISTORY,,NO_ACTION,master=1995.0,"has master price, no quotation/sale/invoice lines"
812,812,COLA DE Extencion PARA Lavamanos 11/4''x8,True,False,consu,True,True,90.0,0.0,DOP,Units,Plomería,,,,,,,,NO_SALES_HISTORY,,NO_ACTION,master=90.0,"has master price, no quotation/sale/invoice lines"
877,877,Cola Poliuretano Universal 1 GL,True,False,consu,True,True,6086.25,0.0,DOP,Units,Ferretería,,,,,,,,NO_SALES_HISTORY,,NO_ACTION,master=6086.25,"has master price, no quotation/sale/invoice lines"
1243,1243,Colchones Hospitalarios Imnovamed,True,False,consu,True,True,7560.0,0.0,DOP,Units,Ferretería,,,,,,,,NO_SALES_HISTORY,,NO_ACTION,master=7560.0,"has master price, no quotation/sale/invoice lines"
977,977,Colocacion Ceramica 0.40x0.40mm,True,False,consu,True,True,1200.0,0.0,DOP,m²,Ferretería,,,,,,,,NO_SALES_HISTORY,,NO_ACTION,master=1200.0,"has master price, no quotation/sale/invoice lines"
992,992,Colocacion De Gabinete Bajo Meseta 0.75x2.00,True,False,consu,True,True,850.0,0.0,DOP,Units,Ferretería,,,,,,,,NO_SALES_HISTORY,,NO_ACTION,master=850.0,"has master price, no quotation/sale/invoice lines"
674,674,Compresor AIRE PUMA PE30100 3HP CORREA 100LTS,True,False,consu,True,True,102020.2,0.0,DOP,Units,Ferretería,,,,,,,,NO_SALES_HISTORY,,NO_ACTION,master=102020.2,"has master price, no quotation/sale/invoice lines"
1196,1196,"Compresor DE AIRE 24 LTS, 120V PARA PINTAR",True,False,consu,True,True,17500.0,0.0,DOP,Units,Ferretería,,,,,,,,NO_SALES_HISTORY,,NO_ACTION,master=17500.0,"has master price, no quotation/sale/invoice lines"
188,188,"Condensador Inverter 60,000 BTU",True,False,consu,True,True,253200.0,0.0,DOP,Units,Ferretería,,,,,,,,NO_SALES_HISTORY,,NO_ACTION,master=253200.0,"has master price, no quotation/sale/invoice lines"
185,185,"Condensador Inverter 60,000 BTU 220/1/60",True,False,consu,True,True,265000.0,0.0,DOP,Units,Ferretería,,,,,,,,NO_SALES_HISTORY,,NO_ACTION,master=265000.0,"has master price, no quotation/sale/invoice lines"
126,126,CONECTOR DE EMPALME NO.2,True,False,consu,True,True,380.0,0.0,DOP,Units,,,,,,380.0,2025-12-22,380.0,PRICE_OK,0.0,KEEP,inv=380.0@2025-12-22; master=380.0,master aligned with recent commercial prices
101,101,CONECTOR DE EMPALME NO.4,True,False,consu,True,True,960.0,0.0,DOP,Units,,,,,,680.0,2025-12-22,680.0,HISTORICAL_PRICE_DIFFERENCE,41.18,UPDATE_CANDIDATE,inv=680.0@2025-12-22; master=960.0,master=960.0 recent_avg=680.0 diff_pct=41.2
440,440,Conector DE Manguera,True,False,consu,True,True,875.0,0.0,DOP,Units,Ferretería,,,,,,,,NO_SALES_HISTORY,,NO_ACTION,master=875.0,"has master price, no quotation/sale/invoice lines"
445,445,Conector DE Manguera TRUPER,True,False,consu,True,True,875.0,0.0,DOP,Units,Herramientas,,,,,,,,NO_SALES_HISTORY,,NO_ACTION,master=875.0,"has master price, no quotation/sale/invoice lines"
887,887,Conectore EMT 3/4,True,False,consu,True,True,37.0,0.0,DOP,Units,Ferretería,,,,,,,,NO_SALES_HISTORY,,NO_ACTION,master=37.0,"has master price, no quotation/sale/invoice lines"
1174,1174,Conectores KIT,True,False,consu,True,True,2441.0,0.0,DOP,Units,Ferretería,,,,,,,,NO_SALES_HISTORY,,NO_ACTION,master=2441.0,"has master price, no quotation/sale/invoice lines"
569,569,Conectores PARA Triplex 2/0 Generico,True,False,consu,True,True,588.3,0.0,DOP,Units,Ferretería,,,,,,,,NO_SALES_HISTORY,,NO_ACTION,master=588.3,"has master price, no quotation/sale/invoice lines"
408,408,CONO PVC 70 CM CON Reflectivo,True,False,consu,True,True,1470.0,0.0,DOP,Units,Plomería,,,,,,,,NO_SALES_HISTORY,,NO_ACTION,master=1470.0,"has master price, no quotation/sale/invoice lines"
780,780,CONOS TRUPER,True,False,consu,True,True,785.0,0.0,DOP,Units,Herramientas,,,,,,,,NO_SALES_HISTORY,,NO_ACTION,master=785.0,"has master price, no quotation/sale/invoice lines"
184,184,"Consola PISO TECHO Inverte 60,000 BTU",True,False,consu,True,True,85700.0,0.0,DOP,Units,Ferretería,,,,,,,,NO_SALES_HISTORY,,NO_ACTION,master=85700.0,"has master price, no quotation/sale/invoice lines"
199,199,Construccion De Drenaje En Planta De Oxigeno Medico,True,False,consu,True,True,35480.0,0.0,DOP,Units,Ferretería,,,,,,,,NO_SALES_HISTORY,,NO_ACTION,master=35480.0,"has master price, no quotation/sale/invoice lines"
196,196,Construccion De Tapa P/registro Sanitario,True,False,consu,True,True,45000.0,0.0,DOP,Units,Ferretería,,,,,,,,NO_SALES_HISTORY,,NO_ACTION,master=45000.0,"has master price, no quotation/sale/invoice lines"
981,981,Construccion Muros,True,False,consu,True,True,1623.15,0.0,DOP,m²,Ferretería,,,,,,,,NO_SALES_HISTORY,,NO_ACTION,master=1623.15,"has master price, no quotation/sale/invoice lines"
632,632,Construcción Pandereta DE Sheetrock,True,False,consu,True,True,75400.0,0.0,DOP,Units,Ferretería,,,,,,,,NO_SALES_HISTORY,,NO_ACTION,master=75400.0,"has master price, no quotation/sale/invoice lines"
882,882,Contacto Auxiliar PARA Breaker,True,False,consu,True,True,1200.0,0.0,DOP,Units,Material eléctrico,,,,,,,,NO_SALES_HISTORY,,NO_ACTION,master=1200.0,"has master price, no quotation/sale/invoice lines"
1367,1367,Contactor 40 Amp/2p 220 Volt,True,False,consu,True,True,740.98,0.0,DOP,Units,Ferretería,,,,,,,,NO_SALES_HISTORY,,NO_ACTION,master=740.98,"has master price, no quotation/sale/invoice lines"
1368,1368,Contactor 40 Amp/2p 24 Volt,True,False,consu,True,True,680.26,0.0,DOP,Units,Ferretería,,,,,,,,NO_SALES_HISTORY,,NO_ACTION,master=680.26,"has master price, no quotation/sale/invoice lines"
1370,1370,Contactor De 100 Amp Trifasico,True,False,consu,True,True,9300.0,0.0,DOP,Units,Ferretería,,,,,,,,NO_SALES_HISTORY,,NO_ACTION,master=9300.0,"has master price, no quotation/sale/invoice lines"
293,293,Contactores DE 30 AMP,True,False,consu,True,True,650.0,0.0,DOP,Units,Ferretería,,,,,,,,NO_SALES_HISTORY,,NO_ACTION,master=650.0,"has master price, no quotation/sale/invoice lines"
294,294,Contactores DE 32 AMP,True,False,consu,True,True,650.0,0.0,DOP,Units,Ferretería,,,,,,,,NO_SALES_HISTORY,,NO_ACTION,master=650.0,"has master price, no quotation/sale/invoice lines"
224,224,Contactor Magnetico DE 65 AMP,True,False,consu,True,True,4000.0,0.0,DOP,Units,Ferretería,,,,,,,,NO_SALES_HISTORY,,NO_ACTION,master=4000.0,"has master price, no quotation/sale/invoice lines"
1183,1183,Contenedor DE BASURA DELTA 200 LT,True,False,consu,True,True,7650.0,0.0,DOP,Units,Ferretería,,,,,,,,NO_SALES_HISTORY,,NO_ACTION,master=7650.0,"has master price, no quotation/sale/invoice lines"
171,171,Conten Pulido De H=0.20m,True,False,consu,True,True,1200.0,0.0,DOP,Units,Ferretería,,,,,,,,NO_SALES_HISTORY,,NO_ACTION,master=1200.0,"has master price, no quotation/sale/invoice lines"
446,446,Control Automatico,True,False,consu,True,True,2125.0,0.0,DOP,Units,Ferretería,,,,,,,,NO_SALES_HISTORY,,NO_ACTION,master=2125.0,"has master price, no quotation/sale/invoice lines"
439,439,Control Automatico LEO,True,False,consu,True,True,2125.0,0.0,DOP,Units,Ferretería,,,,,,,,NO_SALES_HISTORY,,NO_ACTION,master=2125.0,"has master price, no quotation/sale/invoice lines"
438,438,Control D/AIRE,True,False,consu,True,True,835.0,0.0,DOP,Units,Ferretería,,,,,,,,NO_SALES_HISTORY,,NO_ACTION,master=835.0,"has master price, no quotation/sale/invoice lines"
1331,1331,Control De Acceso Biometrico Inter De Toquen Con Push Touch De Salida Y Tarjeta,True,False,consu,True,True,8200.0,0.0,DOP,Units,Ferretería,,,,,,,,NO_SALES_HISTORY,,NO_ACTION,master=8200.0,"has master price, no quotation/sale/invoice lines"
1283,1283,Corrector Liquido 6OZ DELI,True,False,consu,True,True,35.0,0.0,DOP,Units,Ferretería,,,,,,,,NO_SALES_HISTORY,,NO_ACTION,master=35.0,"has master price, no quotation/sale/invoice lines"
926,926,Corrector Líquido De 7ml. Caja Con 12 Piezas Pelikan,True,False,consu,True,True,740.0,0.0,DOP,Units,Ferretería,,,,,,,,NO_SALES_HISTORY,,NO_ACTION,master=740.0,"has master price, no quotation/sale/invoice lines"
1009,1009,CORR. TRAD. LBCO C/ VID. LISO 3/16 CLARO - 90 1/2 X 43 3/8 Pulgds,True,False,consu,True,True,22690.0,0.0,DOP,Units,Ferretería,,,,,,,,NO_SALES_HISTORY,,NO_ACTION,master=22690.0,"has master price, no quotation/sale/invoice lines"
25,25,"CORTE, CARGA Y TRANSPORTE TOSCA",True,False,service,True,False,1100.0,0.0,DOP,Units,,,,,,1119.0,2026-04-25,1112.67,PRICE_OK,-1.14,KEEP,inv=1119.0@2026-04-25; master=1100.0,master aligned with recent commercial prices
26,26,CORTE Y CARGA CALICHE,True,False,service,True,False,419.0,0.0,DOP,Units,,,,,,419.0,2026-01-09,419.0,PRICE_OK,0.0,KEEP,inv=419.0@2026-01-09; master=419.0,master aligned with recent commercial prices
1244,1244,Cortinas,True,False,consu,True,True,1295.0,0.0,DOP,Units,Ferretería,,,,,,,,NO_SALES_HISTORY,,NO_ACTION,master=1295.0,"has master price, no quotation/sale/invoice lines"
1316,1316,Costilla,True,9,consu,True,True,200.0,0.0,DOP,Units,Carnes,,,,,,,,NO_SALES_HISTORY,,NO_ACTION,master=200.0,"has master price, no quotation/sale/invoice lines"
1599,1599,Counter DE Recepcion EN Melamina,True,False,consu,True,True,33394.0,0.0,DOP,Units,Ferretería,,,,,,,,NO_SALES_HISTORY,,NO_ACTION,master=33394.0,"has master price, no quotation/sale/invoice lines"
886,886,Couplint EMT 3/4,True,False,consu,True,True,35.0,0.0,DOP,Units,Ferretería,,,,,,,,NO_SALES_HISTORY,,NO_ACTION,master=35.0,"has master price, no quotation/sale/invoice lines"
1272,1272,"CPU DELL Refurbished 3050 SFF, I7-6700, 16GB RAM, 256GB SSD, W10P. Teclado, MOUSE Nuevos.",True,False,consu,True,True,32063.56,0.0,DOP,Units,Ferretería,,,,,,,,NO_SALES_HISTORY,,NO_ACTION,master=32063.56,"has master price, no quotation/sale/invoice lines"
1299,1299,Creyones AZULES,True,False,consu,True,True,20.0,0.0,DOP,Units,Ferretería,,,,,,,,NO_SALES_HISTORY,,NO_ACTION,master=20.0,"has master price, no quotation/sale/invoice lines"
1300,1300,Creyones NEGROS,True,False,consu,True,True,20.0,0.0,DOP,Units,Ferretería,,,,,,,,NO_SALES_HISTORY,,NO_ACTION,master=20.0,"has master price, no quotation/sale/invoice lines"
1301,1301,Creyones ROJO,True,False,consu,True,True,20.0,0.0,DOP,Units,Ferretería,,,,,,,,NO_SALES_HISTORY,,NO_ACTION,master=20.0,"has master price, no quotation/sale/invoice lines"
254,254,Cristal 16x12 De 3/16,True,False,consu,True,True,510.0,0.0,DOP,Units,Ferretería,,,,,,,,NO_SALES_HISTORY,,NO_ACTION,master=510.0,"has master price, no quotation/sale/invoice lines"
693,693,Cristales 16x12 DE 3/16,True,False,consu,True,True,582.0,0.0,DOP,Units,Ferretería,,,,,,,,NO_SALES_HISTORY,,NO_ACTION,master=582.0,"has master price, no quotation/sale/invoice lines"
865,865,Cruceta P/AZUL T 1MM 300/1,True,False,consu,True,True,785.0,0.0,DOP,Units,Ferretería,,,,,,,,NO_SALES_HISTORY,,NO_ACTION,master=785.0,"has master price, no quotation/sale/invoice lines"
1125,1125,Cuaderno FUSION 200 PAG,True,False,consu,True,True,75.0,0.0,DOP,Units,Ferretería,,,,,,,,NO_SALES_HISTORY,,NO_ACTION,master=75.0,"has master price, no quotation/sale/invoice lines"
1394,1394,CUADRE DE Estribo,True,False,consu,True,True,8500.0,0.0,DOP,Units,Ferretería,,,,,,,,NO_SALES_HISTORY,,NO_ACTION,master=8500.0,"has master price, no quotation/sale/invoice lines"
1393,1393,CUADRE DE PUERTA Izquierda,True,False,consu,True,True,8000.0,0.0,DOP,Units,Ferretería,,,,,,,,NO_SALES_HISTORY,,NO_ACTION,master=8000.0,"has master price, no quotation/sale/invoice lines"
570,570,CUBO DE GOMA #10,True,False,consu,True,True,750.0,0.0,DOP,Units,Neumáticos,,,,,,,,NO_SALES_HISTORY,,NO_ACTION,master=750.0,"has master price, no quotation/sale/invoice lines"
796,796,Cubrefalta Niquelado 1/2'',True,False,consu,True,True,50.0,0.0,DOP,Units,Ferretería,,,,,,,,NO_SALES_HISTORY,,NO_ACTION,master=50.0,"has master price, no quotation/sale/invoice lines"
876,876,Cubre Tornillo Ligth Grey 14mm Box 50 Uds,True,False,consu,True,True,175.94,0.0,DOP,Units,Ferretería,,,,,,,,NO_SALES_HISTORY,,NO_ACTION,master=175.94,"has master price, no quotation/sale/invoice lines"
1423,1423,Cuchara Bambino 40/1,True,False,consu,True,True,9.0,0.0,DOP,Units,Ferretería,,,,,,,,NO_SALES_HISTORY,,NO_ACTION,master=9.0,"has master price, no quotation/sale/invoice lines"
696,696,DACRON,True,False,consu,True,True,12000.0,0.0,DOP,Units,Ferretería,,,,,,,,NO_SALES_HISTORY,,NO_ACTION,master=12000.0,"has master price, no quotation/sale/invoice lines"
1168,1168,Demoledor Electrico SDS 2200W,True,False,consu,True,True,57193.22,0.0,DOP,Units,Material eléctrico,,,,,,,,NO_SALES_HISTORY,,NO_ACTION,master=57193.22,"has master price, no quotation/sale/invoice lines"
860,860,Derretidos ARENA,True,False,consu,True,True,1180.0,0.0,DOP,Units,Construcción,,,,,,,,NO_SALES_HISTORY,,NO_ACTION,master=1180.0,"has master price, no quotation/sale/invoice lines"
1258,1258,Descalin D´scalin,True,False,consu,True,True,350.0,0.0,DOP,Units,Ferretería,,,,,,,,NO_SALES_HISTORY,,NO_ACTION,master=350.0,"has master price, no quotation/sale/invoice lines"
1257,1257,Desgrasante A.B,True,False,consu,True,True,340.0,0.0,DOP,Units,Ferretería,,,,,,,,NO_SALES_HISTORY,,NO_ACTION,master=340.0,"has master price, no quotation/sale/invoice lines"
1086,1086,Destor. PLANO 1/4X4,True,False,consu,True,True,235.7,0.0,DOP,Units,Ferretería,,,,,,,,NO_SALES_HISTORY,,NO_ACTION,master=235.7,"has master price, no quotation/sale/invoice lines"
479,479,Destor. PLANO 1/4X4 TRUPER 13998,True,False,consu,True,True,204.89,0.0,DOP,Units,Herramientas,,,,,,,,NO_SALES_HISTORY,,NO_ACTION,master=204.89,"has master price, no quotation/sale/invoice lines"
1052,1052,Destor. PLANO 3/16X4 TRUPER 14034,True,False,consu,True,True,210.0,0.0,DOP,Units,Herramientas,,,,,,,,NO_SALES_HISTORY,,NO_ACTION,master=210.0,"has master price, no quotation/sale/invoice lines"
1087,1087,Destor. STRIA 1/4X4,True,False,consu,True,True,240.1,0.0,DOP,Units,Ferretería,,,,,,,,NO_SALES_HISTORY,,NO_ACTION,master=240.1,"has master price, no quotation/sale/invoice lines"
480,480,Destor. STRIA 1/4X4 TRUPER 14076,True,False,consu,True,True,211.1,0.0,DOP,Units,Herramientas,,,,,,,,NO_SALES_HISTORY,,NO_ACTION,master=211.1,"has master price, no quotation/sale/invoice lines"
1051,1051,Destor. STRIA 3/16X4 TRUPER 100836,True,False,consu,True,True,240.0,0.0,DOP,Units,Herramientas,,,,,,,,NO_SALES_HISTORY,,NO_ACTION,master=240.0,"has master price, no quotation/sale/invoice lines"
983,983,Destronque De Arbol,True,False,consu,True,True,10000.0,0.0,DOP,Units,Ferretería,,,,,,,,NO_SALES_HISTORY,,NO_ACTION,master=10000.0,"has master price, no quotation/sale/invoice lines"
1270,1270,Detergente EN POLVO Hispano,True,False,consu,True,True,1300.0,0.0,DOP,Units,Limpieza,,,,,,,,NO_SALES_HISTORY,,NO_ACTION,master=1300.0,"has master price, no quotation/sale/invoice lines"
745,745,"DEWALT Taladro DE Martillo,1/2 '' 7.8 Amperios RANGO DUAL (dw505) 900W",True,False,consu,True,True,20203.54,0.0,DOP,Units,Herramientas,,,,,,,,NO_SALES_HISTORY,,NO_ACTION,master=20203.54,"has master price, no quotation/sale/invoice lines"
1549,1549,Diluyentes Para Pinturas Y Barnices (thinner Th-1000) Tropical,True,False,consu,True,True,834.75,0.0,DOP,Units,Pinturas,,,,,,,,NO_SALES_HISTORY,,NO_ACTION,master=834.75,"has master price, no quotation/sale/invoice lines"
1581,1581,Diluyente Thinner TH-1000 1GAL Popular,True,False,consu,True,True,762.71,0.0,DOP,Units,Pinturas,,,,,,,,NO_SALES_HISTORY,,NO_ACTION,master=762.71,"has master price, no quotation/sale/invoice lines"
571,571,DISCO CORTE METAL INOX 7x1/16 7x1/16 METABO,True,False,consu,True,True,272.48,0.0,DOP,Units,Ferretería,,,,,,,,NO_SALES_HISTORY,,NO_ACTION,master=272.48,"has master price, no quotation/sale/invoice lines"
1216,1216,DISCO CORTE METAL INOX 9 METABO,True,False,consu,True,True,895.0,0.0,DOP,Units,Ferretería,,,,,,,,NO_SALES_HISTORY,,NO_ACTION,master=895.0,"has master price, no quotation/sale/invoice lines"
572,572,DISCO CORTE METAL INOX 9x5/64 9x5/64 METABO,True,False,consu,True,True,388.64,0.0,DOP,Units,Ferretería,,,,,,,,NO_SALES_HISTORY,,NO_ACTION,master=388.64,"has master price, no quotation/sale/invoice lines"
134,134,"DISCO DE CORTE 9"" METABO 7/8",True,False,consu,True,True,625.0,0.0,DOP,Units,,,,,,625.0,2025-12-22,625.0,PRICE_OK,0.0,KEEP,inv=625.0@2025-12-22; master=625.0,master aligned with recent commercial prices
1503,1503,DISCO DE CORTE 9'' METABO 7/8,True,False,consu,True,True,625.0,0.0,DOP,Units,Ferretería,,,,,,,,NO_SALES_HISTORY,,NO_ACTION,master=625.0,"has master price, no quotation/sale/invoice lines"
1400,1400,DISCO DE CORTE DE METAL,True,False,consu,True,True,450.0,0.0,DOP,Units,Ferretería,,,,,,,,NO_SALES_HISTORY,,NO_ACTION,master=450.0,"has master price, no quotation/sale/invoice lines"
486,486,"DISCO DE CORTE MADERA Stanley 10"" 40T",True,False,consu,True,True,2030.0,0.0,DOP,Units,Ferretería,,,,,,,,NO_SALES_HISTORY,,NO_ACTION,master=2030.0,"has master price, no quotation/sale/invoice lines"
701,701,"DISCO DE CORTE P/ MADERA Stanley 10"" 40T",True,False,consu,True,True,2155.1,0.0,DOP,Units,Ferretería,,,,,,,,NO_SALES_HISTORY,,NO_ACTION,master=2155.1,"has master price, no quotation/sale/invoice lines"
487,487,"DISCO DE CORTE Stanley 12"" 40T",True,False,consu,True,True,1975.6,0.0,DOP,Units,Ferretería,,,,,,,,NO_SALES_HISTORY,,NO_ACTION,master=1975.6,"has master price, no quotation/sale/invoice lines"
463,463,DISCO DE Pulidora NORTON #100,True,False,consu,True,True,122.4,0.0,DOP,Units,Ferretería,,,,,,,,NO_SALES_HISTORY,,NO_ACTION,master=122.4,"has master price, no quotation/sale/invoice lines"
460,460,DISCO DE Pulidora NORTON #50,True,False,consu,True,True,122.4,0.0,DOP,Units,Ferretería,,,,,,,,NO_SALES_HISTORY,,NO_ACTION,master=122.4,"has master price, no quotation/sale/invoice lines"
461,461,DISCO DE Pulidora NORTON #60,True,False,consu,True,True,122.4,0.0,DOP,Units,Ferretería,,,,,,,,NO_SALES_HISTORY,,NO_ACTION,master=122.4,"has master price, no quotation/sale/invoice lines"
462,462,DISCO DE Pulidora NORTON #80,True,False,consu,True,True,122.4,0.0,DOP,Units,Ferretería,,,,,,,,NO_SALES_HISTORY,,NO_ACTION,master=122.4,"has master price, no quotation/sale/invoice lines"
62,62,DISCO DEWALT DE 14 X 3/32,True,False,consu,True,True,620.0,0.0,DOP,Units,,,,,,620.0,2025-12-22,620.0,PRICE_OK,0.0,KEEP,inv=620.0@2025-12-22; master=620.0,master aligned with recent commercial prices
1274,1274,"DISCO DURO Interno Kingston SSD 512GB, 2.5"", SATA3, NEGRO. Velocidades DE Lectura /",True,False,consu,True,True,18741.53,0.0,DOP,Units,Ferretería,,,,,,,,NO_SALES_HISTORY,,NO_ACTION,master=18741.53,"has master price, no quotation/sale/invoice lines"
268,268,Disco Lija De Pulidora #100 (norton),True,False,consu,True,True,110.0,0.0,DOP,Units,Ferretería,,,,,,,,NO_SALES_HISTORY,,NO_ACTION,master=110.0,"has master price, no quotation/sale/invoice lines"
269,269,Disco Lija De Pulidora #120 (norton),True,False,consu,True,True,110.0,0.0,DOP,Units,Ferretería,,,,,,,,NO_SALES_HISTORY,,NO_ACTION,master=110.0,"has master price, no quotation/sale/invoice lines"
266,266,Disco Lija De Pulidora #60 (norton),True,False,consu,True,True,110.0,0.0,DOP,Units,Ferretería,,,,,,,,NO_SALES_HISTORY,,NO_ACTION,master=110.0,"has master price, no quotation/sale/invoice lines"
267,267,Disco Lija De Pulidora #80 (norton),True,False,consu,True,True,110.0,0.0,DOP,Units,Ferretería,,,,,,,,NO_SALES_HISTORY,,NO_ACTION,master=110.0,"has master price, no quotation/sale/invoice lines"
265,265,"Disco Lija De Pulidora (norton) F227 7"" #50",True,False,consu,True,True,110.0,0.0,DOP,Units,Ferretería,,,,,,,,NO_SALES_HISTORY,,NO_ACTION,master=110.0,"has master price, no quotation/sale/invoice lines"
270,270,Disco Lija Pulidora #50 (norton),True,False,consu,True,True,110.0,0.0,DOP,Units,Ferretería,,,,,,,,NO_SALES_HISTORY,,NO_ACTION,master=110.0,"has master price, no quotation/sale/invoice lines"
189,189,DISEÑO Y Construccion DE Ducteria,True,False,consu,True,True,75000.0,0.0,DOP,Units,Ferretería,,,,,,,,NO_SALES_HISTORY,,NO_ACTION,master=75000.0,"has master price, no quotation/sale/invoice lines"
1326,1326,Diseño Y Construccion De Nicho En Sheetrock P/luces,True,False,consu,True,True,23000.0,0.0,DOP,Units,Ferretería,,,,,,,,NO_SALES_HISTORY,,NO_ACTION,master=23000.0,"has master price, no quotation/sale/invoice lines"
604,604,Disluido Asfaltico RC2 5GL,True,False,consu,True,True,3960.0,0.0,DOP,Units,Ferretería,,,,,,,,NO_SALES_HISTORY,,NO_ACTION,master=3960.0,"has master price, no quotation/sale/invoice lines"
1325,1325,Division En Cristal Con Puerta Corrediza,True,False,consu,True,True,115000.0,0.0,DOP,Units,Ferretería,,,,,,,,NO_SALES_HISTORY,,NO_ACTION,master=115000.0,"has master price, no quotation/sale/invoice lines"
198,198,Division En Sheetrock,True,False,consu,True,True,51200.0,0.0,DOP,Units,Ferretería,,,,,,,,NO_SALES_HISTORY,,NO_ACTION,master=51200.0,"has master price, no quotation/sale/invoice lines"
1334,1334,Domolicion Pandereta De Sheetrock Y Resane De Area,True,False,consu,True,True,25700.0,0.0,DOP,Units,Ferretería,,,,,,,,NO_SALES_HISTORY,,NO_ACTION,master=25700.0,"has master price, no quotation/sale/invoice lines"
292,292,DRISA PARA Bandera TIPO Bandera DE Escuela,True,False,consu,True,True,15.0,0.0,DOP,Units,Ferretería,,,,,,,,NO_SALES_HISTORY,,NO_ACTION,master=15.0,"has master price, no quotation/sale/invoice lines"
339,339,DRIZA NYLON 1/4,True,False,consu,True,True,25.0,0.0,DOP,Units,Ferretería,,,,,,,,NO_SALES_HISTORY,,NO_ACTION,master=25.0,"has master price, no quotation/sale/invoice lines"
32,32,"DT 1RA CUBICACION CUADRANTE #2 USD $16,698.33 TASA USD$1=62.30",True,False,service,True,False,1040305.96,0.0,DOP,Units,,,,,,1040305.96,2026-03-17,1040305.96,PRICE_OK,0.0,KEEP,inv=1040305.96@2026-03-17; master=1040305.96,master aligned with recent commercial prices
37,37,"DT 1RA CUBICACION CUADRANTE #2 USD $4,370.72 TASA USD$1=62.30",True,False,service,True,False,272295.86,0.0,DOP,Units,,,,,,272295.86,2026-04-25,272295.86,PRICE_OK,0.0,KEEP,inv=272295.86@2026-04-25; master=272295.86,master aligned with recent commercial prices
790,790,DUCHA C/brazo Cuadrada LUKAN,True,False,consu,True,True,8150.0,0.0,DOP,Units,Ferretería,,,,,,,,NO_SALES_HISTORY,,NO_ACTION,master=8150.0,"has master price, no quotation/sale/invoice lines"
1129,1129,EGA BLANCA 40G,True,False,consu,True,True,55.0,0.0,DOP,Units,Ferretería,,,,,,,,NO_SALES_HISTORY,,NO_ACTION,master=55.0,"has master price, no quotation/sale/invoice lines"
190,190,Embobinado DE MOTOR DE BOMBA DE AGUA Pedrollo MOD. CP-680A 10 HP 220 Voltios 3 PHASES 60,True,False,consu,True,True,25000.0,0.0,DOP,Units,Ferretería,,,,,,,,NO_SALES_HISTORY,,NO_ACTION,master=25000.0,"has master price, no quotation/sale/invoice lines"
1355,1355,Enchufe 110volt,True,False,consu,True,True,420.0,0.0,DOP,Units,Ferretería,,,,,,,,NO_SALES_HISTORY,,NO_ACTION,master=420.0,"has master price, no quotation/sale/invoice lines"
323,323,Enchufe Leviton 120 Vamarillo 515PV,True,False,consu,True,True,425.0,0.0,DOP,Units,Ferretería,,,,,,,,NO_SALES_HISTORY,,NO_ACTION,master=425.0,"has master price, no quotation/sale/invoice lines"
1053,1053,Enchufe Leviton 120V Amarillo 515PV,True,False,consu,True,True,390.0,0.0,DOP,Units,Ferretería,,,,,,,,NO_SALES_HISTORY,,NO_ACTION,master=390.0,"has master price, no quotation/sale/invoice lines"
893,893,Enclouse NR3 Breaker 250 AMP 3 POLO,True,False,consu,True,True,5132.85,0.0,DOP,Units,Material eléctrico,,,,,,,,NO_SALES_HISTORY,,NO_ACTION,master=5132.85,"has master price, no quotation/sale/invoice lines"
778,778,ENLATE 2x4,True,False,consu,True,True,510.0,0.0,DOP,Units,Ferretería,,,,,,,,NO_SALES_HISTORY,,NO_ACTION,master=510.0,"has master price, no quotation/sale/invoice lines"
1511,1511,ENLATE 2x4x16,True,False,consu,True,True,510.0,0.0,DOP,Units,Ferretería,,,,,,,,NO_SALES_HISTORY,,NO_ACTION,master=510.0,"has master price, no quotation/sale/invoice lines"
764,764,ENLATE BRUTO Americano 2 X 4 X 16,True,False,consu,True,True,1140.0,0.0,DOP,Units,Ferretería,,,,,,,,NO_SALES_HISTORY,,NO_ACTION,master=1140.0,"has master price, no quotation/sale/invoice lines"
1063,1063,Escalera 40 PIES D/extension,True,False,consu,True,True,78150.0,0.0,DOP,Units,Ferretería,,,,,,,,NO_SALES_HISTORY,,NO_ACTION,master=78150.0,"has master price, no quotation/sale/invoice lines"
400,400,Escalera CUPRUM C-2213-10N TIJERA Aluminio 10' 175 KG,True,False,consu,True,True,20152.0,0.0,DOP,Units,Ferretería,,,,,,,,NO_SALES_HISTORY,,NO_ACTION,master=20152.0,"has master price, no quotation/sale/invoice lines"
402,402,Escalera CUPRUM C-2224-40PG Extension Aluminio 40' 175 KG,True,False,consu,True,True,71992.0,0.0,DOP,Units,Ferretería,,,,,,,,NO_SALES_HISTORY,,NO_ACTION,master=71992.0,"has master price, no quotation/sale/invoice lines"
399,399,Escalera CUPRUM C-3217-06 TIJERA FIBRA VIDRIO 6' VERDE 175 KG,True,False,consu,True,True,15032.0,0.0,DOP,Units,Ferretería,,,,,,,,NO_SALES_HISTORY,,NO_ACTION,master=15032.0,"has master price, no quotation/sale/invoice lines"
1061,1061,Escalera D/extension 32FT FIBRA,True,False,consu,True,True,77900.06,0.0,DOP,Units,Ferretería,,,,,,,,NO_SALES_HISTORY,,NO_ACTION,master=77900.06,"has master price, no quotation/sale/invoice lines"
574,574,Escalera F/ VIDRIO T/tijera 12 FTR-12 MAMEY Escalumex,True,False,consu,True,True,28353.6,0.0,DOP,Units,Ferretería,,,,,,,,NO_SALES_HISTORY,,NO_ACTION,master=28353.6,"has master price, no quotation/sale/invoice lines"
575,575,Escalera F/ VIDRIO T/tijera 8 FTS-8 VERDE Escalumex,True,False,consu,True,True,14256.0,0.0,DOP,Units,Ferretería,,,,,,,,NO_SALES_HISTORY,,NO_ACTION,master=14256.0,"has master price, no quotation/sale/invoice lines"
1062,1062,Escalera TIJERA D/12 PIES,True,False,consu,True,True,49850.3,0.0,DOP,Units,Ferretería,,,,,,,,NO_SALES_HISTORY,,NO_ACTION,master=49850.3,"has master price, no quotation/sale/invoice lines"
576,576,ESCOBA Plastica Mediana 600026 Lamaria,True,False,consu,True,True,260.0,0.0,DOP,Units,Ferretería,,,,,,,,NO_SALES_HISTORY,,NO_ACTION,master=260.0,"has master price, no quotation/sale/invoice lines"
1253,1253,Escobas REINA,True,False,consu,True,True,150.0,0.0,DOP,Units,Ferretería,,,,,,,,NO_SALES_HISTORY,,NO_ACTION,master=150.0,"has master price, no quotation/sale/invoice lines"
577,577,Escobillon Plastico FIBRA Leopardo,True,False,consu,True,True,635.0,0.0,DOP,Units,Ferretería,,,,,,,,NO_SALES_HISTORY,,NO_ACTION,master=635.0,"has master price, no quotation/sale/invoice lines"
1601,1601,Escritorio Modular 28x32 Formcase,True,False,consu,True,True,19945.0,0.0,DOP,Units,Mobiliario,,,,,,,,NO_SALES_HISTORY,,NO_ACTION,master=19945.0,"has master price, no quotation/sale/invoice lines"
1603,1603,Escritorio Modular 28x55 CON Retorno 18x36 Formcase,True,False,consu,True,True,22243.0,0.0,DOP,Units,Mobiliario,,,,,,,,NO_SALES_HISTORY,,NO_ACTION,master=22243.0,"has master price, no quotation/sale/invoice lines"
573,573,Escuadra DE 24 45-600 Stanley,True,False,consu,True,True,776.0,0.0,DOP,Units,Ferretería,,,,,,,,NO_SALES_HISTORY,,NO_ACTION,master=776.0,"has master price, no quotation/sale/invoice lines"
1531,1531,Espaguetis MILANO 350G MILANO 24/1,True,False,consu,True,True,450.0,0.0,DOP,Units,Ferretería,,,,,,,,NO_SALES_HISTORY,,NO_ACTION,master=450.0,"has master price, no quotation/sale/invoice lines"
768,768,Espatula 2'',True,False,consu,True,True,180.0,0.0,DOP,Units,Ferretería,,,,,,,,NO_SALES_HISTORY,,NO_ACTION,master=180.0,"has master price, no quotation/sale/invoice lines"
1105,1105,Espatula DE 3'',True,False,consu,True,True,185.0,0.0,DOP,Units,Ferretería,,,,,,,,NO_SALES_HISTORY,,NO_ACTION,master=185.0,"has master price, no quotation/sale/invoice lines"
1351,1351,"Espatula De Acero Flexible 1 1/2""",True,False,consu,True,True,245.0,0.0,DOP,Units,Ferretería,,,,,,,,NO_SALES_HISTORY,,NO_ACTION,master=245.0,"has master price, no quotation/sale/invoice lines"
1352,1352,"Espatula De Acero Flexible 2""",True,False,consu,True,True,270.0,0.0,DOP,Units,Ferretería,,,,,,,,NO_SALES_HISTORY,,NO_ACTION,master=270.0,"has master price, no quotation/sale/invoice lines"
631,631,Espatula METAL 4'' PA-2292-19 LANCO,True,False,consu,True,True,220.0,0.0,DOP,Units,Ferretería,,,,,,,,NO_SALES_HISTORY,,NO_ACTION,master=220.0,"has master price, no quotation/sale/invoice lines"
740,740,ESPEJO DE BAÑO 66x36'',True,False,consu,True,True,4984.0,0.0,DOP,Units,Ferretería,,,,,,,,NO_SALES_HISTORY,,NO_ACTION,master=4984.0,"has master price, no quotation/sale/invoice lines"
87,87,"ESPEJO DE BAÑO 66X36""",True,False,consu,True,True,4984.0,0.0,DOP,Units,,,,,,4984.0,2025-12-22,4984.0,PRICE_OK,0.0,KEEP,inv=4984.0@2025-12-22; master=4984.0,master aligned with recent commercial prices
637,637,Esquinero,True,False,consu,True,True,300.0,0.0,DOP,Units,Ferretería,,,,,,,,NO_SALES_HISTORY,,NO_ACTION,master=300.0,"has master price, no quotation/sale/invoice lines"
1602,1602,"Estación Modular DE Alturas 1.05 M, 1.20 M Y 1.50 M",True,False,consu,True,True,32346.16,0.0,DOP,Units,Ferretería,,,,,,,,NO_SALES_HISTORY,,NO_ACTION,master=32346.16,"has master price, no quotation/sale/invoice lines"
727,727,ESTOPA DE LUSTRE,True,False,consu,True,True,125.0,0.0,DOP,Units,Ferretería,,,,,,,,NO_SALES_HISTORY,,NO_ACTION,master=125.0,"has master price, no quotation/sale/invoice lines"
474,474,ESTOPA DE LUSTRE LB,True,False,consu,True,True,160.0,0.0,DOP,Units,Ferretería,,,,,,,,NO_SALES_HISTORY,,NO_ACTION,master=160.0,"has master price, no quotation/sale/invoice lines"
905,905,Estructura Metalica CON PERFIL GALVAN,True,False,consu,True,True,110570.2,0.0,DOP,Units,Ferretería,,,,,,,,NO_SALES_HISTORY,,NO_ACTION,master=110570.2,"has master price, no quotation/sale/invoice lines"
1572,1572,ESTUFA A GAS Discovery HOME 24'',True,False,consu,True,True,15089.0,0.0,DOP,Units,Electrodomésticos,,,,,,,,NO_SALES_HISTORY,,NO_ACTION,master=15089.0,"has master price, no quotation/sale/invoice lines"
1537,1537,Estufa Danilux 24'',True,False,consu,True,True,12200.0,0.0,DOP,Units,Electrodomésticos,,,,,,,,NO_SALES_HISTORY,,NO_ACTION,master=12200.0,"has master price, no quotation/sale/invoice lines"
153,153,"ESTUFA DANILUX 24""",True,False,consu,True,True,11059.32,0.0,DOP,Units,,,,,,11059.32,2026-08-18,11059.32,PRICE_OK,0.0,KEEP,inv=11059.32@2026-08-18; master=11059.32,master aligned with recent commercial prices
1557,1557,Estufas Danilux 24'',True,False,consu,True,True,13059.32,0.0,DOP,Units,Electrodomésticos,,,,,,,,NO_SALES_HISTORY,,NO_ACTION,master=13059.32,"has master price, no quotation/sale/invoice lines"
1307,1307,Etiquetas PARA Carpetas Pointer,True,False,consu,True,True,75.0,0.0,DOP,Units,Ferretería,,,,,,,,NO_SALES_HISTORY,,NO_ACTION,master=75.0,"has master price, no quotation/sale/invoice lines"
15,15,Event Registration,True,False,service,True,True,30.0,0.0,DOP,Units,Events,,,,,,,,NO_SALES_HISTORY,,NO_ACTION,master=30.0,"has master price, no quotation/sale/invoice lines"
1206,1206,Extencion Electrica PWE-C9-75FT PROW Naranja,True,False,consu,True,True,923.0,0.0,DOP,Units,Ferretería,,,,,,,,NO_SALES_HISTORY,,NO_ACTION,master=923.0,"has master price, no quotation/sale/invoice lines"
767,767,Extension P/pintar 3.6M DE FRIBRA DE VIDRIO TRUPER,True,False,consu,True,True,2150.0,0.0,DOP,Units,Herramientas,,,,,,,,NO_SALES_HISTORY,,NO_ACTION,master=2150.0,"has master price, no quotation/sale/invoice lines"
242,242,Extension P/ PINTAR REMIER 6''-12'',True,False,consu,True,True,2500.0,0.0,DOP,Units,Ferretería,,,,,,,,NO_SALES_HISTORY,,NO_ACTION,master=2500.0,"has master price, no quotation/sale/invoice lines"
1346,1346,Extension Telesc 3mts Gris,True,False,consu,True,True,720.0,0.0,DOP,Units,Ferretería,,,,,,,,NO_SALES_HISTORY,,NO_ACTION,master=720.0,"has master price, no quotation/sale/invoice lines"
1164,1164,Extintores ABC D/8.82 LB,True,False,consu,True,True,5450.0,0.0,DOP,Units,Ferretería,,,,,,,,NO_SALES_HISTORY,,NO_ACTION,master=5450.0,"has master price, no quotation/sale/invoice lines"
526,526,Extractor DAIWA 25A VEW 10'' PARED,True,False,consu,True,True,3900.0,0.0,DOP,Units,Ferretería,,,,,,,,NO_SALES_HISTORY,,NO_ACTION,master=3900.0,"has master price, no quotation/sale/invoice lines"
702,702,Extractor DE AIRE KDK Kdk M-30auht,True,False,consu,True,True,6895.0,0.0,DOP,Units,Ferretería,,,,,,,,NO_SALES_HISTORY,,NO_ACTION,master=6895.0,"has master price, no quotation/sale/invoice lines"
1374,1374,Fibra Sintetica Azul P/filtro De A/C,True,False,consu,True,True,600.49,0.0,DOP,Units,Ferretería,,,,,,,,NO_SALES_HISTORY,,NO_ACTION,master=600.49,"has master price, no quotation/sale/invoice lines"
14,14,Field Service,True,False,service,True,True,100.0,0.0,DOP,Hours,Services,,,,,,,,NO_SALES_HISTORY,,NO_ACTION,master=100.0,"has master price, no quotation/sale/invoice lines"
1375,1375,Fluxometro,True,False,consu,True,True,14500.0,0.0,DOP,Units,Ferretería,,,,,,,,NO_SALES_HISTORY,,NO_ACTION,master=14500.0,"has master price, no quotation/sale/invoice lines"
920,920,"Folder Manila Ofi-folder 8 1/2 X 11, Caja 100/1",True,False,consu,True,True,895.0,0.0,DOP,Units,Oficina,,,,,,,,NO_SALES_HISTORY,,NO_ACTION,master=895.0,"has master price, no quotation/sale/invoice lines"
921,921,"Folders Manila 8.5"" X 14"" Legal, 100 Pcs - AS Folders Plus",True,False,consu,True,True,1035.0,0.0,DOP,Units,Oficina,,,,,,,,NO_SALES_HISTORY,,NO_ACTION,master=1035.0,"has master price, no quotation/sale/invoice lines"
819,819,Folders Manila Tamaño 8 1/2 X 11,True,False,consu,True,True,5.0,0.0,DOP,Units,Oficina,,,,,,,,NO_SALES_HISTORY,,NO_ACTION,master=5.0,"has master price, no quotation/sale/invoice lines"
1279,1279,FOLDER TIPO CART 100/1 PAQ,True,False,consu,True,True,8.0,0.0,DOP,Units,Oficina,,,,,,,,NO_SALES_HISTORY,,NO_ACTION,master=8.0,"has master price, no quotation/sale/invoice lines"
1308,1308,"FOLDER TIPO CARTA 100/1 ROJO, AZUL Pointer",True,False,consu,True,True,175.0,0.0,DOP,Units,Oficina,,,,,,,,NO_SALES_HISTORY,,NO_ACTION,master=175.0,"has master price, no quotation/sale/invoice lines"
335,335,Fotocelda,True,False,consu,True,True,775.0,0.0,DOP,Units,Ferretería,,,,,,,,NO_SALES_HISTORY,,NO_ACTION,master=775.0,"has master price, no quotation/sale/invoice lines"
297,297,FOTO CELDA,True,False,consu,True,True,775.0,0.0,DOP,Units,Ferretería,,,,,,,,NO_SALES_HISTORY,,NO_ACTION,master=775.0,"has master price, no quotation/sale/invoice lines"
324,324,FOTO CELDA FISHER,True,False,consu,True,True,775.0,0.0,DOP,Units,Ferretería,,,,,,,,NO_SALES_HISTORY,,NO_ACTION,master=775.0,"has master price, no quotation/sale/invoice lines"
975,975,Fotoceldas 1800VA Generico,True,False,consu,True,True,1143.3,0.0,DOP,Units,Ferretería,,,,,,,,NO_SALES_HISTORY,,NO_ACTION,master=1143.3,"has master price, no quotation/sale/invoice lines"
816,816,Fregadero Tramontina Sencillo,True,False,consu,True,True,5050.0,0.0,DOP,Units,Ferretería,,,,,,,,NO_SALES_HISTORY,,NO_ACTION,master=5050.0,"has master price, no quotation/sale/invoice lines"
1147,1147,Frontal -cabeza -1-LED-1XAA-200LM,True,False,consu,True,True,6920.0,0.0,DOP,Units,Material eléctrico,,,,,,,,NO_SALES_HISTORY,,NO_ACTION,master=6920.0,"has master price, no quotation/sale/invoice lines"
1399,1399,Funda De ARENA,True,False,consu,True,True,1050.0,0.0,DOP,Units,Construcción,,,,,,,,NO_SALES_HISTORY,,NO_ACTION,master=1050.0,"has master price, no quotation/sale/invoice lines"
908,908,FUNDA DE Cemento GRIS TITAN 94 LB,True,False,consu,True,True,600.0,0.0,DOP,Units,Construcción,,,,,,,,NO_SALES_HISTORY,,NO_ACTION,master=600.0,"has master price, no quotation/sale/invoice lines"
1401,1401,Funda De Cemento TITAN,True,False,consu,True,True,850.0,0.0,DOP,Units,Construcción,,,,,,,,NO_SALES_HISTORY,,NO_ACTION,master=850.0,"has master price, no quotation/sale/invoice lines"
1597,1597,Gabinete TIPO Credenza 2 Puertas Thunder,True,False,consu,True,True,24014.0,0.0,DOP,Units,Ferretería,,,,,,,,NO_SALES_HISTORY,,NO_ACTION,master=24014.0,"has master price, no quotation/sale/invoice lines"
390,390,GAFAS DE Proteccion,True,False,consu,True,True,875.0,0.0,DOP,Units,Ferretería,,,,,,,,NO_SALES_HISTORY,,NO_ACTION,master=875.0,"has master price, no quotation/sale/invoice lines"
922,922,Ganchos Metálicos Macho/hembra 70mm 50 Sets ACCO #12992,True,False,consu,True,True,665.5,0.0,DOP,Units,Ferretería,,,,,,,,NO_SALES_HISTORY,,NO_ACTION,master=665.5,"has master price, no quotation/sale/invoice lines"
1419,1419,Gato Hidraulico 3tone Truper Cod.14806,True,False,consu,True,True,22900.0,0.0,DOP,Units,Herramientas,,,,,,,,NO_SALES_HISTORY,,NO_ACTION,master=22900.0,"has master price, no quotation/sale/invoice lines"
1560,1560,Gavetero/biuro Plastico TIPO RATAN 5 Gavetas Duralon,True,False,consu,True,True,2288.3,0.0,DOP,Units,Ferretería,,,,,,,,NO_SALES_HISTORY,,NO_ACTION,master=2288.3,"has master price, no quotation/sale/invoice lines"
1591,1591,Gavetero TIPO RATTAN DE 5 Gavetas Duralon,True,False,consu,True,True,2619.41,0.0,DOP,Units,Ferretería,,,,,,,,NO_SALES_HISTORY,,NO_ACTION,master=2619.41,"has master price, no quotation/sale/invoice lines"
352,352,GLADE SPRAY Ambientador Lavanda Lavanda Y Vainilla,True,False,consu,True,True,640.0,0.0,DOP,Units,Ferretería,,,,,,,,NO_SALES_HISTORY,,NO_ACTION,master=640.0,"has master price, no quotation/sale/invoice lines"
353,353,GLADE SPRAY Ambientador Manzana Y CANELA,True,False,consu,True,True,670.0,0.0,DOP,Units,Ferretería,,,,,,,,NO_SALES_HISTORY,,NO_ACTION,master=670.0,"has master price, no quotation/sale/invoice lines"
351,351,GLADE SPRAY Ambientador Paraiso AZUL,True,False,consu,True,True,555.0,0.0,DOP,Units,Ferretería,,,,,,,,NO_SALES_HISTORY,,NO_ACTION,master=555.0,"has master price, no quotation/sale/invoice lines"
1444,1444,GL DE Thinner,True,False,consu,True,True,690.0,0.0,DOP,Units,Pinturas,,,,,,,,NO_SALES_HISTORY,,NO_ACTION,master=690.0,"has master price, no quotation/sale/invoice lines"
1001,1001,GL DE Thinner TH-90,True,False,consu,True,True,630.0,0.0,DOP,Units,Pinturas,,,,,,,,NO_SALES_HISTORY,,NO_ACTION,master=630.0,"has master price, no quotation/sale/invoice lines"
260,260,GL DE Thinner TH-900 Tropical,True,False,consu,True,True,600.0,0.0,DOP,Units,Pinturas,,,,,,,,NO_SALES_HISTORY,,NO_ACTION,master=600.0,"has master price, no quotation/sale/invoice lines"
1144,1144,GLOBO LATEX 10''X 100 Balloons,True,False,consu,True,True,460.0,0.0,DOP,Units,Ferretería,,,,,,,,NO_SALES_HISTORY,,NO_ACTION,master=460.0,"has master price, no quotation/sale/invoice lines"
279,279,Goma De 1/2 Blanca,True,False,consu,True,True,620.0,0.0,DOP,Units,Neumáticos,,,,,,,,NO_SALES_HISTORY,,NO_ACTION,master=620.0,"has master price, no quotation/sale/invoice lines"
1448,1448,GOMA DE 1/2 BLANCA 94X42,True,False,consu,True,True,550.0,0.0,DOP,Units,Neumáticos,,,,,,,,NO_SALES_HISTORY,,NO_ACTION,master=550.0,"has master price, no quotation/sale/invoice lines"
621,621,Granzote GRUESO,True,False,consu,True,True,1260.0,0.0,DOP,Units,Ferretería,,,,,,,,NO_SALES_HISTORY,,NO_ACTION,master=1260.0,"has master price, no quotation/sale/invoice lines"
299,299,GRAPA DE Alambre,True,False,consu,True,True,750.0,0.0,DOP,Units,Ferretería,,,,,,,,NO_SALES_HISTORY,,NO_ACTION,master=750.0,"has master price, no quotation/sale/invoice lines"
923,923,"Grapadora Estandar Talbot De Metal, Color Negro, Compatible Con Grapas Estándar 24/6 Y",True,False,consu,True,True,795.0,0.0,DOP,Units,Ferretería,,,,,,,,NO_SALES_HISTORY,,NO_ACTION,master=795.0,"has master price, no quotation/sale/invoice lines"
933,933,"Grapadora Industrial De Metal Swingline, Con Base Antideslizante, Con Capacidad De 100",True,False,consu,True,True,2220.0,0.0,DOP,Units,Oficina,,,,,,,,NO_SALES_HISTORY,,NO_ACTION,master=2220.0,"has master price, no quotation/sale/invoice lines"
281,281,Grapadora Neumatica,True,False,consu,True,True,13390.0,0.0,DOP,Units,Neumáticos,,,,,,,,NO_SALES_HISTORY,,NO_ACTION,master=13390.0,"has master price, no quotation/sale/invoice lines"
831,831,Grapadoras Grandes 250 Páginas,True,False,consu,True,True,9000.0,0.0,DOP,Units,Ferretería,,,,,,,,NO_SALES_HISTORY,,NO_ACTION,master=9000.0,"has master price, no quotation/sale/invoice lines"
688,688,GRAPAS 7/10,True,False,consu,True,True,266.0,0.0,DOP,Units,Ferretería,,,,,,,,NO_SALES_HISTORY,,NO_ACTION,master=266.0,"has master price, no quotation/sale/invoice lines"
917,917,"Grapas Estándar Artesco 6 Mm, 26/6, 5000/1",True,False,consu,True,True,110.0,0.0,DOP,Units,Ferretería,,,,,,,,NO_SALES_HISTORY,,NO_ACTION,master=110.0,"has master price, no quotation/sale/invoice lines"
458,458,GRAPAS PARA Grapadora Neumatica 7/10,True,False,consu,True,True,225.0,0.0,DOP,Units,Neumáticos,,,,,,,,NO_SALES_HISTORY,,NO_ACTION,master=225.0,"has master price, no quotation/sale/invoice lines"
321,321,GRAVA 3/4,True,False,consu,True,True,3530.0,0.0,DOP,Units,Construcción,,,,,,,,NO_SALES_HISTORY,,NO_ACTION,master=3530.0,"has master price, no quotation/sale/invoice lines"
910,910,GRAVA 3/4 A 1/2,True,False,consu,True,True,1300.0,0.0,DOP,Units,Construcción,,,,,,,,NO_SALES_HISTORY,,NO_ACTION,master=1300.0,"has master price, no quotation/sale/invoice lines"
1068,1068,GRAVA CALIZA,True,False,consu,True,True,5800.0,0.0,DOP,m,Construcción,,,,,,,,NO_SALES_HISTORY,,NO_ACTION,master=5800.0,"has master price, no quotation/sale/invoice lines"
1532,1532,Guandules LINDA (LATA 15OZ) 24/1,True,False,consu,True,True,1282.5,0.0,DOP,Units,Ferretería,,,,,,,,NO_SALES_HISTORY,,NO_ACTION,master=1282.5,"has master price, no quotation/sale/invoice lines"
776,776,GUANTE DE Proteccion TRUPER,True,False,consu,True,True,280.0,0.0,DOP,Units,Herramientas,,,,,,,,NO_SALES_HISTORY,,NO_ACTION,master=280.0,"has master price, no quotation/sale/invoice lines"
579,579,GUANTE EXTRA GRIP XL 400XL GRX,True,False,consu,True,True,476.8,0.0,DOP,Units,Ferretería,,,,,,,,NO_SALES_HISTORY,,NO_ACTION,master=476.8,"has master price, no quotation/sale/invoice lines"
364,364,GUANTE GOMA NEGRO IND,True,False,consu,True,True,700.0,0.0,DOP,Units,Neumáticos,,,,,,,,NO_SALES_HISTORY,,NO_ACTION,master=700.0,"has master price, no quotation/sale/invoice lines"
491,491,GUANTE GOMA NEGRO IND (10L Y 10M),True,False,consu,True,True,285.0,0.0,DOP,Units,Neumáticos,,,,,,,,NO_SALES_HISTORY,,NO_ACTION,master=285.0,"has master price, no quotation/sale/invoice lines"
742,742,"GUANTE GOMA NEGRO IND (SIZE S,MY L)",True,False,consu,True,True,700.0,0.0,DOP,Units,Neumáticos,,,,,,,,NO_SALES_HISTORY,,NO_ACTION,master=700.0,"has master price, no quotation/sale/invoice lines"
492,492,GUANTE OBRERO Naranja TRUPER 14246,True,False,consu,True,True,595.0,0.0,DOP,Units,Herramientas,,,,,,,,NO_SALES_HISTORY,,NO_ACTION,master=595.0,"has master price, no quotation/sale/invoice lines"
403,403,Guantes DE Carnaza,True,False,consu,True,True,560.0,0.0,DOP,Units,Ferretería,,,,,,,,NO_SALES_HISTORY,,NO_ACTION,master=560.0,"has master price, no quotation/sale/invoice lines"
411,411,Guantes DE CUERO (carnaza),True,False,consu,True,True,560.0,0.0,DOP,Units,Ferretería,,,,,,,,NO_SALES_HISTORY,,NO_ACTION,master=560.0,"has master price, no quotation/sale/invoice lines"
1121,1121,Guantes DE CUERO P/ OBRERO (carnaza),True,False,consu,True,True,420.0,0.0,DOP,Units,Ferretería,,,,,,,,NO_SALES_HISTORY,,NO_ACTION,master=420.0,"has master price, no quotation/sale/invoice lines"
1080,1080,Guantes DE CUERO Y TELA TIPO LONETA,True,False,consu,True,True,617.96,0.0,DOP,Units,Ferretería,,,,,,,,NO_SALES_HISTORY,,NO_ACTION,master=617.96,"has master price, no quotation/sale/invoice lines"
578,578,Guantes DE Nitrilo MANGA CORTA,True,False,consu,True,True,85.0,0.0,DOP,Units,Ferretería,,,,,,,,NO_SALES_HISTORY,,NO_ACTION,master=85.0,"has master price, no quotation/sale/invoice lines"
1510,1510,Guantes DE Proteccion Trupper,True,False,consu,True,True,280.0,0.0,DOP,Units,Ferretería,,,,,,,,NO_SALES_HISTORY,,NO_ACTION,master=280.0,"has master price, no quotation/sale/invoice lines"
412,412,Guantes Plasticos Desechables 100PCS/1,True,False,consu,True,True,440.0,0.0,DOP,Units,Ferretería,,,,,,,,NO_SALES_HISTORY,,NO_ACTION,master=440.0,"has master price, no quotation/sale/invoice lines"
1148,1148,Guantes PROCT CORTE W-301 (NIVEL D) T9,True,False,consu,True,True,1300.0,0.0,DOP,Units,Ferretería,,,,,,,,NO_SALES_HISTORY,,NO_ACTION,master=1300.0,"has master price, no quotation/sale/invoice lines"
580,580,Guantes PUNTO PVC 10 76133 KENDO,True,False,consu,True,True,44.88,0.0,DOP,Units,Plomería,,,,,,,,NO_SALES_HISTORY,,NO_ACTION,master=44.88,"has master price, no quotation/sale/invoice lines"
51,51,GUIAS PLAST- 40X60MM,True,False,consu,True,True,285.0,0.0,DOP,Units,,,,,,260.0,2025-12-22,260.0,PRICE_OK,9.62,KEEP,inv=260.0@2025-12-22; master=285.0,master aligned with recent commercial prices
1522,1522,Habichuelas PINTAS DON Rodrigo 400G 30/1,True,9,consu,True,True,1200.0,0.0,DOP,Units,Alimentos,,,,,,,,NO_SALES_HISTORY,,NO_ACTION,master=1200.0,"has master price, no quotation/sale/invoice lines"
1153,1153,HACHA MEDIA LABOR MANGO DE MADERA DE 36''truper,True,False,consu,True,True,2909.4,0.0,DOP,Units,Herramientas,,,,,,,,NO_SALES_HISTORY,,NO_ACTION,master=2909.4,"has master price, no quotation/sale/invoice lines"
1377,1377,Hidrolavadora Electrica,True,False,consu,True,True,35000.0,0.0,DOP,Units,Electrodomésticos,,,,,,,,NO_SALES_HISTORY,,NO_ACTION,master=35000.0,"has master price, no quotation/sale/invoice lines"
397,397,"Hidrolavadora Karcher K4 1,800 PSI 1,500 W Electrica",True,False,consu,True,True,20792.0,0.0,DOP,Units,Electrodomésticos,,,,,,,,NO_SALES_HISTORY,,NO_ACTION,master=20792.0,"has master price, no quotation/sale/invoice lines"
398,398,Hidrolavadora TRUPER 2000 PSI Electrica,True,False,consu,True,True,31888.0,0.0,DOP,Units,Electrodomésticos,,,,,,,,NO_SALES_HISTORY,,NO_ACTION,master=31888.0,"has master price, no quotation/sale/invoice lines"
1311,1311,HIGADO,True,False,consu,True,True,180.0,0.0,DOP,Units,Ferretería,,,,,,,,NO_SALES_HISTORY,,NO_ACTION,master=180.0,"has master price, no quotation/sale/invoice lines"
1143,1143,HILO DE LANA,True,False,consu,True,True,90.0,0.0,DOP,Units,Ferretería,,,,,,,,NO_SALES_HISTORY,,NO_ACTION,master=90.0,"has master price, no quotation/sale/invoice lines"
883,883,Hilo Htr5-130 0.1x23/mp/podar Truper,True,False,consu,True,True,2750.0,0.0,DOP,Units,Herramientas,,,,,,,,NO_SALES_HISTORY,,NO_ACTION,master=2750.0,"has master price, no quotation/sale/invoice lines"
630,630,HILO NYLON BLANCO NO.18 NO.18 Ballena,True,False,consu,True,True,126.0,0.0,DOP,Units,Ferretería,,,,,,,,NO_SALES_HISTORY,,NO_ACTION,master=126.0,"has master price, no quotation/sale/invoice lines"
38,38,HILO PARA CORTADORA DE GRAMA 3.3MM X 237M HTR5/PODAR TRUPER,True,False,consu,True,True,4000.0,0.0,DOP,Units,,,,,,4000.0,2025-12-22,4000.0,PRICE_OK,0.0,KEEP,inv=4000.0@2025-12-22; master=4000.0,master aligned with recent commercial prices
516,516,HILO PARA Cortagrama 15 MTS Hta-80(1153) TRUPER,True,False,consu,True,True,155.0,0.0,DOP,Units,Herramientas,,,,,,,,NO_SALES_HISTORY,,NO_ACTION,master=155.0,"has master price, no quotation/sale/invoice lines"
719,719,HOJA DE Segueta BEYOTA,True,False,consu,True,True,120.0,0.0,DOP,Units,Ferretería,,,,,,,,NO_SALES_HISTORY,,NO_ACTION,master=120.0,"has master price, no quotation/sale/invoice lines"
1064,1064,Hormigon 210 KG/CM,True,False,consu,True,True,10750.0,0.0,DOP,Units,Construcción,,,,,,,,NO_SALES_HISTORY,,NO_ACTION,master=10750.0,"has master price, no quotation/sale/invoice lines"
174,174,Hormigon Asfaltico,True,False,consu,True,True,12000.0,0.0,DOP,Units,Construcción,,,,,,,,NO_SALES_HISTORY,,NO_ACTION,master=12000.0,"has master price, no quotation/sale/invoice lines"
130,130,IMPERMEABILIZANTE TROPICAL GOMA LIQUIDA ALUMINIO,True,False,consu,True,True,17635.8,0.0,DOP,Units,,,,,,17635.8,2025-12-22,17635.8,PRICE_OK,0.0,KEEP,inv=17635.8@2025-12-22; master=17635.8,master aligned with recent commercial prices
760,760,Impermiabilizante Tropical GOMA LIQ. ALUM,True,False,consu,True,True,10260.0,0.0,DOP,Units,Neumáticos,,,,,,,,NO_SALES_HISTORY,,NO_ACTION,master=10260.0,"has master price, no quotation/sale/invoice lines"
757,757,Impermiabilizante Tropical GOMA Liquida Aluminio,True,False,consu,True,True,17635.8,0.0,DOP,Units,Neumáticos,,,,,,,,NO_SALES_HISTORY,,NO_ACTION,master=17635.8,"has master price, no quotation/sale/invoice lines"
1034,1034,Impresiónes Serigrafiadas A UN COLOR,True,False,consu,True,True,37.0,0.0,DOP,Units,Ferretería,,,,,,,,NO_SALES_HISTORY,,NO_ACTION,master=37.0,"has master price, no quotation/sale/invoice lines"
371,371,Impresiones Serigrafiadas A UN COLOR Espalda Y Tetilla,True,False,consu,True,True,250.0,0.0,DOP,Units,Ferretería,,,,,,,,NO_SALES_HISTORY,,NO_ACTION,master=250.0,"has master price, no quotation/sale/invoice lines"
1461,1461,Imprevistos,True,False,consu,True,True,84066.35,0.0,DOP,Units,Ferretería,,,,,,,,NO_SALES_HISTORY,,NO_ACTION,master=84066.35,"has master price, no quotation/sale/invoice lines"
1145,1145,Inflador Electrico,True,False,consu,True,True,2200.0,0.0,DOP,Units,Ferretería,,,,,,,,NO_SALES_HISTORY,,NO_ACTION,master=2200.0,"has master price, no quotation/sale/invoice lines"
391,391,ING-UMMA1605 Soldadora Inverter 160A 110/220V 40% MMA Ingco<4> Sustitucion DE,True,False,consu,True,True,12189.82,0.0,DOP,Units,Ferretería,,,,,,,,NO_SALES_HISTORY,,NO_ACTION,master=12189.82,"has master price, no quotation/sale/invoice lines"
392,392,ING-UMMAC2502 Soldadora 250A 110/220V 10% MMA Ingco<1>,True,False,consu,True,True,14092.2,0.0,DOP,Units,Ferretería,,,,,,,,NO_SALES_HISTORY,,NO_ACTION,master=14092.2,"has master price, no quotation/sale/invoice lines"
393,393,ING-UMMAC3002 Soldadora 300A 110/220V 10% MMA Ingco<1>,True,False,consu,True,True,13842.38,0.0,DOP,Units,Ferretería,,,,,,,,NO_SALES_HISTORY,,NO_ACTION,master=13842.38,"has master price, no quotation/sale/invoice lines"
1512,1512,Inodoro Completo C/ TAPAS Y Valvula ULTRA,True,False,consu,True,True,7286.0,0.0,DOP,Units,Plomería,,,,,,,,NO_SALES_HISTORY,,NO_ACTION,master=7286.0,"has master price, no quotation/sale/invoice lines"
67,67,INODORO FLUX BALTICO ENT SUP BLANCO / CORONA,True,False,consu,True,True,11890.0,0.0,DOP,Units,,,,,,11890.0,2025-12-22,11890.0,PRICE_OK,0.0,KEEP,inv=11890.0@2025-12-22; master=11890.0,master aligned with recent commercial prices
781,781,"Inodoros Completos Incluyendo Fluxometro, TAPAS Y Valvulas ULTRA",True,False,consu,True,True,7290.0,0.0,DOP,Units,Plomería,,,,,,,,NO_SALES_HISTORY,,NO_ACTION,master=7290.0,"has master price, no quotation/sale/invoice lines"
1012,1012,Inodoro TREBOL SAVONA BLANCO,True,False,consu,True,True,13532.2,0.0,DOP,Units,Plomería,,,,,,,,NO_SALES_HISTORY,,NO_ACTION,master=13532.2,"has master price, no quotation/sale/invoice lines"
430,430,Interruptor TRIPLE Bticino NOBILE BCO,True,False,consu,True,True,1020.0,0.0,DOP,Units,Ferretería,,,,,,,,NO_SALES_HISTORY,,NO_ACTION,master=1020.0,"has master price, no quotation/sale/invoice lines"
1474,1474,Inversor 6 KW 48 DC Senoidal MITEC -PSW,True,False,consu,True,True,96356.0,0.0,DOP,Units,Ferretería,,,,,,,,NO_SALES_HISTORY,,NO_ACTION,master=96356.0,"has master price, no quotation/sale/invoice lines"
978,978,"Ipermeabilizante De Techo, A Base De Lona Asfatica 4 Kg Granular (3mm) De Espesor Y",True,False,consu,True,True,750.0,0.0,DOP,m²,Ferretería,,,,,,,,NO_SALES_HISTORY,,NO_ACTION,master=750.0,"has master price, no quotation/sale/invoice lines"
1507,1507,ITABO,True,False,consu,True,True,2495.0,0.0,DOP,Units,Ferretería,,,,,,,,NO_SALES_HISTORY,,NO_ACTION,master=2495.0,"has master price, no quotation/sale/invoice lines"
1269,1269,JABON AZUL,True,False,consu,True,True,125.0,0.0,DOP,Units,Limpieza,,,,,,,,NO_SALES_HISTORY,,NO_ACTION,master=125.0,"has master price, no quotation/sale/invoice lines"
1252,1252,JABON Liquido Multiuso ACEL,True,False,consu,True,True,175.0,0.0,DOP,Units,Limpieza,,,,,,,,NO_SALES_HISTORY,,NO_ACTION,master=175.0,"has master price, no quotation/sale/invoice lines"
1544,1544,JUEGO Comedor Plastico 4 SILLAS RIMAX,True,False,consu,True,True,8960.0,0.0,DOP,Units,Mobiliario,,,,,,,,NO_SALES_HISTORY,,NO_ACTION,master=8960.0,"has master price, no quotation/sale/invoice lines"
1539,1539,Juego De Comedor Plastico 80X80,True,False,consu,True,True,7560.0,0.0,DOP,Units,Ferretería,,,,,,,,NO_SALES_HISTORY,,NO_ACTION,master=7560.0,"has master price, no quotation/sale/invoice lines"
1559,1559,JUEGO DE Comedor Platico DE 4 SILLAS RIMAX,True,False,consu,True,True,8960.0,0.0,DOP,Units,Mobiliario,,,,,,,,NO_SALES_HISTORY,,NO_ACTION,master=8960.0,"has master price, no quotation/sale/invoice lines"
581,581,JUEGO DE Destornilladores 8 EN 1 85115 KENDO,True,False,consu,True,True,734.0,0.0,DOP,Units,Herramientas,,,,,,,,NO_SALES_HISTORY,,NO_ACTION,master=734.0,"has master price, no quotation/sale/invoice lines"
1088,1088,JUEGO DE LLAVE ALLEN TRUPER,True,False,consu,True,True,620.1,0.0,DOP,Units,Herramientas,,,,,,,,NO_SALES_HISTORY,,NO_ACTION,master=620.1,"has master price, no quotation/sale/invoice lines"
484,484,JUEGO DE LLAVE ALLEN TRUPER 15556,True,False,consu,True,True,690.0,0.0,DOP,Units,Herramientas,,,,,,,,NO_SALES_HISTORY,,NO_ACTION,master=690.0,"has master price, no quotation/sale/invoice lines"
1543,1543,Juego De Sala Plastico Duralon,True,False,consu,True,True,17076.27,0.0,DOP,Units,Ferretería,,,,,,,,NO_SALES_HISTORY,,NO_ACTION,master=17076.27,"has master price, no quotation/sale/invoice lines"
1570,1570,JUEGO DE SALA Plastico JGO FERR Confort,True,False,consu,True,True,20399.16,0.0,DOP,Units,Ferretería,,,,,,,,NO_SALES_HISTORY,,NO_ACTION,master=20399.16,"has master price, no quotation/sale/invoice lines"
792,792,JUEGO DE Valvula FAMA Economax,True,False,consu,True,True,850.0,0.0,DOP,Units,Plomería,,,,,,,,NO_SALES_HISTORY,,NO_ACTION,master=850.0,"has master price, no quotation/sale/invoice lines"
72,72,JUNTA DE CERA P/INODORO 40143 EASTMAN,True,False,consu,True,True,185.0,0.0,DOP,Units,,,,,,185.0,2025-12-22,185.0,PRICE_OK,0.0,KEEP,inv=185.0@2025-12-22; master=185.0,master aligned with recent commercial prices
773,773,KIT DE Conectores,True,False,consu,True,True,2445.0,0.0,DOP,Units,Ferretería,,,,,,,,NO_SALES_HISTORY,,NO_ACTION,master=2445.0,"has master price, no quotation/sale/invoice lines"
52,52,KIT DE INSTALACION DE BOMBA,True,False,consu,True,True,1125.0,0.0,DOP,Units,,,,,,1125.0,2025-12-22,1125.0,PRICE_OK,0.0,KEEP,inv=1125.0@2025-12-22; master=1125.0,master aligned with recent commercial prices
1534,1534,KIT DE Raciones Alimenticias,True,False,consu,True,True,932.2,0.0,DOP,Units,Ferretería,,,,,,,,NO_SALES_HISTORY,,NO_ACTION,master=932.2,"has master price, no quotation/sale/invoice lines"
19,19,KIT DE UÑAS ACRILICAS,True,False,consu,True,True,1000.0,0.0,DOP,Units,,,,,,1000.0,2026-07-31,1000.0,PRICE_OK,0.0,KEEP,inv=1000.0@2026-07-31; master=1000.0,master aligned with recent commercial prices
916,916,Label Para Folders 200/1 Pointer,True,False,consu,True,True,180.0,0.0,DOP,Units,Oficina,,,,,,,,NO_SALES_HISTORY,,NO_ACTION,master=180.0,"has master price, no quotation/sale/invoice lines"
679,679,LACA Natural Tropical,True,False,consu,True,True,2732.0,0.0,DOP,Units,Ferretería,,,,,,,,NO_SALES_HISTORY,,NO_ACTION,master=2732.0,"has master price, no quotation/sale/invoice lines"
256,256,Laca Para Madera Blanca Terminacion Power Rider,True,False,consu,True,True,3180.0,0.0,DOP,Units,Ferretería,,,,,,,,NO_SALES_HISTORY,,NO_ACTION,master=3180.0,"has master price, no quotation/sale/invoice lines"
456,456,LACA Pigmentada BLANCA Tropical (6159),True,False,consu,True,True,2987.0,0.0,DOP,Units,Ferretería,,,,,,,,NO_SALES_HISTORY,,NO_ACTION,master=2987.0,"has master price, no quotation/sale/invoice lines"
682,682,LACA Tropical Pigmentada BLANCA,True,False,consu,True,True,2993.0,0.0,DOP,Units,Ferretería,,,,,,,,NO_SALES_HISTORY,,NO_ACTION,master=2993.0,"has master price, no quotation/sale/invoice lines"
1054,1054,Lampara Colgante 150W,True,False,consu,True,True,7395.0,0.0,DOP,Units,Ferretería,,,,,,,,NO_SALES_HISTORY,,NO_ACTION,master=7395.0,"has master price, no quotation/sale/invoice lines"
282,282,Lampara Led 150 W Tipo Cobra,True,False,consu,True,True,5300.0,0.0,DOP,Units,Material eléctrico,,,,,,,,NO_SALES_HISTORY,,NO_ACTION,master=5300.0,"has master price, no quotation/sale/invoice lines"
429,429,Lampara LED 2X4,True,False,consu,True,True,7975.0,0.0,DOP,Units,Material eléctrico,,,,,,,,NO_SALES_HISTORY,,NO_ACTION,master=7975.0,"has master price, no quotation/sale/invoice lines"
1055,1055,Lampara LED Superf. REDON. 18W 3500K,True,False,consu,True,True,640.0,0.0,DOP,Units,Material eléctrico,,,,,,,,NO_SALES_HISTORY,,NO_ACTION,master=640.0,"has master price, no quotation/sale/invoice lines"
1056,1056,Lampara LED Superf. REDON. 18W ELITE,True,False,consu,True,True,580.0,0.0,DOP,Units,Material eléctrico,,,,,,,,NO_SALES_HISTORY,,NO_ACTION,master=580.0,"has master price, no quotation/sale/invoice lines"
583,583,Lampara LED T/cobra 100W EMSOL,True,False,consu,True,True,4600.0,0.0,DOP,Units,Material eléctrico,,,,,,,,NO_SALES_HISTORY,,NO_ACTION,master=4600.0,"has master price, no quotation/sale/invoice lines"
585,585,Lampara LED T/cobra 200W EMSOL,True,False,consu,True,True,5760.0,0.0,DOP,Units,Material eléctrico,,,,,,,,NO_SALES_HISTORY,,NO_ACTION,master=5760.0,"has master price, no quotation/sale/invoice lines"
1060,1060,Lampara OJO D/BUEY LED 3W,True,False,consu,True,True,750.0,0.0,DOP,Units,Material eléctrico,,,,,,,,NO_SALES_HISTORY,,NO_ACTION,master=750.0,"has master price, no quotation/sale/invoice lines"
584,584,Lampara TIPO COBRA 150 W,True,False,consu,True,True,5300.0,0.0,DOP,Units,Ferretería,,,,,,,,NO_SALES_HISTORY,,NO_ACTION,master=5300.0,"has master price, no quotation/sale/invoice lines"
245,245,LAMPRA LED 150 W TIPO COBRA,True,False,consu,True,True,5300.0,0.0,DOP,Units,Material eléctrico,,,,,,,,NO_SALES_HISTORY,,NO_ACTION,master=5300.0,"has master price, no quotation/sale/invoice lines"
1290,1290,Lapicero AZULES,True,False,consu,True,True,14.0,0.0,DOP,Units,Oficina,,,,,,,,NO_SALES_HISTORY,,NO_ACTION,master=14.0,"has master price, no quotation/sale/invoice lines"
1291,1291,Lapicero NEGRO,True,False,consu,True,True,14.0,0.0,DOP,Units,Oficina,,,,,,,,NO_SALES_HISTORY,,NO_ACTION,master=14.0,"has master price, no quotation/sale/invoice lines"
1292,1292,Lapicero ROJOS,True,False,consu,True,True,14.0,0.0,DOP,Units,Oficina,,,,,,,,NO_SALES_HISTORY,,NO_ACTION,master=14.0,"has master price, no quotation/sale/invoice lines"
675,675,LAPIZ Carpintero,True,False,consu,True,True,25.0,0.0,DOP,Units,Ferretería,,,,,,,,NO_SALES_HISTORY,,NO_ACTION,master=25.0,"has master price, no quotation/sale/invoice lines"
1293,1293,LAPIZ DE CARBON,True,False,consu,True,True,6.0,0.0,DOP,Units,Ferretería,,,,,,,,NO_SALES_HISTORY,,NO_ACTION,master=6.0,"has master price, no quotation/sale/invoice lines"
1124,1124,LAPIZ DE CARBON Amarillo 12/1,True,False,consu,True,True,68.0,0.0,DOP,Units,Ferretería,,,,,,,,NO_SALES_HISTORY,,NO_ACTION,master=68.0,"has master price, no quotation/sale/invoice lines"
1128,1128,LAPIZ DE COLOR 12/1,True,False,consu,True,True,80.0,0.0,DOP,Units,Ferretería,,,,,,,,NO_SALES_HISTORY,,NO_ACTION,master=80.0,"has master price, no quotation/sale/invoice lines"
703,703,LAPIZ P/ Carpintero,True,False,consu,True,True,28.0,0.0,DOP,Units,Ferretería,,,,,,,,NO_SALES_HISTORY,,NO_ACTION,master=28.0,"has master price, no quotation/sale/invoice lines"
1236,1236,Laserjet W2111A CIAN,True,False,consu,True,True,3894.0,0.0,DOP,Units,Ferretería,,,,,,,,NO_SALES_HISTORY,,NO_ACTION,master=3894.0,"has master price, no quotation/sale/invoice lines"
1226,1226,Laserjet W2111A CIAN TONER HP PARA Impresora COLOR Laserjet,True,False,consu,True,True,6941.0,0.0,DOP,Units,Tecnología,,,,,,,,NO_SALES_HISTORY,,NO_ACTION,master=6941.0,"has master price, no quotation/sale/invoice lines"
1235,1235,Laserjet W2111A NEGRO,True,False,consu,True,True,3488.14,0.0,DOP,Units,Ferretería,,,,,,,,NO_SALES_HISTORY,,NO_ACTION,master=3488.14,"has master price, no quotation/sale/invoice lines"
1225,1225,Laserjet W2111A NEGRO TONER HP PARA Impresora Laserjet,True,False,consu,True,True,6832.21,0.0,DOP,Units,Tecnología,,,,,,,,NO_SALES_HISTORY,,NO_ACTION,master=6832.21,"has master price, no quotation/sale/invoice lines"
1237,1237,Laserjet W2112A Amarillo,True,False,consu,True,True,3894.0,0.0,DOP,Units,Ferretería,,,,,,,,NO_SALES_HISTORY,,NO_ACTION,master=3894.0,"has master price, no quotation/sale/invoice lines"
1227,1227,Laserjet W2112A Amarillo TONER HP PARA Impresora COLOR Laserjet,True,False,consu,True,True,6665.0,0.0,DOP,Units,Tecnología,,,,,,,,NO_SALES_HISTORY,,NO_ACTION,master=6665.0,"has master price, no quotation/sale/invoice lines"
943,943,LATA DE Pintura Popular ULTRA Esmalte NEGRO MATE 800 1 GL,True,False,consu,True,True,2520.0,0.0,DOP,Units,Pinturas,,,,,,,,NO_SALES_HISTORY,,NO_ACTION,master=2520.0,"has master price, no quotation/sale/invoice lines"
1586,1586,Lavadora SEMI Automatica 22 LB Dimensions,True,False,consu,True,True,11695.0,0.0,DOP,Units,Electrodomésticos,,,,,,,,NO_SALES_HISTORY,,NO_ACTION,master=11695.0,"has master price, no quotation/sale/invoice lines"
1554,1554,Lavadora SEMI Automatica BLANCA XPB KGLG-140 22 LB,True,False,consu,True,True,9966.1,0.0,DOP,Units,Electrodomésticos,,,,,,,,NO_SALES_HISTORY,,NO_ACTION,master=9966.1,"has master price, no quotation/sale/invoice lines"
1571,1571,Lavadora SEMI Automatica M/DIMI11W 11 KG Dimensions,True,False,consu,True,True,11695.0,0.0,DOP,Units,Electrodomésticos,,,,,,,,NO_SALES_HISTORY,,NO_ACTION,master=11695.0,"has master price, no quotation/sale/invoice lines"
151,151,LAVADORA SEMI AUTOMATICA XPB KGLG-140 22 LB,True,False,consu,True,True,10150.0,0.0,DOP,Units,,,,,,9966.1,2026-08-18,9966.1,PRICE_OK,1.85,KEEP,inv=9966.1@2026-08-18; master=10150.0,master aligned with recent commercial prices
1524,1524,LECHE EN POLVO MILEX 125GR 48/1,True,9,consu,True,True,3505.0,0.0,DOP,Units,Alimentos,,,,,,,,NO_SALES_HISTORY,,NO_ACTION,master=3505.0,"has master price, no quotation/sale/invoice lines"
186,186,LENNOX I3 SEER 12 K BTU,True,False,consu,True,True,65000.0,0.0,DOP,Units,Ferretería,,,,,,,,NO_SALES_HISTORY,,NO_ACTION,master=65000.0,"has master price, no quotation/sale/invoice lines"
1008,1008,"LENNOX Inverte 12,000 BTU SEER 18",True,False,consu,True,True,52000.0,0.0,DOP,Units,Ferretería,,,,,,,,NO_SALES_HISTORY,,NO_ACTION,master=52000.0,"has master price, no quotation/sale/invoice lines"
515,515,LENTE Seguridad Transparente,True,False,consu,True,True,140.0,0.0,DOP,Units,Ferretería,,,,,,,,NO_SALES_HISTORY,,NO_ACTION,master=140.0,"has master price, no quotation/sale/invoice lines"
508,508,LEY 686,True,False,consu,True,True,11462.81,0.0,DOP,Units,Ferretería,,,,,,,,NO_SALES_HISTORY,,NO_ACTION,master=11462.81,"has master price, no quotation/sale/invoice lines"
1436,1436,Libreta Marilla 8½x 11 Plg,True,False,consu,True,True,245.0,0.0,DOP,Units,Ferretería,,,,,,,,NO_SALES_HISTORY,,NO_ACTION,master=245.0,"has master price, no quotation/sale/invoice lines"
355,355,Libreta RAYADA Amarilla 50 HOJAS Artesco 5x8,True,False,consu,True,True,245.0,0.0,DOP,Units,Ferretería,,,,,,,,NO_SALES_HISTORY,,NO_ACTION,master=245.0,"has master price, no quotation/sale/invoice lines"
1181,1181,Libreta RAYADA Amarilla 50 HOJAS Artesco 5x8 Plg,True,False,consu,True,True,74.0,0.0,DOP,Units,Ferretería,,,,,,,,NO_SALES_HISTORY,,NO_ACTION,master=74.0,"has master price, no quotation/sale/invoice lines"
1180,1180,Libreta RAYADA Amarilla 50 HOJAS Artesco 8½x 11 Plg,True,False,consu,True,True,140.0,0.0,DOP,Units,Ferretería,,,,,,,,NO_SALES_HISTORY,,NO_ACTION,master=140.0,"has master price, no quotation/sale/invoice lines"
1437,1437,Libreta RAYADA Amarilla 5x8 Plg,True,False,consu,True,True,115.0,0.0,DOP,Units,Ferretería,,,,,,,,NO_SALES_HISTORY,,NO_ACTION,master=115.0,"has master price, no quotation/sale/invoice lines"
354,354,Libreta RAYADA Marilla 50 HOJAS Artesco 8½x 11,True,False,consu,True,True,296.0,0.0,DOP,Units,Ferretería,,,,,,,,NO_SALES_HISTORY,,NO_ACTION,master=296.0,"has master price, no quotation/sale/invoice lines"
1541,1541,Licuadora DAIWA 3 VEL 550W 1.25L,True,False,consu,True,True,1998.3,0.0,DOP,Units,Electrodomésticos,,,,,,,,NO_SALES_HISTORY,,NO_ACTION,master=1998.3,"has master price, no quotation/sale/invoice lines"
156,156,LICUADORA DAIWA 3 VEL 600W 1.25L,True,False,consu,True,True,2668.0,0.0,DOP,Units,,,,,,2023.05,2026-08-18,2023.05,HISTORICAL_PRICE_DIFFERENCE,31.88,UPDATE_CANDIDATE,inv=2023.05@2026-08-18; master=2668.0,master=2668.0 recent_avg=2023.05 diff_pct=31.9
57,57,LICUADORA DISCOVERY HOME 3-5 VEL 600W 1.5 LITROS,True,False,consu,True,True,2230.0,0.0,DOP,Units,,,,,,1889.83,2026-08-21,1889.83,PRICE_OK,18.0,KEEP,inv=1889.83@2026-08-21; master=2230.0,master aligned with recent commercial prices
17,17,LICUADORA NINJA,True,False,consu,True,True,7200.15,0.0,DOP,Units,,,,,,7200.15,2026-07-31,7200.15,PRICE_OK,0.0,KEEP,inv=7200.15@2026-07-31; master=7200.15,master aligned with recent commercial prices
1585,1585,Licuadoras Discovery HOME 3-5 VEL 600W 1.25 LITROS,True,False,consu,True,True,2230.0,0.0,DOP,Units,Electrodomésticos,,,,,,,,NO_SALES_HISTORY,,NO_ACTION,master=2230.0,"has master price, no quotation/sale/invoice lines"
466,466,LIJA AGUA Deerfos #120 CC768,True,False,consu,True,True,125.0,0.0,DOP,Units,Ferretería,,,,,,,,NO_SALES_HISTORY,,NO_ACTION,master=125.0,"has master price, no quotation/sale/invoice lines"
524,524,LIJA AGUA Deerfos #220 AC768,True,False,consu,True,True,130.0,0.0,DOP,Units,Ferretería,,,,,,,,NO_SALES_HISTORY,,NO_ACTION,master=130.0,"has master price, no quotation/sale/invoice lines"
465,465,LIJA AGUA Deerfos #240 AC768,True,False,consu,True,True,68.5,0.0,DOP,Units,Ferretería,,,,,,,,NO_SALES_HISTORY,,NO_ACTION,master=68.5,"has master price, no quotation/sale/invoice lines"
641,641,Lija De Agua,True,False,consu,True,True,100.0,0.0,DOP,Units,Ferretería,,,,,,,,NO_SALES_HISTORY,,NO_ACTION,master=100.0,"has master price, no quotation/sale/invoice lines"
1350,1350,Lija De Agua No.120 Norton,True,False,consu,True,True,75.0,0.0,DOP,Units,Ferretería,,,,,,,,NO_SALES_HISTORY,,NO_ACTION,master=75.0,"has master price, no quotation/sale/invoice lines"
514,514,LIMA TRIANG P/sierra DE 8 4081 Bellota 10/1,True,False,consu,True,True,2040.0,0.0,DOP,Units,Herramientas,,,,,,,,NO_SALES_HISTORY,,NO_ACTION,master=2040.0,"has master price, no quotation/sale/invoice lines"
413,413,LIMA Triangulada TRUPER,True,False,consu,True,True,5760.0,0.0,DOP,Units,Herramientas,,,,,,,,NO_SALES_HISTORY,,NO_ACTION,master=5760.0,"has master price, no quotation/sale/invoice lines"
1369,1369,Limpiador Fresh Coil,True,False,consu,True,True,1915.25,0.0,DOP,Units,Ferretería,,,,,,,,NO_SALES_HISTORY,,NO_ACTION,master=1915.25,"has master price, no quotation/sale/invoice lines"
994,994,Limpieza Final,True,False,consu,True,True,8000.0,0.0,DOP,Units,Ferretería,,,,,,,,NO_SALES_HISTORY,,NO_ACTION,master=8000.0,"has master price, no quotation/sale/invoice lines"
1327,1327,Limpieza Trampa De Grasa,True,False,consu,True,True,8500.0,0.0,DOP,Units,Ferretería,,,,,,,,NO_SALES_HISTORY,,NO_ACTION,master=8500.0,"has master price, no quotation/sale/invoice lines"
1420,1420,"Linterna Led Recargable Para Cabeza Truper, Distancia De Luz 165m",True,False,consu,True,True,1995.9,0.0,DOP,Units,Material eléctrico,,,,,,,,NO_SALES_HISTORY,,NO_ACTION,master=1995.9,"has master price, no quotation/sale/invoice lines"
1157,1157,Linterna Recargable 11 LED Rayovac,True,False,consu,True,True,1680.0,0.0,DOP,Units,Material eléctrico,,,,,,,,NO_SALES_HISTORY,,NO_ACTION,master=1680.0,"has master price, no quotation/sale/invoice lines"
1132,1132,Linterna Tactica POLICE FORCE J2 LED PFCL2F54,True,False,consu,True,True,2670.5,0.0,DOP,Units,Material eléctrico,,,,,,,,NO_SALES_HISTORY,,NO_ACTION,master=2670.5,"has master price, no quotation/sale/invoice lines"
586,586,LLANA LISA M/madera (llm-6l) 15406 TRUPER,True,False,consu,True,True,376.0,0.0,DOP,Units,Herramientas,,,,,,,,NO_SALES_HISTORY,,NO_ACTION,master=376.0,"has master price, no quotation/sale/invoice lines"
1415,1415,Llave Ajustable 12' 'truper,True,False,consu,True,True,1125.0,0.0,DOP,Units,Herramientas,,,,,,,,NO_SALES_HISTORY,,NO_ACTION,master=1125.0,"has master price, no quotation/sale/invoice lines"
721,721,LLAVE Angular DE 1/2 X 3/8 DOBLE Eastman,True,False,consu,True,True,568.0,0.0,DOP,Units,Ferretería,,,,,,,,NO_SALES_HISTORY,,NO_ACTION,master=568.0,"has master price, no quotation/sale/invoice lines"
720,720,LLAVE Angular DE 1/2 X 3/8 Eastman,True,False,consu,True,True,593.0,0.0,DOP,Units,Ferretería,,,,,,,,NO_SALES_HISTORY,,NO_ACTION,master=593.0,"has master price, no quotation/sale/invoice lines"
79,79,LLAVE ANGULAR DOBLE 1/2X3/8X3/8 04326 EASTMAN,True,False,consu,True,True,578.0,0.0,DOP,Units,,,,,,578.0,2025-12-22,578.0,PRICE_OK,0.0,KEEP,inv=578.0@2025-12-22; master=578.0,master aligned with recent commercial prices
787,787,LLAVE Angular EASTAM 1/2'' X 3/8'',True,False,consu,True,True,475.0,0.0,DOP,Units,Ferretería,,,,,,,,NO_SALES_HISTORY,,NO_ACTION,master=475.0,"has master price, no quotation/sale/invoice lines"
789,789,LLAVE Angular EASTAM 1/2'' X 3/8'' X 13/8'',True,False,consu,True,True,550.0,0.0,DOP,Units,Ferretería,,,,,,,,NO_SALES_HISTORY,,NO_ACTION,master=550.0,"has master price, no quotation/sale/invoice lines"
724,724,LLAVE DE CHORRO 1/2 URREAS,True,False,consu,True,True,775.0,0.0,DOP,Units,Ferretería,,,,,,,,NO_SALES_HISTORY,,NO_ACTION,master=775.0,"has master price, no quotation/sale/invoice lines"
723,723,LLAVE DE CHORRO 3/4 URREAS,True,False,consu,True,True,775.0,0.0,DOP,Units,Ferretería,,,,,,,,NO_SALES_HISTORY,,NO_ACTION,master=775.0,"has master price, no quotation/sale/invoice lines"
788,788,LLAVE Empotrar NIBCO 1/2'' DE UN PUÑO URREA Original,True,False,consu,True,True,5250.0,0.0,DOP,Units,Ferretería,,,,,,,,NO_SALES_HISTORY,,NO_ACTION,master=5250.0,"has master price, no quotation/sale/invoice lines"
708,708,LLAVE Lavamanos Vikingo Cromada,True,False,consu,True,True,1550.0,0.0,DOP,Units,Plomería,,,,,,,,NO_SALES_HISTORY,,NO_ACTION,master=1550.0,"has master price, no quotation/sale/invoice lines"
815,815,LLAVE PASO BOLA 1'',True,False,consu,True,True,885.0,0.0,DOP,Units,Ferretería,,,,,,,,NO_SALES_HISTORY,,NO_ACTION,master=885.0,"has master price, no quotation/sale/invoice lines"
814,814,LLAVE PASO BOLA 3/4'',True,False,consu,True,True,525.0,0.0,DOP,Units,Ferretería,,,,,,,,NO_SALES_HISTORY,,NO_ACTION,master=525.0,"has master price, no quotation/sale/invoice lines"
1376,1376,Llave P/lavamanos,True,False,consu,True,True,3050.0,0.0,DOP,Units,Plomería,,,,,,,,NO_SALES_HISTORY,,NO_ACTION,master=3050.0,"has master price, no quotation/sale/invoice lines"
736,736,LLAVE Sencilla P/LAV NIQ 1/2'' VK-0380 Vikingo,True,False,consu,True,True,1099.2,0.0,DOP,Units,Ferretería,,,,,,,,NO_SALES_HISTORY,,NO_ACTION,master=1099.2,"has master price, no quotation/sale/invoice lines"
80,80,"LLAVE SENCILLA P/LAV NIQ 1/2"" VK-0380 VIKINGO",True,False,consu,True,True,1099.2,0.0,DOP,Units,,,,,,1099.2,2025-12-22,1099.2,PRICE_OK,0.0,KEEP,inv=1099.2@2025-12-22; master=1099.2,master aligned with recent commercial prices
582,582,LLAVE Stilson 12'' 50183 KENDO,True,False,consu,True,True,462.0,0.0,DOP,Units,Ferretería,,,,,,,,NO_SALES_HISTORY,,NO_ACTION,master=462.0,"has master price, no quotation/sale/invoice lines"
1517,1517,Lockers Metalico DE 10 Puertas,True,False,consu,True,True,20067.79,0.0,DOP,Units,Ferretería,,,,,,,,NO_SALES_HISTORY,,NO_ACTION,master=20067.79,"has master price, no quotation/sale/invoice lines"
758,758,LONA Asfaltica 3MM 1X10 MT,True,False,consu,True,True,3540.0,0.0,DOP,Units,Ferretería,,,,,,,,NO_SALES_HISTORY,,NO_ACTION,master=3540.0,"has master price, no quotation/sale/invoice lines"
878,878,(LONA PARA CUBRIR AREA ENTRE Furgones DE Electronica Y Mecanica PARA SOMBRA EN AREA DE,True,False,consu,True,True,225000.0,0.0,DOP,Units,Ferretería,,,,,,,,NO_SALES_HISTORY,,NO_ACTION,master=225000.0,"has master price, no quotation/sale/invoice lines"
1312,1312,Longaniza,True,False,consu,True,True,140.0,0.0,DOP,Units,Ferretería,,,,,,,,NO_SALES_HISTORY,,NO_ACTION,master=140.0,"has master price, no quotation/sale/invoice lines"
1260,1260,LYSOL Desinfectante SPRAY,True,False,consu,True,True,525.0,0.0,DOP,Units,Limpieza,,,,,,,,NO_SALES_HISTORY,,NO_ACTION,master=525.0,"has master price, no quotation/sale/invoice lines"
365,365,MACETA TRUPER 4LB MD-4 16536,True,False,consu,True,True,2250.0,0.0,DOP,Units,Herramientas,,,,,,,,NO_SALES_HISTORY,,NO_ACTION,master=2250.0,"has master price, no quotation/sale/invoice lines"
1152,1152,Machete PULIDO Estandar CACHA Naranja TRUPER,True,False,consu,True,True,1035.0,0.0,DOP,Units,Herramientas,,,,,,,,NO_SALES_HISTORY,,NO_ACTION,master=1035.0,"has master price, no quotation/sale/invoice lines"
676,676,MADERA Americana 1 X 10 X 14,True,False,consu,True,True,1265.0,0.0,DOP,Units,Ferretería,,,,,,,,NO_SALES_HISTORY,,NO_ACTION,master=1265.0,"has master price, no quotation/sale/invoice lines"
448,448,MADERA BRUTA Americana 1 X 10 X 14,True,False,consu,True,True,1140.0,0.0,DOP,Units,Ferretería,,,,,,,,NO_SALES_HISTORY,,NO_ACTION,master=1140.0,"has master price, no quotation/sale/invoice lines"
636,636,Madera Bruta Pino Americano 1x2'' De 2.10 Mt,True,False,consu,True,True,450.0,0.0,DOP,Units,Ferretería,,,,,,,,NO_SALES_HISTORY,,NO_ACTION,master=450.0,"has master price, no quotation/sale/invoice lines"
1505,1505,MADERA Chilena 1/2X6X12,True,False,consu,True,True,86.22,0.0,DOP,Units,Ferretería,,,,,,,,NO_SALES_HISTORY,,NO_ACTION,master=86.22,"has master price, no quotation/sale/invoice lines"
1523,1523,MAIZ DULCE Rodrigo 15 OZ 24/1,True,False,consu,True,True,1200.0,0.0,DOP,Units,Ferretería,,,,,,,,NO_SALES_HISTORY,,NO_ACTION,master=1200.0,"has master price, no quotation/sale/invoice lines"
587,587,MALLA 6X50-C9,True,False,consu,True,True,16095.5,0.0,DOP,Units,Ferretería,,,,,,,,NO_SALES_HISTORY,,NO_ACTION,master=16095.5,"has master price, no quotation/sale/invoice lines"
784,784,MALLA Ciclonica 6X50″ C-29,True,False,consu,True,True,12458.85,0.0,DOP,Units,Ferretería,,,,,,,,NO_SALES_HISTORY,,NO_ACTION,master=12458.85,"has master price, no quotation/sale/invoice lines"
626,626,MALLA Elect/s D2.5X D2.5X20X20 ROLLO 40MT/ 2.74 QQ Generico,True,False,consu,True,True,12113.6,0.0,DOP,Units,Ferretería,,,,,,,,NO_SALES_HISTORY,,NO_ACTION,master=12113.6,"has master price, no quotation/sale/invoice lines"
623,623,MALLA Senalizacion MAMEY 4'x100' BFW4100E Griprite,True,False,consu,True,True,2864.0,0.0,DOP,Units,Ferretería,,,,,,,,NO_SALES_HISTORY,,NO_ACTION,master=2864.0,"has master price, no quotation/sale/invoice lines"
588,588,Mandarria C/mango 16 LBS MD-16M TRUPER,True,False,consu,True,True,3643.0,0.0,DOP,Units,Herramientas,,,,,,,,NO_SALES_HISTORY,,NO_ACTION,master=3643.0,"has master price, no quotation/sale/invoice lines"
181,181,Manejadora De 5ton,True,False,consu,True,True,9500.0,0.0,DOP,Units,Ferretería,,,,,,,,NO_SALES_HISTORY,,NO_ACTION,master=9500.0,"has master price, no quotation/sale/invoice lines"
187,187,"Manejadora Inverter 60,000 BTU",True,False,consu,True,True,190000.0,0.0,DOP,Units,Ferretería,,,,,,,,NO_SALES_HISTORY,,NO_ACTION,master=190000.0,"has master price, no quotation/sale/invoice lines"
794,794,Manguera Inodoro EASTAM 320'',True,False,consu,True,True,400.0,0.0,DOP,Units,Plomería,,,,,,,,NO_SALES_HISTORY,,NO_ACTION,master=400.0,"has master price, no quotation/sale/invoice lines"
709,709,Manguera Lavamanos EASTAM 1/2''x30,True,False,consu,True,True,435.0,0.0,DOP,Units,Plomería,,,,,,,,NO_SALES_HISTORY,,NO_ACTION,master=435.0,"has master price, no quotation/sale/invoice lines"
468,468,MANIJA TIPO PUNO PARA ATAUD,True,False,consu,True,True,730.0,0.0,DOP,Units,Ferretería,,,,,,,,NO_SALES_HISTORY,,NO_ACTION,master=730.0,"has master price, no quotation/sale/invoice lines"
800,800,Manometro G/glicerina Genebre 1/4'',True,False,consu,True,True,610.0,0.0,DOP,Units,Ferretería,,,,,,,,NO_SALES_HISTORY,,NO_ACTION,master=610.0,"has master price, no quotation/sale/invoice lines"
1360,1360,Manómetro Para 410,True,False,consu,True,True,3135.94,0.0,DOP,Units,Ferretería,,,,,,,,NO_SALES_HISTORY,,NO_ACTION,master=3135.94,"has master price, no quotation/sale/invoice lines"
1359,1359,Manómetro Para Gas 22,True,False,consu,True,True,3024.05,0.0,DOP,Units,Ferretería,,,,,,,,NO_SALES_HISTORY,,NO_ACTION,master=3024.05,"has master price, no quotation/sale/invoice lines"
436,436,Manometro P/bomba DE AGUA 0-100PSI,True,False,consu,True,True,650.0,0.0,DOP,Units,Ferretería,,,,,,,,NO_SALES_HISTORY,,NO_ACTION,master=650.0,"has master price, no quotation/sale/invoice lines"
1321,1321,MANTEL BLANCO,True,False,consu,True,True,1050.0,0.0,DOP,Units,Ferretería,,,,,,,,NO_SALES_HISTORY,,NO_ACTION,master=1050.0,"has master price, no quotation/sale/invoice lines"
690,690,Manubrio P/ ATAUD,True,False,consu,True,True,752.0,0.0,DOP,Units,Ferretería,,,,,,,,NO_SALES_HISTORY,,NO_ACTION,master=752.0,"has master price, no quotation/sale/invoice lines"
1165,1165,"MAPA DE RD Actualizado AL 2025 FULL COLOR , 48'' X 60'', SUELTO EN BANNER C/estuche",True,False,consu,True,True,17845.0,0.0,DOP,Units,Ferretería,,,,,,,,NO_SALES_HISTORY,,NO_ACTION,master=17845.0,"has master price, no quotation/sale/invoice lines"
1361,1361,Map Gas Para Soldadura,True,False,consu,True,True,1050.75,0.0,DOP,Units,Ferretería,,,,,,,,NO_SALES_HISTORY,,NO_ACTION,master=1050.75,"has master price, no quotation/sale/invoice lines"
855,855,Marcadores De Páginas Set De Colores Varios (44x12mm),True,False,consu,True,True,20.0,0.0,DOP,Units,Ferretería,,,,,,,,NO_SALES_HISTORY,,NO_ACTION,master=20.0,"has master price, no quotation/sale/invoice lines"
935,935,Marcadores De Pizarra Stabilo AZUL 24X12,True,False,consu,True,True,145.0,0.0,DOP,Units,Ferretería,,,,,,,,NO_SALES_HISTORY,,NO_ACTION,master=145.0,"has master price, no quotation/sale/invoice lines"
934,934,Marcadores De Pizarra Stabilo NEGRO 24X12,True,False,consu,True,True,145.0,0.0,DOP,Units,Ferretería,,,,,,,,NO_SALES_HISTORY,,NO_ACTION,master=145.0,"has master price, no quotation/sale/invoice lines"
936,936,Marcadores De Pizarra Stabilo ROJO 24X12,True,False,consu,True,True,145.0,0.0,DOP,Units,Ferretería,,,,,,,,NO_SALES_HISTORY,,NO_ACTION,master=145.0,"has master price, no quotation/sale/invoice lines"
1146,1146,Marcadores Permanentes Pelikan,True,False,consu,True,True,58.0,0.0,DOP,Units,Ferretería,,,,,,,,NO_SALES_HISTORY,,NO_ACTION,master=58.0,"has master price, no quotation/sale/invoice lines"
1089,1089,MARCO DE Segueta,True,False,consu,True,True,690.0,0.0,DOP,Units,Ferretería,,,,,,,,NO_SALES_HISTORY,,NO_ACTION,master=690.0,"has master price, no quotation/sale/invoice lines"
485,485,MARCO DE Segueta TRUPER,True,False,consu,True,True,650.06,0.0,DOP,Units,Herramientas,,,,,,,,NO_SALES_HISTORY,,NO_ACTION,master=650.06,"has master price, no quotation/sale/invoice lines"
961,961,Martillo M/fibra KENDO,True,False,consu,True,True,815.85,0.0,DOP,Units,Herramientas,,,,,,,,NO_SALES_HISTORY,,NO_ACTION,master=815.85,"has master price, no quotation/sale/invoice lines"
1090,1090,Martillo TRUPER 07OZ MA-7,True,False,consu,True,True,850.61,0.0,DOP,Units,Herramientas,,,,,,,,NO_SALES_HISTORY,,NO_ACTION,master=850.61,"has master price, no quotation/sale/invoice lines"
482,482,Martillo TRUPER 07OZ MA-7 16750,True,False,consu,True,True,823.28,0.0,DOP,Units,Herramientas,,,,,,,,NO_SALES_HISTORY,,NO_ACTION,master=823.28,"has master price, no quotation/sale/invoice lines"
1091,1091,Martillo TRUPER 16OZ MAR-16,True,False,consu,True,True,899.2,0.0,DOP,Units,Herramientas,,,,,,,,NO_SALES_HISTORY,,NO_ACTION,master=899.2,"has master price, no quotation/sale/invoice lines"
481,481,Martillo TRUPER 16OZ MAR-16 19710,True,False,consu,True,True,985.0,0.0,DOP,Units,Herramientas,,,,,,,,NO_SALES_HISTORY,,NO_ACTION,master=985.0,"has master price, no quotation/sale/invoice lines"
1122,1122,Mascarilla CON FILTRO DOBLE Pretul/truper,True,False,consu,True,True,2842.0,0.0,DOP,Units,Herramientas,,,,,,,,NO_SALES_HISTORY,,NO_ACTION,master=2842.0,"has master price, no quotation/sale/invoice lines"
405,405,Mascarilla CON FILTRO DOBLE RES-PP P/ Pintura TRUPER,True,False,consu,True,True,4125.0,0.0,DOP,Units,Pinturas,,,,,,,,NO_SALES_HISTORY,,NO_ACTION,master=4125.0,"has master price, no quotation/sale/invoice lines"
529,529,Mascarilla CON FILTRO DOBLE TRUPER,True,False,consu,True,True,4545.0,0.0,DOP,Units,Herramientas,,,,,,,,NO_SALES_HISTORY,,NO_ACTION,master=4545.0,"has master price, no quotation/sale/invoice lines"
1123,1123,Mascarilla Desechables KN95,True,False,consu,True,True,65.0,0.0,DOP,Units,Ferretería,,,,,,,,NO_SALES_HISTORY,,NO_ACTION,master=65.0,"has master price, no quotation/sale/invoice lines"
406,406,Mascarilla KN95,True,False,consu,True,True,45.0,0.0,DOP,Units,Ferretería,,,,,,,,NO_SALES_HISTORY,,NO_ACTION,master=45.0,"has master price, no quotation/sale/invoice lines"
471,471,Mascarilla Respirador PARA Particulas,True,False,consu,True,True,320.0,0.0,DOP,Units,Ferretería,,,,,,,,NO_SALES_HISTORY,,NO_ACTION,master=320.0,"has master price, no quotation/sale/invoice lines"
1550,1550,Masilla Acrilica De Pared Lanco 1/4 Caja 6/1,True,False,consu,True,True,1355.93,0.0,DOP,Units,Mobiliario,,,,,,,,NO_SALES_HISTORY,,NO_ACTION,master=1355.93,"has master price, no quotation/sale/invoice lines"
1582,1582,Masilla LANCO,True,False,consu,True,True,1250.0,0.0,DOP,Units,Mobiliario,,,,,,,,NO_SALES_HISTORY,,NO_ACTION,master=1250.0,"has master price, no quotation/sale/invoice lines"
1323,1323,MASITA DE CERDO,True,False,consu,True,True,145.0,0.0,DOP,Units,Ferretería,,,,,,,,NO_SALES_HISTORY,,NO_ACTION,master=145.0,"has master price, no quotation/sale/invoice lines"
1104,1104,Masking TAPE BLANCO,True,False,consu,True,True,1440.0,0.0,DOP,Units,Ferretería,,,,,,,,NO_SALES_HISTORY,,NO_ACTION,master=1440.0,"has master price, no quotation/sale/invoice lines"
1204,1204,Masking TAPE BYP VERDE 3/4'' X25 Mts 3M,True,False,consu,True,True,285.4,0.0,DOP,Units,Ferretería,,,,,,,,NO_SALES_HISTORY,,NO_ACTION,master=285.4,"has master price, no quotation/sale/invoice lines"
640,640,Material,True,False,consu,True,True,3000.0,0.0,DOP,Units,Ferretería,,,,,,,,NO_SALES_HISTORY,,NO_ACTION,master=3000.0,"has master price, no quotation/sale/invoice lines"
1410,1410,Mecha Irwin 1/2x6 Metal,True,False,consu,True,True,1150.0,0.0,DOP,Units,Ferretería,,,,,,,,NO_SALES_HISTORY,,NO_ACTION,master=1150.0,"has master price, no quotation/sale/invoice lines"
593,593,Medidor Distancia LASER 60MT 35532 KENDO,True,False,consu,True,True,2398.4,0.0,DOP,Units,Ferretería,,,,,,,,NO_SALES_HISTORY,,NO_ACTION,master=2398.4,"has master price, no quotation/sale/invoice lines"
1154,1154,Megafono DE MANO 25W Grabadora Y BAT Recargable,True,False,consu,True,True,4692.82,0.0,DOP,Units,Ferretería,,,,,,,,NO_SALES_HISTORY,,NO_ACTION,master=4692.82,"has master price, no quotation/sale/invoice lines"
131,131,MEMBRANA ASFALTICA ITALIANA FIBRA VIDRIO 2.5MM,True,False,consu,True,True,6956.0,0.0,DOP,Units,,,,,,6956.0,2025-12-22,6956.0,PRICE_OK,0.0,KEEP,inv=6956.0@2025-12-22; master=6956.0,master aligned with recent commercial prices
1273,1273,"Memoria RAM 16GB (1x16gb) Kingston, Pc/desktop, DDR4, 3200mhz, NON ECC, (kcp432nd8/16)",True,False,consu,True,True,18735.59,0.0,DOP,Units,Ferretería,,,,,,,,NO_SALES_HISTORY,,NO_ACTION,master=18735.59,"has master price, no quotation/sale/invoice lines"
18,18,MESA DE MANICURA PROFESIONAL,True,False,consu,True,True,5200.0,0.0,DOP,Units,,,,,,5200.0,2026-07-31,5200.0,PRICE_OK,0.0,KEEP,inv=5200.0@2026-07-31; master=5200.0,master aligned with recent commercial prices
1245,1245,MESA DE NOCHE Imnovamed,True,False,consu,True,True,10754.0,0.0,DOP,Units,Mobiliario,,,,,,,,NO_SALES_HISTORY,,NO_ACTION,master=10754.0,"has master price, no quotation/sale/invoice lines"
1514,1514,MESA DE Trabajo 220 Cm X 90 Cm X 73cm IRON MASTER,True,False,consu,True,True,53559.32,0.0,DOP,Units,Mobiliario,,,,,,,,NO_SALES_HISTORY,,NO_ACTION,master=53559.32,"has master price, no quotation/sale/invoice lines"
809,809,Mezcladora BAÑERA Monomando Aquavita,True,False,consu,True,True,4950.0,0.0,DOP,Units,Ferretería,,,,,,,,NO_SALES_HISTORY,,NO_ACTION,master=4950.0,"has master price, no quotation/sale/invoice lines"
808,808,Mezcladora Fregadero URREA T/nibco,True,False,consu,True,True,7000.0,0.0,DOP,Units,Ferretería,,,,,,,,NO_SALES_HISTORY,,NO_ACTION,master=7000.0,"has master price, no quotation/sale/invoice lines"
786,786,Mezcladora P/lavamanos Monomando UREA,True,False,consu,True,True,5450.0,0.0,DOP,Units,Plomería,,,,,,,,NO_SALES_HISTORY,,NO_ACTION,master=5450.0,"has master price, no quotation/sale/invoice lines"
71,71,MEZCLADORA P/LAV MONOMANDO 1H T-4119 AQUAVITA,True,False,consu,True,True,3090.0,0.0,DOP,Units,,,,,,3090.0,2025-12-22,3090.0,PRICE_OK,0.0,KEEP,inv=3090.0@2025-12-22; master=3090.0,master aligned with recent commercial prices
1117,1117,MEZCLA PAÑETE 42.5 KG/94 LB,True,False,consu,True,True,585.0,0.0,DOP,Units,Ferretería,,,,,,,,NO_SALES_HISTORY,,NO_ACTION,master=585.0,"has master price, no quotation/sale/invoice lines"
1576,1576,Microonda 21 L American 700-900 VATIOS,True,False,consu,True,True,8574.0,0.0,DOP,Units,Ferretería,,,,,,,,NO_SALES_HISTORY,,NO_ACTION,master=8574.0,"has master price, no quotation/sale/invoice lines"
58,58,MICROONDA 21 L TECNOMASTER 700-900 VATIOS,True,False,consu,True,True,7266.1,0.0,DOP,Units,,,,,,7266.1,2026-08-21,7266.1,PRICE_OK,0.0,KEEP,inv=7266.1@2026-08-21; master=7266.1,master aligned with recent commercial prices
1547,1547,Microondas American HMG-70 | 21 Litros,True,False,consu,True,True,6906.93,0.0,DOP,Units,Electrodomésticos,,,,,,,,NO_SALES_HISTORY,,NO_ACTION,master=6906.93,"has master price, no quotation/sale/invoice lines"
1542,1542,Microondas Digital Whirlpool 0.9' Ft,True,False,consu,True,True,8002.09,0.0,DOP,Units,Electrodomésticos,,,,,,,,NO_SALES_HISTORY,,NO_ACTION,master=8002.09,"has master price, no quotation/sale/invoice lines"
1103,1103,MINI PORTA ROLO,True,False,consu,True,True,205.0,0.0,DOP,Units,Ferretería,,,,,,,,NO_SALES_HISTORY,,NO_ACTION,master=205.0,"has master price, no quotation/sale/invoice lines"
766,766,MINI PORTA ROLO CON JAULA,True,False,consu,True,True,178.0,0.0,DOP,Units,Ferretería,,,,,,,,NO_SALES_HISTORY,,NO_ACTION,master=178.0,"has master price, no quotation/sale/invoice lines"
385,385,Minirolo CON MOTA 2,True,False,consu,True,True,338.0,0.0,DOP,Units,Ferretería,,,,,,,,NO_SALES_HISTORY,,NO_ACTION,master=338.0,"has master price, no quotation/sale/invoice lines"
1445,1445,Minirolo DE 2'',True,False,consu,True,True,370.0,0.0,DOP,Units,Ferretería,,,,,,,,NO_SALES_HISTORY,,NO_ACTION,master=370.0,"has master price, no quotation/sale/invoice lines"
1391,1391,Minirolos Con Base,True,False,consu,True,True,320.0,0.0,DOP,Units,Ferretería,,,,,,,,NO_SALES_HISTORY,,NO_ACTION,master=320.0,"has master price, no quotation/sale/invoice lines"
1459,1459,Mocheta Muro,True,False,consu,True,True,25935.0,0.0,DOP,Units,Ferretería,,,,,,,,NO_SALES_HISTORY,,NO_ACTION,master=25935.0,"has master price, no quotation/sale/invoice lines"
633,633,Mocheta Y Canto (1 Hueco),True,False,consu,True,True,7865.61,0.0,DOP,Units,Ferretería,,,,,,,,NO_SALES_HISTORY,,NO_ACTION,master=7865.61,"has master price, no quotation/sale/invoice lines"
503,503,Mocheta Y Canto Muro (pandereta) En Sheetrock,True,False,consu,True,True,1050.0,0.0,DOP,Units,Ferretería,,,,,,,,NO_SALES_HISTORY,,NO_ACTION,master=1050.0,"has master price, no quotation/sale/invoice lines"
1271,1271,"Monitor AOC 27"" 27G4H, Gaming, FHD (1920 X 1080) 200HZ, PANEL FAST IPS, 0.3 MS,",True,False,consu,True,True,14342.0,0.0,DOP,Units,Tecnología,,,,,,,,NO_SALES_HISTORY,,NO_ACTION,master=14342.0,"has master price, no quotation/sale/invoice lines"
1013,1013,Monomando LAVAM SML,True,False,consu,True,True,1560.0,0.0,DOP,Units,Ferretería,,,,,,,,NO_SALES_HISTORY,,NO_ACTION,master=1560.0,"has master price, no quotation/sale/invoice lines"
589,589,Mortero P/panete NORMAL100L P.50 NORMAL (A-12) Antillana,True,False,consu,True,True,417.6,0.0,DOP,Units,Ferretería,,,,,,,,NO_SALES_HISTORY,,NO_ACTION,master=417.6,"has master price, no quotation/sale/invoice lines"
965,965,MOTA 6'' Anti-gota LANCO,True,False,consu,True,True,372.78,0.0,DOP,Units,Ferretería,,,,,,,,NO_SALES_HISTORY,,NO_ACTION,master=372.78,"has master price, no quotation/sale/invoice lines"
658,658,MOTA 9'',True,False,consu,True,True,225.0,0.0,DOP,Units,Ferretería,,,,,,,,NO_SALES_HISTORY,,NO_ACTION,master=225.0,"has master price, no quotation/sale/invoice lines"
765,765,MOTA Antigota NO. 4'',True,False,consu,True,True,65.0,0.0,DOP,Units,Ferretería,,,,,,,,NO_SALES_HISTORY,,NO_ACTION,master=65.0,"has master price, no quotation/sale/invoice lines"
1344,1344,Mota Anti-goteo 10mm,True,False,consu,True,True,540.0,0.0,DOP,Units,Ferretería,,,,,,,,NO_SALES_HISTORY,,NO_ACTION,master=540.0,"has master price, no quotation/sale/invoice lines"
762,762,MOTA ATLAS 1 1/4 BLANCA 723/200,True,False,consu,True,True,147.0,0.0,DOP,Units,Ferretería,,,,,,,,NO_SALES_HISTORY,,NO_ACTION,master=147.0,"has master price, no quotation/sale/invoice lines"
128,128,"MOTA LANCO 9""X1 1/4""",True,False,consu,True,True,422.0,0.0,DOP,Units,,,,,,422.0,2025-12-22,422.0,PRICE_OK,0.0,KEEP,inv=422.0@2025-12-22; master=422.0,master aligned with recent commercial prices
756,756,MOTA LANCO 9''X1 1/4'',True,False,consu,True,True,422.0,0.0,DOP,Units,Ferretería,,,,,,,,NO_SALES_HISTORY,,NO_ACTION,master=422.0,"has master price, no quotation/sale/invoice lines"
738,738,MOTA Microfibra 9'' X 3/8'' FAN89 BYP,True,False,consu,True,True,105.98,0.0,DOP,Units,Ferretería,,,,,,,,NO_SALES_HISTORY,,NO_ACTION,master=105.98,"has master price, no quotation/sale/invoice lines"
85,85,"MOTA MICROFIBRA 9"" X 3/8"" FAN89 BYP",True,False,consu,True,True,105.98,0.0,DOP,Units,,,,,,105.98,2025-12-22,105.98,PRICE_OK,0.0,KEEP,inv=105.98@2025-12-22; master=105.98,master aligned with recent commercial prices
1003,1003,MOTA ROLO 4,True,False,consu,True,True,220.0,0.0,DOP,Units,Ferretería,,,,,,,,NO_SALES_HISTORY,,NO_ACTION,master=220.0,"has master price, no quotation/sale/invoice lines"
386,386,MOTA ROLO Antigota 4,True,False,consu,True,True,210.0,0.0,DOP,Units,Ferretería,,,,,,,,NO_SALES_HISTORY,,NO_ACTION,master=210.0,"has master price, no quotation/sale/invoice lines"
1202,1202,MOTA RUGOSA 23cm PELO Sintetico TRUPER,True,False,consu,True,True,950.0,0.0,DOP,Units,Herramientas,,,,,,,,NO_SALES_HISTORY,,NO_ACTION,master=950.0,"has master price, no quotation/sale/invoice lines"
235,235,MOTAS Antigotas 9'' EM,True,False,consu,True,True,180.0,0.0,DOP,Units,Ferretería,,,,,,,,NO_SALES_HISTORY,,NO_ACTION,master=180.0,"has master price, no quotation/sale/invoice lines"
1002,1002,MOTAS DE ROLO 9'',True,False,consu,True,True,175.0,0.0,DOP,Units,Ferretería,,,,,,,,NO_SALES_HISTORY,,NO_ACTION,master=175.0,"has master price, no quotation/sale/invoice lines"
382,382,MOTAS DE ROLO PARA PINTAR 9'',True,False,consu,True,True,190.0,0.0,DOP,Units,Ferretería,,,,,,,,NO_SALES_HISTORY,,NO_ACTION,master=190.0,"has master price, no quotation/sale/invoice lines"
1005,1005,"Motosierra 18"" 45.7CC 2.82HP Husqvarna",True,False,consu,True,True,74545.81,0.0,DOP,Units,Herramientas,,,,,,,,NO_SALES_HISTORY,,NO_ACTION,master=74545.81,"has master price, no quotation/sale/invoice lines"
1150,1150,Motosierra 18”48cc 2.4hp Gasoli. 2T,True,False,consu,True,True,34828.23,0.0,DOP,Units,Herramientas,,,,,,,,NO_SALES_HISTORY,,NO_ACTION,master=34828.23,"has master price, no quotation/sale/invoice lines"
1006,1006,"Motosierra 20"" 59.8CC 4.3HP Husqvarna",True,False,consu,True,True,113562.51,0.0,DOP,Units,Herramientas,,,,,,,,NO_SALES_HISTORY,,NO_ACTION,master=113562.51,"has master price, no quotation/sale/invoice lines"
1007,1007,"Motosierra 24"" 94CC 6.6HP S/cadena Husqvarna",True,False,consu,True,True,217011.47,0.0,DOP,Units,Herramientas,,,,,,,,NO_SALES_HISTORY,,NO_ACTION,master=217011.47,"has master price, no quotation/sale/invoice lines"
1011,1011,MUEBLE BAÑO MDF BLANCO + LAV,True,False,consu,True,True,22055.0,0.0,DOP,Units,Ferretería,,,,,,,,NO_SALES_HISTORY,,NO_ACTION,master=22055.0,"has master price, no quotation/sale/invoice lines"
1045,1045,Multimetro Digital TRUPER MUT-202,True,False,consu,True,True,4400.0,0.0,DOP,Units,Herramientas,,,,,,,,NO_SALES_HISTORY,,NO_ACTION,master=4400.0,"has master price, no quotation/sale/invoice lines"
1458,1458,Muro En Sheetrock,True,False,consu,True,True,649750.0,0.0,DOP,Units,Ferretería,,,,,,,,NO_SALES_HISTORY,,NO_ACTION,master=649750.0,"has master price, no quotation/sale/invoice lines"
502,502,Muro (pandereta) En Sheetrock,True,False,consu,True,True,2100.0,0.0,DOP,m²,Ferretería,,,,,,,,NO_SALES_HISTORY,,NO_ACTION,master=2100.0,"has master price, no quotation/sale/invoice lines"
1417,1417,Navaja Plastica Pretul 22405,True,False,consu,True,True,150.0,0.0,DOP,Units,Ferretería,,,,,,,,NO_SALES_HISTORY,,NO_ACTION,master=150.0,"has master price, no quotation/sale/invoice lines"
1112,1112,NEGRO 53 Positivo 'pintura Contractor Tropical,True,False,consu,True,True,11790.13,0.0,DOP,Units,Pinturas,,,,,,,,NO_SALES_HISTORY,,NO_ACTION,master=11790.13,"has master price, no quotation/sale/invoice lines"
1569,1569,Neumatico 215/65R17 Annaite,True,False,consu,True,True,7595.76,0.0,DOP,Units,Neumáticos,,,,,,,,NO_SALES_HISTORY,,NO_ACTION,master=7595.76,"has master price, no quotation/sale/invoice lines"
1568,1568,Neumaticos 215/75R17.5 Annaite,True,False,consu,True,True,7355.93,0.0,DOP,Units,Neumáticos,,,,,,,,NO_SALES_HISTORY,,NO_ACTION,master=7355.93,"has master price, no quotation/sale/invoice lines"
1565,1565,Neumaticos 255/70R16 Annaite LT AN616,True,False,consu,True,True,7038.13,0.0,DOP,Units,Neumáticos,,,,,,,,NO_SALES_HISTORY,,NO_ACTION,master=7038.13,"has master price, no quotation/sale/invoice lines"
1566,1566,Neumaticos 265/60R18 Annaite,True,False,consu,True,True,6085.72,0.0,DOP,Units,Neumáticos,,,,,,,,NO_SALES_HISTORY,,NO_ACTION,master=6085.72,"has master price, no quotation/sale/invoice lines"
1564,1564,Neumaticos 265/65R17 Annaite AN906.AT,True,False,consu,True,True,8344.06,0.0,DOP,Units,Neumáticos,,,,,,,,NO_SALES_HISTORY,,NO_ACTION,master=8344.06,"has master price, no quotation/sale/invoice lines"
1567,1567,Neumaticos 7.00R16 Firestone,True,False,consu,True,True,9250.0,0.0,DOP,Units,Neumáticos,,,,,,,,NO_SALES_HISTORY,,NO_ACTION,master=9250.0,"has master price, no quotation/sale/invoice lines"
1255,1255,Neutralizantes DE MALOS OLORES LIMA,True,False,consu,True,True,900.0,0.0,DOP,Units,Ferretería,,,,,,,,NO_SALES_HISTORY,,NO_ACTION,master=900.0,"has master price, no quotation/sale/invoice lines"
1610,1610,"NEVERA Ejecutiva Nedoca, 4 P.C.,1 PUERTA",True,False,consu,True,True,17930.1,0.0,DOP,Units,Electrodomésticos,,,,,,,,NO_SALES_HISTORY,,NO_ACTION,master=17930.1,"has master price, no quotation/sale/invoice lines"
1609,1609,NEVERA Frigidaire 12 P.C. 2 Puertas,True,False,consu,True,True,29695.0,0.0,DOP,Units,Electrodomésticos,,,,,,,,NO_SALES_HISTORY,,NO_ACTION,master=29695.0,"has master price, no quotation/sale/invoice lines"
1535,1535,Nevera MIDEA 10'',True,False,consu,True,True,22300.0,0.0,DOP,Units,Electrodomésticos,,,,,,,,NO_SALES_HISTORY,,NO_ACTION,master=22300.0,"has master price, no quotation/sale/invoice lines"
152,152,NEVERA MIDEA 10 PIES,True,False,consu,True,True,18936.44,0.0,DOP,Units,,,,,,18936.44,2026-08-18,18936.44,PRICE_OK,0.0,KEEP,inv=18936.44@2026-08-18; master=18936.44,master aligned with recent commercial prices
1211,1211,"NEVERA PARA HIELO GRIS, Ruedas, ASA, 70QT IGLOO",True,False,consu,True,True,15000.5,0.0,DOP,Units,Electrodomésticos,,,,,,,,NO_SALES_HISTORY,,NO_ACTION,master=15000.5,"has master price, no quotation/sale/invoice lines"
55,55,NEVERA TECNOMASTER 10 PC,True,False,consu,True,True,23540.0,0.0,DOP,Units,,,,,,19449.15,2026-08-21,19449.15,HISTORICAL_PRICE_DIFFERENCE,21.03,UPDATE_CANDIDATE,inv=19449.15@2026-08-21; master=23540.0,master=23540.0 recent_avg=19449.15 diff_pct=21.0
737,737,NIPLE COBRE NIQ 1/2'' X 3'' 25866 Eastman,True,False,consu,True,True,398.82,0.0,DOP,Units,Ferretería,,,,,,,,NO_SALES_HISTORY,,NO_ACTION,master=398.82,"has master price, no quotation/sale/invoice lines"
81,81,"NIPLE COBRE NIQ 1/2"" X 3"" 25866 EASTMAN",True,False,consu,True,True,398.82,0.0,DOP,Units,,,,,,398.82,2025-12-22,398.82,PRICE_OK,0.0,KEEP,inv=398.82@2025-12-22; master=398.82,master aligned with recent commercial prices
795,795,NIPLE HG Galv.1/2'' X 21/2'',True,False,consu,True,True,60.0,0.0,DOP,Units,Ferretería,,,,,,,,NO_SALES_HISTORY,,NO_ACTION,master=60.0,"has master price, no quotation/sale/invoice lines"
967,967,"NIVEL GRANDE KENDO MODELO 35256 DE 48""",True,False,consu,True,True,1418.95,0.0,DOP,Units,Ferretería,,,,,,,,NO_SALES_HISTORY,,NO_ACTION,master=1418.95,"has master price, no quotation/sale/invoice lines"
594,594,"NIVEL Mediano KENDO MODELO 35256 DE 32""",True,False,consu,True,True,705.95,0.0,DOP,Units,Ferretería,,,,,,,,NO_SALES_HISTORY,,NO_ACTION,master=705.95,"has master price, no quotation/sale/invoice lines"
595,595,Odometro MEDIR Distancia METRO 15830 TRUPER,True,False,consu,True,True,1947.2,0.0,DOP,Units,Herramientas,,,,,,,,NO_SALES_HISTORY,,NO_ACTION,master=1947.2,"has master price, no quotation/sale/invoice lines"
1141,1141,OJOS Moviles P/ Manualidades 10MM 60/1,True,False,consu,True,True,70.0,0.0,DOP,Units,Ferretería,,,,,,,,NO_SALES_HISTORY,,NO_ACTION,master=70.0,"has master price, no quotation/sale/invoice lines"
859,859,OREGON GRIS 45X45,True,False,consu,True,True,725.0,0.0,DOP,m²,Ferretería,,,,,,,,NO_SALES_HISTORY,,NO_ACTION,master=725.0,"has master price, no quotation/sale/invoice lines"
69,69,ORINAL ARRECIFE ENT SUP BLANCO,True,False,consu,True,True,8960.0,0.0,DOP,Units,,,,,,8960.0,2025-12-22,8960.0,PRICE_OK,0.0,KEEP,inv=8960.0@2025-12-22; master=8960.0,master aligned with recent commercial prices
732,732,OXIDO NEGRO GL DOM,True,False,consu,True,True,1778.0,0.0,DOP,Units,Ferretería,,,,,,,,NO_SALES_HISTORY,,NO_ACTION,master=1778.0,"has master price, no quotation/sale/invoice lines"
620,620,PAB2612 PINO AMER BRUTO 336 PIES 2.0x06x12 American,True,False,consu,True,True,96.0,0.0,DOP,Units,Ferretería,,,,,,,,NO_SALES_HISTORY,,NO_ACTION,master=96.0,"has master price, no quotation/sale/invoice lines"
960,960,PALA Cuadrada Tramotina,True,False,consu,True,True,1476.3,0.0,DOP,Units,Ferretería,,,,,,,,NO_SALES_HISTORY,,NO_ACTION,master=1476.3,"has master price, no quotation/sale/invoice lines"
1078,1078,PALA Cuadrada TRUPER,True,False,consu,True,True,1518.8,0.0,DOP,Units,Herramientas,,,,,,,,NO_SALES_HISTORY,,NO_ACTION,master=1518.8,"has master price, no quotation/sale/invoice lines"
358,358,PALA Cuadrada TRUPER 17161,True,False,consu,True,True,4200.0,0.0,DOP,Units,Herramientas,,,,,,,,NO_SALES_HISTORY,,NO_ACTION,master=4200.0,"has master price, no quotation/sale/invoice lines"
596,596,PALA DE CORTE C/mango 77424/404 Tramontina,True,False,consu,True,True,930.0,0.0,DOP,Units,Ferretería,,,,,,,,NO_SALES_HISTORY,,NO_ACTION,master=930.0,"has master price, no quotation/sale/invoice lines"
360,360,PALA DE CORTE TRUPER 17162,True,False,consu,True,True,1980.0,0.0,DOP,Units,Herramientas,,,,,,,,NO_SALES_HISTORY,,NO_ACTION,master=1980.0,"has master price, no quotation/sale/invoice lines"
1082,1082,PALA Pequeña TRUPER,True,False,consu,True,True,2261.98,0.0,DOP,Units,Herramientas,,,,,,,,NO_SALES_HISTORY,,NO_ACTION,master=2261.98,"has master price, no quotation/sale/invoice lines"
597,597,PALA Redonda C/mango 17160PRY-P TRUPER,True,False,consu,True,True,1096.0,0.0,DOP,Units,Herramientas,,,,,,,,NO_SALES_HISTORY,,NO_ACTION,master=1096.0,"has master price, no quotation/sale/invoice lines"
1081,1081,PALA Redonda CON MANGO DE MADERA TRUPER,True,False,consu,True,True,1210.24,0.0,DOP,Units,Herramientas,,,,,,,,NO_SALES_HISTORY,,NO_ACTION,master=1210.24,"has master price, no quotation/sale/invoice lines"
359,359,PALA Redonda TRUPER,True,False,consu,True,True,1980.0,0.0,DOP,Units,Herramientas,,,,,,,,NO_SALES_HISTORY,,NO_ACTION,master=1980.0,"has master price, no quotation/sale/invoice lines"
1464,1464,PALA TRUPER PALY-14 GRANOS Aluminio,True,False,consu,True,True,2050.0,0.0,DOP,Units,Herramientas,,,,,,,,NO_SALES_HISTORY,,NO_ACTION,master=2050.0,"has master price, no quotation/sale/invoice lines"
1267,1267,PALOS DE ESCOBA,True,False,consu,True,True,45.0,0.0,DOP,Units,Ferretería,,,,,,,,NO_SALES_HISTORY,,NO_ACTION,master=45.0,"has master price, no quotation/sale/invoice lines"
1247,1247,PALOS PARA Cortina,True,False,consu,True,True,700.0,0.0,DOP,Units,Ferretería,,,,,,,,NO_SALES_HISTORY,,NO_ACTION,master=700.0,"has master price, no quotation/sale/invoice lines"
177,177,Pandereta En Sheetrock,True,False,consu,True,True,55000.0,0.0,DOP,Units,Ferretería,,,,,,,,NO_SALES_HISTORY,,NO_ACTION,master=55000.0,"has master price, no quotation/sale/invoice lines"
306,306,PANEL 6-12 CIR TL612 G.E,True,False,consu,True,True,5525.69,0.0,DOP,Units,Ferretería,,,,,,,,NO_SALES_HISTORY,,NO_ACTION,master=5525.69,"has master price, no quotation/sale/invoice lines"
1473,1473,PANEL BOARD NEMA 3-R (amperes Industrial DE 3 POLOS),True,False,consu,True,True,117985.0,0.0,DOP,Units,Ferretería,,,,,,,,NO_SALES_HISTORY,,NO_ACTION,master=117985.0,"has master price, no quotation/sale/invoice lines"
1057,1057,PANEL Cuadrado LED 2X2 40W 6000K,True,False,consu,True,True,2900.0,0.0,DOP,Units,Material eléctrico,,,,,,,,NO_SALES_HISTORY,,NO_ACTION,master=2900.0,"has master price, no quotation/sale/invoice lines"
1475,1475,PANEL LED 2X4 65W,True,False,consu,True,True,4658.87,0.0,DOP,Units,Material eléctrico,,,,,,,,NO_SALES_HISTORY,,NO_ACTION,master=4658.87,"has master price, no quotation/sale/invoice lines"
982,982,Pañete,True,False,consu,True,True,2895.0,0.0,DOP,m²,Ferretería,,,,,,,,NO_SALES_HISTORY,,NO_ACTION,master=2895.0,"has master price, no quotation/sale/invoice lines"
1278,1278,PAPEL BOND 8.5X11 ABBY Premiun RESMA,True,False,consu,True,True,197.0,0.0,DOP,Units,Oficina,,,,,,,,NO_SALES_HISTORY,,NO_ACTION,master=197.0,"has master price, no quotation/sale/invoice lines"
1136,1136,PAPEL CREPE META (50x200) CM,True,False,consu,True,True,45.0,0.0,DOP,Units,Oficina,,,,,,,,NO_SALES_HISTORY,,NO_ACTION,master=45.0,"has master price, no quotation/sale/invoice lines"
1425,1425,"PAPEL FILM 18""",True,False,consu,True,True,4235.0,0.0,DOP,Units,Oficina,,,,,,,,NO_SALES_HISTORY,,NO_ACTION,master=4235.0,"has master price, no quotation/sale/invoice lines"
1135,1135,PAPEL FOAMI 10/1 Colores Surtidos,True,False,consu,True,True,260.0,0.0,DOP,Units,Oficina,,,,,,,,NO_SALES_HISTORY,,NO_ACTION,master=260.0,"has master price, no quotation/sale/invoice lines"
911,911,"PAPEL Higienico NATURA BLANCO PARA BAÑO JUMBO 700 FTS, FARDOS DE 12/1 (1 Espliego SIN",True,False,consu,True,True,1175.0,0.0,DOP,Units,Oficina,,,,,,,,NO_SALES_HISTORY,,NO_ACTION,master=1175.0,"has master price, no quotation/sale/invoice lines"
694,694,PAPEL Plastico 18X15000 Stretch FILM,True,False,consu,True,True,975.0,0.0,DOP,Units,Oficina,,,,,,,,NO_SALES_HISTORY,,NO_ACTION,master=975.0,"has master price, no quotation/sale/invoice lines"
473,473,PAPEL Plastico EN ROLLO 18X15000 Stretch FILM,True,False,consu,True,True,975.0,0.0,DOP,Units,Oficina,,,,,,,,NO_SALES_HISTORY,,NO_ACTION,master=975.0,"has master price, no quotation/sale/invoice lines"
1286,1286,PAPEL PUNTO DE VENTAS TRES PARTES,True,False,consu,True,True,526.0,0.0,DOP,Units,Oficina,,,,,,,,NO_SALES_HISTORY,,NO_ACTION,master=526.0,"has master price, no quotation/sale/invoice lines"
912,912,"PAPEL TOALLA SLIM ROLL 6/580""1, SCOOT",True,False,consu,True,True,2225.0,0.0,DOP,Units,Oficina,,,,,,,,NO_SALES_HISTORY,,NO_ACTION,master=2225.0,"has master price, no quotation/sale/invoice lines"
635,635,Paral De Metal 2 1/2,True,False,consu,True,True,500.0,0.0,DOP,Units,Ferretería,,,,,,,,NO_SALES_HISTORY,,NO_ACTION,master=500.0,"has master price, no quotation/sale/invoice lines"
459,459,PAR Bisagras DE Presion CAOBA AC,True,False,consu,True,True,65.0,0.0,DOP,Units,Ferretería,,,,,,,,NO_SALES_HISTORY,,NO_ACTION,master=65.0,"has master price, no quotation/sale/invoice lines"
1138,1138,Parchis Clasico,True,False,consu,True,True,160.0,0.0,DOP,Units,Ferretería,,,,,,,,NO_SALES_HISTORY,,NO_ACTION,master=160.0,"has master price, no quotation/sale/invoice lines"
1421,1421,Pares De Guantes Mediano Dielectricos Para 30kv,True,False,consu,True,True,7500.0,0.0,DOP,Units,Ferretería,,,,,,,,NO_SALES_HISTORY,,NO_ACTION,master=7500.0,"has master price, no quotation/sale/invoice lines"
691,691,PASTA Acrilica CANO BLANCA (32 OZ) 1/4,True,False,consu,True,True,810.0,0.0,DOP,Units,Ferretería,,,,,,,,NO_SALES_HISTORY,,NO_ACTION,master=810.0,"has master price, no quotation/sale/invoice lines"
692,692,PASTA Acrilica CANO MARRON (32 OZ) 1/4,True,False,consu,True,True,810.0,0.0,DOP,Units,Ferretería,,,,,,,,NO_SALES_HISTORY,,NO_ACTION,master=810.0,"has master price, no quotation/sale/invoice lines"
1525,1525,PASTA DE TOMATE Victorina 8 OZ 24/1,True,False,consu,True,True,2002.99,0.0,DOP,Units,Ferretería,,,,,,,,NO_SALES_HISTORY,,NO_ACTION,master=2002.99,"has master price, no quotation/sale/invoice lines"
30,30,PEAJE (Agosto-Diciembre) y horas fuera de proyecto — total documento PDF,True,False,service,True,False,42000.0,0.0,DOP,Units,,,,,,42000.0,2026-01-08,42000.0,PRICE_OK,0.0,KEEP,inv=42000.0@2026-01-08; master=42000.0,master aligned with recent commercial prices
891,891,PECHA DE Cometida,True,False,consu,True,True,275.0,0.0,DOP,Units,Ferretería,,,,,,,,NO_SALES_HISTORY,,NO_ACTION,master=275.0,"has master price, no quotation/sale/invoice lines"
862,862,PEGA FORTE BLANCO,True,False,consu,True,True,975.0,0.0,DOP,Units,Ferretería,,,,,,,,NO_SALES_HISTORY,,NO_ACTION,master=975.0,"has master price, no quotation/sale/invoice lines"
725,725,Pegatod Pegamento GRIS,True,False,consu,True,True,590.0,0.0,DOP,Units,Ferretería,,,,,,,,NO_SALES_HISTORY,,NO_ACTION,master=590.0,"has master price, no quotation/sale/invoice lines"
1140,1140,PELOTA Inflable Multicolor,True,False,consu,True,True,185.0,0.0,DOP,Units,Ferretería,,,,,,,,NO_SALES_HISTORY,,NO_ACTION,master=185.0,"has master price, no quotation/sale/invoice lines"
528,528,Penetrante (9.6onz) WD-40,True,False,consu,True,True,765.0,0.0,DOP,Units,Ferretería,,,,,,,,NO_SALES_HISTORY,,NO_ACTION,master=765.0,"has master price, no quotation/sale/invoice lines"
697,697,Penetrante WD-40,True,False,consu,True,True,796.0,0.0,DOP,Units,Ferretería,,,,,,,,NO_SALES_HISTORY,,NO_ACTION,master=796.0,"has master price, no quotation/sale/invoice lines"
892,892,PERCHA DE METAL 2/0,True,False,consu,True,True,550.0,0.0,DOP,Units,Ferretería,,,,,,,,NO_SALES_HISTORY,,NO_ACTION,master=550.0,"has master price, no quotation/sale/invoice lines"
53,53,PERFIL 1 1/2 H.GALV.1.6,True,False,consu,True,True,1680.0,0.0,DOP,Units,,,,,,1390.0,2025-12-22,1390.0,HISTORICAL_PRICE_DIFFERENCE,20.86,UPDATE_CANDIDATE,inv=1390.0@2025-12-22; master=1680.0,master=1680.0 recent_avg=1390.0 diff_pct=20.9
1018,1018,PERFIL 2X1 H.GALV.1.6,True,False,consu,True,True,1436.98,0.0,DOP,Units,Ferretería,,,,,,,,NO_SALES_HISTORY,,NO_ACTION,master=1436.98,"has master price, no quotation/sale/invoice lines"
1017,1017,PERFIL 2X2 H.GALV.1.6,True,False,consu,True,True,1825.0,0.0,DOP,Units,Ferretería,,,,,,,,NO_SALES_HISTORY,,NO_ACTION,master=1825.0,"has master price, no quotation/sale/invoice lines"
50,50,PERFIL 2X3 GALV.,True,False,consu,True,True,2630.02,0.0,DOP,Units,,,,,,2529.92,2025-12-22,2529.92,PRICE_OK,3.96,KEEP,inv=2529.92@2025-12-22; master=2630.02,master aligned with recent commercial prices
1019,1019,PERFIL 4X4 H.GALV.1.6,True,False,consu,True,True,5267.19,0.0,DOP,Units,Ferretería,,,,,,,,NO_SALES_HISTORY,,NO_ACTION,master=5267.19,"has master price, no quotation/sale/invoice lines"
1304,1304,Perforaddora DOS HOYOS AJUST,True,False,consu,True,True,430.0,0.0,DOP,Units,Ferretería,,,,,,,,NO_SALES_HISTORY,,NO_ACTION,master=430.0,"has master price, no quotation/sale/invoice lines"
959,959,PICO Tramotina,True,False,consu,True,True,1509.6,0.0,DOP,Units,Ferretería,,,,,,,,NO_SALES_HISTORY,,NO_ACTION,master=1509.6,"has master price, no quotation/sale/invoice lines"
1083,1083,PICO TRUPER MANGO DE MADERA,True,False,consu,True,True,1956.55,0.0,DOP,Units,Herramientas,,,,,,,,NO_SALES_HISTORY,,NO_ACTION,master=1956.55,"has master price, no quotation/sale/invoice lines"
357,357,PICO TRUPER M H,True,False,consu,True,True,2900.0,0.0,DOP,Units,Herramientas,,,,,,,,NO_SALES_HISTORY,,NO_ACTION,master=2900.0,"has master price, no quotation/sale/invoice lines"
301,301,PIE DE Alambre STR No.10 AWG THHN,True,False,consu,True,True,30.0,0.0,DOP,Units,Ferretería,,,,,,,,NO_SALES_HISTORY,,NO_ACTION,master=30.0,"has master price, no quotation/sale/invoice lines"
302,302,PIE DE Alambre STR No.12 AWG THHN,True,False,consu,True,True,23.0,0.0,DOP,Units,Ferretería,,,,,,,,NO_SALES_HISTORY,,NO_ACTION,master=23.0,"has master price, no quotation/sale/invoice lines"
1288,1288,PILAS AA,True,False,consu,True,True,77.0,0.0,DOP,Units,Ferretería,,,,,,,,NO_SALES_HISTORY,,NO_ACTION,master=77.0,"has master price, no quotation/sale/invoice lines"
1289,1289,PILAS AAA,True,False,consu,True,True,40.0,0.0,DOP,Units,Ferretería,,,,,,,,NO_SALES_HISTORY,,NO_ACTION,master=40.0,"has master price, no quotation/sale/invoice lines"
1309,1309,PILAS Cuadradas Powerone,True,False,consu,True,True,175.0,0.0,DOP,Units,Ferretería,,,,,,,,NO_SALES_HISTORY,,NO_ACTION,master=175.0,"has master price, no quotation/sale/invoice lines"
243,243,"Pinceles Windsor & Newton, ROYAL Y Langnikel Y Pricenton (16 UND)",True,False,consu,True,True,8000.0,0.0,DOP,Units,Ferretería,,,,,,,,NO_SALES_HISTORY,,NO_ACTION,master=8000.0,"has master price, no quotation/sale/invoice lines"
1197,1197,PINCEL PUNTA Redonda CERDA BLANCA DE 10 KEPP Smiling,True,False,consu,True,True,45.0,0.0,DOP,Units,Ferretería,,,,,,,,NO_SALES_HISTORY,,NO_ACTION,master=45.0,"has master price, no quotation/sale/invoice lines"
1201,1201,PINCEL PUNTA Redonda CERDA BLANCA DE 2 KEPP Smiling,True,False,consu,True,True,35.0,0.0,DOP,Units,Ferretería,,,,,,,,NO_SALES_HISTORY,,NO_ACTION,master=35.0,"has master price, no quotation/sale/invoice lines"
1200,1200,PINCEL PUNTA Redonda CERDA BLANCA DE 4 KEPP Smiling,True,False,consu,True,True,40.0,0.0,DOP,Units,Ferretería,,,,,,,,NO_SALES_HISTORY,,NO_ACTION,master=40.0,"has master price, no quotation/sale/invoice lines"
1199,1199,PINCEL PUNTA Redonda CERDA BLANCA DE 6 KEPP Smiling,True,False,consu,True,True,40.0,0.0,DOP,Units,Ferretería,,,,,,,,NO_SALES_HISTORY,,NO_ACTION,master=40.0,"has master price, no quotation/sale/invoice lines"
1198,1198,PINCEL PUNTA Redonda CERDA BLANCA DE 8 KEPP Smiling,True,False,consu,True,True,45.0,0.0,DOP,Units,Ferretería,,,,,,,,NO_SALES_HISTORY,,NO_ACTION,master=45.0,"has master price, no quotation/sale/invoice lines"
619,619,PINO AMER BRUTO 1680 PIES 1.0x04x12 American,True,False,consu,True,True,114.0,0.0,DOP,Units,Ferretería,,,,,,,,NO_SALES_HISTORY,,NO_ACTION,master=114.0,"has master price, no quotation/sale/invoice lines"
1396,1396,PINTAR Entrada,True,False,consu,True,True,6500.0,0.0,DOP,Units,Ferretería,,,,,,,,NO_SALES_HISTORY,,NO_ACTION,master=6500.0,"has master price, no quotation/sale/invoice lines"
1397,1397,PINTAR Estribo,True,False,consu,True,True,6500.0,0.0,DOP,Units,Ferretería,,,,,,,,NO_SALES_HISTORY,,NO_ACTION,master=6500.0,"has master price, no quotation/sale/invoice lines"
1395,1395,PINTAR PUERTA Izquierda,True,False,consu,True,True,6500.0,0.0,DOP,Units,Ferretería,,,,,,,,NO_SALES_HISTORY,,NO_ACTION,master=6500.0,"has master price, no quotation/sale/invoice lines"
504,504,Pintura,True,False,consu,True,True,198.9,0.0,DOP,Units,Pinturas,,,,,,,,NO_SALES_HISTORY,,NO_ACTION,master=198.9,"has master price, no quotation/sale/invoice lines"
659,659,Pintura Acrilica Amarillo Positivo Popular,True,False,consu,True,True,11790.13,0.0,DOP,Units,Pinturas,,,,,,,,NO_SALES_HISTORY,,NO_ACTION,master=11790.13,"has master price, no quotation/sale/invoice lines"
750,750,Pintura Acrilica Amarillo Positivo Popular PRO,True,False,consu,True,True,11932.5,0.0,DOP,Units,Pinturas,,,,,,,,NO_SALES_HISTORY,,NO_ACTION,master=11932.5,"has master price, no quotation/sale/invoice lines"
44,44,PINTURA ACRILICA AMARILLO POSITIVO POPULAR PRO/TROPICAL,True,False,consu,True,True,2386.5,0.0,DOP,Units,,,,,,2386.5,2025-12-22,2386.5,PRICE_OK,0.0,KEEP,inv=2386.5@2025-12-22; master=2386.5,master aligned with recent commercial prices
652,652,Pintura Acrilica Amarillo Positivo Tropical/popular,True,False,consu,True,True,10932.5,0.0,DOP,Units,Pinturas,,,,,,,,NO_SALES_HISTORY,,NO_ACTION,master=10932.5,"has master price, no quotation/sale/invoice lines"
973,973,Pintura Acrilica Amarillo Positvo Tropical/popular,True,False,consu,True,True,2386.5,0.0,DOP,Units,Pinturas,,,,,,,,NO_SALES_HISTORY,,NO_ACTION,master=2386.5,"has master price, no quotation/sale/invoice lines"
660,660,Pintura Acrilica AZUL Positivo Popular,True,False,consu,True,True,11790.13,0.0,DOP,Units,Pinturas,,,,,,,,NO_SALES_HISTORY,,NO_ACTION,master=11790.13,"has master price, no quotation/sale/invoice lines"
747,747,Pintura Acrilica AZUL Positivo Popular PRO,True,False,consu,True,True,11932.5,0.0,DOP,Units,Pinturas,,,,,,,,NO_SALES_HISTORY,,NO_ACTION,master=11932.5,"has master price, no quotation/sale/invoice lines"
43,43,PINTURA ACRILICA AZUL POSITIVO POPULAR PRO /TROPICAL,True,False,consu,True,True,2386.5,0.0,DOP,Units,,,,,,2386.5,2025-12-22,2386.5,PRICE_OK,0.0,KEEP,inv=2386.5@2025-12-22; master=2386.5,master aligned with recent commercial prices
649,649,Pintura Acrilica AZUL Positivo Popular/tropical,True,False,consu,True,True,10932.5,0.0,DOP,Units,Pinturas,,,,,,,,NO_SALES_HISTORY,,NO_ACTION,master=10932.5,"has master price, no quotation/sale/invoice lines"
1440,1440,Pintura Acrilica AZUL Positvo,True,False,consu,True,True,13722.37,0.0,DOP,Units,Pinturas,,,,,,,,NO_SALES_HISTORY,,NO_ACTION,master=13722.37,"has master price, no quotation/sale/invoice lines"
212,212,Pintura Acrilica AZUL Positvo Popular,True,False,consu,True,True,12529.13,0.0,DOP,Units,Pinturas,,,,,,,,NO_SALES_HISTORY,,NO_ACTION,master=12529.13,"has master price, no quotation/sale/invoice lines"
996,996,Pintura Acrilica AZUL Positvo Popular/tropical,True,False,consu,True,True,11932.5,0.0,DOP,Units,Pinturas,,,,,,,,NO_SALES_HISTORY,,NO_ACTION,master=11932.5,"has master price, no quotation/sale/invoice lines"
970,970,Pintura Acrilica AZUL Positvo Tropical/popular,True,False,consu,True,True,2386.5,0.0,DOP,Units,Pinturas,,,,,,,,NO_SALES_HISTORY,,NO_ACTION,master=2386.5,"has master price, no quotation/sale/invoice lines"
1439,1439,Pintura Acrilica BLANCA,True,False,consu,True,True,6960.0,0.0,DOP,Units,Pinturas,,,,,,,,NO_SALES_HISTORY,,NO_ACTION,master=6960.0,"has master price, no quotation/sale/invoice lines"
974,974,Pintura Acrilica BLANCA 00 Tropical/popular,True,False,consu,True,True,2386.5,0.0,DOP,Units,Pinturas,,,,,,,,NO_SALES_HISTORY,,NO_ACTION,master=2386.5,"has master price, no quotation/sale/invoice lines"
945,945,Pintura Acrilica BLANCA 50 Popular PRO,True,False,consu,True,True,6050.0,0.0,DOP,Units,Pinturas,,,,,,,,NO_SALES_HISTORY,,NO_ACTION,master=6050.0,"has master price, no quotation/sale/invoice lines"
213,213,Pintura Acrilica BLANCA Popular 50,True,False,consu,True,True,11932.5,0.0,DOP,Units,Pinturas,,,,,,,,NO_SALES_HISTORY,,NO_ACTION,master=11932.5,"has master price, no quotation/sale/invoice lines"
698,698,Pintura Acrilica BLANCO 00 Tropical,True,False,consu,True,True,2545.0,0.0,DOP,Units,Pinturas,,,,,,,,NO_SALES_HISTORY,,NO_ACTION,master=2545.0,"has master price, no quotation/sale/invoice lines"
84,84,PINTURA ACRILICA BLANCO 00 TROPICAL 5GL,True,False,consu,True,True,8050.0,0.0,DOP,Units,,,,,,8050.0,2025-12-22,8050.0,PRICE_OK,0.0,KEEP,inv=8050.0@2025-12-22; master=8050.0,master aligned with recent commercial prices
46,46,PINTURA ACRILICA CONTRACTOR GRIS CLARO 26 POPULAR,True,False,consu,True,True,11932.5,0.0,DOP,Units,,,,,,11932.5,2025-12-22,11932.5,PRICE_OK,0.0,KEEP,inv=11932.5@2025-12-22; master=11932.5,master aligned with recent commercial prices
668,668,Pintura Acrilica Contractor GRIS CLARO 26 Popular Pro/tropical,True,False,consu,True,True,11932.5,0.0,DOP,Units,Pinturas,,,,,,,,NO_SALES_HISTORY,,NO_ACTION,master=11932.5,"has master price, no quotation/sale/invoice lines"
947,947,Pintura Acrilica Naranja OSCURO Popular PRO,True,False,consu,True,True,6050.0,0.0,DOP,Units,Pinturas,,,,,,,,NO_SALES_HISTORY,,NO_ACTION,master=6050.0,"has master price, no quotation/sale/invoice lines"
40,40,PINTURA ACRILICA NARANJA POSITIVO POPULAR PRO/TROPICAL,True,False,consu,True,True,2386.5,0.0,DOP,Units,,,,,,2386.5,2025-12-22,2386.5,PRICE_OK,0.0,KEEP,inv=2386.5@2025-12-22; master=2386.5,master aligned with recent commercial prices
1465,1465,Pintura Acrilica PARA Exterior 00,True,False,consu,True,True,8250.0,0.0,DOP,Units,Pinturas,,,,,,,,NO_SALES_HISTORY,,NO_ACTION,master=8250.0,"has master price, no quotation/sale/invoice lines"
1478,1478,Pintura Acrilica PARA Exterior BLANCA 00 Tropical,True,False,consu,True,True,2386.5,0.0,DOP,Units,Pinturas,,,,,,,,NO_SALES_HISTORY,,NO_ACTION,master=2386.5,"has master price, no quotation/sale/invoice lines"
47,47,PINTURA ACRILICA PARA EXTERIOR BLANCA 50 POPULAR,True,False,consu,True,True,9352.5,0.0,DOP,Units,,,,,,8050.0,2025-12-22,8050.0,PRICE_OK,16.18,KEEP,inv=8050.0@2025-12-22; master=9352.5,master aligned with recent commercial prices
648,648,Pintura Acrilica PARA Exterior BLANCA 50 POPULAR/00 Tropical,True,False,consu,True,True,8050.0,0.0,DOP,Units,Pinturas,,,,,,,,NO_SALES_HISTORY,,NO_ACTION,master=8050.0,"has master price, no quotation/sale/invoice lines"
939,939,Pintura Acrilica PARA Exterior BLANCA 50 Popular PRO,True,False,consu,True,True,6050.0,0.0,DOP,Units,Pinturas,,,,,,,,NO_SALES_HISTORY,,NO_ACTION,master=6050.0,"has master price, no quotation/sale/invoice lines"
669,669,Pintura Acrilica PARA Exterior BLANCA 50 Popular PRO/00 Tropical,True,False,consu,True,True,8050.0,0.0,DOP,Units,Pinturas,,,,,,,,NO_SALES_HISTORY,,NO_ACTION,master=8050.0,"has master price, no quotation/sale/invoice lines"
417,417,Pintura Acrilica PARA Exterior BLANCA MATE POPULAR/50 Ext-int PRO,True,False,consu,True,True,2565.5,0.0,DOP,Units,Pinturas,,,,,,,,NO_SALES_HISTORY,,NO_ACTION,master=2565.5,"has master price, no quotation/sale/invoice lines"
1118,1118,Pintura Acrilica PARA Exterior BLANCO Colonial Popular 66 /tropical 01 PRO,True,False,consu,True,True,8050.0,0.0,DOP,Units,Pinturas,,,,,,,,NO_SALES_HISTORY,,NO_ACTION,master=8050.0,"has master price, no quotation/sale/invoice lines"
942,942,Pintura Acrilica PARA Exterior Naranja OSCURO Popular PRO,True,False,consu,True,True,6050.0,0.0,DOP,Units,Pinturas,,,,,,,,NO_SALES_HISTORY,,NO_ACTION,master=6050.0,"has master price, no quotation/sale/invoice lines"
1107,1107,Pintura Acrilica PARA Exterior POPULAR/00,True,False,consu,True,True,9352.5,0.0,DOP,Units,Pinturas,,,,,,,,NO_SALES_HISTORY,,NO_ACTION,master=9352.5,"has master price, no quotation/sale/invoice lines"
41,41,PINTURA ACRILICA ROJO POSITIVO POPULAR PRO/TROPICAL,True,False,consu,True,True,2386.5,0.0,DOP,Units,,,,,,2386.5,2025-12-22,2386.5,PRICE_OK,0.0,KEEP,inv=2386.5@2025-12-22; master=2386.5,master aligned with recent commercial prices
1441,1441,Pintura Acrilica ROJO Positvo,True,False,consu,True,True,13722.37,0.0,DOP,Units,Pinturas,,,,,,,,NO_SALES_HISTORY,,NO_ACTION,master=13722.37,"has master price, no quotation/sale/invoice lines"
211,211,Pintura Acrilica ROJO Positvo Popular,True,False,consu,True,True,12529.13,0.0,DOP,Units,Pinturas,,,,,,,,NO_SALES_HISTORY,,NO_ACTION,master=12529.13,"has master price, no quotation/sale/invoice lines"
748,748,Pintura Acrilica ROJO Positvo Popular PRO,True,False,consu,True,True,11932.5,0.0,DOP,Units,Pinturas,,,,,,,,NO_SALES_HISTORY,,NO_ACTION,master=11932.5,"has master price, no quotation/sale/invoice lines"
666,666,Pintura Acrilica ROJO Positvo Popular Pro/tropical,True,False,consu,True,True,2386.5,0.0,DOP,Units,Pinturas,,,,,,,,NO_SALES_HISTORY,,NO_ACTION,master=2386.5,"has master price, no quotation/sale/invoice lines"
650,650,Pintura Acrilica ROJO Positvo Popular/tropical,True,False,consu,True,True,11932.5,0.0,DOP,Units,Pinturas,,,,,,,,NO_SALES_HISTORY,,NO_ACTION,master=11932.5,"has master price, no quotation/sale/invoice lines"
972,972,Pintura Acrilica ROJO Positvo Tropical/popular,True,False,consu,True,True,2386.5,0.0,DOP,Units,Pinturas,,,,,,,,NO_SALES_HISTORY,,NO_ACTION,master=2386.5,"has master price, no quotation/sale/invoice lines"
1577,1577,Pintura Acrilica Superior MATE PARA Exterior Popular,True,False,consu,True,True,5847.46,0.0,DOP,Units,Pinturas,,,,,,,,NO_SALES_HISTORY,,NO_ACTION,master=5847.46,"has master price, no quotation/sale/invoice lines"
1551,1551,Pintura Acrílica Superior Mate P/exteriores,True,False,consu,True,True,6326.27,0.0,DOP,Units,Pinturas,,,,,,,,NO_SALES_HISTORY,,NO_ACTION,master=6326.27,"has master price, no quotation/sale/invoice lines"
49,49,PINTURA ACRILICA VERDE LIMON 25 POPULAR PRO/TROPICAL,True,False,consu,True,True,11932.5,0.0,DOP,Units,,,,,,11932.5,2025-12-22,11932.5,PRICE_OK,0.0,KEEP,inv=11932.5@2025-12-22; master=11932.5,master aligned with recent commercial prices
661,661,Pintura Acrilica VERDE Positivo Popular,True,False,consu,True,True,11790.13,0.0,DOP,Units,Pinturas,,,,,,,,NO_SALES_HISTORY,,NO_ACTION,master=11790.13,"has master price, no quotation/sale/invoice lines"
749,749,Pintura Acrilica VERDE Positivo Popular PRO,True,False,consu,True,True,11932.5,0.0,DOP,Units,Pinturas,,,,,,,,NO_SALES_HISTORY,,NO_ACTION,master=11932.5,"has master price, no quotation/sale/invoice lines"
651,651,Pintura Acrilica VERDE Positivo Tropical/popular,True,False,consu,True,True,10932.5,0.0,DOP,Units,Pinturas,,,,,,,,NO_SALES_HISTORY,,NO_ACTION,master=10932.5,"has master price, no quotation/sale/invoice lines"
42,42,PINTURA ACRILICA VERDE POSITIVO TROPICAL/POPULAR PRO,True,False,consu,True,True,2386.5,0.0,DOP,Units,,,,,,2386.5,2025-12-22,2386.5,PRICE_OK,0.0,KEEP,inv=2386.5@2025-12-22; master=2386.5,master aligned with recent commercial prices
971,971,Pintura Acrilica VERDE Positvo Tropical/popular,True,False,consu,True,True,2386.5,0.0,DOP,Units,Pinturas,,,,,,,,NO_SALES_HISTORY,,NO_ACTION,master=2386.5,"has master price, no quotation/sale/invoice lines"
83,83,PINTURA ACRIL PORCELANA 90 (5GL) ACRI PORCELA 90 POPULAR,True,False,consu,True,True,10958.99,0.0,DOP,Units,,,,,,10958.99,2025-12-22,10958.99,PRICE_OK,0.0,KEEP,inv=10958.99@2025-12-22; master=10958.99,master aligned with recent commercial prices
1471,1471,Pintura ALTO Transito Amarillo Trafico,True,False,consu,True,True,13690.0,0.0,DOP,Units,Pinturas,,,,,,,,NO_SALES_HISTORY,,NO_ACTION,master=13690.0,"has master price, no quotation/sale/invoice lines"
214,214,Pintura ALTO Transito (amarillo Trafico) Popular,True,False,consu,True,True,18453.75,0.0,DOP,Units,Pinturas,,,,,,,,NO_SALES_HISTORY,,NO_ACTION,master=18453.75,"has master price, no quotation/sale/invoice lines"
39,39,PINTURA ALTO TRANSITO (AMARILLO TRAFICO) POPULAR PRO,True,False,consu,True,True,3515.0,0.0,DOP,Units,,,,,,3515.0,2025-12-22,3515.0,PRICE_OK,0.0,KEEP,inv=3515.0@2025-12-22; master=3515.0,master aligned with recent commercial prices
665,665,Pintura ALTO Transito (amarillo Trafico) Popular PRO /tropical,True,False,consu,True,True,3515.0,0.0,DOP,Units,Pinturas,,,,,,,,NO_SALES_HISTORY,,NO_ACTION,master=3515.0,"has master price, no quotation/sale/invoice lines"
653,653,Pintura ALTO Transito (amarillo Trafico) Popular/tropical,True,False,consu,True,True,17575.0,0.0,DOP,Units,Pinturas,,,,,,,,NO_SALES_HISTORY,,NO_ACTION,master=17575.0,"has master price, no quotation/sale/invoice lines"
968,968,Pintura ALTO Transito (amarillo Trafico) Tropical/popular,True,False,consu,True,True,3515.0,0.0,DOP,Units,Pinturas,,,,,,,,NO_SALES_HISTORY,,NO_ACTION,master=3515.0,"has master price, no quotation/sale/invoice lines"
1472,1472,Pintura ALTO Transito BLANCO Trafico,True,False,consu,True,True,13690.0,0.0,DOP,Units,Pinturas,,,,,,,,NO_SALES_HISTORY,,NO_ACTION,master=13690.0,"has master price, no quotation/sale/invoice lines"
662,662,Pintura ALTO Transito (blanco Trafico) Popular,True,False,consu,True,True,14100.75,0.0,DOP,Units,Pinturas,,,,,,,,NO_SALES_HISTORY,,NO_ACTION,master=14100.75,"has master price, no quotation/sale/invoice lines"
654,654,Pintura ALTO Transito (blanco Trafico) Tropical/popular,True,False,consu,True,True,13575.0,0.0,DOP,Units,Pinturas,,,,,,,,NO_SALES_HISTORY,,NO_ACTION,master=13575.0,"has master price, no quotation/sale/invoice lines"
1113,1113,Pintura ALTO Transito Popular Amarillo Trafico,True,False,consu,True,True,14100.75,0.0,DOP,Units,Pinturas,,,,,,,,NO_SALES_HISTORY,,NO_ACTION,master=14100.75,"has master price, no quotation/sale/invoice lines"
1114,1114,Pintura ALTO Transito Tropical BLANCO Trafico,True,False,consu,True,True,14100.75,0.0,DOP,Units,Pinturas,,,,,,,,NO_SALES_HISTORY,,NO_ACTION,master=14100.75,"has master price, no quotation/sale/invoice lines"
1442,1442,Pintura Amarillo Trafico,True,False,consu,True,True,20211.25,0.0,DOP,Units,Pinturas,,,,,,,,NO_SALES_HISTORY,,NO_ACTION,master=20211.25,"has master price, no quotation/sale/invoice lines"
379,379,Pintura Amarillo Trafico Popular,True,False,consu,True,True,17575.0,0.0,DOP,Units,Pinturas,,,,,,,,NO_SALES_HISTORY,,NO_ACTION,master=17575.0,"has master price, no quotation/sale/invoice lines"
997,997,Pintura Amarillo Trafico Popular/tropical,True,False,consu,True,True,18455.0,0.0,DOP,Units,Pinturas,,,,,,,,NO_SALES_HISTORY,,NO_ACTION,master=18455.0,"has master price, no quotation/sale/invoice lines"
422,422,Pintura Antioxido,True,False,consu,True,True,1455.0,0.0,DOP,Units,Pinturas,,,,,,,,NO_SALES_HISTORY,,NO_ACTION,master=1455.0,"has master price, no quotation/sale/invoice lines"
1338,1338,Pintura Azul Glacial 981,True,False,consu,True,True,9540.0,0.0,DOP,Units,Pinturas,,,,,,,,NO_SALES_HISTORY,,NO_ACTION,master=9540.0,"has master price, no quotation/sale/invoice lines"
1384,1384,Pintura Azul Positivo 93 Exterior Tropical Plus,True,False,consu,True,True,1794.45,0.0,DOP,Units,Pinturas,,,,,,,,NO_SALES_HISTORY,,NO_ACTION,master=1794.45,"has master price, no quotation/sale/invoice lines"
999,999,Pintura AZUL Positvo Popular/tropical,True,False,consu,True,True,2505.83,0.0,DOP,Units,Pinturas,,,,,,,,NO_SALES_HISTORY,,NO_ACTION,master=2505.83,"has master price, no quotation/sale/invoice lines"
1381,1381,Pintura Blanco 00 Interior Tropical Plus,True,False,consu,True,True,8972.26,0.0,DOP,Units,Pinturas,,,,,,,,NO_SALES_HISTORY,,NO_ACTION,master=8972.26,"has master price, no quotation/sale/invoice lines"
1383,1383,Pintura Blanco 00 Semigloss Tropical Plus,True,False,consu,True,True,9375.98,0.0,DOP,Units,Pinturas,,,,,,,,NO_SALES_HISTORY,,NO_ACTION,master=9375.98,"has master price, no quotation/sale/invoice lines"
1336,1336,Pintura Blanco 50,True,False,consu,True,True,8247.0,0.0,DOP,Units,Pinturas,,,,,,,,NO_SALES_HISTORY,,NO_ACTION,master=8247.0,"has master price, no quotation/sale/invoice lines"
1443,1443,Pintura BLANCO Trafico,True,False,consu,True,True,21907.5,0.0,DOP,Units,Pinturas,,,,,,,,NO_SALES_HISTORY,,NO_ACTION,master=21907.5,"has master price, no quotation/sale/invoice lines"
998,998,Pintura BLANCO Trafico Popular/tropical,True,False,consu,True,True,20002.0,0.0,DOP,Units,Pinturas,,,,,,,,NO_SALES_HISTORY,,NO_ACTION,master=20002.0,"has master price, no quotation/sale/invoice lines"
380,380,Pintura BLANCO Trafico Tropical,True,False,consu,True,True,19050.0,0.0,DOP,Units,Pinturas,,,,,,,,NO_SALES_HISTORY,,NO_ACTION,master=19050.0,"has master price, no quotation/sale/invoice lines"
1382,1382,Pintura Colonial 66 Acrilica Exterior Tropical Plus,True,False,consu,True,True,8972.26,0.0,DOP,Units,Pinturas,,,,,,,,NO_SALES_HISTORY,,NO_ACTION,master=8972.26,"has master price, no quotation/sale/invoice lines"
1337,1337,Pintura Colonial 966,True,False,consu,True,True,9759.0,0.0,DOP,Units,Pinturas,,,,,,,,NO_SALES_HISTORY,,NO_ACTION,master=9759.0,"has master price, no quotation/sale/invoice lines"
45,45,PINTURA CONTRACTOR ACRILICA ROJO TEJA 18 POPULAR,True,False,consu,True,True,2386.5,0.0,DOP,Units,,,,,,2386.5,2025-12-22,2386.5,PRICE_OK,0.0,KEEP,inv=2386.5@2025-12-22; master=2386.5,master aligned with recent commercial prices
667,667,Pintura Contractor Acrilica ROJO TEJA 18 Popular Pro/tropical,True,False,consu,True,True,2386.5,0.0,DOP,Units,Pinturas,,,,,,,,NO_SALES_HISTORY,,NO_ACTION,master=2386.5,"has master price, no quotation/sale/invoice lines"
946,946,Pintura CREMA Acrlico,True,False,consu,True,True,6050.0,0.0,DOP,Units,Pinturas,,,,,,,,NO_SALES_HISTORY,,NO_ACTION,master=6050.0,"has master price, no quotation/sale/invoice lines"
1120,1120,Pintura EN Aerosol NEGRO CON BRILLO 12/1,True,False,consu,True,True,2880.0,0.0,DOP,Units,Pinturas,,,,,,,,NO_SALES_HISTORY,,NO_ACTION,master=2880.0,"has master price, no quotation/sale/invoice lines"
1341,1341,Pintura Esmalte Blanca,True,False,consu,True,True,2500.0,0.0,DOP,Units,Pinturas,,,,,,,,NO_SALES_HISTORY,,NO_ACTION,master=2500.0,"has master price, no quotation/sale/invoice lines"
1386,1386,Pintura Esmalte Blanca 00 Tropical Plus,True,False,consu,True,True,1995.85,0.0,DOP,Units,Pinturas,,,,,,,,NO_SALES_HISTORY,,NO_ACTION,master=1995.85,"has master price, no quotation/sale/invoice lines"
1218,1218,Pintura Esmalte OXIDO NEGRO Tropical,True,False,consu,True,True,499.0,0.0,DOP,Units,Pinturas,,,,,,,,NO_SALES_HISTORY,,NO_ACTION,master=499.0,"has master price, no quotation/sale/invoice lines"
48,48,PINTURA ESMALTE PLUS AZUL 54 TROPICA/ POPULAR PRO,True,False,consu,True,True,11932.5,0.0,DOP,Units,,,,,,11932.5,2025-12-22,11932.5,PRICE_OK,0.0,KEEP,inv=11932.5@2025-12-22; master=11932.5,master aligned with recent commercial prices
1339,1339,Pintura Grafito 42,True,False,consu,True,True,8253.0,0.0,DOP,Units,Pinturas,,,,,,,,NO_SALES_HISTORY,,NO_ACTION,master=8253.0,"has master price, no quotation/sale/invoice lines"
1385,1385,Pintura Grafito 42 Acrilica Exterior Tropical Plus,True,False,consu,True,True,1794.45,0.0,DOP,Units,Pinturas,,,,,,,,NO_SALES_HISTORY,,NO_ACTION,master=1794.45,"has master price, no quotation/sale/invoice lines"
1335,1335,Pintura Gris 26 Claro Acrilica,True,False,consu,True,True,8247.0,0.0,DOP,Units,Pinturas,,,,,,,,NO_SALES_HISTORY,,NO_ACTION,master=8247.0,"has master price, no quotation/sale/invoice lines"
381,381,Pintura GRIS Industrial,True,False,consu,True,True,2744.48,0.0,DOP,Units,Pinturas,,,,,,,,NO_SALES_HISTORY,,NO_ACTION,master=2744.48,"has master price, no quotation/sale/invoice lines"
1000,1000,Pintura GRIS Industrial Popular/tropical,True,False,consu,True,True,1505.83,0.0,DOP,Units,Pinturas,,,,,,,,NO_SALES_HISTORY,,NO_ACTION,master=1505.83,"has master price, no quotation/sale/invoice lines"
1342,1342,Pintura Gris Perla Esmalte,True,False,consu,True,True,2500.0,0.0,DOP,Units,Pinturas,,,,,,,,NO_SALES_HISTORY,,NO_ACTION,master=2500.0,"has master price, no quotation/sale/invoice lines"
1470,1470,Pintura 'NEGRO Contractor Positivo,True,False,consu,True,True,11630.8,0.0,DOP,Units,Pinturas,,,,,,,,NO_SALES_HISTORY,,NO_ACTION,master=11630.8,"has master price, no quotation/sale/invoice lines"
663,663,Pintura NEGRO Positivo,True,False,consu,True,True,11790.13,0.0,DOP,Units,Pinturas,,,,,,,,NO_SALES_HISTORY,,NO_ACTION,master=11790.13,"has master price, no quotation/sale/invoice lines"
1027,1027,Pintura OXIDO GRIS Tropical GALON,True,False,consu,True,True,1760.0,0.0,DOP,Units,Pinturas,,,,,,,,NO_SALES_HISTORY,,NO_ACTION,master=1760.0,"has master price, no quotation/sale/invoice lines"
64,64,PINTURA OXIDO NEGRO,True,False,consu,True,True,1874.0,0.0,DOP,Units,,,,,,1874.0,2025-12-22,1874.0,PRICE_OK,0.0,KEEP,inv=1874.0@2025-12-22; master=1874.0,master aligned with recent commercial prices
1119,1119,Pintura Popular Esmalte GRIS ARENA 62,True,False,consu,True,True,2386.5,0.0,DOP,Units,Pinturas,,,,,,,,NO_SALES_HISTORY,,NO_ACTION,master=2386.5,"has master price, no quotation/sale/invoice lines"
418,418,Pintura Popular Esmalte GRIS PLATA,True,False,consu,True,True,2565.5,0.0,DOP,Units,Pinturas,,,,,,,,NO_SALES_HISTORY,,NO_ACTION,master=2565.5,"has master price, no quotation/sale/invoice lines"
207,207,Pintura Popular Ext-int PRO ARENA 23,True,False,consu,True,True,11932.5,0.0,DOP,Units,Pinturas,,,,,,,,NO_SALES_HISTORY,,NO_ACTION,master=11932.5,"has master price, no quotation/sale/invoice lines"
206,206,Pintura Popular Ext-int PRO BLANCO 50,True,False,consu,True,True,11932.5,0.0,DOP,Units,Pinturas,,,,,,,,NO_SALES_HISTORY,,NO_ACTION,master=11932.5,"has master price, no quotation/sale/invoice lines"
93,93,PINTURA PRO SEMIGLOSS (POP) PORCELANA 90 5 GL,True,False,consu,True,True,10958.99,0.0,DOP,Units,,,,,,10958.99,2025-12-22,10958.99,PRICE_OK,0.0,KEEP,inv=10958.99@2025-12-22; master=10958.99,master aligned with recent commercial prices
993,993,Pinturas Acrilicas General (dos Mano),True,False,consu,True,True,198.9,0.0,DOP,m²,Pinturas,,,,,,,,NO_SALES_HISTORY,,NO_ACTION,master=198.9,"has master price, no quotation/sale/invoice lines"
92,92,PINTURA SEMI CONTRACTOR BLANCO 00 1 GL,True,False,consu,True,True,2386.5,0.0,DOP,Units,,,,,,2386.5,2025-12-22,2386.5,PRICE_OK,0.0,KEEP,inv=2386.5@2025-12-22; master=2386.5,master aligned with recent commercial prices
90,90,PINTURA SEMI CONTRACTOR MARMOL 939 1 GL,True,False,consu,True,True,2386.5,0.0,DOP,Units,,,,,,2386.5,2025-12-22,2386.5,PRICE_OK,0.0,KEEP,inv=2386.5@2025-12-22; master=2386.5,master aligned with recent commercial prices
91,91,PINTURA SEMI CONTRACTOR MARMOL 939 5 GL,True,False,consu,True,True,8050.0,0.0,DOP,Units,,,,,,8050.0,2025-12-22,8050.0,PRICE_OK,0.0,KEEP,inv=8050.0@2025-12-22; master=8050.0,master aligned with recent commercial prices
1460,1460,Pintura Semi-gloss,True,False,consu,True,True,98992.0,0.0,DOP,Units,Pinturas,,,,,,,,NO_SALES_HISTORY,,NO_ACTION,master=98992.0,"has master price, no quotation/sale/invoice lines"
505,505,Pintura Semi-gloss (dos Manos),True,False,consu,True,True,250.0,0.0,DOP,m²,Pinturas,,,,,,,,NO_SALES_HISTORY,,NO_ACTION,master=250.0,"has master price, no quotation/sale/invoice lines"
233,233,Pintura Sherwin Williams DE 1/4 (SW 7558),True,False,consu,True,True,30663.1,0.0,DOP,Units,Pinturas,,,,,,,,NO_SALES_HISTORY,,NO_ACTION,master=30663.1,"has master price, no quotation/sale/invoice lines"
608,608,Pintura SPRAY ROJO CHINO 23 Scarlata Smartlife,True,False,consu,True,True,182.0,0.0,DOP,Units,Pinturas,,,,,,,,NO_SALES_HISTORY,,NO_ACTION,master=182.0,"has master price, no quotation/sale/invoice lines"
1340,1340,Pintura Trafico Amarillo,True,False,consu,True,True,2850.0,0.0,DOP,Units,Pinturas,,,,,,,,NO_SALES_HISTORY,,NO_ACTION,master=2850.0,"has master price, no quotation/sale/invoice lines"
1387,1387,Pintura Trafico Blanco,True,False,consu,True,True,2426.24,0.0,DOP,Units,Pinturas,,,,,,,,NO_SALES_HISTORY,,NO_ACTION,master=2426.24,"has master price, no quotation/sale/invoice lines"
1552,1552,Pintura Trafico Esmalte CANO,True,False,consu,True,True,1564.07,0.0,DOP,Units,Pinturas,,,,,,,,NO_SALES_HISTORY,,NO_ACTION,master=1564.07,"has master price, no quotation/sale/invoice lines"
89,89,PINTURA TRAFIC PAINT AMARILLO 1 GL,True,False,consu,True,True,3515.0,0.0,DOP,Units,,,,,,3515.0,2025-12-22,3515.0,PRICE_OK,0.0,KEEP,inv=3515.0@2025-12-22; master=3515.0,master aligned with recent commercial prices
208,208,Pintura Tropical Contractor NEGRO 53 Positivo,True,False,consu,True,True,10932.5,0.0,DOP,Units,Pinturas,,,,,,,,NO_SALES_HISTORY,,NO_ACTION,master=10932.5,"has master price, no quotation/sale/invoice lines"
447,447,Pinturatropical ULTRA Esmalte NEGRO MATE,True,False,consu,True,True,2565.5,0.0,DOP,Units,Pinturas,,,,,,,,NO_SALES_HISTORY,,NO_ACTION,master=2565.5,"has master price, no quotation/sale/invoice lines"
419,419,Pintura Tropical ULTRA Esmalte NEGRO MATE,True,False,consu,True,True,2565.5,0.0,DOP,Units,Pinturas,,,,,,,,NO_SALES_HISTORY,,NO_ACTION,master=2565.5,"has master price, no quotation/sale/invoice lines"
478,478,PINZA DE CORTE Diagonal 8,True,False,consu,True,True,680.9,0.0,DOP,Units,Ferretería,,,,,,,,NO_SALES_HISTORY,,NO_ACTION,master=680.9,"has master price, no quotation/sale/invoice lines"
539,539,PINZA DE CORTE PICO LARGO 8 10306 KENDO,True,False,consu,True,True,286.0,0.0,DOP,Units,Ferretería,,,,,,,,NO_SALES_HISTORY,,NO_ACTION,master=286.0,"has master price, no quotation/sale/invoice lines"
1495,1495,PINZA DE CORTE PUNTA LARGA 8'' 84-102 Stanley,True,False,consu,True,True,872.0,0.0,DOP,Units,Ferretería,,,,,,,,NO_SALES_HISTORY,,NO_ACTION,master=872.0,"has master price, no quotation/sale/invoice lines"
121,121,"PINZA DE CORTE PUNTA LARGA 8"" 84-102 STANLEY",True,False,consu,True,True,872.0,0.0,DOP,Units,,,,,,872.0,2025-12-22,872.0,PRICE_OK,0.0,KEEP,inv=872.0@2025-12-22; master=872.0,master aligned with recent commercial prices
1413,1413,"Pinza De Extencion 13""truper",True,False,consu,True,True,775.0,0.0,DOP,Units,Herramientas,,,,,,,,NO_SALES_HISTORY,,NO_ACTION,master=775.0,"has master price, no quotation/sale/invoice lines"
119,119,"PINZA DE EXTENSION 10"" TRUPER",True,False,consu,True,True,1350.0,0.0,DOP,Units,,,,,,1350.0,2025-12-22,1350.0,PRICE_OK,0.0,KEEP,inv=1350.0@2025-12-22; master=1350.0,master aligned with recent commercial prices
599,599,PINZA DE PUNTA 8 PRETUL 22627,True,False,consu,True,True,650.0,0.0,DOP,Units,Ferretería,,,,,,,,NO_SALES_HISTORY,,NO_ACTION,master=650.0,"has master price, no quotation/sale/invoice lines"
1044,1044,"PINZA DE PUNTA CURVA 6"" TRUPER 17337",True,False,consu,True,True,650.0,0.0,DOP,Units,Herramientas,,,,,,,,NO_SALES_HISTORY,,NO_ACTION,master=650.0,"has master price, no quotation/sale/invoice lines"
120,120,"PINZA LAGARTO 10"" TRUPER",True,False,consu,True,True,1385.0,0.0,DOP,Units,,,,,,1385.0,2025-12-22,1385.0,PRICE_OK,0.0,KEEP,inv=1385.0@2025-12-22; master=1385.0,master aligned with recent commercial prices
530,530,Pistola Mecanica PARA Sopletear PISO-1 TRUPER,True,False,consu,True,True,750.0,0.0,DOP,Units,Herramientas,,,,,,,,NO_SALES_HISTORY,,NO_ACTION,master=750.0,"has master price, no quotation/sale/invoice lines"
489,489,Pistola PARA PINTAR TRUPER COD.1900,True,False,consu,True,True,2890.0,0.0,DOP,Units,Herramientas,,,,,,,,NO_SALES_HISTORY,,NO_ACTION,master=2890.0,"has master price, no quotation/sale/invoice lines"
1515,1515,Pizarras DE TIZA PARA AULA 190 Cm X 120cm,True,False,consu,True,True,11440.68,0.0,DOP,Units,Ferretería,,,,,,,,NO_SALES_HISTORY,,NO_ACTION,master=11440.68,"has master price, no quotation/sale/invoice lines"
601,601,PLANA P/albañil 7'' 45204 KENDO,True,False,consu,True,True,212.0,0.0,DOP,Units,Ferretería,,,,,,,,NO_SALES_HISTORY,,NO_ACTION,master=212.0,"has master price, no quotation/sale/invoice lines"
1555,1555,Plancha DE ROPA A VAPOR Black&decker 1100 W,True,False,consu,True,True,2250.0,0.0,DOP,Units,Ferretería,,,,,,,,NO_SALES_HISTORY,,NO_ACTION,master=2250.0,"has master price, no quotation/sale/invoice lines"
1587,1587,Plancha DE ROPA A VAPOR Discovery HOME 1000W,True,False,consu,True,True,1646.1,0.0,DOP,Units,Ferretería,,,,,,,,NO_SALES_HISTORY,,NO_ACTION,master=1646.1,"has master price, no quotation/sale/invoice lines"
953,953,Plancha PLAFON PVC Machihembrado,True,False,consu,True,True,1750.0,0.0,DOP,Units,Plomería,,,,,,,,NO_SALES_HISTORY,,NO_ACTION,master=1750.0,"has master price, no quotation/sale/invoice lines"
423,423,Plancha Playwood DE 1/2,True,False,consu,True,True,2399.0,0.0,DOP,Units,Ferretería,,,,,,,,NO_SALES_HISTORY,,NO_ACTION,master=2399.0,"has master price, no quotation/sale/invoice lines"
1069,1069,Planchas DE Aluzinc DE 16,True,False,consu,True,True,3904.9,0.0,DOP,Units,Ferretería,,,,,,,,NO_SALES_HISTORY,,NO_ACTION,master=3904.9,"has master price, no quotation/sale/invoice lines"
1070,1070,Planchas DE Aluzinc DE 20,True,False,consu,True,True,4880.0,0.0,DOP,Units,Ferretería,,,,,,,,NO_SALES_HISTORY,,NO_ACTION,master=4880.0,"has master price, no quotation/sale/invoice lines"
1071,1071,Planchas DE Aluzinc DE 25,True,False,consu,True,True,5200.0,0.0,DOP,Units,Ferretería,,,,,,,,NO_SALES_HISTORY,,NO_ACTION,master=5200.0,"has master price, no quotation/sale/invoice lines"
166,166,PLANCHAS DE ALUZINC PARED CALIBRE 26 ( 1.00 X 2.50 MTS),True,False,consu,True,True,711.86,0.0,DOP,Units,,,,,,687.69,2026-08-21,687.69,PRICE_OK,3.51,KEEP,inv=687.69@2026-08-21; master=711.86,master aligned with recent commercial prices
1277,1277,Planchas DE Aluzinc TECHO- Calibre 26 ( 1.00 MTS X 4.50 ),True,False,consu,True,True,1423.73,0.0,DOP,Units,Ferretería,,,,,,,,NO_SALES_HISTORY,,NO_ACTION,master=1423.73,"has master price, no quotation/sale/invoice lines"
163,163,PLANCHAS DE ALUZINC TECHO - CALIBRE 26 ( 1.00 MTS X 4.50 ),True,False,consu,True,True,1060.76,0.0,DOP,Units,,,,,,1060.76,2026-08-21,1060.76,PRICE_OK,0.0,KEEP,inv=1060.76@2026-08-21; master=1060.76,master aligned with recent commercial prices
164,164,PLANCHAS DE ALUZINC TECHO - CALIBRE 26 ( 1.00 MTS X 5.00 MTS ),True,False,consu,True,True,1623.73,0.0,DOP,Units,,,,,,1623.73,2026-08-21,1623.73,PRICE_OK,0.0,KEEP,inv=1623.73@2026-08-21; master=1623.73,master aligned with recent commercial prices
165,165,PLANCHAS DE ALUZINC TECHO CALIBRE 26 ( 1.00 MTS X 6.20 MTS ),True,False,consu,True,True,1979.66,0.0,DOP,Units,,,,,,1979.66,2026-08-21,1979.66,PRICE_OK,0.0,KEEP,inv=1979.66@2026-08-21; master=1979.66,master aligned with recent commercial prices
1020,1020,Planchas DE ALUZIN DE 16,True,False,consu,True,True,4034.6,0.0,DOP,Units,Ferretería,,,,,,,,NO_SALES_HISTORY,,NO_ACTION,master=4034.6,"has master price, no quotation/sale/invoice lines"
1021,1021,Planchas DE ALUZIN DE 20,True,False,consu,True,True,5390.0,0.0,DOP,Units,Ferretería,,,,,,,,NO_SALES_HISTORY,,NO_ACTION,master=5390.0,"has master price, no quotation/sale/invoice lines"
1022,1022,Planchas DE ALUZIN DE 25,True,False,consu,True,True,5800.0,0.0,DOP,Units,Ferretería,,,,,,,,NO_SALES_HISTORY,,NO_ACTION,master=5800.0,"has master price, no quotation/sale/invoice lines"
634,634,Plancha Sheetrock,True,False,consu,True,True,650.0,0.0,DOP,Units,Ferretería,,,,,,,,NO_SALES_HISTORY,,NO_ACTION,master=650.0,"has master price, no quotation/sale/invoice lines"
136,136,"PLANCHUELA 2""X1/4""",True,False,consu,True,True,2700.0,0.0,DOP,Units,,,,,,2700.0,2025-12-22,2700.0,PRICE_OK,0.0,KEEP,inv=2700.0@2025-12-22; master=2700.0,master aligned with recent commercial prices
1504,1504,Planchuela 2''x1/4'',True,False,consu,True,True,2700.0,0.0,DOP,Units,Ferretería,,,,,,,,NO_SALES_HISTORY,,NO_ACTION,master=2700.0,"has master price, no quotation/sale/invoice lines"
1219,1219,Planchuela 2x1/4x20 -34 LBS,True,False,consu,True,True,3837.29,0.0,DOP,Units,Ferretería,,,,,,,,NO_SALES_HISTORY,,NO_ACTION,master=3837.29,"has master price, no quotation/sale/invoice lines"
176,176,Platea En Hormigon 210 Kg/cm2-h:0.10 Con Malla Electrosold. D2.3 20x20,True,False,consu,True,True,10000.0,0.0,DOP,Units,Construcción,,,,,,,,NO_SALES_HISTORY,,NO_ACTION,master=10000.0,"has master price, no quotation/sale/invoice lines"
1422,1422,Plato Foami Con Division 200/1,True,False,consu,True,True,14.0,0.0,DOP,Units,Ferretería,,,,,,,,NO_SALES_HISTORY,,NO_ACTION,master=14.0,"has master price, no quotation/sale/invoice lines"
779,779,Playwood 1/2 Ferremix,True,False,consu,True,True,1886.0,0.0,DOP,Units,Ferretería,,,,,,,,NO_SALES_HISTORY,,NO_ACTION,master=1886.0,"has master price, no quotation/sale/invoice lines"
273,273,Pliego De Lija #100 SILOX LIJA Esmeril,True,False,consu,True,True,60.0,0.0,DOP,Units,Ferretería,,,,,,,,NO_SALES_HISTORY,,NO_ACTION,master=60.0,"has master price, no quotation/sale/invoice lines"
276,276,Pliego De Lija #120 De Agua GRINCO,True,False,consu,True,True,125.0,0.0,DOP,Units,Ferretería,,,,,,,,NO_SALES_HISTORY,,NO_ACTION,master=125.0,"has master price, no quotation/sale/invoice lines"
274,274,Pliego De Lija #120 SILOX LIJA Esmeril,True,False,consu,True,True,60.0,0.0,DOP,Units,Ferretería,,,,,,,,NO_SALES_HISTORY,,NO_ACTION,master=60.0,"has master price, no quotation/sale/invoice lines"
277,277,Pliego De Lija #220 De Agua GRINCO,True,False,consu,True,True,130.0,0.0,DOP,Units,Ferretería,,,,,,,,NO_SALES_HISTORY,,NO_ACTION,master=130.0,"has master price, no quotation/sale/invoice lines"
275,275,Pliego De Lija #240 SILOX LIJA Esmeril,True,False,consu,True,True,60.0,0.0,DOP,Units,Ferretería,,,,,,,,NO_SALES_HISTORY,,NO_ACTION,master=60.0,"has master price, no quotation/sale/invoice lines"
271,271,Pliego De Lija #60 SILOX LIJA Esmeril,True,False,consu,True,True,60.0,0.0,DOP,Units,Ferretería,,,,,,,,NO_SALES_HISTORY,,NO_ACTION,master=60.0,"has master price, no quotation/sale/invoice lines"
272,272,Pliego De Lija #80 SILOX LIJA Esmeril,True,False,consu,True,True,60.0,0.0,DOP,Units,Ferretería,,,,,,,,NO_SALES_HISTORY,,NO_ACTION,master=60.0,"has master price, no quotation/sale/invoice lines"
464,464,PLIEGO DE LIJA Esmeril NORTON #100,True,False,consu,True,True,68.5,0.0,DOP,Units,Ferretería,,,,,,,,NO_SALES_HISTORY,,NO_ACTION,master=68.5,"has master price, no quotation/sale/invoice lines"
523,523,PLIEGO DE LIJA Esmeril NORTON #120,True,False,consu,True,True,68.5,0.0,DOP,Units,Ferretería,,,,,,,,NO_SALES_HISTORY,,NO_ACTION,master=68.5,"has master price, no quotation/sale/invoice lines"
522,522,PLIEGO DE LIJA Esmeril NORTON #60,True,False,consu,True,True,68.5,0.0,DOP,Units,Ferretería,,,,,,,,NO_SALES_HISTORY,,NO_ACTION,master=68.5,"has master price, no quotation/sale/invoice lines"
251,251,Pl Mdf 1/2 Hidrofugo Brazil Duratex,True,False,consu,True,True,2550.0,0.0,DOP,Units,Ferretería,,,,,,,,NO_SALES_HISTORY,,NO_ACTION,master=2550.0,"has master price, no quotation/sale/invoice lines"
449,449,PL MDF 3/8 Hidrofugo BRAZIL,True,False,consu,True,True,2380.0,0.0,DOP,Units,Ferretería,,,,,,,,NO_SALES_HISTORY,,NO_ACTION,master=2380.0,"has master price, no quotation/sale/invoice lines"
677,677,PL Plywood 1/2 PINO,True,False,consu,True,True,2725.0,0.0,DOP,Units,Construcción,,,,,,,,NO_SALES_HISTORY,,NO_ACTION,master=2725.0,"has master price, no quotation/sale/invoice lines"
450,450,PL Plywood 1/2 PINO S/CARA,True,False,consu,True,True,2450.0,0.0,DOP,Units,Construcción,,,,,,,,NO_SALES_HISTORY,,NO_ACTION,master=2450.0,"has master price, no quotation/sale/invoice lines"
678,678,PL Plywood 3/8 PINO,True,False,consu,True,True,1860.0,0.0,DOP,Units,Construcción,,,,,,,,NO_SALES_HISTORY,,NO_ACTION,master=1860.0,"has master price, no quotation/sale/invoice lines"
451,451,PL Plywood 3/8 PINO S/CARA,True,False,consu,True,True,1895.0,0.0,DOP,Units,Construcción,,,,,,,,NO_SALES_HISTORY,,NO_ACTION,master=1895.0,"has master price, no quotation/sale/invoice lines"
867,867,Ply-mel MDP HDR Teca Limo SW 6x8-18mm(3/4),True,False,consu,True,True,11590.37,0.0,DOP,Units,Ferretería,,,,,,,,NO_SALES_HISTORY,,NO_ACTION,master=11590.37,"has master price, no quotation/sale/invoice lines"
1319,1319,POLLO ENTERO Descongelado,True,9,consu,True,True,150.0,0.0,DOP,Units,Carnes,,,,,,,,NO_SALES_HISTORY,,NO_ACTION,master=150.0,"has master price, no quotation/sale/invoice lines"
1322,1322,Poncherita Pequeña,True,False,consu,True,True,1000.0,0.0,DOP,Units,Ferretería,,,,,,,,NO_SALES_HISTORY,,NO_ACTION,master=1000.0,"has master price, no quotation/sale/invoice lines"
1098,1098,Popular LACA Natural BRILLO,True,False,consu,True,True,1460.0,0.0,DOP,Units,Ferretería,,,,,,,,NO_SALES_HISTORY,,NO_ACTION,master=1460.0,"has master price, no quotation/sale/invoice lines"
195,195,Porcelanato 60x60,True,False,consu,True,True,2450.55,0.0,DOP,m²,Ferretería,,,,,,,,NO_SALES_HISTORY,,NO_ACTION,master=2450.55,"has master price, no quotation/sale/invoice lines"
172,172,Porcelanato 60x60 Español,True,False,consu,True,True,1650.0,0.0,DOP,m²,Ferretería,,,,,,,,NO_SALES_HISTORY,,NO_ACTION,master=1650.0,"has master price, no quotation/sale/invoice lines"
1175,1175,Porcelanato 60X60 LISO COLOR CREMA ANTI MANCHA,True,False,consu,True,True,1150.0,0.0,DOP,m,Ferretería,,,,,,,,NO_SALES_HISTORY,,NO_ACTION,master=1150.0,"has master price, no quotation/sale/invoice lines"
75,75,PORTAROLLO C/CUBIERTA FOSTER AQA,True,False,consu,True,True,984.0,0.0,DOP,Units,,,,,,984.0,2025-12-22,984.0,PRICE_OK,0.0,KEEP,inv=984.0@2025-12-22; master=984.0,master aligned with recent commercial prices
664,664,PORTA ROLO,True,False,consu,True,True,340.0,0.0,DOP,Units,Ferretería,,,,,,,,NO_SALES_HISTORY,,NO_ACTION,master=340.0,"has master price, no quotation/sale/invoice lines"
1203,1203,PORTA ROLO 9 Profesional LANCO,True,False,consu,True,True,195.3,0.0,DOP,Units,Ferretería,,,,,,,,NO_SALES_HISTORY,,NO_ACTION,master=195.3,"has master price, no quotation/sale/invoice lines"
763,763,PORTA ROLO CANO Reforzado,True,False,consu,True,True,335.0,0.0,DOP,Units,Ferretería,,,,,,,,NO_SALES_HISTORY,,NO_ACTION,master=335.0,"has master price, no quotation/sale/invoice lines"
127,127,PORTA ROLO LANCO HEAVY DUTY ROLLER FRAME,True,False,consu,True,True,608.48,0.0,DOP,Units,,,,,,608.48,2025-12-22,608.48,PRICE_OK,0.0,KEEP,inv=608.48@2025-12-22; master=608.48,master aligned with recent commercial prices
600,600,PORTA ROLO PA-576-19 LANCO,True,False,consu,True,True,225.0,0.0,DOP,Units,Ferretería,,,,,,,,NO_SALES_HISTORY,,NO_ACTION,master=225.0,"has master price, no quotation/sale/invoice lines"
240,240,PORTA ROLO PINTAR SML,True,False,consu,True,True,220.0,0.0,DOP,Units,Ferretería,,,,,,,,NO_SALES_HISTORY,,NO_ACTION,master=220.0,"has master price, no quotation/sale/invoice lines"
1102,1102,PORTA ROLO Refolsado TRUPER,True,False,consu,True,True,225.0,0.0,DOP,Units,Herramientas,,,,,,,,NO_SALES_HISTORY,,NO_ACTION,master=225.0,"has master price, no quotation/sale/invoice lines"
1345,1345,"Porta Rolo Reforzado Negro 9""",True,False,consu,True,True,320.0,0.0,DOP,Units,Ferretería,,,,,,,,NO_SALES_HISTORY,,NO_ACTION,master=320.0,"has master price, no quotation/sale/invoice lines"
1281,1281,Post-in 3X3 TALBOT,True,False,consu,True,True,28.0,0.0,DOP,Units,Ferretería,,,,,,,,NO_SALES_HISTORY,,NO_ACTION,master=28.0,"has master price, no quotation/sale/invoice lines"
1431,1431,Post-it Amarillos,True,False,consu,True,True,530.0,0.0,DOP,Units,Ferretería,,,,,,,,NO_SALES_HISTORY,,NO_ACTION,master=530.0,"has master price, no quotation/sale/invoice lines"
349,349,Post-it Amarillos 12/1,True,False,consu,True,True,590.0,0.0,DOP,Units,Ferretería,,,,,,,,NO_SALES_HISTORY,,NO_ACTION,master=590.0,"has master price, no quotation/sale/invoice lines"
1432,1432,Post-it DE Colores,True,False,consu,True,True,530.0,0.0,DOP,Units,Ferretería,,,,,,,,NO_SALES_HISTORY,,NO_ACTION,master=530.0,"has master price, no quotation/sale/invoice lines"
350,350,Post-it DE Colores 12/1,True,False,consu,True,True,590.0,0.0,DOP,Units,Ferretería,,,,,,,,NO_SALES_HISTORY,,NO_ACTION,master=590.0,"has master price, no quotation/sale/invoice lines"
1364,1364,Power Pack,True,False,consu,True,True,610.05,0.0,DOP,Units,Ferretería,,,,,,,,NO_SALES_HISTORY,,NO_ACTION,master=610.05,"has master price, no quotation/sale/invoice lines"
1476,1476,POWER RIDER 2 Tiempos,True,False,consu,True,True,1413.0,0.0,DOP,Units,Ferretería,,,,,,,,NO_SALES_HISTORY,,NO_ACTION,master=1413.0,"has master price, no quotation/sale/invoice lines"
1477,1477,POWER RIDER 4 Tiempos 10W-30,True,False,consu,True,True,1585.0,0.0,DOP,Units,Ferretería,,,,,,,,NO_SALES_HISTORY,,NO_ACTION,master=1585.0,"has master price, no quotation/sale/invoice lines"
949,949,POWER ROYAL Breaker Europeo 2P 20 AMP C20,True,False,consu,True,True,600.0,0.0,DOP,Units,Material eléctrico,,,,,,,,NO_SALES_HISTORY,,NO_ACTION,master=600.0,"has master price, no quotation/sale/invoice lines"
1332,1332,"Power Supplay Dc 12 Volt 90-260 Volt 60 Hz, Con Bateria De 12 V. 4amp H.",True,False,consu,True,True,4850.0,0.0,DOP,Units,Ferretería,,,,,,,,NO_SALES_HISTORY,,NO_ACTION,master=4850.0,"has master price, no quotation/sale/invoice lines"
455,455,PRIMER PARA MADERA BLANCO /relleno POWER RIDER 2014,True,False,consu,True,True,3798.0,0.0,DOP,Units,Ferretería,,,,,,,,NO_SALES_HISTORY,,NO_ACTION,master=3798.0,"has master price, no quotation/sale/invoice lines"
255,255,Primer Para Madera Blanco /relleno POWER RIDER 2014 GL,True,False,consu,True,True,3750.0,0.0,DOP,Units,Ferretería,,,,,,,,NO_SALES_HISTORY,,NO_ACTION,master=3750.0,"has master price, no quotation/sale/invoice lines"
759,759,PRIMER P/LONA Asfaltica,True,False,consu,True,True,2380.5,0.0,DOP,Units,Ferretería,,,,,,,,NO_SALES_HISTORY,,NO_ACTION,master=2380.5,"has master price, no quotation/sale/invoice lines"
1092,1092,Proteccion Auditiva TRUPER,True,False,consu,True,True,1050.0,0.0,DOP,Units,Herramientas,,,,,,,,NO_SALES_HISTORY,,NO_ACTION,master=1050.0,"has master price, no quotation/sale/invoice lines"
493,493,Proteccion Auditiva TRUPER 14257,True,False,consu,True,True,996.0,0.0,DOP,Units,Herramientas,,,,,,,,NO_SALES_HISTORY,,NO_ACTION,master=996.0,"has master price, no quotation/sale/invoice lines"
472,472,Protector Auditivo 100/1,True,False,consu,True,True,7890.0,0.0,DOP,Units,Ferretería,,,,,,,,NO_SALES_HISTORY,,NO_ACTION,master=7890.0,"has master price, no quotation/sale/invoice lines"
495,495,Puerta Comercial 2.10X2 M Con Dintel Y Panos Fijo Laterales,True,False,consu,True,True,125800.0,0.0,DOP,Units,Ferretería,,,,,,,,NO_SALES_HISTORY,,NO_ACTION,master=125800.0,"has master price, no quotation/sale/invoice lines"
1010,1010,PUERTA Comercial TRAD. LBCO C/ VID. LISO 1/4 CLARO 100 0/0 X 191 0/0 Pulgds,True,False,consu,True,True,27459.0,0.0,DOP,Units,Ferretería,,,,,,,,NO_SALES_HISTORY,,NO_ACTION,master=27459.0,"has master price, no quotation/sale/invoice lines"
424,424,PUERTA DE Polimetal BLANCA 0.90 X 2.10M,True,False,consu,True,True,18745.0,0.0,DOP,Units,Ferretería,,,,,,,,NO_SALES_HISTORY,,NO_ACTION,master=18745.0,"has master price, no quotation/sale/invoice lines"
496,496,Puerta Polimetal 2.10x0.90 M,True,False,consu,True,True,20000.0,0.0,DOP,Units,Ferretería,,,,,,,,NO_SALES_HISTORY,,NO_ACTION,master=20000.0,"has master price, no quotation/sale/invoice lines"
602,602,Pulidora 4 1/2 - 1 000W STGS1011 Stanley,True,False,consu,True,True,4512.0,0.0,DOP,Units,Ferretería,,,,,,,,NO_SALES_HISTORY,,NO_ACTION,master=4512.0,"has master price, no quotation/sale/invoice lines"
361,361,Pulidora 41/2 TRUPER 16452,True,False,consu,True,True,7650.0,0.0,DOP,Units,Herramientas,,,,,,,,NO_SALES_HISTORY,,NO_ACTION,master=7650.0,"has master price, no quotation/sale/invoice lines"
362,362,Pulidora 41/2 TRUPER GRANDE,True,False,consu,True,True,26880.0,0.0,DOP,Units,Herramientas,,,,,,,,NO_SALES_HISTORY,,NO_ACTION,master=26880.0,"has master price, no quotation/sale/invoice lines"
395,395,Pulidora Angular Stanley 9'' (2200w) 110-120V,True,False,consu,True,True,8855.93,0.0,DOP,Units,Ferretería,,,,,,,,NO_SALES_HISTORY,,NO_ACTION,master=8855.93,"has master price, no quotation/sale/invoice lines"
394,394,Pulidora Stanley 7'' (180mm) 110-120V,True,False,consu,True,True,6421.19,0.0,DOP,Units,Ferretería,,,,,,,,NO_SALES_HISTORY,,NO_ACTION,master=6421.19,"has master price, no quotation/sale/invoice lines"
1094,1094,"PUNTA PARA DES #2 2"" 5/1",True,False,consu,True,True,275.55,0.0,DOP,Units,Ferretería,,,,,,,,NO_SALES_HISTORY,,NO_ACTION,master=275.55,"has master price, no quotation/sale/invoice lines"
700,700,"PUNTA PARA DES #2 2"" TRUPER 5/1",True,False,consu,True,True,324.0,0.0,DOP,Units,Herramientas,,,,,,,,NO_SALES_HISTORY,,NO_ACTION,master=324.0,"has master price, no quotation/sale/invoice lines"
1414,1414,"Punta Para Des #2 2""truper 5/1 Cod.12147",True,False,consu,True,True,275.0,0.0,DOP,Units,Herramientas,,,,,,,,NO_SALES_HISTORY,,NO_ACTION,master=275.0,"has master price, no quotation/sale/invoice lines"
477,477,"PUNTA PARA DES #2 2"" TRUPER 5/1 COD.12147",True,False,consu,True,True,255.75,0.0,DOP,Units,Herramientas,,,,,,,,NO_SALES_HISTORY,,NO_ACTION,master=255.75,"has master price, no quotation/sale/invoice lines"
1093,1093,"PUNTA P/ DES. #3 2"" 5/1",True,False,consu,True,True,299.9,0.0,DOP,Units,Ferretería,,,,,,,,NO_SALES_HISTORY,,NO_ACTION,master=299.9,"has master price, no quotation/sale/invoice lines"
699,699,"PUNTA P/ DES. #3 2"" 5/1 TRUPER",True,False,consu,True,True,312.15,0.0,DOP,Units,Herramientas,,,,,,,,NO_SALES_HISTORY,,NO_ACTION,master=312.15,"has master price, no quotation/sale/invoice lines"
476,476,"PUNTA P/ DES. #3 2"" 5/1 TRUPER COD.12149",True,False,consu,True,True,275.19,0.0,DOP,Units,Herramientas,,,,,,,,NO_SALES_HISTORY,,NO_ACTION,master=275.19,"has master price, no quotation/sale/invoice lines"
873,873,Punta Ph 2 X 50mm - Bianditz 239202,True,False,consu,True,True,85.37,0.0,DOP,Units,Ferretería,,,,,,,,NO_SALES_HISTORY,,NO_ACTION,master=85.37,"has master price, no quotation/sale/invoice lines"
874,874,Punta Ph 2 X 75mm - Bianditz 240205,True,False,consu,True,True,350.55,0.0,DOP,Units,Ferretería,,,,,,,,NO_SALES_HISTORY,,NO_ACTION,master=350.55,"has master price, no quotation/sale/invoice lines"
33,33,RAMPA DE ACCESO A EXCAVACION CUADRANTE #2,True,False,service,True,False,65415.0,0.0,DOP,Units,,,,,,65415.0,2026-04-25,65415.0,PRICE_OK,0.0,KEEP,inv=65415.0@2026-04-25; master=65415.0,master aligned with recent commercial prices
169,169,Rampa En Hormigon 210 Kg/cm2-h:0.20 Con Malla Electrosoldada,True,False,consu,True,True,10500.0,0.0,DOP,Units,Construcción,,,,,,,,NO_SALES_HISTORY,,NO_ACTION,master=10500.0,"has master price, no quotation/sale/invoice lines"
603,603,Rastrillo DE Asfalto PRETUL,True,False,consu,True,True,885.0,0.0,DOP,Units,Ferretería,,,,,,,,NO_SALES_HISTORY,,NO_ACTION,master=885.0,"has master price, no quotation/sale/invoice lines"
410,410,Rastrillo Plastico,True,False,consu,True,True,966.0,0.0,DOP,Units,Ferretería,,,,,,,,NO_SALES_HISTORY,,NO_ACTION,master=966.0,"has master price, no quotation/sale/invoice lines"
1262,1262,Recogedores DE BASURA PALITA REINA,True,False,consu,True,True,100.0,0.0,DOP,Units,Ferretería,,,,,,,,NO_SALES_HISTORY,,NO_ACTION,master=100.0,"has master price, no quotation/sale/invoice lines"
409,409,Recogedor Plastico,True,False,consu,True,True,348.0,0.0,DOP,Units,Ferretería,,,,,,,,NO_SALES_HISTORY,,NO_ACTION,master=348.0,"has master price, no quotation/sale/invoice lines"
798,798,Reduccion Bushing PVC 2'' X11/2'',True,False,consu,True,True,59.0,0.0,DOP,Units,Plomería,,,,,,,,NO_SALES_HISTORY,,NO_ACTION,master=59.0,"has master price, no quotation/sale/invoice lines"
715,715,"Reduccion PVC 1/2 X 3/4""",True,False,consu,True,True,28.0,0.0,DOP,Units,Plomería,,,,,,,,NO_SALES_HISTORY,,NO_ACTION,master=28.0,"has master price, no quotation/sale/invoice lines"
714,714,"Reduccion PVC 1 X 3/4""",True,False,consu,True,True,30.0,0.0,DOP,Units,Plomería,,,,,,,,NO_SALES_HISTORY,,NO_ACTION,master=30.0,"has master price, no quotation/sale/invoice lines"
813,813,Reduccion PVC 2x11/2'',True,False,consu,True,True,65.0,0.0,DOP,Units,Plomería,,,,,,,,NO_SALES_HISTORY,,NO_ACTION,master=65.0,"has master price, no quotation/sale/invoice lines"
904,904,Reetructuracion Pasamanos DE ACERO Inoxidable EN RAMPAS Y Escalones,True,False,consu,True,True,65000.0,0.0,DOP,Units,Ferretería,,,,,,,,NO_SALES_HISTORY,,NO_ACTION,master=65000.0,"has master price, no quotation/sale/invoice lines"
432,432,Reflector LED 50W,True,False,consu,True,True,3425.0,0.0,DOP,Units,Material eléctrico,,,,,,,,NO_SALES_HISTORY,,NO_ACTION,master=3425.0,"has master price, no quotation/sale/invoice lines"
1372,1372,Refrigerante R-22 30 Lb,True,False,consu,True,True,8500.98,0.0,DOP,Units,Ferretería,,,,,,,,NO_SALES_HISTORY,,NO_ACTION,master=8500.98,"has master price, no quotation/sale/invoice lines"
1366,1366,Refrigerante R404 24 Lb,True,False,consu,True,True,23000.0,0.0,DOP,Units,Ferretería,,,,,,,,NO_SALES_HISTORY,,NO_ACTION,master=23000.0,"has master price, no quotation/sale/invoice lines"
1371,1371,Refrigerante R-410 25lb,True,False,consu,True,True,22000.0,0.0,DOP,Units,Ferretería,,,,,,,,NO_SALES_HISTORY,,NO_ACTION,master=22000.0,"has master price, no quotation/sale/invoice lines"
884,884,Registro 12 X 12 X 4 NEMA 1,True,False,consu,True,True,1050.0,0.0,DOP,Units,Ferretería,,,,,,,,NO_SALES_HISTORY,,NO_ACTION,master=1050.0,"has master price, no quotation/sale/invoice lines"
791,791,"Rejilla P/PISO Decorativa 11/2""",True,False,consu,True,True,510.0,0.0,DOP,Units,Ferretería,,,,,,,,NO_SALES_HISTORY,,NO_ACTION,master=510.0,"has master price, no quotation/sale/invoice lines"
1328,1328,Remozamiento De RAMPA Y Descanso DE Escalera DE Granito PULIDO,True,False,consu,True,True,185000.0,0.0,DOP,Units,Ferretería,,,,,,,,NO_SALES_HISTORY,,NO_ACTION,master=185000.0,"has master price, no quotation/sale/invoice lines"
1298,1298,Resaltadores VARIOS Colores Blister,True,False,consu,True,True,415.0,0.0,DOP,Units,Ferretería,,,,,,,,NO_SALES_HISTORY,,NO_ACTION,master=415.0,"has master price, no quotation/sale/invoice lines"
979,979,Resane De Grieta En Entrada,True,False,consu,True,True,378.9,0.0,DOP,m²,Ferretería,,,,,,,,NO_SALES_HISTORY,,NO_ACTION,master=378.9,"has master price, no quotation/sale/invoice lines"
197,197,Resane De Pared Y Hueco En Distribucion Red Agua Potable,True,False,consu,True,True,65455.0,0.0,DOP,Units,Ferretería,,,,,,,,NO_SALES_HISTORY,,NO_ACTION,master=65455.0,"has master price, no quotation/sale/invoice lines"
875,875,Resbalardores Blanco/negro C/goma 1,True,False,consu,True,True,10.77,0.0,DOP,Units,Neumáticos,,,,,,,,NO_SALES_HISTORY,,NO_ACTION,master=10.77,"has master price, no quotation/sale/invoice lines"
1320,1320,RES Deshuesada,True,9,consu,True,True,270.0,0.0,DOP,Units,Carnes,,,,,,,,NO_SALES_HISTORY,,NO_ACTION,master=270.0,"has master price, no quotation/sale/invoice lines"
1182,1182,"RESMA DE PAPEL ABBY TAMAÑO CARTA Calibre 20, 8 1/2 * 11",True,False,consu,True,True,570.0,0.0,DOP,Units,Oficina,,,,,,,,NO_SALES_HISTORY,,NO_ACTION,master=570.0,"has master price, no quotation/sale/invoice lines"
914,914,"Resma De Papel Abby Tamaño Carta Calibre 20, 8 1/2 * 11 Pulgadas.",True,False,consu,True,True,460.0,0.0,DOP,Units,Oficina,,,,,,,,NO_SALES_HISTORY,,NO_ACTION,master=460.0,"has master price, no quotation/sale/invoice lines"
915,915,"Resma De Papel Abby Tamaño Carta Calibre 20, 8 1/2 * 14 Pulgadas.",True,False,consu,True,True,545.0,0.0,DOP,Units,Oficina,,,,,,,,NO_SALES_HISTORY,,NO_ACTION,master=545.0,"has master price, no quotation/sale/invoice lines"
1438,1438,RESMA DE PAPEL BOND ABBY 8 1/2 X 11*,True,False,consu,True,True,30.0,0.0,DOP,Units,Oficina,,,,,,,,NO_SALES_HISTORY,,NO_ACTION,master=30.0,"has master price, no quotation/sale/invoice lines"
16,16,RESMA DE PAPEL BOND INFOPRINT 8.5x11 500/1,True,False,consu,True,True,362.63,0.0,DOP,Units,,,,,,362.63,2026-06-22,362.63,PRICE_OK,0.0,KEEP,inv=362.63@2026-06-22; master=362.63,master aligned with recent commercial prices
345,345,RESMA DE PAPEL Ofi-nota 8 1/2 X11,True,False,consu,True,True,594.0,0.0,DOP,Units,Oficina,,,,,,,,NO_SALES_HISTORY,,NO_ACTION,master=594.0,"has master price, no quotation/sale/invoice lines"
1315,1315,RES MOLIDA,True,9,consu,True,True,230.0,0.0,DOP,Units,Carnes,,,,,,,,NO_SALES_HISTORY,,NO_ACTION,master=230.0,"has master price, no quotation/sale/invoice lines"
1095,1095,Retardador Popular,True,False,consu,True,True,1435.87,0.0,DOP,Units,Ferretería,,,,,,,,NO_SALES_HISTORY,,NO_ACTION,master=1435.87,"has master price, no quotation/sale/invoice lines"
454,454,Retardador Tropical,True,False,consu,True,True,2600.0,0.0,DOP,Units,Ferretería,,,,,,,,NO_SALES_HISTORY,,NO_ACTION,master=2600.0,"has master price, no quotation/sale/invoice lines"
680,680,Retardador Tropical TODO USO,True,False,consu,True,True,2456.0,0.0,DOP,Units,Ferretería,,,,,,,,NO_SALES_HISTORY,,NO_ACTION,master=2456.0,"has master price, no quotation/sale/invoice lines"
191,191,Rodamiento C-6206 Z DE ALTA Temperatura SKF,True,False,consu,True,True,5000.0,0.0,DOP,Units,Ferretería,,,,,,,,NO_SALES_HISTORY,,NO_ACTION,master=5000.0,"has master price, no quotation/sale/invoice lines"
1467,1467,ROJO Positivo Pintura Acrilica,True,False,consu,True,True,11630.8,0.0,DOP,Units,Pinturas,,,,,,,,NO_SALES_HISTORY,,NO_ACTION,master=11630.8,"has master price, no quotation/sale/invoice lines"
1109,1109,ROJO Positivo Pintura Acrilica Popular,True,False,consu,True,True,11790.13,0.0,DOP,Units,Pinturas,,,,,,,,NO_SALES_HISTORY,,NO_ACTION,master=11790.13,"has master price, no quotation/sale/invoice lines"
1354,1354,Rollo De Estaño 60/40,True,False,consu,True,True,850.0,0.0,DOP,Units,Ferretería,,,,,,,,NO_SALES_HISTORY,,NO_ACTION,master=850.0,"has master price, no quotation/sale/invoice lines"
1249,1249,ROLLOS DE PAPEL Higienico JUMBO JUNIOR JF,True,False,consu,True,True,65.0,0.0,DOP,Units,Oficina,,,,,,,,NO_SALES_HISTORY,,NO_ACTION,master=65.0,"has master price, no quotation/sale/invoice lines"
1250,1250,ROLLOS DE PAPEL TOALLA,True,False,consu,True,True,145.0,0.0,DOP,Units,Oficina,,,,,,,,NO_SALES_HISTORY,,NO_ACTION,master=145.0,"has master price, no quotation/sale/invoice lines"
1452,1452,ROLLOS Plastico P/paletizar 18,True,False,consu,True,True,800.0,0.0,DOP,Units,Ferretería,,,,,,,,NO_SALES_HISTORY,,NO_ACTION,master=800.0,"has master price, no quotation/sale/invoice lines"
1446,1446,ROLO Antigota 4'',True,False,consu,True,True,245.0,0.0,DOP,Units,Ferretería,,,,,,,,NO_SALES_HISTORY,,NO_ACTION,master=245.0,"has master price, no quotation/sale/invoice lines"
420,420,Rondana DE 3'',True,False,consu,True,True,800.0,0.0,DOP,Units,Ferretería,,,,,,,,NO_SALES_HISTORY,,NO_ACTION,master=800.0,"has master price, no quotation/sale/invoice lines"
202,202,Roseta Porcelana Leviton,True,False,consu,True,True,325.0,0.0,DOP,Units,Ferretería,,,,,,,,NO_SALES_HISTORY,,NO_ACTION,master=325.0,"has master price, no quotation/sale/invoice lines"
342,342,ROSETA Porselana Leviton,True,False,consu,True,True,230.0,0.0,DOP,Units,Ferretería,,,,,,,,NO_SALES_HISTORY,,NO_ACTION,master=230.0,"has master price, no quotation/sale/invoice lines"
729,729,ROST OFF SPRAY 300 ML WURTH,True,False,consu,True,True,690.0,0.0,DOP,Units,Ferretería,,,,,,,,NO_SALES_HISTORY,,NO_ACTION,master=690.0,"has master price, no quotation/sale/invoice lines"
1479,1479,Rotomartillo SDS MAX 1050 W,True,False,consu,True,True,87340.8,0.0,DOP,Units,Herramientas,,,,,,,,NO_SALES_HISTORY,,NO_ACTION,master=87340.8,"has master price, no quotation/sale/invoice lines"
743,743,Rotomartillo SDS MAX 1050 W 1 9 / 16 DEWALT,True,False,consu,True,True,85025.76,0.0,DOP,Units,Herramientas,,,,,,,,NO_SALES_HISTORY,,NO_ACTION,master=85025.76,"has master price, no quotation/sale/invoice lines"
1480,1480,Rotomartillo SDS PLUS 800 W,True,False,consu,True,True,24985.96,0.0,DOP,Units,Herramientas,,,,,,,,NO_SALES_HISTORY,,NO_ACTION,master=24985.96,"has master price, no quotation/sale/invoice lines"
744,744,Rotomartillo SDS PLUS 800 W DEWALT,True,False,consu,True,True,25193.22,0.0,DOP,Units,Herramientas,,,,,,,,NO_SALES_HISTORY,,NO_ACTION,master=25193.22,"has master price, no quotation/sale/invoice lines"
628,628,Rotulos DE CALLE,True,False,consu,True,True,2400.0,0.0,DOP,Units,Ferretería,,,,,,,,NO_SALES_HISTORY,,NO_ACTION,master=2400.0,"has master price, no quotation/sale/invoice lines"
854,854,Saca Grapas,True,False,consu,True,True,50.0,0.0,DOP,Units,Ferretería,,,,,,,,NO_SALES_HISTORY,,NO_ACTION,master=50.0,"has master price, no quotation/sale/invoice lines"
919,919,"Sacagrapas Artesco Con Mango Plástico Ergonómico, Con Seguro Para Mantenerlo Plegado",True,False,consu,True,True,70.0,0.0,DOP,Units,Ferretería,,,,,,,,NO_SALES_HISTORY,,NO_ACTION,master=70.0,"has master price, no quotation/sale/invoice lines"
1294,1294,SACA GRAPA STD NUSTAR NEGRO,True,False,consu,True,True,27.0,0.0,DOP,Units,Ferretería,,,,,,,,NO_SALES_HISTORY,,NO_ACTION,master=27.0,"has master price, no quotation/sale/invoice lines"
1131,1131,Sacapunta,True,False,consu,True,True,6.0,0.0,DOP,Units,Ferretería,,,,,,,,NO_SALES_HISTORY,,NO_ACTION,master=6.0,"has master price, no quotation/sale/invoice lines"
928,928,Sacapunta Electrico Bostitch,True,False,consu,True,True,1990.0,0.0,DOP,Units,Ferretería,,,,,,,,NO_SALES_HISTORY,,NO_ACTION,master=1990.0,"has master price, no quotation/sale/invoice lines"
927,927,Saca Puntas Manual De Metal,True,False,consu,True,True,390.0,0.0,DOP,Units,Ferretería,,,,,,,,NO_SALES_HISTORY,,NO_ACTION,master=390.0,"has master price, no quotation/sale/invoice lines"
1033,1033,SACO NUEVO DE 45X74 CM,True,False,consu,True,True,30.0,0.0,DOP,Units,Ferretería,,,,,,,,NO_SALES_HISTORY,,NO_ACTION,master=30.0,"has master price, no quotation/sale/invoice lines"
388,388,SACOS 45X74 CM,True,False,consu,True,True,35.0,0.0,DOP,Units,Ferretería,,,,,,,,NO_SALES_HISTORY,,NO_ACTION,master=35.0,"has master price, no quotation/sale/invoice lines"
1527,1527,Salchichas DE CERDO JAJA 10 OZ 24/1,True,False,consu,True,True,1292.0,0.0,DOP,Units,Ferretería,,,,,,,,NO_SALES_HISTORY,,NO_ACTION,master=1292.0,"has master price, no quotation/sale/invoice lines"
225,225,SALIDA Cenital (roseta Porcelana Leviton),True,False,consu,True,True,230.0,0.0,DOP,Units,Ferretería,,,,,,,,NO_SALES_HISTORY,,NO_ACTION,master=230.0,"has master price, no quotation/sale/invoice lines"
1533,1533,SAL MARINA MOLIDA Refisal FDA 1LB 25/1,True,False,consu,True,True,260.0,0.0,DOP,Units,Ferretería,,,,,,,,NO_SALES_HISTORY,,NO_ACTION,master=260.0,"has master price, no quotation/sale/invoice lines"
683,683,Sanding SEALER Tropical,True,False,consu,True,True,2118.0,0.0,DOP,Units,Ferretería,,,,,,,,NO_SALES_HISTORY,,NO_ACTION,master=2118.0,"has master price, no quotation/sale/invoice lines"
1526,1526,Sardinas EN ACEITE AGUSTO 125 GR 24/1,True,False,consu,True,True,1053.89,0.0,DOP,Units,Ferretería,,,,,,,,NO_SALES_HISTORY,,NO_ACTION,master=1053.89,"has master price, no quotation/sale/invoice lines"
1530,1530,SAZON EN POLVO Constanza 8OZ 24/1,True,False,consu,True,True,875.0,0.0,DOP,Units,Ferretería,,,,,,,,NO_SALES_HISTORY,,NO_ACTION,master=875.0,"has master price, no quotation/sale/invoice lines"
257,257,Sealer Tropical (6158),True,False,consu,True,True,2125.0,0.0,DOP,Units,Ferretería,,,,,,,,NO_SALES_HISTORY,,NO_ACTION,master=2125.0,"has master price, no quotation/sale/invoice lines"
1389,1389,Secante P/ Pintura Esmalte,True,False,consu,True,True,885.0,0.0,DOP,Units,Pinturas,,,,,,,,NO_SALES_HISTORY,,NO_ACTION,master=885.0,"has master price, no quotation/sale/invoice lines"
751,751,Sellador P/ TECHO Urethanizer ROOF SEALER LANCO 5GL,True,False,consu,True,True,15505.0,0.0,DOP,Units,Ferretería,,,,,,,,NO_SALES_HISTORY,,NO_ACTION,master=15505.0,"has master price, no quotation/sale/invoice lines"
129,129,SELLATODO SILBOND CANO,True,False,consu,True,True,2780.0,0.0,DOP,Units,,,,,,2780.0,2025-12-22,2780.0,PRICE_OK,0.0,KEEP,inv=2780.0@2025-12-22; master=2780.0,master aligned with recent commercial prices
416,416,Semiglos BLANCO HUESO Ext-int PRO Tropical,True,False,consu,True,True,3675.72,0.0,DOP,Units,Ferretería,,,,,,,,NO_SALES_HISTORY,,NO_ACTION,master=3675.72,"has master price, no quotation/sale/invoice lines"
1163,1163,Señalizacion DE PARE,True,False,consu,True,True,2900.0,0.0,DOP,Units,Ferretería,,,,,,,,NO_SALES_HISTORY,,NO_ACTION,master=2900.0,"has master price, no quotation/sale/invoice lines"
1162,1162,Señalizacion DE RUTA DE Evacuacion A LA Derecha Medidas 12X6,True,False,consu,True,True,2250.0,0.0,DOP,Units,Ferretería,,,,,,,,NO_SALES_HISTORY,,NO_ACTION,master=2250.0,"has master price, no quotation/sale/invoice lines"
389,389,Serigrafia A COLOR,True,False,consu,True,True,40.0,0.0,DOP,Units,Ferretería,,,,,,,,NO_SALES_HISTORY,,NO_ACTION,master=40.0,"has master price, no quotation/sale/invoice lines"
13,13,Service on Timesheets,True,False,service,True,True,40.0,0.0,DOP,Hours,Services,,,,,,,,NO_SALES_HISTORY,,NO_ACTION,master=40.0,"has master price, no quotation/sale/invoice lines"
5,5,Servicio de verificación interna,True,False,service,True,True,100.0,0.0,DOP,Units,,100.0,2026-08-29 15:02:22,,,,,100.0,PRICE_OK,0.0,KEEP,quote=100.0@2026-08-29 15:02:22; master=100.0,master aligned with recent commercial prices
28,28,SERVICIO MATERIAL CALICHE ESPONJADO (35% de 5000 M3),True,False,service,True,False,833.68,0.0,DOP,Units,,,,,,833.68,2026-01-08,833.68,PRICE_OK,0.0,KEEP,inv=833.68@2026-01-08; master=833.68,master aligned with recent commercial prices
168,168,Servicios profesionales,True,False,service,True,True,0.0,0.0,DOP,Units,Servicios,,,,,,,,ZERO_PRICE,,KEEP,master=0.0,intentional zero for Servicios profesionales
913,913,Servilletas DE MESA 500/1 VELVET PLUS,True,False,consu,True,True,950.0,0.0,DOP,Units,Mobiliario,,,,,,,,NO_SALES_HISTORY,,NO_ACTION,master=950.0,"has master price, no quotation/sale/invoice lines"
1254,1254,Servilletas OCEAN BREEZE 500/1,True,False,consu,True,True,100.0,0.0,DOP,Units,Ferretería,,,,,,,,NO_SALES_HISTORY,,NO_ACTION,master=100.0,"has master price, no quotation/sale/invoice lines"
1268,1268,Servilletas PARA Dispensadores C-FOLD,True,False,consu,True,True,95.0,0.0,DOP,Units,Ferretería,,,,,,,,NO_SALES_HISTORY,,NO_ACTION,master=95.0,"has master price, no quotation/sale/invoice lines"
1130,1130,SET DE Geometria,True,False,consu,True,True,50.0,0.0,DOP,Units,Ferretería,,,,,,,,NO_SALES_HISTORY,,NO_ACTION,master=50.0,"has master price, no quotation/sale/invoice lines"
1538,1538,Set De Muebles Plasticos,True,False,consu,True,True,17699.15,0.0,DOP,Units,Ferretería,,,,,,,,NO_SALES_HISTORY,,NO_ACTION,master=17699.15,"has master price, no quotation/sale/invoice lines"
1558,1558,SET DE Muebles Platicos Duralon,True,False,consu,True,True,16076.27,0.0,DOP,Units,Ferretería,,,,,,,,NO_SALES_HISTORY,,NO_ACTION,master=16076.27,"has master price, no quotation/sale/invoice lines"
1590,1590,SET DE Muebles Platicos FERR Confort,True,False,consu,True,True,20399.16,0.0,DOP,Units,Ferretería,,,,,,,,NO_SALES_HISTORY,,NO_ACTION,master=20399.16,"has master price, no quotation/sale/invoice lines"
1506,1506,SHEET ROCK 4'x8''x1/2',True,False,consu,True,True,1788.0,0.0,DOP,Units,Ferretería,,,,,,,,NO_SALES_HISTORY,,NO_ACTION,master=1788.0,"has master price, no quotation/sale/invoice lines"
605,605,SIERRA Circular 7-1/4 1500W 10A DWE.5615,True,False,consu,True,True,16108.8,0.0,DOP,Units,Herramientas,,,,,,,,NO_SALES_HISTORY,,NO_ACTION,master=16108.8,"has master price, no quotation/sale/invoice lines"
735,735,SIFON PARA Lavamano PVC 1 1/2'' 35376 Eastman,True,False,consu,True,True,215.12,0.0,DOP,Units,Plomería,,,,,,,,NO_SALES_HISTORY,,NO_ACTION,master=215.12,"has master price, no quotation/sale/invoice lines"
74,74,"SIFON PARA LAVAMANO PVC 1 1/2"" 35376 EASTMAN",True,False,consu,True,True,215.12,0.0,DOP,Units,,,,,,215.12,2025-12-22,215.12,PRICE_OK,0.0,KEEP,inv=215.12@2025-12-22; master=215.12,master aligned with recent commercial prices
797,797,SIFON Sencillo Americano EASTAM 11/2'',True,False,consu,True,True,165.0,0.0,DOP,Units,Ferretería,,,,,,,,NO_SALES_HISTORY,,NO_ACTION,master=165.0,"has master price, no quotation/sale/invoice lines"
1158,1158,Silbato C/cordon,True,False,consu,True,True,970.0,0.0,DOP,Units,Ferretería,,,,,,,,NO_SALES_HISTORY,,NO_ACTION,master=970.0,"has master price, no quotation/sale/invoice lines"
78,78,SILICON 100% RTV CLEAR TUBO 10.3 SS-888-18 LANCO,True,False,consu,True,True,570.0,0.0,DOP,Units,,,,,,570.0,2025-12-22,570.0,PRICE_OK,0.0,KEEP,inv=570.0@2025-12-22; master=570.0,master aligned with recent commercial prices
805,805,Silicon LANCO Transparente Industrial,True,False,consu,True,True,800.0,0.0,DOP,Units,Ferretería,,,,,,,,NO_SALES_HISTORY,,NO_ACTION,master=800.0,"has master price, no quotation/sale/invoice lines"
1137,1137,Silicon Liquido 30 ML Barrilito,True,False,consu,True,True,110.0,0.0,DOP,Units,Ferretería,,,,,,,,NO_SALES_HISTORY,,NO_ACTION,master=110.0,"has master price, no quotation/sale/invoice lines"
807,807,Silicon Uretano WEST NEGRO 310 ML,True,False,consu,True,True,870.0,0.0,DOP,Units,Ferretería,,,,,,,,NO_SALES_HISTORY,,NO_ACTION,master=870.0,"has master price, no quotation/sale/invoice lines"
1606,1606,SILLA DE VISITA PARA Directores Tapizada EN Pielina,True,False,consu,True,True,12047.8,0.0,DOP,Units,Mobiliario,,,,,,,,NO_SALES_HISTORY,,NO_ACTION,master=12047.8,"has master price, no quotation/sale/invoice lines"
1246,1246,SILLAS DE Acompañante Imnovamed,True,False,consu,True,True,42222.0,0.0,DOP,Units,Mobiliario,,,,,,,,NO_SALES_HISTORY,,NO_ACTION,master=42222.0,"has master price, no quotation/sale/invoice lines"
1600,1600,SILLAS DE VISITA PARA Usuario Beiramar,True,False,consu,True,True,6100.6,0.0,DOP,Units,Mobiliario,,,,,,,,NO_SALES_HISTORY,,NO_ACTION,master=6100.6,"has master price, no quotation/sale/invoice lines"
1604,1604,SILLAS PARA VISITA DELUXE,True,False,consu,True,True,12465.52,0.0,DOP,Units,Mobiliario,,,,,,,,NO_SALES_HISTORY,,NO_ACTION,master=12465.52,"has master price, no quotation/sale/invoice lines"
1516,1516,"SILLAS Plasticas SIN BRAZOS , COLOR OSCURO RIMAX",True,False,consu,True,True,1205.84,0.0,DOP,Units,Mobiliario,,,,,,,,NO_SALES_HISTORY,,NO_ACTION,master=1205.84,"has master price, no quotation/sale/invoice lines"
1607,1607,SILLON Ejecutivo CELIO EN PIEL Genuina COLOR NEGRO,True,False,consu,True,True,21860.68,0.0,DOP,Units,Ferretería,,,,,,,,NO_SALES_HISTORY,,NO_ACTION,master=21860.68,"has master price, no quotation/sale/invoice lines"
1500,1500,SILLON Ejecutivo DELUXE EN MALLA,True,False,consu,True,True,12358.6,0.0,DOP,Units,Ferretería,,,,,,,,NO_SALES_HISTORY,,NO_ACTION,master=12358.6,"has master price, no quotation/sale/invoice lines"
1499,1499,"SILLON Ejecutivo Roberto Tapizado EN Pielina COLOR NEGRO, DISENO Italiano, Ergonomico,",True,False,consu,True,True,18895.6,0.0,DOP,Units,Ferretería,,,,,,,,NO_SALES_HISTORY,,NO_ACTION,master=18895.6,"has master price, no quotation/sale/invoice lines"
1595,1595,SILLON Tecnico Creative,True,False,consu,True,True,11086.1,0.0,DOP,Units,Ferretería,,,,,,,,NO_SALES_HISTORY,,NO_ACTION,master=11086.1,"has master price, no quotation/sale/invoice lines"
1303,1303,SOBRE MANILA 85X11,True,False,consu,True,True,6.0,0.0,DOP,Units,Ferretería,,,,,,,,NO_SALES_HISTORY,,NO_ACTION,master=6.0,"has master price, no quotation/sale/invoice lines"
1302,1302,SOBRES MANILA 14X17,True,False,consu,True,True,12.0,0.0,DOP,Units,Ferretería,,,,,,,,NO_SALES_HISTORY,,NO_ACTION,master=12.0,"has master price, no quotation/sale/invoice lines"
822,822,Sobres Manila Tamaño 10 X 13,True,False,consu,True,True,4.56,0.0,DOP,Units,Ferretería,,,,,,,,NO_SALES_HISTORY,,NO_ACTION,master=4.56,"has master price, no quotation/sale/invoice lines"
825,825,Sobres Manila Tamaño 6 1/2 X 9 1/2,True,False,consu,True,True,12.0,0.0,DOP,Units,Ferretería,,,,,,,,NO_SALES_HISTORY,,NO_ACTION,master=12.0,"has master price, no quotation/sale/invoice lines"
823,823,Sobres Manila Tamaño #7 De Pago Amarillo,True,False,consu,True,True,9.6,0.0,DOP,Units,Ferretería,,,,,,,,NO_SALES_HISTORY,,NO_ACTION,master=9.6,"has master price, no quotation/sale/invoice lines"
824,824,Sobres Manila Tamaño #7 De Pago Blanco,True,False,consu,True,True,9.6,0.0,DOP,Units,Ferretería,,,,,,,,NO_SALES_HISTORY,,NO_ACTION,master=9.6,"has master price, no quotation/sale/invoice lines"
821,821,Sobres Manila Tamaño 9 X 12,True,False,consu,True,True,10.2,0.0,DOP,Units,Ferretería,,,,,,,,NO_SALES_HISTORY,,NO_ACTION,master=10.2,"has master price, no quotation/sale/invoice lines"
173,173,Socalo,True,False,consu,True,True,400.0,0.0,DOP,Units,Ferretería,,,,,,,,NO_SALES_HISTORY,,NO_ACTION,master=400.0,"has master price, no quotation/sale/invoice lines"
1155,1155,SOGA DE CABUYA (R/ 33.07 LB),True,False,consu,True,True,12317.8,0.0,DOP,Units,Ferretería,,,,,,,,NO_SALES_HISTORY,,NO_ACTION,master=12317.8,"has master price, no quotation/sale/invoice lines"
1073,1073,Soldadura,True,False,consu,True,True,8500.0,0.0,DOP,Units,Ferretería,,,,,,,,NO_SALES_HISTORY,,NO_ACTION,master=8500.0,"has master price, no quotation/sale/invoice lines"
135,135,SOLDADURA 1/8 UNIVERSAL,True,False,consu,True,True,215.0,0.0,DOP,Units,,,,,,215.0,2025-12-22,215.0,PRICE_OK,0.0,KEEP,inv=215.0@2025-12-22; master=215.0,master aligned with recent commercial prices
65,65,SOLDADURA 3/32,True,False,consu,True,True,218.0,0.0,DOP,Units,,,,,,218.0,2025-12-22,218.0,PRICE_OK,0.0,KEEP,inv=218.0@2025-12-22; master=218.0,master aligned with recent commercial prices
1026,1026,Soldadura 3/32 LIBRA,True,False,consu,True,True,9200.0,0.0,DOP,Units,Ferretería,,,,,,,,NO_SALES_HISTORY,,NO_ACTION,master=9200.0,"has master price, no quotation/sale/invoice lines"
733,733,Soldadura 3/32 Universal 6013,True,False,consu,True,True,205.0,0.0,DOP,Units,Ferretería,,,,,,,,NO_SALES_HISTORY,,NO_ACTION,master=205.0,"has master price, no quotation/sale/invoice lines"
1215,1215,Soldadura Universal 7018 Universal,True,False,consu,True,True,411.95,0.0,DOP,Units,Ferretería,,,,,,,,NO_SALES_HISTORY,,NO_ACTION,master=411.95,"has master price, no quotation/sale/invoice lines"
1353,1353,Solución Para Baterías,True,False,consu,True,True,475.0,0.0,DOP,Units,Ferretería,,,,,,,,NO_SALES_HISTORY,,NO_ACTION,master=475.0,"has master price, no quotation/sale/invoice lines"
1208,1208,Sombrero PARA SOL CON CUBRE NUCA Y TAPA BOCA CON FILTRO UV,True,False,consu,True,True,900.0,0.0,DOP,Units,Ferretería,,,,,,,,NO_SALES_HISTORY,,NO_ACTION,master=900.0,"has master price, no quotation/sale/invoice lines"
1358,1358,Soplete De 2 Salidas,True,False,consu,True,True,4350.0,0.0,DOP,Units,Ferretería,,,,,,,,NO_SALES_HISTORY,,NO_ACTION,master=4350.0,"has master price, no quotation/sale/invoice lines"
672,672,SPRAY Adhesivo SUPER 77,True,False,consu,True,True,1446.4,0.0,DOP,Units,Ferretería,,,,,,,,NO_SALES_HISTORY,,NO_ACTION,master=1446.4,"has master price, no quotation/sale/invoice lines"
1435,1435,SPRAY Ambientador GLADE APPLE Cinamon,True,False,consu,True,True,564.0,0.0,DOP,Units,Ferretería,,,,,,,,NO_SALES_HISTORY,,NO_ACTION,master=564.0,"has master price, no quotation/sale/invoice lines"
1433,1433,SPRAY Ambientador GLADE CLEAN LINEN,True,False,consu,True,True,525.0,0.0,DOP,Units,Ferretería,,,,,,,,NO_SALES_HISTORY,,NO_ACTION,master=525.0,"has master price, no quotation/sale/invoice lines"
1434,1434,SPRAY Ambientador GLADE Lavanda,True,False,consu,True,True,560.0,0.0,DOP,Units,Ferretería,,,,,,,,NO_SALES_HISTORY,,NO_ACTION,master=560.0,"has master price, no quotation/sale/invoice lines"
287,287,SPRAY Decorativo AZUL,True,False,consu,True,True,675.0,0.0,DOP,Units,Ferretería,,,,,,,,NO_SALES_HISTORY,,NO_ACTION,master=675.0,"has master price, no quotation/sale/invoice lines"
289,289,SPRAY Decorativo BLANCO,True,False,consu,True,True,675.0,0.0,DOP,Units,Ferretería,,,,,,,,NO_SALES_HISTORY,,NO_ACTION,master=675.0,"has master price, no quotation/sale/invoice lines"
291,291,SPRAY Decorativo CREMA,True,False,consu,True,True,675.0,0.0,DOP,Units,Ferretería,,,,,,,,NO_SALES_HISTORY,,NO_ACTION,master=675.0,"has master price, no quotation/sale/invoice lines"
288,288,SPRAY Decorativo MARRON,True,False,consu,True,True,675.0,0.0,DOP,Units,Ferretería,,,,,,,,NO_SALES_HISTORY,,NO_ACTION,master=675.0,"has master price, no quotation/sale/invoice lines"
286,286,SPRAY Decorativo Naranja,True,False,consu,True,True,675.0,0.0,DOP,Units,Ferretería,,,,,,,,NO_SALES_HISTORY,,NO_ACTION,master=675.0,"has master price, no quotation/sale/invoice lines"
290,290,SPRAY Decorativo NEGRO,True,False,consu,True,True,675.0,0.0,DOP,Units,Ferretería,,,,,,,,NO_SALES_HISTORY,,NO_ACTION,master=675.0,"has master price, no quotation/sale/invoice lines"
285,285,SPRAY DORADO,True,False,consu,True,True,675.0,0.0,DOP,Units,Ferretería,,,,,,,,NO_SALES_HISTORY,,NO_ACTION,master=675.0,"has master price, no quotation/sale/invoice lines"
995,995,Sub-total,True,False,consu,True,True,770414.94,0.0,DOP,Units,Ferretería,,,,,,,,NO_SALES_HISTORY,,NO_ACTION,master=770414.94,"has master price, no quotation/sale/invoice lines"
991,991,Sumimistro Y Colocacion De Tope En Ceramica 0.60x2.00,True,False,consu,True,True,7400.0,0.0,DOP,m²,Ferretería,,,,,,,,NO_SALES_HISTORY,,NO_ACTION,master=7400.0,"has master price, no quotation/sale/invoice lines"
183,183,Suministro De Refigerante R-22,True,False,consu,True,True,20000.0,0.0,DOP,Units,Ferretería,,,,,,,,NO_SALES_HISTORY,,NO_ACTION,master=20000.0,"has master price, no quotation/sale/invoice lines"
178,178,Suministro De Refigerante R-404,True,False,consu,True,True,22000.0,0.0,DOP,Units,Ferretería,,,,,,,,NO_SALES_HISTORY,,NO_ACTION,master=22000.0,"has master price, no quotation/sale/invoice lines"
989,989,Suministro Y Colocacion Ceramica En Baño,True,False,consu,True,True,1340.0,0.0,DOP,m²,Ferretería,,,,,,,,NO_SALES_HISTORY,,NO_ACTION,master=1340.0,"has master price, no quotation/sale/invoice lines"
990,990,Suministro Y Colocacion Rejilla De Piso,True,False,consu,True,True,285.0,0.0,DOP,Units,Ferretería,,,,,,,,NO_SALES_HISTORY,,NO_ACTION,master=285.0,"has master price, no quotation/sale/invoice lines"
984,984,Sumunistro Y Colocacion De Inodoro,True,False,consu,True,True,8750.0,0.0,DOP,Units,Plomería,,,,,,,,NO_SALES_HISTORY,,NO_ACTION,master=8750.0,"has master price, no quotation/sale/invoice lines"
987,987,Sumunistro Y Colocacion De Kit De Inodoro,True,False,consu,True,True,640.0,0.0,DOP,Units,Plomería,,,,,,,,NO_SALES_HISTORY,,NO_ACTION,master=640.0,"has master price, no quotation/sale/invoice lines"
986,986,Sumunistro Y Colocacion De Lavamano,True,False,consu,True,True,8000.0,0.0,DOP,Units,Ferretería,,,,,,,,NO_SALES_HISTORY,,NO_ACTION,master=8000.0,"has master price, no quotation/sale/invoice lines"
988,988,Sumunistro Y Colocacion De Llavines De Puño,True,False,consu,True,True,700.0,0.0,DOP,Units,Ferretería,,,,,,,,NO_SALES_HISTORY,,NO_ACTION,master=700.0,"has master price, no quotation/sale/invoice lines"
985,985,"Sumunistro Y Colocacion De Orinal ,incluye Fluxometro",True,False,consu,True,True,24915.0,0.0,DOP,Units,Ferretería,,,,,,,,NO_SALES_HISTORY,,NO_ACTION,master=24915.0,"has master price, no quotation/sale/invoice lines"
59,59,SUPER GRAMASAN 5 LT,True,False,consu,True,True,1435.86,0.0,DOP,Units,,,,,,1435.86,2025-12-22,1435.86,PRICE_OK,0.0,KEEP,inv=1435.86@2025-12-22; master=1435.86,master aligned with recent commercial prices
506,506,Supervision,True,False,consu,True,True,84066.35,0.0,DOP,Units,Ferretería,,,,,,,,NO_SALES_HISTORY,,NO_ACTION,master=84066.35,"has master price, no quotation/sale/invoice lines"
525,525,Sustache BLANCO 54 Y/D,True,False,consu,True,True,205.0,0.0,DOP,Units,Ferretería,,,,,,,,NO_SALES_HISTORY,,NO_ACTION,master=205.0,"has master price, no quotation/sale/invoice lines"
1447,1447,Sustache CREMA 54 Y/D,True,False,consu,True,True,175.0,0.0,DOP,Units,Ferretería,,,,,,,,NO_SALES_HISTORY,,NO_ACTION,master=175.0,"has master price, no quotation/sale/invoice lines"
278,278,Sustache Dorado Yute 5 Metros,True,False,consu,True,True,175.0,0.0,DOP,Units,Ferretería,,,,,,,,NO_SALES_HISTORY,,NO_ACTION,master=175.0,"has master price, no quotation/sale/invoice lines"
194,194,Sustitucion DE Calbles Electrico #4 POR 1/0 EN LINEA DE Alimentacion DEL EDIF DE VIH,True,False,consu,True,True,95000.0,0.0,DOP,Units,Ferretería,,,,,,,,NO_SALES_HISTORY,,NO_ACTION,master=95000.0,"has master price, no quotation/sale/invoice lines"
1380,1380,Sustitucion DE Calbles Electrico EN LINEA DE Alimentacion DEL EDIF DE VIH,True,False,consu,True,True,83500.0,0.0,DOP,Units,Ferretería,,,,,,,,NO_SALES_HISTORY,,NO_ACTION,master=83500.0,"has master price, no quotation/sale/invoice lines"
249,249,Tabla Madera De Pino 1x10x10 Cepillada,True,False,consu,True,True,1120.0,0.0,DOP,Units,Ferretería,,,,,,,,NO_SALES_HISTORY,,NO_ACTION,master=1120.0,"has master price, no quotation/sale/invoice lines"
250,250,Tabla Madera De Pino 1x10x12 Bandeada,True,False,consu,True,True,1150.0,0.0,DOP,Units,Ferretería,,,,,,,,NO_SALES_HISTORY,,NO_ACTION,master=1150.0,"has master price, no quotation/sale/invoice lines"
1171,1171,"Tableta Samsung GALAXY TAB S6 LITE (2024) 10.4"", Velocidad2.3ghz, 1.7GHZ ,memoria",True,False,consu,True,True,30480.62,0.0,DOP,Units,Ferretería,,,,,,,,NO_SALES_HISTORY,,NO_ACTION,master=30480.62,"has master price, no quotation/sale/invoice lines"
1058,1058,Taladro BOSCH Profesional 650W GBH-220D,True,False,consu,True,True,16150.0,0.0,DOP,Units,Herramientas,,,,,,,,NO_SALES_HISTORY,,NO_ACTION,master=16150.0,"has master price, no quotation/sale/invoice lines"
369,369,Taladro BOSCH Profesional GBH2-24D,True,False,consu,True,True,21600.0,0.0,DOP,Units,Herramientas,,,,,,,,NO_SALES_HISTORY,,NO_ACTION,master=21600.0,"has master price, no quotation/sale/invoice lines"
1167,1167,Taladro DE Impacto 1100W EMTOP,True,False,consu,True,True,5825.76,0.0,DOP,Units,Herramientas,,,,,,,,NO_SALES_HISTORY,,NO_ACTION,master=5825.76,"has master price, no quotation/sale/invoice lines"
1481,1481,"Taladro DE Martillo,1/2 '' 7.8 900W",True,False,consu,True,True,28570.87,0.0,DOP,Units,Herramientas,,,,,,,,NO_SALES_HISTORY,,NO_ACTION,master=28570.87,"has master price, no quotation/sale/invoice lines"
1482,1482,Taladro Destornillador 20 V MAX 500 W,True,False,consu,True,True,32612.0,0.0,DOP,Units,Herramientas,,,,,,,,NO_SALES_HISTORY,,NO_ACTION,master=32612.0,"has master price, no quotation/sale/invoice lines"
746,746,Taladro Destornillador 20 V MAX DEWALT 500 W,True,False,consu,True,True,29350.0,0.0,DOP,Units,Herramientas,,,,,,,,NO_SALES_HISTORY,,NO_ACTION,master=29350.0,"has master price, no quotation/sale/invoice lines"
609,609,Taladro Rotamartillo 1/2 1200W,True,False,consu,True,True,14931.0,0.0,DOP,Units,Herramientas,,,,,,,,NO_SALES_HISTORY,,NO_ACTION,master=14931.0,"has master price, no quotation/sale/invoice lines"
248,248,Taladros Profesionales DEWALT,True,False,consu,True,True,13500.0,0.0,DOP,Units,Herramientas,,,,,,,,NO_SALES_HISTORY,,NO_ACTION,master=13500.0,"has master price, no quotation/sale/invoice lines"
401,401,"Taladro TOTAL UTH1153256 Rotomartillo SDS PLUS 1-1/4"" 1500W",True,False,consu,True,True,8312.0,0.0,DOP,Units,Herramientas,,,,,,,,NO_SALES_HISTORY,,NO_ACTION,master=8312.0,"has master price, no quotation/sale/invoice lines"
610,610,Taladro TRUPER 1/2 600W,True,False,consu,True,True,6400.0,0.0,DOP,Units,Herramientas,,,,,,,,NO_SALES_HISTORY,,NO_ACTION,master=6400.0,"has master price, no quotation/sale/invoice lines"
741,741,TANQUE Precargado FIBRA 120 GAL C2N-120GV GLOBAL WATER,True,False,consu,True,True,98900.12,0.0,DOP,Units,Ferretería,,,,,,,,NO_SALES_HISTORY,,NO_ACTION,master=98900.12,"has master price, no quotation/sale/invoice lines"
435,435,TANQUE Presurisado METAL 30GL I/f,True,False,consu,True,True,39855.0,0.0,DOP,Units,Ferretería,,,,,,,,NO_SALES_HISTORY,,NO_ACTION,master=39855.0,"has master price, no quotation/sale/invoice lines"
1593,1593,Tanques O Cilindros DE GAS 25 LB Duragas,True,False,consu,True,True,3849.14,0.0,DOP,Units,Ferretería,,,,,,,,NO_SALES_HISTORY,,NO_ACTION,master=3849.14,"has master price, no quotation/sale/invoice lines"
1562,1562,Tanques O Cilindros DE GAS 25 LBS EURO Kitchen,True,False,consu,True,True,3038.15,0.0,DOP,Units,Ferretería,,,,,,,,NO_SALES_HISTORY,,NO_ACTION,master=3038.15,"has master price, no quotation/sale/invoice lines"
425,425,TAPAS DE METAL PARA Cisterna 33X33 PULG,True,False,consu,True,True,12895.0,0.0,DOP,Units,Ferretería,,,,,,,,NO_SALES_HISTORY,,NO_ACTION,master=12895.0,"has master price, no quotation/sale/invoice lines"
300,300,TAPA Waterproof DOBLE 110 V Leviton,True,False,consu,True,True,450.0,0.0,DOP,Units,Ferretería,,,,,,,,NO_SALES_HISTORY,,NO_ACTION,master=450.0,"has master price, no quotation/sale/invoice lines"
1365,1365,TAPE DE Aluminio 3´´,True,False,consu,True,True,1000.17,0.0,DOP,Units,Ferretería,,,,,,,,NO_SALES_HISTORY,,NO_ACTION,master=1000.17,"has master price, no quotation/sale/invoice lines"
611,611,TAPE DE VINIL 3M-33 SCOTCH,True,False,consu,True,True,939.8,0.0,DOP,Units,Ferretería,,,,,,,,NO_SALES_HISTORY,,NO_ACTION,master=939.8,"has master price, no quotation/sale/invoice lines"
705,705,TAPE GOMA SCOTCH 3M,True,False,consu,True,True,1335.0,0.0,DOP,Units,Neumáticos,,,,,,,,NO_SALES_HISTORY,,NO_ACTION,master=1335.0,"has master price, no quotation/sale/invoice lines"
247,247,TAPE NEGRO DE GOMA Electrico SCOTCH 3M,True,False,consu,True,True,1375.0,0.0,DOP,Units,Neumáticos,,,,,,,,NO_SALES_HISTORY,,NO_ACTION,master=1375.0,"has master price, no quotation/sale/invoice lines"
296,296,TAPE NEGRO Electrico SCOTCH SUPER 33 +,True,False,consu,True,True,7000.0,0.0,DOP,Units,Ferretería,,,,,,,,NO_SALES_HISTORY,,NO_ACTION,master=7000.0,"has master price, no quotation/sale/invoice lines"
772,772,TAPE NEGRO VOLECK,True,False,consu,True,True,55.0,0.0,DOP,Units,Ferretería,,,,,,,,NO_SALES_HISTORY,,NO_ACTION,master=55.0,"has master price, no quotation/sale/invoice lines"
894,894,"TAPE Plastico 3 M, Amarillo",True,False,consu,True,True,680.0,0.0,DOP,Units,Ferretería,,,,,,,,NO_SALES_HISTORY,,NO_ACTION,master=680.0,"has master price, no quotation/sale/invoice lines"
895,895,"TAPE Plastico 3 M, AZUL",True,False,consu,True,True,680.0,0.0,DOP,Units,Ferretería,,,,,,,,NO_SALES_HISTORY,,NO_ACTION,master=680.0,"has master price, no quotation/sale/invoice lines"
896,896,"TAPE Plastico 3 M, ROJO",True,False,consu,True,True,680.0,0.0,DOP,Units,Ferretería,,,,,,,,NO_SALES_HISTORY,,NO_ACTION,master=680.0,"has master price, no quotation/sale/invoice lines"
897,897,"TAPE Platico SUPER 33, 3M",True,False,consu,True,True,590.0,0.0,DOP,Units,Ferretería,,,,,,,,NO_SALES_HISTORY,,NO_ACTION,master=590.0,"has master price, no quotation/sale/invoice lines"
201,201,Tape Scotch Super 33 3m,True,False,consu,True,True,939.8,0.0,DOP,Units,Ferretería,,,,,,,,NO_SALES_HISTORY,,NO_ACTION,master=939.8,"has master price, no quotation/sale/invoice lines"
305,305,TAPE Tenflex 1600 GRAN,True,False,consu,True,True,350.0,0.0,DOP,Units,Ferretería,,,,,,,,NO_SALES_HISTORY,,NO_ACTION,master=350.0,"has master price, no quotation/sale/invoice lines"
1067,1067,TAPE TRUPER BLANCO,True,False,consu,True,True,7200.0,0.0,DOP,Units,Herramientas,,,,,,,,NO_SALES_HISTORY,,NO_ACTION,master=7200.0,"has master price, no quotation/sale/invoice lines"
100,100,TAPE VINIL SCOTCH 3M SUPER33+,True,False,consu,True,True,1658.0,0.0,DOP,Units,,,,,,1375.0,2025-12-22,1375.0,HISTORICAL_PRICE_DIFFERENCE,20.58,UPDATE_CANDIDATE,inv=1375.0@2025-12-22; master=1658.0,master=1658.0 recent_avg=1375.0 diff_pct=20.6
890,890,TARUGO DE PLOMO 5/6 X 11/2,True,False,consu,True,True,30.0,0.0,DOP,Units,Ferretería,,,,,,,,NO_SALES_HISTORY,,NO_ACTION,master=30.0,"has master price, no quotation/sale/invoice lines"
160,160,TARUGO PARA TORNILLO EXPANSIVO ( 1/2 X3 ),True,False,consu,True,True,215.0,0.0,DOP,Units,,,,,,215.0,2026-08-21,215.0,PRICE_OK,0.0,KEEP,inv=215.0@2026-08-21; master=215.0,master aligned with recent commercial prices
246,246,TARUGO PLOMO 1/2X5/16X11/4,True,False,consu,True,True,38.0,0.0,DOP,Units,Ferretería,,,,,,,,NO_SALES_HISTORY,,NO_ACTION,master=38.0,"has master price, no quotation/sale/invoice lines"
1214,1214,Tarugos VERDES,True,False,consu,True,True,2.61,0.0,DOP,Units,Ferretería,,,,,,,,NO_SALES_HISTORY,,NO_ACTION,master=2.61,"has master price, no quotation/sale/invoice lines"
1133,1133,TASER TYPE 928,True,False,consu,True,True,2955.0,0.0,DOP,Units,Ferretería,,,,,,,,NO_SALES_HISTORY,,NO_ACTION,master=2955.0,"has master price, no quotation/sale/invoice lines"
437,437,T DE 5 VIAS,True,False,consu,True,True,1500.0,0.0,DOP,Units,Ferretería,,,,,,,,NO_SALES_HISTORY,,NO_ACTION,master=1500.0,"has master price, no quotation/sale/invoice lines"
799,799,T DE 5 VIAS Aquavita,True,False,consu,True,True,860.0,0.0,DOP,Units,Ferretería,,,,,,,,NO_SALES_HISTORY,,NO_ACTION,master=860.0,"has master price, no quotation/sale/invoice lines"
906,906,Techado EN Aluzinc TEJA CAL 26-1m UTIL,True,False,consu,True,True,125870.15,0.0,DOP,Units,Ferretería,,,,,,,,NO_SALES_HISTORY,,NO_ACTION,master=125870.15,"has master price, no quotation/sale/invoice lines"
1015,1015,TEE DE 12,True,False,consu,True,True,43862.0,0.0,DOP,Units,Plomería,,,,,,,,NO_SALES_HISTORY,,NO_ACTION,master=43862.0,"has master price, no quotation/sale/invoice lines"
802,802,TEE Presion PVC 1'',True,False,consu,True,True,45.0,0.0,DOP,Units,Plomería,,,,,,,,NO_SALES_HISTORY,,NO_ACTION,master=45.0,"has master price, no quotation/sale/invoice lines"
806,806,TEFLON Aquaflex Amarillo 1'',True,False,consu,True,True,85.0,0.0,DOP,Units,Ferretería,,,,,,,,NO_SALES_HISTORY,,NO_ACTION,master=85.0,"has master price, no quotation/sale/invoice lines"
673,673,TELA GUATA,True,False,consu,True,True,9600.0,0.0,DOP,Units,Ferretería,,,,,,,,NO_SALES_HISTORY,,NO_ACTION,master=9600.0,"has master price, no quotation/sale/invoice lines"
1596,1596,Televisor 55 Pulgadas TCL 4K,True,False,consu,True,True,45991.68,0.0,DOP,Units,Electrodomésticos,,,,,,,,NO_SALES_HISTORY,,NO_ACTION,master=45991.68,"has master price, no quotation/sale/invoice lines"
1574,1574,Televisor AIWA 43'',True,False,consu,True,True,14200.0,0.0,DOP,Units,Electrodomésticos,,,,,,,,NO_SALES_HISTORY,,NO_ACTION,master=14200.0,"has master price, no quotation/sale/invoice lines"
1583,1583,Televisor DAIWA 43'',True,False,consu,True,True,14200.0,0.0,DOP,Units,Electrodomésticos,,,,,,,,NO_SALES_HISTORY,,NO_ACTION,master=14200.0,"has master price, no quotation/sale/invoice lines"
1546,1546,Televisor De 43'' Konka,True,False,consu,True,True,13423.73,0.0,DOP,Units,Electrodomésticos,,,,,,,,NO_SALES_HISTORY,,NO_ACTION,master=13423.73,"has master price, no quotation/sale/invoice lines"
154,154,"TELEVISOR DE 43"" KONKA",True,False,consu,True,True,13423.73,0.0,DOP,Units,,,,,,13423.73,2026-08-18,13423.73,PRICE_OK,0.0,KEEP,inv=13423.73@2026-08-18; master=13423.73,master aligned with recent commercial prices
1563,1563,Televisor KONKA 32'' SMART TV,True,False,consu,True,True,9865.23,0.0,DOP,Units,Electrodomésticos,,,,,,,,NO_SALES_HISTORY,,NO_ACTION,master=9865.23,"has master price, no quotation/sale/invoice lines"
1594,1594,"Televisor KTC 32"" SMART TV",True,False,consu,True,True,11568.72,0.0,DOP,Units,Electrodomésticos,,,,,,,,NO_SALES_HISTORY,,NO_ACTION,master=11568.72,"has master price, no quotation/sale/invoice lines"
1584,1584,"Televisor LG 40"" PULG",True,False,consu,True,True,17449.99,0.0,DOP,Units,Electrodomésticos,,,,,,,,NO_SALES_HISTORY,,NO_ACTION,master=17449.99,"has master price, no quotation/sale/invoice lines"
1553,1553,Televisor TCL 40 Pulgadas SMART TV,True,False,consu,True,True,15723.73,0.0,DOP,Units,Electrodomésticos,,,,,,,,NO_SALES_HISTORY,,NO_ACTION,master=15723.73,"has master price, no quotation/sale/invoice lines"
1540,1540,Televisor TCL Smart TV 32'',True,False,consu,True,True,12313.3,0.0,DOP,Units,Electrodomésticos,,,,,,,,NO_SALES_HISTORY,,NO_ACTION,master=12313.3,"has master price, no quotation/sale/invoice lines"
1127,1127,Tempera 6/1,True,False,consu,True,True,125.0,0.0,DOP,Units,Ferretería,,,,,,,,NO_SALES_HISTORY,,NO_ACTION,master=125.0,"has master price, no quotation/sale/invoice lines"
1424,1424,Tenedores Bambino 40/1,True,False,consu,True,True,9.0,0.0,DOP,Units,Ferretería,,,,,,,,NO_SALES_HISTORY,,NO_ACTION,master=9.0,"has master price, no quotation/sale/invoice lines"
1453,1453,Thinner,True,False,consu,True,True,940.0,0.0,DOP,Units,Pinturas,,,,,,,,NO_SALES_HISTORY,,NO_ACTION,master=940.0,"has master price, no quotation/sale/invoice lines"
969,969,Thinner AAA-3000 GL Popular/tropical,True,False,consu,True,True,1110.0,0.0,DOP,Units,Pinturas,,,,,,,,NO_SALES_HISTORY,,NO_ACTION,master=1110.0,"has master price, no quotation/sale/invoice lines"
1343,1343,Thinner TH-1000-GL,True,False,consu,True,True,5700.0,0.0,DOP,Units,Pinturas,,,,,,,,NO_SALES_HISTORY,,NO_ACTION,master=5700.0,"has master price, no quotation/sale/invoice lines"
1217,1217,Thinner TH-1000-GL Tropical,True,False,consu,True,True,359.0,0.0,DOP,Units,Pinturas,,,,,,,,NO_SALES_HISTORY,,NO_ACTION,master=359.0,"has master price, no quotation/sale/invoice lines"
453,453,Thinner TH-900 Tropical,True,False,consu,True,True,680.0,0.0,DOP,Units,Pinturas,,,,,,,,NO_SALES_HISTORY,,NO_ACTION,master=680.0,"has master price, no quotation/sale/invoice lines"
681,681,Thinner TH Tropical,True,False,consu,True,True,698.0,0.0,DOP,Units,Pinturas,,,,,,,,NO_SALES_HISTORY,,NO_ACTION,master=698.0,"has master price, no quotation/sale/invoice lines"
63,63,THINNER TROPICAL,True,False,consu,True,True,755.0,0.0,DOP,Units,,,,,,692.0,2025-12-22,692.0,PRICE_OK,9.1,KEEP,inv=692.0@2025-12-22; master=755.0,master aligned with recent commercial prices
88,88,THINNER TROPICAL 1GL,True,False,consu,True,True,698.0,0.0,DOP,Units,,,,,,698.0,2025-12-22,698.0,PRICE_OK,0.0,KEEP,inv=698.0@2025-12-22; master=698.0,master aligned with recent commercial prices
1306,1306,TICKET DE TURNO,True,False,consu,True,True,296.0,0.0,DOP,Units,Ferretería,,,,,,,,NO_SALES_HISTORY,,NO_ACTION,master=296.0,"has master price, no quotation/sale/invoice lines"
1379,1379,TIJERA CORTE Derecho,True,False,consu,True,True,2100.0,0.0,DOP,Units,Ferretería,,,,,,,,NO_SALES_HISTORY,,NO_ACTION,master=2100.0,"has master price, no quotation/sale/invoice lines"
1134,1134,Tijeras 8'' Universal P/ Oficina Artesco,True,False,consu,True,True,205.0,0.0,DOP,Units,Ferretería,,,,,,,,NO_SALES_HISTORY,,NO_ACTION,master=205.0,"has master price, no quotation/sale/invoice lines"
930,930,"Tijeras De Escritorio Pelikan 5 Pulgadas, Mango Grueso",True,False,consu,True,True,115.0,0.0,DOP,Units,Mobiliario,,,,,,,,NO_SALES_HISTORY,,NO_ACTION,master=115.0,"has master price, no quotation/sale/invoice lines"
1310,1310,Tijeras Grandes,True,False,consu,True,True,42.0,0.0,DOP,Units,Ferretería,,,,,,,,NO_SALES_HISTORY,,NO_ACTION,master=42.0,"has master price, no quotation/sale/invoice lines"
426,426,TINACO DE 400GL,True,False,consu,True,True,24698.0,0.0,DOP,Units,Ferretería,,,,,,,,NO_SALES_HISTORY,,NO_ACTION,master=24698.0,"has master price, no quotation/sale/invoice lines"
684,684,TINTA P/madera CAOBA #2 MD,True,False,consu,True,True,3378.2,0.0,DOP,Units,Ferretería,,,,,,,,NO_SALES_HISTORY,,NO_ACTION,master=3378.2,"has master price, no quotation/sale/invoice lines"
685,685,TINTA P/madera CAOBA #3 MD,True,False,consu,True,True,3378.2,0.0,DOP,Units,Ferretería,,,,,,,,NO_SALES_HISTORY,,NO_ACTION,master=3378.2,"has master price, no quotation/sale/invoice lines"
1305,1305,TINTAS PARA SELLOS AZUL Pointer,True,False,consu,True,True,34.0,0.0,DOP,Units,Ferretería,,,,,,,,NO_SALES_HISTORY,,NO_ACTION,master=34.0,"has master price, no quotation/sale/invoice lines"
870,870,Tirador Inox Barra 96mm 9609 SS201,True,False,consu,True,True,36.64,0.0,DOP,Units,Ferretería,,,,,,,,NO_SALES_HISTORY,,NO_ACTION,master=36.64,"has master price, no quotation/sale/invoice lines"
554,554,TIZA DE CERA P/marcar ROJA ROJA Generico,True,False,consu,True,True,95.0,0.0,DOP,Units,Ferretería,,,,,,,,NO_SALES_HISTORY,,NO_ACTION,master=95.0,"has master price, no quotation/sale/invoice lines"
1264,1264,Toallitas DE TELA PAÑITO Lanilla,True,False,consu,True,True,35.0,0.0,DOP,Units,Ferretería,,,,,,,,NO_SALES_HISTORY,,NO_ACTION,master=35.0,"has master price, no quotation/sale/invoice lines"
421,421,TOLA 1/16 Galvaniz 4X8,True,False,consu,True,True,4995.0,0.0,DOP,Units,Ferretería,,,,,,,,NO_SALES_HISTORY,,NO_ACTION,master=4995.0,"has master price, no quotation/sale/invoice lines"
1072,1072,TOLA 1/16 Galvanizada 4X8,True,False,consu,True,True,4780.68,0.0,DOP,Units,Ferretería,,,,,,,,NO_SALES_HISTORY,,NO_ACTION,master=4780.68,"has master price, no quotation/sale/invoice lines"
162,162,TOLA GALVANIZADO LISA CALIBRE 14 ( 4X8X2 105 LBS ),True,False,consu,True,True,3460.37,0.0,DOP,Units,,,,,,3460.37,2026-08-21,3460.37,PRICE_OK,0.0,KEEP,inv=3460.37@2026-08-21; master=3460.37,master aligned with recent commercial prices
428,428,Tomacorriente 110V Bticino NOBILE,True,False,consu,True,True,485.0,0.0,DOP,Units,Material eléctrico,,,,,,,,NO_SALES_HISTORY,,NO_ACTION,master=485.0,"has master price, no quotation/sale/invoice lines"
427,427,Tomacorriente 220V 15A Bticino NOBILE,True,False,consu,True,True,999.0,0.0,DOP,Units,Material eléctrico,,,,,,,,NO_SALES_HISTORY,,NO_ACTION,master=999.0,"has master price, no quotation/sale/invoice lines"
227,227,Tomacorriente 220V KOLNY,True,False,consu,True,True,450.0,0.0,DOP,Units,Material eléctrico,,,,,,,,NO_SALES_HISTORY,,NO_ACTION,master=450.0,"has master price, no quotation/sale/invoice lines"
304,304,TOMA Corriente DOBLE 20 AMP Leviton,True,False,consu,True,True,472.75,0.0,DOP,Units,Ferretería,,,,,,,,NO_SALES_HISTORY,,NO_ACTION,master=472.75,"has master price, no quotation/sale/invoice lines"
226,226,TOMA Corriente DOBLE HOME Solution 110 V,True,False,consu,True,True,180.0,0.0,DOP,Units,Ferretería,,,,,,,,NO_SALES_HISTORY,,NO_ACTION,master=180.0,"has master price, no quotation/sale/invoice lines"
147,147,TONER CANON MF455 DW 057 (NEGRO),True,False,consu,True,True,6590.0,0.0,DOP,Units,,,,,,6590.0,2026-08-14,6590.0,PRICE_OK,0.0,KEEP,inv=6590.0@2026-08-14; master=6590.0,master aligned with recent commercial prices
144,144,TONER HP LASERJET 2727N FMP Q7553A,True,False,consu,True,True,6000.0,0.0,DOP,Units,,,,,,6000.0,2026-08-14,6000.0,PRICE_OK,0.0,KEEP,inv=6000.0@2026-08-14; master=6000.0,master aligned with recent commercial prices
150,150,TONER HP LASERJET M 1536 DNF MFP,True,False,consu,True,True,5530.0,0.0,DOP,Units,,,,,,5530.0,2026-08-14,5530.0,PRICE_OK,0.0,KEEP,inv=5530.0@2026-08-14; master=5530.0,master aligned with recent commercial prices
145,145,TONER HP LASERJET MFP 137 MNW WW 1105A,True,False,consu,True,True,3160.0,0.0,DOP,Units,,,,,,3160.0,2026-08-14,3160.0,PRICE_OK,0.0,KEEP,inv=3160.0@2026-08-14; master=3160.0,master aligned with recent commercial prices
142,142,TONER HP LASERJET PRO 201A (CF402A) YELLOW,True,False,consu,True,True,6947.0,0.0,DOP,Units,,,,,,6947.0,2026-08-14,6947.0,PRICE_OK,0.0,KEEP,inv=6947.0@2026-08-14; master=6947.0,master aligned with recent commercial prices
143,143,TONER HP LASERJET PRO 201A (CF403A) MAGENTA,True,False,consu,True,True,6947.0,0.0,DOP,Units,,,,,,6947.0,2026-08-14,6947.0,PRICE_OK,0.0,KEEP,inv=6947.0@2026-08-14; master=6947.0,master aligned with recent commercial prices
149,149,TONER HP LASERJET PRO M402-MFP M426 CF226A,True,False,consu,True,True,6050.0,0.0,DOP,Units,,,,,,6050.0,2026-08-14,6050.0,PRICE_OK,0.0,KEEP,inv=6050.0@2026-08-14; master=6050.0,master aligned with recent commercial prices
148,148,TONER LASERJET ENTERPRISE MFP M 528,True,False,consu,True,True,8530.0,0.0,DOP,Units,,,,,,8530.0,2026-08-14,8530.0,PRICE_OK,0.0,KEEP,inv=8530.0@2026-08-14; master=8530.0,master aligned with recent commercial prices
24,24,TONER STANDARD CANON 057A WITHOUT CHIP,True,False,consu,True,True,5878.9,0.0,DOP,Units,,,,,,5878.9,2026-09-02,5878.9,PRICE_OK,0.0,KEEP,inv=5878.9@2026-09-02; master=5878.9,master aligned with recent commercial prices
161,161,TORNILLO AUTOPERFORANTES ( 1/2 32 MM ),True,False,consu,True,True,88.92,0.0,DOP,Units,,,,,,88.92,2026-08-21,88.92,PRICE_OK,0.0,KEEP,inv=88.92@2026-08-21; master=88.92,master aligned with recent commercial prices
638,638,Tornillo De 2'',True,False,consu,True,True,200.0,0.0,DOP,Units,Ferretería,,,,,,,,NO_SALES_HISTORY,,NO_ACTION,master=200.0,"has master price, no quotation/sale/invoice lines"
263,263,Tornillo Diablito 6x 1 1/2 Pulgada,True,False,consu,True,True,4240.0,0.0,DOP,Units,Ferretería,,,,,,,,NO_SALES_HISTORY,,NO_ACTION,master=4240.0,"has master price, no quotation/sale/invoice lines"
264,264,Tornillo Diablito 6x 2 Pulgada,True,False,consu,True,True,2950.0,0.0,DOP,Units,Ferretería,,,,,,,,NO_SALES_HISTORY,,NO_ACTION,master=2950.0,"has master price, no quotation/sale/invoice lines"
872,872,Tornillo Diab. Negro 2.5' 'x8 Mipecker,True,False,consu,True,True,10.77,0.0,DOP,Units,Ferretería,,,,,,,,NO_SALES_HISTORY,,NO_ACTION,master=10.77,"has master price, no quotation/sale/invoice lines"
889,889,Tornillo Hexagonal 11/2,True,False,consu,True,True,16.0,0.0,DOP,Units,Ferretería,,,,,,,,NO_SALES_HISTORY,,NO_ACTION,master=16.0,"has master price, no quotation/sale/invoice lines"
244,244,Tornillo Hexagonal 5/16X2,True,False,consu,True,True,24.0,0.0,DOP,Units,Ferretería,,,,,,,,NO_SALES_HISTORY,,NO_ACTION,master=24.0,"has master price, no quotation/sale/invoice lines"
612,612,Tornillo Hexagonal 5/8X2,True,False,consu,True,True,10.0,0.0,DOP,Units,Ferretería,,,,,,,,NO_SALES_HISTORY,,NO_ACTION,master=10.0,"has master price, no quotation/sale/invoice lines"
1031,1031,Tornillo P/aluzinc 14X1 1000/1,True,False,consu,True,True,6520.0,0.0,DOP,Units,Ferretería,,,,,,,,NO_SALES_HISTORY,,NO_ACTION,master=6520.0,"has master price, no quotation/sale/invoice lines"
1454,1454,Tornillo Para Aluzinc 14X1 1000/1,True,False,consu,True,True,6940.0,0.0,DOP,Units,Ferretería,,,,,,,,NO_SALES_HISTORY,,NO_ACTION,master=6940.0,"has master price, no quotation/sale/invoice lines"
1450,1450,Tornillos 1-1/4 X 6 FMB P/diablito,True,False,consu,True,True,5500.0,0.0,DOP,Units,Ferretería,,,,,,,,NO_SALES_HISTORY,,NO_ACTION,master=5500.0,"has master price, no quotation/sale/invoice lines"
1449,1449,Tornillos 1 X 8 FMB P/diablito,True,False,consu,True,True,3800.0,0.0,DOP,Units,Ferretería,,,,,,,,NO_SALES_HISTORY,,NO_ACTION,master=3800.0,"has master price, no quotation/sale/invoice lines"
1451,1451,Tornillos 2 X 6 FMB P/diablito,True,False,consu,True,True,2400.0,0.0,DOP,Units,Ferretería,,,,,,,,NO_SALES_HISTORY,,NO_ACTION,master=2400.0,"has master price, no quotation/sale/invoice lines"
467,467,Tornillos 8X1 FMB P/diablito,True,False,consu,True,True,3662.0,0.0,DOP,Units,Ferretería,,,,,,,,NO_SALES_HISTORY,,NO_ACTION,master=3662.0,"has master price, no quotation/sale/invoice lines"
861,861,Torobon AZUL,True,False,consu,True,True,1450.0,0.0,DOP,Units,Ferretería,,,,,,,,NO_SALES_HISTORY,,NO_ACTION,master=1450.0,"has master price, no quotation/sale/invoice lines"
1556,1556,Tostadora P/USO Domestico Universal,True,False,consu,True,True,2250.0,0.0,DOP,Units,Ferretería,,,,,,,,NO_SALES_HISTORY,,NO_ACTION,master=2250.0,"has master price, no quotation/sale/invoice lines"
1589,1589,Tostadoras Eutronic GDE SWP-02,True,False,consu,True,True,2625.5,0.0,DOP,Units,Ferretería,,,,,,,,NO_SALES_HISTORY,,NO_ACTION,master=2625.5,"has master price, no quotation/sale/invoice lines"
644,644,Total 22,True,False,consu,True,True,7865.61,0.0,DOP,Units,Ferretería,,,,,,,,NO_SALES_HISTORY,,NO_ACTION,master=7865.61,"has master price, no quotation/sale/invoice lines"
1462,1462,TOTAL Indirectos,True,False,consu,True,True,517848.72,0.0,DOP,Units,Ferretería,,,,,,,,NO_SALES_HISTORY,,NO_ACTION,master=517848.72,"has master price, no quotation/sale/invoice lines"
643,643,Trabajador De 2da Categoría (T2),True,False,consu,True,True,520.0,0.0,DOP,Units,Ferretería,,,,,,,,NO_SALES_HISTORY,,NO_ACTION,master=520.0,"has master price, no quotation/sale/invoice lines"
1579,1579,Trafico Amarillo Positivo,True,False,consu,True,True,1398.31,0.0,DOP,Units,Ferretería,,,,,,,,NO_SALES_HISTORY,,NO_ACTION,master=1398.31,"has master price, no quotation/sale/invoice lines"
1578,1578,Trafico Blanco,True,False,consu,True,True,1398.31,0.0,DOP,Units,Ferretería,,,,,,,,NO_SALES_HISTORY,,NO_ACTION,master=1398.31,"has master price, no quotation/sale/invoice lines"
1212,1212,"Transformadores, Inversor DE Corriente 1000W Compuesto DE CARGA USB, 12V A 110V",True,False,consu,True,True,5500.0,0.0,DOP,Units,Ferretería,,,,,,,,NO_SALES_HISTORY,,NO_ACTION,master=5500.0,"has master price, no quotation/sale/invoice lines"
315,315,Transformador LED DRIVER MODELO SS M 13648 600 IMPUT AC85 265V 50/60,True,False,consu,True,True,700.0,0.0,DOP,Units,Material eléctrico,,,,,,,,NO_SALES_HISTORY,,NO_ACTION,master=700.0,"has master price, no quotation/sale/invoice lines"
27,27,TRANSPORTE CALICHE,True,False,service,True,False,3000.0,0.0,DOP,Units,,,,,,3000.0,2026-01-09,3000.0,PRICE_OK,0.0,KEEP,inv=3000.0@2026-01-09; master=3000.0,master aligned with recent commercial prices
1276,1276,Transporte IDA Y VUELTA DE LOWBOY,True,False,consu,True,True,16000.0,0.0,DOP,Units,Ferretería,,,,,,,,NO_SALES_HISTORY,,NO_ACTION,master=16000.0,"has master price, no quotation/sale/invoice lines"
29,29,TRASLADO Y REGADO DE STACKED MATERIAL,True,False,service,True,False,18500.0,0.0,DOP,Days,,,,,,18500.0,2026-01-08,18500.0,PRICE_OK,0.0,KEEP,inv=18500.0@2026-01-08; master=18500.0,master aligned with recent commercial prices
234,234,Tropical Acrilica US Satinada BLANCO 00,True,False,consu,True,True,12930.0,0.0,DOP,Units,Ferretería,,,,,,,,NO_SALES_HISTORY,,NO_ACTION,master=12930.0,"has master price, no quotation/sale/invoice lines"
944,944,Tropical BARNIZ Natural CON BRILLO GL,True,False,consu,True,True,2512.0,0.0,DOP,Units,Ferretería,,,,,,,,NO_SALES_HISTORY,,NO_ACTION,master=2512.0,"has master price, no quotation/sale/invoice lines"
452,452,Tropical LACA Natural BRILLO,True,False,consu,True,True,2725.0,0.0,DOP,Units,Ferretería,,,,,,,,NO_SALES_HISTORY,,NO_ACTION,master=2725.0,"has master price, no quotation/sale/invoice lines"
1096,1096,Tropical SEALER (6158),True,False,consu,True,True,1215.0,0.0,DOP,Units,Ferretería,,,,,,,,NO_SALES_HISTORY,,NO_ACTION,master=1215.0,"has master price, no quotation/sale/invoice lines"
1097,1097,Tropical Thinner TH-900,True,False,consu,True,True,475.0,0.0,DOP,Units,Pinturas,,,,,,,,NO_SALES_HISTORY,,NO_ACTION,master=475.0,"has master price, no quotation/sale/invoice lines"
1184,1184,Tuberia Licuaty 3/4 Plastica,True,False,consu,True,True,8450.0,0.0,DOP,Units,Ferretería,,,,,,,,NO_SALES_HISTORY,,NO_ACTION,master=8450.0,"has master price, no quotation/sale/invoice lines"
866,866,Tuberia MT 3 Pulgadas,True,False,consu,True,True,2325.0,0.0,DOP,Units,Ferretería,,,,,,,,NO_SALES_HISTORY,,NO_ACTION,master=2325.0,"has master price, no quotation/sale/invoice lines"
1025,1025,TUBO 1/2 H.galvanizado,True,False,consu,True,True,1578.0,0.0,DOP,Units,Plomería,,,,,,,,NO_SALES_HISTORY,,NO_ACTION,master=1578.0,"has master price, no quotation/sale/invoice lines"
158,158,TUBO CUADRADO GALVANIZADO ( 3X3X1.5 MM ),True,False,consu,True,True,1265.0,0.0,DOP,Units,,,,,,1265.0,2026-08-21,1265.0,PRICE_OK,0.0,KEEP,inv=1265.0@2026-08-21; master=1265.0,master aligned with recent commercial prices
157,157,TUBO CUADRADO GALVANIZADO ( 4X4 1.5 MM ),True,False,consu,True,True,1895.73,0.0,DOP,Units,,,,,,1895.73,2026-08-21,1895.73,PRICE_OK,0.0,KEEP,inv=1895.73@2026-08-21; master=1895.73,master aligned with recent commercial prices
1065,1065,TUBO DE 10X2 P/malla,True,False,consu,True,True,1958.0,0.0,DOP,Units,Plomería,,,,,,,,NO_SALES_HISTORY,,NO_ACTION,master=1958.0,"has master price, no quotation/sale/invoice lines"
1455,1455,TUBO DE 1-1/2 *15 Para MALLA,True,False,consu,True,True,1356.0,0.0,DOP,Units,Plomería,,,,,,,,NO_SALES_HISTORY,,NO_ACTION,master=1356.0,"has master price, no quotation/sale/invoice lines"
1024,1024,TUBO DE 1-1/2 *15 P/malla,True,False,consu,True,True,840.0,0.0,DOP,Units,Plomería,,,,,,,,NO_SALES_HISTORY,,NO_ACTION,master=840.0,"has master price, no quotation/sale/invoice lines"
785,785,TUBO DE 20X20″ P/malla,True,False,consu,True,True,929.97,0.0,DOP,Units,Plomería,,,,,,,,NO_SALES_HISTORY,,NO_ACTION,master=929.97,"has master price, no quotation/sale/invoice lines"
1456,1456,TUBO DE 2 Para MALLA,True,False,consu,True,True,2230.6,0.0,DOP,Units,Plomería,,,,,,,,NO_SALES_HISTORY,,NO_ACTION,master=2230.6,"has master price, no quotation/sale/invoice lines"
1023,1023,TUBO DE 2 P/malla,True,False,consu,True,True,1958.6,0.0,DOP,Units,Plomería,,,,,,,,NO_SALES_HISTORY,,NO_ACTION,master=1958.6,"has master price, no quotation/sale/invoice lines"
646,646,TUBO DE 2X20 P/malla,True,False,consu,True,True,1985.0,0.0,DOP,Units,Plomería,,,,,,,,NO_SALES_HISTORY,,NO_ACTION,master=1985.0,"has master price, no quotation/sale/invoice lines"
1014,1014,TUBO DE Presion DE 12,True,False,consu,True,True,49780.0,0.0,DOP,Units,Plomería,,,,,,,,NO_SALES_HISTORY,,NO_ACTION,master=49780.0,"has master price, no quotation/sale/invoice lines"
885,885,TUBO EMT 3/4,True,False,consu,True,True,300.0,0.0,DOP,Units,Plomería,,,,,,,,NO_SALES_HISTORY,,NO_ACTION,master=300.0,"has master price, no quotation/sale/invoice lines"
200,200,Tubo Led 18w 48'' 6000k,True,False,consu,True,True,480.0,0.0,DOP,Units,Plomería,,,,,,,,NO_SALES_HISTORY,,NO_ACTION,master=480.0,"has master price, no quotation/sale/invoice lines"
1059,1059,TUBO LED 2C. 32W,True,False,consu,True,True,480.0,0.0,DOP,Units,Plomería,,,,,,,,NO_SALES_HISTORY,,NO_ACTION,master=480.0,"has master price, no quotation/sale/invoice lines"
624,624,TUBO PARA MALLA 1 1/2 X 15 S/rosca Generico,True,False,consu,True,True,708.0,0.0,DOP,Units,Plomería,,,,,,,,NO_SALES_HISTORY,,NO_ACTION,master=708.0,"has master price, no quotation/sale/invoice lines"
625,625,TUBO PARA MALLA 1 1/4 X20 S/rosca Generico,True,False,consu,True,True,881.6,0.0,DOP,Units,Plomería,,,,,,,,NO_SALES_HISTORY,,NO_ACTION,master=881.6,"has master price, no quotation/sale/invoice lines"
712,712,TUBO Presion 3/4''X 19 SCH 40,True,False,consu,True,True,565.0,0.0,DOP,Units,Plomería,,,,,,,,NO_SALES_HISTORY,,NO_ACTION,master=565.0,"has master price, no quotation/sale/invoice lines"
616,616,TUBO PVC 12X19 SDR41 CORVI,True,False,consu,True,True,20351.68,0.0,DOP,Units,Plomería,,,,,,,,NO_SALES_HISTORY,,NO_ACTION,master=20351.68,"has master price, no quotation/sale/invoice lines"
617,617,TUBO PVC 8X19 SDR41 CORVI,True,False,consu,True,True,8309.12,0.0,DOP,Units,Plomería,,,,,,,,NO_SALES_HISTORY,,NO_ACTION,master=8309.12,"has master price, no quotation/sale/invoice lines"
962,962,"TUBO PVC DE 12''x19 , SDR-41 CORVI",True,False,consu,True,True,16656.29,0.0,DOP,Units,Plomería,,,,,,,,NO_SALES_HISTORY,,NO_ACTION,master=16656.29,"has master price, no quotation/sale/invoice lines"
963,963,"TUBO PVC DE 8''X19 , SDR-41 CORVI",True,False,consu,True,True,12956.29,0.0,DOP,Units,Plomería,,,,,,,,NO_SALES_HISTORY,,NO_ACTION,master=12956.29,"has master price, no quotation/sale/invoice lines"
1485,1485,"TUBO PVC Drenaje 10""x19 Sdr-41",True,False,consu,True,True,14199.82,0.0,DOP,Units,Plomería,,,,,,,,NO_SALES_HISTORY,,NO_ACTION,master=14199.82,"has master price, no quotation/sale/invoice lines"
1483,1483,"TUBO PVC Drenaje 6""X19 Sdr-41",True,False,consu,True,True,6168.07,0.0,DOP,Units,Plomería,,,,,,,,NO_SALES_HISTORY,,NO_ACTION,master=6168.07,"has master price, no quotation/sale/invoice lines"
1484,1484,"TUBO PVC Drenaje 8""X19 Sdr-41",True,False,consu,True,True,9293.55,0.0,DOP,Units,Plomería,,,,,,,,NO_SALES_HISTORY,,NO_ACTION,master=9293.55,"has master price, no quotation/sale/invoice lines"
376,376,TUBO PVC SDR-26 X 1/2,True,False,consu,True,True,180.0,0.0,DOP,Units,Plomería,,,,,,,,NO_SALES_HISTORY,,NO_ACTION,master=180.0,"has master price, no quotation/sale/invoice lines"
159,159,TUBO RECTANGULAR GALVANIZADO ( 2X2X1.5 MM ),True,False,consu,True,True,942.0,0.0,DOP,Units,,,,,,942.0,2026-08-21,942.0,PRICE_OK,0.0,KEEP,inv=942.0@2026-08-21; master=942.0,master aligned with recent commercial prices
711,711,TUBO SCH-40 1'',True,False,consu,True,True,780.0,0.0,DOP,Units,Plomería,,,,,,,,NO_SALES_HISTORY,,NO_ACTION,master=780.0,"has master price, no quotation/sale/invoice lines"
728,728,TUBO SCH-40 2'',True,False,consu,True,True,880.0,0.0,DOP,Units,Plomería,,,,,,,,NO_SALES_HISTORY,,NO_ACTION,master=880.0,"has master price, no quotation/sale/invoice lines"
713,713,TUBO SCH-40 DE 1/2'',True,False,consu,True,True,595.0,0.0,DOP,Units,Plomería,,,,,,,,NO_SALES_HISTORY,,NO_ACTION,master=595.0,"has master price, no quotation/sale/invoice lines"
940,940,TUBOS DE OLEO MARRON,True,False,consu,True,True,520.0,0.0,DOP,Units,Plomería,,,,,,,,NO_SALES_HISTORY,,NO_ACTION,master=520.0,"has master price, no quotation/sale/invoice lines"
316,316,TUBOS SKTG4F-18 T8 18W 10% 100-265V 25000 H,True,False,consu,True,True,480.0,0.0,DOP,Units,Plomería,,,,,,,,NO_SALES_HISTORY,,NO_ACTION,master=480.0,"has master price, no quotation/sale/invoice lines"
613,613,TUERCA DE 5/8,True,False,consu,True,True,10.0,0.0,DOP,Units,Ferretería,,,,,,,,NO_SALES_HISTORY,,NO_ACTION,master=10.0,"has master price, no quotation/sale/invoice lines"
317,317,UND.,True,False,consu,True,True,1750.0,0.0,DOP,Units,Ferretería,,,,,,,,NO_SALES_HISTORY,,NO_ACTION,master=1750.0,"has master price, no quotation/sale/invoice lines"
475,475,Uniforme TIPO OVEROL SIZE (8 L Y 4 M),True,False,consu,True,True,2250.34,0.0,DOP,Units,Ferretería,,,,,,,,NO_SALES_HISTORY,,NO_ACTION,master=2250.34,"has master price, no quotation/sale/invoice lines"
1412,1412,Union Universal 3/4 Pvc,True,False,consu,True,True,85.0,0.0,DOP,Units,Plomería,,,,,,,,NO_SALES_HISTORY,,NO_ACTION,master=85.0,"has master price, no quotation/sale/invoice lines"
803,803,UNION Universal PVC 1'',True,False,consu,True,True,155.0,0.0,DOP,Units,Plomería,,,,,,,,NO_SALES_HISTORY,,NO_ACTION,master=155.0,"has master price, no quotation/sale/invoice lines"
1388,1388,Vainilla Blanca,True,False,consu,True,True,650.0,0.0,DOP,Units,Ferretería,,,,,,,,NO_SALES_HISTORY,,NO_ACTION,master=650.0,"has master price, no quotation/sale/invoice lines"
23,23,"VALLA DE SEGURIDAD 2MT X 1.10MT EN TUBOS GALVANIZADOS DE 1 1/4"" Y BARRAS DE 5/8"" CON ESMALTE ALUMINIO",True,False,consu,True,True,10408.0,0.0,DOP,Units,,,,,,10408.0,2026-08-21,10408.0,PRICE_OK,0.0,KEEP,inv=10408.0@2026-08-21; master=10408.0,master aligned with recent commercial prices
618,618,VALLA DE Senalizacion EN METAL (hombres Trabajando),True,False,consu,True,True,9600.0,0.0,DOP,Units,Ferretería,,,,,,,,NO_SALES_HISTORY,,NO_ACTION,master=9600.0,"has master price, no quotation/sale/invoice lines"
1248,1248,VALLAS DE Seguridad DE Aluminio,True,False,consu,True,True,6525.0,0.0,DOP,Units,Ferretería,,,,,,,,NO_SALES_HISTORY,,NO_ACTION,master=6525.0,"has master price, no quotation/sale/invoice lines"
1362,1362,Válvula De Servicio AVX-1/4,True,False,consu,True,True,62.73,0.0,DOP,Units,Plomería,,,,,,,,NO_SALES_HISTORY,,NO_ACTION,master=62.73,"has master price, no quotation/sale/invoice lines"
114,114,VALVULA ENTRADA INODORO 200AM133 FLUIDMASTER,True,False,consu,True,True,740.0,0.0,DOP,Units,,,,,,740.0,2025-12-22,740.0,PRICE_OK,0.0,KEEP,inv=740.0@2025-12-22; master=740.0,master aligned with recent commercial prices
1491,1491,Valvula Fluxometro PARA Inodoro,True,False,consu,True,True,12340.0,0.0,DOP,Units,Plomería,,,,,,,,NO_SALES_HISTORY,,NO_ACTION,master=12340.0,"has master price, no quotation/sale/invoice lines"
734,734,Valvula Fluxometro P/inodoro Z6000-WS1-YB YC ZURN,True,False,consu,True,True,11232.0,0.0,DOP,Units,Plomería,,,,,,,,NO_SALES_HISTORY,,NO_ACTION,master=11232.0,"has master price, no quotation/sale/invoice lines"
68,68,VALVULA FLUXOMETRO P/INODORO Z6000-WS1-YBYC ZURN,True,False,consu,True,True,11232.0,0.0,DOP,Units,,,,,,11232.0,2025-12-22,11232.0,PRICE_OK,0.0,KEEP,inv=11232.0@2025-12-22; master=11232.0,master aligned with recent commercial prices
115,115,VALVULA SALIDA P/INODORO 507A133 FLUIDMASTER,True,False,consu,True,True,544.0,0.0,DOP,Units,,,,,,544.0,2025-12-22,544.0,PRICE_OK,0.0,KEEP,inv=544.0@2025-12-22; master=544.0,master aligned with recent commercial prices
782,782,Valvula TIPO Fluxometro PARA Inodoro,True,False,consu,True,True,9130.0,0.0,DOP,Units,Plomería,,,,,,,,NO_SALES_HISTORY,,NO_ACTION,master=9130.0,"has master price, no quotation/sale/invoice lines"
1004,1004,VARA PARA Extension,True,False,consu,True,True,1898.0,0.0,DOP,Units,Ferretería,,,,,,,,NO_SALES_HISTORY,,NO_ACTION,master=1898.0,"has master price, no quotation/sale/invoice lines"
387,387,VARA PARA Extension BYP,True,False,consu,True,True,1650.0,0.0,DOP,Units,Ferretería,,,,,,,,NO_SALES_HISTORY,,NO_ACTION,master=1650.0,"has master price, no quotation/sale/invoice lines"
966,966,VARA PARA PINTAR BYP,True,False,consu,True,True,1425.0,0.0,DOP,Units,Ferretería,,,,,,,,NO_SALES_HISTORY,,NO_ACTION,master=1425.0,"has master price, no quotation/sale/invoice lines"
209,209,Varilla 1/2,True,False,consu,True,True,110325.62,0.0,DOP,Units,Construcción,,,,,,,,NO_SALES_HISTORY,,NO_ACTION,master=110325.62,"has master price, no quotation/sale/invoice lines"
319,319,Varilla 3/4,True,False,consu,True,True,118143.51,0.0,DOP,Units,Construcción,,,,,,,,NO_SALES_HISTORY,,NO_ACTION,master=118143.51,"has master price, no quotation/sale/invoice lines"
1190,1190,Varilla 3/4X40 (at-37) 40 AT 0 UD GDO 60 Metaldom,True,False,consu,True,True,66945.74,0.0,DOP,Units,Construcción,,,,,,,,NO_SALES_HISTORY,,NO_ACTION,master=66945.74,"has master price, no quotation/sale/invoice lines"
1487,1487,Varilla 3/5,True,False,consu,True,True,104906.65,0.0,DOP,Units,Construcción,,,,,,,,NO_SALES_HISTORY,,NO_ACTION,master=104906.65,"has master price, no quotation/sale/invoice lines"
336,336,Varilla 3/8,True,False,consu,True,True,110325.62,0.0,DOP,Units,Construcción,,,,,,,,NO_SALES_HISTORY,,NO_ACTION,master=110325.62,"has master price, no quotation/sale/invoice lines"
607,607,Varilla P/soldar 1/8 C/10LBS E-7018 Universal,True,False,consu,True,True,2016.0,0.0,DOP,Units,Construcción,,,,,,,,NO_SALES_HISTORY,,NO_ACTION,master=2016.0,"has master price, no quotation/sale/invoice lines"
606,606,Varilla P/soldar 3/32 C/10LBS E-6013 Universal,True,False,consu,True,True,1649.4,0.0,DOP,Units,Construcción,,,,,,,,NO_SALES_HISTORY,,NO_ACTION,master=1649.4,"has master price, no quotation/sale/invoice lines"
1261,1261,VASOS Higienicos NO.7,True,False,consu,True,True,60.0,0.0,DOP,Units,Ferretería,,,,,,,,NO_SALES_HISTORY,,NO_ACTION,master=60.0,"has master price, no quotation/sale/invoice lines"
1457,1457,Ventana Salomonica,True,False,consu,True,True,108500.0,0.0,DOP,Units,Ferretería,,,,,,,,NO_SALES_HISTORY,,NO_ACTION,master=108500.0,"has master price, no quotation/sale/invoice lines"
497,497,Ventana Salomonica AA 1.10X1.30 M,True,False,consu,True,True,8200.0,0.0,DOP,Units,Ferretería,,,,,,,,NO_SALES_HISTORY,,NO_ACTION,master=8200.0,"has master price, no quotation/sale/invoice lines"
500,500,Ventana Salomonica AA 1.50X1.50 M,True,False,consu,True,True,9400.0,0.0,DOP,Units,Ferretería,,,,,,,,NO_SALES_HISTORY,,NO_ACTION,master=9400.0,"has master price, no quotation/sale/invoice lines"
498,498,Ventana Salomonica AA 1.50X1.60 M,True,False,consu,True,True,10850.0,0.0,DOP,Units,Ferretería,,,,,,,,NO_SALES_HISTORY,,NO_ACTION,master=10850.0,"has master price, no quotation/sale/invoice lines"
501,501,Ventana Salomonica AA 1.60X1.60 M,True,False,consu,True,True,12750.0,0.0,DOP,Units,Ferretería,,,,,,,,NO_SALES_HISTORY,,NO_ACTION,master=12750.0,"has master price, no quotation/sale/invoice lines"
499,499,Ventana Salomonica AA 1X1.60 M,True,False,consu,True,True,8500.0,0.0,DOP,Units,Ferretería,,,,,,,,NO_SALES_HISTORY,,NO_ACTION,master=8500.0,"has master price, no quotation/sale/invoice lines"
1468,1468,VERDE Positivo Pintura Acrilica,True,False,consu,True,True,11630.8,0.0,DOP,Units,Pinturas,,,,,,,,NO_SALES_HISTORY,,NO_ACTION,master=11630.8,"has master price, no quotation/sale/invoice lines"
1110,1110,VERDE Positivo Pintura Acrilica Popular,True,False,consu,True,True,11790.13,0.0,DOP,Units,Pinturas,,,,,,,,NO_SALES_HISTORY,,NO_ACTION,master=11790.13,"has master price, no quotation/sale/invoice lines"
1028,1028,VIGA 6X4X30 FINA,True,False,consu,True,True,19938.5,0.0,DOP,Units,Ferretería,,,,,,,,NO_SALES_HISTORY,,NO_ACTION,master=19938.5,"has master price, no quotation/sale/invoice lines"
1221,1221,VIGA H 4x4-30 (13.0# )-390 LBS,True,False,consu,True,True,20796.85,0.0,DOP,Units,Ferretería,,,,,,,,NO_SALES_HISTORY,,NO_ACTION,master=20796.85,"has master price, no quotation/sale/invoice lines"
1223,1223,VIGA H 6X4-30 (16.0#) -480 LBS FINA,True,False,consu,True,True,24898.95,0.0,DOP,Units,Ferretería,,,,,,,,NO_SALES_HISTORY,,NO_ACTION,master=24898.95,"has master price, no quotation/sale/invoice lines"
1222,1222,VIGA H 6x6-30 (25.0# )-750 LBS,True,False,consu,True,True,41999.88,0.0,DOP,Units,Ferretería,,,,,,,,NO_SALES_HISTORY,,NO_ACTION,master=41999.88,"has master price, no quotation/sale/invoice lines"
647,647,Viga H 6X6 De 30'',True,False,consu,True,True,17294.95,0.0,DOP,Units,Ferretería,,,,,,,,NO_SALES_HISTORY,,NO_ACTION,master=17294.95,"has master price, no quotation/sale/invoice lines"
137,137,VIGA H 6X6X30,True,False,consu,True,True,19655.0,0.0,DOP,Units,,,,,,19655.0,2025-12-22,19655.0,PRICE_OK,0.0,KEEP,inv=19655.0@2025-12-22; master=19655.0,master aligned with recent commercial prices
783,783,VIGA H 6x6x30' (15.0# Lb/p)-450 Lbs,True,False,consu,True,True,2288.0,0.0,DOP,Units,Ferretería,,,,,,,,NO_SALES_HISTORY,,NO_ACTION,master=2288.0,"has master price, no quotation/sale/invoice lines"
66,66,VIGA H 6X6X30 15 LB/P,True,False,consu,True,True,35360.0,0.0,DOP,Units,,,,,,35360.0,2025-12-22,35360.0,PRICE_OK,0.0,KEEP,inv=35360.0@2025-12-22; master=35360.0,master aligned with recent commercial prices
1266,1266,WD-40 AKFIX A40 MAGIC,True,False,consu,True,True,295.0,0.0,DOP,Units,Ferretería,,,,,,,,NO_SALES_HISTORY,,NO_ACTION,master=295.0,"has master price, no quotation/sale/invoice lines"
356,356,Zafacon 200 LT,True,False,consu,True,True,9560.0,0.0,DOP,Units,Ferretería,,,,,,,,NO_SALES_HISTORY,,NO_ACTION,master=9560.0,"has master price, no quotation/sale/invoice lines"
1426,1426,Zafacon DE 2 RUEDA 200 LT,True,False,consu,True,True,8500.0,0.0,DOP,Units,Ferretería,,,,,,,,NO_SALES_HISTORY,,NO_ACTION,master=8500.0,"has master price, no quotation/sale/invoice lines"
76,76,ZAFACON EKO 20L-WH 5GL,True,False,consu,True,True,2500.0,0.0,DOP,Units,,,,,,2500.0,2025-12-22,2500.0,PRICE_OK,0.0,KEEP,inv=2500.0@2025-12-22; master=2500.0,master aligned with recent commercial prices
77,77,ZAFACON EKO 55L-WH 15GL,True,False,consu,True,True,7700.0,0.0,DOP,Units,,,,,,7700.0,2025-12-22,7700.0,PRICE_OK,0.0,KEEP,inv=7700.0@2025-12-22; master=7700.0,master aligned with recent commercial prices
598,598,Zapapico CON MANGO 5LBS 77303/553 Tramontina,True,False,consu,True,True,1571.2,0.0,DOP,Units,Ferretería,,,,,,,,NO_SALES_HISTORY,,NO_ACTION,master=1571.2,"has master price, no quotation/sale/invoice lines"
1333,1333,Z Bracket P/ Cerradura De 600 Lbs,True,False,consu,True,True,1350.0,0.0,DOP,Units,Ferretería,,,,,,,,NO_SALES_HISTORY,,NO_ACTION,master=1350.0,"has master price, no quotation/sale/invoice lines"
