PRODUCT_ID,NAME,CURRENT_TYPE,PROPOSED_TYPE,CURRENT_SALE_OK,PROPOSED_SALE_OK,CURRENT_PURCHASE_OK,PROPOSED_PURCHASE_OK,COMPANY,CATEGORY,EVIDENCE,CONFIDENCE,ACTION,REASON
1242,05-A NEGRO,consu,consu,True,True,True,True,SHARED,Ferretería,PHYSICAL_GOOD,HIGH_CONFIDENCE,KEEP,Already Goods and name is not a service
1232,05-A NEGRO TONER HP PAGINA PARA Impresora Laserjet,consu,consu,True,True,True,True,SHARED,Tecnología,PHYSICAL_GOOD,DETERMINISTIC,KEEP,"Physical material, merchandise, food or tool"
1689,1/2 GALON DE COLA AMARILLA UNIVERSAL CANO,consu,consu,True,True,True,True,SHARED,,PHYSICAL_GOOD,HIGH_CONFIDENCE,KEEP,Already Goods and name is not a service
1193,12R22.5 GMX GM869 18PR Combinada,consu,consu,True,True,True,True,SHARED,Ferretería,PHYSICAL_GOOD,HIGH_CONFIDENCE,KEEP,Already Goods and name is not a service
1192,12R24.5- Grandstone ZIGZAG GT168,consu,consu,True,True,True,True,SHARED,Ferretería,PHYSICAL_GOOD,HIGH_CONFIDENCE,KEEP,Already Goods and name is not a service
1238,131-A Amarillo,consu,consu,True,True,True,True,SHARED,Ferretería,PHYSICAL_GOOD,HIGH_CONFIDENCE,KEEP,Already Goods and name is not a service
1228,131-A Amarillo Paginas PARA Impresora COLOR Laserjet,consu,consu,True,True,True,True,SHARED,Tecnología,PHYSICAL_GOOD,HIGH_CONFIDENCE,KEEP,Already Goods and name is not a service
1241,136-A NEGRO,consu,consu,True,True,True,True,SHARED,Ferretería,PHYSICAL_GOOD,HIGH_CONFIDENCE,KEEP,Already Goods and name is not a service
1231,136-A NEGRO TONER Standard HP,consu,consu,True,True,True,True,SHARED,Tecnología,PHYSICAL_GOOD,DETERMINISTIC,KEEP,"Physical material, merchandise, food or tool"
1239,137-A NEGRO,consu,consu,True,True,True,True,SHARED,Ferretería,PHYSICAL_GOOD,HIGH_CONFIDENCE,KEEP,Already Goods and name is not a service
1229,137-A NEGRO TONER Standard HP,consu,consu,True,True,True,True,SHARED,Tecnología,PHYSICAL_GOOD,DETERMINISTIC,KEEP,"Physical material, merchandise, food or tool"
856,14111530 - Papel De Notas(...),consu,consu,True,True,True,True,SHARED,Oficina,PHYSICAL_GOOD,HIGH_CONFIDENCE,KEEP,Already Goods and name is not a service
261,1/4 Masilla P/madera Wood F Caoba WF-828-,consu,consu,True,True,True,True,SHARED,Mobiliario,PHYSICAL_GOOD,HIGH_CONFIDENCE,KEEP,Already Goods and name is not a service
262,1/4 Pasta Acrilica Cano (32 OZ),consu,consu,True,True,True,True,SHARED,Ferretería,PHYSICAL_GOOD,HIGH_CONFIDENCE,KEEP,Already Goods and name is not a service
469,1/4 PASTA Acrilica CANO BLANCA (32 OZ),consu,consu,True,True,True,True,SHARED,Ferretería,PHYSICAL_GOOD,HIGH_CONFIDENCE,KEEP,Already Goods and name is not a service
470,1/4 PASTA Acrilica CANO CAOBA (32 OZ),consu,consu,True,True,True,True,SHARED,Ferretería,PHYSICAL_GOOD,HIGH_CONFIDENCE,KEEP,Already Goods and name is not a service
671,1/4 PASTA Acrilica CANO MARRON (32 OZ),consu,consu,True,True,True,True,SHARED,Ferretería,PHYSICAL_GOOD,HIGH_CONFIDENCE,KEEP,Already Goods and name is not a service
1194,195R15COSMO EL JEFE VAN Ll 8 PR,consu,consu,True,True,True,True,SHARED,Ferretería,PHYSICAL_GOOD,HIGH_CONFIDENCE,KEEP,Already Goods and name is not a service
140,201-A TONER HP PARA IMPRESORA COLOR LASERJET (W277),consu,consu,True,True,True,True,SHARED,,PHYSICAL_GOOD,DETERMINISTIC,KEEP,"Physical material, merchandise, food or tool"
141,215-A TONER HP LASERJET PRO 201A (CF401A) CYAN,consu,consu,True,True,True,True,SHARED,,PHYSICAL_GOOD,DETERMINISTIC,KEEP,"Physical material, merchandise, food or tool"
1224,215-A TONER HP PARA Impresora COLOR Laserjet (w2310a ) NEGRO,consu,consu,True,True,True,True,SHARED,Tecnología,PHYSICAL_GOOD,DETERMINISTIC,KEEP,"Physical material, merchandise, food or tool"
1234,215-A (w2310a ) Magenta,consu,consu,True,True,True,True,SHARED,Ferretería,PHYSICAL_GOOD,HIGH_CONFIDENCE,KEEP,Already Goods and name is not a service
1233,215-A (w2310a ) NEGRO,consu,consu,True,True,True,True,SHARED,Ferretería,PHYSICAL_GOOD,HIGH_CONFIDENCE,KEEP,Already Goods and name is not a service
1195,265/65R17 Bfgoodrich Trail-terra,consu,consu,True,True,True,True,SHARED,Ferretería,PHYSICAL_GOOD,HIGH_CONFIDENCE,KEEP,Already Goods and name is not a service
509,2812013 Recogedor LINDA C/PALO PALOS 32 PULG LINDA,consu,consu,True,True,True,True,SHARED,Ferretería,PHYSICAL_GOOD,HIGH_CONFIDENCE,KEEP,Already Goods and name is not a service
844,43201811 - Disco Versátil(...),consu,consu,True,True,True,True,SHARED,Ferretería,PHYSICAL_GOOD,HIGH_CONFIDENCE,KEEP,Already Goods and name is not a service
833,43202001 - Discos Compact(...),consu,consu,True,True,True,True,SHARED,Ferretería,PHYSICAL_GOOD,HIGH_CONFIDENCE,KEEP,Already Goods and name is not a service
853,44101602 - Máquinas Perfo(...),consu,consu,True,True,True,True,SHARED,Ferretería,PHYSICAL_GOOD,HIGH_CONFIDENCE,KEEP,Already Goods and name is not a service
827,44103111 - Rollos De Tint(...),consu,consu,True,True,True,True,SHARED,Ferretería,PHYSICAL_GOOD,HIGH_CONFIDENCE,KEEP,Already Goods and name is not a service
847,44111515 - Cajas U Organi(...),consu,consu,True,True,True,True,SHARED,Ferretería,PHYSICAL_GOOD,HIGH_CONFIDENCE,KEEP,Already Goods and name is not a service
832,44121615 - Grapadoras,consu,consu,True,True,True,True,SHARED,Ferretería,PHYSICAL_GOOD,HIGH_CONFIDENCE,KEEP,Already Goods and name is not a service
851,44121622 - Humectante O C(...),consu,consu,True,True,True,True,SHARED,Ferretería,PHYSICAL_GOOD,HIGH_CONFIDENCE,KEEP,Already Goods and name is not a service
846,44121706 - Lápices De Mad(...),consu,consu,True,True,True,True,SHARED,Ferretería,PHYSICAL_GOOD,HIGH_CONFIDENCE,KEEP,Already Goods and name is not a service
838,44121708 - Marcadores,consu,consu,True,True,True,True,SHARED,Ferretería,PHYSICAL_GOOD,HIGH_CONFIDENCE,KEEP,Already Goods and name is not a service
843,44121716 - Resaltadores,consu,consu,True,True,True,True,SHARED,Ferretería,PHYSICAL_GOOD,HIGH_CONFIDENCE,KEEP,Already Goods and name is not a service
845,44121802 - Fluido De Corr(...),consu,consu,True,True,True,True,SHARED,Ferretería,PHYSICAL_GOOD,HIGH_CONFIDENCE,KEEP,Already Goods and name is not a service
834,44121905 - Almohadillas D(...),consu,consu,True,True,True,True,SHARED,Ferretería,PHYSICAL_GOOD,HIGH_CONFIDENCE,KEEP,Already Goods and name is not a service
820,44122011 - Folders,consu,consu,True,True,True,True,SHARED,Oficina,PHYSICAL_GOOD,HIGH_CONFIDENCE,KEEP,Already Goods and name is not a service
837,44122104 - Clips Para Pap(...),consu,consu,True,True,True,True,SHARED,Ferretería,PHYSICAL_GOOD,HIGH_CONFIDENCE,KEEP,Already Goods and name is not a service
1498,5 Alambre THHN (AWG) #2 BLANCO PHELPS DODGE,consu,consu,True,True,True,True,SHARED,Ferretería,PHYSICAL_GOOD,DETERMINISTIC,KEEP,"Physical material, merchandise, food or tool"
857,60121701 - Sellos De Esta(...),consu,consu,True,True,True,True,SHARED,Ferretería,PHYSICAL_GOOD,HIGH_CONFIDENCE,KEEP,Already Goods and name is not a service
82,6 TEFLON 3/4X0.075MMX10MTS ESTUCHE GENERICO,consu,consu,True,True,True,True,SHARED,,PHYSICAL_GOOD,HIGH_CONFIDENCE,KEEP,Already Goods and name is not a service
1240,87-A NEGRO,consu,consu,True,True,True,True,SHARED,Ferretería,PHYSICAL_GOOD,HIGH_CONFIDENCE,KEEP,Already Goods and name is not a service
1230,87-A NEGRO TONER CONY 87A,consu,consu,True,True,True,True,SHARED,Tecnología,PHYSICAL_GOOD,DETERMINISTIC,KEEP,"Physical material, merchandise, food or tool"
1756,"ABANICO DAIWA DW-FB75 PARED 30"" 10,500 CFM",consu,consu,True,True,True,True,SHARED,,PHYSICAL_GOOD,DETERMINISTIC,KEEP,"Physical material, merchandise, food or tool"
1536,Abanico DAIWA WF-S16M Pedestal 16'' SUPER GRIS,consu,consu,True,True,True,True,SHARED,Electrodomésticos,PHYSICAL_GOOD,DETERMINISTIC,KEEP,"Physical material, merchandise, food or tool"
155,"ABANICO DAIWA WF-S16M PEDESTAL 16"" SUPER GRIS",consu,consu,True,True,True,True,SHARED,,PHYSICAL_GOOD,DETERMINISTIC,KEEP,"Physical material, merchandise, food or tool"
192,Abanico DE BOMBA Pedrollo CP-680A,consu,consu,True,True,True,True,SHARED,Electrodomésticos,PHYSICAL_GOOD,DETERMINISTIC,KEEP,"Physical material, merchandise, food or tool"
441,Abanico DE PARED,consu,consu,True,True,True,True,SHARED,Electrodomésticos,PHYSICAL_GOOD,DETERMINISTIC,KEEP,"Physical material, merchandise, food or tool"
431,Abanico DE PARED DAIWA,consu,consu,True,True,True,True,SHARED,Electrodomésticos,PHYSICAL_GOOD,DETERMINISTIC,KEEP,"Physical material, merchandise, food or tool"
442,Abanico DE TECHO,consu,consu,True,True,True,True,SHARED,Electrodomésticos,PHYSICAL_GOOD,DETERMINISTIC,KEEP,"Physical material, merchandise, food or tool"
433,Abanico DE TECHO HUNTER,consu,consu,True,True,True,True,SHARED,Electrodomésticos,PHYSICAL_GOOD,DETERMINISTIC,KEEP,"Physical material, merchandise, food or tool"
1575,Abanico Discovery HOME 16'',consu,consu,True,True,True,True,SHARED,Electrodomésticos,PHYSICAL_GOOD,DETERMINISTIC,KEEP,"Physical material, merchandise, food or tool"
56,"ABANICO DISCOVERY HOME 16""",consu,consu,True,True,True,True,SHARED,,PHYSICAL_GOOD,DETERMINISTIC,KEEP,"Physical material, merchandise, food or tool"
1739,ABANICO INDUSTRIAL PARED 30 PG,consu,consu,True,True,True,True,SHARED,,PHYSICAL_GOOD,DETERMINISTIC,KEEP,"Physical material, merchandise, food or tool"
1519,"Abanico KDK N56LG TECHO 56"" NEGRO",consu,consu,True,True,True,True,SHARED,Electrodomésticos,PHYSICAL_GOOD,DETERMINISTIC,KEEP,"Physical material, merchandise, food or tool"
1588,"Abanicos DE Pedestal KGLG 16""",consu,consu,True,True,True,True,SHARED,Electrodomésticos,PHYSICAL_GOOD,DETERMINISTIC,KEEP,"Physical material, merchandise, food or tool"
898,Abrazadera Unitron DE 3/4,consu,consu,True,True,True,True,SHARED,Ferretería,PHYSICAL_GOOD,HIGH_CONFIDENCE,KEEP,Already Goods and name is not a service
1402,ACEITE 3 EN 1 1.05ONZ,consu,consu,True,True,True,True,SHARED,Ferretería,PHYSICAL_GOOD,HIGH_CONFIDENCE,KEEP,Already Goods and name is not a service
1528,ACEITE DE SOYA LA JOYA 16 OZ 24/1,consu,consu,True,True,True,True,SHARED,Ferretería,PHYSICAL_GOOD,HIGH_CONFIDENCE,KEEP,Already Goods and name is not a service
1169,ACEITE Kendall AIR COOLED 2T,consu,consu,True,True,True,True,SHARED,Material eléctrico,PHYSICAL_GOOD,HIGH_CONFIDENCE,KEEP,Already Goods and name is not a service
1170,ACEITE Kendall MOTO 4T Mineral 20W-50,consu,consu,True,True,True,True,SHARED,Ferretería,PHYSICAL_GOOD,HIGH_CONFIDENCE,KEEP,Already Goods and name is not a service
170,Acera E=0.10m Malla Electrosold. D2.3 10x10 (violinada),consu,consu,True,True,True,True,SHARED,Ferretería,PHYSICAL_GOOD,HIGH_CONFIDENCE,KEEP,Already Goods and name is not a service
175,Acera En Hormigon 210 Kg/cm2- E=0.10m (violinada),consu,consu,True,True,True,True,SHARED,Construcción,PHYSICAL_GOOD,DETERMINISTIC,KEEP,"Physical material, merchandise, food or tool"
903,"Acondicionador DE AIRE A/C Inverte DE 12MIL BTU, Eficiencia 16",consu,consu,True,True,True,True,SHARED,Ferretería,PHYSICAL_GOOD,HIGH_CONFIDENCE,KEEP,Already Goods and name is not a service
1186,"Acondicionador DE AIRE A/C Inverte DE 18MIL BTU, Eficiencia 19 G-air/comfort TIME",consu,consu,True,True,True,True,SHARED,Ferretería,PHYSICAL_GOOD,HIGH_CONFIDENCE,KEEP,Already Goods and name is not a service
1187,"Acondicionador DE AIRE A/C Inverte DE 24MIL BTU, Eficiencia 19 G-air/comfort TIME",consu,consu,True,True,True,True,SHARED,Ferretería,PHYSICAL_GOOD,HIGH_CONFIDENCE,KEEP,Already Goods and name is not a service
1188,"Acondicionador DE AIRE Dutiable A/C Inverte DE 5 TON, Eficiencia 19 G-air/comfort TIME",consu,consu,True,True,True,True,SHARED,Ferretería,PHYSICAL_GOOD,HIGH_CONFIDENCE,KEEP,Already Goods and name is not a service
193,Acondicionamiento DE BOMBA DE AGUA CON Pintura Industrial,consu,consu,True,True,True,True,SHARED,Pinturas,PHYSICAL_GOOD,DETERMINISTIC,KEEP,"Physical material, merchandise, food or tool"
494,Acondicionamiento De Techo Con Mortero,consu,consu,True,True,True,True,SHARED,Ferretería,PHYSICAL_GOOD,HIGH_CONFIDENCE,KEEP,Already Goods and name is not a service
443,Acrlico AZUL NAVY Ext-int PRO,consu,consu,True,True,True,True,SHARED,Ferretería,PHYSICAL_GOOD,HIGH_CONFIDENCE,KEEP,Already Goods and name is not a service
415,Acrlico AZUL NAVY Ext-int PRO Popular,consu,consu,True,True,True,True,SHARED,Ferretería,PHYSICAL_GOOD,HIGH_CONFIDENCE,KEEP,Already Goods and name is not a service
179,A/C Split 12 Btu,consu,consu,True,True,True,True,SHARED,Ferretería,PHYSICAL_GOOD,HIGH_CONFIDENCE,KEEP,Already Goods and name is not a service
180,A/C Split 24 Btu,consu,consu,True,True,True,True,SHARED,Ferretería,PHYSICAL_GOOD,HIGH_CONFIDENCE,KEEP,Already Goods and name is not a service
182,A/C Tipo Paquete De 10 Ton,consu,consu,True,True,True,True,SHARED,Ferretería,PHYSICAL_GOOD,HIGH_CONFIDENCE,KEEP,Already Goods and name is not a service
488,Adaptadoe DE RUTER DE 1/2 A UN 1/4,consu,consu,True,True,True,True,SHARED,Ferretería,PHYSICAL_GOOD,HIGH_CONFIDENCE,KEEP,Already Goods and name is not a service
710,Adaptador MACHO PVC1,consu,consu,True,True,True,True,SHARED,Plomería,PHYSICAL_GOOD,HIGH_CONFIDENCE,KEEP,Already Goods and name is not a service
116,ADAPTADOR MACHO PVC 1 PRESION CORVI/DURMAN,consu,consu,True,True,True,True,SHARED,,PHYSICAL_GOOD,HIGH_CONFIDENCE,KEEP,Already Goods and name is not a service
117,ADAPTADOR MACHO PVC 3/4,consu,consu,True,True,True,True,SHARED,,PHYSICAL_GOOD,HIGH_CONFIDENCE,KEEP,Already Goods and name is not a service
695,Adhesivo EN Aerosol,consu,consu,True,True,True,True,SHARED,Ferretería,PHYSICAL_GOOD,HIGH_CONFIDENCE,KEEP,Already Goods and name is not a service
1075,Agregado FINO (arena) DE Empañete Khoury/grupo Alterra,consu,consu,True,True,True,True,SHARED,Construcción,PHYSICAL_GOOD,DETERMINISTIC,KEEP,"Physical material, merchandise, food or tool"
1116,Agregado FINO (arena) ITABO,consu,consu,True,True,True,True,SHARED,Construcción,PHYSICAL_GOOD,DETERMINISTIC,KEEP,"Physical material, merchandise, food or tool"
1077,Agregado FINO (arena) ITABO Khoury/grupo Alterra,consu,consu,True,True,True,True,SHARED,Construcción,PHYSICAL_GOOD,DETERMINISTIC,KEEP,"Physical material, merchandise, food or tool"
20,AGREGADO FINO (ARENA LAVADA),consu,consu,True,True,True,True,SHARED,,PHYSICAL_GOOD,DETERMINISTIC,KEEP,"Physical material, merchandise, food or tool"
139,(AGREGADO FINO) ARENA LAVADA AZUL,consu,consu,True,True,True,True,SHARED,,PHYSICAL_GOOD,DETERMINISTIC,KEEP,"Physical material, merchandise, food or tool"
1074,Agregado FINO (arena) LAVADA Khoury/grupo Alterra,consu,consu,True,True,True,True,SHARED,Construcción,PHYSICAL_GOOD,DETERMINISTIC,KEEP,"Physical material, merchandise, food or tool"
21,Agregado grueso (grava) 3/4,consu,consu,True,True,True,True,SHARED,,PHYSICAL_GOOD,DETERMINISTIC,KEEP,"Physical material, merchandise, food or tool"
138,(AGREGADO GRUESO) GRAVA 3/4,service,consu,True,True,False,True,SHARED,,PHYSICAL_AS_SERVICE,DETERMINISTIC,KEEP_ARCHIVED,"Physical material, merchandise, food or tool; archived — do not reactivate"
1076,Agregado GRUESO (grava) 3/4 Khoury/grupo Alterra,consu,consu,True,True,True,True,SHARED,Construcción,PHYSICAL_GOOD,DETERMINISTIC,KEEP,"Physical material, merchandise, food or tool"
1106,Agregado GRUESO (GRAVA Caliza) 3/4,consu,consu,True,True,True,True,SHARED,Construcción,PHYSICAL_GOOD,DETERMINISTIC,KEEP,"Physical material, merchandise, food or tool"
1638,AGUA DESTILADA (,consu,consu,True,True,True,True,SHARED,,PHYSICAL_GOOD,HIGH_CONFIDENCE,KEEP,Already Goods and name is not a service
1639,AGUA DESTILADA (GL),consu,consu,True,True,True,True,SHARED,,PHYSICAL_GOOD,HIGH_CONFIDENCE,KEEP,Already Goods and name is not a service
1637,AGUA DESTILADA (GL),consu,consu,True,True,True,True,SHARED,,PHYSICAL_GOOD,HIGH_CONFIDENCE,KEEP,Already Goods and name is not a service
1390,Agua Ras,consu,consu,True,True,True,True,SHARED,Ferretería,PHYSICAL_GOOD,HIGH_CONFIDENCE,KEEP,Already Goods and name is not a service
1329,Aire Acondicionado De 18 Btu,consu,consu,True,True,True,True,SHARED,Ferretería,PHYSICAL_GOOD,HIGH_CONFIDENCE,KEEP,Already Goods and name is not a service
1173,Alambre #10,consu,consu,True,True,True,True,SHARED,Ferretería,PHYSICAL_GOOD,DETERMINISTIC,KEEP,"Physical material, merchandise, food or tool"
215,Alambre #10 AWG,consu,consu,True,True,True,True,SHARED,Ferretería,PHYSICAL_GOOD,DETERMINISTIC,KEEP,"Physical material, merchandise, food or tool"
1035,Alambre 12,consu,consu,True,True,True,True,SHARED,Ferretería,PHYSICAL_GOOD,DETERMINISTIC,KEEP,"Physical material, merchandise, food or tool"
217,Alambre 12/2 AWG PHELPS DODGE,consu,consu,True,True,True,True,SHARED,Ferretería,PHYSICAL_GOOD,DETERMINISTIC,KEEP,"Physical material, merchandise, food or tool"
132,ALAMBRE 12/3 AWG THHN,consu,consu,True,True,True,True,SHARED,,PHYSICAL_GOOD,DETERMINISTIC,KEEP,"Physical material, merchandise, food or tool"
1654,ALAMBRE 14/2 (1.5-2) GOMA SJTW,consu,consu,True,True,True,True,SHARED,,PHYSICAL_GOOD,DETERMINISTIC,KEEP,"Physical material, merchandise, food or tool"
900,Alambre AWG NO. 6 BLANCO,consu,consu,True,True,True,True,SHARED,Ferretería,PHYSICAL_GOOD,DETERMINISTIC,KEEP,"Physical material, merchandise, food or tool"
899,Alambre AWG NO.6 NEGRO,consu,consu,True,True,True,True,SHARED,Ferretería,PHYSICAL_GOOD,DETERMINISTIC,KEEP,"Physical material, merchandise, food or tool"
771,Alambre CAL 10,consu,consu,True,True,True,True,SHARED,Ferretería,PHYSICAL_GOOD,DETERMINISTIC,KEEP,"Physical material, merchandise, food or tool"
770,Alambre CAL 12,consu,consu,True,True,True,True,SHARED,Ferretería,PHYSICAL_GOOD,DETERMINISTIC,KEEP,"Physical material, merchandise, food or tool"
1115,Alambre CAL-16,consu,consu,True,True,True,True,SHARED,Ferretería,PHYSICAL_GOOD,DETERMINISTIC,KEEP,"Physical material, merchandise, food or tool"
338,Alambre CAL 18 Galvanizado ASTM A641,consu,consu,True,True,True,True,SHARED,Ferretería,PHYSICAL_GOOD,DETERMINISTIC,KEEP,"Physical material, merchandise, food or tool"
902,Alambre DE GOMA 10/2 .,consu,consu,True,True,True,True,SHARED,Neumáticos,PHYSICAL_GOOD,DETERMINISTIC,KEEP,"Physical material, merchandise, food or tool"
94,ALAMBRE DE GOMA 10/2 AWG,consu,consu,True,True,True,True,SHARED,,PHYSICAL_GOOD,DETERMINISTIC,KEEP,"Physical material, merchandise, food or tool"
340,Alambre DE GOMA #10/3 AWG,consu,consu,True,True,True,True,SHARED,Neumáticos,PHYSICAL_GOOD,DETERMINISTIC,KEEP,"Physical material, merchandise, food or tool"
536,Alambre DE GOMA 12/2,consu,consu,True,True,True,True,SHARED,Neumáticos,PHYSICAL_GOOD,DETERMINISTIC,KEEP,"Physical material, merchandise, food or tool"
284,Alambre DE GOMA #12/2 AWG,consu,consu,True,True,True,True,SHARED,Neumáticos,PHYSICAL_GOOD,DETERMINISTIC,KEEP,"Physical material, merchandise, food or tool"
216,Alambre DE GOMA 12/3,consu,consu,True,True,True,True,SHARED,Neumáticos,PHYSICAL_GOOD,DETERMINISTIC,KEEP,"Physical material, merchandise, food or tool"
95,ALAMBRE DE GOMA 6/2 AWG,consu,consu,True,True,True,True,SHARED,,PHYSICAL_GOOD,DETERMINISTIC,KEEP,"Physical material, merchandise, food or tool"
901,Alambre DE GOMA 8/2,consu,consu,True,True,True,True,SHARED,Neumáticos,PHYSICAL_GOOD,DETERMINISTIC,KEEP,"Physical material, merchandise, food or tool"
1725,ALAMBRE DE GOMA 8/2,consu,consu,True,True,True,True,SHARED,,PHYSICAL_GOOD,DETERMINISTIC,KEEP,"Physical material, merchandise, food or tool"
1757,ALAMBRE DE GOMA 8/3 (6.0) SJTW,consu,consu,True,True,True,True,SHARED,,PHYSICAL_GOOD,DETERMINISTIC,KEEP,"Physical material, merchandise, food or tool"
341,Alambre DE GOMA #8/3 AWG,consu,consu,True,True,True,True,SHARED,Neumáticos,PHYSICAL_GOOD,DETERMINISTIC,KEEP,"Physical material, merchandise, food or tool"
109,ALAMBRE DE GOMA (AWG) 12/2 PHELPS DODGE,consu,consu,True,True,True,True,SHARED,,PHYSICAL_GOOD,DETERMINISTIC,KEEP,"Physical material, merchandise, food or tool"
108,ALAMBRE DE GOMA AWG 12/3 AWG PHELPS DODGE,consu,consu,True,True,True,True,SHARED,,PHYSICAL_GOOD,DETERMINISTIC,KEEP,"Physical material, merchandise, food or tool"
1066,Alambre DE PUA 16'',consu,consu,True,True,True,True,SHARED,Ferretería,PHYSICAL_GOOD,DETERMINISTIC,KEEP,"Physical material, merchandise, food or tool"
535,Alambre DE VINIL 12/2 AWG PHELPS DODGE,consu,consu,True,True,True,True,SHARED,Ferretería,PHYSICAL_GOOD,DETERMINISTIC,KEEP,"Physical material, merchandise, food or tool"
537,Alambre DE VINIL 14/2 AWG PHELPS DODGE,consu,consu,True,True,True,True,SHARED,Ferretería,PHYSICAL_GOOD,DETERMINISTIC,KEEP,"Physical material, merchandise, food or tool"
133,ALAMBRE D/GOMA 4X1.5M AWG THHN,consu,consu,True,True,True,True,SHARED,,PHYSICAL_GOOD,DETERMINISTIC,KEEP,"Physical material, merchandise, food or tool"
107,ALAMBRE DUPLEX 1.5MM PHELPS DODGE,consu,consu,True,True,True,True,SHARED,,PHYSICAL_GOOD,DETERMINISTIC,KEEP,"Physical material, merchandise, food or tool"
295,Alambre DUPLO #12 AWG,consu,consu,True,True,True,True,SHARED,Ferretería,PHYSICAL_GOOD,DETERMINISTIC,KEEP,"Physical material, merchandise, food or tool"
1166,Alambre ELEC. AWG #12 NEGRO,consu,consu,True,True,True,True,SHARED,Ferretería,PHYSICAL_GOOD,DETERMINISTIC,KEEP,"Physical material, merchandise, food or tool"
863,Alambre ELECT 4.0mm(#10),consu,consu,True,True,True,True,SHARED,Ferretería,PHYSICAL_GOOD,DETERMINISTIC,KEEP,"Physical material, merchandise, food or tool"
283,Alambre Elect. AWG #12,consu,consu,True,True,True,True,SHARED,Ferretería,PHYSICAL_GOOD,DETERMINISTIC,KEEP,"Physical material, merchandise, food or tool"
232,Alambre ELECT. AWG #12 BLANCO,consu,consu,True,True,True,True,SHARED,Ferretería,PHYSICAL_GOOD,DETERMINISTIC,KEEP,"Physical material, merchandise, food or tool"
231,Alambre ELECT. AWG #12 NEGRO,consu,consu,True,True,True,True,SHARED,Ferretería,PHYSICAL_GOOD,DETERMINISTIC,KEEP,"Physical material, merchandise, food or tool"
328,Alambre Electrico #12 STD NEGRO,consu,consu,True,True,True,True,SHARED,Ferretería,PHYSICAL_GOOD,DETERMINISTIC,KEEP,"Physical material, merchandise, food or tool"
533,Alambre Galvanizado C-18 C-18 Generico,consu,consu,True,True,True,True,SHARED,Ferretería,PHYSICAL_GOOD,DETERMINISTIC,KEEP,"Physical material, merchandise, food or tool"
1191,Alambre GALV. PICADO 12.5LB/1 C-16 GRUESO,consu,consu,True,True,True,True,SHARED,Ferretería,PHYSICAL_GOOD,DETERMINISTIC,KEEP,"Physical material, merchandise, food or tool"
1189,Alambre GALV. PICADO 12.5LB C-16 GRUESO,consu,consu,True,True,True,True,SHARED,Ferretería,PHYSICAL_GOOD,DETERMINISTIC,KEEP,"Physical material, merchandise, food or tool"
864,Alambre GOMA 10/2 (4.0/2),consu,consu,True,True,True,True,SHARED,Neumáticos,PHYSICAL_GOOD,DETERMINISTIC,KEEP,"Physical material, merchandise, food or tool"
327,Alambre GOMA 10/3,consu,consu,True,True,True,True,SHARED,Neumáticos,PHYSICAL_GOOD,DETERMINISTIC,KEEP,"Physical material, merchandise, food or tool"
329,Alambre GOMA 14/2,consu,consu,True,True,True,True,SHARED,Neumáticos,PHYSICAL_GOOD,DETERMINISTIC,KEEP,"Physical material, merchandise, food or tool"
326,Alambre GOMA 8/3,consu,consu,True,True,True,True,SHARED,Neumáticos,PHYSICAL_GOOD,DETERMINISTIC,KEEP,"Physical material, merchandise, food or tool"
1623,"ALAMBRE PARA INVERSOR, AWG 14/2  DC AUTO MOTRIZ NEGRO",consu,consu,True,True,True,True,SHARED,,PHYSICAL_GOOD,DETERMINISTIC,KEEP,"Physical material, merchandise, food or tool"
1659,"ALAMBRE PARA INVERSOR, AWG 14/2  DC AUTOMOTRIZ NEGRO",consu,consu,True,True,True,True,SHARED,,PHYSICAL_GOOD,DETERMINISTIC,KEEP,"Physical material, merchandise, food or tool"
110,ALAMBRE THHN (AWG) #10 NEGRO PHELPS DODGE,consu,consu,True,True,True,True,SHARED,,PHYSICAL_GOOD,DETERMINISTIC,KEEP,"Physical material, merchandise, food or tool"
111,ALAMBRE THHN (AWG) #12 NEGRO PHELPS DODGE,consu,consu,True,True,True,True,SHARED,,PHYSICAL_GOOD,DETERMINISTIC,KEEP,"Physical material, merchandise, food or tool"
124,ALAMBRE THHN (AWG) #2 BLANCO PHELPS DODGE,consu,consu,True,True,True,True,SHARED,,PHYSICAL_GOOD,DETERMINISTIC,KEEP,"Physical material, merchandise, food or tool"
125,ALAMBRE THHN (AWG) #4 ROJO PHELPS DODGE,consu,consu,True,True,True,True,SHARED,,PHYSICAL_GOOD,DETERMINISTIC,KEEP,"Physical material, merchandise, food or tool"
106,ALAMBRE THHN (AWG) #8 NEGRO AWG PHELPS DODGE,consu,consu,True,True,True,True,SHARED,,PHYSICAL_GOOD,DETERMINISTIC,KEEP,"Physical material, merchandise, food or tool"
105,ALAMBRE VINYL (AWG) 12/2 GRIS PHELPS DODGE,consu,consu,True,True,True,True,SHARED,,PHYSICAL_GOOD,DETERMINISTIC,KEEP,"Physical material, merchandise, food or tool"
1640,ALAMBRE VINYL STD 14/2,consu,consu,True,True,True,True,SHARED,,PHYSICAL_GOOD,DETERMINISTIC,KEEP,"Physical material, merchandise, food or tool"
1084,"Alicate DE Presion 10""",consu,consu,True,True,True,True,SHARED,Herramientas,PHYSICAL_GOOD,DETERMINISTIC,KEEP,"Physical material, merchandise, food or tool"
483,"Alicate DE Presion 10"" TRUPER",consu,consu,True,True,True,True,SHARED,Herramientas,PHYSICAL_GOOD,DETERMINISTIC,KEEP,"Physical material, merchandise, food or tool"
1494,Alicate Extension 12'' Stanley,consu,consu,True,True,True,True,SHARED,Herramientas,PHYSICAL_GOOD,DETERMINISTIC,KEEP,"Physical material, merchandise, food or tool"
118,"ALICATE EXTENSION 12"" STANLEY",consu,consu,True,True,True,True,SHARED,,PHYSICAL_GOOD,DETERMINISTIC,KEEP,"Physical material, merchandise, food or tool"
540,Alicate P/electricista 8'' 10113 KENDO,consu,consu,True,True,True,True,SHARED,Herramientas,PHYSICAL_GOOD,DETERMINISTIC,KEEP,"Physical material, merchandise, food or tool"
1043,"Alicate Universal 13"" TRUPER",consu,consu,True,True,True,True,SHARED,Herramientas,PHYSICAL_GOOD,DETERMINISTIC,KEEP,"Physical material, merchandise, food or tool"
1275,Alquiler POR DIA Compresor DOS Pistolas,consu,consu,True,True,True,True,SHARED,Ferretería,PHYSICAL_GOOD,HIGH_CONFIDENCE,KEEP,Already Goods and name is not a service
1469,Amarillo Positivo Pintura Acrilica,consu,consu,True,True,True,True,SHARED,Pinturas,PHYSICAL_GOOD,DETERMINISTIC,KEEP,"Physical material, merchandise, food or tool"
1111,Amarillo Positivo Pintura Acrilica Tropical/popular,consu,consu,True,True,True,True,SHARED,Pinturas,PHYSICAL_GOOD,DETERMINISTIC,KEEP,"Physical material, merchandise, food or tool"
1178,Ambientador EN Aerosol GLADE Lavanda Lavanda Y Vainilla,consu,consu,True,True,True,True,SHARED,Ferretería,PHYSICAL_GOOD,HIGH_CONFIDENCE,KEEP,Already Goods and name is not a service
1179,Ambientador EN Aerosol GLADE Manzana Y CANELA,consu,consu,True,True,True,True,SHARED,Ferretería,PHYSICAL_GOOD,HIGH_CONFIDENCE,KEEP,Already Goods and name is not a service
1177,Ambientador EN Aerosol GLADE Paraiso AZUL,consu,consu,True,True,True,True,SHARED,Ferretería,PHYSICAL_GOOD,HIGH_CONFIDENCE,KEEP,Already Goods and name is not a service
1703,AMBIENTADOR EN PIEDRA PARA INODOROS 50G,consu,consu,True,True,True,True,SHARED,,PHYSICAL_GOOD,DETERMINISTIC,KEEP,"Physical material, merchandise, food or tool"
1263,Ambientadores SPRAY GLADE,consu,consu,True,True,True,True,SHARED,Ferretería,PHYSICAL_GOOD,HIGH_CONFIDENCE,KEEP,Already Goods and name is not a service
1251,"Ambientador Liquido (mistolin) BEBE, CANELA GLADE",consu,consu,True,True,True,True,SHARED,Ferretería,PHYSICAL_GOOD,HIGH_CONFIDENCE,KEEP,Already Goods and name is not a service
615,Amperimetro Digital MUT-202 TRUPER,consu,consu,True,True,True,True,SHARED,Herramientas,PHYSICAL_GOOD,HIGH_CONFIDENCE,KEEP,Already Goods and name is not a service
1356,Amperímetro Voltimetro Digital,consu,consu,True,True,True,True,SHARED,Ferretería,PHYSICAL_GOOD,HIGH_CONFIDENCE,KEEP,Already Goods and name is not a service
1611,"Anaquel Metalico 5 Niveles, CON Medidas DE 0.30 X 0.60 DE FONDO Y 2.00 DE Altura.",consu,consu,True,True,True,True,SHARED,Ferretería,PHYSICAL_GOOD,HIGH_CONFIDENCE,KEEP,Already Goods and name is not a service
1210,Andamio DEL CARIBE 2x1 MTS CUERPO DE Andamio Completo,consu,consu,True,True,True,True,SHARED,Ferretería,PHYSICAL_GOOD,HIGH_CONFIDENCE,KEEP,Already Goods and name is not a service
1220,Angular 2x1/4x20 -63.8 Lbs,consu,consu,True,True,True,True,SHARED,Ferretería,PHYSICAL_GOOD,HIGH_CONFIDENCE,KEEP,Already Goods and name is not a service
1513,Angular 2X1/4X20 -64.8 LBS,consu,consu,True,True,True,True,SHARED,Ferretería,PHYSICAL_GOOD,HIGH_CONFIDENCE,KEEP,Already Goods and name is not a service
541,Angular DE 1-1/2* 1/4,consu,consu,True,True,True,True,SHARED,Ferretería,PHYSICAL_GOOD,HIGH_CONFIDENCE,KEEP,Already Goods and name is not a service
730,Angular DE 2 X 1/8,consu,consu,True,True,True,True,SHARED,Ferretería,PHYSICAL_GOOD,HIGH_CONFIDENCE,KEEP,Already Goods and name is not a service
60,"ANGULAR DE 2 X 1/8""",consu,consu,True,True,True,True,SHARED,,PHYSICAL_GOOD,HIGH_CONFIDENCE,KEEP,Already Goods and name is not a service
731,Angular DE 3 X 3/16,consu,consu,True,True,True,True,SHARED,Ferretería,PHYSICAL_GOOD,HIGH_CONFIDENCE,KEEP,Already Goods and name is not a service
61,"ANGULAR DE 3 X 3/16""",consu,consu,True,True,True,True,SHARED,,PHYSICAL_GOOD,HIGH_CONFIDENCE,KEEP,Already Goods and name is not a service
167,Apertura histórica B1300000016 (sin desglose PDF),consu,consu,True,True,False,False,SHARED,,AMBIGUOUS,AMBIGUOUS,MANUAL_REVIEW,Opening placeholder / non-SKU; do not auto-correct
614,Arandela PLANA 5/8,consu,consu,True,True,True,True,SHARED,Ferretería,PHYSICAL_GOOD,HIGH_CONFIDENCE,KEEP,Already Goods and name is not a service
344,Archivo Arcordeon,consu,consu,True,True,True,True,SHARED,Ferretería,PHYSICAL_GOOD,HIGH_CONFIDENCE,KEEP,Already Goods and name is not a service
1176,Archivo Arcordeon 9x12 Pendaflex,consu,consu,True,True,True,True,SHARED,Ferretería,PHYSICAL_GOOD,HIGH_CONFIDENCE,KEEP,Already Goods and name is not a service
1605,Archivo DE METAL DE 4 Gavetas COLOR GRIS Mercury,consu,consu,True,True,True,True,SHARED,Ferretería,PHYSICAL_GOOD,HIGH_CONFIDENCE,KEEP,Already Goods and name is not a service
1598,Archivo DE METAL Modular DE 3 Gavetas OMAR,consu,consu,True,True,True,True,SHARED,Ferretería,PHYSICAL_GOOD,HIGH_CONFIDENCE,KEEP,Already Goods and name is not a service
1427,Archivo TIPO Arcordeon Plastico,consu,consu,True,True,True,True,SHARED,Ferretería,PHYSICAL_GOOD,HIGH_CONFIDENCE,KEEP,Already Goods and name is not a service
414,ARENA DE Empañete,consu,consu,True,True,True,True,SHARED,Construcción,PHYSICAL_GOOD,HIGH_CONFIDENCE,KEEP,Already Goods and name is not a service
396,ARENA ESTADO Natural,consu,consu,True,True,True,True,SHARED,Construcción,PHYSICAL_GOOD,HIGH_CONFIDENCE,KEEP,Already Goods and name is not a service
322,ARENA ITABO,consu,consu,True,True,True,True,SHARED,Construcción,PHYSICAL_GOOD,HIGH_CONFIDENCE,KEEP,Already Goods and name is not a service
320,ARENA LAVADA,consu,consu,True,True,True,True,SHARED,Construcción,PHYSICAL_GOOD,DETERMINISTIC,KEEP,"Physical material, merchandise, food or tool"
909,ARENA Triturada AZUL LAVADA,consu,consu,True,True,True,True,SHARED,Construcción,PHYSICAL_GOOD,HIGH_CONFIDENCE,KEEP,Already Goods and name is not a service
1608,Armario DE METAL 2 Puertas 18X36X71,consu,consu,True,True,True,True,SHARED,Ferretería,PHYSICAL_GOOD,HIGH_CONFIDENCE,KEEP,Already Goods and name is not a service
542,Armario DE METAL DE 2 Puertas 15x33x72,consu,consu,True,True,True,True,SHARED,Ferretería,PHYSICAL_GOOD,HIGH_CONFIDENCE,KEEP,Already Goods and name is not a service
1518,Armario EN METAL DE 2 Puertas,consu,consu,True,True,True,True,SHARED,Ferretería,PHYSICAL_GOOD,HIGH_CONFIDENCE,KEEP,Already Goods and name is not a service
1139,AROS DE DANZA,consu,consu,True,True,True,True,SHARED,Ferretería,PHYSICAL_GOOD,HIGH_CONFIDENCE,KEEP,Already Goods and name is not a service
1032,"Arquiler DE 100 BAÑOS Portatiles STD PARA Eventos , Incluye: Inodoro ,urinal ,PORTA",consu,consu,True,True,True,True,SHARED,Oficina,PHYSICAL_GOOD,DETERMINISTIC,KEEP,"Physical material, merchandise, food or tool"
1520,ARROZ Selecto LA CIGUA GRADO A (PAQ 5 LB) 12/1,consu,consu,True,True,True,True,9,Alimentos,PHYSICAL_GOOD,DETERMINISTIC,KEEP,"Physical material, merchandise, food or tool"
6,[DX-SMOKE-STK] Artículo verificación reportes,consu,consu,True,True,True,True,SHARED,,PHYSICAL_GOOD,HIGH_CONFIDENCE,KEEP,Already Goods and name is not a service
801,Automatico BOMBA Squared 20-40 PSI,consu,consu,True,True,True,True,SHARED,Ferretería,PHYSICAL_GOOD,HIGH_CONFIDENCE,KEEP,Already Goods and name is not a service
1529,AVENA EN Hojuelas Instantanea Americana 300G 40/1,consu,consu,True,True,True,True,SHARED,Ferretería,PHYSICAL_GOOD,HIGH_CONFIDENCE,KEEP,Already Goods and name is not a service
642,Ayudante (AY),consu,consu,True,True,True,True,SHARED,Ferretería,PHYSICAL_GOOD,HIGH_CONFIDENCE,KEEP,Already Goods and name is not a service
1466,AZUL Positivo Pintura Acrilica,consu,consu,True,True,True,True,SHARED,Pinturas,PHYSICAL_GOOD,DETERMINISTIC,KEEP,"Physical material, merchandise, food or tool"
1108,AZUL Positivo Pintura Acrilica Popular,consu,consu,True,True,True,True,SHARED,Pinturas,PHYSICAL_GOOD,DETERMINISTIC,KEEP,"Physical material, merchandise, food or tool"
1284,BANDA Elastica Gomitas,consu,consu,True,True,True,True,SHARED,Ferretería,PHYSICAL_GOOD,HIGH_CONFIDENCE,KEEP,Already Goods and name is not a service
347,BANDAS DE GOMA Artesco #32,consu,consu,True,True,True,True,SHARED,Neumáticos,PHYSICAL_GOOD,DETERMINISTIC,KEEP,"Physical material, merchandise, food or tool"
1429,BANDAS DE GOMA ORBIT,consu,consu,True,True,True,True,SHARED,Neumáticos,PHYSICAL_GOOD,DETERMINISTIC,KEEP,"Physical material, merchandise, food or tool"
627,Bandeja P/pintar Profesional 9 CPR9 BYP,consu,consu,True,True,True,True,SHARED,Ferretería,PHYSICAL_GOOD,HIGH_CONFIDENCE,KEEP,Already Goods and name is not a service
1548,Barnice Primer Sealer Lanco,consu,consu,True,True,True,True,SHARED,Ferretería,PHYSICAL_GOOD,HIGH_CONFIDENCE,KEEP,Already Goods and name is not a service
1580,BARNIZ Primier SEALER 3 Transparente CUBETA DE 5GL,consu,consu,True,True,True,True,SHARED,Ferretería,PHYSICAL_GOOD,HIGH_CONFIDENCE,KEEP,Already Goods and name is not a service
258,Barpicolor 605 1LT Caoba #2 MD Barpimo,consu,consu,True,True,True,True,SHARED,Ferretería,PHYSICAL_GOOD,HIGH_CONFIDENCE,KEEP,Already Goods and name is not a service
259,Barpicolor 605 1LT Caoba #3 MD Barpimo,consu,consu,True,True,True,True,SHARED,Ferretería,PHYSICAL_GOOD,HIGH_CONFIDENCE,KEEP,Already Goods and name is not a service
252,Barra Agarradera Para Ataud 6 1/2 Pies,consu,consu,True,True,True,True,SHARED,Ferretería,PHYSICAL_GOOD,HIGH_CONFIDENCE,KEEP,Already Goods and name is not a service
543,BARRA P/hacer HOYO 1''x6' BAP-175 TRUPER,consu,consu,True,True,True,True,SHARED,Herramientas,PHYSICAL_GOOD,HIGH_CONFIDENCE,KEEP,Already Goods and name is not a service
544,BARRA Redonda 5/8''x20' ATADO-106 UD) Generico,consu,consu,True,True,True,True,SHARED,Ferretería,PHYSICAL_GOOD,HIGH_CONFIDENCE,KEEP,Already Goods and name is not a service
1740,BARRA REDONDA 5/8''x20'  ATADO-106 UD) GENERICO,consu,consu,True,True,True,True,SHARED,,PHYSICAL_GOOD,HIGH_CONFIDENCE,KEEP,Already Goods and name is not a service
1754,"BARRAS 5/8"" REDONDAS",consu,consu,True,True,True,True,SHARED,,PHYSICAL_GOOD,HIGH_CONFIDENCE,KEEP,Already Goods and name is not a service
1718,BARRA SOLIDA CUADRADA 3/8 X 20,consu,consu,True,True,True,True,SHARED,,PHYSICAL_GOOD,HIGH_CONFIDENCE,KEEP,Already Goods and name is not a service
1719,BARRA SOLIDA REDONDA 1 X 20,consu,consu,True,True,True,True,SHARED,,PHYSICAL_GOOD,HIGH_CONFIDENCE,KEEP,Already Goods and name is not a service
888,BARRA Unitron DE 3/4,consu,consu,True,True,True,True,SHARED,Ferretería,PHYSICAL_GOOD,HIGH_CONFIDENCE,KEEP,Already Goods and name is not a service
590,Barrena 1/2X6 Concreto IRWIN 14169,consu,consu,True,True,True,True,SHARED,Ferretería,PHYSICAL_GOOD,HIGH_CONFIDENCE,KEEP,Already Goods and name is not a service
1407,Barrena 13/64 METAL IRWIN 1458,consu,consu,True,True,True,True,SHARED,Ferretería,PHYSICAL_GOOD,HIGH_CONFIDENCE,KEEP,Already Goods and name is not a service
1406,Barrena 1/4 METAL IRWIN 1461,consu,consu,True,True,True,True,SHARED,Ferretería,PHYSICAL_GOOD,HIGH_CONFIDENCE,KEEP,Already Goods and name is not a service
1403,Barrena 1/4X4 Concreto IRWIN,consu,consu,True,True,True,True,SHARED,Ferretería,PHYSICAL_GOOD,HIGH_CONFIDENCE,KEEP,Already Goods and name is not a service
591,Barrena 1/4X6 Concreto IRWIN 14153 T/H,consu,consu,True,True,True,True,SHARED,Ferretería,PHYSICAL_GOOD,HIGH_CONFIDENCE,KEEP,Already Goods and name is not a service
1663,"BARRENA 1/8"" X3"" ALTA VELOCIDAD (HSS) EN BL",consu,consu,True,True,True,True,SHARED,,PHYSICAL_GOOD,HIGH_CONFIDENCE,KEEP,Already Goods and name is not a service
1408,Barrena 3/16 IRWIN 1457,consu,consu,True,True,True,True,SHARED,Ferretería,PHYSICAL_GOOD,HIGH_CONFIDENCE,KEEP,Already Goods and name is not a service
592,Barrena 3/16 X 3 1/2 Concreto IRWIN IW977,consu,consu,True,True,True,True,SHARED,Ferretería,PHYSICAL_GOOD,HIGH_CONFIDENCE,KEEP,Already Goods and name is not a service
1662,"BARRENA 3/16"" X4"" ALTA VELOCIDAD (HSS) EN BL",consu,consu,True,True,True,True,SHARED,,PHYSICAL_GOOD,HIGH_CONFIDENCE,KEEP,Already Goods and name is not a service
1661,"BARRENA 3/8"" X5"" ALTA VELOCIDAD (HSS) EN BL",consu,consu,True,True,True,True,SHARED,,PHYSICAL_GOOD,HIGH_CONFIDENCE,KEEP,Already Goods and name is not a service
1642,"BARRENA HSS METAL 1/16"" PAQ.10",consu,consu,True,True,True,True,SHARED,,PHYSICAL_GOOD,HIGH_CONFIDENCE,KEEP,Already Goods and name is not a service
1641,"BARRENA HSS METAL 1/8"" PAQ.10",consu,consu,True,True,False,True,SHARED,,PHYSICAL_GOOD,HIGH_CONFIDENCE,FIX_PURCHASE_OK,Already Goods and name is not a service
1643,"BARRENA HSS METAL 3/16"" PAQ.10",consu,consu,True,True,True,True,SHARED,,PHYSICAL_GOOD,HIGH_CONFIDENCE,KEEP,Already Goods and name is not a service
1644,BARRENA PARA METAL 3/8,consu,consu,True,True,True,True,SHARED,,PHYSICAL_GOOD,HIGH_CONFIDENCE,KEEP,Already Goods and name is not a service
1684,BARRENA P/METAL COBAL 1/8,consu,consu,True,True,True,True,SHARED,,PHYSICAL_GOOD,HIGH_CONFIDENCE,KEEP,Already Goods and name is not a service
1405,Barrera 1/2X6 Concreto IRWIN 14169,consu,consu,True,True,True,True,SHARED,Ferretería,PHYSICAL_GOOD,HIGH_CONFIDENCE,KEEP,Already Goods and name is not a service
1409,Barrera 3/8 Metal Irwin 1468,consu,consu,True,True,True,True,SHARED,Ferretería,PHYSICAL_GOOD,HIGH_CONFIDENCE,KEEP,Already Goods and name is not a service
298,BASE P/ FOTO CELDA,consu,consu,True,True,True,True,SHARED,Ferretería,PHYSICAL_GOOD,HIGH_CONFIDENCE,KEEP,Already Goods and name is not a service
325,BASE P/ FOTO CELDA Volteck,consu,consu,True,True,True,True,SHARED,Ferretería,PHYSICAL_GOOD,HIGH_CONFIDENCE,KEEP,Already Goods and name is not a service
1259,BAYGON Insecticida,consu,consu,True,True,True,True,SHARED,Ferretería,PHYSICAL_GOOD,HIGH_CONFIDENCE,KEEP,Already Goods and name is not a service
818,Binder Size 14 7/8 X 11,consu,consu,True,True,True,True,SHARED,Ferretería,PHYSICAL_GOOD,HIGH_CONFIDENCE,KEEP,Already Goods and name is not a service
869,Bisagra Corta 52 Gr MAD,consu,consu,True,True,True,True,SHARED,Ferretería,PHYSICAL_GOOD,HIGH_CONFIDENCE,KEEP,Already Goods and name is not a service
689,Bisagras,consu,consu,True,True,True,True,SHARED,Ferretería,PHYSICAL_GOOD,HIGH_CONFIDENCE,KEEP,Already Goods and name is not a service
1509,Block De 6,consu,consu,True,True,True,True,SHARED,Construcción,PHYSICAL_GOOD,HIGH_CONFIDENCE,KEEP,Already Goods and name is not a service
337,BLOCK DE 6 BISONO,consu,consu,True,True,True,True,SHARED,Construcción,PHYSICAL_GOOD,HIGH_CONFIDENCE,KEEP,Already Goods and name is not a service
907,BLOCK DE 8 BISONO,consu,consu,True,True,True,True,SHARED,Construcción,PHYSICAL_GOOD,HIGH_CONFIDENCE,KEEP,Already Goods and name is not a service
210,BLOCK DE 8'' Frabrica P.108,consu,consu,True,True,True,True,SHARED,Construcción,PHYSICAL_GOOD,HIGH_CONFIDENCE,KEEP,Already Goods and name is not a service
1398,Bloque De 15 Cm,consu,consu,True,True,True,True,SHARED,Ferretería,PHYSICAL_GOOD,HIGH_CONFIDENCE,KEEP,Already Goods and name is not a service
918,"Bolígrafo Retráctil Stabilo De Punta Fina 0,7mm, Color Azul Caja De 12/1",consu,consu,True,True,True,True,SHARED,Oficina,PHYSICAL_GOOD,HIGH_CONFIDENCE,KEEP,Already Goods and name is not a service
434,BOMBA Pedrollo 3/4 HP 110V / 220V,consu,consu,True,True,True,True,SHARED,Ferretería,PHYSICAL_GOOD,HIGH_CONFIDENCE,KEEP,Already Goods and name is not a service
444,BOMBA TRUPER 3/4 HP 110V / 220V,consu,consu,True,True,True,True,SHARED,Herramientas,PHYSICAL_GOOD,HIGH_CONFIDENCE,KEEP,Already Goods and name is not a service
549,"Bombillas DE 150 W ,HPS (HIGH Pressure Sodium)",consu,consu,True,True,True,True,SHARED,Ferretería,PHYSICAL_GOOD,HIGH_CONFIDENCE,KEEP,Already Goods and name is not a service
707,Bombillo 18W 120V,consu,consu,True,True,True,True,SHARED,Material eléctrico,PHYSICAL_GOOD,HIGH_CONFIDENCE,KEEP,Already Goods and name is not a service
951,Bombillo AZUL Modalidad DE Enchufe Estandar,consu,consu,True,True,True,True,SHARED,Material eléctrico,PHYSICAL_GOOD,HIGH_CONFIDENCE,KEEP,Already Goods and name is not a service
952,Bombillo BLANCO Modalidad DE Enchufe Estandar,consu,consu,True,True,True,True,SHARED,Material eléctrico,PHYSICAL_GOOD,HIGH_CONFIDENCE,KEEP,Already Goods and name is not a service
548,Bombillo Halogeno 250W 120V,consu,consu,True,True,True,True,SHARED,Material eléctrico,PHYSICAL_GOOD,HIGH_CONFIDENCE,KEEP,Already Goods and name is not a service
527,Bombillo Infrarojo 250W 120V,consu,consu,True,True,True,True,SHARED,Material eléctrico,PHYSICAL_GOOD,HIGH_CONFIDENCE,KEEP,Already Goods and name is not a service
205,Bombillo Led 20w Sylvania 20w-6500k,consu,consu,True,True,True,True,SHARED,Material eléctrico,PHYSICAL_GOOD,HIGH_CONFIDENCE,KEEP,Already Goods and name is not a service
343,Bombillo LED 20w Sylvania20w-6500k,consu,consu,True,True,True,True,SHARED,Material eléctrico,PHYSICAL_GOOD,HIGH_CONFIDENCE,KEEP,Already Goods and name is not a service
545,Bombillo LUZ BLANCA 65W Volteck,consu,consu,True,True,True,True,SHARED,Material eléctrico,PHYSICAL_GOOD,HIGH_CONFIDENCE,KEEP,Already Goods and name is not a service
547,Bombillo METAL HALIDE 1000W,consu,consu,True,True,True,True,SHARED,Material eléctrico,PHYSICAL_GOOD,HIGH_CONFIDENCE,KEEP,Already Goods and name is not a service
546,Bombillo METAL HALIDE 1500W,consu,consu,True,True,True,True,SHARED,Material eléctrico,PHYSICAL_GOOD,HIGH_CONFIDENCE,KEEP,Already Goods and name is not a service
950,Bombillo ROJO Modalidad DE Enchufe Estandar,consu,consu,True,True,True,True,SHARED,Material eléctrico,PHYSICAL_GOOD,HIGH_CONFIDENCE,KEEP,Already Goods and name is not a service
222,Bombillos DE COLOR AZUL Modalidad Escunfe Estanadar,consu,consu,True,True,True,True,SHARED,Material eléctrico,PHYSICAL_GOOD,HIGH_CONFIDENCE,KEEP,Already Goods and name is not a service
223,Bombillos DE COLOR BLANCO Modalidad Escunfe Estanadar,consu,consu,True,True,True,True,SHARED,Material eléctrico,PHYSICAL_GOOD,HIGH_CONFIDENCE,KEEP,Already Goods and name is not a service
221,Bombillos DE COLOR ROJO Modalidad Escunfe Estanadar,consu,consu,True,True,True,True,SHARED,Material eléctrico,PHYSICAL_GOOD,HIGH_CONFIDENCE,KEEP,Already Goods and name is not a service
810,Boquilla Fregadero Aquavita,consu,consu,True,True,True,True,SHARED,Ferretería,PHYSICAL_GOOD,HIGH_CONFIDENCE,KEEP,Already Goods and name is not a service
811,Boquilla Lavamanos PUSH Aquavita 11/4'',consu,consu,True,True,True,True,SHARED,Plomería,PHYSICAL_GOOD,DETERMINISTIC,KEEP,"Physical material, merchandise, food or tool"
70,BOQUILLA P/LAV PUSH BOT C/REBOSE 100206 45 GENEBRE,consu,consu,True,True,True,True,SHARED,,PHYSICAL_GOOD,HIGH_CONFIDENCE,KEEP,Already Goods and name is not a service
793,Boquilla PUSH BOTTON Lavamanos KAROS 11/4''x8,consu,consu,True,True,True,True,SHARED,Plomería,PHYSICAL_GOOD,DETERMINISTIC,KEEP,"Physical material, merchandise, food or tool"
1126,Borrador 6X2CM,consu,consu,True,True,True,True,SHARED,Ferretería,PHYSICAL_GOOD,HIGH_CONFIDENCE,KEEP,Already Goods and name is not a service
929,Borrador De Goma P30 Artesco,consu,consu,True,True,True,True,SHARED,Neumáticos,PHYSICAL_GOOD,DETERMINISTIC,KEEP,"Physical material, merchandise, food or tool"
510,BOTA DE GOMA DEL #39 AL #45 LARGA NEGRA Dinosaurio,consu,consu,True,True,True,True,SHARED,Neumáticos,PHYSICAL_GOOD,DETERMINISTIC,KEEP,"Physical material, merchandise, food or tool"
1046,BOTA Industrial PRETUL #25,consu,consu,True,True,True,True,SHARED,Ferretería,PHYSICAL_GOOD,HIGH_CONFIDENCE,KEEP,Already Goods and name is not a service
363,BOTAS DE GOMA,consu,consu,True,True,True,True,SHARED,Ferretería,PHYSICAL_GOOD,DETERMINISTIC,KEEP,"Physical material, merchandise, food or tool"
1149,BOTAS NEGRA DE Sguridad P/acero CON Aislante 6KV,consu,consu,True,True,True,True,SHARED,Ferretería,PHYSICAL_GOOD,HIGH_CONFIDENCE,KEEP,Already Goods and name is not a service
1324,BOTE Material Desechable Y Escombro,service,service,True,True,True,True,SHARED,Ferretería,SERVICE,HIGH_CONFIDENCE,KEEP,"Construction/haulage/petty-cash activity, not a SKU"
976,Bote Material Inservible,service,service,True,True,True,True,SHARED,Ferretería,SERVICE,HIGH_CONFIDENCE,KEEP,"Construction/haulage/petty-cash activity, not a SKU"
31,Bote material natural esponjado fuera del proyecto,service,service,True,True,False,False,SHARED,,SERVICE,HIGH_CONFIDENCE,KEEP,"Construction/haulage/petty-cash activity, not a SKU"
1156,Botiquin DE Primeros Auxilio,consu,consu,True,True,True,True,SHARED,Ferretería,PHYSICAL_GOOD,HIGH_CONFIDENCE,KEEP,Already Goods and name is not a service
1142,Botones Bariados PAQ 60/1,consu,consu,True,True,True,True,SHARED,Ferretería,PHYSICAL_GOOD,HIGH_CONFIDENCE,KEEP,Already Goods and name is not a service
629,BOYAS Reductoras DE Velocidad 2 OJOS,consu,consu,True,True,True,True,SHARED,Ferretería,PHYSICAL_GOOD,HIGH_CONFIDENCE,KEEP,Already Goods and name is not a service
550,BRAZO GALV. 6FT,consu,consu,True,True,True,True,SHARED,Ferretería,PHYSICAL_GOOD,HIGH_CONFIDENCE,KEEP,Already Goods and name is not a service
1501,Breaker 20A 2P,consu,consu,True,True,True,True,SHARED,Material eléctrico,PHYSICAL_GOOD,DETERMINISTIC,KEEP,"Physical material, merchandise, food or tool"
1502,Breaker 2P 16A,consu,consu,True,True,True,True,SHARED,Material eléctrico,PHYSICAL_GOOD,DETERMINISTIC,KEEP,"Physical material, merchandise, food or tool"
881,Breaker Bipolar DE 20 AMPERE,consu,consu,True,True,True,True,SHARED,Material eléctrico,PHYSICAL_GOOD,DETERMINISTIC,KEEP,"Physical material, merchandise, food or tool"
880,Breaker Bipolar DE 6 AMPERE,consu,consu,True,True,True,True,SHARED,Material eléctrico,PHYSICAL_GOOD,DETERMINISTIC,KEEP,"Physical material, merchandise, food or tool"
98,BREAKER CNC 20A 2P,consu,consu,True,True,True,True,SHARED,,PHYSICAL_GOOD,DETERMINISTIC,KEEP,"Physical material, merchandise, food or tool"
99,BREAKER CNC 2P 16A,consu,consu,True,True,True,True,SHARED,,PHYSICAL_GOOD,DETERMINISTIC,KEEP,"Physical material, merchandise, food or tool"
774,Breaker DE 30,consu,consu,True,True,True,True,SHARED,Material eléctrico,PHYSICAL_GOOD,DETERMINISTIC,KEEP,"Physical material, merchandise, food or tool"
775,Breaker DE 60,consu,consu,True,True,True,True,SHARED,Material eléctrico,PHYSICAL_GOOD,DETERMINISTIC,KEEP,"Physical material, merchandise, food or tool"
1486,Breaker DINWAY 25A 2P //,consu,consu,True,True,True,True,SHARED,Material eléctrico,PHYSICAL_GOOD,DETERMINISTIC,KEEP,"Physical material, merchandise, food or tool"
97,BREAKER DINWAY 25A 2P,consu,consu,True,True,True,True,SHARED,,PHYSICAL_GOOD,DETERMINISTIC,KEEP,"Physical material, merchandise, food or tool"
103,BREAKER DOBLE GRUESO 2P 20 AMP,consu,consu,True,True,True,True,SHARED,,PHYSICAL_GOOD,DETERMINISTIC,KEEP,"Physical material, merchandise, food or tool"
102,BREAKER DOBLE GRUESO 2P 30 AMP,consu,consu,True,True,True,True,SHARED,,PHYSICAL_GOOD,DETERMINISTIC,KEEP,"Physical material, merchandise, food or tool"
229,Breaker GE 1P 20A GRUESO,consu,consu,True,True,True,True,SHARED,Material eléctrico,PHYSICAL_GOOD,DETERMINISTIC,KEEP,"Physical material, merchandise, food or tool"
331,Breaker GE 1P 30A GRUESO,consu,consu,True,True,True,True,SHARED,Material eléctrico,PHYSICAL_GOOD,DETERMINISTIC,KEEP,"Physical material, merchandise, food or tool"
1047,Breaker GE 1P 50A GRUESO,consu,consu,True,True,True,True,SHARED,Material eléctrico,PHYSICAL_GOOD,DETERMINISTIC,KEEP,"Physical material, merchandise, food or tool"
1048,Breaker GE 2P 100A GRUESO,consu,consu,True,True,True,True,SHARED,Material eléctrico,PHYSICAL_GOOD,DETERMINISTIC,KEEP,"Physical material, merchandise, food or tool"
1049,Breaker GE 3P 100A GRUESO,consu,consu,True,True,True,True,SHARED,Material eléctrico,PHYSICAL_GOOD,DETERMINISTIC,KEEP,"Physical material, merchandise, food or tool"
1496,Breaker GRUESO 1P 50 AMP THQL-1150 ABB -GE,consu,consu,True,True,True,True,SHARED,Material eléctrico,PHYSICAL_GOOD,DETERMINISTIC,KEEP,"Physical material, merchandise, food or tool"
122,BREAKER GRUESO 1P 50 AMP THQL-1150 ABB-GE,consu,consu,True,True,True,True,SHARED,,PHYSICAL_GOOD,DETERMINISTIC,KEEP,"Physical material, merchandise, food or tool"
334,Breaker GRUESO DE 30 AMP,consu,consu,True,True,True,True,SHARED,Material eléctrico,PHYSICAL_GOOD,DETERMINISTIC,KEEP,"Physical material, merchandise, food or tool"
879,Breaker Monopolar DE 2 AMPERE,consu,consu,True,True,True,True,SHARED,Material eléctrico,PHYSICAL_GOOD,DETERMINISTIC,KEEP,"Physical material, merchandise, food or tool"
948,Breaker OMNIUM 040E12F 12 Modulos Empotrable Europeo,consu,consu,True,True,True,True,SHARED,Material eléctrico,PHYSICAL_GOOD,DETERMINISTIC,KEEP,"Physical material, merchandise, food or tool"
308,Breaker Sencillo G.E 20 AMP,consu,consu,True,True,True,True,SHARED,Material eléctrico,PHYSICAL_GOOD,DETERMINISTIC,KEEP,"Physical material, merchandise, food or tool"
307,Breaker Sencillo G.E 30 AMP,consu,consu,True,True,True,True,SHARED,Material eléctrico,PHYSICAL_GOOD,DETERMINISTIC,KEEP,"Physical material, merchandise, food or tool"
1265,Brillos DE Limpieza-verde- SCOTCH,consu,consu,True,True,True,True,SHARED,Ferretería,PHYSICAL_GOOD,HIGH_CONFIDENCE,KEEP,Already Goods and name is not a service
1404,BROCA Concreto 5/16 IRWIN,consu,consu,True,True,True,True,SHARED,Ferretería,PHYSICAL_GOOD,HIGH_CONFIDENCE,KEEP,Already Goods and name is not a service
1632,BROCA PARA METAL COBALTO 3/16 KRAFTS,consu,consu,True,True,True,True,SHARED,,PHYSICAL_GOOD,HIGH_CONFIDENCE,KEEP,Already Goods and name is not a service
1633,BROCA PARA METAL COBALTO 3/8 KRAFTS,consu,consu,True,True,True,True,SHARED,,PHYSICAL_GOOD,HIGH_CONFIDENCE,KEEP,Already Goods and name is not a service
1631,BROCA P/METAL COBALTO 1/8 KRAFTS,consu,consu,True,True,True,True,SHARED,,PHYSICAL_GOOD,HIGH_CONFIDENCE,KEEP,Already Goods and name is not a service
1729,BROCHA 3/16,consu,consu,True,True,True,True,SHARED,,PHYSICAL_GOOD,HIGH_CONFIDENCE,KEEP,Already Goods and name is not a service
752,BROCHA ATLAS DE 1'',consu,consu,True,True,True,True,SHARED,Pinturas,PHYSICAL_GOOD,HIGH_CONFIDENCE,KEEP,Already Goods and name is not a service
753,BROCHA ATLAS DE 2'',consu,consu,True,True,True,True,SHARED,Pinturas,PHYSICAL_GOOD,HIGH_CONFIDENCE,KEEP,Already Goods and name is not a service
754,BROCHA ATLAS DE 3'',consu,consu,True,True,True,True,SHARED,Pinturas,PHYSICAL_GOOD,HIGH_CONFIDENCE,KEEP,Already Goods and name is not a service
755,BROCHA ATLAS DE 4'',consu,consu,True,True,True,True,SHARED,Pinturas,PHYSICAL_GOOD,HIGH_CONFIDENCE,KEEP,Already Goods and name is not a service
655,BROCHA DE 2'',consu,consu,True,True,True,True,SHARED,Pinturas,PHYSICAL_GOOD,HIGH_CONFIDENCE,KEEP,Already Goods and name is not a service
551,BROCHA DE 2 1/2'' ATLAS,consu,consu,True,True,True,True,SHARED,Pinturas,PHYSICAL_GOOD,HIGH_CONFIDENCE,KEEP,Already Goods and name is not a service
964,BROCHA DE 2'' ATLAS,consu,consu,True,True,True,True,SHARED,Pinturas,PHYSICAL_GOOD,HIGH_CONFIDENCE,KEEP,Already Goods and name is not a service
656,BROCHA DE 3'',consu,consu,True,True,True,True,SHARED,Pinturas,PHYSICAL_GOOD,HIGH_CONFIDENCE,KEEP,Already Goods and name is not a service
383,BROCHA DE 3 ATLAS,consu,consu,True,True,True,True,SHARED,Pinturas,PHYSICAL_GOOD,HIGH_CONFIDENCE,KEEP,Already Goods and name is not a service
552,BROCHA DE 3'' EMTOP,consu,consu,True,True,True,True,SHARED,Pinturas,PHYSICAL_GOOD,HIGH_CONFIDENCE,KEEP,Already Goods and name is not a service
657,BROCHA DE 4'',consu,consu,True,True,True,True,SHARED,Pinturas,PHYSICAL_GOOD,HIGH_CONFIDENCE,KEEP,Already Goods and name is not a service
384,BROCHA DE 4'' ATLAS,consu,consu,True,True,True,True,SHARED,Pinturas,PHYSICAL_GOOD,HIGH_CONFIDENCE,KEEP,Already Goods and name is not a service
553,BROCHA DE 4'''emtop,consu,consu,True,True,True,True,SHARED,Pinturas,PHYSICAL_GOOD,HIGH_CONFIDENCE,KEEP,Already Goods and name is not a service
1392,"Brocha Ecom. M/marron 1""",consu,consu,True,True,True,True,SHARED,Pinturas,PHYSICAL_GOOD,HIGH_CONFIDENCE,KEEP,Already Goods and name is not a service
1348,"Brocha Ecom. M/marron 2""",consu,consu,True,True,True,True,SHARED,Pinturas,PHYSICAL_GOOD,HIGH_CONFIDENCE,KEEP,Already Goods and name is not a service
1347,"Brocha Ecom. M/marron 3""",consu,consu,True,True,True,True,SHARED,Pinturas,PHYSICAL_GOOD,HIGH_CONFIDENCE,KEEP,Already Goods and name is not a service
1349,"Brocha Ecom. M/marron 4""",consu,consu,True,True,True,True,SHARED,Pinturas,PHYSICAL_GOOD,HIGH_CONFIDENCE,KEEP,Already Goods and name is not a service
86,"BROCHA M/BCO PELO GRIS 2"" BCM20 BYP",consu,consu,True,True,True,True,SHARED,,PHYSICAL_GOOD,HIGH_CONFIDENCE,KEEP,Already Goods and name is not a service
739,BROCHA M/BCO PELO GRIS 2'' BCM20 BYP,consu,consu,True,True,True,True,SHARED,Pinturas,PHYSICAL_GOOD,HIGH_CONFIDENCE,KEEP,Already Goods and name is not a service
236,Brochas DE 1'' EMTOP,consu,consu,True,True,True,True,SHARED,Pinturas,PHYSICAL_GOOD,HIGH_CONFIDENCE,KEEP,Already Goods and name is not a service
237,Brochas DE 2'' EMTOP,consu,consu,True,True,True,True,SHARED,Pinturas,PHYSICAL_GOOD,HIGH_CONFIDENCE,KEEP,Already Goods and name is not a service
238,Brochas DE 3'' EMTOP,consu,consu,True,True,True,True,SHARED,Pinturas,PHYSICAL_GOOD,HIGH_CONFIDENCE,KEEP,Already Goods and name is not a service
239,Brochas DE 4'''emtop,consu,consu,True,True,True,True,SHARED,Pinturas,PHYSICAL_GOOD,HIGH_CONFIDENCE,KEEP,Already Goods and name is not a service
1030,Caballetes DE Aluzinc DE 10 PIES,consu,consu,True,True,True,True,SHARED,Ferretería,PHYSICAL_GOOD,HIGH_CONFIDENCE,KEEP,Already Goods and name is not a service
518,CABLE #10 AWG THHN BLANCO,consu,consu,True,True,True,True,SHARED,Material eléctrico,PHYSICAL_GOOD,DETERMINISTIC,KEEP,"Physical material, merchandise, food or tool"
517,CABLE 10 AWG THHN NEGRO,consu,consu,True,True,True,True,SHARED,Material eléctrico,PHYSICAL_GOOD,DETERMINISTIC,KEEP,"Physical material, merchandise, food or tool"
519,CABLE #10 AWG THHN VERDE,consu,consu,True,True,True,True,SHARED,Material eléctrico,PHYSICAL_GOOD,DETERMINISTIC,KEEP,"Physical material, merchandise, food or tool"
704,CABLE 12 AWG THHN-500 PIE,consu,consu,True,True,True,True,SHARED,Material eléctrico,PHYSICAL_GOOD,DETERMINISTIC,KEEP,"Physical material, merchandise, food or tool"
520,CABLE #12 AWG THHN BLANCO,consu,consu,True,True,True,True,SHARED,Material eléctrico,PHYSICAL_GOOD,DETERMINISTIC,KEEP,"Physical material, merchandise, food or tool"
1036,CABLE 12 AWG THHN NEGRO,consu,consu,True,True,True,True,SHARED,Material eléctrico,PHYSICAL_GOOD,DETERMINISTIC,KEEP,"Physical material, merchandise, food or tool"
521,CABLE #12 AWG THHN RO JO,consu,consu,True,True,True,True,SHARED,Material eléctrico,PHYSICAL_GOOD,DETERMINISTIC,KEEP,"Physical material, merchandise, food or tool"
1039,CABLE #14 (1.5mm) AWG THHN BLANCO,consu,consu,True,True,True,True,SHARED,Material eléctrico,PHYSICAL_GOOD,DETERMINISTIC,KEEP,"Physical material, merchandise, food or tool"
203,Cable #14 AWG Thhn Negro,consu,consu,True,True,True,True,SHARED,Material eléctrico,PHYSICAL_GOOD,DETERMINISTIC,KEEP,"Physical material, merchandise, food or tool"
1489,CABLE 2 AWG THHN,consu,consu,True,True,True,True,SHARED,Material eléctrico,PHYSICAL_GOOD,DETERMINISTIC,KEEP,"Physical material, merchandise, food or tool"
104,CABLE 3/0 AWG THHN NEGRO,consu,consu,True,True,True,True,SHARED,,PHYSICAL_GOOD,DETERMINISTIC,KEEP,"Physical material, merchandise, food or tool"
1488,CABLE 4 AWG THHN,consu,consu,True,True,True,True,SHARED,Material eléctrico,PHYSICAL_GOOD,DETERMINISTIC,KEEP,"Physical material, merchandise, food or tool"
1040,CABLE 8 AWG THHN NEGR,consu,consu,True,True,True,True,SHARED,Material eléctrico,PHYSICAL_GOOD,DETERMINISTIC,KEEP,"Physical material, merchandise, food or tool"
1037,CABLE GOMA 12/2 SJTW NEGRO,consu,consu,True,True,True,True,SHARED,Neumáticos,PHYSICAL_GOOD,DETERMINISTIC,KEEP,"Physical material, merchandise, food or tool"
1038,CABLE GOMA 12/3 SJTW NEGRO,consu,consu,True,True,True,True,SHARED,Neumáticos,PHYSICAL_GOOD,DETERMINISTIC,KEEP,"Physical material, merchandise, food or tool"
538,CABLE GOMA 14/2 SJTW NEGRO,consu,consu,True,True,True,True,SHARED,Neumáticos,PHYSICAL_GOOD,DETERMINISTIC,KEEP,"Physical material, merchandise, food or tool"
230,CABLE GOMA 8/3 SJTW NEGRO,consu,consu,True,True,True,True,SHARED,Neumáticos,PHYSICAL_GOOD,DETERMINISTIC,KEEP,"Physical material, merchandise, food or tool"
534,CABLE VINYL 10/2 UF TW GRIS Cordiflex,consu,consu,True,True,True,True,SHARED,Material eléctrico,PHYSICAL_GOOD,DETERMINISTIC,KEEP,"Physical material, merchandise, food or tool"
1042,CABLE VINYL 12/2 UF TW GRIS Cordiflex,consu,consu,True,True,True,True,SHARED,Material eléctrico,PHYSICAL_GOOD,DETERMINISTIC,KEEP,"Physical material, merchandise, food or tool"
1041,CABLE VINYL 12/3 UF TW GRIS Cordiflex,consu,consu,True,True,True,True,SHARED,Material eléctrico,PHYSICAL_GOOD,DETERMINISTIC,KEEP,"Physical material, merchandise, food or tool"
378,CAJA 2X4,consu,consu,True,True,True,True,SHARED,Ferretería,PHYSICAL_GOOD,HIGH_CONFIDENCE,KEEP,Already Goods and name is not a service
706,CAJA 2X4 3/4 Suplemento,consu,consu,True,True,True,True,SHARED,Ferretería,PHYSICAL_GOOD,HIGH_CONFIDENCE,KEEP,Already Goods and name is not a service
96,CAJA BREAKER 12 SUPE. OMNIUM,consu,consu,True,True,True,True,SHARED,,PHYSICAL_GOOD,DETERMINISTIC,KEEP,"Physical material, merchandise, food or tool"
1497,CAJA Breaker 8 A 16 Circuito TLM-812FCUD ABB - GE,consu,consu,True,True,True,True,SHARED,Material eléctrico,PHYSICAL_GOOD,DETERMINISTIC,KEEP,"Physical material, merchandise, food or tool"
123,CAJA BREAKER 8 A 16 CIRCUITO TLM-812FCUD ABB-GE,consu,consu,True,True,True,True,SHARED,,PHYSICAL_GOOD,DETERMINISTIC,KEEP,"Physical material, merchandise, food or tool"
228,CAJA Breaker GE 2 A 4,consu,consu,True,True,True,True,SHARED,Material eléctrico,PHYSICAL_GOOD,DETERMINISTIC,KEEP,"Physical material, merchandise, food or tool"
35,CAJA CHICA (Feb-Mar 2026) agua y hielo $600/semana,service,service,True,True,False,False,SHARED,,SERVICE,HIGH_CONFIDENCE,KEEP,"Construction/haulage/petty-cash activity, not a SKU"
34,CAJA CHICA (Materiales instalacion motobomba y combustible),service,service,True,True,False,False,SHARED,,SERVICE,HIGH_CONFIDENCE,KEEP,"Construction/haulage/petty-cash activity, not a SKU"
36,"CAJA CHICA motobomba/materiales + caja chica abril + combustible drenaje (desglose PDF no suma al SUB TOTAL 52,453.30)",service,service,True,True,False,False,SHARED,,SERVICE,HIGH_CONFIDENCE,KEEP,"Construction/haulage/petty-cash activity, not a SKU"
1363,Caja De Brazing Rod 0% Silver (varillas PLATA Para Soldaduras)1/8,consu,consu,True,True,True,True,SHARED,Construcción,PHYSICAL_GOOD,DETERMINISTIC,KEEP,"Physical material, merchandise, food or tool"
332,CAJA DE Breaker 4/8,consu,consu,True,True,True,True,SHARED,Material eléctrico,PHYSICAL_GOOD,DETERMINISTIC,KEEP,"Physical material, merchandise, food or tool"
333,CAJA DE Breaker 8/16,consu,consu,True,True,True,True,SHARED,Material eléctrico,PHYSICAL_GOOD,DETERMINISTIC,KEEP,"Physical material, merchandise, food or tool"
330,CAJA DE Breaker GE 6 A 12,consu,consu,True,True,True,True,SHARED,Material eléctrico,PHYSICAL_GOOD,DETERMINISTIC,KEEP,"Physical material, merchandise, food or tool"
219,CAJA DE Breaker Plastico Europeo DE 12 Circuito,consu,consu,True,True,True,True,SHARED,Material eléctrico,PHYSICAL_GOOD,DETERMINISTIC,KEEP,"Physical material, merchandise, food or tool"
670,CAJA DE CLAVOS F-20 (1),consu,consu,True,True,True,True,SHARED,Ferretería,PHYSICAL_GOOD,HIGH_CONFIDENCE,KEEP,Already Goods and name is not a service
457,CAJA DE CLAVOS F-25 (1),consu,consu,True,True,True,True,SHARED,Ferretería,PHYSICAL_GOOD,HIGH_CONFIDENCE,KEEP,Already Goods and name is not a service
932,Caja De Gomitas OBIS No. 18,consu,consu,True,True,True,True,SHARED,Ferretería,PHYSICAL_GOOD,HIGH_CONFIDENCE,KEEP,Already Goods and name is not a service
348,CAJA DE GRAPA Estandar,consu,consu,True,True,True,True,SHARED,Ferretería,PHYSICAL_GOOD,HIGH_CONFIDENCE,KEEP,Already Goods and name is not a service
1430,CAJA DE GRAPA Estandar Artesco,consu,consu,True,True,True,True,SHARED,Ferretería,PHYSICAL_GOOD,HIGH_CONFIDENCE,KEEP,Already Goods and name is not a service
1357,Caja De Herramienta,consu,consu,True,True,True,True,SHARED,Ferretería,PHYSICAL_GOOD,HIGH_CONFIDENCE,KEEP,Already Goods and name is not a service
1418,Caja De Herramientas 66pcs Wurth,consu,consu,True,True,True,True,SHARED,Ferretería,PHYSICAL_GOOD,HIGH_CONFIDENCE,KEEP,Already Goods and name is not a service
1209,CAJA DE Herramientas Mediana Plastica KENDO,consu,consu,True,True,True,True,SHARED,Ferretería,PHYSICAL_GOOD,HIGH_CONFIDENCE,KEEP,Already Goods and name is not a service
377,CAJA Octagonal 3/4 METAL,consu,consu,True,True,True,True,SHARED,Ferretería,PHYSICAL_GOOD,HIGH_CONFIDENCE,KEEP,Already Goods and name is not a service
849,Cajas De Clips Billeteros 1 1/4 (32mm) 12/2,consu,consu,True,True,True,True,SHARED,Ferretería,PHYSICAL_GOOD,HIGH_CONFIDENCE,KEEP,Already Goods and name is not a service
850,Cajas De Clips Billeteros 2 (51mm) 12/3,consu,consu,True,True,True,True,SHARED,Ferretería,PHYSICAL_GOOD,HIGH_CONFIDENCE,KEEP,Already Goods and name is not a service
848,Cajas De Clips Billeteros 3/4 (19mm) 12/1,consu,consu,True,True,True,True,SHARED,Ferretería,PHYSICAL_GOOD,HIGH_CONFIDENCE,KEEP,Already Goods and name is not a service
852,"Cajas De Felpa Tinta De Gel Azul Punto Audaz 1,0 Mm 12/1",consu,consu,True,True,True,True,SHARED,Ferretería,PHYSICAL_GOOD,HIGH_CONFIDENCE,KEEP,Already Goods and name is not a service
826,Cajas De Ganchos Macho Y Hembra 50/1,consu,consu,True,True,True,True,SHARED,Ferretería,PHYSICAL_GOOD,HIGH_CONFIDENCE,KEEP,Already Goods and name is not a service
828,Cajas De Gomas Bandas No. 18,consu,consu,True,True,True,True,SHARED,Ferretería,PHYSICAL_GOOD,DETERMINISTIC,KEEP,"Physical material, merchandise, food or tool"
829,Cajas De Grapas Estándar,consu,consu,True,True,True,True,SHARED,Ferretería,PHYSICAL_GOOD,HIGH_CONFIDENCE,KEEP,Already Goods and name is not a service
830,Cajas De Grapas Grandes,consu,consu,True,True,True,True,SHARED,Ferretería,PHYSICAL_GOOD,HIGH_CONFIDENCE,KEEP,Already Goods and name is not a service
835,Cajas De Lapiceros Azules 12/1,consu,consu,True,True,True,True,SHARED,Oficina,PHYSICAL_GOOD,HIGH_CONFIDENCE,KEEP,Already Goods and name is not a service
836,Cajas De Lapiceros Negros 12/1,consu,consu,True,True,True,True,SHARED,Oficina,PHYSICAL_GOOD,HIGH_CONFIDENCE,KEEP,Already Goods and name is not a service
839,Cajas De Marcadores Para Pizarra Azul,consu,consu,True,True,True,True,SHARED,Ferretería,PHYSICAL_GOOD,HIGH_CONFIDENCE,KEEP,Already Goods and name is not a service
840,Cajas De Marcadores Para Pizarra Negro,consu,consu,True,True,True,True,SHARED,Ferretería,PHYSICAL_GOOD,HIGH_CONFIDENCE,KEEP,Already Goods and name is not a service
841,Cajas De Marcadores Para Pizarra Rojo,consu,consu,True,True,True,True,SHARED,Ferretería,PHYSICAL_GOOD,HIGH_CONFIDENCE,KEEP,Already Goods and name is not a service
842,Cajas De Marcadores Para Pizarra Verde,consu,consu,True,True,True,True,SHARED,Ferretería,PHYSICAL_GOOD,HIGH_CONFIDENCE,KEEP,Already Goods and name is not a service
1287,CAJAS DE SOBRES Blancos 500/1,consu,consu,True,True,True,True,SHARED,Ferretería,PHYSICAL_GOOD,HIGH_CONFIDENCE,KEEP,Already Goods and name is not a service
1297,CAJITA DE CLIP PEQ TALBO,consu,consu,True,True,True,True,SHARED,Ferretería,PHYSICAL_GOOD,HIGH_CONFIDENCE,KEEP,Already Goods and name is not a service
1296,CAJITA DE GRAPAS Grandes Standard T,consu,consu,True,True,True,True,SHARED,Ferretería,PHYSICAL_GOOD,HIGH_CONFIDENCE,KEEP,Already Goods and name is not a service
1295,Cajitas DE GRAPAS Standard T,consu,consu,True,True,True,True,SHARED,Ferretería,PHYSICAL_GOOD,HIGH_CONFIDENCE,KEEP,Already Goods and name is not a service
1185,Caliche FINO,consu,consu,True,True,True,True,SHARED,Ferretería,PHYSICAL_GOOD,HIGH_CONFIDENCE,KEEP,Already Goods and name is not a service
1545,Cama C/base De Madera 54'' Doble Pillow Top Especial,consu,consu,True,True,True,True,SHARED,Ferretería,PHYSICAL_GOOD,HIGH_CONFIDENCE,KEEP,Already Goods and name is not a service
1573,CAMA CON BASE DE MADERA 54 PG PILLOW TOP EURO AZUL,consu,consu,True,True,True,True,SHARED,Ferretería,PHYSICAL_GOOD,HIGH_CONFIDENCE,KEEP,Already Goods and name is not a service
1592,Camarote 39X39 Pulgadas TWIN TWIN FIRSO,consu,consu,True,True,True,True,SHARED,Ferretería,PHYSICAL_GOOD,HIGH_CONFIDENCE,KEEP,Already Goods and name is not a service
1561,Camarote Hilton Twin Twin 39X39 Pulgadas,consu,consu,True,True,True,True,SHARED,Ferretería,PHYSICAL_GOOD,HIGH_CONFIDENCE,KEEP,Already Goods and name is not a service
980,Cambio Tapa De Cisterma 1x1 Concreto,consu,consu,True,True,True,True,SHARED,Ferretería,PHYSICAL_GOOD,HIGH_CONFIDENCE,KEEP,Already Goods and name is not a service
1213,"Camioneta NISSAN Frontier NP300 AÑO 2019, FICHA 275, PLACA L406494 CHASIS",consu,consu,True,True,True,True,SHARED,Ferretería,PHYSICAL_GOOD,HIGH_CONFIDENCE,KEEP,Already Goods and name is not a service
1050,Canaleta RECTA. 3/4X10MM KOLNY 2070-05,consu,consu,True,True,True,True,SHARED,Ferretería,PHYSICAL_GOOD,HIGH_CONFIDENCE,KEEP,Already Goods and name is not a service
303,Canaletas Cuadradas C/ADH 1/2,consu,consu,True,True,True,True,SHARED,Ferretería,PHYSICAL_GOOD,HIGH_CONFIDENCE,KEEP,Already Goods and name is not a service
218,Candado DE BRONCE YALE ITALY 70MM,consu,consu,True,True,True,True,SHARED,Ferretería,PHYSICAL_GOOD,HIGH_CONFIDENCE,KEEP,Already Goods and name is not a service
1378,Candado Yale 50 Mm,consu,consu,True,True,True,True,SHARED,Ferretería,PHYSICAL_GOOD,HIGH_CONFIDENCE,KEEP,Already Goods and name is not a service
204,Candado Yale 70 Mm 110-70,consu,consu,True,True,True,True,SHARED,Ferretería,PHYSICAL_GOOD,HIGH_CONFIDENCE,KEEP,Already Goods and name is not a service
1029,CAÑOS DE 10X16,consu,consu,True,True,True,True,SHARED,Ferretería,PHYSICAL_GOOD,HIGH_CONFIDENCE,KEEP,Already Goods and name is not a service
868,Canto PVC Teca Lino SW 22x0.4mm Pies L,consu,consu,True,True,True,True,SHARED,Plomería,PHYSICAL_GOOD,HIGH_CONFIDENCE,KEEP,Already Goods and name is not a service
374,CAPA Amarilla,consu,consu,True,True,True,True,SHARED,Ferretería,PHYSICAL_GOOD,HIGH_CONFIDENCE,KEEP,Already Goods and name is not a service
407,CAPA Amarilla Impeable,consu,consu,True,True,True,True,SHARED,Ferretería,PHYSICAL_GOOD,HIGH_CONFIDENCE,KEEP,Already Goods and name is not a service
1100,"CAPA Impermeable, TRUPER SIZE L",consu,consu,True,True,True,True,SHARED,Herramientas,PHYSICAL_GOOD,HIGH_CONFIDENCE,KEEP,Already Goods and name is not a service
1099,"CAPA Impermeable, TRUPER SIZE M",consu,consu,True,True,True,True,SHARED,Herramientas,PHYSICAL_GOOD,HIGH_CONFIDENCE,KEEP,Already Goods and name is not a service
1101,"CAPA Impermeable, TRUPER SIZE XL",consu,consu,True,True,True,True,SHARED,Herramientas,PHYSICAL_GOOD,HIGH_CONFIDENCE,KEEP,Already Goods and name is not a service
511,CAPA P/AGUA 1 PZA Amarilla,consu,consu,True,True,True,True,SHARED,Ferretería,PHYSICAL_GOOD,HIGH_CONFIDENCE,KEEP,Already Goods and name is not a service
1730,CARETA P/ SOLDAR CASCO-3 TRUPER,consu,consu,True,True,True,True,SHARED,,PHYSICAL_GOOD,HIGH_CONFIDENCE,KEEP,Already Goods and name is not a service
1318,CARNE DE CERDO,consu,consu,True,True,True,True,9,Carnes,PHYSICAL_GOOD,DETERMINISTIC,KEEP,"Physical material, merchandise, food or tool"
1313,CARNE DE RES,consu,consu,True,True,True,True,9,Carnes,PHYSICAL_GOOD,DETERMINISTIC,KEEP,"Physical material, merchandise, food or tool"
1736,CARNET PLASTICO PERSONALIZADO,consu,consu,True,True,True,True,SHARED,,PHYSICAL_GOOD,HIGH_CONFIDENCE,KEEP,Already Goods and name is not a service
1207,CARPAS Plegables Parasol 3x3 TORDO Pegable Impermeable Reforzado TIPO ARAÑA,consu,consu,True,True,True,True,SHARED,Ferretería,PHYSICAL_GOOD,HIGH_CONFIDENCE,KEEP,Already Goods and name is not a service
555,Carretilla TRUPER,consu,consu,True,True,True,True,SHARED,Herramientas,PHYSICAL_GOOD,HIGH_CONFIDENCE,KEEP,Already Goods and name is not a service
370,Carretilla TRUPER CAT-50,consu,consu,True,True,True,True,SHARED,Herramientas,PHYSICAL_GOOD,HIGH_CONFIDENCE,KEEP,Already Goods and name is not a service
556,Carretillla Reforzada PARA Asfalto Tramotina,consu,consu,True,True,True,True,SHARED,Ferretería,PHYSICAL_GOOD,HIGH_CONFIDENCE,KEEP,Already Goods and name is not a service
146,CARTUCHO HP DESKJET 1000 122,consu,consu,True,True,True,True,SHARED,,PHYSICAL_GOOD,HIGH_CONFIDENCE,KEEP,Already Goods and name is not a service
366,CASCO DE Seguridad Amarillo PRETUL,consu,consu,True,True,True,True,SHARED,Ferretería,PHYSICAL_GOOD,HIGH_CONFIDENCE,KEEP,Already Goods and name is not a service
367,CASCO DE Seguridad AZUL CON AJUSTE,consu,consu,True,True,True,True,SHARED,Ferretería,PHYSICAL_GOOD,HIGH_CONFIDENCE,KEEP,Already Goods and name is not a service
368,CASCO DE Seguridad BLANCO CON AJUSTE,consu,consu,True,True,True,True,SHARED,Ferretería,PHYSICAL_GOOD,HIGH_CONFIDENCE,KEEP,Already Goods and name is not a service
512,CASCO Seguridad BLANCO 201758 CLIMAX,consu,consu,True,True,True,True,SHARED,Ferretería,PHYSICAL_GOOD,HIGH_CONFIDENCE,KEEP,Already Goods and name is not a service
1647,CAUTIN D/SOLDAR 30W 120V,consu,consu,True,True,True,True,SHARED,,PHYSICAL_GOOD,HIGH_CONFIDENCE,KEEP,Already Goods and name is not a service
1648,CAUTIN D/SOLDAR 30W 120V BEST VALUE,consu,consu,True,True,True,True,SHARED,,PHYSICAL_GOOD,HIGH_CONFIDENCE,KEEP,Already Goods and name is not a service
557,CEDAZO DE ARENA,consu,consu,True,True,True,True,SHARED,Construcción,PHYSICAL_GOOD,HIGH_CONFIDENCE,KEEP,Already Goods and name is not a service
1508,Cemento,consu,consu,True,True,True,True,SHARED,Construcción,PHYSICAL_GOOD,DETERMINISTIC,KEEP,"Physical material, merchandise, food or tool"
726,Cemento BLANCO,consu,consu,True,True,True,True,SHARED,Construcción,PHYSICAL_GOOD,DETERMINISTIC,KEEP,"Physical material, merchandise, food or tool"
73,CEMENTO BLANCO 2KG (4.4LBS) 2KG PEGAFORTE,consu,consu,True,True,True,True,SHARED,,PHYSICAL_GOOD,DETERMINISTIC,KEEP,"Physical material, merchandise, food or tool"
54,CEMENTO BLANCO FUNDA 40KG,consu,consu,True,True,True,True,SHARED,,PHYSICAL_GOOD,DETERMINISTIC,KEEP,"Physical material, merchandise, food or tool"
817,Cemento BLANCO Portland 94LB,consu,consu,True,True,True,True,SHARED,Construcción,PHYSICAL_GOOD,DETERMINISTIC,KEEP,"Physical material, merchandise, food or tool"
1646,CEMENTO D/CONTACTO 4/1,consu,consu,True,True,True,True,SHARED,,PHYSICAL_GOOD,DETERMINISTIC,KEEP,"Physical material, merchandise, food or tool"
1624,CEMENTO DE CONCTATO 5 GALONES WUASONA 951,consu,consu,True,True,True,True,SHARED,,PHYSICAL_GOOD,DETERMINISTIC,KEEP,"Physical material, merchandise, food or tool"
1416,Cemento De Contacto 1gl Universal,consu,consu,True,True,True,True,SHARED,Construcción,PHYSICAL_GOOD,DETERMINISTIC,KEEP,"Physical material, merchandise, food or tool"
1463,Cemento GRIS 94 LIBRA,consu,consu,True,True,True,True,SHARED,Construcción,PHYSICAL_GOOD,DETERMINISTIC,KEEP,"Physical material, merchandise, food or tool"
1172,Cemento GRIS (aglomerante Portland) SANTO Domingo 42.5 Kg/94 LB,consu,consu,True,True,True,True,SHARED,Construcción,PHYSICAL_GOOD,DETERMINISTIC,KEEP,"Physical material, merchandise, food or tool"
22,CEMENTO GRIS (AGLOMERANTE PORTLAND) SANTO DOMINGO 94LB,consu,consu,True,True,True,True,SHARED,,PHYSICAL_GOOD,DETERMINISTIC,KEEP,"Physical material, merchandise, food or tool"
645,Cemento GRIS (aglomerante Portland) SANTO Domingo/titan-cemex FDA 94LB,consu,consu,True,True,True,True,SHARED,Construcción,PHYSICAL_GOOD,DETERMINISTIC,KEEP,"Physical material, merchandise, food or tool"
318,Cemento GRIS SANTO Domingo 94LB,consu,consu,True,True,True,True,SHARED,Construcción,PHYSICAL_GOOD,DETERMINISTIC,KEEP,"Physical material, merchandise, food or tool"
1490,Cemento GRIS TITAN 42.5 GK,consu,consu,True,True,True,True,SHARED,Construcción,PHYSICAL_GOOD,DETERMINISTIC,KEEP,"Physical material, merchandise, food or tool"
954,Cemento GRIS TITAN 94 LB,consu,consu,True,True,True,True,SHARED,Construcción,PHYSICAL_GOOD,DETERMINISTIC,KEEP,"Physical material, merchandise, food or tool"
532,Cemento P/ceramica 50LBS GRIS Pegaforte,consu,consu,True,True,True,True,SHARED,Construcción,PHYSICAL_GOOD,DETERMINISTIC,KEEP,"Physical material, merchandise, food or tool"
761,Cemento Plastico Polyplus 2.8,consu,consu,True,True,True,True,SHARED,Construcción,PHYSICAL_GOOD,DETERMINISTIC,KEEP,"Physical material, merchandise, food or tool"
1411,Cemento Pvc Azul 1/4 Lanco//,consu,consu,True,True,True,True,SHARED,Plomería,PHYSICAL_GOOD,DETERMINISTIC,KEEP,"Physical material, merchandise, food or tool"
375,Cemento PVC LANCO AZUL 1/4,consu,consu,True,True,True,True,SHARED,Plomería,PHYSICAL_GOOD,DETERMINISTIC,KEEP,"Physical material, merchandise, food or tool"
804,Cemento PVC LANCO WET DRY 8 OZ,consu,consu,True,True,True,True,SHARED,Plomería,PHYSICAL_GOOD,DETERMINISTIC,KEEP,"Physical material, merchandise, food or tool"
280,Cemento Spray Web Adhesive Mult-purpos,consu,consu,True,True,True,True,SHARED,Construcción,PHYSICAL_GOOD,DETERMINISTIC,KEEP,"Physical material, merchandise, food or tool"
1612,cemn,consu,consu,True,True,True,True,SHARED,,PHYSICAL_GOOD,HIGH_CONFIDENCE,KEEP,Already Goods and name is not a service
531,Cepillo DE Alambre TRUPER 4 X 16 CEA-54,consu,consu,True,True,True,True,SHARED,Herramientas,PHYSICAL_GOOD,DETERMINISTIC,KEEP,"Physical material, merchandise, food or tool"
858,Ceramica LISA 50X50,consu,consu,True,True,True,True,SHARED,Ferretería,PHYSICAL_GOOD,HIGH_CONFIDENCE,KEEP,Already Goods and name is not a service
1330,Cerradura Electromagnetica De 600 Lbs,consu,consu,True,True,True,True,SHARED,Ferretería,PHYSICAL_GOOD,HIGH_CONFIDENCE,KEEP,Already Goods and name is not a service
871,Cerradura P/gaveta Tallo Largo Mipecker,consu,consu,True,True,True,True,SHARED,Ferretería,PHYSICAL_GOOD,HIGH_CONFIDENCE,KEEP,Already Goods and name is not a service
373,Chaleco CON CINTA VERDE 14425,consu,consu,True,True,True,True,SHARED,Ferretería,PHYSICAL_GOOD,HIGH_CONFIDENCE,KEEP,Already Goods and name is not a service
558,Chaleco REFLEC SEG MAMEY,consu,consu,True,True,True,True,SHARED,Ferretería,PHYSICAL_GOOD,HIGH_CONFIDENCE,KEEP,Already Goods and name is not a service
513,Chaleco REFLEC SEG MAMEY (L),consu,consu,True,True,True,True,SHARED,Ferretería,PHYSICAL_GOOD,HIGH_CONFIDENCE,KEEP,Already Goods and name is not a service
1079,Chaleco Reflectivo Naranja,consu,consu,True,True,True,True,SHARED,Ferretería,PHYSICAL_GOOD,HIGH_CONFIDENCE,KEEP,Already Goods and name is not a service
1151,"Chaleco Salvavidas (s,m,l)",consu,consu,True,True,True,True,SHARED,Ferretería,PHYSICAL_GOOD,HIGH_CONFIDENCE,KEEP,Already Goods and name is not a service
372,Chalecos DE Seguridad VERDES CON EL LOGO D,consu,consu,True,True,True,True,SHARED,Ferretería,PHYSICAL_GOOD,HIGH_CONFIDENCE,KEEP,Already Goods and name is not a service
404,Chalecos Reflectivos Naranja,consu,consu,True,True,True,True,SHARED,Ferretería,PHYSICAL_GOOD,HIGH_CONFIDENCE,KEEP,Already Goods and name is not a service
241,CHINA CUPS Grandes 32 OZ,consu,consu,True,True,True,True,SHARED,Ferretería,PHYSICAL_GOOD,HIGH_CONFIDENCE,KEEP,Already Goods and name is not a service
1521,Chocolate EN BARRAS MUNE (10 TAB 25G) 72/1,consu,consu,True,True,True,True,SHARED,Ferretería,PHYSICAL_GOOD,HIGH_CONFIDENCE,KEEP,Already Goods and name is not a service
1314,Chuleta,consu,consu,True,True,True,True,9,Carnes,PHYSICAL_GOOD,DETERMINISTIC,KEEP,"Physical material, merchandise, food or tool"
1317,Chuleta FRESCA Rebanada,consu,consu,True,True,True,True,9,Carnes,PHYSICAL_GOOD,DETERMINISTIC,KEEP,"Physical material, merchandise, food or tool"
1493,CINCEL PLANO 3/4 X10'' (19x250) Tramontina,consu,consu,True,True,True,True,SHARED,Ferretería,PHYSICAL_GOOD,HIGH_CONFIDENCE,KEEP,Already Goods and name is not a service
113,"CINCEL PLANO 3/4 X 10"" (19X250) TRAMONTINA",consu,consu,True,True,True,True,SHARED,,PHYSICAL_GOOD,HIGH_CONFIDENCE,KEEP,Already Goods and name is not a service
559,CINCEL PLANO 3/4x12 (18x300) 5825 Bellota,consu,consu,True,True,True,True,SHARED,Ferretería,PHYSICAL_GOOD,HIGH_CONFIDENCE,KEEP,Already Goods and name is not a service
1492,CINCEL PUNTA 3/4 X 10´ (19x250) Tramontina,consu,consu,True,True,True,True,SHARED,Ferretería,PHYSICAL_GOOD,HIGH_CONFIDENCE,KEEP,Already Goods and name is not a service
112,"CINCEL PUNTA 3/4 X 10"" (19X250) TRAMONTINA",consu,consu,True,True,True,True,SHARED,,PHYSICAL_GOOD,HIGH_CONFIDENCE,KEEP,Already Goods and name is not a service
560,CINCEL PUNTA 3/4x12'' (18x300) 5821 Bellota,consu,consu,True,True,True,True,SHARED,Ferretería,PHYSICAL_GOOD,HIGH_CONFIDENCE,KEEP,Already Goods and name is not a service
1373,Cinta 3m P/baccocell De Insulacion,consu,consu,True,True,True,True,SHARED,Ferretería,PHYSICAL_GOOD,HIGH_CONFIDENCE,KEEP,Already Goods and name is not a service
931,"Cinta Adhesiva Invisible Talbot, 3/4 In X 1296 In, 36 Yd.",consu,consu,True,True,True,True,SHARED,Ferretería,PHYSICAL_GOOD,HIGH_CONFIDENCE,KEEP,Already Goods and name is not a service
769,"CINTA Aislante 19MM X 18 MT BLANCO ""truper"" 96/1",consu,consu,True,True,True,True,SHARED,Herramientas,PHYSICAL_GOOD,HIGH_CONFIDENCE,KEEP,Already Goods and name is not a service
1159,CINTA Antideslizante Adhesiva NEGRA 5MM X 18M,consu,consu,True,True,True,True,SHARED,Ferretería,PHYSICAL_GOOD,HIGH_CONFIDENCE,KEEP,Already Goods and name is not a service
561,CINTA DE MEDIR Electrica GUIA-30 DE TRUPER,consu,consu,True,True,True,True,SHARED,Herramientas,PHYSICAL_GOOD,HIGH_CONFIDENCE,KEEP,Already Goods and name is not a service
639,Cinta De Papel,consu,consu,True,True,True,True,SHARED,Oficina,PHYSICAL_GOOD,HIGH_CONFIDENCE,KEEP,Already Goods and name is not a service
1160,CINTA DE Precaucion Amarilla,consu,consu,True,True,True,True,SHARED,Ferretería,PHYSICAL_GOOD,HIGH_CONFIDENCE,KEEP,Already Goods and name is not a service
722,"CINTA DE TEFLÓN Industrial, TRUPER EXPERT 13M X 3/4""",consu,consu,True,True,True,True,SHARED,Herramientas,PHYSICAL_GOOD,HIGH_CONFIDENCE,KEEP,Already Goods and name is not a service
777,CINTA Electrica Temflex,consu,consu,True,True,True,True,SHARED,Ferretería,PHYSICAL_GOOD,HIGH_CONFIDENCE,KEEP,Already Goods and name is not a service
346,CINTA EPSON FX- 890,consu,consu,True,True,True,True,SHARED,Ferretería,PHYSICAL_GOOD,HIGH_CONFIDENCE,KEEP,Already Goods and name is not a service
1428,CINTA EPSON FX- 890 /S015329,consu,consu,True,True,True,True,SHARED,Ferretería,PHYSICAL_GOOD,HIGH_CONFIDENCE,KEEP,Already Goods and name is not a service
1205,CINTA Metrica 100m/330x Mm FIBRA TRUPER,consu,consu,True,True,True,True,SHARED,Herramientas,PHYSICAL_GOOD,HIGH_CONFIDENCE,KEEP,Already Goods and name is not a service
562,CINTA Metrica 30MT 35166 KENDO,consu,consu,True,True,True,True,SHARED,Ferretería,PHYSICAL_GOOD,HIGH_CONFIDENCE,KEEP,Already Goods and name is not a service
1085,CINTA Metrica 5MTS,consu,consu,True,True,True,True,SHARED,Ferretería,PHYSICAL_GOOD,HIGH_CONFIDENCE,KEEP,Already Goods and name is not a service
490,CINTA Metrica 5MTS TRUPER 15388,consu,consu,True,True,True,True,SHARED,Herramientas,PHYSICAL_GOOD,HIGH_CONFIDENCE,KEEP,Already Goods and name is not a service
563,CINTA Metrica 8MTS 14579-FH-8M TRUPER,consu,consu,True,True,True,True,SHARED,Herramientas,PHYSICAL_GOOD,HIGH_CONFIDENCE,KEEP,Already Goods and name is not a service
1280,CINTA PARA Dispensador Studmark,consu,consu,True,True,True,True,SHARED,Ferretería,PHYSICAL_GOOD,HIGH_CONFIDENCE,KEEP,Already Goods and name is not a service
622,CINTA Precaucion AMAR 3''x1000' BTCC31000G Gripite,consu,consu,True,True,True,True,SHARED,Ferretería,PHYSICAL_GOOD,HIGH_CONFIDENCE,KEEP,Already Goods and name is not a service
1161,CINTA Reflectiva GRADO Diamante Amarilla 2'' X 150'',consu,consu,True,True,True,True,SHARED,Ferretería,PHYSICAL_GOOD,HIGH_CONFIDENCE,KEEP,Already Goods and name is not a service
1282,CINTAS Adhesiva GRANDE OPUS,consu,consu,True,True,True,True,SHARED,Ferretería,PHYSICAL_GOOD,HIGH_CONFIDENCE,KEEP,Already Goods and name is not a service
1285,CINTAS Impresoras Epson ERC39 BLACK,consu,consu,True,True,True,True,SHARED,Tecnología,PHYSICAL_GOOD,HIGH_CONFIDENCE,KEEP,Already Goods and name is not a service
220,Circuito Breaker DE 20 AMP,consu,consu,True,True,True,True,SHARED,Material eléctrico,PHYSICAL_GOOD,DETERMINISTIC,KEEP,"Physical material, merchandise, food or tool"
564,Cizalla PROF 36'' (cp-36x) 12835 TRUPER,consu,consu,True,True,True,True,SHARED,Herramientas,PHYSICAL_GOOD,HIGH_CONFIDENCE,KEEP,Already Goods and name is not a service
941,Claudette Trementina 1/2 LT,consu,consu,True,True,True,True,SHARED,Ferretería,PHYSICAL_GOOD,HIGH_CONFIDENCE,KEEP,Already Goods and name is not a service
565,CLAVO ACERO 2 1/2'' ACERO Generico,consu,consu,True,True,True,True,SHARED,Ferretería,PHYSICAL_GOOD,HIGH_CONFIDENCE,KEEP,Already Goods and name is not a service
566,CLAVO ACERO 3'' ACERO Generico,consu,consu,True,True,True,True,SHARED,Ferretería,PHYSICAL_GOOD,HIGH_CONFIDENCE,KEEP,Already Goods and name is not a service
567,CLAVO Corriente 2 1/2X10 2999 Generico,consu,consu,True,True,True,True,SHARED,Ferretería,PHYSICAL_GOOD,HIGH_CONFIDENCE,KEEP,Already Goods and name is not a service
568,CLAVO Corriente 3X9 2816 Generico,consu,consu,True,True,True,True,SHARED,Ferretería,PHYSICAL_GOOD,HIGH_CONFIDENCE,KEEP,Already Goods and name is not a service
313,CLAVO DE 2 1/2PULGADA DE ACERO Koreano CAJA DE 50 LIBRA,consu,consu,True,True,True,True,SHARED,Ferretería,PHYSICAL_GOOD,HIGH_CONFIDENCE,KEEP,Already Goods and name is not a service
938,Clavo De 2 1/2 Pulgadas De Acero Koreano Caja De 50 Libra,consu,consu,True,True,True,True,SHARED,Ferretería,PHYSICAL_GOOD,HIGH_CONFIDENCE,KEEP,Already Goods and name is not a service
312,CLAVO DE 3 Pulgada DULCE CAJA DE 50 LIBRA,consu,consu,True,True,True,True,SHARED,Ferretería,PHYSICAL_GOOD,HIGH_CONFIDENCE,KEEP,Already Goods and name is not a service
311,CLAVO DE 3 Pulgadas ACERO Koreano CAJA DE 50 LIBRA,consu,consu,True,True,True,True,SHARED,Ferretería,PHYSICAL_GOOD,HIGH_CONFIDENCE,KEEP,Already Goods and name is not a service
937,Clavo De 3 Pulgadas Dulce Caja De 50 Libra,consu,consu,True,True,True,True,SHARED,Ferretería,PHYSICAL_GOOD,HIGH_CONFIDENCE,KEEP,Already Goods and name is not a service
309,CLAVO DE 4 Pulgadas ACERO CAJA DE 50 LIBRA,consu,consu,True,True,True,True,SHARED,Ferretería,PHYSICAL_GOOD,HIGH_CONFIDENCE,KEEP,Already Goods and name is not a service
310,CLAVO DE 4 Pulgadas DULCE CAJA DE 50 LIBRA,consu,consu,True,True,True,True,SHARED,Ferretería,PHYSICAL_GOOD,HIGH_CONFIDENCE,KEEP,Already Goods and name is not a service
957,CLAVO DE ACERO 2 1/2,consu,consu,True,True,True,True,SHARED,Ferretería,PHYSICAL_GOOD,HIGH_CONFIDENCE,KEEP,Already Goods and name is not a service
958,CLAVO DE ACERO DE 4'',consu,consu,True,True,True,True,SHARED,Ferretería,PHYSICAL_GOOD,HIGH_CONFIDENCE,KEEP,Already Goods and name is not a service
314,CLAVO DE ZINC CAJA DE 50 LIBRA,consu,consu,True,True,True,True,SHARED,Ferretería,PHYSICAL_GOOD,HIGH_CONFIDENCE,KEEP,Already Goods and name is not a service
955,CLAVO DULCE 2 1/2'',consu,consu,True,True,True,True,SHARED,Ferretería,PHYSICAL_GOOD,HIGH_CONFIDENCE,KEEP,Already Goods and name is not a service
956,CLAVO DULCE DE 4'',consu,consu,True,True,True,True,SHARED,Ferretería,PHYSICAL_GOOD,HIGH_CONFIDENCE,KEEP,Already Goods and name is not a service
686,CLAVOS F-20,consu,consu,True,True,True,True,SHARED,Ferretería,PHYSICAL_GOOD,HIGH_CONFIDENCE,KEEP,Already Goods and name is not a service
687,CLAVOS F-25,consu,consu,True,True,True,True,SHARED,Ferretería,PHYSICAL_GOOD,HIGH_CONFIDENCE,KEEP,Already Goods and name is not a service
924,Clips Grandes Talbot 50mm 100/1,consu,consu,True,True,True,True,SHARED,Ferretería,PHYSICAL_GOOD,HIGH_CONFIDENCE,KEEP,Already Goods and name is not a service
925,Clips Pequeños Talbot 33mm 100/1,consu,consu,True,True,True,True,SHARED,Ferretería,PHYSICAL_GOOD,HIGH_CONFIDENCE,KEEP,Already Goods and name is not a service
1256,"CLORO Concentrado Macier, (clorox)",consu,consu,True,True,True,True,SHARED,Limpieza,PHYSICAL_GOOD,HIGH_CONFIDENCE,KEEP,Already Goods and name is not a service
507,CODIA,consu,consu,True,True,True,True,SHARED,Ferretería,PHYSICAL_GOOD,HIGH_CONFIDENCE,KEEP,Already Goods and name is not a service
1016,CODO DE 12,consu,consu,True,True,True,True,SHARED,Plomería,PHYSICAL_GOOD,HIGH_CONFIDENCE,KEEP,Already Goods and name is not a service
716,CODO DE Presion DE 1'',consu,consu,True,True,True,True,SHARED,Plomería,PHYSICAL_GOOD,HIGH_CONFIDENCE,KEEP,Already Goods and name is not a service
718,CODO DE Presion DE 1/2'',consu,consu,True,True,True,True,SHARED,Plomería,PHYSICAL_GOOD,HIGH_CONFIDENCE,KEEP,Already Goods and name is not a service
717,CODO DE Presion DE 3/4'',consu,consu,True,True,True,True,SHARED,Plomería,PHYSICAL_GOOD,HIGH_CONFIDENCE,KEEP,Already Goods and name is not a service
253,Cola Amarilla Universal (105 Oz),consu,consu,True,True,True,True,SHARED,Ferretería,PHYSICAL_GOOD,HIGH_CONFIDENCE,KEEP,Already Goods and name is not a service
812,COLA DE Extencion PARA Lavamanos 11/4''x8,consu,consu,True,True,True,True,SHARED,Plomería,PHYSICAL_GOOD,DETERMINISTIC,KEEP,"Physical material, merchandise, food or tool"
877,Cola Poliuretano Universal 1 GL,consu,consu,True,True,True,True,SHARED,Ferretería,PHYSICAL_GOOD,HIGH_CONFIDENCE,KEEP,Already Goods and name is not a service
1243,Colchones Hospitalarios Imnovamed,consu,consu,True,True,True,True,SHARED,Ferretería,PHYSICAL_GOOD,HIGH_CONFIDENCE,KEEP,Already Goods and name is not a service
977,Colocacion Ceramica 0.40x0.40mm,consu,consu,True,True,True,True,SHARED,Ferretería,PHYSICAL_GOOD,HIGH_CONFIDENCE,KEEP,Already Goods and name is not a service
992,Colocacion De Gabinete Bajo Meseta 0.75x2.00,consu,consu,True,True,True,True,SHARED,Ferretería,PHYSICAL_GOOD,HIGH_CONFIDENCE,KEEP,Already Goods and name is not a service
674,Compresor AIRE PUMA PE30100 3HP CORREA 100LTS,consu,consu,True,True,True,True,SHARED,Ferretería,PHYSICAL_GOOD,HIGH_CONFIDENCE,KEEP,Already Goods and name is not a service
1196,"Compresor DE AIRE 24 LTS, 120V PARA PINTAR",consu,consu,True,True,True,True,SHARED,Ferretería,PHYSICAL_GOOD,HIGH_CONFIDENCE,KEEP,Already Goods and name is not a service
188,"Condensador Inverter 60,000 BTU",consu,consu,True,True,True,True,SHARED,Ferretería,PHYSICAL_GOOD,HIGH_CONFIDENCE,KEEP,Already Goods and name is not a service
185,"Condensador Inverter 60,000 BTU 220/1/60",consu,consu,True,True,True,True,SHARED,Ferretería,PHYSICAL_GOOD,HIGH_CONFIDENCE,KEEP,Already Goods and name is not a service
1665,CONDUFLEX 1/2,consu,consu,True,True,True,True,SHARED,,PHYSICAL_GOOD,HIGH_CONFIDENCE,KEEP,Already Goods and name is not a service
126,CONECTOR DE EMPALME NO.2,consu,consu,True,True,True,True,SHARED,,PHYSICAL_GOOD,HIGH_CONFIDENCE,KEEP,Already Goods and name is not a service
101,CONECTOR DE EMPALME NO.4,consu,consu,True,True,True,True,SHARED,,PHYSICAL_GOOD,HIGH_CONFIDENCE,KEEP,Already Goods and name is not a service
440,Conector DE Manguera,consu,consu,True,True,True,True,SHARED,Ferretería,PHYSICAL_GOOD,HIGH_CONFIDENCE,KEEP,Already Goods and name is not a service
445,Conector DE Manguera TRUPER,consu,consu,True,True,True,True,SHARED,Herramientas,PHYSICAL_GOOD,HIGH_CONFIDENCE,KEEP,Already Goods and name is not a service
887,Conectore EMT 3/4,consu,consu,True,True,True,True,SHARED,Ferretería,PHYSICAL_GOOD,HIGH_CONFIDENCE,KEEP,Already Goods and name is not a service
1174,Conectores KIT,consu,consu,True,True,True,True,SHARED,Ferretería,PHYSICAL_GOOD,HIGH_CONFIDENCE,KEEP,Already Goods and name is not a service
569,Conectores PARA Triplex 2/0 Generico,consu,consu,True,True,True,True,SHARED,Ferretería,PHYSICAL_GOOD,HIGH_CONFIDENCE,KEEP,Already Goods and name is not a service
408,CONO PVC 70 CM CON Reflectivo,consu,consu,True,True,True,True,SHARED,Plomería,PHYSICAL_GOOD,HIGH_CONFIDENCE,KEEP,Already Goods and name is not a service
780,CONOS TRUPER,consu,consu,True,True,True,True,SHARED,Herramientas,PHYSICAL_GOOD,HIGH_CONFIDENCE,KEEP,Already Goods and name is not a service
184,"Consola PISO TECHO Inverte 60,000 BTU",consu,consu,True,True,True,True,SHARED,Ferretería,PHYSICAL_GOOD,HIGH_CONFIDENCE,KEEP,Already Goods and name is not a service
199,Construccion De Drenaje En Planta De Oxigeno Medico,consu,consu,True,True,True,True,SHARED,Ferretería,PHYSICAL_GOOD,HIGH_CONFIDENCE,KEEP,Already Goods and name is not a service
196,Construccion De Tapa P/registro Sanitario,consu,consu,True,True,True,True,SHARED,Ferretería,PHYSICAL_GOOD,HIGH_CONFIDENCE,KEEP,Already Goods and name is not a service
981,Construccion Muros,consu,consu,True,True,True,True,SHARED,Ferretería,PHYSICAL_GOOD,HIGH_CONFIDENCE,KEEP,Already Goods and name is not a service
632,Construcción Pandereta DE Sheetrock,consu,consu,True,True,True,True,SHARED,Ferretería,PHYSICAL_GOOD,HIGH_CONFIDENCE,KEEP,Already Goods and name is not a service
882,Contacto Auxiliar PARA Breaker,consu,consu,True,True,True,True,SHARED,Material eléctrico,PHYSICAL_GOOD,DETERMINISTIC,KEEP,"Physical material, merchandise, food or tool"
1367,Contactor 40 Amp/2p 220 Volt,consu,consu,True,True,True,True,SHARED,Ferretería,PHYSICAL_GOOD,HIGH_CONFIDENCE,KEEP,Already Goods and name is not a service
1368,Contactor 40 Amp/2p 24 Volt,consu,consu,True,True,True,True,SHARED,Ferretería,PHYSICAL_GOOD,HIGH_CONFIDENCE,KEEP,Already Goods and name is not a service
1370,Contactor De 100 Amp Trifasico,consu,consu,True,True,True,True,SHARED,Ferretería,PHYSICAL_GOOD,HIGH_CONFIDENCE,KEEP,Already Goods and name is not a service
293,Contactores DE 30 AMP,consu,consu,True,True,True,True,SHARED,Ferretería,PHYSICAL_GOOD,HIGH_CONFIDENCE,KEEP,Already Goods and name is not a service
294,Contactores DE 32 AMP,consu,consu,True,True,True,True,SHARED,Ferretería,PHYSICAL_GOOD,HIGH_CONFIDENCE,KEEP,Already Goods and name is not a service
224,Contactor Magnetico DE 65 AMP,consu,consu,True,True,True,True,SHARED,Ferretería,PHYSICAL_GOOD,HIGH_CONFIDENCE,KEEP,Already Goods and name is not a service
1183,Contenedor DE BASURA DELTA 200 LT,consu,consu,True,True,True,True,SHARED,Ferretería,PHYSICAL_GOOD,HIGH_CONFIDENCE,KEEP,Already Goods and name is not a service
171,Conten Pulido De H=0.20m,consu,consu,True,True,True,True,SHARED,Ferretería,PHYSICAL_GOOD,HIGH_CONFIDENCE,KEEP,Already Goods and name is not a service
446,Control Automatico,consu,consu,True,True,True,True,SHARED,Ferretería,PHYSICAL_GOOD,HIGH_CONFIDENCE,KEEP,Already Goods and name is not a service
439,Control Automatico LEO,consu,consu,True,True,True,True,SHARED,Ferretería,PHYSICAL_GOOD,HIGH_CONFIDENCE,KEEP,Already Goods and name is not a service
438,Control D/AIRE,consu,consu,True,True,True,True,SHARED,Ferretería,PHYSICAL_GOOD,HIGH_CONFIDENCE,KEEP,Already Goods and name is not a service
1331,Control De Acceso Biometrico Inter De Toquen Con Push Touch De Salida Y Tarjeta,consu,consu,True,True,True,True,SHARED,Ferretería,PHYSICAL_GOOD,HIGH_CONFIDENCE,KEEP,Already Goods and name is not a service
1626,COOLANT PRESTONE PARA RADIADOR,consu,consu,True,True,True,True,SHARED,,PHYSICAL_GOOD,HIGH_CONFIDENCE,KEEP,Already Goods and name is not a service
1283,Corrector Liquido 6OZ DELI,consu,consu,True,True,True,True,SHARED,Ferretería,PHYSICAL_GOOD,HIGH_CONFIDENCE,KEEP,Already Goods and name is not a service
926,Corrector Líquido De 7ml. Caja Con 12 Piezas Pelikan,consu,consu,True,True,True,True,SHARED,Ferretería,PHYSICAL_GOOD,HIGH_CONFIDENCE,KEEP,Already Goods and name is not a service
1009,CORR. TRAD. LBCO C/ VID. LISO 3/16 CLARO - 90 1/2 X 43 3/8 Pulgds,consu,consu,True,True,True,True,SHARED,Ferretería,PHYSICAL_GOOD,HIGH_CONFIDENCE,KEEP,Already Goods and name is not a service
25,"CORTE, CARGA Y TRANSPORTE TOSCA",service,service,True,True,False,False,SHARED,,SERVICE,HIGH_CONFIDENCE,KEEP,"Construction/haulage/petty-cash activity, not a SKU"
26,CORTE Y CARGA CALICHE,service,service,True,True,False,False,SHARED,,SERVICE,HIGH_CONFIDENCE,KEEP,"Construction/haulage/petty-cash activity, not a SKU"
1244,Cortinas,consu,consu,True,True,True,True,SHARED,Ferretería,PHYSICAL_GOOD,HIGH_CONFIDENCE,KEEP,Already Goods and name is not a service
1316,Costilla,consu,consu,True,True,True,True,9,Carnes,PHYSICAL_GOOD,DETERMINISTIC,KEEP,"Physical material, merchandise, food or tool"
1599,Counter DE Recepcion EN Melamina,consu,consu,True,True,True,True,SHARED,Ferretería,PHYSICAL_GOOD,HIGH_CONFIDENCE,KEEP,Already Goods and name is not a service
886,Couplint EMT 3/4,consu,consu,True,True,True,True,SHARED,Ferretería,PHYSICAL_GOOD,HIGH_CONFIDENCE,KEEP,Already Goods and name is not a service
1272,"CPU DELL Refurbished 3050 SFF, I7-6700, 16GB RAM, 256GB SSD, W10P. Teclado, MOUSE Nuevos.",consu,consu,True,True,True,True,SHARED,Ferretería,PHYSICAL_GOOD,HIGH_CONFIDENCE,KEEP,Already Goods and name is not a service
1299,Creyones AZULES,consu,consu,True,True,True,True,SHARED,Ferretería,PHYSICAL_GOOD,HIGH_CONFIDENCE,KEEP,Already Goods and name is not a service
1300,Creyones NEGROS,consu,consu,True,True,True,True,SHARED,Ferretería,PHYSICAL_GOOD,HIGH_CONFIDENCE,KEEP,Already Goods and name is not a service
1301,Creyones ROJO,consu,consu,True,True,True,True,SHARED,Ferretería,PHYSICAL_GOOD,HIGH_CONFIDENCE,KEEP,Already Goods and name is not a service
254,Cristal 16x12 De 3/16,consu,consu,True,True,True,True,SHARED,Ferretería,PHYSICAL_GOOD,HIGH_CONFIDENCE,KEEP,Already Goods and name is not a service
693,Cristales 16x12 DE 3/16,consu,consu,True,True,True,True,SHARED,Ferretería,PHYSICAL_GOOD,HIGH_CONFIDENCE,KEEP,Already Goods and name is not a service
865,Cruceta P/AZUL T 1MM 300/1,consu,consu,True,True,True,True,SHARED,Ferretería,PHYSICAL_GOOD,HIGH_CONFIDENCE,KEEP,Already Goods and name is not a service
1125,Cuaderno FUSION 200 PAG,consu,consu,True,True,True,True,SHARED,Ferretería,PHYSICAL_GOOD,HIGH_CONFIDENCE,KEEP,Already Goods and name is not a service
1394,CUADRE DE Estribo,consu,consu,True,True,True,True,SHARED,Ferretería,PHYSICAL_GOOD,HIGH_CONFIDENCE,KEEP,Already Goods and name is not a service
1393,CUADRE DE PUERTA Izquierda,consu,consu,True,True,True,True,SHARED,Ferretería,PHYSICAL_GOOD,HIGH_CONFIDENCE,KEEP,Already Goods and name is not a service
570,CUBO DE GOMA #10,consu,consu,True,True,True,True,SHARED,Neumáticos,PHYSICAL_GOOD,DETERMINISTIC,KEEP,"Physical material, merchandise, food or tool"
796,Cubrefalta Niquelado 1/2'',consu,consu,True,True,True,True,SHARED,Ferretería,PHYSICAL_GOOD,HIGH_CONFIDENCE,KEEP,Already Goods and name is not a service
876,Cubre Tornillo Ligth Grey 14mm Box 50 Uds,consu,consu,True,True,True,True,SHARED,Ferretería,PHYSICAL_GOOD,DETERMINISTIC,KEEP,"Physical material, merchandise, food or tool"
1423,Cuchara Bambino 40/1,consu,consu,True,True,True,True,SHARED,Ferretería,PHYSICAL_GOOD,HIGH_CONFIDENCE,KEEP,Already Goods and name is not a service
696,DACRON,consu,consu,True,True,True,True,SHARED,Ferretería,PHYSICAL_GOOD,HIGH_CONFIDENCE,KEEP,Already Goods and name is not a service
1168,Demoledor Electrico SDS 2200W,consu,consu,True,True,True,True,SHARED,Material eléctrico,PHYSICAL_GOOD,HIGH_CONFIDENCE,KEEP,Already Goods and name is not a service
860,Derretidos ARENA,consu,consu,True,True,True,True,SHARED,Construcción,PHYSICAL_GOOD,HIGH_CONFIDENCE,KEEP,Already Goods and name is not a service
1258,Descalin D´scalin,consu,consu,True,True,True,True,SHARED,Ferretería,PHYSICAL_GOOD,HIGH_CONFIDENCE,KEEP,Already Goods and name is not a service
1257,Desgrasante A.B,consu,consu,True,True,True,True,SHARED,Ferretería,PHYSICAL_GOOD,HIGH_CONFIDENCE,KEEP,Already Goods and name is not a service
1086,Destor. PLANO 1/4X4,consu,consu,True,True,True,True,SHARED,Ferretería,PHYSICAL_GOOD,HIGH_CONFIDENCE,KEEP,Already Goods and name is not a service
479,Destor. PLANO 1/4X4 TRUPER 13998,consu,consu,True,True,True,True,SHARED,Herramientas,PHYSICAL_GOOD,HIGH_CONFIDENCE,KEEP,Already Goods and name is not a service
1052,Destor. PLANO 3/16X4 TRUPER 14034,consu,consu,True,True,True,True,SHARED,Herramientas,PHYSICAL_GOOD,HIGH_CONFIDENCE,KEEP,Already Goods and name is not a service
1087,Destor. STRIA 1/4X4,consu,consu,True,True,True,True,SHARED,Ferretería,PHYSICAL_GOOD,HIGH_CONFIDENCE,KEEP,Already Goods and name is not a service
480,Destor. STRIA 1/4X4 TRUPER 14076,consu,consu,True,True,True,True,SHARED,Herramientas,PHYSICAL_GOOD,HIGH_CONFIDENCE,KEEP,Already Goods and name is not a service
1051,Destor. STRIA 3/16X4 TRUPER 100836,consu,consu,True,True,True,True,SHARED,Herramientas,PHYSICAL_GOOD,HIGH_CONFIDENCE,KEEP,Already Goods and name is not a service
983,Destronque De Arbol,consu,consu,True,True,True,True,SHARED,Ferretería,PHYSICAL_GOOD,HIGH_CONFIDENCE,KEEP,Already Goods and name is not a service
1270,Detergente EN POLVO Hispano,consu,consu,True,True,True,True,SHARED,Limpieza,PHYSICAL_GOOD,HIGH_CONFIDENCE,KEEP,Already Goods and name is not a service
745,"DEWALT Taladro DE Martillo,1/2 '' 7.8 Amperios RANGO DUAL (dw505) 900W",consu,consu,True,True,True,True,SHARED,Herramientas,PHYSICAL_GOOD,DETERMINISTIC,KEEP,"Physical material, merchandise, food or tool"
1549,Diluyentes Para Pinturas Y Barnices (thinner Th-1000) Tropical,consu,consu,True,True,True,True,SHARED,Pinturas,PHYSICAL_GOOD,DETERMINISTIC,KEEP,"Physical material, merchandise, food or tool"
1581,Diluyente Thinner TH-1000 1GAL Popular,consu,consu,True,True,True,True,SHARED,Pinturas,PHYSICAL_GOOD,DETERMINISTIC,KEEP,"Physical material, merchandise, food or tool"
571,DISCO CORTE METAL INOX 7x1/16 7x1/16 METABO,consu,consu,True,True,True,True,SHARED,Ferretería,PHYSICAL_GOOD,HIGH_CONFIDENCE,KEEP,Already Goods and name is not a service
1216,DISCO CORTE METAL INOX 9 METABO,consu,consu,True,True,True,True,SHARED,Ferretería,PHYSICAL_GOOD,HIGH_CONFIDENCE,KEEP,Already Goods and name is not a service
572,DISCO CORTE METAL INOX 9x5/64 9x5/64 METABO,consu,consu,True,True,True,True,SHARED,Ferretería,PHYSICAL_GOOD,HIGH_CONFIDENCE,KEEP,Already Goods and name is not a service
1743,DISCO CORTE STD METAL INOX PRO  4 1/2 X 3/64 X 7,consu,consu,True,True,True,True,SHARED,,PHYSICAL_GOOD,HIGH_CONFIDENCE,KEEP,Already Goods and name is not a service
1742,"DISCO CORTE STD METAL INOX PRO 7 X 1/16 X 7/8 """,consu,consu,True,True,True,True,SHARED,,PHYSICAL_GOOD,HIGH_CONFIDENCE,KEEP,Already Goods and name is not a service
1744,"DISCO DE CORTE 14"" PARA METAL CENTRO PLANO",consu,consu,True,True,True,True,SHARED,,PHYSICAL_GOOD,DETERMINISTIC,KEEP,"Physical material, merchandise, food or tool"
134,"DISCO DE CORTE 9"" METABO 7/8",consu,consu,True,True,True,True,SHARED,,PHYSICAL_GOOD,DETERMINISTIC,KEEP,"Physical material, merchandise, food or tool"
1503,DISCO DE CORTE 9'' METABO 7/8,consu,consu,True,True,True,True,SHARED,Ferretería,PHYSICAL_GOOD,DETERMINISTIC,KEEP,"Physical material, merchandise, food or tool"
1400,DISCO DE CORTE DE METAL,consu,consu,True,True,True,True,SHARED,Ferretería,PHYSICAL_GOOD,DETERMINISTIC,KEEP,"Physical material, merchandise, food or tool"
1722,DISCO DE CORTE DE METAL 4 COPA,consu,consu,True,True,True,True,SHARED,,PHYSICAL_GOOD,DETERMINISTIC,KEEP,"Physical material, merchandise, food or tool"
1723,DISCO DE CORTE DE METAL 7 COPA,consu,consu,True,True,True,True,SHARED,,PHYSICAL_GOOD,DETERMINISTIC,KEEP,"Physical material, merchandise, food or tool"
486,"DISCO DE CORTE MADERA Stanley 10"" 40T",consu,consu,True,True,True,True,SHARED,Ferretería,PHYSICAL_GOOD,DETERMINISTIC,KEEP,"Physical material, merchandise, food or tool"
1726,DISCO DE CORTE PARA TROZADORA 14,consu,consu,True,True,True,True,SHARED,,PHYSICAL_GOOD,DETERMINISTIC,KEEP,"Physical material, merchandise, food or tool"
701,"DISCO DE CORTE P/ MADERA Stanley 10"" 40T",consu,consu,True,True,True,True,SHARED,Ferretería,PHYSICAL_GOOD,DETERMINISTIC,KEEP,"Physical material, merchandise, food or tool"
487,"DISCO DE CORTE Stanley 12"" 40T",consu,consu,True,True,True,True,SHARED,Ferretería,PHYSICAL_GOOD,DETERMINISTIC,KEEP,"Physical material, merchandise, food or tool"
463,DISCO DE Pulidora NORTON #100,consu,consu,True,True,True,True,SHARED,Ferretería,PHYSICAL_GOOD,HIGH_CONFIDENCE,KEEP,Already Goods and name is not a service
460,DISCO DE Pulidora NORTON #50,consu,consu,True,True,True,True,SHARED,Ferretería,PHYSICAL_GOOD,HIGH_CONFIDENCE,KEEP,Already Goods and name is not a service
461,DISCO DE Pulidora NORTON #60,consu,consu,True,True,True,True,SHARED,Ferretería,PHYSICAL_GOOD,HIGH_CONFIDENCE,KEEP,Already Goods and name is not a service
462,DISCO DE Pulidora NORTON #80,consu,consu,True,True,True,True,SHARED,Ferretería,PHYSICAL_GOOD,HIGH_CONFIDENCE,KEEP,Already Goods and name is not a service
62,DISCO DEWALT DE 14 X 3/32,consu,consu,True,True,True,True,SHARED,,PHYSICAL_GOOD,HIGH_CONFIDENCE,KEEP,Already Goods and name is not a service
1274,"DISCO DURO Interno Kingston SSD 512GB, 2.5"", SATA3, NEGRO. Velocidades DE Lectura /",consu,consu,True,True,True,True,SHARED,Ferretería,PHYSICAL_GOOD,HIGH_CONFIDENCE,KEEP,Already Goods and name is not a service
1649,DISCO FLAP 4 1/2'' GR.60 PULIR METAL NORTON,consu,consu,True,True,True,True,SHARED,,PHYSICAL_GOOD,HIGH_CONFIDENCE,KEEP,Already Goods and name is not a service
1724,DISCO FLAPER 4 1/2,consu,consu,True,True,True,True,SHARED,,PHYSICAL_GOOD,HIGH_CONFIDENCE,KEEP,Already Goods and name is not a service
1741,"DISCO LAMINADO 4 1/2"" X 7/8"" PARA PULIR METAL",consu,consu,True,True,True,True,SHARED,,PHYSICAL_GOOD,HIGH_CONFIDENCE,KEEP,Already Goods and name is not a service
1677,"DISCO LAMINADO 7"" X 7/8"" PARA PULIR METAL CE",consu,consu,True,True,True,True,SHARED,,PHYSICAL_GOOD,HIGH_CONFIDENCE,KEEP,Already Goods and name is not a service
268,Disco Lija De Pulidora #100 (norton),consu,consu,True,True,True,True,SHARED,Ferretería,PHYSICAL_GOOD,HIGH_CONFIDENCE,KEEP,Already Goods and name is not a service
269,Disco Lija De Pulidora #120 (norton),consu,consu,True,True,True,True,SHARED,Ferretería,PHYSICAL_GOOD,HIGH_CONFIDENCE,KEEP,Already Goods and name is not a service
266,Disco Lija De Pulidora #60 (norton),consu,consu,True,True,True,True,SHARED,Ferretería,PHYSICAL_GOOD,HIGH_CONFIDENCE,KEEP,Already Goods and name is not a service
267,Disco Lija De Pulidora #80 (norton),consu,consu,True,True,True,True,SHARED,Ferretería,PHYSICAL_GOOD,HIGH_CONFIDENCE,KEEP,Already Goods and name is not a service
265,"Disco Lija De Pulidora (norton) F227 7"" #50",consu,consu,True,True,True,True,SHARED,Ferretería,PHYSICAL_GOOD,HIGH_CONFIDENCE,KEEP,Already Goods and name is not a service
270,Disco Lija Pulidora #50 (norton),consu,consu,True,True,True,True,SHARED,Ferretería,PHYSICAL_GOOD,HIGH_CONFIDENCE,KEEP,Already Goods and name is not a service
189,DISEÑO Y Construccion DE Ducteria,consu,consu,True,True,True,True,SHARED,Ferretería,PHYSICAL_GOOD,HIGH_CONFIDENCE,KEEP,Already Goods and name is not a service
1326,Diseño Y Construccion De Nicho En Sheetrock P/luces,consu,consu,True,True,True,True,SHARED,Ferretería,PHYSICAL_GOOD,HIGH_CONFIDENCE,KEEP,Already Goods and name is not a service
604,Disluido Asfaltico RC2 5GL,consu,consu,True,True,True,True,SHARED,Ferretería,PHYSICAL_GOOD,HIGH_CONFIDENCE,KEEP,Already Goods and name is not a service
1325,Division En Cristal Con Puerta Corrediza,consu,consu,True,True,True,True,SHARED,Ferretería,PHYSICAL_GOOD,HIGH_CONFIDENCE,KEEP,Already Goods and name is not a service
198,Division En Sheetrock,consu,consu,True,True,True,True,SHARED,Ferretería,PHYSICAL_GOOD,HIGH_CONFIDENCE,KEEP,Already Goods and name is not a service
1334,Domolicion Pandereta De Sheetrock Y Resane De Area,consu,consu,True,True,True,True,SHARED,Ferretería,PHYSICAL_GOOD,HIGH_CONFIDENCE,KEEP,Already Goods and name is not a service
292,DRISA PARA Bandera TIPO Bandera DE Escuela,consu,consu,True,True,True,True,SHARED,Ferretería,PHYSICAL_GOOD,HIGH_CONFIDENCE,KEEP,Already Goods and name is not a service
339,DRIZA NYLON 1/4,consu,consu,True,True,True,True,SHARED,Ferretería,PHYSICAL_GOOD,HIGH_CONFIDENCE,KEEP,Already Goods and name is not a service
32,"DT 1RA CUBICACION CUADRANTE #2 USD $16,698.33 TASA USD$1=62.30",service,service,True,True,False,False,SHARED,,SERVICE,HIGH_CONFIDENCE,KEEP,"Construction/haulage/petty-cash activity, not a SKU"
37,"DT 1RA CUBICACION CUADRANTE #2 USD $4,370.72 TASA USD$1=62.30",service,service,True,True,False,False,SHARED,,SERVICE,HIGH_CONFIDENCE,KEEP,"Construction/haulage/petty-cash activity, not a SKU"
790,DUCHA C/brazo Cuadrada LUKAN,consu,consu,True,True,True,True,SHARED,Ferretería,PHYSICAL_GOOD,HIGH_CONFIDENCE,KEEP,Already Goods and name is not a service
1617,DX-PROD-SMOKE-20260916 SERV 11,service,service,False,False,False,False,11,,AMBIGUOUS,AMBIGUOUS,MANUAL_REVIEW,Service type without a deterministic nature rule
1616,DX-PROD-SMOKE-20260916 SERV 8,service,service,False,False,False,False,8,,AMBIGUOUS,AMBIGUOUS,MANUAL_REVIEW,Service type without a deterministic nature rule
12,[DX-TEST-EQP] DX TEST PRODUCTO EQUIPO — NO FISCAL REAL,consu,consu,False,True,False,True,SHARED,,PHYSICAL_GOOD,HIGH_CONFIDENCE,FIX_SALE_AND_PURCHASE_OK,Already Goods and name is not a service
11,[DX-TEST-STK] DX TEST PRODUCTO INVENTARIABLE — NO FISCAL REAL,consu,consu,False,True,False,True,SHARED,,PHYSICAL_GOOD,HIGH_CONFIDENCE,FIX_SALE_AND_PURCHASE_OK,Already Goods and name is not a service
10,[DX-TEST-SVC] DX TEST PRODUCTO SERVICIO — NO FISCAL REAL,service,service,False,False,False,False,SHARED,,AMBIGUOUS,AMBIGUOUS,MANUAL_REVIEW,Service type without a deterministic nature rule
1129,EGA BLANCA 40G,consu,consu,True,True,True,True,SHARED,Ferretería,PHYSICAL_GOOD,HIGH_CONFIDENCE,KEEP,Already Goods and name is not a service
190,Embobinado DE MOTOR DE BOMBA DE AGUA Pedrollo MOD. CP-680A 10 HP 220 Voltios 3 PHASES 60,consu,consu,True,True,True,True,SHARED,Ferretería,PHYSICAL_GOOD,HIGH_CONFIDENCE,KEEP,Already Goods and name is not a service
1678,ENCHUFE 110V NEGRO 515PR LEVINTON,consu,consu,True,True,True,True,SHARED,,PHYSICAL_GOOD,HIGH_CONFIDENCE,KEEP,Already Goods and name is not a service
1355,Enchufe 110volt,consu,consu,True,True,True,True,SHARED,Ferretería,PHYSICAL_GOOD,HIGH_CONFIDENCE,KEEP,Already Goods and name is not a service
1692,ENCHUFE DE VINYL 15MP 125V,consu,consu,True,True,True,True,SHARED,,PHYSICAL_GOOD,HIGH_CONFIDENCE,KEEP,Already Goods and name is not a service
323,Enchufe Leviton 120 Vamarillo 515PV,consu,consu,True,True,True,True,SHARED,Ferretería,PHYSICAL_GOOD,HIGH_CONFIDENCE,KEEP,Already Goods and name is not a service
1053,Enchufe Leviton 120V Amarillo 515PV,consu,consu,True,True,True,True,SHARED,Ferretería,PHYSICAL_GOOD,HIGH_CONFIDENCE,KEEP,Already Goods and name is not a service
893,Enclouse NR3 Breaker 250 AMP 3 POLO,consu,consu,True,True,True,True,SHARED,Material eléctrico,PHYSICAL_GOOD,DETERMINISTIC,KEEP,"Physical material, merchandise, food or tool"
778,ENLATE 2x4,consu,consu,True,True,True,True,SHARED,Ferretería,PHYSICAL_GOOD,HIGH_CONFIDENCE,KEEP,Already Goods and name is not a service
1511,ENLATE 2x4x16,consu,consu,True,True,True,True,SHARED,Ferretería,PHYSICAL_GOOD,HIGH_CONFIDENCE,KEEP,Already Goods and name is not a service
764,ENLATE BRUTO Americano 2 X 4 X 16,consu,consu,True,True,True,True,SHARED,Ferretería,PHYSICAL_GOOD,HIGH_CONFIDENCE,KEEP,Already Goods and name is not a service
1063,Escalera 40 PIES D/extension,consu,consu,True,True,True,True,SHARED,Ferretería,PHYSICAL_GOOD,HIGH_CONFIDENCE,KEEP,Already Goods and name is not a service
400,Escalera CUPRUM C-2213-10N TIJERA Aluminio 10' 175 KG,consu,consu,True,True,True,True,SHARED,Ferretería,PHYSICAL_GOOD,HIGH_CONFIDENCE,KEEP,Already Goods and name is not a service
402,Escalera CUPRUM C-2224-40PG Extension Aluminio 40' 175 KG,consu,consu,True,True,True,True,SHARED,Ferretería,PHYSICAL_GOOD,HIGH_CONFIDENCE,KEEP,Already Goods and name is not a service
399,Escalera CUPRUM C-3217-06 TIJERA FIBRA VIDRIO 6' VERDE 175 KG,consu,consu,True,True,True,True,SHARED,Ferretería,PHYSICAL_GOOD,HIGH_CONFIDENCE,KEEP,Already Goods and name is not a service
1061,Escalera D/extension 32FT FIBRA,consu,consu,True,True,True,True,SHARED,Ferretería,PHYSICAL_GOOD,HIGH_CONFIDENCE,KEEP,Already Goods and name is not a service
574,Escalera F/ VIDRIO T/tijera 12 FTR-12 MAMEY Escalumex,consu,consu,True,True,True,True,SHARED,Ferretería,PHYSICAL_GOOD,HIGH_CONFIDENCE,KEEP,Already Goods and name is not a service
575,Escalera F/ VIDRIO T/tijera 8 FTS-8 VERDE Escalumex,consu,consu,True,True,True,True,SHARED,Ferretería,PHYSICAL_GOOD,HIGH_CONFIDENCE,KEEP,Already Goods and name is not a service
1062,Escalera TIJERA D/12 PIES,consu,consu,True,True,True,True,SHARED,Ferretería,PHYSICAL_GOOD,HIGH_CONFIDENCE,KEEP,Already Goods and name is not a service
576,ESCOBA Plastica Mediana 600026 Lamaria,consu,consu,True,True,True,True,SHARED,Ferretería,PHYSICAL_GOOD,HIGH_CONFIDENCE,KEEP,Already Goods and name is not a service
1253,Escobas REINA,consu,consu,True,True,True,True,SHARED,Ferretería,PHYSICAL_GOOD,HIGH_CONFIDENCE,KEEP,Already Goods and name is not a service
577,Escobillon Plastico FIBRA Leopardo,consu,consu,True,True,True,True,SHARED,Ferretería,PHYSICAL_GOOD,HIGH_CONFIDENCE,KEEP,Already Goods and name is not a service
1601,Escritorio Modular 28x32 Formcase,consu,consu,True,True,True,True,SHARED,Mobiliario,PHYSICAL_GOOD,HIGH_CONFIDENCE,KEEP,Already Goods and name is not a service
1603,Escritorio Modular 28x55 CON Retorno 18x36 Formcase,consu,consu,True,True,True,True,SHARED,Mobiliario,PHYSICAL_GOOD,HIGH_CONFIDENCE,KEEP,Already Goods and name is not a service
573,Escuadra DE 24 45-600 Stanley,consu,consu,True,True,True,True,SHARED,Ferretería,PHYSICAL_GOOD,HIGH_CONFIDENCE,KEEP,Already Goods and name is not a service
1735,ESMERILADORA ANGULAR PROFESIONAL DE 4/1,consu,consu,True,True,True,True,SHARED,,PHYSICAL_GOOD,HIGH_CONFIDENCE,KEEP,Already Goods and name is not a service
1531,Espaguetis MILANO 350G MILANO 24/1,consu,consu,True,True,True,True,SHARED,Ferretería,PHYSICAL_GOOD,HIGH_CONFIDENCE,KEEP,Already Goods and name is not a service
768,Espatula 2'',consu,consu,True,True,True,True,SHARED,Ferretería,PHYSICAL_GOOD,HIGH_CONFIDENCE,KEEP,Already Goods and name is not a service
1105,Espatula DE 3'',consu,consu,True,True,True,True,SHARED,Ferretería,PHYSICAL_GOOD,HIGH_CONFIDENCE,KEEP,Already Goods and name is not a service
1351,"Espatula De Acero Flexible 1 1/2""",consu,consu,True,True,True,True,SHARED,Ferretería,PHYSICAL_GOOD,HIGH_CONFIDENCE,KEEP,Already Goods and name is not a service
1352,"Espatula De Acero Flexible 2""",consu,consu,True,True,True,True,SHARED,Ferretería,PHYSICAL_GOOD,HIGH_CONFIDENCE,KEEP,Already Goods and name is not a service
631,Espatula METAL 4'' PA-2292-19 LANCO,consu,consu,True,True,True,True,SHARED,Ferretería,PHYSICAL_GOOD,HIGH_CONFIDENCE,KEEP,Already Goods and name is not a service
740,ESPEJO DE BAÑO 66x36'',consu,consu,True,True,True,True,SHARED,Ferretería,PHYSICAL_GOOD,HIGH_CONFIDENCE,KEEP,Already Goods and name is not a service
87,"ESPEJO DE BAÑO 66X36""",consu,consu,True,True,True,True,SHARED,,PHYSICAL_GOOD,HIGH_CONFIDENCE,KEEP,Already Goods and name is not a service
637,Esquinero,consu,consu,True,True,True,True,SHARED,Ferretería,PHYSICAL_GOOD,HIGH_CONFIDENCE,KEEP,Already Goods and name is not a service
1602,"Estación Modular DE Alturas 1.05 M, 1.20 M Y 1.50 M",consu,consu,True,True,True,True,SHARED,Ferretería,PHYSICAL_GOOD,HIGH_CONFIDENCE,KEEP,Already Goods and name is not a service
1686,ESTANO EN ROLLO 40/60 1/2 LB,consu,consu,True,True,True,True,SHARED,,PHYSICAL_GOOD,HIGH_CONFIDENCE,KEEP,Already Goods and name is not a service
1656,ESTOPA,consu,consu,True,True,True,True,SHARED,,PHYSICAL_GOOD,HIGH_CONFIDENCE,KEEP,Already Goods and name is not a service
727,ESTOPA DE LUSTRE,consu,consu,True,True,True,True,SHARED,Ferretería,PHYSICAL_GOOD,HIGH_CONFIDENCE,KEEP,Already Goods and name is not a service
474,ESTOPA DE LUSTRE LB,consu,consu,True,True,True,True,SHARED,Ferretería,PHYSICAL_GOOD,HIGH_CONFIDENCE,KEEP,Already Goods and name is not a service
1679,ESTOPA LB,consu,consu,True,True,True,True,SHARED,,PHYSICAL_GOOD,HIGH_CONFIDENCE,KEEP,Already Goods and name is not a service
905,Estructura Metalica CON PERFIL GALVAN,consu,consu,True,True,True,True,SHARED,Ferretería,PHYSICAL_GOOD,HIGH_CONFIDENCE,KEEP,Already Goods and name is not a service
1572,ESTUFA A GAS Discovery HOME 24'',consu,consu,True,True,True,True,SHARED,Electrodomésticos,PHYSICAL_GOOD,DETERMINISTIC,KEEP,"Physical material, merchandise, food or tool"
1537,Estufa Danilux 24'',consu,consu,True,True,True,True,SHARED,Electrodomésticos,PHYSICAL_GOOD,DETERMINISTIC,KEEP,"Physical material, merchandise, food or tool"
153,"ESTUFA DANILUX 24""",consu,consu,True,True,True,True,SHARED,,PHYSICAL_GOOD,DETERMINISTIC,KEEP,"Physical material, merchandise, food or tool"
1557,Estufas Danilux 24'',consu,consu,True,True,True,True,SHARED,Electrodomésticos,PHYSICAL_GOOD,DETERMINISTIC,KEEP,"Physical material, merchandise, food or tool"
1307,Etiquetas PARA Carpetas Pointer,consu,consu,True,True,True,True,SHARED,Ferretería,PHYSICAL_GOOD,HIGH_CONFIDENCE,KEEP,Already Goods and name is not a service
15,Event Registration,service,service,True,True,True,True,SHARED,Services / Events,SERVICE,DETERMINISTIC,KEEP,Canonical or system service; keep type=service
1206,Extencion Electrica PWE-C9-75FT PROW Naranja,consu,consu,True,True,True,True,SHARED,Ferretería,PHYSICAL_GOOD,HIGH_CONFIDENCE,KEEP,Already Goods and name is not a service
1671,EXTENSION ELECTRICA 10M REFORZADA 3X12 AW,consu,consu,True,True,True,True,SHARED,,PHYSICAL_GOOD,HIGH_CONFIDENCE,KEEP,Already Goods and name is not a service
767,Extension P/pintar 3.6M DE FRIBRA DE VIDRIO TRUPER,consu,consu,True,True,True,True,SHARED,Herramientas,PHYSICAL_GOOD,HIGH_CONFIDENCE,KEEP,Already Goods and name is not a service
242,Extension P/ PINTAR REMIER 6''-12'',consu,consu,True,True,True,True,SHARED,Ferretería,PHYSICAL_GOOD,HIGH_CONFIDENCE,KEEP,Already Goods and name is not a service
1346,Extension Telesc 3mts Gris,consu,consu,True,True,True,True,SHARED,Ferretería,PHYSICAL_GOOD,HIGH_CONFIDENCE,KEEP,Already Goods and name is not a service
1164,Extintores ABC D/8.82 LB,consu,consu,True,True,True,True,SHARED,Ferretería,PHYSICAL_GOOD,HIGH_CONFIDENCE,KEEP,Already Goods and name is not a service
526,Extractor DAIWA 25A VEW 10'' PARED,consu,consu,True,True,True,True,SHARED,Ferretería,PHYSICAL_GOOD,HIGH_CONFIDENCE,KEEP,Already Goods and name is not a service
702,Extractor DE AIRE KDK Kdk M-30auht,consu,consu,True,True,True,True,SHARED,Ferretería,PHYSICAL_GOOD,HIGH_CONFIDENCE,KEEP,Already Goods and name is not a service
1374,Fibra Sintetica Azul P/filtro De A/C,consu,consu,True,True,True,True,SHARED,Ferretería,PHYSICAL_GOOD,HIGH_CONFIDENCE,KEEP,Already Goods and name is not a service
14,Field Service,service,service,True,True,True,True,SHARED,Services,SERVICE,DETERMINISTIC,KEEP,Canonical or system service; keep type=service
1375,Fluxometro,consu,consu,True,True,True,True,SHARED,Ferretería,PHYSICAL_GOOD,HIGH_CONFIDENCE,KEEP,Already Goods and name is not a service
920,"Folder Manila Ofi-folder 8 1/2 X 11, Caja 100/1",consu,consu,True,True,True,True,SHARED,Oficina,PHYSICAL_GOOD,HIGH_CONFIDENCE,KEEP,Already Goods and name is not a service
921,"Folders Manila 8.5"" X 14"" Legal, 100 Pcs - AS Folders Plus",consu,consu,True,True,True,True,SHARED,Oficina,PHYSICAL_GOOD,HIGH_CONFIDENCE,KEEP,Already Goods and name is not a service
819,Folders Manila Tamaño 8 1/2 X 11,consu,consu,True,True,True,True,SHARED,Oficina,PHYSICAL_GOOD,HIGH_CONFIDENCE,KEEP,Already Goods and name is not a service
1279,FOLDER TIPO CART 100/1 PAQ,consu,consu,True,True,True,True,SHARED,Oficina,PHYSICAL_GOOD,HIGH_CONFIDENCE,KEEP,Already Goods and name is not a service
1308,"FOLDER TIPO CARTA 100/1 ROJO, AZUL Pointer",consu,consu,True,True,True,True,SHARED,Oficina,PHYSICAL_GOOD,HIGH_CONFIDENCE,KEEP,Already Goods and name is not a service
335,Fotocelda,consu,consu,True,True,True,True,SHARED,Ferretería,PHYSICAL_GOOD,HIGH_CONFIDENCE,KEEP,Already Goods and name is not a service
297,FOTO CELDA,consu,consu,True,True,True,True,SHARED,Ferretería,PHYSICAL_GOOD,HIGH_CONFIDENCE,KEEP,Already Goods and name is not a service
324,FOTO CELDA FISHER,consu,consu,True,True,True,True,SHARED,Ferretería,PHYSICAL_GOOD,HIGH_CONFIDENCE,KEEP,Already Goods and name is not a service
975,Fotoceldas 1800VA Generico,consu,consu,True,True,True,True,SHARED,Ferretería,PHYSICAL_GOOD,HIGH_CONFIDENCE,KEEP,Already Goods and name is not a service
816,Fregadero Tramontina Sencillo,consu,consu,True,True,True,True,SHARED,Ferretería,PHYSICAL_GOOD,HIGH_CONFIDENCE,KEEP,Already Goods and name is not a service
1147,Frontal -cabeza -1-LED-1XAA-200LM,consu,consu,True,True,True,True,SHARED,Material eléctrico,PHYSICAL_GOOD,HIGH_CONFIDENCE,KEEP,Already Goods and name is not a service
1399,Funda De ARENA,consu,consu,True,True,True,True,SHARED,Construcción,PHYSICAL_GOOD,HIGH_CONFIDENCE,KEEP,Already Goods and name is not a service
1700,FUNDA DE BASURA 13GLS PAQ 15/1,consu,consu,True,True,True,True,SHARED,,PHYSICAL_GOOD,HIGH_CONFIDENCE,KEEP,Already Goods and name is not a service
908,FUNDA DE Cemento GRIS TITAN 94 LB,consu,consu,True,True,True,True,SHARED,Construcción,PHYSICAL_GOOD,DETERMINISTIC,KEEP,"Physical material, merchandise, food or tool"
1401,Funda De Cemento TITAN,consu,consu,True,True,True,True,SHARED,Construcción,PHYSICAL_GOOD,DETERMINISTIC,KEEP,"Physical material, merchandise, food or tool"
1701,FUNDAS NEGRAS PARA BASURA NEGRA 4GLS CALIBRE 200 PQT.25/1,consu,consu,True,True,True,True,SHARED,,PHYSICAL_GOOD,HIGH_CONFIDENCE,KEEP,Already Goods and name is not a service
1704,FUNDAS PARA BASURA 30 GLS PQT.10/1,consu,consu,True,True,True,True,SHARED,,PHYSICAL_GOOD,HIGH_CONFIDENCE,KEEP,Already Goods and name is not a service
1705,FUNDAS TRANSPARENTES PARA BASURA 55 GLS CALIBRE 200 PQT 5/1,consu,consu,True,True,True,True,SHARED,,PHYSICAL_GOOD,HIGH_CONFIDENCE,KEEP,Already Goods and name is not a service
1597,Gabinete TIPO Credenza 2 Puertas Thunder,consu,consu,True,True,True,True,SHARED,Ferretería,PHYSICAL_GOOD,HIGH_CONFIDENCE,KEEP,Already Goods and name is not a service
390,GAFAS DE Proteccion,consu,consu,True,True,True,True,SHARED,Ferretería,PHYSICAL_GOOD,HIGH_CONFIDENCE,KEEP,Already Goods and name is not a service
1681,GALON DE COLA AMARILLA UNIVERSAL CANO 1/2,consu,consu,True,True,True,True,SHARED,,PHYSICAL_GOOD,HIGH_CONFIDENCE,KEEP,Already Goods and name is not a service
922,Ganchos Metálicos Macho/hembra 70mm 50 Sets ACCO #12992,consu,consu,True,True,True,True,SHARED,Ferretería,PHYSICAL_GOOD,HIGH_CONFIDENCE,KEEP,Already Goods and name is not a service
1419,Gato Hidraulico 3tone Truper Cod.14806,consu,consu,True,True,True,True,SHARED,Herramientas,PHYSICAL_GOOD,HIGH_CONFIDENCE,KEEP,Already Goods and name is not a service
1560,Gavetero/biuro Plastico TIPO RATAN 5 Gavetas Duralon,consu,consu,True,True,True,True,SHARED,Ferretería,PHYSICAL_GOOD,HIGH_CONFIDENCE,KEEP,Already Goods and name is not a service
1591,Gavetero TIPO RATTAN DE 5 Gavetas Duralon,consu,consu,True,True,True,True,SHARED,Ferretería,PHYSICAL_GOOD,HIGH_CONFIDENCE,KEEP,Already Goods and name is not a service
352,GLADE SPRAY Ambientador Lavanda Lavanda Y Vainilla,consu,consu,True,True,True,True,SHARED,Ferretería,PHYSICAL_GOOD,HIGH_CONFIDENCE,KEEP,Already Goods and name is not a service
353,GLADE SPRAY Ambientador Manzana Y CANELA,consu,consu,True,True,True,True,SHARED,Ferretería,PHYSICAL_GOOD,HIGH_CONFIDENCE,KEEP,Already Goods and name is not a service
351,GLADE SPRAY Ambientador Paraiso AZUL,consu,consu,True,True,True,True,SHARED,Ferretería,PHYSICAL_GOOD,HIGH_CONFIDENCE,KEEP,Already Goods and name is not a service
1444,GL DE Thinner,consu,consu,True,True,True,True,SHARED,Pinturas,PHYSICAL_GOOD,DETERMINISTIC,KEEP,"Physical material, merchandise, food or tool"
1001,GL DE Thinner TH-90,consu,consu,True,True,True,True,SHARED,Pinturas,PHYSICAL_GOOD,DETERMINISTIC,KEEP,"Physical material, merchandise, food or tool"
260,GL DE Thinner TH-900 Tropical,consu,consu,True,True,True,True,SHARED,Pinturas,PHYSICAL_GOOD,DETERMINISTIC,KEEP,"Physical material, merchandise, food or tool"
1144,GLOBO LATEX 10''X 100 Balloons,consu,consu,True,True,True,True,SHARED,Ferretería,PHYSICAL_GOOD,HIGH_CONFIDENCE,KEEP,Already Goods and name is not a service
1657,GL THINNER 1000 TROPICAL,consu,consu,True,True,True,True,SHARED,,PHYSICAL_GOOD,DETERMINISTIC,KEEP,"Physical material, merchandise, food or tool"
279,Goma De 1/2 Blanca,consu,consu,True,True,True,True,SHARED,Neumáticos,PHYSICAL_GOOD,DETERMINISTIC,KEEP,"Physical material, merchandise, food or tool"
1448,GOMA DE 1/2 BLANCA 94X42,consu,consu,True,True,True,True,SHARED,Neumáticos,PHYSICAL_GOOD,DETERMINISTIC,KEEP,"Physical material, merchandise, food or tool"
621,Granzote GRUESO,consu,consu,True,True,True,True,SHARED,Ferretería,PHYSICAL_GOOD,HIGH_CONFIDENCE,KEEP,Already Goods and name is not a service
299,GRAPA DE Alambre,consu,consu,True,True,True,True,SHARED,Ferretería,PHYSICAL_GOOD,DETERMINISTIC,KEEP,"Physical material, merchandise, food or tool"
923,"Grapadora Estandar Talbot De Metal, Color Negro, Compatible Con Grapas Estándar 24/6 Y",consu,consu,True,True,True,True,SHARED,Ferretería,PHYSICAL_GOOD,HIGH_CONFIDENCE,KEEP,Already Goods and name is not a service
933,"Grapadora Industrial De Metal Swingline, Con Base Antideslizante, Con Capacidad De 100",consu,consu,True,True,True,True,SHARED,Oficina,PHYSICAL_GOOD,HIGH_CONFIDENCE,KEEP,Already Goods and name is not a service
281,Grapadora Neumatica,consu,consu,True,True,True,True,SHARED,Neumáticos,PHYSICAL_GOOD,DETERMINISTIC,KEEP,"Physical material, merchandise, food or tool"
831,Grapadoras Grandes 250 Páginas,consu,consu,True,True,True,True,SHARED,Ferretería,PHYSICAL_GOOD,HIGH_CONFIDENCE,KEEP,Already Goods and name is not a service
688,GRAPAS 7/10,consu,consu,True,True,True,True,SHARED,Ferretería,PHYSICAL_GOOD,HIGH_CONFIDENCE,KEEP,Already Goods and name is not a service
917,"Grapas Estándar Artesco 6 Mm, 26/6, 5000/1",consu,consu,True,True,True,True,SHARED,Ferretería,PHYSICAL_GOOD,HIGH_CONFIDENCE,KEEP,Already Goods and name is not a service
458,GRAPAS PARA Grapadora Neumatica 7/10,consu,consu,True,True,True,True,SHARED,Neumáticos,PHYSICAL_GOOD,DETERMINISTIC,KEEP,"Physical material, merchandise, food or tool"
321,GRAVA 3/4,consu,consu,True,True,True,True,SHARED,Construcción,PHYSICAL_GOOD,DETERMINISTIC,KEEP,"Physical material, merchandise, food or tool"
910,GRAVA 3/4 A 1/2,consu,consu,True,True,True,True,SHARED,Construcción,PHYSICAL_GOOD,DETERMINISTIC,KEEP,"Physical material, merchandise, food or tool"
1068,GRAVA CALIZA,consu,consu,True,True,True,True,SHARED,Construcción,PHYSICAL_GOOD,DETERMINISTIC,KEEP,"Physical material, merchandise, food or tool"
1532,Guandules LINDA (LATA 15OZ) 24/1,consu,consu,True,True,True,True,SHARED,Ferretería,PHYSICAL_GOOD,HIGH_CONFIDENCE,KEEP,Already Goods and name is not a service
776,GUANTE DE Proteccion TRUPER,consu,consu,True,True,True,True,SHARED,Herramientas,PHYSICAL_GOOD,HIGH_CONFIDENCE,KEEP,Already Goods and name is not a service
579,GUANTE EXTRA GRIP XL 400XL GRX,consu,consu,True,True,True,True,SHARED,Ferretería,PHYSICAL_GOOD,HIGH_CONFIDENCE,KEEP,Already Goods and name is not a service
364,GUANTE GOMA NEGRO IND,consu,consu,True,True,True,True,SHARED,Neumáticos,PHYSICAL_GOOD,DETERMINISTIC,KEEP,"Physical material, merchandise, food or tool"
491,GUANTE GOMA NEGRO IND (10L Y 10M),consu,consu,True,True,True,True,SHARED,Neumáticos,PHYSICAL_GOOD,DETERMINISTIC,KEEP,"Physical material, merchandise, food or tool"
742,"GUANTE GOMA NEGRO IND (SIZE S,MY L)",consu,consu,True,True,True,True,SHARED,Neumáticos,PHYSICAL_GOOD,DETERMINISTIC,KEEP,"Physical material, merchandise, food or tool"
492,GUANTE OBRERO Naranja TRUPER 14246,consu,consu,True,True,True,True,SHARED,Herramientas,PHYSICAL_GOOD,HIGH_CONFIDENCE,KEEP,Already Goods and name is not a service
403,Guantes DE Carnaza,consu,consu,True,True,True,True,SHARED,Ferretería,PHYSICAL_GOOD,HIGH_CONFIDENCE,KEEP,Already Goods and name is not a service
411,Guantes DE CUERO (carnaza),consu,consu,True,True,True,True,SHARED,Ferretería,PHYSICAL_GOOD,HIGH_CONFIDENCE,KEEP,Already Goods and name is not a service
1121,Guantes DE CUERO P/ OBRERO (carnaza),consu,consu,True,True,True,True,SHARED,Ferretería,PHYSICAL_GOOD,HIGH_CONFIDENCE,KEEP,Already Goods and name is not a service
1080,Guantes DE CUERO Y TELA TIPO LONETA,consu,consu,True,True,True,True,SHARED,Ferretería,PHYSICAL_GOOD,HIGH_CONFIDENCE,KEEP,Already Goods and name is not a service
1698,GUANTES DE LIMPIEZA DOMESTICA SIZE L  (PARES ),consu,consu,True,True,True,True,SHARED,,PHYSICAL_GOOD,HIGH_CONFIDENCE,KEEP,Already Goods and name is not a service
1697,GUANTES DE LIMPIEZA DOMESTICA SIZE M  (PARES ),consu,consu,True,True,True,True,SHARED,,PHYSICAL_GOOD,HIGH_CONFIDENCE,KEEP,Already Goods and name is not a service
578,Guantes DE Nitrilo MANGA CORTA,consu,consu,True,True,True,True,SHARED,Ferretería,PHYSICAL_GOOD,HIGH_CONFIDENCE,KEEP,Already Goods and name is not a service
1510,Guantes DE Proteccion Trupper,consu,consu,True,True,True,True,SHARED,Ferretería,PHYSICAL_GOOD,HIGH_CONFIDENCE,KEEP,Already Goods and name is not a service
412,Guantes Plasticos Desechables 100PCS/1,consu,consu,True,True,True,True,SHARED,Ferretería,PHYSICAL_GOOD,HIGH_CONFIDENCE,KEEP,Already Goods and name is not a service
1148,Guantes PROCT CORTE W-301 (NIVEL D) T9,consu,consu,True,True,True,True,SHARED,Ferretería,PHYSICAL_GOOD,HIGH_CONFIDENCE,KEEP,Already Goods and name is not a service
580,Guantes PUNTO PVC 10 76133 KENDO,consu,consu,True,True,True,True,SHARED,Plomería,PHYSICAL_GOOD,HIGH_CONFIDENCE,KEEP,Already Goods and name is not a service
51,GUIAS PLAST- 40X60MM,consu,consu,True,True,True,True,SHARED,,PHYSICAL_GOOD,HIGH_CONFIDENCE,KEEP,Already Goods and name is not a service
1522,Habichuelas PINTAS DON Rodrigo 400G 30/1,consu,consu,True,True,True,True,9,Alimentos,PHYSICAL_GOOD,DETERMINISTIC,KEEP,"Physical material, merchandise, food or tool"
1153,HACHA MEDIA LABOR MANGO DE MADERA DE 36''truper,consu,consu,True,True,True,True,SHARED,Herramientas,PHYSICAL_GOOD,HIGH_CONFIDENCE,KEEP,Already Goods and name is not a service
1377,Hidrolavadora Electrica,consu,consu,True,True,True,True,SHARED,Electrodomésticos,PHYSICAL_GOOD,DETERMINISTIC,KEEP,"Physical material, merchandise, food or tool"
397,"Hidrolavadora Karcher K4 1,800 PSI 1,500 W Electrica",consu,consu,True,True,True,True,SHARED,Electrodomésticos,PHYSICAL_GOOD,DETERMINISTIC,KEEP,"Physical material, merchandise, food or tool"
398,Hidrolavadora TRUPER 2000 PSI Electrica,consu,consu,True,True,True,True,SHARED,Electrodomésticos,PHYSICAL_GOOD,DETERMINISTIC,KEEP,"Physical material, merchandise, food or tool"
1311,HIGADO,consu,consu,True,True,True,True,SHARED,Ferretería,PHYSICAL_GOOD,HIGH_CONFIDENCE,KEEP,Already Goods and name is not a service
1143,HILO DE LANA,consu,consu,True,True,True,True,SHARED,Ferretería,PHYSICAL_GOOD,HIGH_CONFIDENCE,KEEP,Already Goods and name is not a service
883,Hilo Htr5-130 0.1x23/mp/podar Truper,consu,consu,True,True,True,True,SHARED,Herramientas,PHYSICAL_GOOD,HIGH_CONFIDENCE,KEEP,Already Goods and name is not a service
630,HILO NYLON BLANCO NO.18 NO.18 Ballena,consu,consu,True,True,True,True,SHARED,Ferretería,PHYSICAL_GOOD,HIGH_CONFIDENCE,KEEP,Already Goods and name is not a service
38,HILO PARA CORTADORA DE GRAMA 3.3MM X 237M HTR5/PODAR TRUPER,consu,consu,True,True,True,True,SHARED,,PHYSICAL_GOOD,HIGH_CONFIDENCE,KEEP,Already Goods and name is not a service
1694,HILO PARA CORTADORA DE GRAMA 3.3MM X 237M H TRUPER,consu,consu,True,True,True,True,SHARED,,PHYSICAL_GOOD,HIGH_CONFIDENCE,KEEP,Already Goods and name is not a service
516,HILO PARA Cortagrama 15 MTS Hta-80(1153) TRUPER,consu,consu,True,True,True,True,SHARED,Herramientas,PHYSICAL_GOOD,HIGH_CONFIDENCE,KEEP,Already Goods and name is not a service
719,HOJA DE Segueta BEYOTA,consu,consu,True,True,True,True,SHARED,Ferretería,PHYSICAL_GOOD,HIGH_CONFIDENCE,KEEP,Already Goods and name is not a service
1064,Hormigon 210 KG/CM,consu,consu,True,True,True,True,SHARED,Construcción,PHYSICAL_GOOD,DETERMINISTIC,KEEP,"Physical material, merchandise, food or tool"
174,Hormigon Asfaltico,consu,consu,True,True,True,True,SHARED,Construcción,PHYSICAL_GOOD,DETERMINISTIC,KEEP,"Physical material, merchandise, food or tool"
1627,HULE PARA ALUMINIO DECORATIVO,consu,consu,True,True,True,True,SHARED,,PHYSICAL_GOOD,HIGH_CONFIDENCE,KEEP,Already Goods and name is not a service
130,IMPERMEABILIZANTE TROPICAL GOMA LIQUIDA ALUMINIO,consu,consu,True,True,True,True,SHARED,,PHYSICAL_GOOD,DETERMINISTIC,KEEP,"Physical material, merchandise, food or tool"
760,Impermiabilizante Tropical GOMA LIQ. ALUM,consu,consu,True,True,True,True,SHARED,Neumáticos,PHYSICAL_GOOD,DETERMINISTIC,KEEP,"Physical material, merchandise, food or tool"
757,Impermiabilizante Tropical GOMA Liquida Aluminio,consu,consu,True,True,True,True,SHARED,Neumáticos,PHYSICAL_GOOD,DETERMINISTIC,KEEP,"Physical material, merchandise, food or tool"
1034,Impresiónes Serigrafiadas A UN COLOR,consu,consu,True,True,True,True,SHARED,Ferretería,PHYSICAL_GOOD,HIGH_CONFIDENCE,KEEP,Already Goods and name is not a service
371,Impresiones Serigrafiadas A UN COLOR Espalda Y Tetilla,consu,consu,True,True,True,True,SHARED,Ferretería,PHYSICAL_GOOD,HIGH_CONFIDENCE,KEEP,Already Goods and name is not a service
1461,Imprevistos,consu,consu,True,True,True,True,SHARED,Ferretería,PHYSICAL_GOOD,HIGH_CONFIDENCE,KEEP,Already Goods and name is not a service
1145,Inflador Electrico,consu,consu,True,True,True,True,SHARED,Ferretería,PHYSICAL_GOOD,HIGH_CONFIDENCE,KEEP,Already Goods and name is not a service
391,ING-UMMA1605 Soldadora Inverter 160A 110/220V 40% MMA Ingco<4> Sustitucion DE,consu,consu,True,True,True,True,SHARED,Ferretería,PHYSICAL_GOOD,HIGH_CONFIDENCE,KEEP,Already Goods and name is not a service
392,ING-UMMAC2502 Soldadora 250A 110/220V 10% MMA Ingco<1>,consu,consu,True,True,True,True,SHARED,Ferretería,PHYSICAL_GOOD,HIGH_CONFIDENCE,KEEP,Already Goods and name is not a service
393,ING-UMMAC3002 Soldadora 300A 110/220V 10% MMA Ingco<1>,consu,consu,True,True,True,True,SHARED,Ferretería,PHYSICAL_GOOD,HIGH_CONFIDENCE,KEEP,Already Goods and name is not a service
1512,Inodoro Completo C/ TAPAS Y Valvula ULTRA,consu,consu,True,True,True,True,SHARED,Plomería,PHYSICAL_GOOD,DETERMINISTIC,KEEP,"Physical material, merchandise, food or tool"
67,INODORO FLUX BALTICO ENT SUP BLANCO / CORONA,consu,consu,True,True,True,True,SHARED,,PHYSICAL_GOOD,DETERMINISTIC,KEEP,"Physical material, merchandise, food or tool"
781,"Inodoros Completos Incluyendo Fluxometro, TAPAS Y Valvulas ULTRA",consu,consu,True,True,True,True,SHARED,Plomería,PHYSICAL_GOOD,DETERMINISTIC,KEEP,"Physical material, merchandise, food or tool"
1012,Inodoro TREBOL SAVONA BLANCO,consu,consu,True,True,True,True,SHARED,Plomería,PHYSICAL_GOOD,DETERMINISTIC,KEEP,"Physical material, merchandise, food or tool"
430,Interruptor TRIPLE Bticino NOBILE BCO,consu,consu,True,True,True,True,SHARED,Ferretería,PHYSICAL_GOOD,HIGH_CONFIDENCE,KEEP,Already Goods and name is not a service
1474,Inversor 6 KW 48 DC Senoidal MITEC -PSW,consu,consu,True,True,True,True,SHARED,Ferretería,PHYSICAL_GOOD,HIGH_CONFIDENCE,KEEP,Already Goods and name is not a service
978,"Ipermeabilizante De Techo, A Base De Lona Asfatica 4 Kg Granular (3mm) De Espesor Y",consu,consu,True,True,True,True,SHARED,Ferretería,PHYSICAL_GOOD,HIGH_CONFIDENCE,KEEP,Already Goods and name is not a service
1507,ITABO,consu,consu,True,True,True,True,SHARED,Ferretería,PHYSICAL_GOOD,HIGH_CONFIDENCE,KEEP,Already Goods and name is not a service
1269,JABON AZUL,consu,consu,True,True,True,True,SHARED,Limpieza,PHYSICAL_GOOD,HIGH_CONFIDENCE,KEEP,Already Goods and name is not a service
1699,JABON DE CUABA EN BARRA,consu,consu,True,True,True,True,SHARED,,PHYSICAL_GOOD,HIGH_CONFIDENCE,KEEP,Already Goods and name is not a service
1252,JABON Liquido Multiuso ACEL,consu,consu,True,True,True,True,SHARED,Limpieza,PHYSICAL_GOOD,HIGH_CONFIDENCE,KEEP,Already Goods and name is not a service
1544,JUEGO Comedor Plastico 4 SILLAS RIMAX,consu,consu,True,True,True,True,SHARED,Mobiliario,PHYSICAL_GOOD,HIGH_CONFIDENCE,KEEP,Already Goods and name is not a service
1670,JUEGO DE 5 PUNTAS ESTRIAS #2 LARGAS TRUPER,consu,consu,True,True,True,True,SHARED,,PHYSICAL_GOOD,HIGH_CONFIDENCE,KEEP,Already Goods and name is not a service
1539,Juego De Comedor Plastico 80X80,consu,consu,True,True,True,True,SHARED,Ferretería,PHYSICAL_GOOD,HIGH_CONFIDENCE,KEEP,Already Goods and name is not a service
1559,JUEGO DE Comedor Platico DE 4 SILLAS RIMAX,consu,consu,True,True,True,True,SHARED,Mobiliario,PHYSICAL_GOOD,HIGH_CONFIDENCE,KEEP,Already Goods and name is not a service
581,JUEGO DE Destornilladores 8 EN 1 85115 KENDO,consu,consu,True,True,True,True,SHARED,Herramientas,PHYSICAL_GOOD,DETERMINISTIC,KEEP,"Physical material, merchandise, food or tool"
1088,JUEGO DE LLAVE ALLEN TRUPER,consu,consu,True,True,True,True,SHARED,Herramientas,PHYSICAL_GOOD,HIGH_CONFIDENCE,KEEP,Already Goods and name is not a service
484,JUEGO DE LLAVE ALLEN TRUPER 15556,consu,consu,True,True,True,True,SHARED,Herramientas,PHYSICAL_GOOD,HIGH_CONFIDENCE,KEEP,Already Goods and name is not a service
1543,Juego De Sala Plastico Duralon,consu,consu,True,True,True,True,SHARED,Ferretería,PHYSICAL_GOOD,HIGH_CONFIDENCE,KEEP,Already Goods and name is not a service
1570,JUEGO DE SALA Plastico JGO FERR Confort,consu,consu,True,True,True,True,SHARED,Ferretería,PHYSICAL_GOOD,HIGH_CONFIDENCE,KEEP,Already Goods and name is not a service
792,JUEGO DE Valvula FAMA Economax,consu,consu,True,True,True,True,SHARED,Plomería,PHYSICAL_GOOD,HIGH_CONFIDENCE,KEEP,Already Goods and name is not a service
72,JUNTA DE CERA P/INODORO 40143 EASTMAN,consu,consu,True,True,True,True,SHARED,,PHYSICAL_GOOD,DETERMINISTIC,KEEP,"Physical material, merchandise, food or tool"
773,KIT DE Conectores,consu,consu,True,True,True,True,SHARED,Ferretería,PHYSICAL_GOOD,HIGH_CONFIDENCE,KEEP,Already Goods and name is not a service
52,KIT DE INSTALACION DE BOMBA,consu,consu,True,True,True,True,SHARED,,PHYSICAL_GOOD,DETERMINISTIC,KEEP,"Physical material, merchandise, food or tool"
1534,KIT DE Raciones Alimenticias,consu,consu,True,True,True,True,SHARED,Ferretería,PHYSICAL_GOOD,HIGH_CONFIDENCE,KEEP,Already Goods and name is not a service
19,KIT DE UÑAS ACRILICAS,consu,consu,True,True,True,True,SHARED,,PHYSICAL_GOOD,HIGH_CONFIDENCE,KEEP,Already Goods and name is not a service
916,Label Para Folders 200/1 Pointer,consu,consu,True,True,True,True,SHARED,Oficina,PHYSICAL_GOOD,HIGH_CONFIDENCE,KEEP,Already Goods and name is not a service
679,LACA Natural Tropical,consu,consu,True,True,True,True,SHARED,Ferretería,PHYSICAL_GOOD,HIGH_CONFIDENCE,KEEP,Already Goods and name is not a service
256,Laca Para Madera Blanca Terminacion Power Rider,consu,consu,True,True,True,True,SHARED,Ferretería,PHYSICAL_GOOD,HIGH_CONFIDENCE,KEEP,Already Goods and name is not a service
456,LACA Pigmentada BLANCA Tropical (6159),consu,consu,True,True,True,True,SHARED,Ferretería,PHYSICAL_GOOD,HIGH_CONFIDENCE,KEEP,Already Goods and name is not a service
682,LACA Tropical Pigmentada BLANCA,consu,consu,True,True,True,True,SHARED,Ferretería,PHYSICAL_GOOD,HIGH_CONFIDENCE,KEEP,Already Goods and name is not a service
1054,Lampara Colgante 150W,consu,consu,True,True,True,True,SHARED,Ferretería,PHYSICAL_GOOD,HIGH_CONFIDENCE,KEEP,Already Goods and name is not a service
282,Lampara Led 150 W Tipo Cobra,consu,consu,True,True,True,True,SHARED,Material eléctrico,PHYSICAL_GOOD,HIGH_CONFIDENCE,KEEP,Already Goods and name is not a service
429,Lampara LED 2X4,consu,consu,True,True,True,True,SHARED,Material eléctrico,PHYSICAL_GOOD,HIGH_CONFIDENCE,KEEP,Already Goods and name is not a service
1055,Lampara LED Superf. REDON. 18W 3500K,consu,consu,True,True,True,True,SHARED,Material eléctrico,PHYSICAL_GOOD,HIGH_CONFIDENCE,KEEP,Already Goods and name is not a service
1056,Lampara LED Superf. REDON. 18W ELITE,consu,consu,True,True,True,True,SHARED,Material eléctrico,PHYSICAL_GOOD,HIGH_CONFIDENCE,KEEP,Already Goods and name is not a service
583,Lampara LED T/cobra 100W EMSOL,consu,consu,True,True,True,True,SHARED,Material eléctrico,PHYSICAL_GOOD,HIGH_CONFIDENCE,KEEP,Already Goods and name is not a service
585,Lampara LED T/cobra 200W EMSOL,consu,consu,True,True,True,True,SHARED,Material eléctrico,PHYSICAL_GOOD,HIGH_CONFIDENCE,KEEP,Already Goods and name is not a service
1060,Lampara OJO D/BUEY LED 3W,consu,consu,True,True,True,True,SHARED,Material eléctrico,PHYSICAL_GOOD,HIGH_CONFIDENCE,KEEP,Already Goods and name is not a service
584,Lampara TIPO COBRA 150 W,consu,consu,True,True,True,True,SHARED,Ferretería,PHYSICAL_GOOD,HIGH_CONFIDENCE,KEEP,Already Goods and name is not a service
245,LAMPRA LED 150 W TIPO COBRA,consu,consu,True,True,True,True,SHARED,Material eléctrico,PHYSICAL_GOOD,HIGH_CONFIDENCE,KEEP,Already Goods and name is not a service
1290,Lapicero AZULES,consu,consu,True,True,True,True,SHARED,Oficina,PHYSICAL_GOOD,HIGH_CONFIDENCE,KEEP,Already Goods and name is not a service
1291,Lapicero NEGRO,consu,consu,True,True,True,True,SHARED,Oficina,PHYSICAL_GOOD,HIGH_CONFIDENCE,KEEP,Already Goods and name is not a service
1292,Lapicero ROJOS,consu,consu,True,True,True,True,SHARED,Oficina,PHYSICAL_GOOD,HIGH_CONFIDENCE,KEEP,Already Goods and name is not a service
675,LAPIZ Carpintero,consu,consu,True,True,True,True,SHARED,Ferretería,PHYSICAL_GOOD,HIGH_CONFIDENCE,KEEP,Already Goods and name is not a service
1293,LAPIZ DE CARBON,consu,consu,True,True,True,True,SHARED,Ferretería,PHYSICAL_GOOD,HIGH_CONFIDENCE,KEEP,Already Goods and name is not a service
1124,LAPIZ DE CARBON Amarillo 12/1,consu,consu,True,True,True,True,SHARED,Ferretería,PHYSICAL_GOOD,HIGH_CONFIDENCE,KEEP,Already Goods and name is not a service
1128,LAPIZ DE COLOR 12/1,consu,consu,True,True,True,True,SHARED,Ferretería,PHYSICAL_GOOD,HIGH_CONFIDENCE,KEEP,Already Goods and name is not a service
703,LAPIZ P/ Carpintero,consu,consu,True,True,True,True,SHARED,Ferretería,PHYSICAL_GOOD,HIGH_CONFIDENCE,KEEP,Already Goods and name is not a service
1236,Laserjet W2111A CIAN,consu,consu,True,True,True,True,SHARED,Ferretería,PHYSICAL_GOOD,HIGH_CONFIDENCE,KEEP,Already Goods and name is not a service
1226,Laserjet W2111A CIAN TONER HP PARA Impresora COLOR Laserjet,consu,consu,True,True,True,True,SHARED,Tecnología,PHYSICAL_GOOD,DETERMINISTIC,KEEP,"Physical material, merchandise, food or tool"
1235,Laserjet W2111A NEGRO,consu,consu,True,True,True,True,SHARED,Ferretería,PHYSICAL_GOOD,HIGH_CONFIDENCE,KEEP,Already Goods and name is not a service
1225,Laserjet W2111A NEGRO TONER HP PARA Impresora Laserjet,consu,consu,True,True,True,True,SHARED,Tecnología,PHYSICAL_GOOD,DETERMINISTIC,KEEP,"Physical material, merchandise, food or tool"
1237,Laserjet W2112A Amarillo,consu,consu,True,True,True,True,SHARED,Ferretería,PHYSICAL_GOOD,HIGH_CONFIDENCE,KEEP,Already Goods and name is not a service
1227,Laserjet W2112A Amarillo TONER HP PARA Impresora COLOR Laserjet,consu,consu,True,True,True,True,SHARED,Tecnología,PHYSICAL_GOOD,DETERMINISTIC,KEEP,"Physical material, merchandise, food or tool"
943,LATA DE Pintura Popular ULTRA Esmalte NEGRO MATE 800 1 GL,consu,consu,True,True,True,True,SHARED,Pinturas,PHYSICAL_GOOD,DETERMINISTIC,KEEP,"Physical material, merchandise, food or tool"
1586,Lavadora SEMI Automatica 22 LB Dimensions,consu,consu,True,True,True,True,SHARED,Electrodomésticos,PHYSICAL_GOOD,DETERMINISTIC,KEEP,"Physical material, merchandise, food or tool"
1554,Lavadora SEMI Automatica BLANCA XPB KGLG-140 22 LB,consu,consu,True,True,True,True,SHARED,Electrodomésticos,PHYSICAL_GOOD,DETERMINISTIC,KEEP,"Physical material, merchandise, food or tool"
1571,Lavadora SEMI Automatica M/DIMI11W 11 KG Dimensions,consu,consu,True,True,True,True,SHARED,Electrodomésticos,PHYSICAL_GOOD,DETERMINISTIC,KEEP,"Physical material, merchandise, food or tool"
151,LAVADORA SEMI AUTOMATICA XPB KGLG-140 22 LB,consu,consu,True,True,True,True,SHARED,,PHYSICAL_GOOD,DETERMINISTIC,KEEP,"Physical material, merchandise, food or tool"
1706,LAVAPLATOS CON INGREDIENTE ACTIVO BIODEGRADABLE 128 OZ,consu,consu,True,True,True,True,SHARED,,PHYSICAL_GOOD,HIGH_CONFIDENCE,KEEP,Already Goods and name is not a service
1524,LECHE EN POLVO MILEX 125GR 48/1,consu,consu,True,True,True,True,9,Alimentos,PHYSICAL_GOOD,DETERMINISTIC,KEEP,"Physical material, merchandise, food or tool"
186,LENNOX I3 SEER 12 K BTU,consu,consu,True,True,True,True,SHARED,Ferretería,PHYSICAL_GOOD,HIGH_CONFIDENCE,KEEP,Already Goods and name is not a service
1008,"LENNOX Inverte 12,000 BTU SEER 18",consu,consu,True,True,True,True,SHARED,Ferretería,PHYSICAL_GOOD,HIGH_CONFIDENCE,KEEP,Already Goods and name is not a service
515,LENTE Seguridad Transparente,consu,consu,True,True,True,True,SHARED,Ferretería,PHYSICAL_GOOD,HIGH_CONFIDENCE,KEEP,Already Goods and name is not a service
508,LEY 686,consu,consu,True,True,True,True,SHARED,Ferretería,PHYSICAL_GOOD,HIGH_CONFIDENCE,KEEP,Already Goods and name is not a service
1436,Libreta Marilla 8½x 11 Plg,consu,consu,True,True,True,True,SHARED,Ferretería,PHYSICAL_GOOD,HIGH_CONFIDENCE,KEEP,Already Goods and name is not a service
355,Libreta RAYADA Amarilla 50 HOJAS Artesco 5x8,consu,consu,True,True,True,True,SHARED,Ferretería,PHYSICAL_GOOD,HIGH_CONFIDENCE,KEEP,Already Goods and name is not a service
1181,Libreta RAYADA Amarilla 50 HOJAS Artesco 5x8 Plg,consu,consu,True,True,True,True,SHARED,Ferretería,PHYSICAL_GOOD,HIGH_CONFIDENCE,KEEP,Already Goods and name is not a service
1180,Libreta RAYADA Amarilla 50 HOJAS Artesco 8½x 11 Plg,consu,consu,True,True,True,True,SHARED,Ferretería,PHYSICAL_GOOD,HIGH_CONFIDENCE,KEEP,Already Goods and name is not a service
1437,Libreta RAYADA Amarilla 5x8 Plg,consu,consu,True,True,True,True,SHARED,Ferretería,PHYSICAL_GOOD,HIGH_CONFIDENCE,KEEP,Already Goods and name is not a service
354,Libreta RAYADA Marilla 50 HOJAS Artesco 8½x 11,consu,consu,True,True,True,True,SHARED,Ferretería,PHYSICAL_GOOD,HIGH_CONFIDENCE,KEEP,Already Goods and name is not a service
1541,Licuadora DAIWA 3 VEL 550W 1.25L,consu,consu,True,True,True,True,SHARED,Electrodomésticos,PHYSICAL_GOOD,DETERMINISTIC,KEEP,"Physical material, merchandise, food or tool"
156,LICUADORA DAIWA 3 VEL 600W 1.25L,consu,consu,True,True,True,True,SHARED,,PHYSICAL_GOOD,DETERMINISTIC,KEEP,"Physical material, merchandise, food or tool"
57,LICUADORA DISCOVERY HOME 3-5 VEL 600W 1.5 LITROS,consu,consu,True,True,True,True,SHARED,,PHYSICAL_GOOD,DETERMINISTIC,KEEP,"Physical material, merchandise, food or tool"
17,LICUADORA NINJA,consu,consu,True,True,True,True,SHARED,,PHYSICAL_GOOD,DETERMINISTIC,KEEP,"Physical material, merchandise, food or tool"
1585,Licuadoras Discovery HOME 3-5 VEL 600W 1.25 LITROS,consu,consu,True,True,True,True,SHARED,Electrodomésticos,PHYSICAL_GOOD,DETERMINISTIC,KEEP,"Physical material, merchandise, food or tool"
466,LIJA AGUA Deerfos #120 CC768,consu,consu,True,True,True,True,SHARED,Ferretería,PHYSICAL_GOOD,HIGH_CONFIDENCE,KEEP,Already Goods and name is not a service
524,LIJA AGUA Deerfos #220 AC768,consu,consu,True,True,True,True,SHARED,Ferretería,PHYSICAL_GOOD,HIGH_CONFIDENCE,KEEP,Already Goods and name is not a service
465,LIJA AGUA Deerfos #240 AC768,consu,consu,True,True,True,True,SHARED,Ferretería,PHYSICAL_GOOD,HIGH_CONFIDENCE,KEEP,Already Goods and name is not a service
641,Lija De Agua,consu,consu,True,True,True,True,SHARED,Ferretería,PHYSICAL_GOOD,HIGH_CONFIDENCE,KEEP,Already Goods and name is not a service
1350,Lija De Agua No.120 Norton,consu,consu,True,True,True,True,SHARED,Ferretería,PHYSICAL_GOOD,HIGH_CONFIDENCE,KEEP,Already Goods and name is not a service
514,LIMA TRIANG P/sierra DE 8 4081 Bellota 10/1,consu,consu,True,True,True,True,SHARED,Herramientas,PHYSICAL_GOOD,HIGH_CONFIDENCE,KEEP,Already Goods and name is not a service
413,LIMA Triangulada TRUPER,consu,consu,True,True,True,True,SHARED,Herramientas,PHYSICAL_GOOD,HIGH_CONFIDENCE,KEEP,Already Goods and name is not a service
1369,Limpiador Fresh Coil,consu,consu,True,True,True,True,SHARED,Ferretería,PHYSICAL_GOOD,HIGH_CONFIDENCE,KEEP,Already Goods and name is not a service
994,Limpieza Final,consu,consu,True,True,True,True,SHARED,Ferretería,PHYSICAL_GOOD,HIGH_CONFIDENCE,KEEP,Already Goods and name is not a service
1327,Limpieza Trampa De Grasa,consu,consu,True,True,True,True,SHARED,Ferretería,PHYSICAL_GOOD,HIGH_CONFIDENCE,KEEP,Already Goods and name is not a service
1420,"Linterna Led Recargable Para Cabeza Truper, Distancia De Luz 165m",consu,consu,True,True,True,True,SHARED,Material eléctrico,PHYSICAL_GOOD,HIGH_CONFIDENCE,KEEP,Already Goods and name is not a service
1157,Linterna Recargable 11 LED Rayovac,consu,consu,True,True,True,True,SHARED,Material eléctrico,PHYSICAL_GOOD,HIGH_CONFIDENCE,KEEP,Already Goods and name is not a service
1132,Linterna Tactica POLICE FORCE J2 LED PFCL2F54,consu,consu,True,True,True,True,SHARED,Material eléctrico,PHYSICAL_GOOD,HIGH_CONFIDENCE,KEEP,Already Goods and name is not a service
586,LLANA LISA M/madera (llm-6l) 15406 TRUPER,consu,consu,True,True,True,True,SHARED,Herramientas,PHYSICAL_GOOD,HIGH_CONFIDENCE,KEEP,Already Goods and name is not a service
1415,Llave Ajustable 12' 'truper,consu,consu,True,True,True,True,SHARED,Herramientas,PHYSICAL_GOOD,HIGH_CONFIDENCE,KEEP,Already Goods and name is not a service
721,LLAVE Angular DE 1/2 X 3/8 DOBLE Eastman,consu,consu,True,True,True,True,SHARED,Ferretería,PHYSICAL_GOOD,HIGH_CONFIDENCE,KEEP,Already Goods and name is not a service
720,LLAVE Angular DE 1/2 X 3/8 Eastman,consu,consu,True,True,True,True,SHARED,Ferretería,PHYSICAL_GOOD,HIGH_CONFIDENCE,KEEP,Already Goods and name is not a service
79,LLAVE ANGULAR DOBLE 1/2X3/8X3/8 04326 EASTMAN,consu,consu,True,True,True,True,SHARED,,PHYSICAL_GOOD,HIGH_CONFIDENCE,KEEP,Already Goods and name is not a service
787,LLAVE Angular EASTAM 1/2'' X 3/8'',consu,consu,True,True,True,True,SHARED,Ferretería,PHYSICAL_GOOD,HIGH_CONFIDENCE,KEEP,Already Goods and name is not a service
789,LLAVE Angular EASTAM 1/2'' X 3/8'' X 13/8'',consu,consu,True,True,True,True,SHARED,Ferretería,PHYSICAL_GOOD,HIGH_CONFIDENCE,KEEP,Already Goods and name is not a service
724,LLAVE DE CHORRO 1/2 URREAS,consu,consu,True,True,True,True,SHARED,Ferretería,PHYSICAL_GOOD,HIGH_CONFIDENCE,KEEP,Already Goods and name is not a service
723,LLAVE DE CHORRO 3/4 URREAS,consu,consu,True,True,True,True,SHARED,Ferretería,PHYSICAL_GOOD,HIGH_CONFIDENCE,KEEP,Already Goods and name is not a service
788,LLAVE Empotrar NIBCO 1/2'' DE UN PUÑO URREA Original,consu,consu,True,True,True,True,SHARED,Ferretería,PHYSICAL_GOOD,HIGH_CONFIDENCE,KEEP,Already Goods and name is not a service
708,LLAVE Lavamanos Vikingo Cromada,consu,consu,True,True,True,True,SHARED,Plomería,PHYSICAL_GOOD,DETERMINISTIC,KEEP,"Physical material, merchandise, food or tool"
815,LLAVE PASO BOLA 1'',consu,consu,True,True,True,True,SHARED,Ferretería,PHYSICAL_GOOD,HIGH_CONFIDENCE,KEEP,Already Goods and name is not a service
814,LLAVE PASO BOLA 3/4'',consu,consu,True,True,True,True,SHARED,Ferretería,PHYSICAL_GOOD,HIGH_CONFIDENCE,KEEP,Already Goods and name is not a service
1376,Llave P/lavamanos,consu,consu,True,True,True,True,SHARED,Plomería,PHYSICAL_GOOD,DETERMINISTIC,KEEP,"Physical material, merchandise, food or tool"
736,LLAVE Sencilla P/LAV NIQ 1/2'' VK-0380 Vikingo,consu,consu,True,True,True,True,SHARED,Ferretería,PHYSICAL_GOOD,HIGH_CONFIDENCE,KEEP,Already Goods and name is not a service
80,"LLAVE SENCILLA P/LAV NIQ 1/2"" VK-0380 VIKINGO",consu,consu,True,True,True,True,SHARED,,PHYSICAL_GOOD,HIGH_CONFIDENCE,KEEP,Already Goods and name is not a service
582,LLAVE Stilson 12'' 50183 KENDO,consu,consu,True,True,True,True,SHARED,Ferretería,PHYSICAL_GOOD,HIGH_CONFIDENCE,KEEP,Already Goods and name is not a service
1517,Lockers Metalico DE 10 Puertas,consu,consu,True,True,True,True,SHARED,Ferretería,PHYSICAL_GOOD,HIGH_CONFIDENCE,KEEP,Already Goods and name is not a service
758,LONA Asfaltica 3MM 1X10 MT,consu,consu,True,True,True,True,SHARED,Ferretería,PHYSICAL_GOOD,HIGH_CONFIDENCE,KEEP,Already Goods and name is not a service
878,(LONA PARA CUBRIR AREA ENTRE Furgones DE Electronica Y Mecanica PARA SOMBRA EN AREA DE,consu,consu,True,True,True,True,SHARED,Ferretería,PHYSICAL_GOOD,HIGH_CONFIDENCE,KEEP,Already Goods and name is not a service
1312,Longaniza,consu,consu,True,True,True,True,SHARED,Ferretería,PHYSICAL_GOOD,HIGH_CONFIDENCE,KEEP,Already Goods and name is not a service
1260,LYSOL Desinfectante SPRAY,consu,consu,True,True,True,True,SHARED,Limpieza,PHYSICAL_GOOD,HIGH_CONFIDENCE,KEEP,Already Goods and name is not a service
365,MACETA TRUPER 4LB MD-4 16536,consu,consu,True,True,True,True,SHARED,Herramientas,PHYSICAL_GOOD,HIGH_CONFIDENCE,KEEP,Already Goods and name is not a service
1152,Machete PULIDO Estandar CACHA Naranja TRUPER,consu,consu,True,True,True,True,SHARED,Herramientas,PHYSICAL_GOOD,HIGH_CONFIDENCE,KEEP,Already Goods and name is not a service
676,MADERA Americana 1 X 10 X 14,consu,consu,True,True,True,True,SHARED,Ferretería,PHYSICAL_GOOD,HIGH_CONFIDENCE,KEEP,Already Goods and name is not a service
448,MADERA BRUTA Americana 1 X 10 X 14,consu,consu,True,True,True,True,SHARED,Ferretería,PHYSICAL_GOOD,HIGH_CONFIDENCE,KEEP,Already Goods and name is not a service
636,Madera Bruta Pino Americano 1x2'' De 2.10 Mt,consu,consu,True,True,True,True,SHARED,Ferretería,PHYSICAL_GOOD,HIGH_CONFIDENCE,KEEP,Already Goods and name is not a service
1505,MADERA Chilena 1/2X6X12,consu,consu,True,True,True,True,SHARED,Ferretería,PHYSICAL_GOOD,HIGH_CONFIDENCE,KEEP,Already Goods and name is not a service
1523,MAIZ DULCE Rodrigo 15 OZ 24/1,consu,consu,True,True,True,True,SHARED,Ferretería,PHYSICAL_GOOD,HIGH_CONFIDENCE,KEEP,Already Goods and name is not a service
587,MALLA 6X50-C9,consu,consu,True,True,True,True,SHARED,Ferretería,PHYSICAL_GOOD,HIGH_CONFIDENCE,KEEP,Already Goods and name is not a service
784,MALLA Ciclonica 6X50″ C-29,consu,consu,True,True,True,True,SHARED,Ferretería,PHYSICAL_GOOD,HIGH_CONFIDENCE,KEEP,Already Goods and name is not a service
626,MALLA Elect/s D2.5X D2.5X20X20 ROLLO 40MT/ 2.74 QQ Generico,consu,consu,True,True,True,True,SHARED,Ferretería,PHYSICAL_GOOD,HIGH_CONFIDENCE,KEEP,Already Goods and name is not a service
623,MALLA Senalizacion MAMEY 4'x100' BFW4100E Griprite,consu,consu,True,True,True,True,SHARED,Ferretería,PHYSICAL_GOOD,HIGH_CONFIDENCE,KEEP,Already Goods and name is not a service
588,Mandarria C/mango 16 LBS MD-16M TRUPER,consu,consu,True,True,True,True,SHARED,Herramientas,PHYSICAL_GOOD,HIGH_CONFIDENCE,KEEP,Already Goods and name is not a service
181,Manejadora De 5ton,consu,consu,True,True,True,True,SHARED,Ferretería,PHYSICAL_GOOD,HIGH_CONFIDENCE,KEEP,Already Goods and name is not a service
187,"Manejadora Inverter 60,000 BTU",consu,consu,True,True,True,True,SHARED,Ferretería,PHYSICAL_GOOD,HIGH_CONFIDENCE,KEEP,Already Goods and name is not a service
794,Manguera Inodoro EASTAM 320'',consu,consu,True,True,True,True,SHARED,Plomería,PHYSICAL_GOOD,DETERMINISTIC,KEEP,"Physical material, merchandise, food or tool"
709,Manguera Lavamanos EASTAM 1/2''x30,consu,consu,True,True,True,True,SHARED,Plomería,PHYSICAL_GOOD,DETERMINISTIC,KEEP,"Physical material, merchandise, food or tool"
468,MANIJA TIPO PUNO PARA ATAUD,consu,consu,True,True,True,True,SHARED,Ferretería,PHYSICAL_GOOD,HIGH_CONFIDENCE,KEEP,Already Goods and name is not a service
800,Manometro G/glicerina Genebre 1/4'',consu,consu,True,True,True,True,SHARED,Ferretería,PHYSICAL_GOOD,HIGH_CONFIDENCE,KEEP,Already Goods and name is not a service
1360,Manómetro Para 410,consu,consu,True,True,True,True,SHARED,Ferretería,PHYSICAL_GOOD,HIGH_CONFIDENCE,KEEP,Already Goods and name is not a service
1359,Manómetro Para Gas 22,consu,consu,True,True,True,True,SHARED,Ferretería,PHYSICAL_GOOD,HIGH_CONFIDENCE,KEEP,Already Goods and name is not a service
436,Manometro P/bomba DE AGUA 0-100PSI,consu,consu,True,True,True,True,SHARED,Ferretería,PHYSICAL_GOOD,HIGH_CONFIDENCE,KEEP,Already Goods and name is not a service
1321,MANTEL BLANCO,consu,consu,True,True,True,True,SHARED,Ferretería,PHYSICAL_GOOD,HIGH_CONFIDENCE,KEEP,Already Goods and name is not a service
690,Manubrio P/ ATAUD,consu,consu,True,True,True,True,SHARED,Ferretería,PHYSICAL_GOOD,HIGH_CONFIDENCE,KEEP,Already Goods and name is not a service
1165,"MAPA DE RD Actualizado AL 2025 FULL COLOR , 48'' X 60'', SUELTO EN BANNER C/estuche",consu,consu,True,True,True,True,SHARED,Ferretería,PHYSICAL_GOOD,HIGH_CONFIDENCE,KEEP,Already Goods and name is not a service
1361,Map Gas Para Soldadura,consu,consu,True,True,True,True,SHARED,Ferretería,PHYSICAL_GOOD,HIGH_CONFIDENCE,KEEP,Already Goods and name is not a service
855,Marcadores De Páginas Set De Colores Varios (44x12mm),consu,consu,True,True,True,True,SHARED,Ferretería,PHYSICAL_GOOD,HIGH_CONFIDENCE,KEEP,Already Goods and name is not a service
935,Marcadores De Pizarra Stabilo AZUL 24X12,consu,consu,True,True,True,True,SHARED,Ferretería,PHYSICAL_GOOD,HIGH_CONFIDENCE,KEEP,Already Goods and name is not a service
934,Marcadores De Pizarra Stabilo NEGRO 24X12,consu,consu,True,True,True,True,SHARED,Ferretería,PHYSICAL_GOOD,HIGH_CONFIDENCE,KEEP,Already Goods and name is not a service
936,Marcadores De Pizarra Stabilo ROJO 24X12,consu,consu,True,True,True,True,SHARED,Ferretería,PHYSICAL_GOOD,HIGH_CONFIDENCE,KEEP,Already Goods and name is not a service
1146,Marcadores Permanentes Pelikan,consu,consu,True,True,True,True,SHARED,Ferretería,PHYSICAL_GOOD,HIGH_CONFIDENCE,KEEP,Already Goods and name is not a service
1089,MARCO DE Segueta,consu,consu,True,True,True,True,SHARED,Ferretería,PHYSICAL_GOOD,HIGH_CONFIDENCE,KEEP,Already Goods and name is not a service
485,MARCO DE Segueta TRUPER,consu,consu,True,True,True,True,SHARED,Herramientas,PHYSICAL_GOOD,HIGH_CONFIDENCE,KEEP,Already Goods and name is not a service
961,Martillo M/fibra KENDO,consu,consu,True,True,True,True,SHARED,Herramientas,PHYSICAL_GOOD,HIGH_CONFIDENCE,KEEP,Already Goods and name is not a service
1090,Martillo TRUPER 07OZ MA-7,consu,consu,True,True,True,True,SHARED,Herramientas,PHYSICAL_GOOD,HIGH_CONFIDENCE,KEEP,Already Goods and name is not a service
482,Martillo TRUPER 07OZ MA-7 16750,consu,consu,True,True,True,True,SHARED,Herramientas,PHYSICAL_GOOD,HIGH_CONFIDENCE,KEEP,Already Goods and name is not a service
1091,Martillo TRUPER 16OZ MAR-16,consu,consu,True,True,True,True,SHARED,Herramientas,PHYSICAL_GOOD,HIGH_CONFIDENCE,KEEP,Already Goods and name is not a service
481,Martillo TRUPER 16OZ MAR-16 19710,consu,consu,True,True,True,True,SHARED,Herramientas,PHYSICAL_GOOD,HIGH_CONFIDENCE,KEEP,Already Goods and name is not a service
1122,Mascarilla CON FILTRO DOBLE Pretul/truper,consu,consu,True,True,True,True,SHARED,Herramientas,PHYSICAL_GOOD,HIGH_CONFIDENCE,KEEP,Already Goods and name is not a service
405,Mascarilla CON FILTRO DOBLE RES-PP P/ Pintura TRUPER,consu,consu,True,True,True,True,SHARED,Pinturas,PHYSICAL_GOOD,DETERMINISTIC,KEEP,"Physical material, merchandise, food or tool"
529,Mascarilla CON FILTRO DOBLE TRUPER,consu,consu,True,True,True,True,SHARED,Herramientas,PHYSICAL_GOOD,HIGH_CONFIDENCE,KEEP,Already Goods and name is not a service
1123,Mascarilla Desechables KN95,consu,consu,True,True,True,True,SHARED,Ferretería,PHYSICAL_GOOD,HIGH_CONFIDENCE,KEEP,Already Goods and name is not a service
406,Mascarilla KN95,consu,consu,True,True,True,True,SHARED,Ferretería,PHYSICAL_GOOD,HIGH_CONFIDENCE,KEEP,Already Goods and name is not a service
471,Mascarilla Respirador PARA Particulas,consu,consu,True,True,True,True,SHARED,Ferretería,PHYSICAL_GOOD,HIGH_CONFIDENCE,KEEP,Already Goods and name is not a service
1550,Masilla Acrilica De Pared Lanco 1/4 Caja 6/1,consu,consu,True,True,True,True,SHARED,Mobiliario,PHYSICAL_GOOD,HIGH_CONFIDENCE,KEEP,Already Goods and name is not a service
1582,Masilla LANCO,consu,consu,True,True,True,True,SHARED,Mobiliario,PHYSICAL_GOOD,HIGH_CONFIDENCE,KEEP,Already Goods and name is not a service
1323,MASITA DE CERDO,consu,consu,True,True,True,True,SHARED,Ferretería,PHYSICAL_GOOD,HIGH_CONFIDENCE,KEEP,Already Goods and name is not a service
1104,Masking TAPE BLANCO,consu,consu,True,True,True,True,SHARED,Ferretería,PHYSICAL_GOOD,HIGH_CONFIDENCE,KEEP,Already Goods and name is not a service
1204,Masking TAPE BYP VERDE 3/4'' X25 Mts 3M,consu,consu,True,True,True,True,SHARED,Ferretería,PHYSICAL_GOOD,HIGH_CONFIDENCE,KEEP,Already Goods and name is not a service
1666,MASKING TAPE HALAN CREMA,consu,consu,True,True,True,True,SHARED,,PHYSICAL_GOOD,HIGH_CONFIDENCE,KEEP,Already Goods and name is not a service
1669,MASKING TAPE HALAN CREMA 3M-AUT,consu,consu,True,True,True,True,SHARED,,PHYSICAL_GOOD,HIGH_CONFIDENCE,KEEP,Already Goods and name is not a service
640,Material,consu,consu,True,True,True,True,SHARED,Ferretería,PHYSICAL_GOOD,HIGH_CONFIDENCE,KEEP,Already Goods and name is not a service
1410,Mecha Irwin 1/2x6 Metal,consu,consu,True,True,True,True,SHARED,Ferretería,PHYSICAL_GOOD,HIGH_CONFIDENCE,KEEP,Already Goods and name is not a service
593,Medidor Distancia LASER 60MT 35532 KENDO,consu,consu,True,True,True,True,SHARED,Ferretería,PHYSICAL_GOOD,HIGH_CONFIDENCE,KEEP,Already Goods and name is not a service
1154,Megafono DE MANO 25W Grabadora Y BAT Recargable,consu,consu,True,True,True,True,SHARED,Ferretería,PHYSICAL_GOOD,HIGH_CONFIDENCE,KEEP,Already Goods and name is not a service
131,MEMBRANA ASFALTICA ITALIANA FIBRA VIDRIO 2.5MM,consu,consu,True,True,True,True,SHARED,,PHYSICAL_GOOD,HIGH_CONFIDENCE,KEEP,Already Goods and name is not a service
1273,"Memoria RAM 16GB (1x16gb) Kingston, Pc/desktop, DDR4, 3200mhz, NON ECC, (kcp432nd8/16)",consu,consu,True,True,True,True,SHARED,Ferretería,PHYSICAL_GOOD,HIGH_CONFIDENCE,KEEP,Already Goods and name is not a service
18,MESA DE MANICURA PROFESIONAL,consu,consu,True,True,True,True,SHARED,,PHYSICAL_GOOD,HIGH_CONFIDENCE,KEEP,Already Goods and name is not a service
1245,MESA DE NOCHE Imnovamed,consu,consu,True,True,True,True,SHARED,Mobiliario,PHYSICAL_GOOD,HIGH_CONFIDENCE,KEEP,Already Goods and name is not a service
1514,MESA DE Trabajo 220 Cm X 90 Cm X 73cm IRON MASTER,consu,consu,True,True,True,True,SHARED,Mobiliario,PHYSICAL_GOOD,HIGH_CONFIDENCE,KEEP,Already Goods and name is not a service
809,Mezcladora BAÑERA Monomando Aquavita,consu,consu,True,True,True,True,SHARED,Ferretería,PHYSICAL_GOOD,HIGH_CONFIDENCE,KEEP,Already Goods and name is not a service
808,Mezcladora Fregadero URREA T/nibco,consu,consu,True,True,True,True,SHARED,Ferretería,PHYSICAL_GOOD,HIGH_CONFIDENCE,KEEP,Already Goods and name is not a service
786,Mezcladora P/lavamanos Monomando UREA,consu,consu,True,True,True,True,SHARED,Plomería,PHYSICAL_GOOD,DETERMINISTIC,KEEP,"Physical material, merchandise, food or tool"
71,MEZCLADORA P/LAV MONOMANDO 1H T-4119 AQUAVITA,consu,consu,True,True,True,True,SHARED,,PHYSICAL_GOOD,HIGH_CONFIDENCE,KEEP,Already Goods and name is not a service
1117,MEZCLA PAÑETE 42.5 KG/94 LB,consu,consu,True,True,True,True,SHARED,Ferretería,PHYSICAL_GOOD,HIGH_CONFIDENCE,KEEP,Already Goods and name is not a service
1576,Microonda 21 L American 700-900 VATIOS,consu,consu,True,True,True,True,SHARED,Ferretería,PHYSICAL_GOOD,DETERMINISTIC,KEEP,"Physical material, merchandise, food or tool"
58,MICROONDA 21 L TECNOMASTER 700-900 VATIOS,consu,consu,True,True,True,True,SHARED,,PHYSICAL_GOOD,DETERMINISTIC,KEEP,"Physical material, merchandise, food or tool"
1547,Microondas American HMG-70 | 21 Litros,consu,consu,True,True,True,True,SHARED,Electrodomésticos,PHYSICAL_GOOD,DETERMINISTIC,KEEP,"Physical material, merchandise, food or tool"
1542,Microondas Digital Whirlpool 0.9' Ft,consu,consu,True,True,True,True,SHARED,Electrodomésticos,PHYSICAL_GOOD,DETERMINISTIC,KEEP,"Physical material, merchandise, food or tool"
1103,MINI PORTA ROLO,consu,consu,True,True,True,True,SHARED,Ferretería,PHYSICAL_GOOD,HIGH_CONFIDENCE,KEEP,Already Goods and name is not a service
766,MINI PORTA ROLO CON JAULA,consu,consu,True,True,True,True,SHARED,Ferretería,PHYSICAL_GOOD,HIGH_CONFIDENCE,KEEP,Already Goods and name is not a service
385,Minirolo CON MOTA 2,consu,consu,True,True,True,True,SHARED,Ferretería,PHYSICAL_GOOD,HIGH_CONFIDENCE,KEEP,Already Goods and name is not a service
1445,Minirolo DE 2'',consu,consu,True,True,True,True,SHARED,Ferretería,PHYSICAL_GOOD,HIGH_CONFIDENCE,KEEP,Already Goods and name is not a service
1391,Minirolos Con Base,consu,consu,True,True,True,True,SHARED,Ferretería,PHYSICAL_GOOD,HIGH_CONFIDENCE,KEEP,Already Goods and name is not a service
1459,Mocheta Muro,consu,consu,True,True,True,True,SHARED,Ferretería,PHYSICAL_GOOD,HIGH_CONFIDENCE,KEEP,Already Goods and name is not a service
633,Mocheta Y Canto (1 Hueco),consu,consu,True,True,True,True,SHARED,Ferretería,PHYSICAL_GOOD,HIGH_CONFIDENCE,KEEP,Already Goods and name is not a service
503,Mocheta Y Canto Muro (pandereta) En Sheetrock,consu,consu,True,True,True,True,SHARED,Ferretería,PHYSICAL_GOOD,HIGH_CONFIDENCE,KEEP,Already Goods and name is not a service
1271,"Monitor AOC 27"" 27G4H, Gaming, FHD (1920 X 1080) 200HZ, PANEL FAST IPS, 0.3 MS,",consu,consu,True,True,True,True,SHARED,Tecnología,PHYSICAL_GOOD,HIGH_CONFIDENCE,KEEP,Already Goods and name is not a service
1013,Monomando LAVAM SML,consu,consu,True,True,True,True,SHARED,Ferretería,PHYSICAL_GOOD,HIGH_CONFIDENCE,KEEP,Already Goods and name is not a service
589,Mortero P/panete NORMAL100L P.50 NORMAL (A-12) Antillana,consu,consu,True,True,True,True,SHARED,Ferretería,PHYSICAL_GOOD,HIGH_CONFIDENCE,KEEP,Already Goods and name is not a service
965,MOTA 6'' Anti-gota LANCO,consu,consu,True,True,True,True,SHARED,Ferretería,PHYSICAL_GOOD,HIGH_CONFIDENCE,KEEP,Already Goods and name is not a service
658,MOTA 9'',consu,consu,True,True,True,True,SHARED,Ferretería,PHYSICAL_GOOD,HIGH_CONFIDENCE,KEEP,Already Goods and name is not a service
765,MOTA Antigota NO. 4'',consu,consu,True,True,True,True,SHARED,Ferretería,PHYSICAL_GOOD,HIGH_CONFIDENCE,KEEP,Already Goods and name is not a service
1344,Mota Anti-goteo 10mm,consu,consu,True,True,True,True,SHARED,Ferretería,PHYSICAL_GOOD,HIGH_CONFIDENCE,KEEP,Already Goods and name is not a service
762,MOTA ATLAS 1 1/4 BLANCA 723/200,consu,consu,True,True,True,True,SHARED,Ferretería,PHYSICAL_GOOD,HIGH_CONFIDENCE,KEEP,Already Goods and name is not a service
128,"MOTA LANCO 9""X1 1/4""",consu,consu,True,True,True,True,SHARED,,PHYSICAL_GOOD,HIGH_CONFIDENCE,KEEP,Already Goods and name is not a service
756,MOTA LANCO 9''X1 1/4'',consu,consu,True,True,True,True,SHARED,Ferretería,PHYSICAL_GOOD,HIGH_CONFIDENCE,KEEP,Already Goods and name is not a service
738,MOTA Microfibra 9'' X 3/8'' FAN89 BYP,consu,consu,True,True,True,True,SHARED,Ferretería,PHYSICAL_GOOD,HIGH_CONFIDENCE,KEEP,Already Goods and name is not a service
85,"MOTA MICROFIBRA 9"" X 3/8"" FAN89 BYP",consu,consu,True,True,True,True,SHARED,,PHYSICAL_GOOD,HIGH_CONFIDENCE,KEEP,Already Goods and name is not a service
1003,MOTA ROLO 4,consu,consu,True,True,True,True,SHARED,Ferretería,PHYSICAL_GOOD,HIGH_CONFIDENCE,KEEP,Already Goods and name is not a service
386,MOTA ROLO Antigota 4,consu,consu,True,True,True,True,SHARED,Ferretería,PHYSICAL_GOOD,HIGH_CONFIDENCE,KEEP,Already Goods and name is not a service
1202,MOTA RUGOSA 23cm PELO Sintetico TRUPER,consu,consu,True,True,True,True,SHARED,Herramientas,PHYSICAL_GOOD,HIGH_CONFIDENCE,KEEP,Already Goods and name is not a service
235,MOTAS Antigotas 9'' EM,consu,consu,True,True,True,True,SHARED,Ferretería,PHYSICAL_GOOD,HIGH_CONFIDENCE,KEEP,Already Goods and name is not a service
1002,MOTAS DE ROLO 9'',consu,consu,True,True,True,True,SHARED,Ferretería,PHYSICAL_GOOD,HIGH_CONFIDENCE,KEEP,Already Goods and name is not a service
382,MOTAS DE ROLO PARA PINTAR 9'',consu,consu,True,True,True,True,SHARED,Ferretería,PHYSICAL_GOOD,HIGH_CONFIDENCE,KEEP,Already Goods and name is not a service
1005,"Motosierra 18"" 45.7CC 2.82HP Husqvarna",consu,consu,True,True,True,True,SHARED,Herramientas,PHYSICAL_GOOD,HIGH_CONFIDENCE,KEEP,Already Goods and name is not a service
1150,Motosierra 18”48cc 2.4hp Gasoli. 2T,consu,consu,True,True,True,True,SHARED,Herramientas,PHYSICAL_GOOD,HIGH_CONFIDENCE,KEEP,Already Goods and name is not a service
1006,"Motosierra 20"" 59.8CC 4.3HP Husqvarna",consu,consu,True,True,True,True,SHARED,Herramientas,PHYSICAL_GOOD,HIGH_CONFIDENCE,KEEP,Already Goods and name is not a service
1007,"Motosierra 24"" 94CC 6.6HP S/cadena Husqvarna",consu,consu,True,True,True,True,SHARED,Herramientas,PHYSICAL_GOOD,HIGH_CONFIDENCE,KEEP,Already Goods and name is not a service
1011,MUEBLE BAÑO MDF BLANCO + LAV,consu,consu,True,True,True,True,SHARED,Ferretería,PHYSICAL_GOOD,HIGH_CONFIDENCE,KEEP,Already Goods and name is not a service
1045,Multimetro Digital TRUPER MUT-202,consu,consu,True,True,True,True,SHARED,Herramientas,PHYSICAL_GOOD,HIGH_CONFIDENCE,KEEP,Already Goods and name is not a service
1458,Muro En Sheetrock,consu,consu,True,True,True,True,SHARED,Ferretería,PHYSICAL_GOOD,HIGH_CONFIDENCE,KEEP,Already Goods and name is not a service
502,Muro (pandereta) En Sheetrock,consu,consu,True,True,True,True,SHARED,Ferretería,PHYSICAL_GOOD,HIGH_CONFIDENCE,KEEP,Already Goods and name is not a service
1417,Navaja Plastica Pretul 22405,consu,consu,True,True,True,True,SHARED,Ferretería,PHYSICAL_GOOD,HIGH_CONFIDENCE,KEEP,Already Goods and name is not a service
1112,NEGRO 53 Positivo 'pintura Contractor Tropical,consu,consu,True,True,True,True,SHARED,Pinturas,PHYSICAL_GOOD,DETERMINISTIC,KEEP,"Physical material, merchandise, food or tool"
1569,Neumatico 215/65R17 Annaite,consu,consu,True,True,True,True,SHARED,Neumáticos,PHYSICAL_GOOD,DETERMINISTIC,KEEP,"Physical material, merchandise, food or tool"
1568,Neumaticos 215/75R17.5 Annaite,consu,consu,True,True,True,True,SHARED,Neumáticos,PHYSICAL_GOOD,DETERMINISTIC,KEEP,"Physical material, merchandise, food or tool"
1565,Neumaticos 255/70R16 Annaite LT AN616,consu,consu,True,True,True,True,SHARED,Neumáticos,PHYSICAL_GOOD,DETERMINISTIC,KEEP,"Physical material, merchandise, food or tool"
1566,Neumaticos 265/60R18 Annaite,consu,consu,True,True,True,True,SHARED,Neumáticos,PHYSICAL_GOOD,DETERMINISTIC,KEEP,"Physical material, merchandise, food or tool"
1564,Neumaticos 265/65R17 Annaite AN906.AT,consu,consu,True,True,True,True,SHARED,Neumáticos,PHYSICAL_GOOD,DETERMINISTIC,KEEP,"Physical material, merchandise, food or tool"
1567,Neumaticos 7.00R16 Firestone,consu,consu,True,True,True,True,SHARED,Neumáticos,PHYSICAL_GOOD,DETERMINISTIC,KEEP,"Physical material, merchandise, food or tool"
1255,Neutralizantes DE MALOS OLORES LIMA,consu,consu,True,True,True,True,SHARED,Ferretería,PHYSICAL_GOOD,HIGH_CONFIDENCE,KEEP,Already Goods and name is not a service
1610,"NEVERA Ejecutiva Nedoca, 4 P.C.,1 PUERTA",consu,consu,True,True,True,True,SHARED,Electrodomésticos,PHYSICAL_GOOD,DETERMINISTIC,KEEP,"Physical material, merchandise, food or tool"
1609,NEVERA Frigidaire 12 P.C. 2 Puertas,consu,consu,True,True,True,True,SHARED,Electrodomésticos,PHYSICAL_GOOD,DETERMINISTIC,KEEP,"Physical material, merchandise, food or tool"
1535,Nevera MIDEA 10'',consu,consu,True,True,True,True,SHARED,Electrodomésticos,PHYSICAL_GOOD,DETERMINISTIC,KEEP,"Physical material, merchandise, food or tool"
152,NEVERA MIDEA 10 PIES,consu,consu,True,True,True,True,SHARED,,PHYSICAL_GOOD,DETERMINISTIC,KEEP,"Physical material, merchandise, food or tool"
1211,"NEVERA PARA HIELO GRIS, Ruedas, ASA, 70QT IGLOO",consu,consu,True,True,True,True,SHARED,Electrodomésticos,PHYSICAL_GOOD,DETERMINISTIC,KEEP,"Physical material, merchandise, food or tool"
55,NEVERA TECNOMASTER 10 PC,consu,consu,True,True,True,True,SHARED,,PHYSICAL_GOOD,DETERMINISTIC,KEEP,"Physical material, merchandise, food or tool"
1668,NIEVE SECA -AISLANTE FOAM ABRO,consu,consu,True,True,True,True,SHARED,,PHYSICAL_GOOD,HIGH_CONFIDENCE,KEEP,Already Goods and name is not a service
737,NIPLE COBRE NIQ 1/2'' X 3'' 25866 Eastman,consu,consu,True,True,True,True,SHARED,Ferretería,PHYSICAL_GOOD,HIGH_CONFIDENCE,KEEP,Already Goods and name is not a service
81,"NIPLE COBRE NIQ 1/2"" X 3"" 25866 EASTMAN",consu,consu,True,True,True,True,SHARED,,PHYSICAL_GOOD,HIGH_CONFIDENCE,KEEP,Already Goods and name is not a service
795,NIPLE HG Galv.1/2'' X 21/2'',consu,consu,True,True,True,True,SHARED,Ferretería,PHYSICAL_GOOD,HIGH_CONFIDENCE,KEEP,Already Goods and name is not a service
967,"NIVEL GRANDE KENDO MODELO 35256 DE 48""",consu,consu,True,True,True,True,SHARED,Ferretería,PHYSICAL_GOOD,HIGH_CONFIDENCE,KEEP,Already Goods and name is not a service
594,"NIVEL Mediano KENDO MODELO 35256 DE 32""",consu,consu,True,True,True,True,SHARED,Ferretería,PHYSICAL_GOOD,HIGH_CONFIDENCE,KEEP,Already Goods and name is not a service
595,Odometro MEDIR Distancia METRO 15830 TRUPER,consu,consu,True,True,True,True,SHARED,Herramientas,PHYSICAL_GOOD,HIGH_CONFIDENCE,KEEP,Already Goods and name is not a service
1141,OJOS Moviles P/ Manualidades 10MM 60/1,consu,consu,True,True,True,True,SHARED,Ferretería,PHYSICAL_GOOD,HIGH_CONFIDENCE,KEEP,Already Goods and name is not a service
859,OREGON GRIS 45X45,consu,consu,True,True,True,True,SHARED,Ferretería,PHYSICAL_GOOD,HIGH_CONFIDENCE,KEEP,Already Goods and name is not a service
69,ORINAL ARRECIFE ENT SUP BLANCO,consu,consu,True,True,True,True,SHARED,,PHYSICAL_GOOD,DETERMINISTIC,KEEP,"Physical material, merchandise, food or tool"
1672,"ORNILLOS DIABLITO 10 X 11/2"" NEGRO FIERO",consu,consu,True,True,True,True,SHARED,,PHYSICAL_GOOD,HIGH_CONFIDENCE,KEEP,Already Goods and name is not a service
732,OXIDO NEGRO GL DOM,consu,consu,True,True,True,True,SHARED,Ferretería,PHYSICAL_GOOD,HIGH_CONFIDENCE,KEEP,Already Goods and name is not a service
620,PAB2612 PINO AMER BRUTO 336 PIES 2.0x06x12 American,consu,consu,True,True,True,True,SHARED,Ferretería,PHYSICAL_GOOD,HIGH_CONFIDENCE,KEEP,Already Goods and name is not a service
960,PALA Cuadrada Tramotina,consu,consu,True,True,True,True,SHARED,Ferretería,PHYSICAL_GOOD,HIGH_CONFIDENCE,KEEP,Already Goods and name is not a service
1078,PALA Cuadrada TRUPER,consu,consu,True,True,True,True,SHARED,Herramientas,PHYSICAL_GOOD,HIGH_CONFIDENCE,KEEP,Already Goods and name is not a service
358,PALA Cuadrada TRUPER 17161,consu,consu,True,True,True,True,SHARED,Herramientas,PHYSICAL_GOOD,HIGH_CONFIDENCE,KEEP,Already Goods and name is not a service
596,PALA DE CORTE C/mango 77424/404 Tramontina,consu,consu,True,True,True,True,SHARED,Ferretería,PHYSICAL_GOOD,HIGH_CONFIDENCE,KEEP,Already Goods and name is not a service
360,PALA DE CORTE TRUPER 17162,consu,consu,True,True,True,True,SHARED,Herramientas,PHYSICAL_GOOD,HIGH_CONFIDENCE,KEEP,Already Goods and name is not a service
1082,PALA Pequeña TRUPER,consu,consu,True,True,True,True,SHARED,Herramientas,PHYSICAL_GOOD,HIGH_CONFIDENCE,KEEP,Already Goods and name is not a service
597,PALA Redonda C/mango 17160PRY-P TRUPER,consu,consu,True,True,True,True,SHARED,Herramientas,PHYSICAL_GOOD,HIGH_CONFIDENCE,KEEP,Already Goods and name is not a service
1081,PALA Redonda CON MANGO DE MADERA TRUPER,consu,consu,True,True,True,True,SHARED,Herramientas,PHYSICAL_GOOD,HIGH_CONFIDENCE,KEEP,Already Goods and name is not a service
359,PALA Redonda TRUPER,consu,consu,True,True,True,True,SHARED,Herramientas,PHYSICAL_GOOD,HIGH_CONFIDENCE,KEEP,Already Goods and name is not a service
1464,PALA TRUPER PALY-14 GRANOS Aluminio,consu,consu,True,True,True,True,SHARED,Herramientas,PHYSICAL_GOOD,HIGH_CONFIDENCE,KEEP,Already Goods and name is not a service
1267,PALOS DE ESCOBA,consu,consu,True,True,True,True,SHARED,Ferretería,PHYSICAL_GOOD,HIGH_CONFIDENCE,KEEP,Already Goods and name is not a service
1247,PALOS PARA Cortina,consu,consu,True,True,True,True,SHARED,Ferretería,PHYSICAL_GOOD,HIGH_CONFIDENCE,KEEP,Already Goods and name is not a service
177,Pandereta En Sheetrock,consu,consu,True,True,True,True,SHARED,Ferretería,PHYSICAL_GOOD,HIGH_CONFIDENCE,KEEP,Already Goods and name is not a service
306,PANEL 6-12 CIR TL612 G.E,consu,consu,True,True,True,True,SHARED,Ferretería,PHYSICAL_GOOD,HIGH_CONFIDENCE,KEEP,Already Goods and name is not a service
1473,PANEL BOARD NEMA 3-R (amperes Industrial DE 3 POLOS),consu,consu,True,True,True,True,SHARED,Ferretería,PHYSICAL_GOOD,HIGH_CONFIDENCE,KEEP,Already Goods and name is not a service
1057,PANEL Cuadrado LED 2X2 40W 6000K,consu,consu,True,True,True,True,SHARED,Material eléctrico,PHYSICAL_GOOD,HIGH_CONFIDENCE,KEEP,Already Goods and name is not a service
1475,PANEL LED 2X4 65W,consu,consu,True,True,True,True,SHARED,Material eléctrico,PHYSICAL_GOOD,HIGH_CONFIDENCE,KEEP,Already Goods and name is not a service
982,Pañete,consu,consu,True,True,True,True,SHARED,Ferretería,PHYSICAL_GOOD,HIGH_CONFIDENCE,KEEP,Already Goods and name is not a service
1278,PAPEL BOND 8.5X11 ABBY Premiun RESMA,consu,consu,True,True,True,True,SHARED,Oficina,PHYSICAL_GOOD,HIGH_CONFIDENCE,KEEP,Already Goods and name is not a service
1136,PAPEL CREPE META (50x200) CM,consu,consu,True,True,True,True,SHARED,Oficina,PHYSICAL_GOOD,HIGH_CONFIDENCE,KEEP,Already Goods and name is not a service
1425,"PAPEL FILM 18""",consu,consu,True,True,True,True,SHARED,Oficina,PHYSICAL_GOOD,HIGH_CONFIDENCE,KEEP,Already Goods and name is not a service
1135,PAPEL FOAMI 10/1 Colores Surtidos,consu,consu,True,True,True,True,SHARED,Oficina,PHYSICAL_GOOD,HIGH_CONFIDENCE,KEEP,Already Goods and name is not a service
911,"PAPEL Higienico NATURA BLANCO PARA BAÑO JUMBO 700 FTS, FARDOS DE 12/1 (1 Espliego SIN",consu,consu,True,True,True,True,SHARED,Oficina,PHYSICAL_GOOD,HIGH_CONFIDENCE,KEEP,Already Goods and name is not a service
1709,PAPEL HIGUIENICO PARA DISPENSADOR DE BAÑO,consu,consu,True,True,True,True,SHARED,,PHYSICAL_GOOD,HIGH_CONFIDENCE,KEEP,Already Goods and name is not a service
694,PAPEL Plastico 18X15000 Stretch FILM,consu,consu,True,True,True,True,SHARED,Oficina,PHYSICAL_GOOD,HIGH_CONFIDENCE,KEEP,Already Goods and name is not a service
473,PAPEL Plastico EN ROLLO 18X15000 Stretch FILM,consu,consu,True,True,True,True,SHARED,Oficina,PHYSICAL_GOOD,HIGH_CONFIDENCE,KEEP,Already Goods and name is not a service
1286,PAPEL PUNTO DE VENTAS TRES PARTES,consu,consu,True,True,True,True,SHARED,Oficina,PHYSICAL_GOOD,HIGH_CONFIDENCE,KEEP,Already Goods and name is not a service
912,"PAPEL TOALLA SLIM ROLL 6/580""1, SCOOT",consu,consu,True,True,True,True,SHARED,Oficina,PHYSICAL_GOOD,HIGH_CONFIDENCE,KEEP,Already Goods and name is not a service
635,Paral De Metal 2 1/2,consu,consu,True,True,True,True,SHARED,Ferretería,PHYSICAL_GOOD,HIGH_CONFIDENCE,KEEP,Already Goods and name is not a service
459,PAR Bisagras DE Presion CAOBA AC,consu,consu,True,True,True,True,SHARED,Ferretería,PHYSICAL_GOOD,HIGH_CONFIDENCE,KEEP,Already Goods and name is not a service
1138,Parchis Clasico,consu,consu,True,True,True,True,SHARED,Ferretería,PHYSICAL_GOOD,HIGH_CONFIDENCE,KEEP,Already Goods and name is not a service
1421,Pares De Guantes Mediano Dielectricos Para 30kv,consu,consu,True,True,True,True,SHARED,Ferretería,PHYSICAL_GOOD,HIGH_CONFIDENCE,KEEP,Already Goods and name is not a service
691,PASTA Acrilica CANO BLANCA (32 OZ) 1/4,consu,consu,True,True,True,True,SHARED,Ferretería,PHYSICAL_GOOD,HIGH_CONFIDENCE,KEEP,Already Goods and name is not a service
692,PASTA Acrilica CANO MARRON (32 OZ) 1/4,consu,consu,True,True,True,True,SHARED,Ferretería,PHYSICAL_GOOD,HIGH_CONFIDENCE,KEEP,Already Goods and name is not a service
1525,PASTA DE TOMATE Victorina 8 OZ 24/1,consu,consu,True,True,True,True,SHARED,Ferretería,PHYSICAL_GOOD,HIGH_CONFIDENCE,KEEP,Already Goods and name is not a service
30,PEAJE (Agosto-Diciembre) y horas fuera de proyecto — total documento PDF,service,service,True,True,False,False,SHARED,,SERVICE,HIGH_CONFIDENCE,KEEP,"Construction/haulage/petty-cash activity, not a SKU"
891,PECHA DE Cometida,consu,consu,True,True,True,True,SHARED,Ferretería,PHYSICAL_GOOD,HIGH_CONFIDENCE,KEEP,Already Goods and name is not a service
862,PEGA FORTE BLANCO,consu,consu,True,True,True,True,SHARED,Ferretería,PHYSICAL_GOOD,HIGH_CONFIDENCE,KEEP,Already Goods and name is not a service
725,Pegatod Pegamento GRIS,consu,consu,True,True,True,True,SHARED,Ferretería,PHYSICAL_GOOD,HIGH_CONFIDENCE,KEEP,Already Goods and name is not a service
1140,PELOTA Inflable Multicolor,consu,consu,True,True,True,True,SHARED,Ferretería,PHYSICAL_GOOD,HIGH_CONFIDENCE,KEEP,Already Goods and name is not a service
528,Penetrante (9.6onz) WD-40,consu,consu,True,True,True,True,SHARED,Ferretería,PHYSICAL_GOOD,HIGH_CONFIDENCE,KEEP,Already Goods and name is not a service
697,Penetrante WD-40,consu,consu,True,True,True,True,SHARED,Ferretería,PHYSICAL_GOOD,HIGH_CONFIDENCE,KEEP,Already Goods and name is not a service
892,PERCHA DE METAL 2/0,consu,consu,True,True,True,True,SHARED,Ferretería,PHYSICAL_GOOD,HIGH_CONFIDENCE,KEEP,Already Goods and name is not a service
53,PERFIL 1 1/2 H.GALV.1.6,consu,consu,True,True,True,True,SHARED,,PHYSICAL_GOOD,HIGH_CONFIDENCE,KEEP,Already Goods and name is not a service
1753,PERFIL 1 1/2 X 1 1/2 (1.5) NEGRO GRUESO,consu,consu,True,True,True,True,SHARED,,PHYSICAL_GOOD,HIGH_CONFIDENCE,KEEP,Already Goods and name is not a service
1755,PERFIL 1 X 1 (1.5)  NEGRO GRUESO,consu,consu,True,True,True,True,SHARED,,PHYSICAL_GOOD,HIGH_CONFIDENCE,KEEP,Already Goods and name is not a service
1749,PERFIL 2 1/2 X 2 1/2  (1.5) NEGRO GRUESO,consu,consu,True,True,True,True,SHARED,,PHYSICAL_GOOD,HIGH_CONFIDENCE,KEEP,Already Goods and name is not a service
1018,PERFIL 2X1 H.GALV.1.6,consu,consu,True,True,True,True,SHARED,Ferretería,PHYSICAL_GOOD,HIGH_CONFIDENCE,KEEP,Already Goods and name is not a service
1748,PERFIL 2 X 2 (1.5) NEGRO,consu,consu,True,True,True,True,SHARED,,PHYSICAL_GOOD,HIGH_CONFIDENCE,KEEP,Already Goods and name is not a service
1017,PERFIL 2X2 H.GALV.1.6,consu,consu,True,True,True,True,SHARED,Ferretería,PHYSICAL_GOOD,HIGH_CONFIDENCE,KEEP,Already Goods and name is not a service
50,PERFIL 2X3 GALV.,consu,consu,True,True,True,True,SHARED,,PHYSICAL_GOOD,HIGH_CONFIDENCE,KEEP,Already Goods and name is not a service
1750,PERFIL 3 X 3 (1.5) NEGRO,consu,consu,True,True,True,True,SHARED,,PHYSICAL_GOOD,HIGH_CONFIDENCE,KEEP,Already Goods and name is not a service
1019,PERFIL 4X4 H.GALV.1.6,consu,consu,True,True,True,True,SHARED,Ferretería,PHYSICAL_GOOD,HIGH_CONFIDENCE,KEEP,Already Goods and name is not a service
1711,PERFIL NEGRO TUBULAR 2X2 3/16 X 20,consu,consu,True,True,True,True,SHARED,,PHYSICAL_GOOD,HIGH_CONFIDENCE,KEEP,Already Goods and name is not a service
1716,PERFIL NEGRO TUBULAR CUADRADO 1 1/2 X 20,consu,consu,True,True,True,True,SHARED,,PHYSICAL_GOOD,HIGH_CONFIDENCE,KEEP,Already Goods and name is not a service
1717,PERFIL NEGRO TUBULAR CUADRADO 1X1 X 20,consu,consu,True,True,True,True,SHARED,,PHYSICAL_GOOD,HIGH_CONFIDENCE,KEEP,Already Goods and name is not a service
1712,PERFIL NEGRO TUBULAR CUADRADO 2 1/2 X 20,consu,consu,True,True,True,True,SHARED,,PHYSICAL_GOOD,HIGH_CONFIDENCE,KEEP,Already Goods and name is not a service
1713,PERFIL NEGRO TUBULAR CUADRADO 3X3 20X3/16,consu,consu,True,True,True,True,SHARED,,PHYSICAL_GOOD,HIGH_CONFIDENCE,KEEP,Already Goods and name is not a service
1304,Perforaddora DOS HOYOS AJUST,consu,consu,True,True,True,True,SHARED,Ferretería,PHYSICAL_GOOD,HIGH_CONFIDENCE,KEEP,Already Goods and name is not a service
959,PICO Tramotina,consu,consu,True,True,True,True,SHARED,Ferretería,PHYSICAL_GOOD,HIGH_CONFIDENCE,KEEP,Already Goods and name is not a service
1083,PICO TRUPER MANGO DE MADERA,consu,consu,True,True,True,True,SHARED,Herramientas,PHYSICAL_GOOD,HIGH_CONFIDENCE,KEEP,Already Goods and name is not a service
357,PICO TRUPER M H,consu,consu,True,True,True,True,SHARED,Herramientas,PHYSICAL_GOOD,HIGH_CONFIDENCE,KEEP,Already Goods and name is not a service
301,PIE DE Alambre STR No.10 AWG THHN,consu,consu,True,True,True,True,SHARED,Ferretería,PHYSICAL_GOOD,DETERMINISTIC,KEEP,"Physical material, merchandise, food or tool"
302,PIE DE Alambre STR No.12 AWG THHN,consu,consu,True,True,True,True,SHARED,Ferretería,PHYSICAL_GOOD,DETERMINISTIC,KEEP,"Physical material, merchandise, food or tool"
1288,PILAS AA,consu,consu,True,True,True,True,SHARED,Ferretería,PHYSICAL_GOOD,HIGH_CONFIDENCE,KEEP,Already Goods and name is not a service
1289,PILAS AAA,consu,consu,True,True,True,True,SHARED,Ferretería,PHYSICAL_GOOD,HIGH_CONFIDENCE,KEEP,Already Goods and name is not a service
1309,PILAS Cuadradas Powerone,consu,consu,True,True,True,True,SHARED,Ferretería,PHYSICAL_GOOD,HIGH_CONFIDENCE,KEEP,Already Goods and name is not a service
243,"Pinceles Windsor & Newton, ROYAL Y Langnikel Y Pricenton (16 UND)",consu,consu,True,True,True,True,SHARED,Ferretería,PHYSICAL_GOOD,HIGH_CONFIDENCE,KEEP,Already Goods and name is not a service
1197,PINCEL PUNTA Redonda CERDA BLANCA DE 10 KEPP Smiling,consu,consu,True,True,True,True,SHARED,Ferretería,PHYSICAL_GOOD,HIGH_CONFIDENCE,KEEP,Already Goods and name is not a service
1201,PINCEL PUNTA Redonda CERDA BLANCA DE 2 KEPP Smiling,consu,consu,True,True,True,True,SHARED,Ferretería,PHYSICAL_GOOD,HIGH_CONFIDENCE,KEEP,Already Goods and name is not a service
1200,PINCEL PUNTA Redonda CERDA BLANCA DE 4 KEPP Smiling,consu,consu,True,True,True,True,SHARED,Ferretería,PHYSICAL_GOOD,HIGH_CONFIDENCE,KEEP,Already Goods and name is not a service
1199,PINCEL PUNTA Redonda CERDA BLANCA DE 6 KEPP Smiling,consu,consu,True,True,True,True,SHARED,Ferretería,PHYSICAL_GOOD,HIGH_CONFIDENCE,KEEP,Already Goods and name is not a service
1198,PINCEL PUNTA Redonda CERDA BLANCA DE 8 KEPP Smiling,consu,consu,True,True,True,True,SHARED,Ferretería,PHYSICAL_GOOD,HIGH_CONFIDENCE,KEEP,Already Goods and name is not a service
619,PINO AMER BRUTO 1680 PIES 1.0x04x12 American,consu,consu,True,True,True,True,SHARED,Ferretería,PHYSICAL_GOOD,HIGH_CONFIDENCE,KEEP,Already Goods and name is not a service
1396,PINTAR Entrada,consu,consu,True,True,True,True,SHARED,Ferretería,PHYSICAL_GOOD,HIGH_CONFIDENCE,KEEP,Already Goods and name is not a service
1397,PINTAR Estribo,consu,consu,True,True,True,True,SHARED,Ferretería,PHYSICAL_GOOD,HIGH_CONFIDENCE,KEEP,Already Goods and name is not a service
1395,PINTAR PUERTA Izquierda,consu,consu,True,True,True,True,SHARED,Ferretería,PHYSICAL_GOOD,HIGH_CONFIDENCE,KEEP,Already Goods and name is not a service
504,Pintura,consu,consu,True,True,True,True,SHARED,Pinturas,PHYSICAL_GOOD,DETERMINISTIC,KEEP,"Physical material, merchandise, food or tool"
659,Pintura Acrilica Amarillo Positivo Popular,consu,consu,True,True,True,True,SHARED,Pinturas,PHYSICAL_GOOD,DETERMINISTIC,KEEP,"Physical material, merchandise, food or tool"
750,Pintura Acrilica Amarillo Positivo Popular PRO,consu,consu,True,True,True,True,SHARED,Pinturas,PHYSICAL_GOOD,DETERMINISTIC,KEEP,"Physical material, merchandise, food or tool"
44,PINTURA ACRILICA AMARILLO POSITIVO POPULAR PRO/TROPICAL,consu,consu,True,True,True,True,SHARED,,PHYSICAL_GOOD,DETERMINISTIC,KEEP,"Physical material, merchandise, food or tool"
652,Pintura Acrilica Amarillo Positivo Tropical/popular,consu,consu,True,True,True,True,SHARED,Pinturas,PHYSICAL_GOOD,DETERMINISTIC,KEEP,"Physical material, merchandise, food or tool"
973,Pintura Acrilica Amarillo Positvo Tropical/popular,consu,consu,True,True,True,True,SHARED,Pinturas,PHYSICAL_GOOD,DETERMINISTIC,KEEP,"Physical material, merchandise, food or tool"
660,Pintura Acrilica AZUL Positivo Popular,consu,consu,True,True,True,True,SHARED,Pinturas,PHYSICAL_GOOD,DETERMINISTIC,KEEP,"Physical material, merchandise, food or tool"
747,Pintura Acrilica AZUL Positivo Popular PRO,consu,consu,True,True,True,True,SHARED,Pinturas,PHYSICAL_GOOD,DETERMINISTIC,KEEP,"Physical material, merchandise, food or tool"
43,PINTURA ACRILICA AZUL POSITIVO POPULAR PRO /TROPICAL,consu,consu,True,True,True,True,SHARED,,PHYSICAL_GOOD,DETERMINISTIC,KEEP,"Physical material, merchandise, food or tool"
649,Pintura Acrilica AZUL Positivo Popular/tropical,consu,consu,True,True,True,True,SHARED,Pinturas,PHYSICAL_GOOD,DETERMINISTIC,KEEP,"Physical material, merchandise, food or tool"
1440,Pintura Acrilica AZUL Positvo,consu,consu,True,True,True,True,SHARED,Pinturas,PHYSICAL_GOOD,DETERMINISTIC,KEEP,"Physical material, merchandise, food or tool"
212,Pintura Acrilica AZUL Positvo Popular,consu,consu,True,True,True,True,SHARED,Pinturas,PHYSICAL_GOOD,DETERMINISTIC,KEEP,"Physical material, merchandise, food or tool"
996,Pintura Acrilica AZUL Positvo Popular/tropical,consu,consu,True,True,True,True,SHARED,Pinturas,PHYSICAL_GOOD,DETERMINISTIC,KEEP,"Physical material, merchandise, food or tool"
970,Pintura Acrilica AZUL Positvo Tropical/popular,consu,consu,True,True,True,True,SHARED,Pinturas,PHYSICAL_GOOD,DETERMINISTIC,KEEP,"Physical material, merchandise, food or tool"
1439,Pintura Acrilica BLANCA,consu,consu,True,True,True,True,SHARED,Pinturas,PHYSICAL_GOOD,DETERMINISTIC,KEEP,"Physical material, merchandise, food or tool"
974,Pintura Acrilica BLANCA 00 Tropical/popular,consu,consu,True,True,True,True,SHARED,Pinturas,PHYSICAL_GOOD,DETERMINISTIC,KEEP,"Physical material, merchandise, food or tool"
945,Pintura Acrilica BLANCA 50 Popular PRO,consu,consu,True,True,True,True,SHARED,Pinturas,PHYSICAL_GOOD,DETERMINISTIC,KEEP,"Physical material, merchandise, food or tool"
213,Pintura Acrilica BLANCA Popular 50,consu,consu,True,True,True,True,SHARED,Pinturas,PHYSICAL_GOOD,DETERMINISTIC,KEEP,"Physical material, merchandise, food or tool"
698,Pintura Acrilica BLANCO 00 Tropical,consu,consu,True,True,True,True,SHARED,Pinturas,PHYSICAL_GOOD,DETERMINISTIC,KEEP,"Physical material, merchandise, food or tool"
84,PINTURA ACRILICA BLANCO 00 TROPICAL 5GL,consu,consu,True,True,True,True,SHARED,,PHYSICAL_GOOD,DETERMINISTIC,KEEP,"Physical material, merchandise, food or tool"
46,PINTURA ACRILICA CONTRACTOR GRIS CLARO 26 POPULAR,consu,consu,True,True,True,True,SHARED,,PHYSICAL_GOOD,DETERMINISTIC,KEEP,"Physical material, merchandise, food or tool"
668,Pintura Acrilica Contractor GRIS CLARO 26 Popular Pro/tropical,consu,consu,True,True,True,True,SHARED,Pinturas,PHYSICAL_GOOD,DETERMINISTIC,KEEP,"Physical material, merchandise, food or tool"
947,Pintura Acrilica Naranja OSCURO Popular PRO,consu,consu,True,True,True,True,SHARED,Pinturas,PHYSICAL_GOOD,DETERMINISTIC,KEEP,"Physical material, merchandise, food or tool"
40,PINTURA ACRILICA NARANJA POSITIVO POPULAR PRO/TROPICAL,consu,consu,True,True,True,True,SHARED,,PHYSICAL_GOOD,DETERMINISTIC,KEEP,"Physical material, merchandise, food or tool"
1465,Pintura Acrilica PARA Exterior 00,consu,consu,True,True,True,True,SHARED,Pinturas,PHYSICAL_GOOD,DETERMINISTIC,KEEP,"Physical material, merchandise, food or tool"
1478,Pintura Acrilica PARA Exterior BLANCA 00 Tropical,consu,consu,True,True,True,True,SHARED,Pinturas,PHYSICAL_GOOD,DETERMINISTIC,KEEP,"Physical material, merchandise, food or tool"
47,PINTURA ACRILICA PARA EXTERIOR BLANCA 50 POPULAR,consu,consu,True,True,True,True,SHARED,,PHYSICAL_GOOD,DETERMINISTIC,KEEP,"Physical material, merchandise, food or tool"
648,Pintura Acrilica PARA Exterior BLANCA 50 POPULAR/00 Tropical,consu,consu,True,True,True,True,SHARED,Pinturas,PHYSICAL_GOOD,DETERMINISTIC,KEEP,"Physical material, merchandise, food or tool"
939,Pintura Acrilica PARA Exterior BLANCA 50 Popular PRO,consu,consu,True,True,True,True,SHARED,Pinturas,PHYSICAL_GOOD,DETERMINISTIC,KEEP,"Physical material, merchandise, food or tool"
669,Pintura Acrilica PARA Exterior BLANCA 50 Popular PRO/00 Tropical,consu,consu,True,True,True,True,SHARED,Pinturas,PHYSICAL_GOOD,DETERMINISTIC,KEEP,"Physical material, merchandise, food or tool"
417,Pintura Acrilica PARA Exterior BLANCA MATE POPULAR/50 Ext-int PRO,consu,consu,True,True,True,True,SHARED,Pinturas,PHYSICAL_GOOD,DETERMINISTIC,KEEP,"Physical material, merchandise, food or tool"
1118,Pintura Acrilica PARA Exterior BLANCO Colonial Popular 66 /tropical 01 PRO,consu,consu,True,True,True,True,SHARED,Pinturas,PHYSICAL_GOOD,DETERMINISTIC,KEEP,"Physical material, merchandise, food or tool"
942,Pintura Acrilica PARA Exterior Naranja OSCURO Popular PRO,consu,consu,True,True,True,True,SHARED,Pinturas,PHYSICAL_GOOD,DETERMINISTIC,KEEP,"Physical material, merchandise, food or tool"
1107,Pintura Acrilica PARA Exterior POPULAR/00,consu,consu,True,True,True,True,SHARED,Pinturas,PHYSICAL_GOOD,DETERMINISTIC,KEEP,"Physical material, merchandise, food or tool"
41,PINTURA ACRILICA ROJO POSITIVO POPULAR PRO/TROPICAL,consu,consu,True,True,True,True,SHARED,,PHYSICAL_GOOD,DETERMINISTIC,KEEP,"Physical material, merchandise, food or tool"
1441,Pintura Acrilica ROJO Positvo,consu,consu,True,True,True,True,SHARED,Pinturas,PHYSICAL_GOOD,DETERMINISTIC,KEEP,"Physical material, merchandise, food or tool"
211,Pintura Acrilica ROJO Positvo Popular,consu,consu,True,True,True,True,SHARED,Pinturas,PHYSICAL_GOOD,DETERMINISTIC,KEEP,"Physical material, merchandise, food or tool"
748,Pintura Acrilica ROJO Positvo Popular PRO,consu,consu,True,True,True,True,SHARED,Pinturas,PHYSICAL_GOOD,DETERMINISTIC,KEEP,"Physical material, merchandise, food or tool"
666,Pintura Acrilica ROJO Positvo Popular Pro/tropical,consu,consu,True,True,True,True,SHARED,Pinturas,PHYSICAL_GOOD,DETERMINISTIC,KEEP,"Physical material, merchandise, food or tool"
650,Pintura Acrilica ROJO Positvo Popular/tropical,consu,consu,True,True,True,True,SHARED,Pinturas,PHYSICAL_GOOD,DETERMINISTIC,KEEP,"Physical material, merchandise, food or tool"
972,Pintura Acrilica ROJO Positvo Tropical/popular,consu,consu,True,True,True,True,SHARED,Pinturas,PHYSICAL_GOOD,DETERMINISTIC,KEEP,"Physical material, merchandise, food or tool"
1577,Pintura Acrilica Superior MATE PARA Exterior Popular,consu,consu,True,True,True,True,SHARED,Pinturas,PHYSICAL_GOOD,DETERMINISTIC,KEEP,"Physical material, merchandise, food or tool"
1551,Pintura Acrílica Superior Mate P/exteriores,consu,consu,True,True,True,True,SHARED,Pinturas,PHYSICAL_GOOD,DETERMINISTIC,KEEP,"Physical material, merchandise, food or tool"
49,PINTURA ACRILICA VERDE LIMON 25 POPULAR PRO/TROPICAL,consu,consu,True,True,True,True,SHARED,,PHYSICAL_GOOD,DETERMINISTIC,KEEP,"Physical material, merchandise, food or tool"
661,Pintura Acrilica VERDE Positivo Popular,consu,consu,True,True,True,True,SHARED,Pinturas,PHYSICAL_GOOD,DETERMINISTIC,KEEP,"Physical material, merchandise, food or tool"
749,Pintura Acrilica VERDE Positivo Popular PRO,consu,consu,True,True,True,True,SHARED,Pinturas,PHYSICAL_GOOD,DETERMINISTIC,KEEP,"Physical material, merchandise, food or tool"
651,Pintura Acrilica VERDE Positivo Tropical/popular,consu,consu,True,True,True,True,SHARED,Pinturas,PHYSICAL_GOOD,DETERMINISTIC,KEEP,"Physical material, merchandise, food or tool"
42,PINTURA ACRILICA VERDE POSITIVO TROPICAL/POPULAR PRO,consu,consu,True,True,True,True,SHARED,,PHYSICAL_GOOD,DETERMINISTIC,KEEP,"Physical material, merchandise, food or tool"
971,Pintura Acrilica VERDE Positvo Tropical/popular,consu,consu,True,True,True,True,SHARED,Pinturas,PHYSICAL_GOOD,DETERMINISTIC,KEEP,"Physical material, merchandise, food or tool"
83,PINTURA ACRIL PORCELANA 90 (5GL) ACRI PORCELA 90 POPULAR,consu,consu,True,True,True,True,SHARED,,PHYSICAL_GOOD,DETERMINISTIC,KEEP,"Physical material, merchandise, food or tool"
1471,Pintura ALTO Transito Amarillo Trafico,consu,consu,True,True,True,True,SHARED,Pinturas,PHYSICAL_GOOD,DETERMINISTIC,KEEP,"Physical material, merchandise, food or tool"
214,Pintura ALTO Transito (amarillo Trafico) Popular,consu,consu,True,True,True,True,SHARED,Pinturas,PHYSICAL_GOOD,DETERMINISTIC,KEEP,"Physical material, merchandise, food or tool"
39,PINTURA ALTO TRANSITO (AMARILLO TRAFICO) POPULAR PRO,consu,consu,True,True,True,True,SHARED,,PHYSICAL_GOOD,DETERMINISTIC,KEEP,"Physical material, merchandise, food or tool"
665,Pintura ALTO Transito (amarillo Trafico) Popular PRO /tropical,consu,consu,True,True,True,True,SHARED,Pinturas,PHYSICAL_GOOD,DETERMINISTIC,KEEP,"Physical material, merchandise, food or tool"
653,Pintura ALTO Transito (amarillo Trafico) Popular/tropical,consu,consu,True,True,True,True,SHARED,Pinturas,PHYSICAL_GOOD,DETERMINISTIC,KEEP,"Physical material, merchandise, food or tool"
968,Pintura ALTO Transito (amarillo Trafico) Tropical/popular,consu,consu,True,True,True,True,SHARED,Pinturas,PHYSICAL_GOOD,DETERMINISTIC,KEEP,"Physical material, merchandise, food or tool"
1472,Pintura ALTO Transito BLANCO Trafico,consu,consu,True,True,True,True,SHARED,Pinturas,PHYSICAL_GOOD,DETERMINISTIC,KEEP,"Physical material, merchandise, food or tool"
662,Pintura ALTO Transito (blanco Trafico) Popular,consu,consu,True,True,True,True,SHARED,Pinturas,PHYSICAL_GOOD,DETERMINISTIC,KEEP,"Physical material, merchandise, food or tool"
654,Pintura ALTO Transito (blanco Trafico) Tropical/popular,consu,consu,True,True,True,True,SHARED,Pinturas,PHYSICAL_GOOD,DETERMINISTIC,KEEP,"Physical material, merchandise, food or tool"
1113,Pintura ALTO Transito Popular Amarillo Trafico,consu,consu,True,True,True,True,SHARED,Pinturas,PHYSICAL_GOOD,DETERMINISTIC,KEEP,"Physical material, merchandise, food or tool"
1114,Pintura ALTO Transito Tropical BLANCO Trafico,consu,consu,True,True,True,True,SHARED,Pinturas,PHYSICAL_GOOD,DETERMINISTIC,KEEP,"Physical material, merchandise, food or tool"
1442,Pintura Amarillo Trafico,consu,consu,True,True,True,True,SHARED,Pinturas,PHYSICAL_GOOD,DETERMINISTIC,KEEP,"Physical material, merchandise, food or tool"
379,Pintura Amarillo Trafico Popular,consu,consu,True,True,True,True,SHARED,Pinturas,PHYSICAL_GOOD,DETERMINISTIC,KEEP,"Physical material, merchandise, food or tool"
997,Pintura Amarillo Trafico Popular/tropical,consu,consu,True,True,True,True,SHARED,Pinturas,PHYSICAL_GOOD,DETERMINISTIC,KEEP,"Physical material, merchandise, food or tool"
422,Pintura Antioxido,consu,consu,True,True,True,True,SHARED,Pinturas,PHYSICAL_GOOD,DETERMINISTIC,KEEP,"Physical material, merchandise, food or tool"
1338,Pintura Azul Glacial 981,consu,consu,True,True,True,True,SHARED,Pinturas,PHYSICAL_GOOD,DETERMINISTIC,KEEP,"Physical material, merchandise, food or tool"
1384,Pintura Azul Positivo 93 Exterior Tropical Plus,consu,consu,True,True,True,True,SHARED,Pinturas,PHYSICAL_GOOD,DETERMINISTIC,KEEP,"Physical material, merchandise, food or tool"
999,Pintura AZUL Positvo Popular/tropical,consu,consu,True,True,True,True,SHARED,Pinturas,PHYSICAL_GOOD,DETERMINISTIC,KEEP,"Physical material, merchandise, food or tool"
1381,Pintura Blanco 00 Interior Tropical Plus,consu,consu,True,True,True,True,SHARED,Pinturas,PHYSICAL_GOOD,DETERMINISTIC,KEEP,"Physical material, merchandise, food or tool"
1383,Pintura Blanco 00 Semigloss Tropical Plus,consu,consu,True,True,True,True,SHARED,Pinturas,PHYSICAL_GOOD,DETERMINISTIC,KEEP,"Physical material, merchandise, food or tool"
1336,Pintura Blanco 50,consu,consu,True,True,True,True,SHARED,Pinturas,PHYSICAL_GOOD,DETERMINISTIC,KEEP,"Physical material, merchandise, food or tool"
1443,Pintura BLANCO Trafico,consu,consu,True,True,True,True,SHARED,Pinturas,PHYSICAL_GOOD,DETERMINISTIC,KEEP,"Physical material, merchandise, food or tool"
998,Pintura BLANCO Trafico Popular/tropical,consu,consu,True,True,True,True,SHARED,Pinturas,PHYSICAL_GOOD,DETERMINISTIC,KEEP,"Physical material, merchandise, food or tool"
380,Pintura BLANCO Trafico Tropical,consu,consu,True,True,True,True,SHARED,Pinturas,PHYSICAL_GOOD,DETERMINISTIC,KEEP,"Physical material, merchandise, food or tool"
1382,Pintura Colonial 66 Acrilica Exterior Tropical Plus,consu,consu,True,True,True,True,SHARED,Pinturas,PHYSICAL_GOOD,DETERMINISTIC,KEEP,"Physical material, merchandise, food or tool"
1337,Pintura Colonial 966,consu,consu,True,True,True,True,SHARED,Pinturas,PHYSICAL_GOOD,DETERMINISTIC,KEEP,"Physical material, merchandise, food or tool"
45,PINTURA CONTRACTOR ACRILICA ROJO TEJA 18 POPULAR,consu,consu,True,True,True,True,SHARED,,PHYSICAL_GOOD,DETERMINISTIC,KEEP,"Physical material, merchandise, food or tool"
667,Pintura Contractor Acrilica ROJO TEJA 18 Popular Pro/tropical,consu,consu,True,True,True,True,SHARED,Pinturas,PHYSICAL_GOOD,DETERMINISTIC,KEEP,"Physical material, merchandise, food or tool"
946,Pintura CREMA Acrlico,consu,consu,True,True,True,True,SHARED,Pinturas,PHYSICAL_GOOD,DETERMINISTIC,KEEP,"Physical material, merchandise, food or tool"
1120,Pintura EN Aerosol NEGRO CON BRILLO 12/1,consu,consu,True,True,True,True,SHARED,Pinturas,PHYSICAL_GOOD,DETERMINISTIC,KEEP,"Physical material, merchandise, food or tool"
1341,Pintura Esmalte Blanca,consu,consu,True,True,True,True,SHARED,Pinturas,PHYSICAL_GOOD,DETERMINISTIC,KEEP,"Physical material, merchandise, food or tool"
1386,Pintura Esmalte Blanca 00 Tropical Plus,consu,consu,True,True,True,True,SHARED,Pinturas,PHYSICAL_GOOD,DETERMINISTIC,KEEP,"Physical material, merchandise, food or tool"
1218,Pintura Esmalte OXIDO NEGRO Tropical,consu,consu,True,True,True,True,SHARED,Pinturas,PHYSICAL_GOOD,DETERMINISTIC,KEEP,"Physical material, merchandise, food or tool"
48,PINTURA ESMALTE PLUS AZUL 54 TROPICA/ POPULAR PRO,consu,consu,True,True,True,True,SHARED,,PHYSICAL_GOOD,DETERMINISTIC,KEEP,"Physical material, merchandise, food or tool"
1339,Pintura Grafito 42,consu,consu,True,True,True,True,SHARED,Pinturas,PHYSICAL_GOOD,DETERMINISTIC,KEEP,"Physical material, merchandise, food or tool"
1385,Pintura Grafito 42 Acrilica Exterior Tropical Plus,consu,consu,True,True,True,True,SHARED,Pinturas,PHYSICAL_GOOD,DETERMINISTIC,KEEP,"Physical material, merchandise, food or tool"
1335,Pintura Gris 26 Claro Acrilica,consu,consu,True,True,True,True,SHARED,Pinturas,PHYSICAL_GOOD,DETERMINISTIC,KEEP,"Physical material, merchandise, food or tool"
381,Pintura GRIS Industrial,consu,consu,True,True,True,True,SHARED,Pinturas,PHYSICAL_GOOD,DETERMINISTIC,KEEP,"Physical material, merchandise, food or tool"
1000,Pintura GRIS Industrial Popular/tropical,consu,consu,True,True,True,True,SHARED,Pinturas,PHYSICAL_GOOD,DETERMINISTIC,KEEP,"Physical material, merchandise, food or tool"
1342,Pintura Gris Perla Esmalte,consu,consu,True,True,True,True,SHARED,Pinturas,PHYSICAL_GOOD,DETERMINISTIC,KEEP,"Physical material, merchandise, food or tool"
1470,Pintura 'NEGRO Contractor Positivo,consu,consu,True,True,True,True,SHARED,Pinturas,PHYSICAL_GOOD,DETERMINISTIC,KEEP,"Physical material, merchandise, food or tool"
663,Pintura NEGRO Positivo,consu,consu,True,True,True,True,SHARED,Pinturas,PHYSICAL_GOOD,DETERMINISTIC,KEEP,"Physical material, merchandise, food or tool"
1027,Pintura OXIDO GRIS Tropical GALON,consu,consu,True,True,True,True,SHARED,Pinturas,PHYSICAL_GOOD,DETERMINISTIC,KEEP,"Physical material, merchandise, food or tool"
64,PINTURA OXIDO NEGRO,consu,consu,True,True,True,True,SHARED,,PHYSICAL_GOOD,DETERMINISTIC,KEEP,"Physical material, merchandise, food or tool"
1119,Pintura Popular Esmalte GRIS ARENA 62,consu,consu,True,True,True,True,SHARED,Pinturas,PHYSICAL_GOOD,DETERMINISTIC,KEEP,"Physical material, merchandise, food or tool"
418,Pintura Popular Esmalte GRIS PLATA,consu,consu,True,True,True,True,SHARED,Pinturas,PHYSICAL_GOOD,DETERMINISTIC,KEEP,"Physical material, merchandise, food or tool"
207,Pintura Popular Ext-int PRO ARENA 23,consu,consu,True,True,True,True,SHARED,Pinturas,PHYSICAL_GOOD,DETERMINISTIC,KEEP,"Physical material, merchandise, food or tool"
206,Pintura Popular Ext-int PRO BLANCO 50,consu,consu,True,True,True,True,SHARED,Pinturas,PHYSICAL_GOOD,DETERMINISTIC,KEEP,"Physical material, merchandise, food or tool"
93,PINTURA PRO SEMIGLOSS (POP) PORCELANA 90 5 GL,consu,consu,True,True,True,True,SHARED,,PHYSICAL_GOOD,DETERMINISTIC,KEEP,"Physical material, merchandise, food or tool"
993,Pinturas Acrilicas General (dos Mano),consu,consu,True,True,True,True,SHARED,Pinturas,PHYSICAL_GOOD,DETERMINISTIC,KEEP,"Physical material, merchandise, food or tool"
92,PINTURA SEMI CONTRACTOR BLANCO 00 1 GL,consu,consu,True,True,True,True,SHARED,,PHYSICAL_GOOD,DETERMINISTIC,KEEP,"Physical material, merchandise, food or tool"
90,PINTURA SEMI CONTRACTOR MARMOL 939 1 GL,consu,consu,True,True,True,True,SHARED,,PHYSICAL_GOOD,DETERMINISTIC,KEEP,"Physical material, merchandise, food or tool"
91,PINTURA SEMI CONTRACTOR MARMOL 939 5 GL,consu,consu,True,True,True,True,SHARED,,PHYSICAL_GOOD,DETERMINISTIC,KEEP,"Physical material, merchandise, food or tool"
1460,Pintura Semi-gloss,consu,consu,True,True,True,True,SHARED,Pinturas,PHYSICAL_GOOD,DETERMINISTIC,KEEP,"Physical material, merchandise, food or tool"
505,Pintura Semi-gloss (dos Manos),consu,consu,True,True,True,True,SHARED,Pinturas,PHYSICAL_GOOD,DETERMINISTIC,KEEP,"Physical material, merchandise, food or tool"
233,Pintura Sherwin Williams DE 1/4 (SW 7558),consu,consu,True,True,True,True,SHARED,Pinturas,PHYSICAL_GOOD,DETERMINISTIC,KEEP,"Physical material, merchandise, food or tool"
608,Pintura SPRAY ROJO CHINO 23 Scarlata Smartlife,consu,consu,True,True,True,True,SHARED,Pinturas,PHYSICAL_GOOD,DETERMINISTIC,KEEP,"Physical material, merchandise, food or tool"
1340,Pintura Trafico Amarillo,consu,consu,True,True,True,True,SHARED,Pinturas,PHYSICAL_GOOD,DETERMINISTIC,KEEP,"Physical material, merchandise, food or tool"
1387,Pintura Trafico Blanco,consu,consu,True,True,True,True,SHARED,Pinturas,PHYSICAL_GOOD,DETERMINISTIC,KEEP,"Physical material, merchandise, food or tool"
1552,Pintura Trafico Esmalte CANO,consu,consu,True,True,True,True,SHARED,Pinturas,PHYSICAL_GOOD,DETERMINISTIC,KEEP,"Physical material, merchandise, food or tool"
89,PINTURA TRAFIC PAINT AMARILLO 1 GL,consu,consu,True,True,True,True,SHARED,,PHYSICAL_GOOD,DETERMINISTIC,KEEP,"Physical material, merchandise, food or tool"
208,Pintura Tropical Contractor NEGRO 53 Positivo,consu,consu,True,True,True,True,SHARED,Pinturas,PHYSICAL_GOOD,DETERMINISTIC,KEEP,"Physical material, merchandise, food or tool"
447,Pinturatropical ULTRA Esmalte NEGRO MATE,consu,consu,True,True,True,True,SHARED,Pinturas,PHYSICAL_GOOD,DETERMINISTIC,KEEP,"Physical material, merchandise, food or tool"
419,Pintura Tropical ULTRA Esmalte NEGRO MATE,consu,consu,True,True,True,True,SHARED,Pinturas,PHYSICAL_GOOD,DETERMINISTIC,KEEP,"Physical material, merchandise, food or tool"
478,PINZA DE CORTE Diagonal 8,consu,consu,True,True,True,True,SHARED,Ferretería,PHYSICAL_GOOD,DETERMINISTIC,KEEP,"Physical material, merchandise, food or tool"
539,PINZA DE CORTE PICO LARGO 8 10306 KENDO,consu,consu,True,True,True,True,SHARED,Ferretería,PHYSICAL_GOOD,DETERMINISTIC,KEEP,"Physical material, merchandise, food or tool"
1495,PINZA DE CORTE PUNTA LARGA 8'' 84-102 Stanley,consu,consu,True,True,True,True,SHARED,Ferretería,PHYSICAL_GOOD,DETERMINISTIC,KEEP,"Physical material, merchandise, food or tool"
121,"PINZA DE CORTE PUNTA LARGA 8"" 84-102 STANLEY",consu,consu,True,True,True,True,SHARED,,PHYSICAL_GOOD,DETERMINISTIC,KEEP,"Physical material, merchandise, food or tool"
1413,"Pinza De Extencion 13""truper",consu,consu,True,True,True,True,SHARED,Herramientas,PHYSICAL_GOOD,HIGH_CONFIDENCE,KEEP,Already Goods and name is not a service
119,"PINZA DE EXTENSION 10"" TRUPER",consu,consu,True,True,True,True,SHARED,,PHYSICAL_GOOD,DETERMINISTIC,KEEP,"Physical material, merchandise, food or tool"
599,PINZA DE PUNTA 8 PRETUL 22627,consu,consu,True,True,True,True,SHARED,Ferretería,PHYSICAL_GOOD,HIGH_CONFIDENCE,KEEP,Already Goods and name is not a service
1044,"PINZA DE PUNTA CURVA 6"" TRUPER 17337",consu,consu,True,True,True,True,SHARED,Herramientas,PHYSICAL_GOOD,HIGH_CONFIDENCE,KEEP,Already Goods and name is not a service
120,"PINZA LAGARTO 10"" TRUPER",consu,consu,True,True,True,True,SHARED,,PHYSICAL_GOOD,DETERMINISTIC,KEEP,"Physical material, merchandise, food or tool"
530,Pistola Mecanica PARA Sopletear PISO-1 TRUPER,consu,consu,True,True,True,True,SHARED,Herramientas,PHYSICAL_GOOD,HIGH_CONFIDENCE,KEEP,Already Goods and name is not a service
489,Pistola PARA PINTAR TRUPER COD.1900,consu,consu,True,True,True,True,SHARED,Herramientas,PHYSICAL_GOOD,HIGH_CONFIDENCE,KEEP,Already Goods and name is not a service
1515,Pizarras DE TIZA PARA AULA 190 Cm X 120cm,consu,consu,True,True,True,True,SHARED,Ferretería,PHYSICAL_GOOD,HIGH_CONFIDENCE,KEEP,Already Goods and name is not a service
1737,PLACA P/ TOMA CORRIENTE DOBLE PLASTICA,consu,consu,True,True,True,True,SHARED,,PHYSICAL_GOOD,HIGH_CONFIDENCE,KEEP,Already Goods and name is not a service
601,PLANA P/albañil 7'' 45204 KENDO,consu,consu,True,True,True,True,SHARED,Ferretería,PHYSICAL_GOOD,HIGH_CONFIDENCE,KEEP,Already Goods and name is not a service
1629,"PLANCHA DE ALUMINIO LISO , 3MMM DE EXPRESOR",consu,consu,True,True,True,True,SHARED,,PHYSICAL_GOOD,HIGH_CONFIDENCE,KEEP,Already Goods and name is not a service
1658,PLANCHA DE MELAMINA 15 MM DE ESPESOR,consu,consu,True,True,True,True,SHARED,,PHYSICAL_GOOD,HIGH_CONFIDENCE,KEEP,Already Goods and name is not a service
1621,PLANCHA DE MELAMINA 15 MM DE ESPRESOR,consu,consu,True,True,True,True,SHARED,,PHYSICAL_GOOD,HIGH_CONFIDENCE,KEEP,Already Goods and name is not a service
1619,PLANCHA DE MELAMINA 15 MM DE ESPRESOR,consu,consu,True,True,True,True,SHARED,,PHYSICAL_GOOD,HIGH_CONFIDENCE,KEEP,Already Goods and name is not a service
1655,PLANCHA DE MELAMINA 18 MM DE ESPESOR,consu,consu,True,True,True,True,SHARED,,PHYSICAL_GOOD,HIGH_CONFIDENCE,KEEP,Already Goods and name is not a service
1620,PLANCHA DE MELAMINA 18 MM DE ESPRESOR,consu,consu,True,True,True,True,SHARED,,PHYSICAL_GOOD,HIGH_CONFIDENCE,KEEP,Already Goods and name is not a service
1618,PLANCHA DE MELAMINA 18 MM DE ESPRESOR,consu,consu,True,True,True,True,SHARED,,PHYSICAL_GOOD,HIGH_CONFIDENCE,KEEP,Already Goods and name is not a service
1555,Plancha DE ROPA A VAPOR Black&decker 1100 W,consu,consu,True,True,True,True,SHARED,Ferretería,PHYSICAL_GOOD,HIGH_CONFIDENCE,KEEP,Already Goods and name is not a service
1587,Plancha DE ROPA A VAPOR Discovery HOME 1000W,consu,consu,True,True,True,True,SHARED,Ferretería,PHYSICAL_GOOD,HIGH_CONFIDENCE,KEEP,Already Goods and name is not a service
953,Plancha PLAFON PVC Machihembrado,consu,consu,True,True,True,True,SHARED,Plomería,PHYSICAL_GOOD,HIGH_CONFIDENCE,KEEP,Already Goods and name is not a service
423,Plancha Playwood DE 1/2,consu,consu,True,True,True,True,SHARED,Ferretería,PHYSICAL_GOOD,HIGH_CONFIDENCE,KEEP,Already Goods and name is not a service
1069,Planchas DE Aluzinc DE 16,consu,consu,True,True,True,True,SHARED,Ferretería,PHYSICAL_GOOD,HIGH_CONFIDENCE,KEEP,Already Goods and name is not a service
1070,Planchas DE Aluzinc DE 20,consu,consu,True,True,True,True,SHARED,Ferretería,PHYSICAL_GOOD,HIGH_CONFIDENCE,KEEP,Already Goods and name is not a service
1071,Planchas DE Aluzinc DE 25,consu,consu,True,True,True,True,SHARED,Ferretería,PHYSICAL_GOOD,HIGH_CONFIDENCE,KEEP,Already Goods and name is not a service
166,PLANCHAS DE ALUZINC PARED CALIBRE 26 ( 1.00 X 2.50 MTS),consu,consu,True,True,True,True,SHARED,,PHYSICAL_GOOD,HIGH_CONFIDENCE,KEEP,Already Goods and name is not a service
1277,Planchas DE Aluzinc TECHO- Calibre 26 ( 1.00 MTS X 4.50 ),consu,consu,True,True,True,True,SHARED,Ferretería,PHYSICAL_GOOD,HIGH_CONFIDENCE,KEEP,Already Goods and name is not a service
163,PLANCHAS DE ALUZINC TECHO - CALIBRE 26 ( 1.00 MTS X 4.50 ),consu,consu,True,True,True,True,SHARED,,PHYSICAL_GOOD,HIGH_CONFIDENCE,KEEP,Already Goods and name is not a service
164,PLANCHAS DE ALUZINC TECHO - CALIBRE 26 ( 1.00 MTS X 5.00 MTS ),consu,consu,True,True,True,True,SHARED,,PHYSICAL_GOOD,HIGH_CONFIDENCE,KEEP,Already Goods and name is not a service
165,PLANCHAS DE ALUZINC TECHO CALIBRE 26 ( 1.00 MTS X 6.20 MTS ),consu,consu,True,True,True,True,SHARED,,PHYSICAL_GOOD,HIGH_CONFIDENCE,KEEP,Already Goods and name is not a service
1020,Planchas DE ALUZIN DE 16,consu,consu,True,True,True,True,SHARED,Ferretería,PHYSICAL_GOOD,HIGH_CONFIDENCE,KEEP,Already Goods and name is not a service
1021,Planchas DE ALUZIN DE 20,consu,consu,True,True,True,True,SHARED,Ferretería,PHYSICAL_GOOD,HIGH_CONFIDENCE,KEEP,Already Goods and name is not a service
1022,Planchas DE ALUZIN DE 25,consu,consu,True,True,True,True,SHARED,Ferretería,PHYSICAL_GOOD,HIGH_CONFIDENCE,KEEP,Already Goods and name is not a service
634,Plancha Sheetrock,consu,consu,True,True,True,True,SHARED,Ferretería,PHYSICAL_GOOD,HIGH_CONFIDENCE,KEEP,Already Goods and name is not a service
136,"PLANCHUELA 2""X1/4""",consu,consu,True,True,True,True,SHARED,,PHYSICAL_GOOD,HIGH_CONFIDENCE,KEEP,Already Goods and name is not a service
1504,Planchuela 2''x1/4'',consu,consu,True,True,True,True,SHARED,Ferretería,PHYSICAL_GOOD,HIGH_CONFIDENCE,KEEP,Already Goods and name is not a service
1219,Planchuela 2x1/4x20 -34 LBS,consu,consu,True,True,True,True,SHARED,Ferretería,PHYSICAL_GOOD,HIGH_CONFIDENCE,KEEP,Already Goods and name is not a service
1752,PLANCHUELAS 3/4 X 1/8,consu,consu,True,True,True,True,SHARED,,PHYSICAL_GOOD,HIGH_CONFIDENCE,KEEP,Already Goods and name is not a service
1715,PLANCHUELAS 3/4 X 20,consu,consu,True,True,True,True,SHARED,,PHYSICAL_GOOD,HIGH_CONFIDENCE,KEEP,Already Goods and name is not a service
176,Platea En Hormigon 210 Kg/cm2-h:0.10 Con Malla Electrosold. D2.3 20x20,consu,consu,True,True,True,True,SHARED,Construcción,PHYSICAL_GOOD,DETERMINISTIC,KEEP,"Physical material, merchandise, food or tool"
1422,Plato Foami Con Division 200/1,consu,consu,True,True,True,True,SHARED,Ferretería,PHYSICAL_GOOD,HIGH_CONFIDENCE,KEEP,Already Goods and name is not a service
779,Playwood 1/2 Ferremix,consu,consu,True,True,True,True,SHARED,Ferretería,PHYSICAL_GOOD,HIGH_CONFIDENCE,KEEP,Already Goods and name is not a service
273,Pliego De Lija #100 SILOX LIJA Esmeril,consu,consu,True,True,True,True,SHARED,Ferretería,PHYSICAL_GOOD,HIGH_CONFIDENCE,KEEP,Already Goods and name is not a service
276,Pliego De Lija #120 De Agua GRINCO,consu,consu,True,True,True,True,SHARED,Ferretería,PHYSICAL_GOOD,HIGH_CONFIDENCE,KEEP,Already Goods and name is not a service
274,Pliego De Lija #120 SILOX LIJA Esmeril,consu,consu,True,True,True,True,SHARED,Ferretería,PHYSICAL_GOOD,HIGH_CONFIDENCE,KEEP,Already Goods and name is not a service
277,Pliego De Lija #220 De Agua GRINCO,consu,consu,True,True,True,True,SHARED,Ferretería,PHYSICAL_GOOD,HIGH_CONFIDENCE,KEEP,Already Goods and name is not a service
275,Pliego De Lija #240 SILOX LIJA Esmeril,consu,consu,True,True,True,True,SHARED,Ferretería,PHYSICAL_GOOD,HIGH_CONFIDENCE,KEEP,Already Goods and name is not a service
271,Pliego De Lija #60 SILOX LIJA Esmeril,consu,consu,True,True,True,True,SHARED,Ferretería,PHYSICAL_GOOD,HIGH_CONFIDENCE,KEEP,Already Goods and name is not a service
272,Pliego De Lija #80 SILOX LIJA Esmeril,consu,consu,True,True,True,True,SHARED,Ferretería,PHYSICAL_GOOD,HIGH_CONFIDENCE,KEEP,Already Goods and name is not a service
464,PLIEGO DE LIJA Esmeril NORTON #100,consu,consu,True,True,True,True,SHARED,Ferretería,PHYSICAL_GOOD,HIGH_CONFIDENCE,KEEP,Already Goods and name is not a service
523,PLIEGO DE LIJA Esmeril NORTON #120,consu,consu,True,True,True,True,SHARED,Ferretería,PHYSICAL_GOOD,HIGH_CONFIDENCE,KEEP,Already Goods and name is not a service
522,PLIEGO DE LIJA Esmeril NORTON #60,consu,consu,True,True,True,True,SHARED,Ferretería,PHYSICAL_GOOD,HIGH_CONFIDENCE,KEEP,Already Goods and name is not a service
251,Pl Mdf 1/2 Hidrofugo Brazil Duratex,consu,consu,True,True,True,True,SHARED,Ferretería,PHYSICAL_GOOD,HIGH_CONFIDENCE,KEEP,Already Goods and name is not a service
449,PL MDF 3/8 Hidrofugo BRAZIL,consu,consu,True,True,True,True,SHARED,Ferretería,PHYSICAL_GOOD,HIGH_CONFIDENCE,KEEP,Already Goods and name is not a service
677,PL Plywood 1/2 PINO,consu,consu,True,True,True,True,SHARED,Construcción,PHYSICAL_GOOD,DETERMINISTIC,KEEP,"Physical material, merchandise, food or tool"
450,PL Plywood 1/2 PINO S/CARA,consu,consu,True,True,True,True,SHARED,Construcción,PHYSICAL_GOOD,DETERMINISTIC,KEEP,"Physical material, merchandise, food or tool"
678,PL Plywood 3/8 PINO,consu,consu,True,True,True,True,SHARED,Construcción,PHYSICAL_GOOD,DETERMINISTIC,KEEP,"Physical material, merchandise, food or tool"
451,PL Plywood 3/8 PINO S/CARA,consu,consu,True,True,True,True,SHARED,Construcción,PHYSICAL_GOOD,DETERMINISTIC,KEEP,"Physical material, merchandise, food or tool"
867,Ply-mel MDP HDR Teca Limo SW 6x8-18mm(3/4),consu,consu,True,True,True,True,SHARED,Ferretería,PHYSICAL_GOOD,HIGH_CONFIDENCE,KEEP,Already Goods and name is not a service
1680,PLYWOOD 3/8 - 4X8 HIDROFUEGO BRASIL,consu,consu,True,True,True,True,SHARED,,PHYSICAL_GOOD,DETERMINISTIC,KEEP,"Physical material, merchandise, food or tool"
1688,PLYWOOD 3/8 - 4X8 HIDROFUGO BRASIL,consu,consu,True,True,True,True,SHARED,,PHYSICAL_GOOD,DETERMINISTIC,KEEP,"Physical material, merchandise, food or tool"
1683,PLYWOOD 3/8 - 4X8 HIDROFUGO BRASIL,consu,consu,True,True,True,True,SHARED,,PHYSICAL_GOOD,DETERMINISTIC,KEEP,"Physical material, merchandise, food or tool"
1319,POLLO ENTERO Descongelado,consu,consu,True,True,True,True,9,Carnes,PHYSICAL_GOOD,DETERMINISTIC,KEEP,"Physical material, merchandise, food or tool"
1322,Poncherita Pequeña,consu,consu,True,True,True,True,SHARED,Ferretería,PHYSICAL_GOOD,HIGH_CONFIDENCE,KEEP,Already Goods and name is not a service
1098,Popular LACA Natural BRILLO,consu,consu,True,True,True,True,SHARED,Ferretería,PHYSICAL_GOOD,HIGH_CONFIDENCE,KEEP,Already Goods and name is not a service
195,Porcelanato 60x60,consu,consu,True,True,True,True,SHARED,Ferretería,PHYSICAL_GOOD,HIGH_CONFIDENCE,KEEP,Already Goods and name is not a service
172,Porcelanato 60x60 Español,consu,consu,True,True,True,True,SHARED,Ferretería,PHYSICAL_GOOD,HIGH_CONFIDENCE,KEEP,Already Goods and name is not a service
1175,Porcelanato 60X60 LISO COLOR CREMA ANTI MANCHA,consu,consu,True,True,True,True,SHARED,Ferretería,PHYSICAL_GOOD,HIGH_CONFIDENCE,KEEP,Already Goods and name is not a service
75,PORTAROLLO C/CUBIERTA FOSTER AQA,consu,consu,True,True,True,True,SHARED,,PHYSICAL_GOOD,HIGH_CONFIDENCE,KEEP,Already Goods and name is not a service
664,PORTA ROLO,consu,consu,True,True,True,True,SHARED,Ferretería,PHYSICAL_GOOD,HIGH_CONFIDENCE,KEEP,Already Goods and name is not a service
1203,PORTA ROLO 9 Profesional LANCO,consu,consu,True,True,True,True,SHARED,Ferretería,PHYSICAL_GOOD,HIGH_CONFIDENCE,KEEP,Already Goods and name is not a service
763,PORTA ROLO CANO Reforzado,consu,consu,True,True,True,True,SHARED,Ferretería,PHYSICAL_GOOD,HIGH_CONFIDENCE,KEEP,Already Goods and name is not a service
127,PORTA ROLO LANCO HEAVY DUTY ROLLER FRAME,consu,consu,True,True,True,True,SHARED,,PHYSICAL_GOOD,HIGH_CONFIDENCE,KEEP,Already Goods and name is not a service
600,PORTA ROLO PA-576-19 LANCO,consu,consu,True,True,True,True,SHARED,Ferretería,PHYSICAL_GOOD,HIGH_CONFIDENCE,KEEP,Already Goods and name is not a service
240,PORTA ROLO PINTAR SML,consu,consu,True,True,True,True,SHARED,Ferretería,PHYSICAL_GOOD,HIGH_CONFIDENCE,KEEP,Already Goods and name is not a service
1102,PORTA ROLO Refolsado TRUPER,consu,consu,True,True,True,True,SHARED,Herramientas,PHYSICAL_GOOD,HIGH_CONFIDENCE,KEEP,Already Goods and name is not a service
1345,"Porta Rolo Reforzado Negro 9""",consu,consu,True,True,True,True,SHARED,Ferretería,PHYSICAL_GOOD,HIGH_CONFIDENCE,KEEP,Already Goods and name is not a service
1281,Post-in 3X3 TALBOT,consu,consu,True,True,True,True,SHARED,Ferretería,PHYSICAL_GOOD,HIGH_CONFIDENCE,KEEP,Already Goods and name is not a service
1431,Post-it Amarillos,consu,consu,True,True,True,True,SHARED,Ferretería,PHYSICAL_GOOD,HIGH_CONFIDENCE,KEEP,Already Goods and name is not a service
349,Post-it Amarillos 12/1,consu,consu,True,True,True,True,SHARED,Ferretería,PHYSICAL_GOOD,HIGH_CONFIDENCE,KEEP,Already Goods and name is not a service
1432,Post-it DE Colores,consu,consu,True,True,True,True,SHARED,Ferretería,PHYSICAL_GOOD,HIGH_CONFIDENCE,KEEP,Already Goods and name is not a service
350,Post-it DE Colores 12/1,consu,consu,True,True,True,True,SHARED,Ferretería,PHYSICAL_GOOD,HIGH_CONFIDENCE,KEEP,Already Goods and name is not a service
1364,Power Pack,consu,consu,True,True,True,True,SHARED,Ferretería,PHYSICAL_GOOD,HIGH_CONFIDENCE,KEEP,Already Goods and name is not a service
1476,POWER RIDER 2 Tiempos,consu,consu,True,True,True,True,SHARED,Ferretería,PHYSICAL_GOOD,HIGH_CONFIDENCE,KEEP,Already Goods and name is not a service
1477,POWER RIDER 4 Tiempos 10W-30,consu,consu,True,True,True,True,SHARED,Ferretería,PHYSICAL_GOOD,HIGH_CONFIDENCE,KEEP,Already Goods and name is not a service
949,POWER ROYAL Breaker Europeo 2P 20 AMP C20,consu,consu,True,True,True,True,SHARED,Material eléctrico,PHYSICAL_GOOD,DETERMINISTIC,KEEP,"Physical material, merchandise, food or tool"
1332,"Power Supplay Dc 12 Volt 90-260 Volt 60 Hz, Con Bateria De 12 V. 4amp H.",consu,consu,True,True,True,True,SHARED,Ferretería,PHYSICAL_GOOD,HIGH_CONFIDENCE,KEEP,Already Goods and name is not a service
455,PRIMER PARA MADERA BLANCO /relleno POWER RIDER 2014,consu,consu,True,True,True,True,SHARED,Ferretería,PHYSICAL_GOOD,HIGH_CONFIDENCE,KEEP,Already Goods and name is not a service
255,Primer Para Madera Blanco /relleno POWER RIDER 2014 GL,consu,consu,True,True,True,True,SHARED,Ferretería,PHYSICAL_GOOD,HIGH_CONFIDENCE,KEEP,Already Goods and name is not a service
759,PRIMER P/LONA Asfaltica,consu,consu,True,True,True,True,SHARED,Ferretería,PHYSICAL_GOOD,HIGH_CONFIDENCE,KEEP,Already Goods and name is not a service
1092,Proteccion Auditiva TRUPER,consu,consu,True,True,True,True,SHARED,Herramientas,PHYSICAL_GOOD,HIGH_CONFIDENCE,KEEP,Already Goods and name is not a service
493,Proteccion Auditiva TRUPER 14257,consu,consu,True,True,True,True,SHARED,Herramientas,PHYSICAL_GOOD,HIGH_CONFIDENCE,KEEP,Already Goods and name is not a service
472,Protector Auditivo 100/1,consu,consu,True,True,True,True,SHARED,Ferretería,PHYSICAL_GOOD,HIGH_CONFIDENCE,KEEP,Already Goods and name is not a service
1733,PROTECTOR FACIAL PF-500 TRUPER,consu,consu,True,True,True,True,SHARED,,PHYSICAL_GOOD,HIGH_CONFIDENCE,KEEP,Already Goods and name is not a service
1614,Prueba,consu,consu,True,True,True,True,SHARED,,PHYSICAL_GOOD,HIGH_CONFIDENCE,KEEP,Already Goods and name is not a service
495,Puerta Comercial 2.10X2 M Con Dintel Y Panos Fijo Laterales,consu,consu,True,True,True,True,SHARED,Ferretería,PHYSICAL_GOOD,HIGH_CONFIDENCE,KEEP,Already Goods and name is not a service
1010,PUERTA Comercial TRAD. LBCO C/ VID. LISO 1/4 CLARO 100 0/0 X 191 0/0 Pulgds,consu,consu,True,True,True,True,SHARED,Ferretería,PHYSICAL_GOOD,HIGH_CONFIDENCE,KEEP,Already Goods and name is not a service
424,PUERTA DE Polimetal BLANCA 0.90 X 2.10M,consu,consu,True,True,True,True,SHARED,Ferretería,PHYSICAL_GOOD,HIGH_CONFIDENCE,KEEP,Already Goods and name is not a service
496,Puerta Polimetal 2.10x0.90 M,consu,consu,True,True,True,True,SHARED,Ferretería,PHYSICAL_GOOD,HIGH_CONFIDENCE,KEEP,Already Goods and name is not a service
602,Pulidora 4 1/2 - 1 000W STGS1011 Stanley,consu,consu,True,True,True,True,SHARED,Ferretería,PHYSICAL_GOOD,HIGH_CONFIDENCE,KEEP,Already Goods and name is not a service
361,Pulidora 41/2 TRUPER 16452,consu,consu,True,True,True,True,SHARED,Herramientas,PHYSICAL_GOOD,HIGH_CONFIDENCE,KEEP,Already Goods and name is not a service
362,Pulidora 41/2 TRUPER GRANDE,consu,consu,True,True,True,True,SHARED,Herramientas,PHYSICAL_GOOD,HIGH_CONFIDENCE,KEEP,Already Goods and name is not a service
395,Pulidora Angular Stanley 9'' (2200w) 110-120V,consu,consu,True,True,True,True,SHARED,Ferretería,PHYSICAL_GOOD,HIGH_CONFIDENCE,KEEP,Already Goods and name is not a service
394,Pulidora Stanley 7'' (180mm) 110-120V,consu,consu,True,True,True,True,SHARED,Ferretería,PHYSICAL_GOOD,HIGH_CONFIDENCE,KEEP,Already Goods and name is not a service
1734,"PULIDORA TOTAL UTG1091156 4-1/2"" 950W 11000RPM",consu,consu,True,True,True,True,SHARED,,PHYSICAL_GOOD,HIGH_CONFIDENCE,KEEP,Already Goods and name is not a service
1094,"PUNTA PARA DES #2 2"" 5/1",consu,consu,True,True,True,True,SHARED,Ferretería,PHYSICAL_GOOD,HIGH_CONFIDENCE,KEEP,Already Goods and name is not a service
700,"PUNTA PARA DES #2 2"" TRUPER 5/1",consu,consu,True,True,True,True,SHARED,Herramientas,PHYSICAL_GOOD,HIGH_CONFIDENCE,KEEP,Already Goods and name is not a service
1414,"Punta Para Des #2 2""truper 5/1 Cod.12147",consu,consu,True,True,True,True,SHARED,Herramientas,PHYSICAL_GOOD,HIGH_CONFIDENCE,KEEP,Already Goods and name is not a service
477,"PUNTA PARA DES #2 2"" TRUPER 5/1 COD.12147",consu,consu,True,True,True,True,SHARED,Herramientas,PHYSICAL_GOOD,HIGH_CONFIDENCE,KEEP,Already Goods and name is not a service
1093,"PUNTA P/ DES. #3 2"" 5/1",consu,consu,True,True,True,True,SHARED,Ferretería,PHYSICAL_GOOD,HIGH_CONFIDENCE,KEEP,Already Goods and name is not a service
699,"PUNTA P/ DES. #3 2"" 5/1 TRUPER",consu,consu,True,True,True,True,SHARED,Herramientas,PHYSICAL_GOOD,HIGH_CONFIDENCE,KEEP,Already Goods and name is not a service
476,"PUNTA P/ DES. #3 2"" 5/1 TRUPER COD.12149",consu,consu,True,True,True,True,SHARED,Herramientas,PHYSICAL_GOOD,HIGH_CONFIDENCE,KEEP,Already Goods and name is not a service
873,Punta Ph 2 X 50mm - Bianditz 239202,consu,consu,True,True,True,True,SHARED,Ferretería,PHYSICAL_GOOD,HIGH_CONFIDENCE,KEEP,Already Goods and name is not a service
874,Punta Ph 2 X 75mm - Bianditz 240205,consu,consu,True,True,True,True,SHARED,Ferretería,PHYSICAL_GOOD,HIGH_CONFIDENCE,KEEP,Already Goods and name is not a service
1693,PUNTA STRIA #2 (5/1),consu,consu,True,True,True,True,SHARED,,PHYSICAL_GOOD,HIGH_CONFIDENCE,KEEP,Already Goods and name is not a service
33,RAMPA DE ACCESO A EXCAVACION CUADRANTE #2,service,service,True,True,False,False,SHARED,,SERVICE,HIGH_CONFIDENCE,KEEP,"Construction/haulage/petty-cash activity, not a SKU"
169,Rampa En Hormigon 210 Kg/cm2-h:0.20 Con Malla Electrosoldada,consu,consu,True,True,True,True,SHARED,Construcción,PHYSICAL_GOOD,DETERMINISTIC,KEEP,"Physical material, merchandise, food or tool"
603,Rastrillo DE Asfalto PRETUL,consu,consu,True,True,True,True,SHARED,Ferretería,PHYSICAL_GOOD,HIGH_CONFIDENCE,KEEP,Already Goods and name is not a service
410,Rastrillo Plastico,consu,consu,True,True,True,True,SHARED,Ferretería,PHYSICAL_GOOD,HIGH_CONFIDENCE,KEEP,Already Goods and name is not a service
1262,Recogedores DE BASURA PALITA REINA,consu,consu,True,True,True,True,SHARED,Ferretería,PHYSICAL_GOOD,HIGH_CONFIDENCE,KEEP,Already Goods and name is not a service
409,Recogedor Plastico,consu,consu,True,True,True,True,SHARED,Ferretería,PHYSICAL_GOOD,HIGH_CONFIDENCE,KEEP,Already Goods and name is not a service
798,Reduccion Bushing PVC 2'' X11/2'',consu,consu,True,True,True,True,SHARED,Plomería,PHYSICAL_GOOD,HIGH_CONFIDENCE,KEEP,Already Goods and name is not a service
715,"Reduccion PVC 1/2 X 3/4""",consu,consu,True,True,True,True,SHARED,Plomería,PHYSICAL_GOOD,HIGH_CONFIDENCE,KEEP,Already Goods and name is not a service
714,"Reduccion PVC 1 X 3/4""",consu,consu,True,True,True,True,SHARED,Plomería,PHYSICAL_GOOD,HIGH_CONFIDENCE,KEEP,Already Goods and name is not a service
813,Reduccion PVC 2x11/2'',consu,consu,True,True,True,True,SHARED,Plomería,PHYSICAL_GOOD,HIGH_CONFIDENCE,KEEP,Already Goods and name is not a service
904,Reetructuracion Pasamanos DE ACERO Inoxidable EN RAMPAS Y Escalones,consu,consu,True,True,True,True,SHARED,Ferretería,PHYSICAL_GOOD,HIGH_CONFIDENCE,KEEP,Already Goods and name is not a service
432,Reflector LED 50W,consu,consu,True,True,True,True,SHARED,Material eléctrico,PHYSICAL_GOOD,HIGH_CONFIDENCE,KEEP,Already Goods and name is not a service
1372,Refrigerante R-22 30 Lb,consu,consu,True,True,True,True,SHARED,Ferretería,PHYSICAL_GOOD,HIGH_CONFIDENCE,KEEP,Already Goods and name is not a service
1366,Refrigerante R404 24 Lb,consu,consu,True,True,True,True,SHARED,Ferretería,PHYSICAL_GOOD,HIGH_CONFIDENCE,KEEP,Already Goods and name is not a service
1371,Refrigerante R-410 25lb,consu,consu,True,True,True,True,SHARED,Ferretería,PHYSICAL_GOOD,HIGH_CONFIDENCE,KEEP,Already Goods and name is not a service
884,Registro 12 X 12 X 4 NEMA 1,consu,consu,True,True,True,True,SHARED,Ferretería,PHYSICAL_GOOD,HIGH_CONFIDENCE,KEEP,Already Goods and name is not a service
1738,REGISTRO PLASTICA 4X4KO 1/2-3/4,consu,consu,True,True,True,True,SHARED,,PHYSICAL_GOOD,HIGH_CONFIDENCE,KEEP,Already Goods and name is not a service
791,"Rejilla P/PISO Decorativa 11/2""",consu,consu,True,True,True,True,SHARED,Ferretería,PHYSICAL_GOOD,HIGH_CONFIDENCE,KEEP,Already Goods and name is not a service
1630,REMACHE 1/8 DE 1 PULGADA DE LARGO,consu,consu,True,True,True,True,SHARED,,PHYSICAL_GOOD,HIGH_CONFIDENCE,KEEP,Already Goods and name is not a service
1728,REMACHE 3/16 X 1/2 500/1,consu,consu,True,True,True,True,SHARED,,PHYSICAL_GOOD,HIGH_CONFIDENCE,KEEP,Already Goods and name is not a service
1747,REMACHE 3/16'' X 1/2'' CON ESPIGA ALA ANCHA 17,consu,consu,True,True,True,True,SHARED,,PHYSICAL_GOOD,HIGH_CONFIDENCE,KEEP,Already Goods and name is not a service
1328,Remozamiento De RAMPA Y Descanso DE Escalera DE Granito PULIDO,consu,consu,True,True,True,True,SHARED,Ferretería,PHYSICAL_GOOD,HIGH_CONFIDENCE,KEEP,Already Goods and name is not a service
1298,Resaltadores VARIOS Colores Blister,consu,consu,True,True,True,True,SHARED,Ferretería,PHYSICAL_GOOD,HIGH_CONFIDENCE,KEEP,Already Goods and name is not a service
979,Resane De Grieta En Entrada,consu,consu,True,True,True,True,SHARED,Ferretería,PHYSICAL_GOOD,HIGH_CONFIDENCE,KEEP,Already Goods and name is not a service
197,Resane De Pared Y Hueco En Distribucion Red Agua Potable,consu,consu,True,True,True,True,SHARED,Ferretería,PHYSICAL_GOOD,HIGH_CONFIDENCE,KEEP,Already Goods and name is not a service
875,Resbalardores Blanco/negro C/goma 1,consu,consu,True,True,True,True,SHARED,Neumáticos,PHYSICAL_GOOD,DETERMINISTIC,KEEP,"Physical material, merchandise, food or tool"
1320,RES Deshuesada,consu,consu,True,True,True,True,9,Carnes,PHYSICAL_GOOD,DETERMINISTIC,KEEP,"Physical material, merchandise, food or tool"
1182,"RESMA DE PAPEL ABBY TAMAÑO CARTA Calibre 20, 8 1/2 * 11",consu,consu,True,True,True,True,SHARED,Oficina,PHYSICAL_GOOD,HIGH_CONFIDENCE,KEEP,Already Goods and name is not a service
914,"Resma De Papel Abby Tamaño Carta Calibre 20, 8 1/2 * 11 Pulgadas.",consu,consu,True,True,True,True,SHARED,Oficina,PHYSICAL_GOOD,HIGH_CONFIDENCE,KEEP,Already Goods and name is not a service
915,"Resma De Papel Abby Tamaño Carta Calibre 20, 8 1/2 * 14 Pulgadas.",consu,consu,True,True,True,True,SHARED,Oficina,PHYSICAL_GOOD,HIGH_CONFIDENCE,KEEP,Already Goods and name is not a service
1438,RESMA DE PAPEL BOND ABBY 8 1/2 X 11*,consu,consu,True,True,True,True,SHARED,Oficina,PHYSICAL_GOOD,HIGH_CONFIDENCE,KEEP,Already Goods and name is not a service
16,RESMA DE PAPEL BOND INFOPRINT 8.5x11 500/1,consu,consu,True,True,True,True,SHARED,,PHYSICAL_GOOD,HIGH_CONFIDENCE,KEEP,Already Goods and name is not a service
345,RESMA DE PAPEL Ofi-nota 8 1/2 X11,consu,consu,True,True,True,True,SHARED,Oficina,PHYSICAL_GOOD,HIGH_CONFIDENCE,KEEP,Already Goods and name is not a service
1315,RES MOLIDA,consu,consu,True,True,True,True,9,Carnes,PHYSICAL_GOOD,DETERMINISTIC,KEEP,"Physical material, merchandise, food or tool"
1095,Retardador Popular,consu,consu,True,True,True,True,SHARED,Ferretería,PHYSICAL_GOOD,HIGH_CONFIDENCE,KEEP,Already Goods and name is not a service
454,Retardador Tropical,consu,consu,True,True,True,True,SHARED,Ferretería,PHYSICAL_GOOD,HIGH_CONFIDENCE,KEEP,Already Goods and name is not a service
680,Retardador Tropical TODO USO,consu,consu,True,True,True,True,SHARED,Ferretería,PHYSICAL_GOOD,HIGH_CONFIDENCE,KEEP,Already Goods and name is not a service
191,Rodamiento C-6206 Z DE ALTA Temperatura SKF,consu,consu,True,True,True,True,SHARED,Ferretería,PHYSICAL_GOOD,HIGH_CONFIDENCE,KEEP,Already Goods and name is not a service
1467,ROJO Positivo Pintura Acrilica,consu,consu,True,True,True,True,SHARED,Pinturas,PHYSICAL_GOOD,DETERMINISTIC,KEEP,"Physical material, merchandise, food or tool"
1109,ROJO Positivo Pintura Acrilica Popular,consu,consu,True,True,True,True,SHARED,Pinturas,PHYSICAL_GOOD,DETERMINISTIC,KEEP,"Physical material, merchandise, food or tool"
1354,Rollo De Estaño 60/40,consu,consu,True,True,True,True,SHARED,Ferretería,PHYSICAL_GOOD,HIGH_CONFIDENCE,KEEP,Already Goods and name is not a service
1682,ROLLOS DE HILO DE TRIMMER,consu,consu,True,True,True,True,SHARED,,PHYSICAL_GOOD,HIGH_CONFIDENCE,KEEP,Already Goods and name is not a service
1249,ROLLOS DE PAPEL Higienico JUMBO JUNIOR JF,consu,consu,True,True,True,True,SHARED,Oficina,PHYSICAL_GOOD,HIGH_CONFIDENCE,KEEP,Already Goods and name is not a service
1250,ROLLOS DE PAPEL TOALLA,consu,consu,True,True,True,True,SHARED,Oficina,PHYSICAL_GOOD,HIGH_CONFIDENCE,KEEP,Already Goods and name is not a service
1452,ROLLOS Plastico P/paletizar 18,consu,consu,True,True,True,True,SHARED,Ferretería,PHYSICAL_GOOD,HIGH_CONFIDENCE,KEEP,Already Goods and name is not a service
1446,ROLO Antigota 4'',consu,consu,True,True,True,True,SHARED,Ferretería,PHYSICAL_GOOD,HIGH_CONFIDENCE,KEEP,Already Goods and name is not a service
420,Rondana DE 3'',consu,consu,True,True,True,True,SHARED,Ferretería,PHYSICAL_GOOD,HIGH_CONFIDENCE,KEEP,Already Goods and name is not a service
202,Roseta Porcelana Leviton,consu,consu,True,True,True,True,SHARED,Ferretería,PHYSICAL_GOOD,HIGH_CONFIDENCE,KEEP,Already Goods and name is not a service
342,ROSETA Porselana Leviton,consu,consu,True,True,True,True,SHARED,Ferretería,PHYSICAL_GOOD,HIGH_CONFIDENCE,KEEP,Already Goods and name is not a service
729,ROST OFF SPRAY 300 ML WURTH,consu,consu,True,True,True,True,SHARED,Ferretería,PHYSICAL_GOOD,HIGH_CONFIDENCE,KEEP,Already Goods and name is not a service
1479,Rotomartillo SDS MAX 1050 W,consu,consu,True,True,True,True,SHARED,Herramientas,PHYSICAL_GOOD,HIGH_CONFIDENCE,KEEP,Already Goods and name is not a service
743,Rotomartillo SDS MAX 1050 W 1 9 / 16 DEWALT,consu,consu,True,True,True,True,SHARED,Herramientas,PHYSICAL_GOOD,HIGH_CONFIDENCE,KEEP,Already Goods and name is not a service
1480,Rotomartillo SDS PLUS 800 W,consu,consu,True,True,True,True,SHARED,Herramientas,PHYSICAL_GOOD,HIGH_CONFIDENCE,KEEP,Already Goods and name is not a service
744,Rotomartillo SDS PLUS 800 W DEWALT,consu,consu,True,True,True,True,SHARED,Herramientas,PHYSICAL_GOOD,HIGH_CONFIDENCE,KEEP,Already Goods and name is not a service
628,Rotulos DE CALLE,consu,consu,True,True,True,True,SHARED,Ferretería,PHYSICAL_GOOD,HIGH_CONFIDENCE,KEEP,Already Goods and name is not a service
854,Saca Grapas,consu,consu,True,True,True,True,SHARED,Ferretería,PHYSICAL_GOOD,HIGH_CONFIDENCE,KEEP,Already Goods and name is not a service
919,"Sacagrapas Artesco Con Mango Plástico Ergonómico, Con Seguro Para Mantenerlo Plegado",consu,consu,True,True,True,True,SHARED,Ferretería,PHYSICAL_GOOD,HIGH_CONFIDENCE,KEEP,Already Goods and name is not a service
1294,SACA GRAPA STD NUSTAR NEGRO,consu,consu,True,True,True,True,SHARED,Ferretería,PHYSICAL_GOOD,HIGH_CONFIDENCE,KEEP,Already Goods and name is not a service
1131,Sacapunta,consu,consu,True,True,True,True,SHARED,Ferretería,PHYSICAL_GOOD,HIGH_CONFIDENCE,KEEP,Already Goods and name is not a service
928,Sacapunta Electrico Bostitch,consu,consu,True,True,True,True,SHARED,Ferretería,PHYSICAL_GOOD,HIGH_CONFIDENCE,KEEP,Already Goods and name is not a service
927,Saca Puntas Manual De Metal,consu,consu,True,True,True,True,SHARED,Ferretería,PHYSICAL_GOOD,HIGH_CONFIDENCE,KEEP,Already Goods and name is not a service
1033,SACO NUEVO DE 45X74 CM,consu,consu,True,True,True,True,SHARED,Ferretería,PHYSICAL_GOOD,HIGH_CONFIDENCE,KEEP,Already Goods and name is not a service
388,SACOS 45X74 CM,consu,consu,True,True,True,True,SHARED,Ferretería,PHYSICAL_GOOD,HIGH_CONFIDENCE,KEEP,Already Goods and name is not a service
1527,Salchichas DE CERDO JAJA 10 OZ 24/1,consu,consu,True,True,True,True,SHARED,Ferretería,PHYSICAL_GOOD,HIGH_CONFIDENCE,KEEP,Already Goods and name is not a service
225,SALIDA Cenital (roseta Porcelana Leviton),consu,consu,True,True,True,True,SHARED,Ferretería,PHYSICAL_GOOD,HIGH_CONFIDENCE,KEEP,Already Goods and name is not a service
1533,SAL MARINA MOLIDA Refisal FDA 1LB 25/1,consu,consu,True,True,True,True,SHARED,Ferretería,PHYSICAL_GOOD,HIGH_CONFIDENCE,KEEP,Already Goods and name is not a service
683,Sanding SEALER Tropical,consu,consu,True,True,True,True,SHARED,Ferretería,PHYSICAL_GOOD,HIGH_CONFIDENCE,KEEP,Already Goods and name is not a service
1526,Sardinas EN ACEITE AGUSTO 125 GR 24/1,consu,consu,True,True,True,True,SHARED,Ferretería,PHYSICAL_GOOD,HIGH_CONFIDENCE,KEEP,Already Goods and name is not a service
1530,SAZON EN POLVO Constanza 8OZ 24/1,consu,consu,True,True,True,True,SHARED,Ferretería,PHYSICAL_GOOD,HIGH_CONFIDENCE,KEEP,Already Goods and name is not a service
257,Sealer Tropical (6158),consu,consu,True,True,True,True,SHARED,Ferretería,PHYSICAL_GOOD,HIGH_CONFIDENCE,KEEP,Already Goods and name is not a service
1389,Secante P/ Pintura Esmalte,consu,consu,True,True,True,True,SHARED,Pinturas,PHYSICAL_GOOD,DETERMINISTIC,KEEP,"Physical material, merchandise, food or tool"
751,Sellador P/ TECHO Urethanizer ROOF SEALER LANCO 5GL,consu,consu,True,True,True,True,SHARED,Ferretería,PHYSICAL_GOOD,HIGH_CONFIDENCE,KEEP,Already Goods and name is not a service
129,SELLATODO SILBOND CANO,consu,consu,True,True,True,True,SHARED,,PHYSICAL_GOOD,HIGH_CONFIDENCE,KEEP,Already Goods and name is not a service
416,Semiglos BLANCO HUESO Ext-int PRO Tropical,consu,consu,True,True,True,True,SHARED,Ferretería,PHYSICAL_GOOD,HIGH_CONFIDENCE,KEEP,Already Goods and name is not a service
1163,Señalizacion DE PARE,consu,consu,True,True,True,True,SHARED,Ferretería,PHYSICAL_GOOD,HIGH_CONFIDENCE,KEEP,Already Goods and name is not a service
1162,Señalizacion DE RUTA DE Evacuacion A LA Derecha Medidas 12X6,consu,consu,True,True,True,True,SHARED,Ferretería,PHYSICAL_GOOD,HIGH_CONFIDENCE,KEEP,Already Goods and name is not a service
389,Serigrafia A COLOR,consu,consu,True,True,True,True,SHARED,Ferretería,PHYSICAL_GOOD,HIGH_CONFIDENCE,KEEP,Already Goods and name is not a service
13,Service on Timesheets,service,service,True,True,True,True,SHARED,Services,SERVICE,DETERMINISTIC,KEEP,Canonical or system service; keep type=service
5,[DX-SMOKE-SVC] Servicio de verificación interna,service,service,True,True,True,True,SHARED,,SERVICE,DETERMINISTIC,KEEP,Service phrase in full name
28,SERVICIO MATERIAL CALICHE ESPONJADO (35% de 5000 M3),service,service,True,True,False,False,SHARED,,SERVICE,HIGH_CONFIDENCE,KEEP,"Construction/haulage/petty-cash activity, not a SKU"
1613,Servicios profesionales,consu,service,True,True,True,True,SHARED,,SERVICE_AS_PHYSICAL,DETERMINISTIC,FIX_TYPE,Canonical or system service; keep type=service
168,Servicios profesionales,service,service,True,True,True,True,SHARED,Servicios,SERVICE,DETERMINISTIC,KEEP,Canonical or system service; keep type=service
1696,SERVILLETA DE COCINA ADSORBENTE DECORADA,consu,consu,True,True,True,True,SHARED,,PHYSICAL_GOOD,HIGH_CONFIDENCE,KEEP,Already Goods and name is not a service
1695,SERVILLETA DE PAPEL CUADRADA 100/1,consu,consu,True,True,True,True,SHARED,,PHYSICAL_GOOD,HIGH_CONFIDENCE,KEEP,Already Goods and name is not a service
913,Servilletas DE MESA 500/1 VELVET PLUS,consu,consu,True,True,True,True,SHARED,Mobiliario,PHYSICAL_GOOD,HIGH_CONFIDENCE,KEEP,Already Goods and name is not a service
1254,Servilletas OCEAN BREEZE 500/1,consu,consu,True,True,True,True,SHARED,Ferretería,PHYSICAL_GOOD,HIGH_CONFIDENCE,KEEP,Already Goods and name is not a service
1268,Servilletas PARA Dispensadores C-FOLD,consu,consu,True,True,True,True,SHARED,Ferretería,PHYSICAL_GOOD,HIGH_CONFIDENCE,KEEP,Already Goods and name is not a service
1130,SET DE Geometria,consu,consu,True,True,True,True,SHARED,Ferretería,PHYSICAL_GOOD,HIGH_CONFIDENCE,KEEP,Already Goods and name is not a service
1538,Set De Muebles Plasticos,consu,consu,True,True,True,True,SHARED,Ferretería,PHYSICAL_GOOD,HIGH_CONFIDENCE,KEEP,Already Goods and name is not a service
1558,SET DE Muebles Platicos Duralon,consu,consu,True,True,True,True,SHARED,Ferretería,PHYSICAL_GOOD,HIGH_CONFIDENCE,KEEP,Already Goods and name is not a service
1590,SET DE Muebles Platicos FERR Confort,consu,consu,True,True,True,True,SHARED,Ferretería,PHYSICAL_GOOD,HIGH_CONFIDENCE,KEEP,Already Goods and name is not a service
1506,SHEET ROCK 4'x8''x1/2',consu,consu,True,True,True,True,SHARED,Ferretería,PHYSICAL_GOOD,HIGH_CONFIDENCE,KEEP,Already Goods and name is not a service
605,SIERRA Circular 7-1/4 1500W 10A DWE.5615,consu,consu,True,True,True,True,SHARED,Herramientas,PHYSICAL_GOOD,HIGH_CONFIDENCE,KEEP,Already Goods and name is not a service
735,SIFON PARA Lavamano PVC 1 1/2'' 35376 Eastman,consu,consu,True,True,True,True,SHARED,Plomería,PHYSICAL_GOOD,HIGH_CONFIDENCE,KEEP,Already Goods and name is not a service
74,"SIFON PARA LAVAMANO PVC 1 1/2"" 35376 EASTMAN",consu,consu,True,True,True,True,SHARED,,PHYSICAL_GOOD,HIGH_CONFIDENCE,KEEP,Already Goods and name is not a service
797,SIFON Sencillo Americano EASTAM 11/2'',consu,consu,True,True,True,True,SHARED,Ferretería,PHYSICAL_GOOD,HIGH_CONFIDENCE,KEEP,Already Goods and name is not a service
1158,Silbato C/cordon,consu,consu,True,True,True,True,SHARED,Ferretería,PHYSICAL_GOOD,HIGH_CONFIDENCE,KEEP,Already Goods and name is not a service
78,SILICON 100% RTV CLEAR TUBO 10.3 SS-888-18 LANCO,consu,consu,True,True,True,True,SHARED,,PHYSICAL_GOOD,DETERMINISTIC,KEEP,"Physical material, merchandise, food or tool"
805,Silicon LANCO Transparente Industrial,consu,consu,True,True,True,True,SHARED,Ferretería,PHYSICAL_GOOD,HIGH_CONFIDENCE,KEEP,Already Goods and name is not a service
1137,Silicon Liquido 30 ML Barrilito,consu,consu,True,True,True,True,SHARED,Ferretería,PHYSICAL_GOOD,HIGH_CONFIDENCE,KEEP,Already Goods and name is not a service
1687,SILICON POLIURETANO GRIS 10.1 OZ,consu,consu,True,True,True,True,SHARED,,PHYSICAL_GOOD,HIGH_CONFIDENCE,KEEP,Already Goods and name is not a service
1660,SILICON POLIURETHANO POLIFLEX,consu,consu,True,True,True,True,SHARED,,PHYSICAL_GOOD,HIGH_CONFIDENCE,KEEP,Already Goods and name is not a service
807,Silicon Uretano WEST NEGRO 310 ML,consu,consu,True,True,True,True,SHARED,Ferretería,PHYSICAL_GOOD,HIGH_CONFIDENCE,KEEP,Already Goods and name is not a service
1606,SILLA DE VISITA PARA Directores Tapizada EN Pielina,consu,consu,True,True,True,True,SHARED,Mobiliario,PHYSICAL_GOOD,HIGH_CONFIDENCE,KEEP,Already Goods and name is not a service
1246,SILLAS DE Acompañante Imnovamed,consu,consu,True,True,True,True,SHARED,Mobiliario,PHYSICAL_GOOD,HIGH_CONFIDENCE,KEEP,Already Goods and name is not a service
1600,SILLAS DE VISITA PARA Usuario Beiramar,consu,consu,True,True,True,True,SHARED,Mobiliario,PHYSICAL_GOOD,HIGH_CONFIDENCE,KEEP,Already Goods and name is not a service
1604,SILLAS PARA VISITA DELUXE,consu,consu,True,True,True,True,SHARED,Mobiliario,PHYSICAL_GOOD,HIGH_CONFIDENCE,KEEP,Already Goods and name is not a service
1516,"SILLAS Plasticas SIN BRAZOS , COLOR OSCURO RIMAX",consu,consu,True,True,True,True,SHARED,Mobiliario,PHYSICAL_GOOD,HIGH_CONFIDENCE,KEEP,Already Goods and name is not a service
1607,SILLON Ejecutivo CELIO EN PIEL Genuina COLOR NEGRO,consu,consu,True,True,True,True,SHARED,Ferretería,PHYSICAL_GOOD,HIGH_CONFIDENCE,KEEP,Already Goods and name is not a service
1500,SILLON Ejecutivo DELUXE EN MALLA,consu,consu,True,True,True,True,SHARED,Ferretería,PHYSICAL_GOOD,HIGH_CONFIDENCE,KEEP,Already Goods and name is not a service
1499,"SILLON Ejecutivo Roberto Tapizado EN Pielina COLOR NEGRO, DISENO Italiano, Ergonomico,",consu,consu,True,True,True,True,SHARED,Ferretería,PHYSICAL_GOOD,HIGH_CONFIDENCE,KEEP,Already Goods and name is not a service
1595,SILLON Tecnico Creative,consu,consu,True,True,True,True,SHARED,Ferretería,PHYSICAL_GOOD,HIGH_CONFIDENCE,KEEP,Already Goods and name is not a service
1303,SOBRE MANILA 85X11,consu,consu,True,True,True,True,SHARED,Ferretería,PHYSICAL_GOOD,HIGH_CONFIDENCE,KEEP,Already Goods and name is not a service
1302,SOBRES MANILA 14X17,consu,consu,True,True,True,True,SHARED,Ferretería,PHYSICAL_GOOD,HIGH_CONFIDENCE,KEEP,Already Goods and name is not a service
822,Sobres Manila Tamaño 10 X 13,consu,consu,True,True,True,True,SHARED,Ferretería,PHYSICAL_GOOD,HIGH_CONFIDENCE,KEEP,Already Goods and name is not a service
825,Sobres Manila Tamaño 6 1/2 X 9 1/2,consu,consu,True,True,True,True,SHARED,Ferretería,PHYSICAL_GOOD,HIGH_CONFIDENCE,KEEP,Already Goods and name is not a service
823,Sobres Manila Tamaño #7 De Pago Amarillo,consu,consu,True,True,True,True,SHARED,Ferretería,PHYSICAL_GOOD,HIGH_CONFIDENCE,KEEP,Already Goods and name is not a service
824,Sobres Manila Tamaño #7 De Pago Blanco,consu,consu,True,True,True,True,SHARED,Ferretería,PHYSICAL_GOOD,HIGH_CONFIDENCE,KEEP,Already Goods and name is not a service
821,Sobres Manila Tamaño 9 X 12,consu,consu,True,True,True,True,SHARED,Ferretería,PHYSICAL_GOOD,HIGH_CONFIDENCE,KEEP,Already Goods and name is not a service
173,Socalo,consu,consu,True,True,True,True,SHARED,Ferretería,PHYSICAL_GOOD,HIGH_CONFIDENCE,KEEP,Already Goods and name is not a service
1155,SOGA DE CABUYA (R/ 33.07 LB),consu,consu,True,True,True,True,SHARED,Ferretería,PHYSICAL_GOOD,HIGH_CONFIDENCE,KEEP,Already Goods and name is not a service
1073,Soldadura,consu,consu,True,True,True,True,SHARED,Ferretería,PHYSICAL_GOOD,HIGH_CONFIDENCE,KEEP,Already Goods and name is not a service
135,SOLDADURA 1/8 UNIVERSAL,consu,consu,True,True,True,True,SHARED,,PHYSICAL_GOOD,HIGH_CONFIDENCE,KEEP,Already Goods and name is not a service
65,SOLDADURA 3/32,consu,consu,True,True,True,True,SHARED,,PHYSICAL_GOOD,HIGH_CONFIDENCE,KEEP,Already Goods and name is not a service
1026,Soldadura 3/32 LIBRA,consu,consu,True,True,True,True,SHARED,Ferretería,PHYSICAL_GOOD,HIGH_CONFIDENCE,KEEP,Already Goods and name is not a service
733,Soldadura 3/32 Universal 6013,consu,consu,True,True,True,True,SHARED,Ferretería,PHYSICAL_GOOD,HIGH_CONFIDENCE,KEEP,Already Goods and name is not a service
1215,Soldadura Universal 7018 Universal,consu,consu,True,True,True,True,SHARED,Ferretería,PHYSICAL_GOOD,HIGH_CONFIDENCE,KEEP,Already Goods and name is not a service
1353,Solución Para Baterías,consu,consu,True,True,True,True,SHARED,Ferretería,PHYSICAL_GOOD,HIGH_CONFIDENCE,KEEP,Already Goods and name is not a service
1208,Sombrero PARA SOL CON CUBRE NUCA Y TAPA BOCA CON FILTRO UV,consu,consu,True,True,True,True,SHARED,Ferretería,PHYSICAL_GOOD,HIGH_CONFIDENCE,KEEP,Already Goods and name is not a service
1358,Soplete De 2 Salidas,consu,consu,True,True,True,True,SHARED,Ferretería,PHYSICAL_GOOD,HIGH_CONFIDENCE,KEEP,Already Goods and name is not a service
672,SPRAY Adhesivo SUPER 77,consu,consu,True,True,True,True,SHARED,Ferretería,PHYSICAL_GOOD,HIGH_CONFIDENCE,KEEP,Already Goods and name is not a service
1435,SPRAY Ambientador GLADE APPLE Cinamon,consu,consu,True,True,True,True,SHARED,Ferretería,PHYSICAL_GOOD,HIGH_CONFIDENCE,KEEP,Already Goods and name is not a service
1433,SPRAY Ambientador GLADE CLEAN LINEN,consu,consu,True,True,True,True,SHARED,Ferretería,PHYSICAL_GOOD,HIGH_CONFIDENCE,KEEP,Already Goods and name is not a service
1434,SPRAY Ambientador GLADE Lavanda,consu,consu,True,True,True,True,SHARED,Ferretería,PHYSICAL_GOOD,HIGH_CONFIDENCE,KEEP,Already Goods and name is not a service
287,SPRAY Decorativo AZUL,consu,consu,True,True,True,True,SHARED,Ferretería,PHYSICAL_GOOD,HIGH_CONFIDENCE,KEEP,Already Goods and name is not a service
289,SPRAY Decorativo BLANCO,consu,consu,True,True,True,True,SHARED,Ferretería,PHYSICAL_GOOD,HIGH_CONFIDENCE,KEEP,Already Goods and name is not a service
291,SPRAY Decorativo CREMA,consu,consu,True,True,True,True,SHARED,Ferretería,PHYSICAL_GOOD,HIGH_CONFIDENCE,KEEP,Already Goods and name is not a service
288,SPRAY Decorativo MARRON,consu,consu,True,True,True,True,SHARED,Ferretería,PHYSICAL_GOOD,HIGH_CONFIDENCE,KEEP,Already Goods and name is not a service
286,SPRAY Decorativo Naranja,consu,consu,True,True,True,True,SHARED,Ferretería,PHYSICAL_GOOD,HIGH_CONFIDENCE,KEEP,Already Goods and name is not a service
290,SPRAY Decorativo NEGRO,consu,consu,True,True,True,True,SHARED,Ferretería,PHYSICAL_GOOD,HIGH_CONFIDENCE,KEEP,Already Goods and name is not a service
285,SPRAY DORADO,consu,consu,True,True,True,True,SHARED,Ferretería,PHYSICAL_GOOD,HIGH_CONFIDENCE,KEEP,Already Goods and name is not a service
1702,SUAPER #32,consu,consu,True,True,True,True,SHARED,,PHYSICAL_GOOD,HIGH_CONFIDENCE,KEEP,Already Goods and name is not a service
995,Sub-total,consu,consu,True,True,True,True,SHARED,Ferretería,PHYSICAL_GOOD,HIGH_CONFIDENCE,KEEP,Already Goods and name is not a service
1685,SUJETADOR (ESLINGA) 2X27,consu,consu,True,True,True,True,SHARED,,PHYSICAL_GOOD,HIGH_CONFIDENCE,KEEP,Already Goods and name is not a service
991,Sumimistro Y Colocacion De Tope En Ceramica 0.60x2.00,consu,consu,True,True,True,True,SHARED,Ferretería,PHYSICAL_GOOD,HIGH_CONFIDENCE,KEEP,Already Goods and name is not a service
183,Suministro De Refigerante R-22,consu,consu,True,True,True,True,SHARED,Ferretería,PHYSICAL_GOOD,HIGH_CONFIDENCE,KEEP,Already Goods and name is not a service
178,Suministro De Refigerante R-404,consu,consu,True,True,True,True,SHARED,Ferretería,PHYSICAL_GOOD,HIGH_CONFIDENCE,KEEP,Already Goods and name is not a service
989,Suministro Y Colocacion Ceramica En Baño,consu,consu,True,True,True,True,SHARED,Ferretería,PHYSICAL_GOOD,HIGH_CONFIDENCE,KEEP,Already Goods and name is not a service
990,Suministro Y Colocacion Rejilla De Piso,consu,consu,True,True,True,True,SHARED,Ferretería,PHYSICAL_GOOD,HIGH_CONFIDENCE,KEEP,Already Goods and name is not a service
984,Sumunistro Y Colocacion De Inodoro,consu,consu,True,True,True,True,SHARED,Plomería,PHYSICAL_GOOD,DETERMINISTIC,KEEP,"Physical material, merchandise, food or tool"
987,Sumunistro Y Colocacion De Kit De Inodoro,consu,consu,True,True,True,True,SHARED,Plomería,PHYSICAL_GOOD,DETERMINISTIC,KEEP,"Physical material, merchandise, food or tool"
986,Sumunistro Y Colocacion De Lavamano,consu,consu,True,True,True,True,SHARED,Ferretería,PHYSICAL_GOOD,HIGH_CONFIDENCE,KEEP,Already Goods and name is not a service
988,Sumunistro Y Colocacion De Llavines De Puño,consu,consu,True,True,True,True,SHARED,Ferretería,PHYSICAL_GOOD,HIGH_CONFIDENCE,KEEP,Already Goods and name is not a service
985,"Sumunistro Y Colocacion De Orinal ,incluye Fluxometro",consu,consu,True,True,True,True,SHARED,Ferretería,PHYSICAL_GOOD,DETERMINISTIC,KEEP,"Physical material, merchandise, food or tool"
59,SUPER GRAMASAN 5 LT,consu,consu,True,True,True,True,SHARED,,PHYSICAL_GOOD,HIGH_CONFIDENCE,KEEP,Already Goods and name is not a service
506,Supervision,consu,consu,True,True,True,True,SHARED,Ferretería,PHYSICAL_GOOD,HIGH_CONFIDENCE,KEEP,Already Goods and name is not a service
525,Sustache BLANCO 54 Y/D,consu,consu,True,True,True,True,SHARED,Ferretería,PHYSICAL_GOOD,HIGH_CONFIDENCE,KEEP,Already Goods and name is not a service
1447,Sustache CREMA 54 Y/D,consu,consu,True,True,True,True,SHARED,Ferretería,PHYSICAL_GOOD,HIGH_CONFIDENCE,KEEP,Already Goods and name is not a service
278,Sustache Dorado Yute 5 Metros,consu,consu,True,True,True,True,SHARED,Ferretería,PHYSICAL_GOOD,HIGH_CONFIDENCE,KEEP,Already Goods and name is not a service
194,Sustitucion DE Calbles Electrico #4 POR 1/0 EN LINEA DE Alimentacion DEL EDIF DE VIH,consu,consu,True,True,True,True,SHARED,Ferretería,PHYSICAL_GOOD,HIGH_CONFIDENCE,KEEP,Already Goods and name is not a service
1380,Sustitucion DE Calbles Electrico EN LINEA DE Alimentacion DEL EDIF DE VIH,consu,consu,True,True,True,True,SHARED,Ferretería,PHYSICAL_GOOD,HIGH_CONFIDENCE,KEEP,Already Goods and name is not a service
1636,"SWITCH INTERRUPTOR PARA AUTO 2P, 4 AMP",consu,consu,True,True,True,True,SHARED,,PHYSICAL_GOOD,HIGH_CONFIDENCE,KEEP,Already Goods and name is not a service
249,Tabla Madera De Pino 1x10x10 Cepillada,consu,consu,True,True,True,True,SHARED,Ferretería,PHYSICAL_GOOD,HIGH_CONFIDENCE,KEEP,Already Goods and name is not a service
250,Tabla Madera De Pino 1x10x12 Bandeada,consu,consu,True,True,True,True,SHARED,Ferretería,PHYSICAL_GOOD,HIGH_CONFIDENCE,KEEP,Already Goods and name is not a service
1171,"Tableta Samsung GALAXY TAB S6 LITE (2024) 10.4"", Velocidad2.3ghz, 1.7GHZ ,memoria",consu,consu,True,True,True,True,SHARED,Ferretería,PHYSICAL_GOOD,HIGH_CONFIDENCE,KEEP,Already Goods and name is not a service
1058,Taladro BOSCH Profesional 650W GBH-220D,consu,consu,True,True,True,True,SHARED,Herramientas,PHYSICAL_GOOD,DETERMINISTIC,KEEP,"Physical material, merchandise, food or tool"
369,Taladro BOSCH Profesional GBH2-24D,consu,consu,True,True,True,True,SHARED,Herramientas,PHYSICAL_GOOD,DETERMINISTIC,KEEP,"Physical material, merchandise, food or tool"
1167,Taladro DE Impacto 1100W EMTOP,consu,consu,True,True,True,True,SHARED,Herramientas,PHYSICAL_GOOD,DETERMINISTIC,KEEP,"Physical material, merchandise, food or tool"
1481,"Taladro DE Martillo,1/2 '' 7.8 900W",consu,consu,True,True,True,True,SHARED,Herramientas,PHYSICAL_GOOD,DETERMINISTIC,KEEP,"Physical material, merchandise, food or tool"
1482,Taladro Destornillador 20 V MAX 500 W,consu,consu,True,True,True,True,SHARED,Herramientas,PHYSICAL_GOOD,DETERMINISTIC,KEEP,"Physical material, merchandise, food or tool"
746,Taladro Destornillador 20 V MAX DEWALT 500 W,consu,consu,True,True,True,True,SHARED,Herramientas,PHYSICAL_GOOD,DETERMINISTIC,KEEP,"Physical material, merchandise, food or tool"
609,Taladro Rotamartillo 1/2 1200W,consu,consu,True,True,True,True,SHARED,Herramientas,PHYSICAL_GOOD,DETERMINISTIC,KEEP,"Physical material, merchandise, food or tool"
248,Taladros Profesionales DEWALT,consu,consu,True,True,True,True,SHARED,Herramientas,PHYSICAL_GOOD,DETERMINISTIC,KEEP,"Physical material, merchandise, food or tool"
401,"Taladro TOTAL UTH1153256 Rotomartillo SDS PLUS 1-1/4"" 1500W",consu,consu,True,True,True,True,SHARED,Herramientas,PHYSICAL_GOOD,DETERMINISTIC,KEEP,"Physical material, merchandise, food or tool"
610,Taladro TRUPER 1/2 600W,consu,consu,True,True,True,True,SHARED,Herramientas,PHYSICAL_GOOD,DETERMINISTIC,KEEP,"Physical material, merchandise, food or tool"
1731,TANQUE DE OXIGENO INDUSTRIAL,consu,consu,True,True,True,True,SHARED,,PHYSICAL_GOOD,HIGH_CONFIDENCE,KEEP,Already Goods and name is not a service
741,TANQUE Precargado FIBRA 120 GAL C2N-120GV GLOBAL WATER,consu,consu,True,True,True,True,SHARED,Ferretería,PHYSICAL_GOOD,HIGH_CONFIDENCE,KEEP,Already Goods and name is not a service
435,TANQUE Presurisado METAL 30GL I/f,consu,consu,True,True,True,True,SHARED,Ferretería,PHYSICAL_GOOD,HIGH_CONFIDENCE,KEEP,Already Goods and name is not a service
1593,Tanques O Cilindros DE GAS 25 LB Duragas,consu,consu,True,True,True,True,SHARED,Ferretería,PHYSICAL_GOOD,HIGH_CONFIDENCE,KEEP,Already Goods and name is not a service
1562,Tanques O Cilindros DE GAS 25 LBS EURO Kitchen,consu,consu,True,True,True,True,SHARED,Ferretería,PHYSICAL_GOOD,HIGH_CONFIDENCE,KEEP,Already Goods and name is not a service
1710,TAPA,consu,consu,True,True,True,True,SHARED,,PHYSICAL_GOOD,HIGH_CONFIDENCE,KEEP,Already Goods and name is not a service
425,TAPAS DE METAL PARA Cisterna 33X33 PULG,consu,consu,True,True,True,True,SHARED,Ferretería,PHYSICAL_GOOD,HIGH_CONFIDENCE,KEEP,Already Goods and name is not a service
300,TAPA Waterproof DOBLE 110 V Leviton,consu,consu,True,True,True,True,SHARED,Ferretería,PHYSICAL_GOOD,HIGH_CONFIDENCE,KEEP,Already Goods and name is not a service
1667,TAPE 3M SCOTCH SUPER 33*,consu,consu,True,True,True,True,SHARED,,PHYSICAL_GOOD,HIGH_CONFIDENCE,KEEP,Already Goods and name is not a service
1365,TAPE DE Aluminio 3´´,consu,consu,True,True,True,True,SHARED,Ferretería,PHYSICAL_GOOD,HIGH_CONFIDENCE,KEEP,Already Goods and name is not a service
611,TAPE DE VINIL 3M-33 SCOTCH,consu,consu,True,True,True,True,SHARED,Ferretería,PHYSICAL_GOOD,HIGH_CONFIDENCE,KEEP,Already Goods and name is not a service
1732,"TAPE ELECTRICO 3M TEMFLEX 1711/1600 3/4""X60'",consu,consu,True,True,True,True,SHARED,,PHYSICAL_GOOD,HIGH_CONFIDENCE,KEEP,Already Goods and name is not a service
1691,"TAPE ELECTRICO VINYL #33 3/4"" x66´",consu,consu,True,True,True,True,SHARED,,PHYSICAL_GOOD,HIGH_CONFIDENCE,KEEP,Already Goods and name is not a service
705,TAPE GOMA SCOTCH 3M,consu,consu,True,True,True,True,SHARED,Neumáticos,PHYSICAL_GOOD,DETERMINISTIC,KEEP,"Physical material, merchandise, food or tool"
247,TAPE NEGRO DE GOMA Electrico SCOTCH 3M,consu,consu,True,True,True,True,SHARED,Neumáticos,PHYSICAL_GOOD,DETERMINISTIC,KEEP,"Physical material, merchandise, food or tool"
296,TAPE NEGRO Electrico SCOTCH SUPER 33 +,consu,consu,True,True,True,True,SHARED,Ferretería,PHYSICAL_GOOD,HIGH_CONFIDENCE,KEEP,Already Goods and name is not a service
772,TAPE NEGRO VOLECK,consu,consu,True,True,True,True,SHARED,Ferretería,PHYSICAL_GOOD,HIGH_CONFIDENCE,KEEP,Already Goods and name is not a service
894,"TAPE Plastico 3 M, Amarillo",consu,consu,True,True,True,True,SHARED,Ferretería,PHYSICAL_GOOD,HIGH_CONFIDENCE,KEEP,Already Goods and name is not a service
895,"TAPE Plastico 3 M, AZUL",consu,consu,True,True,True,True,SHARED,Ferretería,PHYSICAL_GOOD,HIGH_CONFIDENCE,KEEP,Already Goods and name is not a service
896,"TAPE Plastico 3 M, ROJO",consu,consu,True,True,True,True,SHARED,Ferretería,PHYSICAL_GOOD,HIGH_CONFIDENCE,KEEP,Already Goods and name is not a service
897,"TAPE Platico SUPER 33, 3M",consu,consu,True,True,True,True,SHARED,Ferretería,PHYSICAL_GOOD,HIGH_CONFIDENCE,KEEP,Already Goods and name is not a service
201,Tape Scotch Super 33 3m,consu,consu,True,True,True,True,SHARED,Ferretería,PHYSICAL_GOOD,HIGH_CONFIDENCE,KEEP,Already Goods and name is not a service
305,TAPE Tenflex 1600 GRAN,consu,consu,True,True,True,True,SHARED,Ferretería,PHYSICAL_GOOD,HIGH_CONFIDENCE,KEEP,Already Goods and name is not a service
1067,TAPE TRUPER BLANCO,consu,consu,True,True,True,True,SHARED,Herramientas,PHYSICAL_GOOD,HIGH_CONFIDENCE,KEEP,Already Goods and name is not a service
100,TAPE VINIL SCOTCH 3M SUPER33+,consu,consu,True,True,True,True,SHARED,,PHYSICAL_GOOD,HIGH_CONFIDENCE,KEEP,Already Goods and name is not a service
890,TARUGO DE PLOMO 5/6 X 11/2,consu,consu,True,True,True,True,SHARED,Ferretería,PHYSICAL_GOOD,HIGH_CONFIDENCE,KEEP,Already Goods and name is not a service
160,TARUGO PARA TORNILLO EXPANSIVO ( 1/2 X3 ),consu,consu,True,True,True,True,SHARED,,PHYSICAL_GOOD,DETERMINISTIC,KEEP,"Physical material, merchandise, food or tool"
246,TARUGO PLOMO 1/2X5/16X11/4,consu,consu,True,True,True,True,SHARED,Ferretería,PHYSICAL_GOOD,HIGH_CONFIDENCE,KEEP,Already Goods and name is not a service
1214,Tarugos VERDES,consu,consu,True,True,True,True,SHARED,Ferretería,PHYSICAL_GOOD,HIGH_CONFIDENCE,KEEP,Already Goods and name is not a service
1133,TASER TYPE 928,consu,consu,True,True,True,True,SHARED,Ferretería,PHYSICAL_GOOD,HIGH_CONFIDENCE,KEEP,Already Goods and name is not a service
437,T DE 5 VIAS,consu,consu,True,True,True,True,SHARED,Ferretería,PHYSICAL_GOOD,HIGH_CONFIDENCE,KEEP,Already Goods and name is not a service
799,T DE 5 VIAS Aquavita,consu,consu,True,True,True,True,SHARED,Ferretería,PHYSICAL_GOOD,HIGH_CONFIDENCE,KEEP,Already Goods and name is not a service
906,Techado EN Aluzinc TEJA CAL 26-1m UTIL,consu,consu,True,True,True,True,SHARED,Ferretería,PHYSICAL_GOOD,HIGH_CONFIDENCE,KEEP,Already Goods and name is not a service
1015,TEE DE 12,consu,consu,True,True,True,True,SHARED,Plomería,PHYSICAL_GOOD,HIGH_CONFIDENCE,KEEP,Already Goods and name is not a service
802,TEE Presion PVC 1'',consu,consu,True,True,True,True,SHARED,Plomería,PHYSICAL_GOOD,HIGH_CONFIDENCE,KEEP,Already Goods and name is not a service
806,TEFLON Aquaflex Amarillo 1'',consu,consu,True,True,True,True,SHARED,Ferretería,PHYSICAL_GOOD,HIGH_CONFIDENCE,KEEP,Already Goods and name is not a service
673,TELA GUATA,consu,consu,True,True,True,True,SHARED,Ferretería,PHYSICAL_GOOD,HIGH_CONFIDENCE,KEEP,Already Goods and name is not a service
1625,TELA HULE PARA ALUMINIO DECORATIVO,consu,consu,True,True,True,True,SHARED,,PHYSICAL_GOOD,HIGH_CONFIDENCE,KEEP,Already Goods and name is not a service
1596,Televisor 55 Pulgadas TCL 4K,consu,consu,True,True,True,True,SHARED,Electrodomésticos,PHYSICAL_GOOD,DETERMINISTIC,KEEP,"Physical material, merchandise, food or tool"
1574,Televisor AIWA 43'',consu,consu,True,True,True,True,SHARED,Electrodomésticos,PHYSICAL_GOOD,DETERMINISTIC,KEEP,"Physical material, merchandise, food or tool"
1583,Televisor DAIWA 43'',consu,consu,True,True,True,True,SHARED,Electrodomésticos,PHYSICAL_GOOD,DETERMINISTIC,KEEP,"Physical material, merchandise, food or tool"
1546,Televisor De 43'' Konka,consu,consu,True,True,True,True,SHARED,Electrodomésticos,PHYSICAL_GOOD,DETERMINISTIC,KEEP,"Physical material, merchandise, food or tool"
154,"TELEVISOR DE 43"" KONKA",consu,consu,True,True,True,True,SHARED,,PHYSICAL_GOOD,DETERMINISTIC,KEEP,"Physical material, merchandise, food or tool"
1563,Televisor KONKA 32'' SMART TV,consu,consu,True,True,True,True,SHARED,Electrodomésticos,PHYSICAL_GOOD,DETERMINISTIC,KEEP,"Physical material, merchandise, food or tool"
1594,"Televisor KTC 32"" SMART TV",consu,consu,True,True,True,True,SHARED,Electrodomésticos,PHYSICAL_GOOD,DETERMINISTIC,KEEP,"Physical material, merchandise, food or tool"
1584,"Televisor LG 40"" PULG",consu,consu,True,True,True,True,SHARED,Electrodomésticos,PHYSICAL_GOOD,DETERMINISTIC,KEEP,"Physical material, merchandise, food or tool"
1553,Televisor TCL 40 Pulgadas SMART TV,consu,consu,True,True,True,True,SHARED,Electrodomésticos,PHYSICAL_GOOD,DETERMINISTIC,KEEP,"Physical material, merchandise, food or tool"
1540,Televisor TCL Smart TV 32'',consu,consu,True,True,True,True,SHARED,Electrodomésticos,PHYSICAL_GOOD,DETERMINISTIC,KEEP,"Physical material, merchandise, food or tool"
1127,Tempera 6/1,consu,consu,True,True,True,True,SHARED,Ferretería,PHYSICAL_GOOD,HIGH_CONFIDENCE,KEEP,Already Goods and name is not a service
1424,Tenedores Bambino 40/1,consu,consu,True,True,True,True,SHARED,Ferretería,PHYSICAL_GOOD,HIGH_CONFIDENCE,KEEP,Already Goods and name is not a service
1453,Thinner,consu,consu,True,True,True,True,SHARED,Pinturas,PHYSICAL_GOOD,DETERMINISTIC,KEEP,"Physical material, merchandise, food or tool"
969,Thinner AAA-3000 GL Popular/tropical,consu,consu,True,True,True,True,SHARED,Pinturas,PHYSICAL_GOOD,DETERMINISTIC,KEEP,"Physical material, merchandise, food or tool"
1343,Thinner TH-1000-GL,consu,consu,True,True,True,True,SHARED,Pinturas,PHYSICAL_GOOD,DETERMINISTIC,KEEP,"Physical material, merchandise, food or tool"
1622,Thinner TH-1000-GL Tropical,consu,consu,True,True,True,True,SHARED,,PHYSICAL_GOOD,DETERMINISTIC,KEEP,"Physical material, merchandise, food or tool"
1217,Thinner TH-1000-GL Tropical,consu,consu,True,True,True,True,SHARED,Pinturas,PHYSICAL_GOOD,DETERMINISTIC,KEEP,"Physical material, merchandise, food or tool"
1651,THINNER TH-1000 TROP.,consu,consu,True,True,True,True,SHARED,,PHYSICAL_GOOD,DETERMINISTIC,KEEP,"Physical material, merchandise, food or tool"
453,Thinner TH-900 Tropical,consu,consu,True,True,True,True,SHARED,Pinturas,PHYSICAL_GOOD,DETERMINISTIC,KEEP,"Physical material, merchandise, food or tool"
681,Thinner TH Tropical,consu,consu,True,True,True,True,SHARED,Pinturas,PHYSICAL_GOOD,DETERMINISTIC,KEEP,"Physical material, merchandise, food or tool"
63,THINNER TROPICAL,consu,consu,True,True,True,True,SHARED,,PHYSICAL_GOOD,DETERMINISTIC,KEEP,"Physical material, merchandise, food or tool"
88,THINNER TROPICAL 1GL,consu,consu,True,True,True,True,SHARED,,PHYSICAL_GOOD,DETERMINISTIC,KEEP,"Physical material, merchandise, food or tool"
1306,TICKET DE TURNO,consu,consu,True,True,True,True,SHARED,Ferretería,PHYSICAL_GOOD,HIGH_CONFIDENCE,KEEP,Already Goods and name is not a service
1379,TIJERA CORTE Derecho,consu,consu,True,True,True,True,SHARED,Ferretería,PHYSICAL_GOOD,HIGH_CONFIDENCE,KEEP,Already Goods and name is not a service
1134,Tijeras 8'' Universal P/ Oficina Artesco,consu,consu,True,True,True,True,SHARED,Ferretería,PHYSICAL_GOOD,HIGH_CONFIDENCE,KEEP,Already Goods and name is not a service
930,"Tijeras De Escritorio Pelikan 5 Pulgadas, Mango Grueso",consu,consu,True,True,True,True,SHARED,Mobiliario,PHYSICAL_GOOD,HIGH_CONFIDENCE,KEEP,Already Goods and name is not a service
1310,Tijeras Grandes,consu,consu,True,True,True,True,SHARED,Ferretería,PHYSICAL_GOOD,HIGH_CONFIDENCE,KEEP,Already Goods and name is not a service
426,TINACO DE 400GL,consu,consu,True,True,True,True,SHARED,Ferretería,PHYSICAL_GOOD,HIGH_CONFIDENCE,KEEP,Already Goods and name is not a service
684,TINTA P/madera CAOBA #2 MD,consu,consu,True,True,True,True,SHARED,Ferretería,PHYSICAL_GOOD,HIGH_CONFIDENCE,KEEP,Already Goods and name is not a service
685,TINTA P/madera CAOBA #3 MD,consu,consu,True,True,True,True,SHARED,Ferretería,PHYSICAL_GOOD,HIGH_CONFIDENCE,KEEP,Already Goods and name is not a service
1305,TINTAS PARA SELLOS AZUL Pointer,consu,consu,True,True,True,True,SHARED,Ferretería,PHYSICAL_GOOD,HIGH_CONFIDENCE,KEEP,Already Goods and name is not a service
870,Tirador Inox Barra 96mm 9609 SS201,consu,consu,True,True,True,True,SHARED,Ferretería,PHYSICAL_GOOD,HIGH_CONFIDENCE,KEEP,Already Goods and name is not a service
554,TIZA DE CERA P/marcar ROJA ROJA Generico,consu,consu,True,True,True,True,SHARED,Ferretería,PHYSICAL_GOOD,HIGH_CONFIDENCE,KEEP,Already Goods and name is not a service
1264,Toallitas DE TELA PAÑITO Lanilla,consu,consu,True,True,True,True,SHARED,Ferretería,PHYSICAL_GOOD,HIGH_CONFIDENCE,KEEP,Already Goods and name is not a service
421,TOLA 1/16 Galvaniz 4X8,consu,consu,True,True,True,True,SHARED,Ferretería,PHYSICAL_GOOD,HIGH_CONFIDENCE,KEEP,Already Goods and name is not a service
1072,TOLA 1/16 Galvanizada 4X8,consu,consu,True,True,True,True,SHARED,Ferretería,PHYSICAL_GOOD,HIGH_CONFIDENCE,KEEP,Already Goods and name is not a service
1721,TOLA 4X8 X 1/4,consu,consu,True,True,True,True,SHARED,,PHYSICAL_GOOD,HIGH_CONFIDENCE,KEEP,Already Goods and name is not a service
162,TOLA GALVANIZADO LISA CALIBRE 14 ( 4X8X2 105 LBS ),consu,consu,True,True,True,True,SHARED,,PHYSICAL_GOOD,HIGH_CONFIDENCE,KEEP,Already Goods and name is not a service
1746,TOLA NEGRA 3/8 (9MMX1219X2438) 4 X 8,consu,consu,True,True,True,True,SHARED,,PHYSICAL_GOOD,HIGH_CONFIDENCE,KEEP,Already Goods and name is not a service
1652,TOLA NEGRA 489.60 LBS,consu,consu,True,True,True,True,SHARED,,PHYSICAL_GOOD,HIGH_CONFIDENCE,KEEP,Already Goods and name is not a service
1714,TOLA NEGRA 4X8 1/8,consu,consu,True,True,True,True,SHARED,,PHYSICAL_GOOD,HIGH_CONFIDENCE,KEEP,Already Goods and name is not a service
1720,TOLA NEGRA 4X8 X 3/8,consu,consu,True,True,True,True,SHARED,,PHYSICAL_GOOD,HIGH_CONFIDENCE,KEEP,Already Goods and name is not a service
1745,TOLAS 1/4 ( 4 X 8 ) NEGRA,consu,consu,True,True,True,True,SHARED,,PHYSICAL_GOOD,HIGH_CONFIDENCE,KEEP,Already Goods and name is not a service
1751,TOLAS 1/8 ( 4 X 8 ) NEGRA,consu,consu,True,True,True,True,SHARED,,PHYSICAL_GOOD,HIGH_CONFIDENCE,KEEP,Already Goods and name is not a service
1727,TOL.AS DE ACM ALUMINIO 4X8 3/16,consu,consu,True,True,True,True,SHARED,,PHYSICAL_GOOD,HIGH_CONFIDENCE,KEEP,Already Goods and name is not a service
1690,TOMAC DOBLE UPS NARANJA NOBILE,consu,consu,True,True,True,True,SHARED,,PHYSICAL_GOOD,HIGH_CONFIDENCE,KEEP,Already Goods and name is not a service
428,Tomacorriente 110V Bticino NOBILE,consu,consu,True,True,True,True,SHARED,Material eléctrico,PHYSICAL_GOOD,HIGH_CONFIDENCE,KEEP,Already Goods and name is not a service
427,Tomacorriente 220V 15A Bticino NOBILE,consu,consu,True,True,True,True,SHARED,Material eléctrico,PHYSICAL_GOOD,HIGH_CONFIDENCE,KEEP,Already Goods and name is not a service
227,Tomacorriente 220V KOLNY,consu,consu,True,True,True,True,SHARED,Material eléctrico,PHYSICAL_GOOD,HIGH_CONFIDENCE,KEEP,Already Goods and name is not a service
304,TOMA Corriente DOBLE 20 AMP Leviton,consu,consu,True,True,True,True,SHARED,Ferretería,PHYSICAL_GOOD,HIGH_CONFIDENCE,KEEP,Already Goods and name is not a service
1758,TOMA Corriente DOBLE 20 AMP LEVITON,consu,consu,True,True,True,True,SHARED,,PHYSICAL_GOOD,HIGH_CONFIDENCE,KEEP,Already Goods and name is not a service
1759,TOMA CORRIENTE  DOBLE 20 AMP LEVITON,consu,consu,True,True,True,True,SHARED,,PHYSICAL_GOOD,HIGH_CONFIDENCE,KEEP,Already Goods and name is not a service
1673,TOMA CORRIENTE. DOBLE 2P+T 15A OVAL,consu,consu,True,True,True,True,SHARED,,PHYSICAL_GOOD,HIGH_CONFIDENCE,KEEP,Already Goods and name is not a service
226,TOMA Corriente DOBLE HOME Solution 110 V,consu,consu,True,True,True,True,SHARED,Ferretería,PHYSICAL_GOOD,HIGH_CONFIDENCE,KEEP,Already Goods and name is not a service
1674,TOMA/CTE. DOBLE 2P+T 15A AMER. NARANJA,consu,consu,True,True,True,True,SHARED,,PHYSICAL_GOOD,HIGH_CONFIDENCE,KEEP,Already Goods and name is not a service
1653,TOMA/CTE. DOBLE 2P+T 15A OVAL,consu,consu,True,True,True,True,SHARED,,PHYSICAL_GOOD,HIGH_CONFIDENCE,KEEP,Already Goods and name is not a service
1675,TOMA DOBLE D/SUPERFICIE 2P 15 OVAL,consu,consu,True,True,True,True,SHARED,,PHYSICAL_GOOD,HIGH_CONFIDENCE,KEEP,Already Goods and name is not a service
147,TONER CANON MF455 DW 057 (NEGRO),consu,consu,True,True,True,True,SHARED,,PHYSICAL_GOOD,DETERMINISTIC,KEEP,"Physical material, merchandise, food or tool"
144,TONER HP LASERJET 2727N FMP Q7553A,consu,consu,True,True,True,True,SHARED,,PHYSICAL_GOOD,DETERMINISTIC,KEEP,"Physical material, merchandise, food or tool"
150,TONER HP LASERJET M 1536 DNF MFP,consu,consu,True,True,True,True,SHARED,,PHYSICAL_GOOD,DETERMINISTIC,KEEP,"Physical material, merchandise, food or tool"
145,TONER HP LASERJET MFP 137 MNW WW 1105A,consu,consu,True,True,True,True,SHARED,,PHYSICAL_GOOD,DETERMINISTIC,KEEP,"Physical material, merchandise, food or tool"
142,TONER HP LASERJET PRO 201A (CF402A) YELLOW,consu,consu,True,True,True,True,SHARED,,PHYSICAL_GOOD,DETERMINISTIC,KEEP,"Physical material, merchandise, food or tool"
143,TONER HP LASERJET PRO 201A (CF403A) MAGENTA,consu,consu,True,True,True,True,SHARED,,PHYSICAL_GOOD,DETERMINISTIC,KEEP,"Physical material, merchandise, food or tool"
149,TONER HP LASERJET PRO M402-MFP M426 CF226A,consu,consu,True,True,True,True,SHARED,,PHYSICAL_GOOD,DETERMINISTIC,KEEP,"Physical material, merchandise, food or tool"
148,TONER LASERJET ENTERPRISE MFP M 528,consu,consu,True,True,True,True,SHARED,,PHYSICAL_GOOD,DETERMINISTIC,KEEP,"Physical material, merchandise, food or tool"
24,TONER STANDARD CANON 057A WITHOUT CHIP,consu,consu,True,True,True,True,SHARED,,PHYSICAL_GOOD,DETERMINISTIC,KEEP,"Physical material, merchandise, food or tool"
1635,TORNILLO 1/4 MILIMETRO 1 PARA TUERCA REMACHABLE,consu,consu,True,True,True,True,SHARED,,PHYSICAL_GOOD,DETERMINISTIC,KEEP,"Physical material, merchandise, food or tool"
161,TORNILLO AUTOPERFORANTES ( 1/2 32 MM ),consu,consu,True,True,True,True,SHARED,,PHYSICAL_GOOD,DETERMINISTIC,KEEP,"Physical material, merchandise, food or tool"
1650,TORNILLO CARRUAJE C/TUERCA,consu,consu,True,True,True,True,SHARED,,PHYSICAL_GOOD,DETERMINISTIC,KEEP,"Physical material, merchandise, food or tool"
638,Tornillo De 2'',consu,consu,True,True,True,True,SHARED,Ferretería,PHYSICAL_GOOD,DETERMINISTIC,KEEP,"Physical material, merchandise, food or tool"
1628,"TORNILLO DE CARRUAJE NEGRO 5 , CON TUERCA Y ARANDELA 3/16",consu,consu,True,True,True,True,SHARED,,PHYSICAL_GOOD,DETERMINISTIC,KEEP,"Physical material, merchandise, food or tool"
1676,"TORNILLO DIABLITO 10 X 11/2"" NEGRO FIERO",consu,consu,True,True,True,True,SHARED,,PHYSICAL_GOOD,DETERMINISTIC,KEEP,"Physical material, merchandise, food or tool"
263,Tornillo Diablito 6x 1 1/2 Pulgada,consu,consu,True,True,True,True,SHARED,Ferretería,PHYSICAL_GOOD,DETERMINISTIC,KEEP,"Physical material, merchandise, food or tool"
264,Tornillo Diablito 6x 2 Pulgada,consu,consu,True,True,True,True,SHARED,Ferretería,PHYSICAL_GOOD,DETERMINISTIC,KEEP,"Physical material, merchandise, food or tool"
872,Tornillo Diab. Negro 2.5' 'x8 Mipecker,consu,consu,True,True,True,True,SHARED,Ferretería,PHYSICAL_GOOD,DETERMINISTIC,KEEP,"Physical material, merchandise, food or tool"
889,Tornillo Hexagonal 11/2,consu,consu,True,True,True,True,SHARED,Ferretería,PHYSICAL_GOOD,DETERMINISTIC,KEEP,"Physical material, merchandise, food or tool"
244,Tornillo Hexagonal 5/16X2,consu,consu,True,True,True,True,SHARED,Ferretería,PHYSICAL_GOOD,DETERMINISTIC,KEEP,"Physical material, merchandise, food or tool"
612,Tornillo Hexagonal 5/8X2,consu,consu,True,True,True,True,SHARED,Ferretería,PHYSICAL_GOOD,DETERMINISTIC,KEEP,"Physical material, merchandise, food or tool"
1031,Tornillo P/aluzinc 14X1 1000/1,consu,consu,True,True,True,True,SHARED,Ferretería,PHYSICAL_GOOD,DETERMINISTIC,KEEP,"Physical material, merchandise, food or tool"
1454,Tornillo Para Aluzinc 14X1 1000/1,consu,consu,True,True,True,True,SHARED,Ferretería,PHYSICAL_GOOD,DETERMINISTIC,KEEP,"Physical material, merchandise, food or tool"
1450,Tornillos 1-1/4 X 6 FMB P/diablito,consu,consu,True,True,True,True,SHARED,Ferretería,PHYSICAL_GOOD,DETERMINISTIC,KEEP,"Physical material, merchandise, food or tool"
1449,Tornillos 1 X 8 FMB P/diablito,consu,consu,True,True,True,True,SHARED,Ferretería,PHYSICAL_GOOD,DETERMINISTIC,KEEP,"Physical material, merchandise, food or tool"
1451,Tornillos 2 X 6 FMB P/diablito,consu,consu,True,True,True,True,SHARED,Ferretería,PHYSICAL_GOOD,DETERMINISTIC,KEEP,"Physical material, merchandise, food or tool"
467,Tornillos 8X1 FMB P/diablito,consu,consu,True,True,True,True,SHARED,Ferretería,PHYSICAL_GOOD,DETERMINISTIC,KEEP,"Physical material, merchandise, food or tool"
861,Torobon AZUL,consu,consu,True,True,True,True,SHARED,Ferretería,PHYSICAL_GOOD,HIGH_CONFIDENCE,KEEP,Already Goods and name is not a service
1556,Tostadora P/USO Domestico Universal,consu,consu,True,True,True,True,SHARED,Ferretería,PHYSICAL_GOOD,HIGH_CONFIDENCE,KEEP,Already Goods and name is not a service
1589,Tostadoras Eutronic GDE SWP-02,consu,consu,True,True,True,True,SHARED,Ferretería,PHYSICAL_GOOD,HIGH_CONFIDENCE,KEEP,Already Goods and name is not a service
644,Total 22,consu,consu,True,True,True,True,SHARED,Ferretería,PHYSICAL_GOOD,HIGH_CONFIDENCE,KEEP,Already Goods and name is not a service
1462,TOTAL Indirectos,consu,consu,True,True,True,True,SHARED,Ferretería,PHYSICAL_GOOD,HIGH_CONFIDENCE,KEEP,Already Goods and name is not a service
643,Trabajador De 2da Categoría (T2),consu,consu,True,True,True,True,SHARED,Ferretería,PHYSICAL_GOOD,HIGH_CONFIDENCE,KEEP,Already Goods and name is not a service
1579,Trafico Amarillo Positivo,consu,consu,True,True,True,True,SHARED,Ferretería,PHYSICAL_GOOD,HIGH_CONFIDENCE,KEEP,Already Goods and name is not a service
1578,Trafico Blanco,consu,consu,True,True,True,True,SHARED,Ferretería,PHYSICAL_GOOD,HIGH_CONFIDENCE,KEEP,Already Goods and name is not a service
1212,"Transformadores, Inversor DE Corriente 1000W Compuesto DE CARGA USB, 12V A 110V",consu,consu,True,True,True,True,SHARED,Ferretería,PHYSICAL_GOOD,HIGH_CONFIDENCE,KEEP,Already Goods and name is not a service
315,Transformador LED DRIVER MODELO SS M 13648 600 IMPUT AC85 265V 50/60,consu,consu,True,True,True,True,SHARED,Material eléctrico,PHYSICAL_GOOD,HIGH_CONFIDENCE,KEEP,Already Goods and name is not a service
27,TRANSPORTE CALICHE,service,service,True,True,False,False,SHARED,,SERVICE,HIGH_CONFIDENCE,KEEP,"Construction/haulage/petty-cash activity, not a SKU"
1276,Transporte IDA Y VUELTA DE LOWBOY,consu,consu,True,True,True,True,SHARED,Ferretería,PHYSICAL_GOOD,HIGH_CONFIDENCE,KEEP,Already Goods and name is not a service
29,TRASLADO Y REGADO DE STACKED MATERIAL,service,service,True,True,False,False,SHARED,,SERVICE,HIGH_CONFIDENCE,KEEP,"Construction/haulage/petty-cash activity, not a SKU"
234,Tropical Acrilica US Satinada BLANCO 00,consu,consu,True,True,True,True,SHARED,Ferretería,PHYSICAL_GOOD,HIGH_CONFIDENCE,KEEP,Already Goods and name is not a service
944,Tropical BARNIZ Natural CON BRILLO GL,consu,consu,True,True,True,True,SHARED,Ferretería,PHYSICAL_GOOD,HIGH_CONFIDENCE,KEEP,Already Goods and name is not a service
452,Tropical LACA Natural BRILLO,consu,consu,True,True,True,True,SHARED,Ferretería,PHYSICAL_GOOD,HIGH_CONFIDENCE,KEEP,Already Goods and name is not a service
1096,Tropical SEALER (6158),consu,consu,True,True,True,True,SHARED,Ferretería,PHYSICAL_GOOD,HIGH_CONFIDENCE,KEEP,Already Goods and name is not a service
1097,Tropical Thinner TH-900,consu,consu,True,True,True,True,SHARED,Pinturas,PHYSICAL_GOOD,DETERMINISTIC,KEEP,"Physical material, merchandise, food or tool"
1664,TUBERIA BX PLASTICA NEGRA 1/2 X100,consu,consu,True,True,True,True,SHARED,,PHYSICAL_GOOD,HIGH_CONFIDENCE,KEEP,Already Goods and name is not a service
1184,Tuberia Licuaty 3/4 Plastica,consu,consu,True,True,True,True,SHARED,Ferretería,PHYSICAL_GOOD,HIGH_CONFIDENCE,KEEP,Already Goods and name is not a service
866,Tuberia MT 3 Pulgadas,consu,consu,True,True,True,True,SHARED,Ferretería,PHYSICAL_GOOD,HIGH_CONFIDENCE,KEEP,Already Goods and name is not a service
1025,TUBO 1/2 H.galvanizado,consu,consu,True,True,True,True,SHARED,Plomería,PHYSICAL_GOOD,DETERMINISTIC,KEEP,"Physical material, merchandise, food or tool"
158,TUBO CUADRADO GALVANIZADO ( 3X3X1.5 MM ),consu,consu,True,True,True,True,SHARED,,PHYSICAL_GOOD,DETERMINISTIC,KEEP,"Physical material, merchandise, food or tool"
157,TUBO CUADRADO GALVANIZADO ( 4X4 1.5 MM ),consu,consu,True,True,True,True,SHARED,,PHYSICAL_GOOD,DETERMINISTIC,KEEP,"Physical material, merchandise, food or tool"
1065,TUBO DE 10X2 P/malla,consu,consu,True,True,True,True,SHARED,Plomería,PHYSICAL_GOOD,DETERMINISTIC,KEEP,"Physical material, merchandise, food or tool"
1455,TUBO DE 1-1/2 *15 Para MALLA,consu,consu,True,True,True,True,SHARED,Plomería,PHYSICAL_GOOD,DETERMINISTIC,KEEP,"Physical material, merchandise, food or tool"
1024,TUBO DE 1-1/2 *15 P/malla,consu,consu,True,True,True,True,SHARED,Plomería,PHYSICAL_GOOD,DETERMINISTIC,KEEP,"Physical material, merchandise, food or tool"
785,TUBO DE 20X20″ P/malla,consu,consu,True,True,True,True,SHARED,Plomería,PHYSICAL_GOOD,DETERMINISTIC,KEEP,"Physical material, merchandise, food or tool"
1456,TUBO DE 2 Para MALLA,consu,consu,True,True,True,True,SHARED,Plomería,PHYSICAL_GOOD,DETERMINISTIC,KEEP,"Physical material, merchandise, food or tool"
1023,TUBO DE 2 P/malla,consu,consu,True,True,True,True,SHARED,Plomería,PHYSICAL_GOOD,DETERMINISTIC,KEEP,"Physical material, merchandise, food or tool"
646,TUBO DE 2X20 P/malla,consu,consu,True,True,True,True,SHARED,Plomería,PHYSICAL_GOOD,DETERMINISTIC,KEEP,"Physical material, merchandise, food or tool"
1014,TUBO DE Presion DE 12,consu,consu,True,True,True,True,SHARED,Plomería,PHYSICAL_GOOD,DETERMINISTIC,KEEP,"Physical material, merchandise, food or tool"
885,TUBO EMT 3/4,consu,consu,True,True,True,True,SHARED,Plomería,PHYSICAL_GOOD,DETERMINISTIC,KEEP,"Physical material, merchandise, food or tool"
200,Tubo Led 18w 48'' 6000k,consu,consu,True,True,True,True,SHARED,Plomería,PHYSICAL_GOOD,DETERMINISTIC,KEEP,"Physical material, merchandise, food or tool"
1059,TUBO LED 2C. 32W,consu,consu,True,True,True,True,SHARED,Plomería,PHYSICAL_GOOD,DETERMINISTIC,KEEP,"Physical material, merchandise, food or tool"
624,TUBO PARA MALLA 1 1/2 X 15 S/rosca Generico,consu,consu,True,True,True,True,SHARED,Plomería,PHYSICAL_GOOD,DETERMINISTIC,KEEP,"Physical material, merchandise, food or tool"
625,TUBO PARA MALLA 1 1/4 X20 S/rosca Generico,consu,consu,True,True,True,True,SHARED,Plomería,PHYSICAL_GOOD,DETERMINISTIC,KEEP,"Physical material, merchandise, food or tool"
712,TUBO Presion 3/4''X 19 SCH 40,consu,consu,True,True,True,True,SHARED,Plomería,PHYSICAL_GOOD,DETERMINISTIC,KEEP,"Physical material, merchandise, food or tool"
616,TUBO PVC 12X19 SDR41 CORVI,consu,consu,True,True,True,True,SHARED,Plomería,PHYSICAL_GOOD,DETERMINISTIC,KEEP,"Physical material, merchandise, food or tool"
617,TUBO PVC 8X19 SDR41 CORVI,consu,consu,True,True,True,True,SHARED,Plomería,PHYSICAL_GOOD,DETERMINISTIC,KEEP,"Physical material, merchandise, food or tool"
962,"TUBO PVC DE 12''x19 , SDR-41 CORVI",consu,consu,True,True,True,True,SHARED,Plomería,PHYSICAL_GOOD,DETERMINISTIC,KEEP,"Physical material, merchandise, food or tool"
963,"TUBO PVC DE 8''X19 , SDR-41 CORVI",consu,consu,True,True,True,True,SHARED,Plomería,PHYSICAL_GOOD,DETERMINISTIC,KEEP,"Physical material, merchandise, food or tool"
1485,"TUBO PVC Drenaje 10""x19 Sdr-41",consu,consu,True,True,True,True,SHARED,Plomería,PHYSICAL_GOOD,DETERMINISTIC,KEEP,"Physical material, merchandise, food or tool"
1483,"TUBO PVC Drenaje 6""X19 Sdr-41",consu,consu,True,True,True,True,SHARED,Plomería,PHYSICAL_GOOD,DETERMINISTIC,KEEP,"Physical material, merchandise, food or tool"
1484,"TUBO PVC Drenaje 8""X19 Sdr-41",consu,consu,True,True,True,True,SHARED,Plomería,PHYSICAL_GOOD,DETERMINISTIC,KEEP,"Physical material, merchandise, food or tool"
376,TUBO PVC SDR-26 X 1/2,consu,consu,True,True,True,True,SHARED,Plomería,PHYSICAL_GOOD,DETERMINISTIC,KEEP,"Physical material, merchandise, food or tool"
159,TUBO RECTANGULAR GALVANIZADO ( 2X2X1.5 MM ),consu,consu,True,True,True,True,SHARED,,PHYSICAL_GOOD,DETERMINISTIC,KEEP,"Physical material, merchandise, food or tool"
711,TUBO SCH-40 1'',consu,consu,True,True,True,True,SHARED,Plomería,PHYSICAL_GOOD,DETERMINISTIC,KEEP,"Physical material, merchandise, food or tool"
728,TUBO SCH-40 2'',consu,consu,True,True,True,True,SHARED,Plomería,PHYSICAL_GOOD,DETERMINISTIC,KEEP,"Physical material, merchandise, food or tool"
713,TUBO SCH-40 DE 1/2'',consu,consu,True,True,True,True,SHARED,Plomería,PHYSICAL_GOOD,DETERMINISTIC,KEEP,"Physical material, merchandise, food or tool"
940,TUBOS DE OLEO MARRON,consu,consu,True,True,True,True,SHARED,Plomería,PHYSICAL_GOOD,DETERMINISTIC,KEEP,"Physical material, merchandise, food or tool"
316,TUBOS SKTG4F-18 T8 18W 10% 100-265V 25000 H,consu,consu,True,True,True,True,SHARED,Plomería,PHYSICAL_GOOD,DETERMINISTIC,KEEP,"Physical material, merchandise, food or tool"
613,TUERCA DE 5/8,consu,consu,True,True,True,True,SHARED,Ferretería,PHYSICAL_GOOD,HIGH_CONFIDENCE,KEEP,Already Goods and name is not a service
1634,TUERCA REMACHABLE 1/4 MILIMETRO,consu,consu,True,True,True,True,SHARED,,PHYSICAL_GOOD,HIGH_CONFIDENCE,KEEP,Already Goods and name is not a service
317,UND.,consu,consu,True,True,True,True,SHARED,Ferretería,PHYSICAL_GOOD,HIGH_CONFIDENCE,KEEP,Already Goods and name is not a service
475,Uniforme TIPO OVEROL SIZE (8 L Y 4 M),consu,consu,True,True,True,True,SHARED,Ferretería,PHYSICAL_GOOD,HIGH_CONFIDENCE,KEEP,Already Goods and name is not a service
1412,Union Universal 3/4 Pvc,consu,consu,True,True,True,True,SHARED,Plomería,PHYSICAL_GOOD,HIGH_CONFIDENCE,KEEP,Already Goods and name is not a service
803,UNION Universal PVC 1'',consu,consu,True,True,True,True,SHARED,Plomería,PHYSICAL_GOOD,HIGH_CONFIDENCE,KEEP,Already Goods and name is not a service
1388,Vainilla Blanca,consu,consu,True,True,True,True,SHARED,Ferretería,PHYSICAL_GOOD,HIGH_CONFIDENCE,KEEP,Already Goods and name is not a service
23,"VALLA DE SEGURIDAD 2MT X 1.10MT EN TUBOS GALVANIZADOS DE 1 1/4"" Y BARRAS DE 5/8"" CON ESMALTE ALUMINIO",consu,consu,True,True,True,True,SHARED,,PHYSICAL_GOOD,DETERMINISTIC,KEEP,"Physical material, merchandise, food or tool"
618,VALLA DE Senalizacion EN METAL (hombres Trabajando),consu,consu,True,True,True,True,SHARED,Ferretería,PHYSICAL_GOOD,HIGH_CONFIDENCE,KEEP,Already Goods and name is not a service
1248,VALLAS DE Seguridad DE Aluminio,consu,consu,True,True,True,True,SHARED,Ferretería,PHYSICAL_GOOD,HIGH_CONFIDENCE,KEEP,Already Goods and name is not a service
1362,Válvula De Servicio AVX-1/4,consu,consu,True,True,True,True,SHARED,Plomería,PHYSICAL_GOOD,DETERMINISTIC,KEEP,"Physical material, merchandise, food or tool"
114,VALVULA ENTRADA INODORO 200AM133 FLUIDMASTER,consu,consu,True,True,True,True,SHARED,,PHYSICAL_GOOD,DETERMINISTIC,KEEP,"Physical material, merchandise, food or tool"
1491,Valvula Fluxometro PARA Inodoro,consu,consu,True,True,True,True,SHARED,Plomería,PHYSICAL_GOOD,DETERMINISTIC,KEEP,"Physical material, merchandise, food or tool"
734,Valvula Fluxometro P/inodoro Z6000-WS1-YB YC ZURN,consu,consu,True,True,True,True,SHARED,Plomería,PHYSICAL_GOOD,DETERMINISTIC,KEEP,"Physical material, merchandise, food or tool"
68,VALVULA FLUXOMETRO P/INODORO Z6000-WS1-YBYC ZURN,consu,consu,True,True,True,True,SHARED,,PHYSICAL_GOOD,DETERMINISTIC,KEEP,"Physical material, merchandise, food or tool"
115,VALVULA SALIDA P/INODORO 507A133 FLUIDMASTER,consu,consu,True,True,True,True,SHARED,,PHYSICAL_GOOD,DETERMINISTIC,KEEP,"Physical material, merchandise, food or tool"
782,Valvula TIPO Fluxometro PARA Inodoro,consu,consu,True,True,True,True,SHARED,Plomería,PHYSICAL_GOOD,DETERMINISTIC,KEEP,"Physical material, merchandise, food or tool"
1004,VARA PARA Extension,consu,consu,True,True,True,True,SHARED,Ferretería,PHYSICAL_GOOD,HIGH_CONFIDENCE,KEEP,Already Goods and name is not a service
387,VARA PARA Extension BYP,consu,consu,True,True,True,True,SHARED,Ferretería,PHYSICAL_GOOD,HIGH_CONFIDENCE,KEEP,Already Goods and name is not a service
966,VARA PARA PINTAR BYP,consu,consu,True,True,True,True,SHARED,Ferretería,PHYSICAL_GOOD,HIGH_CONFIDENCE,KEEP,Already Goods and name is not a service
209,Varilla 1/2,consu,consu,True,True,True,True,SHARED,Construcción,PHYSICAL_GOOD,DETERMINISTIC,KEEP,"Physical material, merchandise, food or tool"
319,Varilla 3/4,consu,consu,True,True,True,True,SHARED,Construcción,PHYSICAL_GOOD,DETERMINISTIC,KEEP,"Physical material, merchandise, food or tool"
1190,Varilla 3/4X40 (at-37) 40 AT 0 UD GDO 60 Metaldom,consu,consu,True,True,True,True,SHARED,Construcción,PHYSICAL_GOOD,DETERMINISTIC,KEEP,"Physical material, merchandise, food or tool"
1487,Varilla 3/5,consu,consu,True,True,True,True,SHARED,Construcción,PHYSICAL_GOOD,DETERMINISTIC,KEEP,"Physical material, merchandise, food or tool"
336,Varilla 3/8,consu,consu,True,True,True,True,SHARED,Construcción,PHYSICAL_GOOD,DETERMINISTIC,KEEP,"Physical material, merchandise, food or tool"
607,Varilla P/soldar 1/8 C/10LBS E-7018 Universal,consu,consu,True,True,True,True,SHARED,Construcción,PHYSICAL_GOOD,DETERMINISTIC,KEEP,"Physical material, merchandise, food or tool"
606,Varilla P/soldar 3/32 C/10LBS E-6013 Universal,consu,consu,True,True,True,True,SHARED,Construcción,PHYSICAL_GOOD,DETERMINISTIC,KEEP,"Physical material, merchandise, food or tool"
1707,VASO DESECHABLE 10 OZ,consu,consu,True,True,True,True,SHARED,,PHYSICAL_GOOD,HIGH_CONFIDENCE,KEEP,Already Goods and name is not a service
1708,VASO DESECHABLE 4 OZ,consu,consu,True,True,True,True,SHARED,,PHYSICAL_GOOD,HIGH_CONFIDENCE,KEEP,Already Goods and name is not a service
1261,VASOS Higienicos NO.7,consu,consu,True,True,True,True,SHARED,Ferretería,PHYSICAL_GOOD,HIGH_CONFIDENCE,KEEP,Already Goods and name is not a service
1457,Ventana Salomonica,consu,consu,True,True,True,True,SHARED,Ferretería,PHYSICAL_GOOD,HIGH_CONFIDENCE,KEEP,Already Goods and name is not a service
497,Ventana Salomonica AA 1.10X1.30 M,consu,consu,True,True,True,True,SHARED,Ferretería,PHYSICAL_GOOD,HIGH_CONFIDENCE,KEEP,Already Goods and name is not a service
500,Ventana Salomonica AA 1.50X1.50 M,consu,consu,True,True,True,True,SHARED,Ferretería,PHYSICAL_GOOD,HIGH_CONFIDENCE,KEEP,Already Goods and name is not a service
498,Ventana Salomonica AA 1.50X1.60 M,consu,consu,True,True,True,True,SHARED,Ferretería,PHYSICAL_GOOD,HIGH_CONFIDENCE,KEEP,Already Goods and name is not a service
501,Ventana Salomonica AA 1.60X1.60 M,consu,consu,True,True,True,True,SHARED,Ferretería,PHYSICAL_GOOD,HIGH_CONFIDENCE,KEEP,Already Goods and name is not a service
499,Ventana Salomonica AA 1X1.60 M,consu,consu,True,True,True,True,SHARED,Ferretería,PHYSICAL_GOOD,HIGH_CONFIDENCE,KEEP,Already Goods and name is not a service
1468,VERDE Positivo Pintura Acrilica,consu,consu,True,True,True,True,SHARED,Pinturas,PHYSICAL_GOOD,DETERMINISTIC,KEEP,"Physical material, merchandise, food or tool"
1110,VERDE Positivo Pintura Acrilica Popular,consu,consu,True,True,True,True,SHARED,Pinturas,PHYSICAL_GOOD,DETERMINISTIC,KEEP,"Physical material, merchandise, food or tool"
1028,VIGA 6X4X30 FINA,consu,consu,True,True,True,True,SHARED,Ferretería,PHYSICAL_GOOD,HIGH_CONFIDENCE,KEEP,Already Goods and name is not a service
1221,VIGA H 4x4-30 (13.0# )-390 LBS,consu,consu,True,True,True,True,SHARED,Ferretería,PHYSICAL_GOOD,HIGH_CONFIDENCE,KEEP,Already Goods and name is not a service
1223,VIGA H 6X4-30 (16.0#) -480 LBS FINA,consu,consu,True,True,True,True,SHARED,Ferretería,PHYSICAL_GOOD,HIGH_CONFIDENCE,KEEP,Already Goods and name is not a service
1222,VIGA H 6x6-30 (25.0# )-750 LBS,consu,consu,True,True,True,True,SHARED,Ferretería,PHYSICAL_GOOD,HIGH_CONFIDENCE,KEEP,Already Goods and name is not a service
647,Viga H 6X6 De 30'',consu,consu,True,True,True,True,SHARED,Ferretería,PHYSICAL_GOOD,HIGH_CONFIDENCE,KEEP,Already Goods and name is not a service
137,VIGA H 6X6X30,consu,consu,True,True,True,True,SHARED,,PHYSICAL_GOOD,HIGH_CONFIDENCE,KEEP,Already Goods and name is not a service
783,VIGA H 6x6x30' (15.0# Lb/p)-450 Lbs,consu,consu,True,True,True,True,SHARED,Ferretería,PHYSICAL_GOOD,HIGH_CONFIDENCE,KEEP,Already Goods and name is not a service
66,VIGA H 6X6X30 15 LB/P,consu,consu,True,True,True,True,SHARED,,PHYSICAL_GOOD,HIGH_CONFIDENCE,KEEP,Already Goods and name is not a service
1266,WD-40 AKFIX A40 MAGIC,consu,consu,True,True,True,True,SHARED,Ferretería,PHYSICAL_GOOD,HIGH_CONFIDENCE,KEEP,Already Goods and name is not a service
356,Zafacon 200 LT,consu,consu,True,True,True,True,SHARED,Ferretería,PHYSICAL_GOOD,HIGH_CONFIDENCE,KEEP,Already Goods and name is not a service
1426,Zafacon DE 2 RUEDA 200 LT,consu,consu,True,True,True,True,SHARED,Ferretería,PHYSICAL_GOOD,HIGH_CONFIDENCE,KEEP,Already Goods and name is not a service
76,ZAFACON EKO 20L-WH 5GL,consu,consu,True,True,True,True,SHARED,,PHYSICAL_GOOD,HIGH_CONFIDENCE,KEEP,Already Goods and name is not a service
77,ZAFACON EKO 55L-WH 15GL,consu,consu,True,True,True,True,SHARED,,PHYSICAL_GOOD,HIGH_CONFIDENCE,KEEP,Already Goods and name is not a service
598,Zapapico CON MANGO 5LBS 77303/553 Tramontina,consu,consu,True,True,True,True,SHARED,Ferretería,PHYSICAL_GOOD,HIGH_CONFIDENCE,KEEP,Already Goods and name is not a service
1333,Z Bracket P/ Cerradura De 600 Lbs,consu,consu,True,True,True,True,SHARED,Ferretería,PHYSICAL_GOOD,HIGH_CONFIDENCE,KEEP,Already Goods and name is not a service
