PRODUCT_ID,TEMPLATE_ID,NAME,CURRENT_TYPE,PROPOSED_TYPE,CURRENT_SALE_OK,PROPOSED_SALE_OK,CURRENT_PURCHASE_OK,PROPOSED_PURCHASE_OK,CATEGORY,COMPANY,ACTIVE,EVIDENCE,CONFIDENCE,ACTION,REASON,MISMATCH,SALE_LINE_REFERENCES,PURCHASE_LINE_REFERENCES,INVOICE_LINE_REFERENCES,STOCK_MOVE_REFERENCES,STOCK_QUANT_REFERENCES,VALUATION_LAYER_REFERENCES,IS_STORABLE,STANDARD_PRICE,LIST_PRICE
1242,1242,05-A NEGRO,consu,consu,True,True,True,True,Ferretería,,True,category=Ferretería; normalized=05-a negro,HIGH_CONFIDENCE,KEEP,Already Goods and name is not a service,,0,0,0,0,0,0,False,0.0,7042.0
1232,1232,05-A NEGRO TONER HP PAGINA PARA Impresora Laserjet,consu,consu,True,True,True,True,Tecnología,,True,category=Tecnología; normalized=05-a negro toner hp pagina para impresora laserjet,DETERMINISTIC,KEEP,"Physical material, merchandise, food or tool",,0,0,0,0,0,0,False,0.0,12963.0
1193,1193,12R22.5 GMX GM869 18PR Combinada,consu,consu,True,True,True,True,Ferretería,,True,category=Ferretería; normalized=12r22.5 gmx gm869 18pr combinada,HIGH_CONFIDENCE,KEEP,Already Goods and name is not a service,,0,0,0,0,0,0,False,0.0,21830.51
1192,1192,12R24.5- Grandstone ZIGZAG GT168,consu,consu,True,True,True,True,Ferretería,,True,category=Ferretería; normalized=12r24.5- grandstone zigzag gt168,HIGH_CONFIDENCE,KEEP,Already Goods and name is not a service,,0,0,0,0,0,0,False,0.0,27898.13
1238,1238,131-A Amarillo,consu,consu,True,True,True,True,Ferretería,,True,category=Ferretería; normalized=131-a amarillo,HIGH_CONFIDENCE,KEEP,Already Goods and name is not a service,,0,0,0,0,0,0,False,0.0,6778.81
1228,1228,131-A Amarillo Paginas PARA Impresora COLOR Laserjet,consu,consu,True,True,True,True,Tecnología,,True,category=Tecnología; normalized=131-a amarillo paginas para impresora color laserjet,HIGH_CONFIDENCE,KEEP,Already Goods and name is not a service,,0,0,0,0,0,0,False,0.0,12300.21
1241,1241,136-A NEGRO,consu,consu,True,True,True,True,Ferretería,,True,category=Ferretería; normalized=136-a negro,HIGH_CONFIDENCE,KEEP,Already Goods and name is not a service,,0,0,0,0,0,0,False,0.0,1850.0
1231,1231,136-A NEGRO TONER Standard HP,consu,consu,True,True,True,True,Tecnología,,True,category=Tecnología; normalized=136-a negro toner standard hp,DETERMINISTIC,KEEP,"Physical material, merchandise, food or tool",,0,0,0,0,0,0,False,0.0,4975.0
1239,1239,137-A NEGRO,consu,consu,True,True,True,True,Ferretería,,True,category=Ferretería; normalized=137-a negro,HIGH_CONFIDENCE,KEEP,Already Goods and name is not a service,,0,0,0,0,0,0,False,0.0,2000.0
1229,1229,137-A NEGRO TONER Standard HP,consu,consu,True,True,True,True,Tecnología,,True,category=Tecnología; normalized=137-a negro toner standard hp,DETERMINISTIC,KEEP,"Physical material, merchandise, food or tool",,0,0,0,0,0,0,False,0.0,6295.0
856,856,14111530 - Papel De Notas(...),consu,consu,True,True,True,True,Oficina,,True,category=Oficina; normalized=14111530 - papel de notas ...,HIGH_CONFIDENCE,KEEP,Already Goods and name is not a service,,0,0,0,0,0,0,False,0.0,26.0
261,261,1/4 Masilla P/madera Wood F Caoba WF-828-,consu,consu,True,True,True,True,Mobiliario,,True,category=Mobiliario; normalized=1/4 masilla p/madera wood f caoba wf-828-,HIGH_CONFIDENCE,KEEP,Already Goods and name is not a service,,0,0,0,0,0,0,False,0.0,630.0
262,262,1/4 Pasta Acrilica Cano (32 OZ),consu,consu,True,True,True,True,Ferretería,,True,category=Ferretería; normalized=1/4 pasta acrilica cano 32 oz,HIGH_CONFIDENCE,KEEP,Already Goods and name is not a service,,0,0,0,0,0,0,False,0.0,790.0
469,469,1/4 PASTA Acrilica CANO BLANCA (32 OZ),consu,consu,True,True,True,True,Ferretería,,True,category=Ferretería; normalized=1/4 pasta acrilica cano blanca 32 oz,HIGH_CONFIDENCE,KEEP,Already Goods and name is not a service,,0,0,0,0,0,0,False,0.0,790.0
470,470,1/4 PASTA Acrilica CANO CAOBA (32 OZ),consu,consu,True,True,True,True,Ferretería,,True,category=Ferretería; normalized=1/4 pasta acrilica cano caoba 32 oz,HIGH_CONFIDENCE,KEEP,Already Goods and name is not a service,,0,0,0,0,0,0,False,0.0,400.49
671,671,1/4 PASTA Acrilica CANO MARRON (32 OZ),consu,consu,True,True,True,True,Ferretería,,True,category=Ferretería; normalized=1/4 pasta acrilica cano marron 32 oz,HIGH_CONFIDENCE,KEEP,Already Goods and name is not a service,,0,0,0,0,0,0,False,0.0,790.0
1194,1194,195R15COSMO EL JEFE VAN Ll 8 PR,consu,consu,True,True,True,True,Ferretería,,True,category=Ferretería; normalized=195r15cosmo el jefe van ll 8 pr,HIGH_CONFIDENCE,KEEP,Already Goods and name is not a service,,0,0,0,0,0,0,False,0.0,8944.95
140,140,201-A TONER HP PARA IMPRESORA COLOR LASERJET (W277),consu,consu,True,True,False,True,,,True,invoice_lines=1; normalized=201-a toner hp para impresora color laserjet w277,DETERMINISTIC,FIX_PURCHASE_OK,"Physical material, merchandise, food or tool",,0,0,1,0,0,0,False,0.0,5645.0
141,141,215-A TONER HP LASERJET PRO 201A (CF401A) CYAN,consu,consu,True,True,False,True,,,True,invoice_lines=1; normalized=215-a toner hp laserjet pro 201a cf401a cyan,DETERMINISTIC,FIX_PURCHASE_OK,"Physical material, merchandise, food or tool",,0,0,1,0,0,0,False,0.0,6947.0
1224,1224,215-A TONER HP PARA Impresora COLOR Laserjet (w2310a ) NEGRO,consu,consu,True,True,True,True,Tecnología,,True,category=Tecnología; normalized=215-a toner hp para impresora color laserjet w2310a negro,DETERMINISTIC,KEEP,"Physical material, merchandise, food or tool",,0,0,0,0,0,0,False,0.0,6952.05
1234,1234,215-A (w2310a ) Magenta,consu,consu,True,True,True,True,Ferretería,,True,category=Ferretería; normalized=215-a w2310a magenta,HIGH_CONFIDENCE,KEEP,Already Goods and name is not a service,,0,0,0,0,0,0,False,0.0,3894.07
1233,1233,215-A (w2310a ) NEGRO,consu,consu,True,True,True,True,Ferretería,,True,category=Ferretería; normalized=215-a w2310a negro,HIGH_CONFIDENCE,KEEP,Already Goods and name is not a service,,0,0,0,0,0,0,False,0.0,3605.93
1195,1195,265/65R17 Bfgoodrich Trail-terra,consu,consu,True,True,True,True,Ferretería,,True,category=Ferretería; normalized=265/65r17 bfgoodrich trail-terra,HIGH_CONFIDENCE,KEEP,Already Goods and name is not a service,,0,0,0,0,0,0,False,0.0,19386.64
509,509,2812013 Recogedor LINDA C/PALO PALOS 32 PULG LINDA,consu,consu,True,True,True,True,Ferretería,,True,category=Ferretería; normalized=2812013 recogedor linda c/palo palos 32 pulg linda,HIGH_CONFIDENCE,KEEP,Already Goods and name is not a service,,0,0,0,0,0,0,False,0.0,250.0
844,844,43201811 - Disco Versátil(...),consu,consu,True,True,True,True,Ferretería,,True,category=Ferretería; normalized=43201811 - disco versatil ...,HIGH_CONFIDENCE,KEEP,Already Goods and name is not a service,,0,0,0,0,0,0,False,0.0,18.22
833,833,43202001 - Discos Compact(...),consu,consu,True,True,True,True,Ferretería,,True,category=Ferretería; normalized=43202001 - discos compact ...,HIGH_CONFIDENCE,KEEP,Already Goods and name is not a service,,0,0,0,0,0,0,False,0.0,19.71
853,853,44101602 - Máquinas Perfo(...),consu,consu,True,True,True,True,Ferretería,,True,category=Ferretería; normalized=44101602 - maquinas perfo ...,HIGH_CONFIDENCE,KEEP,Already Goods and name is not a service,,0,0,0,0,0,0,False,0.0,1250.0
827,827,44103111 - Rollos De Tint(...),consu,consu,True,True,True,True,Ferretería,,True,category=Ferretería; normalized=44103111 - rollos de tint ...,HIGH_CONFIDENCE,KEEP,Already Goods and name is not a service,,0,0,0,0,0,0,False,0.0,150.0
847,847,44111515 - Cajas U Organi(...),consu,consu,True,True,True,True,Ferretería,,True,category=Ferretería; normalized=44111515 - cajas u organi ...,HIGH_CONFIDENCE,KEEP,Already Goods and name is not a service,,0,0,0,0,0,0,False,0.0,210.0
832,832,44121615 - Grapadoras,consu,consu,True,True,True,True,Ferretería,,True,category=Ferretería; normalized=44121615 - grapadoras,HIGH_CONFIDENCE,KEEP,Already Goods and name is not a service,,0,0,0,0,0,0,False,0.0,1700.0
851,851,44121622 - Humectante O C(...),consu,consu,True,True,True,True,Ferretería,,True,category=Ferretería; normalized=44121622 - humectante o c ...,HIGH_CONFIDENCE,KEEP,Already Goods and name is not a service,,0,0,0,0,0,0,False,0.0,70.0
846,846,44121706 - Lápices De Mad(...),consu,consu,True,True,True,True,Ferretería,,True,category=Ferretería; normalized=44121706 - lapices de mad ...,HIGH_CONFIDENCE,KEEP,Already Goods and name is not a service,,0,0,0,0,0,0,False,0.0,6.0
838,838,44121708 - Marcadores,consu,consu,True,True,True,True,Ferretería,,True,category=Ferretería; normalized=44121708 - marcadores,HIGH_CONFIDENCE,KEEP,Already Goods and name is not a service,,0,0,0,0,0,0,False,0.0,17.0
843,843,44121716 - Resaltadores,consu,consu,True,True,True,True,Ferretería,,True,category=Ferretería; normalized=44121716 - resaltadores,HIGH_CONFIDENCE,KEEP,Already Goods and name is not a service,,0,0,0,0,0,0,False,0.0,17.0
845,845,44121802 - Fluido De Corr(...),consu,consu,True,True,True,True,Ferretería,,True,category=Ferretería; normalized=44121802 - fluido de corr ...,HIGH_CONFIDENCE,KEEP,Already Goods and name is not a service,,0,0,0,0,0,0,False,0.0,35.0
834,834,44121905 - Almohadillas D(...),consu,consu,True,True,True,True,Ferretería,,True,category=Ferretería; normalized=44121905 - almohadillas d ...,HIGH_CONFIDENCE,KEEP,Already Goods and name is not a service,,0,0,0,0,0,0,False,0.0,800.0
820,820,44122011 - Folders,consu,consu,True,True,True,True,Oficina,,True,category=Oficina; normalized=44122011 - folders,HIGH_CONFIDENCE,KEEP,Already Goods and name is not a service,,0,0,0,0,0,0,False,0.0,350.0
837,837,44122104 - Clips Para Pap(...),consu,consu,True,True,True,True,Ferretería,,True,category=Ferretería; normalized=44122104 - clips para pap ...,HIGH_CONFIDENCE,KEEP,Already Goods and name is not a service,,0,0,0,0,0,0,False,0.0,37.0
1498,1498,5 Alambre THHN (AWG) #2 BLANCO PHELPS DODGE,consu,consu,True,True,True,True,Ferretería,,True,category=Ferretería; normalized=5 alambre thhn awg 2 blanco phelps dodge,DETERMINISTIC,KEEP,"Physical material, merchandise, food or tool",,0,0,0,0,0,0,False,0.0,216.8
857,857,60121701 - Sellos De Esta(...),consu,consu,True,True,True,True,Ferretería,,True,category=Ferretería; normalized=60121701 - sellos de esta ...,HIGH_CONFIDENCE,KEEP,Already Goods and name is not a service,,0,0,0,0,0,0,False,0.0,1800.0
82,82,6 TEFLON 3/4X0.075MMX10MTS ESTUCHE GENERICO,consu,consu,True,True,False,True,,,True,invoice_lines=1; normalized=6 teflon 3/4x0.075mmx10mts estuche generico,HIGH_CONFIDENCE,FIX_PURCHASE_OK,Already Goods and name is not a service,,0,0,1,0,0,0,False,0.0,61.97
1240,1240,87-A NEGRO,consu,consu,True,True,True,True,Ferretería,,True,category=Ferretería; normalized=87-a negro,HIGH_CONFIDENCE,KEEP,Already Goods and name is not a service,,0,0,0,0,0,0,False,0.0,1330.0
1230,1230,87-A NEGRO TONER CONY 87A,consu,consu,True,True,True,True,Tecnología,,True,category=Tecnología; normalized=87-a negro toner cony 87a,DETERMINISTIC,KEEP,"Physical material, merchandise, food or tool",,0,0,0,0,0,0,False,0.0,4946.0
1536,1536,Abanico DAIWA WF-S16M Pedestal 16'' SUPER GRIS,consu,consu,True,True,True,True,Electrodomésticos,,True,category=Electrodomésticos; normalized=abanico daiwa wf-s16m pedestal 16 super gris,DETERMINISTIC,KEEP,"Physical material, merchandise, food or tool",,0,0,0,0,0,0,False,0.0,2360.25
155,155,"ABANICO DAIWA WF-S16M PEDESTAL 16"" SUPER GRIS",consu,consu,True,True,False,True,,,True,"invoice_lines=1; normalized=abanico daiwa wf-s16m pedestal 16"" super gris",DETERMINISTIC,FIX_PURCHASE_OK,"Physical material, merchandise, food or tool",,0,0,1,0,0,0,False,0.0,2000.25
192,192,Abanico DE BOMBA Pedrollo CP-680A,consu,consu,True,True,True,True,Electrodomésticos,,True,category=Electrodomésticos; normalized=abanico de bomba pedrollo cp-680a,DETERMINISTIC,KEEP,"Physical material, merchandise, food or tool",,0,0,0,0,0,0,False,0.0,5000.0
441,441,Abanico DE PARED,consu,consu,True,True,True,True,Electrodomésticos,,True,category=Electrodomésticos; normalized=abanico de pared,DETERMINISTIC,KEEP,"Physical material, merchandise, food or tool",,0,0,0,0,0,0,False,0.0,6845.0
431,431,Abanico DE PARED DAIWA,consu,consu,True,True,True,True,Electrodomésticos,,True,category=Electrodomésticos; normalized=abanico de pared daiwa,DETERMINISTIC,KEEP,"Physical material, merchandise, food or tool",,0,0,0,0,0,0,False,0.0,6845.0
442,442,Abanico DE TECHO,consu,consu,True,True,True,True,Electrodomésticos,,True,category=Electrodomésticos; normalized=abanico de techo,DETERMINISTIC,KEEP,"Physical material, merchandise, food or tool",,0,0,0,0,0,0,False,0.0,13875.0
433,433,Abanico DE TECHO HUNTER,consu,consu,True,True,True,True,Electrodomésticos,,True,category=Electrodomésticos; normalized=abanico de techo hunter,DETERMINISTIC,KEEP,"Physical material, merchandise, food or tool",,0,0,0,0,0,0,False,0.0,13875.0
1575,1575,Abanico Discovery HOME 16'',consu,consu,True,True,True,True,Electrodomésticos,,True,category=Electrodomésticos; normalized=abanico discovery home 16,DETERMINISTIC,KEEP,"Physical material, merchandise, food or tool",,0,0,0,0,0,0,False,0.0,2260.0
56,56,"ABANICO DISCOVERY HOME 16""",consu,consu,True,True,False,True,,,True,"invoice_lines=1; normalized=abanico discovery home 16""",DETERMINISTIC,FIX_PURCHASE_OK,"Physical material, merchandise, food or tool",,0,0,1,0,0,0,False,0.0,1915.25
1519,1519,"Abanico KDK N56LG TECHO 56"" NEGRO",consu,consu,True,True,True,True,Electrodomésticos,,True,"category=Electrodomésticos; normalized=abanico kdk n56lg techo 56"" negro",DETERMINISTIC,KEEP,"Physical material, merchandise, food or tool",,0,0,0,0,0,0,False,0.0,8389.83
1588,1588,"Abanicos DE Pedestal KGLG 16""",consu,consu,True,True,True,True,Electrodomésticos,,True,"category=Electrodomésticos; normalized=abanicos de pedestal kglg 16""",DETERMINISTIC,KEEP,"Physical material, merchandise, food or tool",,0,0,0,0,0,0,False,0.0,2776.84
898,898,Abrazadera Unitron DE 3/4,consu,consu,True,True,True,True,Ferretería,,True,category=Ferretería; normalized=abrazadera unitron de 3/4,HIGH_CONFIDENCE,KEEP,Already Goods and name is not a service,,0,0,0,0,0,0,False,0.0,45.0
1402,1402,ACEITE 3 EN 1 1.05ONZ,consu,consu,True,True,True,True,Ferretería,,True,category=Ferretería; normalized=aceite 3 en 1 1.05onz,HIGH_CONFIDENCE,KEEP,Already Goods and name is not a service,,0,0,0,0,0,0,False,0.0,165.0
1528,1528,ACEITE DE SOYA LA JOYA 16 OZ 24/1,consu,consu,True,True,True,True,Ferretería,,True,category=Ferretería; normalized=aceite de soya la joya 16 oz 24/1,HIGH_CONFIDENCE,KEEP,Already Goods and name is not a service,,0,0,0,0,0,0,False,0.0,1236.0
1169,1169,ACEITE Kendall AIR COOLED 2T,consu,consu,True,True,True,True,Material eléctrico,,True,category=Material eléctrico; normalized=aceite kendall air cooled 2t,HIGH_CONFIDENCE,KEEP,Already Goods and name is not a service,,0,0,0,0,0,0,False,0.0,1250.0
1170,1170,ACEITE Kendall MOTO 4T Mineral 20W-50,consu,consu,True,True,True,True,Ferretería,,True,category=Ferretería; normalized=aceite kendall moto 4t mineral 20w-50,HIGH_CONFIDENCE,KEEP,Already Goods and name is not a service,,0,0,0,0,0,0,False,0.0,1535.6
170,170,Acera E=0.10m Malla Electrosold. D2.3 10x10 (violinada),consu,consu,True,True,True,True,Ferretería,,True,category=Ferretería; normalized=acera e 0.10m malla electrosold. d2.3 10x10 violinada,HIGH_CONFIDENCE,KEEP,Already Goods and name is not a service,,0,0,0,0,0,0,False,0.0,10300.0
175,175,Acera En Hormigon 210 Kg/cm2- E=0.10m (violinada),consu,consu,True,True,True,True,Construcción,,True,category=Construcción; normalized=acera en hormigon 210 kg/cm2- e 0.10m violinada,DETERMINISTIC,KEEP,"Physical material, merchandise, food or tool",,0,0,0,0,0,0,False,0.0,10300.0
903,903,"Acondicionador DE AIRE A/C Inverte DE 12MIL BTU, Eficiencia 16",consu,consu,True,True,True,True,Ferretería,,True,category=Ferretería; normalized=acondicionador de aire a/c inverte de 12mil btu eficiencia 16,HIGH_CONFIDENCE,KEEP,Already Goods and name is not a service,,0,0,0,0,0,0,False,0.0,43992.5
1186,1186,"Acondicionador DE AIRE A/C Inverte DE 18MIL BTU, Eficiencia 19 G-air/comfort TIME",consu,consu,True,True,True,True,Ferretería,,True,category=Ferretería; normalized=acondicionador de aire a/c inverte de 18mil btu eficiencia 19 g-air/comfort time,HIGH_CONFIDENCE,KEEP,Already Goods and name is not a service,,0,0,0,0,0,0,False,0.0,35995.84
1187,1187,"Acondicionador DE AIRE A/C Inverte DE 24MIL BTU, Eficiencia 19 G-air/comfort TIME",consu,consu,True,True,True,True,Ferretería,,True,category=Ferretería; normalized=acondicionador de aire a/c inverte de 24mil btu eficiencia 19 g-air/comfort time,HIGH_CONFIDENCE,KEEP,Already Goods and name is not a service,,0,0,0,0,0,0,False,0.0,46988.4
1188,1188,"Acondicionador DE AIRE Dutiable A/C Inverte DE 5 TON, Eficiencia 19 G-air/comfort TIME",consu,consu,True,True,True,True,Ferretería,,True,category=Ferretería; normalized=acondicionador de aire dutiable a/c inverte de 5 ton eficiencia 19 g-air/comfort time,HIGH_CONFIDENCE,KEEP,Already Goods and name is not a service,,0,0,0,0,0,0,False,0.0,486958.0
193,193,Acondicionamiento DE BOMBA DE AGUA CON Pintura Industrial,consu,consu,True,True,True,True,Pinturas,,True,category=Pinturas; normalized=acondicionamiento de bomba de agua con pintura industrial,DETERMINISTIC,KEEP,"Physical material, merchandise, food or tool",,0,0,0,0,0,0,False,0.0,3000.0
494,494,Acondicionamiento De Techo Con Mortero,consu,consu,True,True,True,True,Ferretería,,True,category=Ferretería; normalized=acondicionamiento de techo con mortero,HIGH_CONFIDENCE,KEEP,Already Goods and name is not a service,,0,0,0,0,0,0,False,0.0,72.35
443,443,Acrlico AZUL NAVY Ext-int PRO,consu,consu,True,True,True,True,Ferretería,,True,category=Ferretería; normalized=acrlico azul navy ext-int pro,HIGH_CONFIDENCE,KEEP,Already Goods and name is not a service,,0,0,0,0,0,0,False,0.0,2595.5
415,415,Acrlico AZUL NAVY Ext-int PRO Popular,consu,consu,True,True,True,True,Ferretería,,True,category=Ferretería; normalized=acrlico azul navy ext-int pro popular,HIGH_CONFIDENCE,KEEP,Already Goods and name is not a service,,0,0,0,0,0,0,False,0.0,2595.5
179,179,A/C Split 12 Btu,consu,consu,True,True,True,True,Ferretería,,True,category=Ferretería; normalized=a/c split 12 btu,HIGH_CONFIDENCE,KEEP,Already Goods and name is not a service,,0,0,0,0,0,0,False,0.0,3500.0
180,180,A/C Split 24 Btu,consu,consu,True,True,True,True,Ferretería,,True,category=Ferretería; normalized=a/c split 24 btu,HIGH_CONFIDENCE,KEEP,Already Goods and name is not a service,,0,0,0,0,0,0,False,0.0,6000.0
182,182,A/C Tipo Paquete De 10 Ton,consu,consu,True,True,True,True,Ferretería,,True,category=Ferretería; normalized=a/c tipo paquete de 10 ton,HIGH_CONFIDENCE,KEEP,Already Goods and name is not a service,,0,0,0,0,0,0,False,0.0,7500.0
488,488,Adaptadoe DE RUTER DE 1/2 A UN 1/4,consu,consu,True,True,True,True,Ferretería,,True,category=Ferretería; normalized=adaptadoe de ruter de 1/2 a un 1/4,HIGH_CONFIDENCE,KEEP,Already Goods and name is not a service,,0,0,0,0,0,0,False,0.0,945.6
710,710,Adaptador MACHO PVC1,consu,consu,True,True,True,True,Plomería,,True,category=Plomería; normalized=adaptador macho pvc1,HIGH_CONFIDENCE,KEEP,Already Goods and name is not a service,,0,0,0,0,0,0,False,0.0,40.0
116,116,ADAPTADOR MACHO PVC 1 PRESION CORVI/DURMAN,consu,consu,True,True,False,True,,,True,invoice_lines=1; normalized=adaptador macho pvc 1 presion corvi/durman,HIGH_CONFIDENCE,FIX_PURCHASE_OK,Already Goods and name is not a service,,0,0,1,0,0,0,False,0.0,15.98
117,117,ADAPTADOR MACHO PVC 3/4,consu,consu,True,True,False,True,,,True,invoice_lines=1; normalized=adaptador macho pvc 3/4,HIGH_CONFIDENCE,FIX_PURCHASE_OK,Already Goods and name is not a service,,0,0,1,0,0,0,False,0.0,30.0
695,695,Adhesivo EN Aerosol,consu,consu,True,True,True,True,Ferretería,,True,category=Ferretería; normalized=adhesivo en aerosol,HIGH_CONFIDENCE,KEEP,Already Goods and name is not a service,,0,0,0,0,0,0,False,0.0,1243.2
1075,1075,Agregado FINO (arena) DE Empañete Khoury/grupo Alterra,consu,consu,True,True,True,True,Construcción,,True,category=Construcción; normalized=agregado fino arena de empanete khoury/grupo alterra,DETERMINISTIC,KEEP,"Physical material, merchandise, food or tool",,0,0,0,0,0,0,False,0.0,2490.0
1116,1116,Agregado FINO (arena) ITABO,consu,consu,True,True,True,True,Construcción,,True,category=Construcción; normalized=agregado fino arena itabo,DETERMINISTIC,KEEP,"Physical material, merchandise, food or tool",,0,0,0,0,0,0,False,0.0,3330.0
1077,1077,Agregado FINO (arena) ITABO Khoury/grupo Alterra,consu,consu,True,True,True,True,Construcción,,True,category=Construcción; normalized=agregado fino arena itabo khoury/grupo alterra,DETERMINISTIC,KEEP,"Physical material, merchandise, food or tool",,0,0,0,0,0,0,False,0.0,1795.0
20,20,AGREGADO FINO (ARENA LAVADA),service,consu,True,True,False,True,,,True,invoice_lines=1; normalized=agregado fino arena lavada,DETERMINISTIC,FIX_TYPE_AND_FLAGS,"Physical material, merchandise, food or tool",PHYSICAL_AS_SERVICE,0,0,1,0,0,0,False,0.0,4070.0
139,139,(AGREGADO FINO) ARENA LAVADA AZUL,service,consu,True,True,False,True,,,True,invoice_lines=1; normalized=agregado fino arena lavada azul,DETERMINISTIC,FIX_TYPE_AND_FLAGS,"Physical material, merchandise, food or tool",PHYSICAL_AS_SERVICE,0,0,1,0,0,0,False,0.0,1990.51
1074,1074,Agregado FINO (arena) LAVADA Khoury/grupo Alterra,consu,consu,True,True,True,True,Construcción,,True,category=Construcción; normalized=agregado fino arena lavada khoury/grupo alterra,DETERMINISTIC,KEEP,"Physical material, merchandise, food or tool",,0,0,0,0,0,0,False,0.0,2098.0
21,21,Agregado grueso (grava) 3/4,service,consu,False,True,True,True,,,True,invoice_lines=1; normalized=agregado grueso grava 3/4,DETERMINISTIC,FIX_TYPE_AND_FLAGS,"Physical material, merchandise, food or tool",PHYSICAL_AS_SERVICE,0,0,1,0,0,0,False,0.0,2054.91
138,138,(AGREGADO GRUESO) GRAVA 3/4,service,consu,True,True,False,True,,,False,invoice_lines=1; normalized=agregado grueso grava 3/4,DETERMINISTIC,KEEP_ARCHIVED,"Physical material, merchandise, food or tool; archived — do not reactivate",PHYSICAL_AS_SERVICE,0,0,1,0,0,0,False,0.0,2054.91
1076,1076,Agregado GRUESO (grava) 3/4 Khoury/grupo Alterra,consu,consu,True,True,True,True,Construcción,,True,category=Construcción; normalized=agregado grueso grava 3/4 khoury/grupo alterra,DETERMINISTIC,KEEP,"Physical material, merchandise, food or tool",,0,0,0,0,0,0,False,0.0,1755.0
1106,1106,Agregado GRUESO (GRAVA Caliza) 3/4,consu,consu,True,True,True,True,Construcción,,True,category=Construcción; normalized=agregado grueso grava caliza 3/4,DETERMINISTIC,KEEP,"Physical material, merchandise, food or tool",,0,0,0,0,0,0,False,0.0,5800.0
1390,1390,Agua Ras,consu,consu,True,True,True,True,Ferretería,,True,category=Ferretería; normalized=agua ras,HIGH_CONFIDENCE,KEEP,Already Goods and name is not a service,,0,0,0,0,0,0,False,0.0,750.0
1329,1329,Aire Acondicionado De 18 Btu,consu,consu,True,True,True,True,Ferretería,,True,category=Ferretería; normalized=aire acondicionado de 18 btu,HIGH_CONFIDENCE,KEEP,Already Goods and name is not a service,,0,0,0,0,0,0,False,0.0,67500.0
1173,1173,Alambre #10,consu,consu,True,True,True,True,Ferretería,,True,category=Ferretería; normalized=alambre 10,DETERMINISTIC,KEEP,"Physical material, merchandise, food or tool",,0,0,0,0,0,0,False,0.0,30.0
215,215,Alambre #10 AWG,consu,consu,True,True,True,True,Ferretería,,True,category=Ferretería; normalized=alambre 10 awg,DETERMINISTIC,KEEP,"Physical material, merchandise, food or tool",,0,0,0,0,0,0,False,0.0,39.2
1035,1035,Alambre 12,consu,consu,True,True,True,True,Ferretería,,True,category=Ferretería; normalized=alambre 12,DETERMINISTIC,KEEP,"Physical material, merchandise, food or tool",,0,0,0,0,0,0,False,0.0,34.0
217,217,Alambre 12/2 AWG PHELPS DODGE,consu,consu,True,True,True,True,Ferretería,,True,category=Ferretería; normalized=alambre 12/2 awg phelps dodge,DETERMINISTIC,KEEP,"Physical material, merchandise, food or tool",,0,0,0,0,0,0,False,0.0,57.2
132,132,ALAMBRE 12/3 AWG THHN,consu,consu,True,True,False,True,,,True,invoice_lines=1; normalized=alambre 12/3 awg thhn,DETERMINISTIC,FIX_PURCHASE_OK,"Physical material, merchandise, food or tool",,0,0,1,0,0,0,False,0.0,70.0
900,900,Alambre AWG NO. 6 BLANCO,consu,consu,True,True,True,True,Ferretería,,True,category=Ferretería; normalized=alambre awg no. 6 blanco,DETERMINISTIC,KEEP,"Physical material, merchandise, food or tool",,0,0,0,0,0,0,False,0.0,47.0
899,899,Alambre AWG NO.6 NEGRO,consu,consu,True,True,True,True,Ferretería,,True,category=Ferretería; normalized=alambre awg no.6 negro,DETERMINISTIC,KEEP,"Physical material, merchandise, food or tool",,0,0,0,0,0,0,False,0.0,47.0
771,771,Alambre CAL 10,consu,consu,True,True,True,True,Ferretería,,True,category=Ferretería; normalized=alambre cal 10,DETERMINISTIC,KEEP,"Physical material, merchandise, food or tool",,0,0,0,0,0,0,False,0.0,30.0
770,770,Alambre CAL 12,consu,consu,True,True,True,True,Ferretería,,True,category=Ferretería; normalized=alambre cal 12,DETERMINISTIC,KEEP,"Physical material, merchandise, food or tool",,0,0,0,0,0,0,False,0.0,34.0
1115,1115,Alambre CAL-16,consu,consu,True,True,True,True,Ferretería,,True,category=Ferretería; normalized=alambre cal-16,DETERMINISTIC,KEEP,"Physical material, merchandise, food or tool",,0,0,0,0,0,0,False,0.0,136.0
338,338,Alambre CAL 18 Galvanizado ASTM A641,consu,consu,True,True,True,True,Ferretería,,True,category=Ferretería; normalized=alambre cal 18 galvanizado astm a641,DETERMINISTIC,KEEP,"Physical material, merchandise, food or tool",,0,0,0,0,0,0,False,0.0,83.53
902,902,Alambre DE GOMA 10/2 .,consu,consu,True,True,True,True,Neumáticos,,True,category=Neumáticos; normalized=alambre de goma 10/2 .,DETERMINISTIC,KEEP,"Physical material, merchandise, food or tool",,0,0,0,0,0,0,False,0.0,41.0
94,94,ALAMBRE DE GOMA 10/2 AWG,consu,consu,True,True,False,True,,,True,invoice_lines=1; normalized=alambre de goma 10/2 awg,DETERMINISTIC,FIX_PURCHASE_OK,"Physical material, merchandise, food or tool",,0,0,1,0,0,0,False,0.0,113.0
340,340,Alambre DE GOMA #10/3 AWG,consu,consu,True,True,True,True,Neumáticos,,True,category=Neumáticos; normalized=alambre de goma 10/3 awg,DETERMINISTIC,KEEP,"Physical material, merchandise, food or tool",,0,0,0,0,0,0,False,0.0,75.0
536,536,Alambre DE GOMA 12/2,consu,consu,True,True,True,True,Neumáticos,,True,category=Neumáticos; normalized=alambre de goma 12/2,DETERMINISTIC,KEEP,"Physical material, merchandise, food or tool",,0,0,0,0,0,0,False,0.0,43.0
284,284,Alambre DE GOMA #12/2 AWG,consu,consu,True,True,True,True,Neumáticos,,True,category=Neumáticos; normalized=alambre de goma 12/2 awg,DETERMINISTIC,KEEP,"Physical material, merchandise, food or tool",,0,0,0,0,0,0,False,0.0,43.0
216,216,Alambre DE GOMA 12/3,consu,consu,True,True,True,True,Neumáticos,,True,category=Neumáticos; normalized=alambre de goma 12/3,DETERMINISTIC,KEEP,"Physical material, merchandise, food or tool",,0,0,0,0,0,0,False,0.0,68.0
95,95,ALAMBRE DE GOMA 6/2 AWG,consu,consu,True,True,False,True,,,True,invoice_lines=1; normalized=alambre de goma 6/2 awg,DETERMINISTIC,FIX_PURCHASE_OK,"Physical material, merchandise, food or tool",,0,0,1,0,0,0,False,0.0,189.6
901,901,Alambre DE GOMA 8/2,consu,consu,True,True,True,True,Neumáticos,,True,category=Neumáticos; normalized=alambre de goma 8/2,DETERMINISTIC,KEEP,"Physical material, merchandise, food or tool",,0,0,0,0,0,0,False,0.0,56.0
341,341,Alambre DE GOMA #8/3 AWG,consu,consu,True,True,True,True,Neumáticos,,True,category=Neumáticos; normalized=alambre de goma 8/3 awg,DETERMINISTIC,KEEP,"Physical material, merchandise, food or tool",,0,0,0,0,0,0,False,0.0,125.0
109,109,ALAMBRE DE GOMA (AWG) 12/2 PHELPS DODGE,consu,consu,True,True,False,True,,,True,invoice_lines=1; normalized=alambre de goma awg 12/2 phelps dodge,DETERMINISTIC,FIX_PURCHASE_OK,"Physical material, merchandise, food or tool",,0,0,1,0,0,0,False,0.0,53.2
108,108,ALAMBRE DE GOMA AWG 12/3 AWG PHELPS DODGE,consu,consu,True,True,False,True,,,True,invoice_lines=1; normalized=alambre de goma awg 12/3 awg phelps dodge,DETERMINISTIC,FIX_PURCHASE_OK,"Physical material, merchandise, food or tool",,0,0,1,0,0,0,False,0.0,79.86
1066,1066,Alambre DE PUA 16'',consu,consu,True,True,True,True,Ferretería,,True,category=Ferretería; normalized=alambre de pua 16,DETERMINISTIC,KEEP,"Physical material, merchandise, food or tool",,0,0,0,0,0,0,False,0.0,3900.0
535,535,Alambre DE VINIL 12/2 AWG PHELPS DODGE,consu,consu,True,True,True,True,Ferretería,,True,category=Ferretería; normalized=alambre de vinil 12/2 awg phelps dodge,DETERMINISTIC,KEEP,"Physical material, merchandise, food or tool",,0,0,0,0,0,0,False,0.0,57.2
537,537,Alambre DE VINIL 14/2 AWG PHELPS DODGE,consu,consu,True,True,True,True,Ferretería,,True,category=Ferretería; normalized=alambre de vinil 14/2 awg phelps dodge,DETERMINISTIC,KEEP,"Physical material, merchandise, food or tool",,0,0,0,0,0,0,False,0.0,47.6
133,133,ALAMBRE D/GOMA 4X1.5M AWG THHN,consu,consu,True,True,False,True,,,True,invoice_lines=1; normalized=alambre d/goma 4x1.5m awg thhn,DETERMINISTIC,FIX_PURCHASE_OK,"Physical material, merchandise, food or tool",,0,0,1,0,0,0,False,0.0,72.0
107,107,ALAMBRE DUPLEX 1.5MM PHELPS DODGE,consu,consu,True,True,False,True,,,True,invoice_lines=1; normalized=alambre duplex 1.5mm phelps dodge,DETERMINISTIC,FIX_PURCHASE_OK,"Physical material, merchandise, food or tool",,0,0,1,0,0,0,False,0.0,22.56
295,295,Alambre DUPLO #12 AWG,consu,consu,True,True,True,True,Ferretería,,True,category=Ferretería; normalized=alambre duplo 12 awg,DETERMINISTIC,KEEP,"Physical material, merchandise, food or tool",,0,0,0,0,0,0,False,0.0,40.0
1166,1166,Alambre ELEC. AWG #12 NEGRO,consu,consu,True,True,True,True,Ferretería,,True,category=Ferretería; normalized=alambre elec. awg 12 negro,DETERMINISTIC,KEEP,"Physical material, merchandise, food or tool",,0,0,0,0,0,0,False,0.0,11500.0
863,863,Alambre ELECT 4.0mm(#10),consu,consu,True,True,True,True,Ferretería,,True,category=Ferretería; normalized=alambre elect 4.0mm 10,DETERMINISTIC,KEEP,"Physical material, merchandise, food or tool",,0,0,0,0,0,0,False,0.0,15.5
283,283,Alambre Elect. AWG #12,consu,consu,True,True,True,True,Ferretería,,True,category=Ferretería; normalized=alambre elect. awg 12,DETERMINISTIC,KEEP,"Physical material, merchandise, food or tool",,0,0,0,0,0,0,False,0.0,11500.0
232,232,Alambre ELECT. AWG #12 BLANCO,consu,consu,True,True,True,True,Ferretería,,True,category=Ferretería; normalized=alambre elect. awg 12 blanco,DETERMINISTIC,KEEP,"Physical material, merchandise, food or tool",,0,0,0,0,0,0,False,0.0,23.0
231,231,Alambre ELECT. AWG #12 NEGRO,consu,consu,True,True,True,True,Ferretería,,True,category=Ferretería; normalized=alambre elect. awg 12 negro,DETERMINISTIC,KEEP,"Physical material, merchandise, food or tool",,0,0,0,0,0,0,False,0.0,23.0
328,328,Alambre Electrico #12 STD NEGRO,consu,consu,True,True,True,True,Ferretería,,True,category=Ferretería; normalized=alambre electrico 12 std negro,DETERMINISTIC,KEEP,"Physical material, merchandise, food or tool",,0,0,0,0,0,0,False,0.0,20.0
533,533,Alambre Galvanizado C-18 C-18 Generico,consu,consu,True,True,True,True,Ferretería,,True,category=Ferretería; normalized=alambre galvanizado c-18 c-18 generico,DETERMINISTIC,KEEP,"Physical material, merchandise, food or tool",,0,0,0,0,0,0,False,0.0,5906.85
1191,1191,Alambre GALV. PICADO 12.5LB/1 C-16 GRUESO,consu,consu,True,True,True,True,Ferretería,,True,category=Ferretería; normalized=alambre galv. picado 12.5lb/1 c-16 grueso,DETERMINISTIC,KEEP,"Physical material, merchandise, food or tool",,0,0,0,0,0,0,False,0.0,729.76
1189,1189,Alambre GALV. PICADO 12.5LB C-16 GRUESO,consu,consu,True,True,True,True,Ferretería,,True,category=Ferretería; normalized=alambre galv. picado 12.5lb c-16 grueso,DETERMINISTIC,KEEP,"Physical material, merchandise, food or tool",,0,0,0,0,0,0,False,0.0,679.66
864,864,Alambre GOMA 10/2 (4.0/2),consu,consu,True,True,True,True,Neumáticos,,True,category=Neumáticos; normalized=alambre goma 10/2 4.0/2,DETERMINISTIC,KEEP,"Physical material, merchandise, food or tool",,0,0,0,0,0,0,False,0.0,50.0
327,327,Alambre GOMA 10/3,consu,consu,True,True,True,True,Neumáticos,,True,category=Neumáticos; normalized=alambre goma 10/3,DETERMINISTIC,KEEP,"Physical material, merchandise, food or tool",,0,0,0,0,0,0,False,0.0,75.0
329,329,Alambre GOMA 14/2,consu,consu,True,True,True,True,Neumáticos,,True,category=Neumáticos; normalized=alambre goma 14/2,DETERMINISTIC,KEEP,"Physical material, merchandise, food or tool",,0,0,0,0,0,0,False,0.0,27.0
326,326,Alambre GOMA 8/3,consu,consu,True,True,True,True,Neumáticos,,True,category=Neumáticos; normalized=alambre goma 8/3,DETERMINISTIC,KEEP,"Physical material, merchandise, food or tool",,0,0,0,0,0,0,False,0.0,125.0
110,110,ALAMBRE THHN (AWG) #10 NEGRO PHELPS DODGE,consu,consu,True,True,False,True,,,True,invoice_lines=1; normalized=alambre thhn awg 10 negro phelps dodge,DETERMINISTIC,FIX_PURCHASE_OK,"Physical material, merchandise, food or tool",,0,0,1,0,0,0,False,0.0,40.0
111,111,ALAMBRE THHN (AWG) #12 NEGRO PHELPS DODGE,consu,consu,True,True,False,True,,,True,invoice_lines=1; normalized=alambre thhn awg 12 negro phelps dodge,DETERMINISTIC,FIX_PURCHASE_OK,"Physical material, merchandise, food or tool",,0,0,1,0,0,0,False,0.0,25.33
124,124,ALAMBRE THHN (AWG) #2 BLANCO PHELPS DODGE,consu,consu,True,True,False,True,,,True,invoice_lines=1; normalized=alambre thhn awg 2 blanco phelps dodge,DETERMINISTIC,FIX_PURCHASE_OK,"Physical material, merchandise, food or tool",,0,0,1,0,0,0,False,0.0,216.8
125,125,ALAMBRE THHN (AWG) #4 ROJO PHELPS DODGE,consu,consu,True,True,False,True,,,True,invoice_lines=1; normalized=alambre thhn awg 4 rojo phelps dodge,DETERMINISTIC,FIX_PURCHASE_OK,"Physical material, merchandise, food or tool",,0,0,1,0,0,0,False,0.0,136.24
106,106,ALAMBRE THHN (AWG) #8 NEGRO AWG PHELPS DODGE,consu,consu,True,True,False,True,,,True,invoice_lines=1; normalized=alambre thhn awg 8 negro awg phelps dodge,DETERMINISTIC,FIX_PURCHASE_OK,"Physical material, merchandise, food or tool",,0,0,1,0,0,0,False,0.0,55.28
105,105,ALAMBRE VINYL (AWG) 12/2 GRIS PHELPS DODGE,consu,consu,True,True,False,True,,,True,invoice_lines=1; normalized=alambre vinyl awg 12/2 gris phelps dodge,DETERMINISTIC,FIX_PURCHASE_OK,"Physical material, merchandise, food or tool",,0,0,1,0,0,0,False,0.0,62.8
1084,1084,"Alicate DE Presion 10""",consu,consu,True,True,True,True,Herramientas,,True,"category=Herramientas; normalized=alicate de presion 10""",DETERMINISTIC,KEEP,"Physical material, merchandise, food or tool",,0,0,0,0,0,0,False,0.0,1125.3
483,483,"Alicate DE Presion 10"" TRUPER",consu,consu,True,True,True,True,Herramientas,,True,"category=Herramientas; normalized=alicate de presion 10"" truper",DETERMINISTIC,KEEP,"Physical material, merchandise, food or tool",,0,0,0,0,0,0,False,0.0,1050.95
1494,1494,Alicate Extension 12'' Stanley,consu,consu,True,True,True,True,Herramientas,,True,category=Herramientas; normalized=alicate extension 12 stanley,DETERMINISTIC,KEEP,"Physical material, merchandise, food or tool",,0,0,0,0,0,0,False,0.0,1338.0
118,118,"ALICATE EXTENSION 12"" STANLEY",consu,consu,True,True,False,True,,,True,"invoice_lines=1; normalized=alicate extension 12"" stanley",DETERMINISTIC,FIX_PURCHASE_OK,"Physical material, merchandise, food or tool",,0,0,1,0,0,0,False,0.0,1338.0
540,540,Alicate P/electricista 8'' 10113 KENDO,consu,consu,True,True,True,True,Herramientas,,True,category=Herramientas; normalized=alicate p/electricista 8 10113 kendo,DETERMINISTIC,KEEP,"Physical material, merchandise, food or tool",,0,0,0,0,0,0,False,0.0,345.0
1043,1043,"Alicate Universal 13"" TRUPER",consu,consu,True,True,True,True,Herramientas,,True,"category=Herramientas; normalized=alicate universal 13"" truper",DETERMINISTIC,KEEP,"Physical material, merchandise, food or tool",,0,0,0,0,0,0,False,0.0,1300.0
1275,1275,Alquiler POR DIA Compresor DOS Pistolas,consu,consu,True,True,True,True,Ferretería,,True,category=Ferretería; normalized=alquiler por dia compresor dos pistolas,HIGH_CONFIDENCE,KEEP,Already Goods and name is not a service,,0,0,0,0,0,0,False,0.0,22000.0
1469,1469,Amarillo Positivo Pintura Acrilica,consu,consu,True,True,True,True,Pinturas,,True,category=Pinturas; normalized=amarillo positivo pintura acrilica,DETERMINISTIC,KEEP,"Physical material, merchandise, food or tool",,0,0,0,0,0,0,False,0.0,11630.8
1111,1111,Amarillo Positivo Pintura Acrilica Tropical/popular,consu,consu,True,True,True,True,Pinturas,,True,category=Pinturas; normalized=amarillo positivo pintura acrilica tropical/popular,DETERMINISTIC,KEEP,"Physical material, merchandise, food or tool",,0,0,0,0,0,0,False,0.0,11790.13
1178,1178,Ambientador EN Aerosol GLADE Lavanda Lavanda Y Vainilla,consu,consu,True,True,True,True,Ferretería,,True,category=Ferretería; normalized=ambientador en aerosol glade lavanda lavanda y vainilla,HIGH_CONFIDENCE,KEEP,Already Goods and name is not a service,,0,0,0,0,0,0,False,0.0,425.0
1179,1179,Ambientador EN Aerosol GLADE Manzana Y CANELA,consu,consu,True,True,True,True,Ferretería,,True,category=Ferretería; normalized=ambientador en aerosol glade manzana y canela,HIGH_CONFIDENCE,KEEP,Already Goods and name is not a service,,0,0,0,0,0,0,False,0.0,424.5
1177,1177,Ambientador EN Aerosol GLADE Paraiso AZUL,consu,consu,True,True,True,True,Ferretería,,True,category=Ferretería; normalized=ambientador en aerosol glade paraiso azul,HIGH_CONFIDENCE,KEEP,Already Goods and name is not a service,,0,0,0,0,0,0,False,0.0,425.0
1263,1263,Ambientadores SPRAY GLADE,consu,consu,True,True,True,True,Ferretería,,True,category=Ferretería; normalized=ambientadores spray glade,HIGH_CONFIDENCE,KEEP,Already Goods and name is not a service,,0,0,0,0,0,0,False,0.0,200.0
1251,1251,"Ambientador Liquido (mistolin) BEBE, CANELA GLADE",consu,consu,True,True,True,True,Ferretería,,True,category=Ferretería; normalized=ambientador liquido mistolin bebe canela glade,HIGH_CONFIDENCE,KEEP,Already Goods and name is not a service,,0,0,0,0,0,0,False,0.0,200.0
615,615,Amperimetro Digital MUT-202 TRUPER,consu,consu,True,True,True,True,Herramientas,,True,category=Herramientas; normalized=amperimetro digital mut-202 truper,HIGH_CONFIDENCE,KEEP,Already Goods and name is not a service,,0,0,0,0,0,0,False,0.0,2608.0
1356,1356,Amperímetro Voltimetro Digital,consu,consu,True,True,True,True,Ferretería,,True,category=Ferretería; normalized=amperimetro voltimetro digital,HIGH_CONFIDENCE,KEEP,Already Goods and name is not a service,,0,0,0,0,0,0,False,0.0,3000.81
1611,1611,"Anaquel Metalico 5 Niveles, CON Medidas DE 0.30 X 0.60 DE FONDO Y 2.00 DE Altura.",consu,consu,True,True,True,True,Ferretería,,True,category=Ferretería; normalized=anaquel metalico 5 niveles con medidas de 0.30 x 0.60 de fondo y 2.00 de altura.,HIGH_CONFIDENCE,KEEP,Already Goods and name is not a service,,0,0,0,0,0,0,False,0.0,9434.1
1210,1210,Andamio DEL CARIBE 2x1 MTS CUERPO DE Andamio Completo,consu,consu,True,True,True,True,Ferretería,,True,category=Ferretería; normalized=andamio del caribe 2x1 mts cuerpo de andamio completo,HIGH_CONFIDENCE,KEEP,Already Goods and name is not a service,,0,0,0,0,0,0,False,0.0,31500.5
1220,1220,Angular 2x1/4x20 -63.8 Lbs,consu,consu,True,True,True,True,Ferretería,,True,category=Ferretería; normalized=angular 2x1/4x20 -63.8 lbs,HIGH_CONFIDENCE,KEEP,Already Goods and name is not a service,,0,0,0,0,0,0,False,0.0,2158.0
1513,1513,Angular 2X1/4X20 -64.8 LBS,consu,consu,True,True,True,True,Ferretería,,True,category=Ferretería; normalized=angular 2x1/4x20 -64.8 lbs,HIGH_CONFIDENCE,KEEP,Already Goods and name is not a service,,0,0,0,0,0,0,False,0.0,7986.5
541,541,Angular DE 1-1/2* 1/4,consu,consu,True,True,True,True,Ferretería,,True,category=Ferretería; normalized=angular de 1-1/2 1/4,HIGH_CONFIDENCE,KEEP,Already Goods and name is not a service,,0,0,0,0,0,0,False,0.0,2608.0
730,730,Angular DE 2 X 1/8,consu,consu,True,True,True,True,Ferretería,,True,category=Ferretería; normalized=angular de 2 x 1/8,HIGH_CONFIDENCE,KEEP,Already Goods and name is not a service,,0,0,0,0,0,0,False,0.0,2860.0
60,60,"ANGULAR DE 2 X 1/8""",consu,consu,True,True,False,True,,,True,"invoice_lines=1; normalized=angular de 2 x 1/8""",HIGH_CONFIDENCE,FIX_PURCHASE_OK,Already Goods and name is not a service,,0,0,1,0,0,0,False,0.0,2860.0
731,731,Angular DE 3 X 3/16,consu,consu,True,True,True,True,Ferretería,,True,category=Ferretería; normalized=angular de 3 x 3/16,HIGH_CONFIDENCE,KEEP,Already Goods and name is not a service,,0,0,0,0,0,0,False,0.0,4935.0
61,61,"ANGULAR DE 3 X 3/16""",consu,consu,True,True,False,True,,,True,"invoice_lines=1; normalized=angular de 3 x 3/16""",HIGH_CONFIDENCE,FIX_PURCHASE_OK,Already Goods and name is not a service,,0,0,1,0,0,0,False,0.0,4935.0
167,167,Apertura histórica B1300000016 (sin desglose PDF),consu,consu,True,True,False,False,,,True,invoice_lines=1; normalized=apertura historica b1300000016 sin desglose pdf,AMBIGUOUS,MANUAL_REVIEW,Opening placeholder / non-SKU; do not auto-correct,,0,0,1,0,0,0,False,0.0,44800.0
614,614,Arandela PLANA 5/8,consu,consu,True,True,True,True,Ferretería,,True,category=Ferretería; normalized=arandela plana 5/8,HIGH_CONFIDENCE,KEEP,Already Goods and name is not a service,,0,0,0,0,0,0,False,0.0,10.0
344,344,Archivo Arcordeon,consu,consu,True,True,True,True,Ferretería,,True,category=Ferretería; normalized=archivo arcordeon,HIGH_CONFIDENCE,KEEP,Already Goods and name is not a service,,0,0,0,0,0,0,False,0.0,1780.0
1176,1176,Archivo Arcordeon 9x12 Pendaflex,consu,consu,True,True,True,True,Ferretería,,True,category=Ferretería; normalized=archivo arcordeon 9x12 pendaflex,HIGH_CONFIDENCE,KEEP,Already Goods and name is not a service,,0,0,0,0,0,0,False,0.0,1050.0
1605,1605,Archivo DE METAL DE 4 Gavetas COLOR GRIS Mercury,consu,consu,True,True,True,True,Ferretería,,True,category=Ferretería; normalized=archivo de metal de 4 gavetas color gris mercury,HIGH_CONFIDENCE,KEEP,Already Goods and name is not a service,,0,0,0,0,0,0,False,0.0,18382.04
1598,1598,Archivo DE METAL Modular DE 3 Gavetas OMAR,consu,consu,True,True,True,True,Ferretería,,True,category=Ferretería; normalized=archivo de metal modular de 3 gavetas omar,HIGH_CONFIDENCE,KEEP,Already Goods and name is not a service,,0,0,0,0,0,0,False,0.0,13693.9
1427,1427,Archivo TIPO Arcordeon Plastico,consu,consu,True,True,True,True,Ferretería,,True,category=Ferretería; normalized=archivo tipo arcordeon plastico,HIGH_CONFIDENCE,KEEP,Already Goods and name is not a service,,0,0,0,0,0,0,False,0.0,1450.0
414,414,ARENA DE Empañete,consu,consu,True,True,True,True,Construcción,,True,category=Construcción; normalized=arena de empanete,HIGH_CONFIDENCE,KEEP,Already Goods and name is not a service,,0,0,0,0,0,0,False,0.0,4820.0
396,396,ARENA ESTADO Natural,consu,consu,True,True,True,True,Construcción,,True,category=Construcción; normalized=arena estado natural,HIGH_CONFIDENCE,KEEP,Already Goods and name is not a service,,0,0,0,0,0,0,False,0.0,2790.0
322,322,ARENA ITABO,consu,consu,True,True,True,True,Construcción,,True,category=Construcción; normalized=arena itabo,HIGH_CONFIDENCE,KEEP,Already Goods and name is not a service,,0,0,0,0,0,0,False,0.0,3530.0
320,320,ARENA LAVADA,consu,consu,True,True,True,True,Construcción,,True,category=Construcción; normalized=arena lavada,DETERMINISTIC,KEEP,"Physical material, merchandise, food or tool",,0,0,0,0,0,0,False,0.0,4070.0
909,909,ARENA Triturada AZUL LAVADA,consu,consu,True,True,True,True,Construcción,,True,category=Construcción; normalized=arena triturada azul lavada,HIGH_CONFIDENCE,KEEP,Already Goods and name is not a service,,0,0,0,0,0,0,False,0.0,3500.0
1608,1608,Armario DE METAL 2 Puertas 18X36X71,consu,consu,True,True,True,True,Ferretería,,True,category=Ferretería; normalized=armario de metal 2 puertas 18x36x71,HIGH_CONFIDENCE,KEEP,Already Goods and name is not a service,,0,0,0,0,0,0,False,0.0,17205.14
542,542,Armario DE METAL DE 2 Puertas 15x33x72,consu,consu,True,True,True,True,Ferretería,,True,category=Ferretería; normalized=armario de metal de 2 puertas 15x33x72,HIGH_CONFIDENCE,KEEP,Already Goods and name is not a service,,0,0,0,0,0,0,False,0.0,35230.0
1518,1518,Armario EN METAL DE 2 Puertas,consu,consu,True,True,True,True,Ferretería,,True,category=Ferretería; normalized=armario en metal de 2 puertas,HIGH_CONFIDENCE,KEEP,Already Goods and name is not a service,,0,0,0,0,0,0,False,0.0,15254.23
1139,1139,AROS DE DANZA,consu,consu,True,True,True,True,Ferretería,,True,category=Ferretería; normalized=aros de danza,HIGH_CONFIDENCE,KEEP,Already Goods and name is not a service,,0,0,0,0,0,0,False,0.0,220.0
1032,1032,"Arquiler DE 100 BAÑOS Portatiles STD PARA Eventos , Incluye: Inodoro ,urinal ,PORTA",consu,consu,True,True,True,True,Oficina,,True,category=Oficina; normalized=arquiler de 100 banos portatiles std para eventos incluye inodoro urinal porta,DETERMINISTIC,KEEP,"Physical material, merchandise, food or tool",,0,0,0,0,0,0,False,0.0,525000.0
1520,1520,ARROZ Selecto LA CIGUA GRADO A (PAQ 5 LB) 12/1,consu,consu,True,True,True,True,Alimentos,"COMERCIALIZADORA DE ALIMENTOS PIÑARIA, S.R.L.",True,"category=Alimentos; company=COMERCIALIZADORA DE ALIMENTOS PIÑARIA, S.R.L.; normalized=arroz selecto la cigua grado a paq 5 lb 12/1",DETERMINISTIC,KEEP,"Physical material, merchandise, food or tool",,0,0,0,0,0,0,False,0.0,1850.0
6,6,Artículo verificación reportes,consu,consu,True,True,True,True,,,True,normalized=articulo verificacion reportes,HIGH_CONFIDENCE,KEEP,Already Goods and name is not a service,,0,0,0,6,0,0,True,0.0,1.0
801,801,Automatico BOMBA Squared 20-40 PSI,consu,consu,True,True,True,True,Ferretería,,True,category=Ferretería; normalized=automatico bomba squared 20-40 psi,HIGH_CONFIDENCE,KEEP,Already Goods and name is not a service,,0,0,0,0,0,0,False,0.0,2350.0
1529,1529,AVENA EN Hojuelas Instantanea Americana 300G 40/1,consu,consu,True,True,True,True,Ferretería,,True,category=Ferretería; normalized=avena en hojuelas instantanea americana 300g 40/1,HIGH_CONFIDENCE,KEEP,Already Goods and name is not a service,,0,0,0,0,0,0,False,0.0,1350.0
642,642,Ayudante (AY),consu,consu,True,True,True,True,Ferretería,,True,category=Ferretería; normalized=ayudante ay,HIGH_CONFIDENCE,KEEP,Already Goods and name is not a service,,0,0,0,0,0,0,False,0.0,250.0
1466,1466,AZUL Positivo Pintura Acrilica,consu,consu,True,True,True,True,Pinturas,,True,category=Pinturas; normalized=azul positivo pintura acrilica,DETERMINISTIC,KEEP,"Physical material, merchandise, food or tool",,0,0,0,0,0,0,False,0.0,11630.8
1108,1108,AZUL Positivo Pintura Acrilica Popular,consu,consu,True,True,True,True,Pinturas,,True,category=Pinturas; normalized=azul positivo pintura acrilica popular,DETERMINISTIC,KEEP,"Physical material, merchandise, food or tool",,0,0,0,0,0,0,False,0.0,11790.13
1284,1284,BANDA Elastica Gomitas,consu,consu,True,True,True,True,Ferretería,,True,category=Ferretería; normalized=banda elastica gomitas,HIGH_CONFIDENCE,KEEP,Already Goods and name is not a service,,0,0,0,0,0,0,False,0.0,75.0
347,347,BANDAS DE GOMA Artesco #32,consu,consu,True,True,True,True,Neumáticos,,True,category=Neumáticos; normalized=bandas de goma artesco 32,DETERMINISTIC,KEEP,"Physical material, merchandise, food or tool",,0,0,0,0,0,0,False,0.0,155.0
1429,1429,BANDAS DE GOMA ORBIT,consu,consu,True,True,True,True,Neumáticos,,True,category=Neumáticos; normalized=bandas de goma orbit,DETERMINISTIC,KEEP,"Physical material, merchandise, food or tool",,0,0,0,0,0,0,False,0.0,130.0
627,627,Bandeja P/pintar Profesional 9 CPR9 BYP,consu,consu,True,True,True,True,Ferretería,,True,category=Ferretería; normalized=bandeja p/pintar profesional 9 cpr9 byp,HIGH_CONFIDENCE,KEEP,Already Goods and name is not a service,,0,0,0,0,0,0,False,0.0,156.0
1548,1548,Barnice Primer Sealer Lanco,consu,consu,True,True,True,True,Ferretería,,True,category=Ferretería; normalized=barnice primer sealer lanco,HIGH_CONFIDENCE,KEEP,Already Goods and name is not a service,,0,0,0,0,0,0,False,0.0,7923.73
1580,1580,BARNIZ Primier SEALER 3 Transparente CUBETA DE 5GL,consu,consu,True,True,True,True,Ferretería,,True,category=Ferretería; normalized=barniz primier sealer 3 transparente cubeta de 5gl,HIGH_CONFIDENCE,KEEP,Already Goods and name is not a service,,0,0,0,0,0,0,False,0.0,6779.66
258,258,Barpicolor 605 1LT Caoba #2 MD Barpimo,consu,consu,True,True,True,True,Ferretería,,True,category=Ferretería; normalized=barpicolor 605 1lt caoba 2 md barpimo,HIGH_CONFIDENCE,KEEP,Already Goods and name is not a service,,0,0,0,0,0,0,False,0.0,3350.0
259,259,Barpicolor 605 1LT Caoba #3 MD Barpimo,consu,consu,True,True,True,True,Ferretería,,True,category=Ferretería; normalized=barpicolor 605 1lt caoba 3 md barpimo,HIGH_CONFIDENCE,KEEP,Already Goods and name is not a service,,0,0,0,0,0,0,False,0.0,3350.0
252,252,Barra Agarradera Para Ataud 6 1/2 Pies,consu,consu,True,True,True,True,Ferretería,,True,category=Ferretería; normalized=barra agarradera para ataud 6 1/2 pies,HIGH_CONFIDENCE,KEEP,Already Goods and name is not a service,,0,0,0,0,0,0,False,0.0,2310.0
543,543,BARRA P/hacer HOYO 1''x6' BAP-175 TRUPER,consu,consu,True,True,True,True,Herramientas,,True,category=Herramientas; normalized=barra p/hacer hoyo 1 x6 bap-175 truper,HIGH_CONFIDENCE,KEEP,Already Goods and name is not a service,,0,0,0,0,0,0,False,0.0,2539.2
544,544,BARRA Redonda 5/8''x20' ATADO-106 UD) Generico,consu,consu,True,True,True,True,Ferretería,,True,category=Ferretería; normalized=barra redonda 5/8 x20 atado-106 ud generico,HIGH_CONFIDENCE,KEEP,Already Goods and name is not a service,,0,0,0,0,0,0,False,0.0,1110.0
888,888,BARRA Unitron DE 3/4,consu,consu,True,True,True,True,Ferretería,,True,category=Ferretería; normalized=barra unitron de 3/4,HIGH_CONFIDENCE,KEEP,Already Goods and name is not a service,,0,0,0,0,0,0,False,0.0,850.0
590,590,Barrena 1/2X6 Concreto IRWIN 14169,consu,consu,True,True,True,True,Ferretería,,True,category=Ferretería; normalized=barrena 1/2x6 concreto irwin 14169,HIGH_CONFIDENCE,KEEP,Already Goods and name is not a service,,0,0,0,0,0,0,False,0.0,3700.0
1407,1407,Barrena 13/64 METAL IRWIN 1458,consu,consu,True,True,True,True,Ferretería,,True,category=Ferretería; normalized=barrena 13/64 metal irwin 1458,HIGH_CONFIDENCE,KEEP,Already Goods and name is not a service,,0,0,0,0,0,0,False,0.0,185.0
1406,1406,Barrena 1/4 METAL IRWIN 1461,consu,consu,True,True,True,True,Ferretería,,True,category=Ferretería; normalized=barrena 1/4 metal irwin 1461,HIGH_CONFIDENCE,KEEP,Already Goods and name is not a service,,0,0,0,0,0,0,False,0.0,310.0
1403,1403,Barrena 1/4X4 Concreto IRWIN,consu,consu,True,True,True,True,Ferretería,,True,category=Ferretería; normalized=barrena 1/4x4 concreto irwin,HIGH_CONFIDENCE,KEEP,Already Goods and name is not a service,,0,0,0,0,0,0,False,0.0,170.0
591,591,Barrena 1/4X6 Concreto IRWIN 14153 T/H,consu,consu,True,True,True,True,Ferretería,,True,category=Ferretería; normalized=barrena 1/4x6 concreto irwin 14153 t/h,HIGH_CONFIDENCE,KEEP,Already Goods and name is not a service,,0,0,0,0,0,0,False,0.0,2750.0
1408,1408,Barrena 3/16 IRWIN 1457,consu,consu,True,True,True,True,Ferretería,,True,category=Ferretería; normalized=barrena 3/16 irwin 1457,HIGH_CONFIDENCE,KEEP,Already Goods and name is not a service,,0,0,0,0,0,0,False,0.0,168.0
592,592,Barrena 3/16 X 3 1/2 Concreto IRWIN IW977,consu,consu,True,True,True,True,Ferretería,,True,category=Ferretería; normalized=barrena 3/16 x 3 1/2 concreto irwin iw977,HIGH_CONFIDENCE,KEEP,Already Goods and name is not a service,,0,0,0,0,0,0,False,0.0,1800.0
1405,1405,Barrera 1/2X6 Concreto IRWIN 14169,consu,consu,True,True,True,True,Ferretería,,True,category=Ferretería; normalized=barrera 1/2x6 concreto irwin 14169,HIGH_CONFIDENCE,KEEP,Already Goods and name is not a service,,0,0,0,0,0,0,False,0.0,283.0
1409,1409,Barrera 3/8 Metal Irwin 1468,consu,consu,True,True,True,True,Ferretería,,True,category=Ferretería; normalized=barrera 3/8 metal irwin 1468,HIGH_CONFIDENCE,KEEP,Already Goods and name is not a service,,0,0,0,0,0,0,False,0.0,700.0
298,298,BASE P/ FOTO CELDA,consu,consu,True,True,True,True,Ferretería,,True,category=Ferretería; normalized=base p/ foto celda,HIGH_CONFIDENCE,KEEP,Already Goods and name is not a service,,0,0,0,0,0,0,False,0.0,400.0
325,325,BASE P/ FOTO CELDA Volteck,consu,consu,True,True,True,True,Ferretería,,True,category=Ferretería; normalized=base p/ foto celda volteck,HIGH_CONFIDENCE,KEEP,Already Goods and name is not a service,,0,0,0,0,0,0,False,0.0,550.0
1259,1259,BAYGON Insecticida,consu,consu,True,True,True,True,Ferretería,,True,category=Ferretería; normalized=baygon insecticida,HIGH_CONFIDENCE,KEEP,Already Goods and name is not a service,,0,0,0,0,0,0,False,0.0,299.0
818,818,Binder Size 14 7/8 X 11,consu,consu,True,True,True,True,Ferretería,,True,category=Ferretería; normalized=binder size 14 7/8 x 11,HIGH_CONFIDENCE,KEEP,Already Goods and name is not a service,,0,0,0,0,0,0,False,0.0,425.0
869,869,Bisagra Corta 52 Gr MAD,consu,consu,True,True,True,True,Ferretería,,True,category=Ferretería; normalized=bisagra corta 52 gr mad,HIGH_CONFIDENCE,KEEP,Already Goods and name is not a service,,0,0,0,0,0,0,False,0.0,85.49
689,689,Bisagras,consu,consu,True,True,True,True,Ferretería,,True,category=Ferretería; normalized=bisagras,HIGH_CONFIDENCE,KEEP,Already Goods and name is not a service,,0,0,0,0,0,0,False,0.0,82.3
1509,1509,Block De 6,consu,consu,True,True,True,True,Construcción,,True,category=Construcción; normalized=block de 6,HIGH_CONFIDENCE,KEEP,Already Goods and name is not a service,,0,0,0,0,0,0,False,0.0,86.52
337,337,BLOCK DE 6 BISONO,consu,consu,True,True,True,True,Construcción,,True,category=Construcción; normalized=block de 6 bisono,HIGH_CONFIDENCE,KEEP,Already Goods and name is not a service,,0,0,0,0,0,0,False,0.0,81.0
907,907,BLOCK DE 8 BISONO,consu,consu,True,True,True,True,Construcción,,True,category=Construcción; normalized=block de 8 bisono,HIGH_CONFIDENCE,KEEP,Already Goods and name is not a service,,0,0,0,0,0,0,False,0.0,68.0
210,210,BLOCK DE 8'' Frabrica P.108,consu,consu,True,True,True,True,Construcción,,True,category=Construcción; normalized=block de 8 frabrica p.108,HIGH_CONFIDENCE,KEEP,Already Goods and name is not a service,,0,0,0,0,0,0,False,0.0,93.86
1398,1398,Bloque De 15 Cm,consu,consu,True,True,True,True,Ferretería,,True,category=Ferretería; normalized=bloque de 15 cm,HIGH_CONFIDENCE,KEEP,Already Goods and name is not a service,,0,0,0,0,0,0,False,0.0,76.0
918,918,"Bolígrafo Retráctil Stabilo De Punta Fina 0,7mm, Color Azul Caja De 12/1",consu,consu,True,True,True,True,Oficina,,True,category=Oficina; normalized=boligrafo retractil stabilo de punta fina 0 7mm color azul caja de 12/1,HIGH_CONFIDENCE,KEEP,Already Goods and name is not a service,,0,0,0,0,0,0,False,0.0,300.0
434,434,BOMBA Pedrollo 3/4 HP 110V / 220V,consu,consu,True,True,True,True,Ferretería,,True,category=Ferretería; normalized=bomba pedrollo 3/4 hp 110v / 220v,HIGH_CONFIDENCE,KEEP,Already Goods and name is not a service,,0,0,0,0,0,0,False,0.0,24985.0
444,444,BOMBA TRUPER 3/4 HP 110V / 220V,consu,consu,True,True,True,True,Herramientas,,True,category=Herramientas; normalized=bomba truper 3/4 hp 110v / 220v,HIGH_CONFIDENCE,KEEP,Already Goods and name is not a service,,0,0,0,0,0,0,False,0.0,24985.0
549,549,"Bombillas DE 150 W ,HPS (HIGH Pressure Sodium)",consu,consu,True,True,True,True,Ferretería,,True,category=Ferretería; normalized=bombillas de 150 w hps high pressure sodium,HIGH_CONFIDENCE,KEEP,Already Goods and name is not a service,,0,0,0,0,0,0,False,0.0,832.5
707,707,Bombillo 18W 120V,consu,consu,True,True,True,True,Material eléctrico,,True,category=Material eléctrico; normalized=bombillo 18w 120v,HIGH_CONFIDENCE,KEEP,Already Goods and name is not a service,,0,0,0,0,0,0,False,0.0,280.0
951,951,Bombillo AZUL Modalidad DE Enchufe Estandar,consu,consu,True,True,True,True,Material eléctrico,,True,category=Material eléctrico; normalized=bombillo azul modalidad de enchufe estandar,HIGH_CONFIDENCE,KEEP,Already Goods and name is not a service,,0,0,0,0,0,0,False,0.0,125.0
952,952,Bombillo BLANCO Modalidad DE Enchufe Estandar,consu,consu,True,True,True,True,Material eléctrico,,True,category=Material eléctrico; normalized=bombillo blanco modalidad de enchufe estandar,HIGH_CONFIDENCE,KEEP,Already Goods and name is not a service,,0,0,0,0,0,0,False,0.0,125.0
548,548,Bombillo Halogeno 250W 120V,consu,consu,True,True,True,True,Material eléctrico,,True,category=Material eléctrico; normalized=bombillo halogeno 250w 120v,HIGH_CONFIDENCE,KEEP,Already Goods and name is not a service,,0,0,0,0,0,0,False,0.0,990.0
527,527,Bombillo Infrarojo 250W 120V,consu,consu,True,True,True,True,Material eléctrico,,True,category=Material eléctrico; normalized=bombillo infrarojo 250w 120v,HIGH_CONFIDENCE,KEEP,Already Goods and name is not a service,,0,0,0,0,0,0,False,0.0,325.0
205,205,Bombillo Led 20w Sylvania 20w-6500k,consu,consu,True,True,True,True,Material eléctrico,,True,category=Material eléctrico; normalized=bombillo led 20w sylvania 20w-6500k,HIGH_CONFIDENCE,KEEP,Already Goods and name is not a service,,0,0,0,0,0,0,False,0.0,420.0
343,343,Bombillo LED 20w Sylvania20w-6500k,consu,consu,True,True,True,True,Material eléctrico,,True,category=Material eléctrico; normalized=bombillo led 20w sylvania20w-6500k,HIGH_CONFIDENCE,KEEP,Already Goods and name is not a service,,0,0,0,0,0,0,False,0.0,420.0
545,545,Bombillo LUZ BLANCA 65W Volteck,consu,consu,True,True,True,True,Material eléctrico,,True,category=Material eléctrico; normalized=bombillo luz blanca 65w volteck,HIGH_CONFIDENCE,KEEP,Already Goods and name is not a service,,0,0,0,0,0,0,False,0.0,1160.0
547,547,Bombillo METAL HALIDE 1000W,consu,consu,True,True,True,True,Material eléctrico,,True,category=Material eléctrico; normalized=bombillo metal halide 1000w,HIGH_CONFIDENCE,KEEP,Already Goods and name is not a service,,0,0,0,0,0,0,False,0.0,3125.0
546,546,Bombillo METAL HALIDE 1500W,consu,consu,True,True,True,True,Material eléctrico,,True,category=Material eléctrico; normalized=bombillo metal halide 1500w,HIGH_CONFIDENCE,KEEP,Already Goods and name is not a service,,0,0,0,0,0,0,False,0.0,3280.0
950,950,Bombillo ROJO Modalidad DE Enchufe Estandar,consu,consu,True,True,True,True,Material eléctrico,,True,category=Material eléctrico; normalized=bombillo rojo modalidad de enchufe estandar,HIGH_CONFIDENCE,KEEP,Already Goods and name is not a service,,0,0,0,0,0,0,False,0.0,125.0
222,222,Bombillos DE COLOR AZUL Modalidad Escunfe Estanadar,consu,consu,True,True,True,True,Material eléctrico,,True,category=Material eléctrico; normalized=bombillos de color azul modalidad escunfe estanadar,HIGH_CONFIDENCE,KEEP,Already Goods and name is not a service,,0,0,0,0,0,0,False,0.0,125.0
223,223,Bombillos DE COLOR BLANCO Modalidad Escunfe Estanadar,consu,consu,True,True,True,True,Material eléctrico,,True,category=Material eléctrico; normalized=bombillos de color blanco modalidad escunfe estanadar,HIGH_CONFIDENCE,KEEP,Already Goods and name is not a service,,0,0,0,0,0,0,False,0.0,125.0
221,221,Bombillos DE COLOR ROJO Modalidad Escunfe Estanadar,consu,consu,True,True,True,True,Material eléctrico,,True,category=Material eléctrico; normalized=bombillos de color rojo modalidad escunfe estanadar,HIGH_CONFIDENCE,KEEP,Already Goods and name is not a service,,0,0,0,0,0,0,False,0.0,125.0
810,810,Boquilla Fregadero Aquavita,consu,consu,True,True,True,True,Ferretería,,True,category=Ferretería; normalized=boquilla fregadero aquavita,HIGH_CONFIDENCE,KEEP,Already Goods and name is not a service,,0,0,0,0,0,0,False,0.0,500.0
811,811,Boquilla Lavamanos PUSH Aquavita 11/4'',consu,consu,True,True,True,True,Plomería,,True,category=Plomería; normalized=boquilla lavamanos push aquavita 11/4,DETERMINISTIC,KEEP,"Physical material, merchandise, food or tool",,0,0,0,0,0,0,False,0.0,675.0
70,70,BOQUILLA P/LAV PUSH BOT C/REBOSE 100206 45 GENEBRE,consu,consu,True,True,False,True,,,True,invoice_lines=1; normalized=boquilla p/lav push bot c/rebose 100206 45 genebre,HIGH_CONFIDENCE,FIX_PURCHASE_OK,Already Goods and name is not a service,,0,0,1,0,0,0,False,0.0,1898.0
793,793,Boquilla PUSH BOTTON Lavamanos KAROS 11/4''x8,consu,consu,True,True,True,True,Plomería,,True,category=Plomería; normalized=boquilla push botton lavamanos karos 11/4 x8,DETERMINISTIC,KEEP,"Physical material, merchandise, food or tool",,0,0,0,0,0,0,False,0.0,785.0
1126,1126,Borrador 6X2CM,consu,consu,True,True,True,True,Ferretería,,True,category=Ferretería; normalized=borrador 6x2cm,HIGH_CONFIDENCE,KEEP,Already Goods and name is not a service,,0,0,0,0,0,0,False,0.0,170.0
929,929,Borrador De Goma P30 Artesco,consu,consu,True,True,True,True,Neumáticos,,True,category=Neumáticos; normalized=borrador de goma p30 artesco,DETERMINISTIC,KEEP,"Physical material, merchandise, food or tool",,0,0,0,0,0,0,False,0.0,33.0
510,510,BOTA DE GOMA DEL #39 AL #45 LARGA NEGRA Dinosaurio,consu,consu,True,True,True,True,Neumáticos,,True,category=Neumáticos; normalized=bota de goma del 39 al 45 larga negra dinosaurio,DETERMINISTIC,KEEP,"Physical material, merchandise, food or tool",,0,0,0,0,0,0,False,0.0,980.0
1046,1046,BOTA Industrial PRETUL #25,consu,consu,True,True,True,True,Ferretería,,True,category=Ferretería; normalized=bota industrial pretul 25,HIGH_CONFIDENCE,KEEP,Already Goods and name is not a service,,0,0,0,0,0,0,False,0.0,3995.0
363,363,BOTAS DE GOMA,consu,consu,True,True,True,True,Ferretería,,True,category=Ferretería; normalized=botas de goma,DETERMINISTIC,KEEP,"Physical material, merchandise, food or tool",,0,0,0,0,0,0,False,0.0,1825.0
1149,1149,BOTAS NEGRA DE Sguridad P/acero CON Aislante 6KV,consu,consu,True,True,True,True,Ferretería,,True,category=Ferretería; normalized=botas negra de sguridad p/acero con aislante 6kv,HIGH_CONFIDENCE,KEEP,Already Goods and name is not a service,,0,0,0,0,0,0,False,0.0,3980.0
1324,1324,BOTE Material Desechable Y Escombro,consu,service,True,True,True,True,Ferretería,,True,category=Ferretería; normalized=bote material desechable y escombro,HIGH_CONFIDENCE,FIX_TYPE,"Construction/haulage/petty-cash activity, not a SKU",SERVICE_AS_PHYSICAL,0,0,0,0,0,0,False,0.0,47000.0
976,976,Bote Material Inservible,consu,service,True,True,True,True,Ferretería,,True,category=Ferretería; normalized=bote material inservible,HIGH_CONFIDENCE,FIX_TYPE,"Construction/haulage/petty-cash activity, not a SKU",SERVICE_AS_PHYSICAL,0,0,0,0,0,0,False,0.0,721.65
31,31,Bote material natural esponjado fuera del proyecto,service,service,True,True,False,False,,,True,invoice_lines=3; normalized=bote material natural esponjado fuera del proyecto,HIGH_CONFIDENCE,KEEP,"Construction/haulage/petty-cash activity, not a SKU",,0,0,3,0,0,0,False,0.0,500.0
1156,1156,Botiquin DE Primeros Auxilio,consu,consu,True,True,True,True,Ferretería,,True,category=Ferretería; normalized=botiquin de primeros auxilio,HIGH_CONFIDENCE,KEEP,Already Goods and name is not a service,,0,0,0,0,0,0,False,0.0,830.0
1142,1142,Botones Bariados PAQ 60/1,consu,consu,True,True,True,True,Ferretería,,True,category=Ferretería; normalized=botones bariados paq 60/1,HIGH_CONFIDENCE,KEEP,Already Goods and name is not a service,,0,0,0,0,0,0,False,0.0,250.0
629,629,BOYAS Reductoras DE Velocidad 2 OJOS,consu,consu,True,True,True,True,Ferretería,,True,category=Ferretería; normalized=boyas reductoras de velocidad 2 ojos,HIGH_CONFIDENCE,KEEP,Already Goods and name is not a service,,0,0,0,0,0,0,False,0.0,625.0
550,550,BRAZO GALV. 6FT,consu,consu,True,True,True,True,Ferretería,,True,category=Ferretería; normalized=brazo galv. 6ft,HIGH_CONFIDENCE,KEEP,Already Goods and name is not a service,,0,0,0,0,0,0,False,0.0,3025.0
1501,1501,Breaker 20A 2P,consu,consu,True,True,True,True,Material eléctrico,,True,category=Material eléctrico; normalized=breaker 20a 2p,DETERMINISTIC,KEEP,"Physical material, merchandise, food or tool",,0,0,0,0,0,0,False,0.0,1198.0
1502,1502,Breaker 2P 16A,consu,consu,True,True,True,True,Material eléctrico,,True,category=Material eléctrico; normalized=breaker 2p 16a,DETERMINISTIC,KEEP,"Physical material, merchandise, food or tool",,0,0,0,0,0,0,False,0.0,998.0
881,881,Breaker Bipolar DE 20 AMPERE,consu,consu,True,True,True,True,Material eléctrico,,True,category=Material eléctrico; normalized=breaker bipolar de 20 ampere,DETERMINISTIC,KEEP,"Physical material, merchandise, food or tool",,0,0,0,0,0,0,False,0.0,1168.2
880,880,Breaker Bipolar DE 6 AMPERE,consu,consu,True,True,True,True,Material eléctrico,,True,category=Material eléctrico; normalized=breaker bipolar de 6 ampere,DETERMINISTIC,KEEP,"Physical material, merchandise, food or tool",,0,0,0,0,0,0,False,0.0,6596.5
98,98,BREAKER CNC 20A 2P,consu,consu,True,True,False,True,,,True,invoice_lines=1; normalized=breaker cnc 20a 2p,DETERMINISTIC,FIX_PURCHASE_OK,"Physical material, merchandise, food or tool",,0,0,1,0,0,0,False,0.0,965.0
99,99,BREAKER CNC 2P 16A,consu,consu,True,True,False,True,,,True,invoice_lines=1; normalized=breaker cnc 2p 16a,DETERMINISTIC,FIX_PURCHASE_OK,"Physical material, merchandise, food or tool",,0,0,1,0,0,0,False,0.0,787.85
774,774,Breaker DE 30,consu,consu,True,True,True,True,Material eléctrico,,True,category=Material eléctrico; normalized=breaker de 30,DETERMINISTIC,KEEP,"Physical material, merchandise, food or tool",,0,0,0,0,0,0,False,0.0,550.0
775,775,Breaker DE 60,consu,consu,True,True,True,True,Material eléctrico,,True,category=Material eléctrico; normalized=breaker de 60,DETERMINISTIC,KEEP,"Physical material, merchandise, food or tool",,0,0,0,0,0,0,False,0.0,830.0
1486,1486,Breaker DINWAY 25A 2P //,consu,consu,True,True,True,True,Material eléctrico,,True,category=Material eléctrico; normalized=breaker dinway 25a 2p //,DETERMINISTIC,KEEP,"Physical material, merchandise, food or tool",,0,0,0,0,0,0,False,0.0,2643.0
97,97,BREAKER DINWAY 25A 2P,consu,consu,True,True,False,True,,,True,invoice_lines=1; normalized=breaker dinway 25a 2p,DETERMINISTIC,FIX_PURCHASE_OK,"Physical material, merchandise, food or tool",,0,0,1,0,0,0,False,0.0,2250.0
103,103,BREAKER DOBLE GRUESO 2P 20 AMP,consu,consu,True,True,False,True,,,True,invoice_lines=1; normalized=breaker doble grueso 2p 20 amp,DETERMINISTIC,FIX_PURCHASE_OK,"Physical material, merchandise, food or tool",,0,0,1,0,0,0,False,0.0,1574.0
102,102,BREAKER DOBLE GRUESO 2P 30 AMP,consu,consu,True,True,False,True,,,True,invoice_lines=1; normalized=breaker doble grueso 2p 30 amp,DETERMINISTIC,FIX_PURCHASE_OK,"Physical material, merchandise, food or tool",,0,0,1,0,0,0,False,0.0,1574.0
229,229,Breaker GE 1P 20A GRUESO,consu,consu,True,True,True,True,Material eléctrico,,True,category=Material eléctrico; normalized=breaker ge 1p 20a grueso,DETERMINISTIC,KEEP,"Physical material, merchandise, food or tool",,0,0,0,0,0,0,False,0.0,780.0
331,331,Breaker GE 1P 30A GRUESO,consu,consu,True,True,True,True,Material eléctrico,,True,category=Material eléctrico; normalized=breaker ge 1p 30a grueso,DETERMINISTIC,KEEP,"Physical material, merchandise, food or tool",,0,0,0,0,0,0,False,0.0,620.0
1047,1047,Breaker GE 1P 50A GRUESO,consu,consu,True,True,True,True,Material eléctrico,,True,category=Material eléctrico; normalized=breaker ge 1p 50a grueso,DETERMINISTIC,KEEP,"Physical material, merchandise, food or tool",,0,0,0,0,0,0,False,0.0,1100.0
1048,1048,Breaker GE 2P 100A GRUESO,consu,consu,True,True,True,True,Material eléctrico,,True,category=Material eléctrico; normalized=breaker ge 2p 100a grueso,DETERMINISTIC,KEEP,"Physical material, merchandise, food or tool",,0,0,0,0,0,0,False,0.0,5700.0
1049,1049,Breaker GE 3P 100A GRUESO,consu,consu,True,True,True,True,Material eléctrico,,True,category=Material eléctrico; normalized=breaker ge 3p 100a grueso,DETERMINISTIC,KEEP,"Physical material, merchandise, food or tool",,0,0,0,0,0,0,False,0.0,8400.0
1496,1496,Breaker GRUESO 1P 50 AMP THQL-1150 ABB -GE,consu,consu,True,True,True,True,Material eléctrico,,True,category=Material eléctrico; normalized=breaker grueso 1p 50 amp thql-1150 abb -ge,DETERMINISTIC,KEEP,"Physical material, merchandise, food or tool",,0,0,0,0,0,0,False,0.0,892.0
122,122,BREAKER GRUESO 1P 50 AMP THQL-1150 ABB-GE,consu,consu,True,True,False,True,,,True,invoice_lines=1; normalized=breaker grueso 1p 50 amp thql-1150 abb-ge,DETERMINISTIC,FIX_PURCHASE_OK,"Physical material, merchandise, food or tool",,0,0,1,0,0,0,False,0.0,892.0
334,334,Breaker GRUESO DE 30 AMP,consu,consu,True,True,True,True,Material eléctrico,,True,category=Material eléctrico; normalized=breaker grueso de 30 amp,DETERMINISTIC,KEEP,"Physical material, merchandise, food or tool",,0,0,0,0,0,0,False,0.0,550.0
879,879,Breaker Monopolar DE 2 AMPERE,consu,consu,True,True,True,True,Material eléctrico,,True,category=Material eléctrico; normalized=breaker monopolar de 2 ampere,DETERMINISTIC,KEEP,"Physical material, merchandise, food or tool",,0,0,0,0,0,0,False,0.0,4036.58
948,948,Breaker OMNIUM 040E12F 12 Modulos Empotrable Europeo,consu,consu,True,True,True,True,Material eléctrico,,True,category=Material eléctrico; normalized=breaker omnium 040e12f 12 modulos empotrable europeo,DETERMINISTIC,KEEP,"Physical material, merchandise, food or tool",,0,0,0,0,0,0,False,0.0,3250.0
308,308,Breaker Sencillo G.E 20 AMP,consu,consu,True,True,True,True,Material eléctrico,,True,category=Material eléctrico; normalized=breaker sencillo g.e 20 amp,DETERMINISTIC,KEEP,"Physical material, merchandise, food or tool",,0,0,0,0,0,0,False,0.0,695.6
307,307,Breaker Sencillo G.E 30 AMP,consu,consu,True,True,True,True,Material eléctrico,,True,category=Material eléctrico; normalized=breaker sencillo g.e 30 amp,DETERMINISTIC,KEEP,"Physical material, merchandise, food or tool",,0,0,0,0,0,0,False,0.0,648.6
1265,1265,Brillos DE Limpieza-verde- SCOTCH,consu,consu,True,True,True,True,Ferretería,,True,category=Ferretería; normalized=brillos de limpieza-verde- scotch,HIGH_CONFIDENCE,KEEP,Already Goods and name is not a service,,0,0,0,0,0,0,False,0.0,20.0
1404,1404,BROCA Concreto 5/16 IRWIN,consu,consu,True,True,True,True,Ferretería,,True,category=Ferretería; normalized=broca concreto 5/16 irwin,HIGH_CONFIDENCE,KEEP,Already Goods and name is not a service,,0,0,0,0,0,0,False,0.0,195.0
752,752,BROCHA ATLAS DE 1'',consu,consu,True,True,True,True,Pinturas,,True,category=Pinturas; normalized=brocha atlas de 1,HIGH_CONFIDENCE,KEEP,Already Goods and name is not a service,,0,0,0,0,0,0,False,0.0,140.0
753,753,BROCHA ATLAS DE 2'',consu,consu,True,True,True,True,Pinturas,,True,category=Pinturas; normalized=brocha atlas de 2,HIGH_CONFIDENCE,KEEP,Already Goods and name is not a service,,0,0,0,0,0,0,False,0.0,190.0
754,754,BROCHA ATLAS DE 3'',consu,consu,True,True,True,True,Pinturas,,True,category=Pinturas; normalized=brocha atlas de 3,HIGH_CONFIDENCE,KEEP,Already Goods and name is not a service,,0,0,0,0,0,0,False,0.0,215.0
755,755,BROCHA ATLAS DE 4'',consu,consu,True,True,True,True,Pinturas,,True,category=Pinturas; normalized=brocha atlas de 4,HIGH_CONFIDENCE,KEEP,Already Goods and name is not a service,,0,0,0,0,0,0,False,0.0,260.0
655,655,BROCHA DE 2'',consu,consu,True,True,True,True,Pinturas,,True,category=Pinturas; normalized=brocha de 2,HIGH_CONFIDENCE,KEEP,Already Goods and name is not a service,,0,0,0,0,0,0,False,0.0,190.0
551,551,BROCHA DE 2 1/2'' ATLAS,consu,consu,True,True,True,True,Pinturas,,True,category=Pinturas; normalized=brocha de 2 1/2 atlas,HIGH_CONFIDENCE,KEEP,Already Goods and name is not a service,,0,0,0,0,0,0,False,0.0,150.0
964,964,BROCHA DE 2'' ATLAS,consu,consu,True,True,True,True,Pinturas,,True,category=Pinturas; normalized=brocha de 2 atlas,HIGH_CONFIDENCE,KEEP,Already Goods and name is not a service,,0,0,0,0,0,0,False,0.0,141.21
656,656,BROCHA DE 3'',consu,consu,True,True,True,True,Pinturas,,True,category=Pinturas; normalized=brocha de 3,HIGH_CONFIDENCE,KEEP,Already Goods and name is not a service,,0,0,0,0,0,0,False,0.0,215.0
383,383,BROCHA DE 3 ATLAS,consu,consu,True,True,True,True,Pinturas,,True,category=Pinturas; normalized=brocha de 3 atlas,HIGH_CONFIDENCE,KEEP,Already Goods and name is not a service,,0,0,0,0,0,0,False,0.0,186.18
552,552,BROCHA DE 3'' EMTOP,consu,consu,True,True,True,True,Pinturas,,True,category=Pinturas; normalized=brocha de 3 emtop,HIGH_CONFIDENCE,KEEP,Already Goods and name is not a service,,0,0,0,0,0,0,False,0.0,275.0
657,657,BROCHA DE 4'',consu,consu,True,True,True,True,Pinturas,,True,category=Pinturas; normalized=brocha de 4,HIGH_CONFIDENCE,KEEP,Already Goods and name is not a service,,0,0,0,0,0,0,False,0.0,260.0
384,384,BROCHA DE 4'' ATLAS,consu,consu,True,True,True,True,Pinturas,,True,category=Pinturas; normalized=brocha de 4 atlas,HIGH_CONFIDENCE,KEEP,Already Goods and name is not a service,,0,0,0,0,0,0,False,0.0,222.93
553,553,BROCHA DE 4'''emtop,consu,consu,True,True,True,True,Pinturas,,True,category=Pinturas; normalized=brocha de 4 emtop,HIGH_CONFIDENCE,KEEP,Already Goods and name is not a service,,0,0,0,0,0,0,False,0.0,325.0
1392,1392,"Brocha Ecom. M/marron 1""",consu,consu,True,True,True,True,Pinturas,,True,"category=Pinturas; normalized=brocha ecom. m/marron 1""",HIGH_CONFIDENCE,KEEP,Already Goods and name is not a service,,0,0,0,0,0,0,False,0.0,100.0
1348,1348,"Brocha Ecom. M/marron 2""",consu,consu,True,True,True,True,Pinturas,,True,"category=Pinturas; normalized=brocha ecom. m/marron 2""",HIGH_CONFIDENCE,KEEP,Already Goods and name is not a service,,0,0,0,0,0,0,False,0.0,130.0
1347,1347,"Brocha Ecom. M/marron 3""",consu,consu,True,True,True,True,Pinturas,,True,"category=Pinturas; normalized=brocha ecom. m/marron 3""",HIGH_CONFIDENCE,KEEP,Already Goods and name is not a service,,0,0,0,0,0,0,False,0.0,185.0
1349,1349,"Brocha Ecom. M/marron 4""",consu,consu,True,True,True,True,Pinturas,,True,"category=Pinturas; normalized=brocha ecom. m/marron 4""",HIGH_CONFIDENCE,KEEP,Already Goods and name is not a service,,0,0,0,0,0,0,False,0.0,200.0
86,86,"BROCHA M/BCO PELO GRIS 2"" BCM20 BYP",consu,consu,True,True,False,True,,,True,"invoice_lines=1; normalized=brocha m/bco pelo gris 2"" bcm20 byp",HIGH_CONFIDENCE,FIX_PURCHASE_OK,Already Goods and name is not a service,,0,0,1,0,0,0,False,0.0,89.99
739,739,BROCHA M/BCO PELO GRIS 2'' BCM20 BYP,consu,consu,True,True,True,True,Pinturas,,True,category=Pinturas; normalized=brocha m/bco pelo gris 2 bcm20 byp,HIGH_CONFIDENCE,KEEP,Already Goods and name is not a service,,0,0,0,0,0,0,False,0.0,89.99
236,236,Brochas DE 1'' EMTOP,consu,consu,True,True,True,True,Pinturas,,True,category=Pinturas; normalized=brochas de 1 emtop,HIGH_CONFIDENCE,KEEP,Already Goods and name is not a service,,0,0,0,0,0,0,False,0.0,115.0
237,237,Brochas DE 2'' EMTOP,consu,consu,True,True,True,True,Pinturas,,True,category=Pinturas; normalized=brochas de 2 emtop,HIGH_CONFIDENCE,KEEP,Already Goods and name is not a service,,0,0,0,0,0,0,False,0.0,185.0
238,238,Brochas DE 3'' EMTOP,consu,consu,True,True,True,True,Pinturas,,True,category=Pinturas; normalized=brochas de 3 emtop,HIGH_CONFIDENCE,KEEP,Already Goods and name is not a service,,0,0,0,0,0,0,False,0.0,275.0
239,239,Brochas DE 4'''emtop,consu,consu,True,True,True,True,Pinturas,,True,category=Pinturas; normalized=brochas de 4 emtop,HIGH_CONFIDENCE,KEEP,Already Goods and name is not a service,,0,0,0,0,0,0,False,0.0,325.0
1030,1030,Caballetes DE Aluzinc DE 10 PIES,consu,consu,True,True,True,True,Ferretería,,True,category=Ferretería; normalized=caballetes de aluzinc de 10 pies,HIGH_CONFIDENCE,KEEP,Already Goods and name is not a service,,0,0,0,0,0,0,False,0.0,1750.0
518,518,CABLE #10 AWG THHN BLANCO,consu,consu,True,True,True,True,Material eléctrico,,True,category=Material eléctrico; normalized=cable 10 awg thhn blanco,DETERMINISTIC,KEEP,"Physical material, merchandise, food or tool",,0,0,0,0,0,0,False,0.0,37.5
517,517,CABLE 10 AWG THHN NEGRO,consu,consu,True,True,True,True,Material eléctrico,,True,category=Material eléctrico; normalized=cable 10 awg thhn negro,DETERMINISTIC,KEEP,"Physical material, merchandise, food or tool",,0,0,0,0,0,0,False,0.0,37.5
519,519,CABLE #10 AWG THHN VERDE,consu,consu,True,True,True,True,Material eléctrico,,True,category=Material eléctrico; normalized=cable 10 awg thhn verde,DETERMINISTIC,KEEP,"Physical material, merchandise, food or tool",,0,0,0,0,0,0,False,0.0,37.5
704,704,CABLE 12 AWG THHN-500 PIE,consu,consu,True,True,True,True,Material eléctrico,,True,category=Material eléctrico; normalized=cable 12 awg thhn-500 pie,DETERMINISTIC,KEEP,"Physical material, merchandise, food or tool",,0,0,0,0,0,0,False,0.0,11500.0
520,520,CABLE #12 AWG THHN BLANCO,consu,consu,True,True,True,True,Material eléctrico,,True,category=Material eléctrico; normalized=cable 12 awg thhn blanco,DETERMINISTIC,KEEP,"Physical material, merchandise, food or tool",,0,0,0,0,0,0,False,0.0,23.0
1036,1036,CABLE 12 AWG THHN NEGRO,consu,consu,True,True,True,True,Material eléctrico,,True,category=Material eléctrico; normalized=cable 12 awg thhn negro,DETERMINISTIC,KEEP,"Physical material, merchandise, food or tool",,0,0,0,0,0,0,False,0.0,23.0
521,521,CABLE #12 AWG THHN RO JO,consu,consu,True,True,True,True,Material eléctrico,,True,category=Material eléctrico; normalized=cable 12 awg thhn ro jo,DETERMINISTIC,KEEP,"Physical material, merchandise, food or tool",,0,0,0,0,0,0,False,0.0,23.0
1039,1039,CABLE #14 (1.5mm) AWG THHN BLANCO,consu,consu,True,True,True,True,Material eléctrico,,True,category=Material eléctrico; normalized=cable 14 1.5mm awg thhn blanco,DETERMINISTIC,KEEP,"Physical material, merchandise, food or tool",,0,0,0,0,0,0,False,0.0,46.7
203,203,Cable #14 AWG Thhn Negro,consu,consu,True,True,True,True,Material eléctrico,,True,category=Material eléctrico; normalized=cable 14 awg thhn negro,DETERMINISTIC,KEEP,"Physical material, merchandise, food or tool",,0,0,0,0,0,0,False,0.0,46.7
1489,1489,CABLE 2 AWG THHN,consu,consu,True,True,True,True,Material eléctrico,,True,category=Material eléctrico; normalized=cable 2 awg thhn,DETERMINISTIC,KEEP,"Physical material, merchandise, food or tool",,0,0,0,0,0,0,False,0.0,226.0
104,104,CABLE 3/0 AWG THHN NEGRO,consu,consu,True,True,False,True,,,True,invoice_lines=1; normalized=cable 3/0 awg thhn negro,DETERMINISTIC,FIX_PURCHASE_OK,"Physical material, merchandise, food or tool",,0,0,1,0,0,0,False,0.0,450.0
1488,1488,CABLE 4 AWG THHN,consu,consu,True,True,True,True,Material eléctrico,,True,category=Material eléctrico; normalized=cable 4 awg thhn,DETERMINISTIC,KEEP,"Physical material, merchandise, food or tool",,0,0,0,0,0,0,False,0.0,178.0
1040,1040,CABLE 8 AWG THHN NEGR,consu,consu,True,True,True,True,Material eléctrico,,True,category=Material eléctrico; normalized=cable 8 awg thhn negr,DETERMINISTIC,KEEP,"Physical material, merchandise, food or tool",,0,0,0,0,0,0,False,0.0,43.0
1037,1037,CABLE GOMA 12/2 SJTW NEGRO,consu,consu,True,True,True,True,Neumáticos,,True,category=Neumáticos; normalized=cable goma 12/2 sjtw negro,DETERMINISTIC,KEEP,"Physical material, merchandise, food or tool",,0,0,0,0,0,0,False,0.0,57.2
1038,1038,CABLE GOMA 12/3 SJTW NEGRO,consu,consu,True,True,True,True,Neumáticos,,True,category=Neumáticos; normalized=cable goma 12/3 sjtw negro,DETERMINISTIC,KEEP,"Physical material, merchandise, food or tool",,0,0,0,0,0,0,False,0.0,68.0
538,538,CABLE GOMA 14/2 SJTW NEGRO,consu,consu,True,True,True,True,Neumáticos,,True,category=Neumáticos; normalized=cable goma 14/2 sjtw negro,DETERMINISTIC,KEEP,"Physical material, merchandise, food or tool",,0,0,0,0,0,0,False,0.0,30.5
230,230,CABLE GOMA 8/3 SJTW NEGRO,consu,consu,True,True,True,True,Neumáticos,,True,category=Neumáticos; normalized=cable goma 8/3 sjtw negro,DETERMINISTIC,KEEP,"Physical material, merchandise, food or tool",,0,0,0,0,0,0,False,0.0,125.0
534,534,CABLE VINYL 10/2 UF TW GRIS Cordiflex,consu,consu,True,True,True,True,Material eléctrico,,True,category=Material eléctrico; normalized=cable vinyl 10/2 uf tw gris cordiflex,DETERMINISTIC,KEEP,"Physical material, merchandise, food or tool",,0,0,0,0,0,0,False,0.0,66.0
1042,1042,CABLE VINYL 12/2 UF TW GRIS Cordiflex,consu,consu,True,True,True,True,Material eléctrico,,True,category=Material eléctrico; normalized=cable vinyl 12/2 uf tw gris cordiflex,DETERMINISTIC,KEEP,"Physical material, merchandise, food or tool",,0,0,0,0,0,0,False,0.0,41.7
1041,1041,CABLE VINYL 12/3 UF TW GRIS Cordiflex,consu,consu,True,True,True,True,Material eléctrico,,True,category=Material eléctrico; normalized=cable vinyl 12/3 uf tw gris cordiflex,DETERMINISTIC,KEEP,"Physical material, merchandise, food or tool",,0,0,0,0,0,0,False,0.0,58.7
378,378,CAJA 2X4,consu,consu,True,True,True,True,Ferretería,,True,category=Ferretería; normalized=caja 2x4,HIGH_CONFIDENCE,KEEP,Already Goods and name is not a service,,0,0,0,0,0,0,False,0.0,104.0
706,706,CAJA 2X4 3/4 Suplemento,consu,consu,True,True,True,True,Ferretería,,True,category=Ferretería; normalized=caja 2x4 3/4 suplemento,HIGH_CONFIDENCE,KEEP,Already Goods and name is not a service,,0,0,0,0,0,0,False,0.0,115.0
96,96,CAJA BREAKER 12 SUPE. OMNIUM,consu,consu,True,True,False,True,,,True,invoice_lines=1; normalized=caja breaker 12 supe. omnium,DETERMINISTIC,FIX_PURCHASE_OK,"Physical material, merchandise, food or tool",,0,0,1,0,0,0,False,0.0,3989.0
1497,1497,CAJA Breaker 8 A 16 Circuito TLM-812FCUD ABB - GE,consu,consu,True,True,True,True,Material eléctrico,,True,category=Material eléctrico; normalized=caja breaker 8 a 16 circuito tlm-812fcud abb - ge,DETERMINISTIC,KEEP,"Physical material, merchandise, food or tool",,0,0,0,0,0,0,False,0.0,6954.0
123,123,CAJA BREAKER 8 A 16 CIRCUITO TLM-812FCUD ABB-GE,consu,consu,True,True,False,True,,,True,invoice_lines=1; normalized=caja breaker 8 a 16 circuito tlm-812fcud abb-ge,DETERMINISTIC,FIX_PURCHASE_OK,"Physical material, merchandise, food or tool",,0,0,1,0,0,0,False,0.0,6954.0
228,228,CAJA Breaker GE 2 A 4,consu,consu,True,True,True,True,Material eléctrico,,True,category=Material eléctrico; normalized=caja breaker ge 2 a 4,DETERMINISTIC,KEEP,"Physical material, merchandise, food or tool",,0,0,0,0,0,0,False,0.0,4300.0
35,35,CAJA CHICA (Feb-Mar 2026) agua y hielo $600/semana,service,service,True,True,False,False,,,True,invoice_lines=1; normalized=caja chica feb-mar 2026 agua y hielo 600/semana,HIGH_CONFIDENCE,KEEP,"Construction/haulage/petty-cash activity, not a SKU",,0,0,1,0,0,0,False,0.0,600.0
34,34,CAJA CHICA (Materiales instalacion motobomba y combustible),service,service,True,True,False,False,,,True,invoice_lines=1; normalized=caja chica materiales instalacion motobomba y combustible,HIGH_CONFIDENCE,KEEP,"Construction/haulage/petty-cash activity, not a SKU",,0,0,1,0,0,0,False,0.0,15000.0
36,36,"CAJA CHICA motobomba/materiales + caja chica abril + combustible drenaje (desglose PDF no suma al SUB TOTAL 52,453.30)",service,service,True,True,False,False,,,True,invoice_lines=1; normalized=caja chica motobomba/materiales caja chica abril combustible drenaje desglose pdf no suma al sub total 52 453.30,HIGH_CONFIDENCE,KEEP,"Construction/haulage/petty-cash activity, not a SKU",,0,0,1,0,0,0,False,0.0,52453.3
1363,1363,Caja De Brazing Rod 0% Silver (varillas PLATA Para Soldaduras)1/8,consu,consu,True,True,True,True,Construcción,,True,category=Construcción; normalized=caja de brazing rod 0% silver varillas plata para soldaduras 1/8,DETERMINISTIC,KEEP,"Physical material, merchandise, food or tool",,0,0,0,0,0,0,False,0.0,800.0
332,332,CAJA DE Breaker 4/8,consu,consu,True,True,True,True,Material eléctrico,,True,category=Material eléctrico; normalized=caja de breaker 4/8,DETERMINISTIC,KEEP,"Physical material, merchandise, food or tool",,0,0,0,0,0,0,False,0.0,5150.0
333,333,CAJA DE Breaker 8/16,consu,consu,True,True,True,True,Material eléctrico,,True,category=Material eléctrico; normalized=caja de breaker 8/16,DETERMINISTIC,KEEP,"Physical material, merchandise, food or tool",,0,0,0,0,0,0,False,0.0,7850.0
330,330,CAJA DE Breaker GE 6 A 12,consu,consu,True,True,True,True,Material eléctrico,,True,category=Material eléctrico; normalized=caja de breaker ge 6 a 12,DETERMINISTIC,KEEP,"Physical material, merchandise, food or tool",,0,0,0,0,0,0,False,0.0,6450.0
219,219,CAJA DE Breaker Plastico Europeo DE 12 Circuito,consu,consu,True,True,True,True,Material eléctrico,,True,category=Material eléctrico; normalized=caja de breaker plastico europeo de 12 circuito,DETERMINISTIC,KEEP,"Physical material, merchandise, food or tool",,0,0,0,0,0,0,False,0.0,3250.0
670,670,CAJA DE CLAVOS F-20 (1),consu,consu,True,True,True,True,Ferretería,,True,category=Ferretería; normalized=caja de clavos f-20 1,HIGH_CONFIDENCE,KEEP,Already Goods and name is not a service,,0,0,0,0,0,0,False,0.0,395.0
457,457,CAJA DE CLAVOS F-25 (1),consu,consu,True,True,True,True,Ferretería,,True,category=Ferretería; normalized=caja de clavos f-25 1,HIGH_CONFIDENCE,KEEP,Already Goods and name is not a service,,0,0,0,0,0,0,False,0.0,415.0
932,932,Caja De Gomitas OBIS No. 18,consu,consu,True,True,True,True,Ferretería,,True,category=Ferretería; normalized=caja de gomitas obis no. 18,HIGH_CONFIDENCE,KEEP,Already Goods and name is not a service,,0,0,0,0,0,0,False,0.0,95.0
348,348,CAJA DE GRAPA Estandar,consu,consu,True,True,True,True,Ferretería,,True,category=Ferretería; normalized=caja de grapa estandar,HIGH_CONFIDENCE,KEEP,Already Goods and name is not a service,,0,0,0,0,0,0,False,0.0,180.0
1430,1430,CAJA DE GRAPA Estandar Artesco,consu,consu,True,True,True,True,Ferretería,,True,category=Ferretería; normalized=caja de grapa estandar artesco,HIGH_CONFIDENCE,KEEP,Already Goods and name is not a service,,0,0,0,0,0,0,False,0.0,148.0
1357,1357,Caja De Herramienta,consu,consu,True,True,True,True,Ferretería,,True,category=Ferretería; normalized=caja de herramienta,HIGH_CONFIDENCE,KEEP,Already Goods and name is not a service,,0,0,0,0,0,0,False,0.0,4300.0
1418,1418,Caja De Herramientas 66pcs Wurth,consu,consu,True,True,True,True,Ferretería,,True,category=Ferretería; normalized=caja de herramientas 66pcs wurth,HIGH_CONFIDENCE,KEEP,Already Goods and name is not a service,,0,0,0,0,0,0,False,0.0,23340.0
1209,1209,CAJA DE Herramientas Mediana Plastica KENDO,consu,consu,True,True,True,True,Ferretería,,True,category=Ferretería; normalized=caja de herramientas mediana plastica kendo,HIGH_CONFIDENCE,KEEP,Already Goods and name is not a service,,0,0,0,0,0,0,False,0.0,915.0
377,377,CAJA Octagonal 3/4 METAL,consu,consu,True,True,True,True,Ferretería,,True,category=Ferretería; normalized=caja octagonal 3/4 metal,HIGH_CONFIDENCE,KEEP,Already Goods and name is not a service,,0,0,0,0,0,0,False,0.0,140.0
849,849,Cajas De Clips Billeteros 1 1/4 (32mm) 12/2,consu,consu,True,True,True,True,Ferretería,,True,category=Ferretería; normalized=cajas de clips billeteros 1 1/4 32mm 12/2,HIGH_CONFIDENCE,KEEP,Already Goods and name is not a service,,0,0,0,0,0,0,False,0.0,425.0
850,850,Cajas De Clips Billeteros 2 (51mm) 12/3,consu,consu,True,True,True,True,Ferretería,,True,category=Ferretería; normalized=cajas de clips billeteros 2 51mm 12/3,HIGH_CONFIDENCE,KEEP,Already Goods and name is not a service,,0,0,0,0,0,0,False,0.0,500.0
848,848,Cajas De Clips Billeteros 3/4 (19mm) 12/1,consu,consu,True,True,True,True,Ferretería,,True,category=Ferretería; normalized=cajas de clips billeteros 3/4 19mm 12/1,HIGH_CONFIDENCE,KEEP,Already Goods and name is not a service,,0,0,0,0,0,0,False,0.0,300.0
852,852,"Cajas De Felpa Tinta De Gel Azul Punto Audaz 1,0 Mm 12/1",consu,consu,True,True,True,True,Ferretería,,True,category=Ferretería; normalized=cajas de felpa tinta de gel azul punto audaz 1 0 mm 12/1,HIGH_CONFIDENCE,KEEP,Already Goods and name is not a service,,0,0,0,0,0,0,False,0.0,2500.0
826,826,Cajas De Ganchos Macho Y Hembra 50/1,consu,consu,True,True,True,True,Ferretería,,True,category=Ferretería; normalized=cajas de ganchos macho y hembra 50/1,HIGH_CONFIDENCE,KEEP,Already Goods and name is not a service,,0,0,0,0,0,0,False,0.0,250.0
828,828,Cajas De Gomas Bandas No. 18,consu,consu,True,True,True,True,Ferretería,,True,category=Ferretería; normalized=cajas de gomas bandas no. 18,DETERMINISTIC,KEEP,"Physical material, merchandise, food or tool",,0,0,0,0,0,0,False,0.0,55.1
829,829,Cajas De Grapas Estándar,consu,consu,True,True,True,True,Ferretería,,True,category=Ferretería; normalized=cajas de grapas estandar,HIGH_CONFIDENCE,KEEP,Already Goods and name is not a service,,0,0,0,0,0,0,False,0.0,43.0
830,830,Cajas De Grapas Grandes,consu,consu,True,True,True,True,Ferretería,,True,category=Ferretería; normalized=cajas de grapas grandes,HIGH_CONFIDENCE,KEEP,Already Goods and name is not a service,,0,0,0,0,0,0,False,0.0,195.0
835,835,Cajas De Lapiceros Azules 12/1,consu,consu,True,True,True,True,Oficina,,True,category=Oficina; normalized=cajas de lapiceros azules 12/1,HIGH_CONFIDENCE,KEEP,Already Goods and name is not a service,,0,0,0,0,0,0,False,0.0,89.0
836,836,Cajas De Lapiceros Negros 12/1,consu,consu,True,True,True,True,Oficina,,True,category=Oficina; normalized=cajas de lapiceros negros 12/1,HIGH_CONFIDENCE,KEEP,Already Goods and name is not a service,,0,0,0,0,0,0,False,0.0,89.0
839,839,Cajas De Marcadores Para Pizarra Azul,consu,consu,True,True,True,True,Ferretería,,True,category=Ferretería; normalized=cajas de marcadores para pizarra azul,HIGH_CONFIDENCE,KEEP,Already Goods and name is not a service,,0,0,0,0,0,0,False,0.0,650.0
840,840,Cajas De Marcadores Para Pizarra Negro,consu,consu,True,True,True,True,Ferretería,,True,category=Ferretería; normalized=cajas de marcadores para pizarra negro,HIGH_CONFIDENCE,KEEP,Already Goods and name is not a service,,0,0,0,0,0,0,False,0.0,650.0
841,841,Cajas De Marcadores Para Pizarra Rojo,consu,consu,True,True,True,True,Ferretería,,True,category=Ferretería; normalized=cajas de marcadores para pizarra rojo,HIGH_CONFIDENCE,KEEP,Already Goods and name is not a service,,0,0,0,0,0,0,False,0.0,650.0
842,842,Cajas De Marcadores Para Pizarra Verde,consu,consu,True,True,True,True,Ferretería,,True,category=Ferretería; normalized=cajas de marcadores para pizarra verde,HIGH_CONFIDENCE,KEEP,Already Goods and name is not a service,,0,0,0,0,0,0,False,0.0,650.0
1287,1287,CAJAS DE SOBRES Blancos 500/1,consu,consu,True,True,True,True,Ferretería,,True,category=Ferretería; normalized=cajas de sobres blancos 500/1,HIGH_CONFIDENCE,KEEP,Already Goods and name is not a service,,0,0,0,0,0,0,False,0.0,945.0
1297,1297,CAJITA DE CLIP PEQ TALBO,consu,consu,True,True,True,True,Ferretería,,True,category=Ferretería; normalized=cajita de clip peq talbo,HIGH_CONFIDENCE,KEEP,Already Goods and name is not a service,,0,0,0,0,0,0,False,0.0,15.0
1296,1296,CAJITA DE GRAPAS Grandes Standard T,consu,consu,True,True,True,True,Ferretería,,True,category=Ferretería; normalized=cajita de grapas grandes standard t,HIGH_CONFIDENCE,KEEP,Already Goods and name is not a service,,0,0,0,0,0,0,False,0.0,38.0
1295,1295,Cajitas DE GRAPAS Standard T,consu,consu,True,True,True,True,Ferretería,,True,category=Ferretería; normalized=cajitas de grapas standard t,HIGH_CONFIDENCE,KEEP,Already Goods and name is not a service,,0,0,0,0,0,0,False,0.0,15.0
1185,1185,Caliche FINO,consu,consu,True,True,True,True,Ferretería,,True,category=Ferretería; normalized=caliche fino,HIGH_CONFIDENCE,KEEP,Already Goods and name is not a service,,0,0,0,0,0,0,False,0.0,705.0
1545,1545,Cama C/base De Madera 54'' Doble Pillow Top Especial,consu,consu,True,True,True,True,Ferretería,,True,category=Ferretería; normalized=cama c/base de madera 54 doble pillow top especial,HIGH_CONFIDENCE,KEEP,Already Goods and name is not a service,,0,0,0,0,0,0,False,0.0,12438.14
1573,1573,CAMA CON BASE DE MADERA 54 PG PILLOW TOP EURO AZUL,consu,consu,True,True,True,True,Ferretería,,True,category=Ferretería; normalized=cama con base de madera 54 pg pillow top euro azul,HIGH_CONFIDENCE,KEEP,Already Goods and name is not a service,,0,0,0,0,0,0,False,0.0,13050.0
1592,1592,Camarote 39X39 Pulgadas TWIN TWIN FIRSO,consu,consu,True,True,True,True,Ferretería,,True,category=Ferretería; normalized=camarote 39x39 pulgadas twin twin firso,HIGH_CONFIDENCE,KEEP,Already Goods and name is not a service,,0,0,0,0,0,0,False,0.0,32668.3
1561,1561,Camarote Hilton Twin Twin 39X39 Pulgadas,consu,consu,True,True,True,True,Ferretería,,True,category=Ferretería; normalized=camarote hilton twin twin 39x39 pulgadas,HIGH_CONFIDENCE,KEEP,Already Goods and name is not a service,,0,0,0,0,0,0,False,0.0,25075.0
980,980,Cambio Tapa De Cisterma 1x1 Concreto,consu,consu,True,True,True,True,Ferretería,,True,category=Ferretería; normalized=cambio tapa de cisterma 1x1 concreto,HIGH_CONFIDENCE,KEEP,Already Goods and name is not a service,,0,0,0,0,0,0,False,0.0,6200.0
1213,1213,"Camioneta NISSAN Frontier NP300 AÑO 2019, FICHA 275, PLACA L406494 CHASIS",consu,consu,True,True,True,True,Ferretería,,True,category=Ferretería; normalized=camioneta nissan frontier np300 ano 2019 ficha 275 placa l406494 chasis,HIGH_CONFIDENCE,KEEP,Already Goods and name is not a service,,0,0,0,0,0,0,False,0.0,9000.0
1050,1050,Canaleta RECTA. 3/4X10MM KOLNY 2070-05,consu,consu,True,True,True,True,Ferretería,,True,category=Ferretería; normalized=canaleta recta. 3/4x10mm kolny 2070-05,HIGH_CONFIDENCE,KEEP,Already Goods and name is not a service,,0,0,0,0,0,0,False,0.0,250.0
303,303,Canaletas Cuadradas C/ADH 1/2,consu,consu,True,True,True,True,Ferretería,,True,category=Ferretería; normalized=canaletas cuadradas c/adh 1/2,HIGH_CONFIDENCE,KEEP,Already Goods and name is not a service,,0,0,0,0,0,0,False,0.0,275.0
218,218,Candado DE BRONCE YALE ITALY 70MM,consu,consu,True,True,True,True,Ferretería,,True,category=Ferretería; normalized=candado de bronce yale italy 70mm,HIGH_CONFIDENCE,KEEP,Already Goods and name is not a service,,0,0,0,0,0,0,False,0.0,3090.0
1378,1378,Candado Yale 50 Mm,consu,consu,True,True,True,True,Ferretería,,True,category=Ferretería; normalized=candado yale 50 mm,HIGH_CONFIDENCE,KEEP,Already Goods and name is not a service,,0,0,0,0,0,0,False,0.0,1650.0
204,204,Candado Yale 70 Mm 110-70,consu,consu,True,True,True,True,Ferretería,,True,category=Ferretería; normalized=candado yale 70 mm 110-70,HIGH_CONFIDENCE,KEEP,Already Goods and name is not a service,,0,0,0,0,0,0,False,0.0,2740.0
1029,1029,CAÑOS DE 10X16,consu,consu,True,True,True,True,Ferretería,,True,category=Ferretería; normalized=canos de 10x16,HIGH_CONFIDENCE,KEEP,Already Goods and name is not a service,,0,0,0,0,0,0,False,0.0,1623.36
868,868,Canto PVC Teca Lino SW 22x0.4mm Pies L,consu,consu,True,True,True,True,Plomería,,True,category=Plomería; normalized=canto pvc teca lino sw 22x0.4mm pies l,HIGH_CONFIDENCE,KEEP,Already Goods and name is not a service,,0,0,0,0,0,0,False,0.0,26.27
374,374,CAPA Amarilla,consu,consu,True,True,True,True,Ferretería,,True,category=Ferretería; normalized=capa amarilla,HIGH_CONFIDENCE,KEEP,Already Goods and name is not a service,,0,0,0,0,0,0,False,0.0,1852.0
407,407,CAPA Amarilla Impeable,consu,consu,True,True,True,True,Ferretería,,True,category=Ferretería; normalized=capa amarilla impeable,HIGH_CONFIDENCE,KEEP,Already Goods and name is not a service,,0,0,0,0,0,0,False,0.0,1862.0
1100,1100,"CAPA Impermeable, TRUPER SIZE L",consu,consu,True,True,True,True,Herramientas,,True,category=Herramientas; normalized=capa impermeable truper size l,HIGH_CONFIDENCE,KEEP,Already Goods and name is not a service,,0,0,0,0,0,0,False,0.0,1050.0
1099,1099,"CAPA Impermeable, TRUPER SIZE M",consu,consu,True,True,True,True,Herramientas,,True,category=Herramientas; normalized=capa impermeable truper size m,HIGH_CONFIDENCE,KEEP,Already Goods and name is not a service,,0,0,0,0,0,0,False,0.0,1025.0
1101,1101,"CAPA Impermeable, TRUPER SIZE XL",consu,consu,True,True,True,True,Herramientas,,True,category=Herramientas; normalized=capa impermeable truper size xl,HIGH_CONFIDENCE,KEEP,Already Goods and name is not a service,,0,0,0,0,0,0,False,0.0,1075.0
511,511,CAPA P/AGUA 1 PZA Amarilla,consu,consu,True,True,True,True,Ferretería,,True,category=Ferretería; normalized=capa p/agua 1 pza amarilla,HIGH_CONFIDENCE,KEEP,Already Goods and name is not a service,,0,0,0,0,0,0,False,0.0,875.0
1318,1318,CARNE DE CERDO,consu,consu,True,True,True,True,Carnes,"COMERCIALIZADORA DE ALIMENTOS PIÑARIA, S.R.L.",True,"category=Carnes; company=COMERCIALIZADORA DE ALIMENTOS PIÑARIA, S.R.L.; normalized=carne de cerdo",DETERMINISTIC,KEEP,"Physical material, merchandise, food or tool",,0,0,0,0,0,0,False,0.0,200.0
1313,1313,CARNE DE RES,consu,consu,True,True,True,True,Carnes,"COMERCIALIZADORA DE ALIMENTOS PIÑARIA, S.R.L.",True,"category=Carnes; company=COMERCIALIZADORA DE ALIMENTOS PIÑARIA, S.R.L.; normalized=carne de res",DETERMINISTIC,KEEP,"Physical material, merchandise, food or tool",,0,0,0,0,0,0,False,0.0,225.0
1207,1207,CARPAS Plegables Parasol 3x3 TORDO Pegable Impermeable Reforzado TIPO ARAÑA,consu,consu,True,True,True,True,Ferretería,,True,category=Ferretería; normalized=carpas plegables parasol 3x3 tordo pegable impermeable reforzado tipo arana,HIGH_CONFIDENCE,KEEP,Already Goods and name is not a service,,0,0,0,0,0,0,False,0.0,318.0
555,555,Carretilla TRUPER,consu,consu,True,True,True,True,Herramientas,,True,category=Herramientas; normalized=carretilla truper,HIGH_CONFIDENCE,KEEP,Already Goods and name is not a service,,0,0,0,0,0,0,False,0.0,6944.9
370,370,Carretilla TRUPER CAT-50,consu,consu,True,True,True,True,Herramientas,,True,category=Herramientas; normalized=carretilla truper cat-50,HIGH_CONFIDENCE,KEEP,Already Goods and name is not a service,,0,0,0,0,0,0,False,0.0,10575.0
556,556,Carretillla Reforzada PARA Asfalto Tramotina,consu,consu,True,True,True,True,Ferretería,,True,category=Ferretería; normalized=carretillla reforzada para asfalto tramotina,HIGH_CONFIDENCE,KEEP,Already Goods and name is not a service,,0,0,0,0,0,0,False,0.0,11048.2
146,146,CARTUCHO HP DESKJET 1000 122,consu,consu,True,True,False,True,,,True,invoice_lines=1; normalized=cartucho hp deskjet 1000 122,HIGH_CONFIDENCE,FIX_PURCHASE_OK,Already Goods and name is not a service,,0,0,1,0,0,0,False,0.0,2000.0
366,366,CASCO DE Seguridad Amarillo PRETUL,consu,consu,True,True,True,True,Ferretería,,True,category=Ferretería; normalized=casco de seguridad amarillo pretul,HIGH_CONFIDENCE,KEEP,Already Goods and name is not a service,,0,0,0,0,0,0,False,0.0,1070.0
367,367,CASCO DE Seguridad AZUL CON AJUSTE,consu,consu,True,True,True,True,Ferretería,,True,category=Ferretería; normalized=casco de seguridad azul con ajuste,HIGH_CONFIDENCE,KEEP,Already Goods and name is not a service,,0,0,0,0,0,0,False,0.0,1070.0
368,368,CASCO DE Seguridad BLANCO CON AJUSTE,consu,consu,True,True,True,True,Ferretería,,True,category=Ferretería; normalized=casco de seguridad blanco con ajuste,HIGH_CONFIDENCE,KEEP,Already Goods and name is not a service,,0,0,0,0,0,0,False,0.0,1070.0
512,512,CASCO Seguridad BLANCO 201758 CLIMAX,consu,consu,True,True,True,True,Ferretería,,True,category=Ferretería; normalized=casco seguridad blanco 201758 climax,HIGH_CONFIDENCE,KEEP,Already Goods and name is not a service,,0,0,0,0,0,0,False,0.0,565.0
557,557,CEDAZO DE ARENA,consu,consu,True,True,True,True,Construcción,,True,category=Construcción; normalized=cedazo de arena,HIGH_CONFIDENCE,KEEP,Already Goods and name is not a service,,0,0,0,0,0,0,False,0.0,750.0
1508,1508,Cemento,consu,consu,True,True,True,True,Construcción,,True,category=Construcción; normalized=cemento,DETERMINISTIC,KEEP,"Physical material, merchandise, food or tool",,0,0,0,0,0,0,False,0.0,546.25
726,726,Cemento BLANCO,consu,consu,True,True,True,True,Construcción,,True,category=Construcción; normalized=cemento blanco,DETERMINISTIC,KEEP,"Physical material, merchandise, food or tool",,0,0,0,0,0,0,False,0.0,60.0
73,73,CEMENTO BLANCO 2KG (4.4LBS) 2KG PEGAFORTE,consu,consu,True,True,False,True,,,True,invoice_lines=1; normalized=cemento blanco 2kg 4.4lbs 2kg pegaforte,DETERMINISTIC,FIX_PURCHASE_OK,"Physical material, merchandise, food or tool",,0,0,1,0,0,0,False,0.0,205.0
54,54,CEMENTO BLANCO FUNDA 40KG,consu,consu,True,True,False,True,,,True,invoice_lines=1; normalized=cemento blanco funda 40kg,DETERMINISTIC,FIX_PURCHASE_OK,"Physical material, merchandise, food or tool",,0,0,1,0,0,0,False,0.0,2750.0
817,817,Cemento BLANCO Portland 94LB,consu,consu,True,True,True,True,Construcción,,True,category=Construcción; normalized=cemento blanco portland 94lb,DETERMINISTIC,KEEP,"Physical material, merchandise, food or tool",,0,0,0,0,0,0,False,0.0,1950.0
1416,1416,Cemento De Contacto 1gl Universal,consu,consu,True,True,True,True,Construcción,,True,category=Construcción; normalized=cemento de contacto 1gl universal,DETERMINISTIC,KEEP,"Physical material, merchandise, food or tool",,0,0,0,0,0,0,False,0.0,2650.0
1463,1463,Cemento GRIS 94 LIBRA,consu,consu,True,True,True,True,Construcción,,True,category=Construcción; normalized=cemento gris 94 libra,DETERMINISTIC,KEEP,"Physical material, merchandise, food or tool",,0,0,0,0,0,0,False,0.0,535.5
1172,1172,Cemento GRIS (aglomerante Portland) SANTO Domingo 42.5 Kg/94 LB,consu,consu,True,True,True,True,Construcción,,True,category=Construcción; normalized=cemento gris aglomerante portland santo domingo 42.5 kg/94 lb,DETERMINISTIC,KEEP,"Physical material, merchandise, food or tool",,0,0,0,0,0,0,False,0.0,531.99
22,22,CEMENTO GRIS (AGLOMERANTE PORTLAND) SANTO DOMINGO 94LB,consu,consu,True,True,False,True,,,True,invoice_lines=1; normalized=cemento gris aglomerante portland santo domingo 94lb,DETERMINISTIC,FIX_PURCHASE_OK,"Physical material, merchandise, food or tool",,0,0,1,0,0,0,False,0.0,365.31
645,645,Cemento GRIS (aglomerante Portland) SANTO Domingo/titan-cemex FDA 94LB,consu,consu,True,True,True,True,Construcción,,True,category=Construcción; normalized=cemento gris aglomerante portland santo domingo/titan-cemex fda 94lb,DETERMINISTIC,KEEP,"Physical material, merchandise, food or tool",,0,0,0,0,0,0,False,0.0,550.0
318,318,Cemento GRIS SANTO Domingo 94LB,consu,consu,True,True,True,True,Construcción,,True,category=Construcción; normalized=cemento gris santo domingo 94lb,DETERMINISTIC,KEEP,"Physical material, merchandise, food or tool",,0,0,0,0,0,0,False,0.0,675.5
1490,1490,Cemento GRIS TITAN 42.5 GK,consu,consu,True,True,True,True,Construcción,,True,category=Construcción; normalized=cemento gris titan 42.5 gk,DETERMINISTIC,KEEP,"Physical material, merchandise, food or tool",,0,0,0,0,0,0,False,0.0,595.0
954,954,Cemento GRIS TITAN 94 LB,consu,consu,True,True,True,True,Construcción,,True,category=Construcción; normalized=cemento gris titan 94 lb,DETERMINISTIC,KEEP,"Physical material, merchandise, food or tool",,0,0,0,0,0,0,False,0.0,624.71
532,532,Cemento P/ceramica 50LBS GRIS Pegaforte,consu,consu,True,True,True,True,Construcción,,True,category=Construcción; normalized=cemento p/ceramica 50lbs gris pegaforte,DETERMINISTIC,KEEP,"Physical material, merchandise, food or tool",,0,0,0,0,0,0,False,0.0,462.0
761,761,Cemento Plastico Polyplus 2.8,consu,consu,True,True,True,True,Construcción,,True,category=Construcción; normalized=cemento plastico polyplus 2.8,DETERMINISTIC,KEEP,"Physical material, merchandise, food or tool",,0,0,0,0,0,0,False,0.0,2691.0
1411,1411,Cemento Pvc Azul 1/4 Lanco//,consu,consu,True,True,True,True,Plomería,,True,category=Plomería; normalized=cemento pvc azul 1/4 lanco//,DETERMINISTIC,KEEP,"Physical material, merchandise, food or tool",,0,0,0,0,0,0,False,0.0,1825.0
375,375,Cemento PVC LANCO AZUL 1/4,consu,consu,True,True,True,True,Plomería,,True,category=Plomería; normalized=cemento pvc lanco azul 1/4,DETERMINISTIC,KEEP,"Physical material, merchandise, food or tool",,0,0,0,0,0,0,False,0.0,2200.0
804,804,Cemento PVC LANCO WET DRY 8 OZ,consu,consu,True,True,True,True,Plomería,,True,category=Plomería; normalized=cemento pvc lanco wet dry 8 oz,DETERMINISTIC,KEEP,"Physical material, merchandise, food or tool",,0,0,0,0,0,0,False,0.0,675.0
280,280,Cemento Spray Web Adhesive Mult-purpos,consu,consu,True,True,True,True,Construcción,,True,category=Construcción; normalized=cemento spray web adhesive mult-purpos,DETERMINISTIC,KEEP,"Physical material, merchandise, food or tool",,0,0,0,0,0,0,False,0.0,500.0
531,531,Cepillo DE Alambre TRUPER 4 X 16 CEA-54,consu,consu,True,True,True,True,Herramientas,,True,category=Herramientas; normalized=cepillo de alambre truper 4 x 16 cea-54,DETERMINISTIC,KEEP,"Physical material, merchandise, food or tool",,0,0,0,0,0,0,False,0.0,360.0
858,858,Ceramica LISA 50X50,consu,consu,True,True,True,True,Ferretería,,True,category=Ferretería; normalized=ceramica lisa 50x50,HIGH_CONFIDENCE,KEEP,Already Goods and name is not a service,,0,0,0,0,0,0,False,0.0,750.0
1330,1330,Cerradura Electromagnetica De 600 Lbs,consu,consu,True,True,True,True,Ferretería,,True,category=Ferretería; normalized=cerradura electromagnetica de 600 lbs,HIGH_CONFIDENCE,KEEP,Already Goods and name is not a service,,0,0,0,0,0,0,False,0.0,7500.0
871,871,Cerradura P/gaveta Tallo Largo Mipecker,consu,consu,True,True,True,True,Ferretería,,True,category=Ferretería; normalized=cerradura p/gaveta tallo largo mipecker,HIGH_CONFIDENCE,KEEP,Already Goods and name is not a service,,0,0,0,0,0,0,False,0.0,165.85
373,373,Chaleco CON CINTA VERDE 14425,consu,consu,True,True,True,True,Ferretería,,True,category=Ferretería; normalized=chaleco con cinta verde 14425,HIGH_CONFIDENCE,KEEP,Already Goods and name is not a service,,0,0,0,0,0,0,False,0.0,650.0
558,558,Chaleco REFLEC SEG MAMEY,consu,consu,True,True,True,True,Ferretería,,True,category=Ferretería; normalized=chaleco reflec seg mamey,HIGH_CONFIDENCE,KEEP,Already Goods and name is not a service,,0,0,0,0,0,0,False,0.0,235.0
513,513,Chaleco REFLEC SEG MAMEY (L),consu,consu,True,True,True,True,Ferretería,,True,category=Ferretería; normalized=chaleco reflec seg mamey l,HIGH_CONFIDENCE,KEEP,Already Goods and name is not a service,,0,0,0,0,0,0,False,0.0,208.0
1079,1079,Chaleco Reflectivo Naranja,consu,consu,True,True,True,True,Ferretería,,True,category=Ferretería; normalized=chaleco reflectivo naranja,HIGH_CONFIDENCE,KEEP,Already Goods and name is not a service,,0,0,0,0,0,0,False,0.0,280.0
1151,1151,"Chaleco Salvavidas (s,m,l)",consu,consu,True,True,True,True,Ferretería,,True,category=Ferretería; normalized=chaleco salvavidas s m l,HIGH_CONFIDENCE,KEEP,Already Goods and name is not a service,,0,0,0,0,0,0,False,0.0,5875.0
372,372,Chalecos DE Seguridad VERDES CON EL LOGO D,consu,consu,True,True,True,True,Ferretería,,True,category=Ferretería; normalized=chalecos de seguridad verdes con el logo d,HIGH_CONFIDENCE,KEEP,Already Goods and name is not a service,,0,0,0,0,0,0,False,0.0,650.0
404,404,Chalecos Reflectivos Naranja,consu,consu,True,True,True,True,Ferretería,,True,category=Ferretería; normalized=chalecos reflectivos naranja,HIGH_CONFIDENCE,KEEP,Already Goods and name is not a service,,0,0,0,0,0,0,False,0.0,650.0
241,241,CHINA CUPS Grandes 32 OZ,consu,consu,True,True,True,True,Ferretería,,True,category=Ferretería; normalized=china cups grandes 32 oz,HIGH_CONFIDENCE,KEEP,Already Goods and name is not a service,,0,0,0,0,0,0,False,0.0,90.0
1521,1521,Chocolate EN BARRAS MUNE (10 TAB 25G) 72/1,consu,consu,True,True,True,True,Ferretería,,True,category=Ferretería; normalized=chocolate en barras mune 10 tab 25g 72/1,HIGH_CONFIDENCE,KEEP,Already Goods and name is not a service,,0,0,0,0,0,0,False,0.0,4114.0
1314,1314,Chuleta,consu,consu,True,True,True,True,Carnes,"COMERCIALIZADORA DE ALIMENTOS PIÑARIA, S.R.L.",True,"category=Carnes; company=COMERCIALIZADORA DE ALIMENTOS PIÑARIA, S.R.L.; normalized=chuleta",DETERMINISTIC,KEEP,"Physical material, merchandise, food or tool",,0,0,0,0,0,0,False,0.0,105.0
1317,1317,Chuleta FRESCA Rebanada,consu,consu,True,True,True,True,Carnes,"COMERCIALIZADORA DE ALIMENTOS PIÑARIA, S.R.L.",True,"category=Carnes; company=COMERCIALIZADORA DE ALIMENTOS PIÑARIA, S.R.L.; normalized=chuleta fresca rebanada",DETERMINISTIC,KEEP,"Physical material, merchandise, food or tool",,0,0,0,0,0,0,False,0.0,195.0
1493,1493,CINCEL PLANO 3/4 X10'' (19x250) Tramontina,consu,consu,True,True,True,True,Ferretería,,True,category=Ferretería; normalized=cincel plano 3/4 x10 19x250 tramontina,HIGH_CONFIDENCE,KEEP,Already Goods and name is not a service,,0,0,0,0,0,0,False,0.0,518.4
113,113,"CINCEL PLANO 3/4 X 10"" (19X250) TRAMONTINA",consu,consu,True,True,False,True,,,True,"invoice_lines=1; normalized=cincel plano 3/4 x 10"" 19x250 tramontina",HIGH_CONFIDENCE,FIX_PURCHASE_OK,Already Goods and name is not a service,,0,0,1,0,0,0,False,0.0,518.4
559,559,CINCEL PLANO 3/4x12 (18x300) 5825 Bellota,consu,consu,True,True,True,True,Ferretería,,True,category=Ferretería; normalized=cincel plano 3/4x12 18x300 5825 bellota,HIGH_CONFIDENCE,KEEP,Already Goods and name is not a service,,0,0,0,0,0,0,False,0.0,755.25
1492,1492,CINCEL PUNTA 3/4 X 10´ (19x250) Tramontina,consu,consu,True,True,True,True,Ferretería,,True,category=Ferretería; normalized=cincel punta 3/4 x 10 19x250 tramontina,HIGH_CONFIDENCE,KEEP,Already Goods and name is not a service,,0,0,0,0,0,0,False,0.0,510.2
112,112,"CINCEL PUNTA 3/4 X 10"" (19X250) TRAMONTINA",consu,consu,True,True,False,True,,,True,"invoice_lines=1; normalized=cincel punta 3/4 x 10"" 19x250 tramontina",HIGH_CONFIDENCE,FIX_PURCHASE_OK,Already Goods and name is not a service,,0,0,1,0,0,0,False,0.0,510.2
560,560,CINCEL PUNTA 3/4x12'' (18x300) 5821 Bellota,consu,consu,True,True,True,True,Ferretería,,True,category=Ferretería; normalized=cincel punta 3/4x12 18x300 5821 bellota,HIGH_CONFIDENCE,KEEP,Already Goods and name is not a service,,0,0,0,0,0,0,False,0.0,838.5
1373,1373,Cinta 3m P/baccocell De Insulacion,consu,consu,True,True,True,True,Ferretería,,True,category=Ferretería; normalized=cinta 3m p/baccocell de insulacion,HIGH_CONFIDENCE,KEEP,Already Goods and name is not a service,,0,0,0,0,0,0,False,0.0,500.0
931,931,"Cinta Adhesiva Invisible Talbot, 3/4 In X 1296 In, 36 Yd.",consu,consu,True,True,True,True,Ferretería,,True,category=Ferretería; normalized=cinta adhesiva invisible talbot 3/4 in x 1296 in 36 yd.,HIGH_CONFIDENCE,KEEP,Already Goods and name is not a service,,0,0,0,0,0,0,False,0.0,145.0
769,769,"CINTA Aislante 19MM X 18 MT BLANCO ""truper"" 96/1",consu,consu,True,True,True,True,Herramientas,,True,"category=Herramientas; normalized=cinta aislante 19mm x 18 mt blanco ""truper"" 96/1",HIGH_CONFIDENCE,KEEP,Already Goods and name is not a service,,0,0,0,0,0,0,False,0.0,10752.0
1159,1159,CINTA Antideslizante Adhesiva NEGRA 5MM X 18M,consu,consu,True,True,True,True,Ferretería,,True,category=Ferretería; normalized=cinta antideslizante adhesiva negra 5mm x 18m,HIGH_CONFIDENCE,KEEP,Already Goods and name is not a service,,0,0,0,0,0,0,False,0.0,2995.0
561,561,CINTA DE MEDIR Electrica GUIA-30 DE TRUPER,consu,consu,True,True,True,True,Herramientas,,True,category=Herramientas; normalized=cinta de medir electrica guia-30 de truper,HIGH_CONFIDENCE,KEEP,Already Goods and name is not a service,,0,0,0,0,0,0,False,0.0,4385.24
639,639,Cinta De Papel,consu,consu,True,True,True,True,Oficina,,True,category=Oficina; normalized=cinta de papel,HIGH_CONFIDENCE,KEEP,Already Goods and name is not a service,,0,0,0,0,0,0,False,0.0,350.0
1160,1160,CINTA DE Precaucion Amarilla,consu,consu,True,True,True,True,Ferretería,,True,category=Ferretería; normalized=cinta de precaucion amarilla,HIGH_CONFIDENCE,KEEP,Already Goods and name is not a service,,0,0,0,0,0,0,False,0.0,876.0
722,722,"CINTA DE TEFLÓN Industrial, TRUPER EXPERT 13M X 3/4""",consu,consu,True,True,True,True,Herramientas,,True,"category=Herramientas; normalized=cinta de teflon industrial truper expert 13m x 3/4""",HIGH_CONFIDENCE,KEEP,Already Goods and name is not a service,,0,0,0,0,0,0,False,0.0,165.0
777,777,CINTA Electrica Temflex,consu,consu,True,True,True,True,Ferretería,,True,category=Ferretería; normalized=cinta electrica temflex,HIGH_CONFIDENCE,KEEP,Already Goods and name is not a service,,0,0,0,0,0,0,False,0.0,90.0
346,346,CINTA EPSON FX- 890,consu,consu,True,True,True,True,Ferretería,,True,category=Ferretería; normalized=cinta epson fx- 890,HIGH_CONFIDENCE,KEEP,Already Goods and name is not a service,,0,0,0,0,0,0,False,0.0,1925.0
1428,1428,CINTA EPSON FX- 890 /S015329,consu,consu,True,True,True,True,Ferretería,,True,category=Ferretería; normalized=cinta epson fx- 890 /s015329,HIGH_CONFIDENCE,KEEP,Already Goods and name is not a service,,0,0,0,0,0,0,False,0.0,1375.0
1205,1205,CINTA Metrica 100m/330x Mm FIBRA TRUPER,consu,consu,True,True,True,True,Herramientas,,True,category=Herramientas; normalized=cinta metrica 100m/330x mm fibra truper,HIGH_CONFIDENCE,KEEP,Already Goods and name is not a service,,0,0,0,0,0,0,False,0.0,329.0
562,562,CINTA Metrica 30MT 35166 KENDO,consu,consu,True,True,True,True,Ferretería,,True,category=Ferretería; normalized=cinta metrica 30mt 35166 kendo,HIGH_CONFIDENCE,KEEP,Already Goods and name is not a service,,0,0,0,0,0,0,False,0.0,451.0
1085,1085,CINTA Metrica 5MTS,consu,consu,True,True,True,True,Ferretería,,True,category=Ferretería; normalized=cinta metrica 5mts,HIGH_CONFIDENCE,KEEP,Already Goods and name is not a service,,0,0,0,0,0,0,False,0.0,860.0
490,490,CINTA Metrica 5MTS TRUPER 15388,consu,consu,True,True,True,True,Herramientas,,True,category=Herramientas; normalized=cinta metrica 5mts truper 15388,HIGH_CONFIDENCE,KEEP,Already Goods and name is not a service,,0,0,0,0,0,0,False,0.0,745.0
563,563,CINTA Metrica 8MTS 14579-FH-8M TRUPER,consu,consu,True,True,True,True,Herramientas,,True,category=Herramientas; normalized=cinta metrica 8mts 14579-fh-8m truper,HIGH_CONFIDENCE,KEEP,Already Goods and name is not a service,,0,0,0,0,0,0,False,0.0,455.0
1280,1280,CINTA PARA Dispensador Studmark,consu,consu,True,True,True,True,Ferretería,,True,category=Ferretería; normalized=cinta para dispensador studmark,HIGH_CONFIDENCE,KEEP,Already Goods and name is not a service,,0,0,0,0,0,0,False,0.0,135.0
622,622,CINTA Precaucion AMAR 3''x1000' BTCC31000G Gripite,consu,consu,True,True,True,True,Ferretería,,True,category=Ferretería; normalized=cinta precaucion amar 3 x1000 btcc31000g gripite,HIGH_CONFIDENCE,KEEP,Already Goods and name is not a service,,0,0,0,0,0,0,False,0.0,1619.2
1161,1161,CINTA Reflectiva GRADO Diamante Amarilla 2'' X 150'',consu,consu,True,True,True,True,Ferretería,,True,category=Ferretería; normalized=cinta reflectiva grado diamante amarilla 2 x 150,HIGH_CONFIDENCE,KEEP,Already Goods and name is not a service,,0,0,0,0,0,0,False,0.0,7809.22
1282,1282,CINTAS Adhesiva GRANDE OPUS,consu,consu,True,True,True,True,Ferretería,,True,category=Ferretería; normalized=cintas adhesiva grande opus,HIGH_CONFIDENCE,KEEP,Already Goods and name is not a service,,0,0,0,0,0,0,False,0.0,75.0
1285,1285,CINTAS Impresoras Epson ERC39 BLACK,consu,consu,True,True,True,True,Tecnología,,True,category=Tecnología; normalized=cintas impresoras epson erc39 black,HIGH_CONFIDENCE,KEEP,Already Goods and name is not a service,,0,0,0,0,0,0,False,0.0,115.0
220,220,Circuito Breaker DE 20 AMP,consu,consu,True,True,True,True,Material eléctrico,,True,category=Material eléctrico; normalized=circuito breaker de 20 amp,DETERMINISTIC,KEEP,"Physical material, merchandise, food or tool",,0,0,0,0,0,0,False,0.0,400.0
564,564,Cizalla PROF 36'' (cp-36x) 12835 TRUPER,consu,consu,True,True,True,True,Herramientas,,True,category=Herramientas; normalized=cizalla prof 36 cp-36x 12835 truper,HIGH_CONFIDENCE,KEEP,Already Goods and name is not a service,,0,0,0,0,0,0,False,0.0,4018.65
941,941,Claudette Trementina 1/2 LT,consu,consu,True,True,True,True,Ferretería,,True,category=Ferretería; normalized=claudette trementina 1/2 lt,HIGH_CONFIDENCE,KEEP,Already Goods and name is not a service,,0,0,0,0,0,0,False,0.0,270.0
565,565,CLAVO ACERO 2 1/2'' ACERO Generico,consu,consu,True,True,True,True,Ferretería,,True,category=Ferretería; normalized=clavo acero 2 1/2 acero generico,HIGH_CONFIDENCE,KEEP,Already Goods and name is not a service,,0,0,0,0,0,0,False,0.0,70.5
566,566,CLAVO ACERO 3'' ACERO Generico,consu,consu,True,True,True,True,Ferretería,,True,category=Ferretería; normalized=clavo acero 3 acero generico,HIGH_CONFIDENCE,KEEP,Already Goods and name is not a service,,0,0,0,0,0,0,False,0.0,70.5
567,567,CLAVO Corriente 2 1/2X10 2999 Generico,consu,consu,True,True,True,True,Ferretería,,True,category=Ferretería; normalized=clavo corriente 2 1/2x10 2999 generico,HIGH_CONFIDENCE,KEEP,Already Goods and name is not a service,,0,0,0,0,0,0,False,0.0,60.6
568,568,CLAVO Corriente 3X9 2816 Generico,consu,consu,True,True,True,True,Ferretería,,True,category=Ferretería; normalized=clavo corriente 3x9 2816 generico,HIGH_CONFIDENCE,KEEP,Already Goods and name is not a service,,0,0,0,0,0,0,False,0.0,60.6
313,313,CLAVO DE 2 1/2PULGADA DE ACERO Koreano CAJA DE 50 LIBRA,consu,consu,True,True,True,True,Ferretería,,True,category=Ferretería; normalized=clavo de 2 1/2pulgada de acero koreano caja de 50 libra,HIGH_CONFIDENCE,KEEP,Already Goods and name is not a service,,0,0,0,0,0,0,False,0.0,5220.0
938,938,Clavo De 2 1/2 Pulgadas De Acero Koreano Caja De 50 Libra,consu,consu,True,True,True,True,Ferretería,,True,category=Ferretería; normalized=clavo de 2 1/2 pulgadas de acero koreano caja de 50 libra,HIGH_CONFIDENCE,KEEP,Already Goods and name is not a service,,0,0,0,0,0,0,False,0.0,5220.0
312,312,CLAVO DE 3 Pulgada DULCE CAJA DE 50 LIBRA,consu,consu,True,True,True,True,Ferretería,,True,category=Ferretería; normalized=clavo de 3 pulgada dulce caja de 50 libra,HIGH_CONFIDENCE,KEEP,Already Goods and name is not a service,,0,0,0,0,0,0,False,0.0,6500.0
311,311,CLAVO DE 3 Pulgadas ACERO Koreano CAJA DE 50 LIBRA,consu,consu,True,True,True,True,Ferretería,,True,category=Ferretería; normalized=clavo de 3 pulgadas acero koreano caja de 50 libra,HIGH_CONFIDENCE,KEEP,Already Goods and name is not a service,,0,0,0,0,0,0,False,0.0,5220.0
937,937,Clavo De 3 Pulgadas Dulce Caja De 50 Libra,consu,consu,True,True,True,True,Ferretería,,True,category=Ferretería; normalized=clavo de 3 pulgadas dulce caja de 50 libra,HIGH_CONFIDENCE,KEEP,Already Goods and name is not a service,,0,0,0,0,0,0,False,0.0,6500.0
309,309,CLAVO DE 4 Pulgadas ACERO CAJA DE 50 LIBRA,consu,consu,True,True,True,True,Ferretería,,True,category=Ferretería; normalized=clavo de 4 pulgadas acero caja de 50 libra,HIGH_CONFIDENCE,KEEP,Already Goods and name is not a service,,0,0,0,0,0,0,False,0.0,7500.0
310,310,CLAVO DE 4 Pulgadas DULCE CAJA DE 50 LIBRA,consu,consu,True,True,True,True,Ferretería,,True,category=Ferretería; normalized=clavo de 4 pulgadas dulce caja de 50 libra,HIGH_CONFIDENCE,KEEP,Already Goods and name is not a service,,0,0,0,0,0,0,False,0.0,6500.0
957,957,CLAVO DE ACERO 2 1/2,consu,consu,True,True,True,True,Ferretería,,True,category=Ferretería; normalized=clavo de acero 2 1/2,HIGH_CONFIDENCE,KEEP,Already Goods and name is not a service,,0,0,0,0,0,0,False,0.0,87.95
958,958,CLAVO DE ACERO DE 4'',consu,consu,True,True,True,True,Ferretería,,True,category=Ferretería; normalized=clavo de acero de 4,HIGH_CONFIDENCE,KEEP,Already Goods and name is not a service,,0,0,0,0,0,0,False,0.0,136.73
314,314,CLAVO DE ZINC CAJA DE 50 LIBRA,consu,consu,True,True,True,True,Ferretería,,True,category=Ferretería; normalized=clavo de zinc caja de 50 libra,HIGH_CONFIDENCE,KEEP,Already Goods and name is not a service,,0,0,0,0,0,0,False,0.0,10974.0
955,955,CLAVO DULCE 2 1/2'',consu,consu,True,True,True,True,Ferretería,,True,category=Ferretería; normalized=clavo dulce 2 1/2,HIGH_CONFIDENCE,KEEP,Already Goods and name is not a service,,0,0,0,0,0,0,False,0.0,75.11
956,956,CLAVO DULCE DE 4'',consu,consu,True,True,True,True,Ferretería,,True,category=Ferretería; normalized=clavo dulce de 4,HIGH_CONFIDENCE,KEEP,Already Goods and name is not a service,,0,0,0,0,0,0,False,0.0,102.86
686,686,CLAVOS F-20,consu,consu,True,True,True,True,Ferretería,,True,category=Ferretería; normalized=clavos f-20,HIGH_CONFIDENCE,KEEP,Already Goods and name is not a service,,0,0,0,0,0,0,False,0.0,395.0
687,687,CLAVOS F-25,consu,consu,True,True,True,True,Ferretería,,True,category=Ferretería; normalized=clavos f-25,HIGH_CONFIDENCE,KEEP,Already Goods and name is not a service,,0,0,0,0,0,0,False,0.0,445.0
924,924,Clips Grandes Talbot 50mm 100/1,consu,consu,True,True,True,True,Ferretería,,True,category=Ferretería; normalized=clips grandes talbot 50mm 100/1,HIGH_CONFIDENCE,KEEP,Already Goods and name is not a service,,0,0,0,0,0,0,False,0.0,80.0
925,925,Clips Pequeños Talbot 33mm 100/1,consu,consu,True,True,True,True,Ferretería,,True,category=Ferretería; normalized=clips pequenos talbot 33mm 100/1,HIGH_CONFIDENCE,KEEP,Already Goods and name is not a service,,0,0,0,0,0,0,False,0.0,40.0
1256,1256,"CLORO Concentrado Macier, (clorox)",consu,consu,True,True,True,True,Limpieza,,True,category=Limpieza; normalized=cloro concentrado macier clorox,HIGH_CONFIDENCE,KEEP,Already Goods and name is not a service,,0,0,0,0,0,0,False,0.0,110.0
507,507,CODIA,consu,consu,True,True,True,True,Ferretería,,True,category=Ferretería; normalized=codia,HIGH_CONFIDENCE,KEEP,Already Goods and name is not a service,,0,0,0,0,0,0,False,0.0,16813.27
1016,1016,CODO DE 12,consu,consu,True,True,True,True,Plomería,,True,category=Plomería; normalized=codo de 12,HIGH_CONFIDENCE,KEEP,Already Goods and name is not a service,,0,0,0,0,0,0,False,0.0,25800.0
716,716,CODO DE Presion DE 1'',consu,consu,True,True,True,True,Plomería,,True,category=Plomería; normalized=codo de presion de 1,HIGH_CONFIDENCE,KEEP,Already Goods and name is not a service,,0,0,0,0,0,0,False,0.0,56.0
718,718,CODO DE Presion DE 1/2'',consu,consu,True,True,True,True,Plomería,,True,category=Plomería; normalized=codo de presion de 1/2,HIGH_CONFIDENCE,KEEP,Already Goods and name is not a service,,0,0,0,0,0,0,False,0.0,28.0
717,717,CODO DE Presion DE 3/4'',consu,consu,True,True,True,True,Plomería,,True,category=Plomería; normalized=codo de presion de 3/4,HIGH_CONFIDENCE,KEEP,Already Goods and name is not a service,,0,0,0,0,0,0,False,0.0,32.0
253,253,Cola Amarilla Universal (105 Oz),consu,consu,True,True,True,True,Ferretería,,True,category=Ferretería; normalized=cola amarilla universal 105 oz,HIGH_CONFIDENCE,KEEP,Already Goods and name is not a service,,0,0,0,0,0,0,False,0.0,1995.0
812,812,COLA DE Extencion PARA Lavamanos 11/4''x8,consu,consu,True,True,True,True,Plomería,,True,category=Plomería; normalized=cola de extencion para lavamanos 11/4 x8,DETERMINISTIC,KEEP,"Physical material, merchandise, food or tool",,0,0,0,0,0,0,False,0.0,90.0
877,877,Cola Poliuretano Universal 1 GL,consu,consu,True,True,True,True,Ferretería,,True,category=Ferretería; normalized=cola poliuretano universal 1 gl,HIGH_CONFIDENCE,KEEP,Already Goods and name is not a service,,0,0,0,0,0,0,False,0.0,6086.25
1243,1243,Colchones Hospitalarios Imnovamed,consu,consu,True,True,True,True,Ferretería,,True,category=Ferretería; normalized=colchones hospitalarios imnovamed,HIGH_CONFIDENCE,KEEP,Already Goods and name is not a service,,0,0,0,0,0,0,False,0.0,7560.0
977,977,Colocacion Ceramica 0.40x0.40mm,consu,consu,True,True,True,True,Ferretería,,True,category=Ferretería; normalized=colocacion ceramica 0.40x0.40mm,HIGH_CONFIDENCE,KEEP,Already Goods and name is not a service,,0,0,0,0,0,0,False,0.0,1200.0
992,992,Colocacion De Gabinete Bajo Meseta 0.75x2.00,consu,consu,True,True,True,True,Ferretería,,True,category=Ferretería; normalized=colocacion de gabinete bajo meseta 0.75x2.00,HIGH_CONFIDENCE,KEEP,Already Goods and name is not a service,,0,0,0,0,0,0,False,0.0,850.0
674,674,Compresor AIRE PUMA PE30100 3HP CORREA 100LTS,consu,consu,True,True,True,True,Ferretería,,True,category=Ferretería; normalized=compresor aire puma pe30100 3hp correa 100lts,HIGH_CONFIDENCE,KEEP,Already Goods and name is not a service,,0,0,0,0,0,0,False,0.0,102020.2
1196,1196,"Compresor DE AIRE 24 LTS, 120V PARA PINTAR",consu,consu,True,True,True,True,Ferretería,,True,category=Ferretería; normalized=compresor de aire 24 lts 120v para pintar,HIGH_CONFIDENCE,KEEP,Already Goods and name is not a service,,0,0,0,0,0,0,False,0.0,17500.0
188,188,"Condensador Inverter 60,000 BTU",consu,consu,True,True,True,True,Ferretería,,True,category=Ferretería; normalized=condensador inverter 60 000 btu,HIGH_CONFIDENCE,KEEP,Already Goods and name is not a service,,0,0,0,0,0,0,False,0.0,253200.0
185,185,"Condensador Inverter 60,000 BTU 220/1/60",consu,consu,True,True,True,True,Ferretería,,True,category=Ferretería; normalized=condensador inverter 60 000 btu 220/1/60,HIGH_CONFIDENCE,KEEP,Already Goods and name is not a service,,0,0,0,0,0,0,False,0.0,265000.0
126,126,CONECTOR DE EMPALME NO.2,consu,consu,True,True,False,True,,,True,invoice_lines=1; normalized=conector de empalme no.2,HIGH_CONFIDENCE,FIX_PURCHASE_OK,Already Goods and name is not a service,,0,0,1,0,0,0,False,0.0,380.0
101,101,CONECTOR DE EMPALME NO.4,consu,consu,True,True,False,True,,,True,invoice_lines=1; normalized=conector de empalme no.4,HIGH_CONFIDENCE,FIX_PURCHASE_OK,Already Goods and name is not a service,,0,0,1,0,0,0,False,0.0,960.0
440,440,Conector DE Manguera,consu,consu,True,True,True,True,Ferretería,,True,category=Ferretería; normalized=conector de manguera,HIGH_CONFIDENCE,KEEP,Already Goods and name is not a service,,0,0,0,0,0,0,False,0.0,875.0
445,445,Conector DE Manguera TRUPER,consu,consu,True,True,True,True,Herramientas,,True,category=Herramientas; normalized=conector de manguera truper,HIGH_CONFIDENCE,KEEP,Already Goods and name is not a service,,0,0,0,0,0,0,False,0.0,875.0
887,887,Conectore EMT 3/4,consu,consu,True,True,True,True,Ferretería,,True,category=Ferretería; normalized=conectore emt 3/4,HIGH_CONFIDENCE,KEEP,Already Goods and name is not a service,,0,0,0,0,0,0,False,0.0,37.0
1174,1174,Conectores KIT,consu,consu,True,True,True,True,Ferretería,,True,category=Ferretería; normalized=conectores kit,HIGH_CONFIDENCE,KEEP,Already Goods and name is not a service,,0,0,0,0,0,0,False,0.0,2441.0
569,569,Conectores PARA Triplex 2/0 Generico,consu,consu,True,True,True,True,Ferretería,,True,category=Ferretería; normalized=conectores para triplex 2/0 generico,HIGH_CONFIDENCE,KEEP,Already Goods and name is not a service,,0,0,0,0,0,0,False,0.0,588.3
408,408,CONO PVC 70 CM CON Reflectivo,consu,consu,True,True,True,True,Plomería,,True,category=Plomería; normalized=cono pvc 70 cm con reflectivo,HIGH_CONFIDENCE,KEEP,Already Goods and name is not a service,,0,0,0,0,0,0,False,0.0,1470.0
780,780,CONOS TRUPER,consu,consu,True,True,True,True,Herramientas,,True,category=Herramientas; normalized=conos truper,HIGH_CONFIDENCE,KEEP,Already Goods and name is not a service,,0,0,0,0,0,0,False,0.0,785.0
184,184,"Consola PISO TECHO Inverte 60,000 BTU",consu,consu,True,True,True,True,Ferretería,,True,category=Ferretería; normalized=consola piso techo inverte 60 000 btu,HIGH_CONFIDENCE,KEEP,Already Goods and name is not a service,,0,0,0,0,0,0,False,0.0,85700.0
199,199,Construccion De Drenaje En Planta De Oxigeno Medico,consu,consu,True,True,True,True,Ferretería,,True,category=Ferretería; normalized=construccion de drenaje en planta de oxigeno medico,HIGH_CONFIDENCE,KEEP,Already Goods and name is not a service,,0,0,0,0,0,0,False,0.0,35480.0
196,196,Construccion De Tapa P/registro Sanitario,consu,consu,True,True,True,True,Ferretería,,True,category=Ferretería; normalized=construccion de tapa p/registro sanitario,HIGH_CONFIDENCE,KEEP,Already Goods and name is not a service,,0,0,0,0,0,0,False,0.0,45000.0
981,981,Construccion Muros,consu,consu,True,True,True,True,Ferretería,,True,category=Ferretería; normalized=construccion muros,HIGH_CONFIDENCE,KEEP,Already Goods and name is not a service,,0,0,0,0,0,0,False,0.0,1623.15
632,632,Construcción Pandereta DE Sheetrock,consu,consu,True,True,True,True,Ferretería,,True,category=Ferretería; normalized=construccion pandereta de sheetrock,HIGH_CONFIDENCE,KEEP,Already Goods and name is not a service,,0,0,0,0,0,0,False,0.0,75400.0
882,882,Contacto Auxiliar PARA Breaker,consu,consu,True,True,True,True,Material eléctrico,,True,category=Material eléctrico; normalized=contacto auxiliar para breaker,DETERMINISTIC,KEEP,"Physical material, merchandise, food or tool",,0,0,0,0,0,0,False,0.0,1200.0
1367,1367,Contactor 40 Amp/2p 220 Volt,consu,consu,True,True,True,True,Ferretería,,True,category=Ferretería; normalized=contactor 40 amp/2p 220 volt,HIGH_CONFIDENCE,KEEP,Already Goods and name is not a service,,0,0,0,0,0,0,False,0.0,740.98
1368,1368,Contactor 40 Amp/2p 24 Volt,consu,consu,True,True,True,True,Ferretería,,True,category=Ferretería; normalized=contactor 40 amp/2p 24 volt,HIGH_CONFIDENCE,KEEP,Already Goods and name is not a service,,0,0,0,0,0,0,False,0.0,680.26
1370,1370,Contactor De 100 Amp Trifasico,consu,consu,True,True,True,True,Ferretería,,True,category=Ferretería; normalized=contactor de 100 amp trifasico,HIGH_CONFIDENCE,KEEP,Already Goods and name is not a service,,0,0,0,0,0,0,False,0.0,9300.0
293,293,Contactores DE 30 AMP,consu,consu,True,True,True,True,Ferretería,,True,category=Ferretería; normalized=contactores de 30 amp,HIGH_CONFIDENCE,KEEP,Already Goods and name is not a service,,0,0,0,0,0,0,False,0.0,650.0
294,294,Contactores DE 32 AMP,consu,consu,True,True,True,True,Ferretería,,True,category=Ferretería; normalized=contactores de 32 amp,HIGH_CONFIDENCE,KEEP,Already Goods and name is not a service,,0,0,0,0,0,0,False,0.0,650.0
224,224,Contactor Magnetico DE 65 AMP,consu,consu,True,True,True,True,Ferretería,,True,category=Ferretería; normalized=contactor magnetico de 65 amp,HIGH_CONFIDENCE,KEEP,Already Goods and name is not a service,,0,0,0,0,0,0,False,0.0,4000.0
1183,1183,Contenedor DE BASURA DELTA 200 LT,consu,consu,True,True,True,True,Ferretería,,True,category=Ferretería; normalized=contenedor de basura delta 200 lt,HIGH_CONFIDENCE,KEEP,Already Goods and name is not a service,,0,0,0,0,0,0,False,0.0,7650.0
171,171,Conten Pulido De H=0.20m,consu,consu,True,True,True,True,Ferretería,,True,category=Ferretería; normalized=conten pulido de h 0.20m,HIGH_CONFIDENCE,KEEP,Already Goods and name is not a service,,0,0,0,0,0,0,False,0.0,1200.0
446,446,Control Automatico,consu,consu,True,True,True,True,Ferretería,,True,category=Ferretería; normalized=control automatico,HIGH_CONFIDENCE,KEEP,Already Goods and name is not a service,,0,0,0,0,0,0,False,0.0,2125.0
439,439,Control Automatico LEO,consu,consu,True,True,True,True,Ferretería,,True,category=Ferretería; normalized=control automatico leo,HIGH_CONFIDENCE,KEEP,Already Goods and name is not a service,,0,0,0,0,0,0,False,0.0,2125.0
438,438,Control D/AIRE,consu,consu,True,True,True,True,Ferretería,,True,category=Ferretería; normalized=control d/aire,HIGH_CONFIDENCE,KEEP,Already Goods and name is not a service,,0,0,0,0,0,0,False,0.0,835.0
1331,1331,Control De Acceso Biometrico Inter De Toquen Con Push Touch De Salida Y Tarjeta,consu,consu,True,True,True,True,Ferretería,,True,category=Ferretería; normalized=control de acceso biometrico inter de toquen con push touch de salida y tarjeta,HIGH_CONFIDENCE,KEEP,Already Goods and name is not a service,,0,0,0,0,0,0,False,0.0,8200.0
1283,1283,Corrector Liquido 6OZ DELI,consu,consu,True,True,True,True,Ferretería,,True,category=Ferretería; normalized=corrector liquido 6oz deli,HIGH_CONFIDENCE,KEEP,Already Goods and name is not a service,,0,0,0,0,0,0,False,0.0,35.0
926,926,Corrector Líquido De 7ml. Caja Con 12 Piezas Pelikan,consu,consu,True,True,True,True,Ferretería,,True,category=Ferretería; normalized=corrector liquido de 7ml. caja con 12 piezas pelikan,HIGH_CONFIDENCE,KEEP,Already Goods and name is not a service,,0,0,0,0,0,0,False,0.0,740.0
1009,1009,CORR. TRAD. LBCO C/ VID. LISO 3/16 CLARO - 90 1/2 X 43 3/8 Pulgds,consu,consu,True,True,True,True,Ferretería,,True,category=Ferretería; normalized=corr. trad. lbco c/ vid. liso 3/16 claro - 90 1/2 x 43 3/8 pulgds,HIGH_CONFIDENCE,KEEP,Already Goods and name is not a service,,0,0,0,0,0,0,False,0.0,22690.0
25,25,"CORTE, CARGA Y TRANSPORTE TOSCA",service,service,True,True,False,False,,,True,invoice_lines=3; normalized=corte carga y transporte tosca,HIGH_CONFIDENCE,KEEP,"Construction/haulage/petty-cash activity, not a SKU",,0,0,3,0,0,0,False,0.0,1100.0
26,26,CORTE Y CARGA CALICHE,service,service,True,True,False,False,,,True,invoice_lines=1; normalized=corte y carga caliche,HIGH_CONFIDENCE,KEEP,"Construction/haulage/petty-cash activity, not a SKU",,0,0,1,0,0,0,False,0.0,419.0
1244,1244,Cortinas,consu,consu,True,True,True,True,Ferretería,,True,category=Ferretería; normalized=cortinas,HIGH_CONFIDENCE,KEEP,Already Goods and name is not a service,,0,0,0,0,0,0,False,0.0,1295.0
1316,1316,Costilla,consu,consu,True,True,True,True,Carnes,"COMERCIALIZADORA DE ALIMENTOS PIÑARIA, S.R.L.",True,"category=Carnes; company=COMERCIALIZADORA DE ALIMENTOS PIÑARIA, S.R.L.; normalized=costilla",DETERMINISTIC,KEEP,"Physical material, merchandise, food or tool",,0,0,0,0,0,0,False,0.0,200.0
1599,1599,Counter DE Recepcion EN Melamina,consu,consu,True,True,True,True,Ferretería,,True,category=Ferretería; normalized=counter de recepcion en melamina,HIGH_CONFIDENCE,KEEP,Already Goods and name is not a service,,0,0,0,0,0,0,False,0.0,33394.0
886,886,Couplint EMT 3/4,consu,consu,True,True,True,True,Ferretería,,True,category=Ferretería; normalized=couplint emt 3/4,HIGH_CONFIDENCE,KEEP,Already Goods and name is not a service,,0,0,0,0,0,0,False,0.0,35.0
1272,1272,"CPU DELL Refurbished 3050 SFF, I7-6700, 16GB RAM, 256GB SSD, W10P. Teclado, MOUSE Nuevos.",consu,consu,True,True,True,True,Ferretería,,True,category=Ferretería; normalized=cpu dell refurbished 3050 sff i7-6700 16gb ram 256gb ssd w10p. teclado mouse nuevos.,HIGH_CONFIDENCE,KEEP,Already Goods and name is not a service,,0,0,0,0,0,0,False,0.0,32063.56
1299,1299,Creyones AZULES,consu,consu,True,True,True,True,Ferretería,,True,category=Ferretería; normalized=creyones azules,HIGH_CONFIDENCE,KEEP,Already Goods and name is not a service,,0,0,0,0,0,0,False,0.0,20.0
1300,1300,Creyones NEGROS,consu,consu,True,True,True,True,Ferretería,,True,category=Ferretería; normalized=creyones negros,HIGH_CONFIDENCE,KEEP,Already Goods and name is not a service,,0,0,0,0,0,0,False,0.0,20.0
1301,1301,Creyones ROJO,consu,consu,True,True,True,True,Ferretería,,True,category=Ferretería; normalized=creyones rojo,HIGH_CONFIDENCE,KEEP,Already Goods and name is not a service,,0,0,0,0,0,0,False,0.0,20.0
254,254,Cristal 16x12 De 3/16,consu,consu,True,True,True,True,Ferretería,,True,category=Ferretería; normalized=cristal 16x12 de 3/16,HIGH_CONFIDENCE,KEEP,Already Goods and name is not a service,,0,0,0,0,0,0,False,0.0,510.0
693,693,Cristales 16x12 DE 3/16,consu,consu,True,True,True,True,Ferretería,,True,category=Ferretería; normalized=cristales 16x12 de 3/16,HIGH_CONFIDENCE,KEEP,Already Goods and name is not a service,,0,0,0,0,0,0,False,0.0,582.0
865,865,Cruceta P/AZUL T 1MM 300/1,consu,consu,True,True,True,True,Ferretería,,True,category=Ferretería; normalized=cruceta p/azul t 1mm 300/1,HIGH_CONFIDENCE,KEEP,Already Goods and name is not a service,,0,0,0,0,0,0,False,0.0,785.0
1125,1125,Cuaderno FUSION 200 PAG,consu,consu,True,True,True,True,Ferretería,,True,category=Ferretería; normalized=cuaderno fusion 200 pag,HIGH_CONFIDENCE,KEEP,Already Goods and name is not a service,,0,0,0,0,0,0,False,0.0,75.0
1394,1394,CUADRE DE Estribo,consu,consu,True,True,True,True,Ferretería,,True,category=Ferretería; normalized=cuadre de estribo,HIGH_CONFIDENCE,KEEP,Already Goods and name is not a service,,0,0,0,0,0,0,False,0.0,8500.0
1393,1393,CUADRE DE PUERTA Izquierda,consu,consu,True,True,True,True,Ferretería,,True,category=Ferretería; normalized=cuadre de puerta izquierda,HIGH_CONFIDENCE,KEEP,Already Goods and name is not a service,,0,0,0,0,0,0,False,0.0,8000.0
570,570,CUBO DE GOMA #10,consu,consu,True,True,True,True,Neumáticos,,True,category=Neumáticos; normalized=cubo de goma 10,DETERMINISTIC,KEEP,"Physical material, merchandise, food or tool",,0,0,0,0,0,0,False,0.0,750.0
796,796,Cubrefalta Niquelado 1/2'',consu,consu,True,True,True,True,Ferretería,,True,category=Ferretería; normalized=cubrefalta niquelado 1/2,HIGH_CONFIDENCE,KEEP,Already Goods and name is not a service,,0,0,0,0,0,0,False,0.0,50.0
876,876,Cubre Tornillo Ligth Grey 14mm Box 50 Uds,consu,consu,True,True,True,True,Ferretería,,True,category=Ferretería; normalized=cubre tornillo ligth grey 14mm box 50 uds,DETERMINISTIC,KEEP,"Physical material, merchandise, food or tool",,0,0,0,0,0,0,False,0.0,175.94
1423,1423,Cuchara Bambino 40/1,consu,consu,True,True,True,True,Ferretería,,True,category=Ferretería; normalized=cuchara bambino 40/1,HIGH_CONFIDENCE,KEEP,Already Goods and name is not a service,,0,0,0,0,0,0,False,0.0,9.0
696,696,DACRON,consu,consu,True,True,True,True,Ferretería,,True,category=Ferretería; normalized=dacron,HIGH_CONFIDENCE,KEEP,Already Goods and name is not a service,,0,0,0,0,0,0,False,0.0,12000.0
1168,1168,Demoledor Electrico SDS 2200W,consu,consu,True,True,True,True,Material eléctrico,,True,category=Material eléctrico; normalized=demoledor electrico sds 2200w,HIGH_CONFIDENCE,KEEP,Already Goods and name is not a service,,0,0,0,0,0,0,False,0.0,57193.22
860,860,Derretidos ARENA,consu,consu,True,True,True,True,Construcción,,True,category=Construcción; normalized=derretidos arena,HIGH_CONFIDENCE,KEEP,Already Goods and name is not a service,,0,0,0,0,0,0,False,0.0,1180.0
1258,1258,Descalin D´scalin,consu,consu,True,True,True,True,Ferretería,,True,category=Ferretería; normalized=descalin d scalin,HIGH_CONFIDENCE,KEEP,Already Goods and name is not a service,,0,0,0,0,0,0,False,0.0,350.0
1257,1257,Desgrasante A.B,consu,consu,True,True,True,True,Ferretería,,True,category=Ferretería; normalized=desgrasante a.b,HIGH_CONFIDENCE,KEEP,Already Goods and name is not a service,,0,0,0,0,0,0,False,0.0,340.0
1086,1086,Destor. PLANO 1/4X4,consu,consu,True,True,True,True,Ferretería,,True,category=Ferretería; normalized=destor. plano 1/4x4,HIGH_CONFIDENCE,KEEP,Already Goods and name is not a service,,0,0,0,0,0,0,False,0.0,235.7
479,479,Destor. PLANO 1/4X4 TRUPER 13998,consu,consu,True,True,True,True,Herramientas,,True,category=Herramientas; normalized=destor. plano 1/4x4 truper 13998,HIGH_CONFIDENCE,KEEP,Already Goods and name is not a service,,0,0,0,0,0,0,False,0.0,204.89
1052,1052,Destor. PLANO 3/16X4 TRUPER 14034,consu,consu,True,True,True,True,Herramientas,,True,category=Herramientas; normalized=destor. plano 3/16x4 truper 14034,HIGH_CONFIDENCE,KEEP,Already Goods and name is not a service,,0,0,0,0,0,0,False,0.0,210.0
1087,1087,Destor. STRIA 1/4X4,consu,consu,True,True,True,True,Ferretería,,True,category=Ferretería; normalized=destor. stria 1/4x4,HIGH_CONFIDENCE,KEEP,Already Goods and name is not a service,,0,0,0,0,0,0,False,0.0,240.1
480,480,Destor. STRIA 1/4X4 TRUPER 14076,consu,consu,True,True,True,True,Herramientas,,True,category=Herramientas; normalized=destor. stria 1/4x4 truper 14076,HIGH_CONFIDENCE,KEEP,Already Goods and name is not a service,,0,0,0,0,0,0,False,0.0,211.1
1051,1051,Destor. STRIA 3/16X4 TRUPER 100836,consu,consu,True,True,True,True,Herramientas,,True,category=Herramientas; normalized=destor. stria 3/16x4 truper 100836,HIGH_CONFIDENCE,KEEP,Already Goods and name is not a service,,0,0,0,0,0,0,False,0.0,240.0
983,983,Destronque De Arbol,consu,consu,True,True,True,True,Ferretería,,True,category=Ferretería; normalized=destronque de arbol,HIGH_CONFIDENCE,KEEP,Already Goods and name is not a service,,0,0,0,0,0,0,False,0.0,10000.0
1270,1270,Detergente EN POLVO Hispano,consu,consu,True,True,True,True,Limpieza,,True,category=Limpieza; normalized=detergente en polvo hispano,HIGH_CONFIDENCE,KEEP,Already Goods and name is not a service,,0,0,0,0,0,0,False,0.0,1300.0
745,745,"DEWALT Taladro DE Martillo,1/2 '' 7.8 Amperios RANGO DUAL (dw505) 900W",consu,consu,True,True,True,True,Herramientas,,True,category=Herramientas; normalized=dewalt taladro de martillo 1/2 7.8 amperios rango dual dw505 900w,DETERMINISTIC,KEEP,"Physical material, merchandise, food or tool",,0,0,0,0,0,0,False,0.0,20203.54
1549,1549,Diluyentes Para Pinturas Y Barnices (thinner Th-1000) Tropical,consu,consu,True,True,True,True,Pinturas,,True,category=Pinturas; normalized=diluyentes para pinturas y barnices thinner th-1000 tropical,DETERMINISTIC,KEEP,"Physical material, merchandise, food or tool",,0,0,0,0,0,0,False,0.0,834.75
1581,1581,Diluyente Thinner TH-1000 1GAL Popular,consu,consu,True,True,True,True,Pinturas,,True,category=Pinturas; normalized=diluyente thinner th-1000 1gal popular,DETERMINISTIC,KEEP,"Physical material, merchandise, food or tool",,0,0,0,0,0,0,False,0.0,762.71
571,571,DISCO CORTE METAL INOX 7x1/16 7x1/16 METABO,consu,consu,True,True,True,True,Ferretería,,True,category=Ferretería; normalized=disco corte metal inox 7x1/16 7x1/16 metabo,HIGH_CONFIDENCE,KEEP,Already Goods and name is not a service,,0,0,0,0,0,0,False,0.0,272.48
1216,1216,DISCO CORTE METAL INOX 9 METABO,consu,consu,True,True,True,True,Ferretería,,True,category=Ferretería; normalized=disco corte metal inox 9 metabo,HIGH_CONFIDENCE,KEEP,Already Goods and name is not a service,,0,0,0,0,0,0,False,0.0,895.0
572,572,DISCO CORTE METAL INOX 9x5/64 9x5/64 METABO,consu,consu,True,True,True,True,Ferretería,,True,category=Ferretería; normalized=disco corte metal inox 9x5/64 9x5/64 metabo,HIGH_CONFIDENCE,KEEP,Already Goods and name is not a service,,0,0,0,0,0,0,False,0.0,388.64
134,134,"DISCO DE CORTE 9"" METABO 7/8",service,consu,True,True,False,True,,,True,"invoice_lines=1; normalized=disco de corte 9"" metabo 7/8",DETERMINISTIC,FIX_TYPE_AND_FLAGS,"Physical material, merchandise, food or tool",PHYSICAL_AS_SERVICE,0,0,1,0,0,0,False,0.0,625.0
1503,1503,DISCO DE CORTE 9'' METABO 7/8,consu,consu,True,True,True,True,Ferretería,,True,category=Ferretería; normalized=disco de corte 9 metabo 7/8,DETERMINISTIC,KEEP,"Physical material, merchandise, food or tool",,0,0,0,0,0,0,False,0.0,625.0
1400,1400,DISCO DE CORTE DE METAL,consu,consu,True,True,True,True,Ferretería,,True,category=Ferretería; normalized=disco de corte de metal,DETERMINISTIC,KEEP,"Physical material, merchandise, food or tool",,0,0,0,0,0,0,False,0.0,450.0
486,486,"DISCO DE CORTE MADERA Stanley 10"" 40T",consu,consu,True,True,True,True,Ferretería,,True,"category=Ferretería; normalized=disco de corte madera stanley 10"" 40t",DETERMINISTIC,KEEP,"Physical material, merchandise, food or tool",,0,0,0,0,0,0,False,0.0,2030.0
701,701,"DISCO DE CORTE P/ MADERA Stanley 10"" 40T",consu,consu,True,True,True,True,Ferretería,,True,"category=Ferretería; normalized=disco de corte p/ madera stanley 10"" 40t",DETERMINISTIC,KEEP,"Physical material, merchandise, food or tool",,0,0,0,0,0,0,False,0.0,2155.1
487,487,"DISCO DE CORTE Stanley 12"" 40T",consu,consu,True,True,True,True,Ferretería,,True,"category=Ferretería; normalized=disco de corte stanley 12"" 40t",DETERMINISTIC,KEEP,"Physical material, merchandise, food or tool",,0,0,0,0,0,0,False,0.0,1975.6
463,463,DISCO DE Pulidora NORTON #100,consu,consu,True,True,True,True,Ferretería,,True,category=Ferretería; normalized=disco de pulidora norton 100,HIGH_CONFIDENCE,KEEP,Already Goods and name is not a service,,0,0,0,0,0,0,False,0.0,122.4
460,460,DISCO DE Pulidora NORTON #50,consu,consu,True,True,True,True,Ferretería,,True,category=Ferretería; normalized=disco de pulidora norton 50,HIGH_CONFIDENCE,KEEP,Already Goods and name is not a service,,0,0,0,0,0,0,False,0.0,122.4
461,461,DISCO DE Pulidora NORTON #60,consu,consu,True,True,True,True,Ferretería,,True,category=Ferretería; normalized=disco de pulidora norton 60,HIGH_CONFIDENCE,KEEP,Already Goods and name is not a service,,0,0,0,0,0,0,False,0.0,122.4
462,462,DISCO DE Pulidora NORTON #80,consu,consu,True,True,True,True,Ferretería,,True,category=Ferretería; normalized=disco de pulidora norton 80,HIGH_CONFIDENCE,KEEP,Already Goods and name is not a service,,0,0,0,0,0,0,False,0.0,122.4
62,62,DISCO DEWALT DE 14 X 3/32,consu,consu,True,True,False,True,,,True,invoice_lines=1; normalized=disco dewalt de 14 x 3/32,HIGH_CONFIDENCE,FIX_PURCHASE_OK,Already Goods and name is not a service,,0,0,1,0,0,0,False,0.0,620.0
1274,1274,"DISCO DURO Interno Kingston SSD 512GB, 2.5"", SATA3, NEGRO. Velocidades DE Lectura /",consu,consu,True,True,True,True,Ferretería,,True,"category=Ferretería; normalized=disco duro interno kingston ssd 512gb 2.5"" sata3 negro. velocidades de lectura /",HIGH_CONFIDENCE,KEEP,Already Goods and name is not a service,,0,0,0,0,0,0,False,0.0,18741.53
268,268,Disco Lija De Pulidora #100 (norton),consu,consu,True,True,True,True,Ferretería,,True,category=Ferretería; normalized=disco lija de pulidora 100 norton,HIGH_CONFIDENCE,KEEP,Already Goods and name is not a service,,0,0,0,0,0,0,False,0.0,110.0
269,269,Disco Lija De Pulidora #120 (norton),consu,consu,True,True,True,True,Ferretería,,True,category=Ferretería; normalized=disco lija de pulidora 120 norton,HIGH_CONFIDENCE,KEEP,Already Goods and name is not a service,,0,0,0,0,0,0,False,0.0,110.0
266,266,Disco Lija De Pulidora #60 (norton),consu,consu,True,True,True,True,Ferretería,,True,category=Ferretería; normalized=disco lija de pulidora 60 norton,HIGH_CONFIDENCE,KEEP,Already Goods and name is not a service,,0,0,0,0,0,0,False,0.0,110.0
267,267,Disco Lija De Pulidora #80 (norton),consu,consu,True,True,True,True,Ferretería,,True,category=Ferretería; normalized=disco lija de pulidora 80 norton,HIGH_CONFIDENCE,KEEP,Already Goods and name is not a service,,0,0,0,0,0,0,False,0.0,110.0
265,265,"Disco Lija De Pulidora (norton) F227 7"" #50",consu,consu,True,True,True,True,Ferretería,,True,"category=Ferretería; normalized=disco lija de pulidora norton f227 7"" 50",HIGH_CONFIDENCE,KEEP,Already Goods and name is not a service,,0,0,0,0,0,0,False,0.0,110.0
270,270,Disco Lija Pulidora #50 (norton),consu,consu,True,True,True,True,Ferretería,,True,category=Ferretería; normalized=disco lija pulidora 50 norton,HIGH_CONFIDENCE,KEEP,Already Goods and name is not a service,,0,0,0,0,0,0,False,0.0,110.0
189,189,DISEÑO Y Construccion DE Ducteria,consu,consu,True,True,True,True,Ferretería,,True,category=Ferretería; normalized=diseno y construccion de ducteria,HIGH_CONFIDENCE,KEEP,Already Goods and name is not a service,,0,0,0,0,0,0,False,0.0,75000.0
1326,1326,Diseño Y Construccion De Nicho En Sheetrock P/luces,consu,consu,True,True,True,True,Ferretería,,True,category=Ferretería; normalized=diseno y construccion de nicho en sheetrock p/luces,HIGH_CONFIDENCE,KEEP,Already Goods and name is not a service,,0,0,0,0,0,0,False,0.0,23000.0
604,604,Disluido Asfaltico RC2 5GL,consu,consu,True,True,True,True,Ferretería,,True,category=Ferretería; normalized=disluido asfaltico rc2 5gl,HIGH_CONFIDENCE,KEEP,Already Goods and name is not a service,,0,0,0,0,0,0,False,0.0,3960.0
1325,1325,Division En Cristal Con Puerta Corrediza,consu,consu,True,True,True,True,Ferretería,,True,category=Ferretería; normalized=division en cristal con puerta corrediza,HIGH_CONFIDENCE,KEEP,Already Goods and name is not a service,,0,0,0,0,0,0,False,0.0,115000.0
198,198,Division En Sheetrock,consu,consu,True,True,True,True,Ferretería,,True,category=Ferretería; normalized=division en sheetrock,HIGH_CONFIDENCE,KEEP,Already Goods and name is not a service,,0,0,0,0,0,0,False,0.0,51200.0
1334,1334,Domolicion Pandereta De Sheetrock Y Resane De Area,consu,consu,True,True,True,True,Ferretería,,True,category=Ferretería; normalized=domolicion pandereta de sheetrock y resane de area,HIGH_CONFIDENCE,KEEP,Already Goods and name is not a service,,0,0,0,0,0,0,False,0.0,25700.0
292,292,DRISA PARA Bandera TIPO Bandera DE Escuela,consu,consu,True,True,True,True,Ferretería,,True,category=Ferretería; normalized=drisa para bandera tipo bandera de escuela,HIGH_CONFIDENCE,KEEP,Already Goods and name is not a service,,0,0,0,0,0,0,False,0.0,15.0
339,339,DRIZA NYLON 1/4,consu,consu,True,True,True,True,Ferretería,,True,category=Ferretería; normalized=driza nylon 1/4,HIGH_CONFIDENCE,KEEP,Already Goods and name is not a service,,0,0,0,0,0,0,False,0.0,25.0
32,32,"DT 1RA CUBICACION CUADRANTE #2 USD $16,698.33 TASA USD$1=62.30",service,service,True,True,False,False,,,True,invoice_lines=1; normalized=dt 1ra cubicacion cuadrante 2 usd 16 698.33 tasa usd 1 62.30,HIGH_CONFIDENCE,KEEP,"Construction/haulage/petty-cash activity, not a SKU",,0,0,1,0,0,0,False,0.0,1040305.96
37,37,"DT 1RA CUBICACION CUADRANTE #2 USD $4,370.72 TASA USD$1=62.30",service,service,True,True,False,False,,,True,invoice_lines=1; normalized=dt 1ra cubicacion cuadrante 2 usd 4 370.72 tasa usd 1 62.30,HIGH_CONFIDENCE,KEEP,"Construction/haulage/petty-cash activity, not a SKU",,0,0,1,0,0,0,False,0.0,272295.86
790,790,DUCHA C/brazo Cuadrada LUKAN,consu,consu,True,True,True,True,Ferretería,,True,category=Ferretería; normalized=ducha c/brazo cuadrada lukan,HIGH_CONFIDENCE,KEEP,Already Goods and name is not a service,,0,0,0,0,0,0,False,0.0,8150.0
1129,1129,EGA BLANCA 40G,consu,consu,True,True,True,True,Ferretería,,True,category=Ferretería; normalized=ega blanca 40g,HIGH_CONFIDENCE,KEEP,Already Goods and name is not a service,,0,0,0,0,0,0,False,0.0,55.0
190,190,Embobinado DE MOTOR DE BOMBA DE AGUA Pedrollo MOD. CP-680A 10 HP 220 Voltios 3 PHASES 60,consu,consu,True,True,True,True,Ferretería,,True,category=Ferretería; normalized=embobinado de motor de bomba de agua pedrollo mod. cp-680a 10 hp 220 voltios 3 phases 60,HIGH_CONFIDENCE,KEEP,Already Goods and name is not a service,,0,0,0,0,0,0,False,0.0,25000.0
1355,1355,Enchufe 110volt,consu,consu,True,True,True,True,Ferretería,,True,category=Ferretería; normalized=enchufe 110volt,HIGH_CONFIDENCE,KEEP,Already Goods and name is not a service,,0,0,0,0,0,0,False,0.0,420.0
323,323,Enchufe Leviton 120 Vamarillo 515PV,consu,consu,True,True,True,True,Ferretería,,True,category=Ferretería; normalized=enchufe leviton 120 vamarillo 515pv,HIGH_CONFIDENCE,KEEP,Already Goods and name is not a service,,0,0,0,0,0,0,False,0.0,425.0
1053,1053,Enchufe Leviton 120V Amarillo 515PV,consu,consu,True,True,True,True,Ferretería,,True,category=Ferretería; normalized=enchufe leviton 120v amarillo 515pv,HIGH_CONFIDENCE,KEEP,Already Goods and name is not a service,,0,0,0,0,0,0,False,0.0,390.0
893,893,Enclouse NR3 Breaker 250 AMP 3 POLO,consu,consu,True,True,True,True,Material eléctrico,,True,category=Material eléctrico; normalized=enclouse nr3 breaker 250 amp 3 polo,DETERMINISTIC,KEEP,"Physical material, merchandise, food or tool",,0,0,0,0,0,0,False,0.0,5132.85
778,778,ENLATE 2x4,consu,consu,True,True,True,True,Ferretería,,True,category=Ferretería; normalized=enlate 2x4,HIGH_CONFIDENCE,KEEP,Already Goods and name is not a service,,0,0,0,0,0,0,False,0.0,510.0
1511,1511,ENLATE 2x4x16,consu,consu,True,True,True,True,Ferretería,,True,category=Ferretería; normalized=enlate 2x4x16,HIGH_CONFIDENCE,KEEP,Already Goods and name is not a service,,0,0,0,0,0,0,False,0.0,510.0
764,764,ENLATE BRUTO Americano 2 X 4 X 16,consu,consu,True,True,True,True,Ferretería,,True,category=Ferretería; normalized=enlate bruto americano 2 x 4 x 16,HIGH_CONFIDENCE,KEEP,Already Goods and name is not a service,,0,0,0,0,0,0,False,0.0,1140.0
1063,1063,Escalera 40 PIES D/extension,consu,consu,True,True,True,True,Ferretería,,True,category=Ferretería; normalized=escalera 40 pies d/extension,HIGH_CONFIDENCE,KEEP,Already Goods and name is not a service,,0,0,0,0,0,0,False,0.0,78150.0
400,400,Escalera CUPRUM C-2213-10N TIJERA Aluminio 10' 175 KG,consu,consu,True,True,True,True,Ferretería,,True,category=Ferretería; normalized=escalera cuprum c-2213-10n tijera aluminio 10 175 kg,HIGH_CONFIDENCE,KEEP,Already Goods and name is not a service,,0,0,0,0,0,0,False,0.0,20152.0
402,402,Escalera CUPRUM C-2224-40PG Extension Aluminio 40' 175 KG,consu,consu,True,True,True,True,Ferretería,,True,category=Ferretería; normalized=escalera cuprum c-2224-40pg extension aluminio 40 175 kg,HIGH_CONFIDENCE,KEEP,Already Goods and name is not a service,,0,0,0,0,0,0,False,0.0,71992.0
399,399,Escalera CUPRUM C-3217-06 TIJERA FIBRA VIDRIO 6' VERDE 175 KG,consu,consu,True,True,True,True,Ferretería,,True,category=Ferretería; normalized=escalera cuprum c-3217-06 tijera fibra vidrio 6 verde 175 kg,HIGH_CONFIDENCE,KEEP,Already Goods and name is not a service,,0,0,0,0,0,0,False,0.0,15032.0
1061,1061,Escalera D/extension 32FT FIBRA,consu,consu,True,True,True,True,Ferretería,,True,category=Ferretería; normalized=escalera d/extension 32ft fibra,HIGH_CONFIDENCE,KEEP,Already Goods and name is not a service,,0,0,0,0,0,0,False,0.0,77900.06
574,574,Escalera F/ VIDRIO T/tijera 12 FTR-12 MAMEY Escalumex,consu,consu,True,True,True,True,Ferretería,,True,category=Ferretería; normalized=escalera f/ vidrio t/tijera 12 ftr-12 mamey escalumex,HIGH_CONFIDENCE,KEEP,Already Goods and name is not a service,,0,0,0,0,0,0,False,0.0,28353.6
575,575,Escalera F/ VIDRIO T/tijera 8 FTS-8 VERDE Escalumex,consu,consu,True,True,True,True,Ferretería,,True,category=Ferretería; normalized=escalera f/ vidrio t/tijera 8 fts-8 verde escalumex,HIGH_CONFIDENCE,KEEP,Already Goods and name is not a service,,0,0,0,0,0,0,False,0.0,14256.0
1062,1062,Escalera TIJERA D/12 PIES,consu,consu,True,True,True,True,Ferretería,,True,category=Ferretería; normalized=escalera tijera d/12 pies,HIGH_CONFIDENCE,KEEP,Already Goods and name is not a service,,0,0,0,0,0,0,False,0.0,49850.3
576,576,ESCOBA Plastica Mediana 600026 Lamaria,consu,consu,True,True,True,True,Ferretería,,True,category=Ferretería; normalized=escoba plastica mediana 600026 lamaria,HIGH_CONFIDENCE,KEEP,Already Goods and name is not a service,,0,0,0,0,0,0,False,0.0,260.0
1253,1253,Escobas REINA,consu,consu,True,True,True,True,Ferretería,,True,category=Ferretería; normalized=escobas reina,HIGH_CONFIDENCE,KEEP,Already Goods and name is not a service,,0,0,0,0,0,0,False,0.0,150.0
577,577,Escobillon Plastico FIBRA Leopardo,consu,consu,True,True,True,True,Ferretería,,True,category=Ferretería; normalized=escobillon plastico fibra leopardo,HIGH_CONFIDENCE,KEEP,Already Goods and name is not a service,,0,0,0,0,0,0,False,0.0,635.0
1601,1601,Escritorio Modular 28x32 Formcase,consu,consu,True,True,True,True,Mobiliario,,True,category=Mobiliario; normalized=escritorio modular 28x32 formcase,HIGH_CONFIDENCE,KEEP,Already Goods and name is not a service,,0,0,0,0,0,0,False,0.0,19945.0
1603,1603,Escritorio Modular 28x55 CON Retorno 18x36 Formcase,consu,consu,True,True,True,True,Mobiliario,,True,category=Mobiliario; normalized=escritorio modular 28x55 con retorno 18x36 formcase,HIGH_CONFIDENCE,KEEP,Already Goods and name is not a service,,0,0,0,0,0,0,False,0.0,22243.0
573,573,Escuadra DE 24 45-600 Stanley,consu,consu,True,True,True,True,Ferretería,,True,category=Ferretería; normalized=escuadra de 24 45-600 stanley,HIGH_CONFIDENCE,KEEP,Already Goods and name is not a service,,0,0,0,0,0,0,False,0.0,776.0
1531,1531,Espaguetis MILANO 350G MILANO 24/1,consu,consu,True,True,True,True,Ferretería,,True,category=Ferretería; normalized=espaguetis milano 350g milano 24/1,HIGH_CONFIDENCE,KEEP,Already Goods and name is not a service,,0,0,0,0,0,0,False,0.0,450.0
768,768,Espatula 2'',consu,consu,True,True,True,True,Ferretería,,True,category=Ferretería; normalized=espatula 2,HIGH_CONFIDENCE,KEEP,Already Goods and name is not a service,,0,0,0,0,0,0,False,0.0,180.0
1105,1105,Espatula DE 3'',consu,consu,True,True,True,True,Ferretería,,True,category=Ferretería; normalized=espatula de 3,HIGH_CONFIDENCE,KEEP,Already Goods and name is not a service,,0,0,0,0,0,0,False,0.0,185.0
1351,1351,"Espatula De Acero Flexible 1 1/2""",consu,consu,True,True,True,True,Ferretería,,True,"category=Ferretería; normalized=espatula de acero flexible 1 1/2""",HIGH_CONFIDENCE,KEEP,Already Goods and name is not a service,,0,0,0,0,0,0,False,0.0,245.0
1352,1352,"Espatula De Acero Flexible 2""",consu,consu,True,True,True,True,Ferretería,,True,"category=Ferretería; normalized=espatula de acero flexible 2""",HIGH_CONFIDENCE,KEEP,Already Goods and name is not a service,,0,0,0,0,0,0,False,0.0,270.0
631,631,Espatula METAL 4'' PA-2292-19 LANCO,consu,consu,True,True,True,True,Ferretería,,True,category=Ferretería; normalized=espatula metal 4 pa-2292-19 lanco,HIGH_CONFIDENCE,KEEP,Already Goods and name is not a service,,0,0,0,0,0,0,False,0.0,220.0
740,740,ESPEJO DE BAÑO 66x36'',consu,consu,True,True,True,True,Ferretería,,True,category=Ferretería; normalized=espejo de bano 66x36,HIGH_CONFIDENCE,KEEP,Already Goods and name is not a service,,0,0,0,0,0,0,False,0.0,4984.0
87,87,"ESPEJO DE BAÑO 66X36""",consu,consu,True,True,False,True,,,True,"invoice_lines=1; normalized=espejo de bano 66x36""",HIGH_CONFIDENCE,FIX_PURCHASE_OK,Already Goods and name is not a service,,0,0,1,0,0,0,False,0.0,4984.0
637,637,Esquinero,consu,consu,True,True,True,True,Ferretería,,True,category=Ferretería; normalized=esquinero,HIGH_CONFIDENCE,KEEP,Already Goods and name is not a service,,0,0,0,0,0,0,False,0.0,300.0
1602,1602,"Estación Modular DE Alturas 1.05 M, 1.20 M Y 1.50 M",consu,consu,True,True,True,True,Ferretería,,True,category=Ferretería; normalized=estacion modular de alturas 1.05 m 1.20 m y 1.50 m,HIGH_CONFIDENCE,KEEP,Already Goods and name is not a service,,0,0,0,0,0,0,False,0.0,32346.16
727,727,ESTOPA DE LUSTRE,consu,consu,True,True,True,True,Ferretería,,True,category=Ferretería; normalized=estopa de lustre,HIGH_CONFIDENCE,KEEP,Already Goods and name is not a service,,0,0,0,0,0,0,False,0.0,125.0
474,474,ESTOPA DE LUSTRE LB,consu,consu,True,True,True,True,Ferretería,,True,category=Ferretería; normalized=estopa de lustre lb,HIGH_CONFIDENCE,KEEP,Already Goods and name is not a service,,0,0,0,0,0,0,False,0.0,160.0
905,905,Estructura Metalica CON PERFIL GALVAN,consu,consu,True,True,True,True,Ferretería,,True,category=Ferretería; normalized=estructura metalica con perfil galvan,HIGH_CONFIDENCE,KEEP,Already Goods and name is not a service,,0,0,0,0,0,0,False,0.0,110570.2
1572,1572,ESTUFA A GAS Discovery HOME 24'',consu,consu,True,True,True,True,Electrodomésticos,,True,category=Electrodomésticos; normalized=estufa a gas discovery home 24,DETERMINISTIC,KEEP,"Physical material, merchandise, food or tool",,0,0,0,0,0,0,False,0.0,15089.0
1537,1537,Estufa Danilux 24'',consu,consu,True,True,True,True,Electrodomésticos,,True,category=Electrodomésticos; normalized=estufa danilux 24,DETERMINISTIC,KEEP,"Physical material, merchandise, food or tool",,0,0,0,0,0,0,False,0.0,12200.0
153,153,"ESTUFA DANILUX 24""",consu,consu,True,True,False,True,,,True,"invoice_lines=1; normalized=estufa danilux 24""",DETERMINISTIC,FIX_PURCHASE_OK,"Physical material, merchandise, food or tool",,0,0,1,0,0,0,False,0.0,11059.32
1557,1557,Estufas Danilux 24'',consu,consu,True,True,True,True,Electrodomésticos,,True,category=Electrodomésticos; normalized=estufas danilux 24,DETERMINISTIC,KEEP,"Physical material, merchandise, food or tool",,0,0,0,0,0,0,False,0.0,13059.32
1307,1307,Etiquetas PARA Carpetas Pointer,consu,consu,True,True,True,True,Ferretería,,True,category=Ferretería; normalized=etiquetas para carpetas pointer,HIGH_CONFIDENCE,KEEP,Already Goods and name is not a service,,0,0,0,0,0,0,False,0.0,75.0
15,15,Event Registration,service,service,True,True,True,True,Events,,True,category=Events; normalized=event registration,DETERMINISTIC,KEEP,Canonical or system service; keep type=service,,0,0,0,0,0,0,False,0.0,30.0
1206,1206,Extencion Electrica PWE-C9-75FT PROW Naranja,consu,consu,True,True,True,True,Ferretería,,True,category=Ferretería; normalized=extencion electrica pwe-c9-75ft prow naranja,HIGH_CONFIDENCE,KEEP,Already Goods and name is not a service,,0,0,0,0,0,0,False,0.0,923.0
767,767,Extension P/pintar 3.6M DE FRIBRA DE VIDRIO TRUPER,consu,consu,True,True,True,True,Herramientas,,True,category=Herramientas; normalized=extension p/pintar 3.6m de fribra de vidrio truper,HIGH_CONFIDENCE,KEEP,Already Goods and name is not a service,,0,0,0,0,0,0,False,0.0,2150.0
242,242,Extension P/ PINTAR REMIER 6''-12'',consu,consu,True,True,True,True,Ferretería,,True,category=Ferretería; normalized=extension p/ pintar remier 6 -12,HIGH_CONFIDENCE,KEEP,Already Goods and name is not a service,,0,0,0,0,0,0,False,0.0,2500.0
1346,1346,Extension Telesc 3mts Gris,consu,consu,True,True,True,True,Ferretería,,True,category=Ferretería; normalized=extension telesc 3mts gris,HIGH_CONFIDENCE,KEEP,Already Goods and name is not a service,,0,0,0,0,0,0,False,0.0,720.0
1164,1164,Extintores ABC D/8.82 LB,consu,consu,True,True,True,True,Ferretería,,True,category=Ferretería; normalized=extintores abc d/8.82 lb,HIGH_CONFIDENCE,KEEP,Already Goods and name is not a service,,0,0,0,0,0,0,False,0.0,5450.0
526,526,Extractor DAIWA 25A VEW 10'' PARED,consu,consu,True,True,True,True,Ferretería,,True,category=Ferretería; normalized=extractor daiwa 25a vew 10 pared,HIGH_CONFIDENCE,KEEP,Already Goods and name is not a service,,0,0,0,0,0,0,False,0.0,3900.0
702,702,Extractor DE AIRE KDK Kdk M-30auht,consu,consu,True,True,True,True,Ferretería,,True,category=Ferretería; normalized=extractor de aire kdk kdk m-30auht,HIGH_CONFIDENCE,KEEP,Already Goods and name is not a service,,0,0,0,0,0,0,False,0.0,6895.0
1374,1374,Fibra Sintetica Azul P/filtro De A/C,consu,consu,True,True,True,True,Ferretería,,True,category=Ferretería; normalized=fibra sintetica azul p/filtro de a/c,HIGH_CONFIDENCE,KEEP,Already Goods and name is not a service,,0,0,0,0,0,0,False,0.0,600.49
14,14,Field Service,service,service,True,True,True,True,Services,,True,category=Services; normalized=field service,DETERMINISTIC,KEEP,Canonical or system service; keep type=service,,0,0,0,0,0,0,False,0.0,100.0
1375,1375,Fluxometro,consu,consu,True,True,True,True,Ferretería,,True,category=Ferretería; normalized=fluxometro,HIGH_CONFIDENCE,KEEP,Already Goods and name is not a service,,0,0,0,0,0,0,False,0.0,14500.0
920,920,"Folder Manila Ofi-folder 8 1/2 X 11, Caja 100/1",consu,consu,True,True,True,True,Oficina,,True,category=Oficina; normalized=folder manila ofi-folder 8 1/2 x 11 caja 100/1,HIGH_CONFIDENCE,KEEP,Already Goods and name is not a service,,0,0,0,0,0,0,False,0.0,895.0
921,921,"Folders Manila 8.5"" X 14"" Legal, 100 Pcs - AS Folders Plus",consu,consu,True,True,True,True,Oficina,,True,"category=Oficina; normalized=folders manila 8.5"" x 14"" legal 100 pcs - as folders plus",HIGH_CONFIDENCE,KEEP,Already Goods and name is not a service,,0,0,0,0,0,0,False,0.0,1035.0
819,819,Folders Manila Tamaño 8 1/2 X 11,consu,consu,True,True,True,True,Oficina,,True,category=Oficina; normalized=folders manila tamano 8 1/2 x 11,HIGH_CONFIDENCE,KEEP,Already Goods and name is not a service,,0,0,0,0,0,0,False,0.0,5.0
1279,1279,FOLDER TIPO CART 100/1 PAQ,consu,consu,True,True,True,True,Oficina,,True,category=Oficina; normalized=folder tipo cart 100/1 paq,HIGH_CONFIDENCE,KEEP,Already Goods and name is not a service,,0,0,0,0,0,0,False,0.0,8.0
1308,1308,"FOLDER TIPO CARTA 100/1 ROJO, AZUL Pointer",consu,consu,True,True,True,True,Oficina,,True,category=Oficina; normalized=folder tipo carta 100/1 rojo azul pointer,HIGH_CONFIDENCE,KEEP,Already Goods and name is not a service,,0,0,0,0,0,0,False,0.0,175.0
335,335,Fotocelda,consu,consu,True,True,True,True,Ferretería,,True,category=Ferretería; normalized=fotocelda,HIGH_CONFIDENCE,KEEP,Already Goods and name is not a service,,0,0,0,0,0,0,False,0.0,775.0
297,297,FOTO CELDA,consu,consu,True,True,True,True,Ferretería,,True,category=Ferretería; normalized=foto celda,HIGH_CONFIDENCE,KEEP,Already Goods and name is not a service,,0,0,0,0,0,0,False,0.0,775.0
324,324,FOTO CELDA FISHER,consu,consu,True,True,True,True,Ferretería,,True,category=Ferretería; normalized=foto celda fisher,HIGH_CONFIDENCE,KEEP,Already Goods and name is not a service,,0,0,0,0,0,0,False,0.0,775.0
975,975,Fotoceldas 1800VA Generico,consu,consu,True,True,True,True,Ferretería,,True,category=Ferretería; normalized=fotoceldas 1800va generico,HIGH_CONFIDENCE,KEEP,Already Goods and name is not a service,,0,0,0,0,0,0,False,0.0,1143.3
816,816,Fregadero Tramontina Sencillo,consu,consu,True,True,True,True,Ferretería,,True,category=Ferretería; normalized=fregadero tramontina sencillo,HIGH_CONFIDENCE,KEEP,Already Goods and name is not a service,,0,0,0,0,0,0,False,0.0,5050.0
1147,1147,Frontal -cabeza -1-LED-1XAA-200LM,consu,consu,True,True,True,True,Material eléctrico,,True,category=Material eléctrico; normalized=frontal -cabeza -1-led-1xaa-200lm,HIGH_CONFIDENCE,KEEP,Already Goods and name is not a service,,0,0,0,0,0,0,False,0.0,6920.0
1399,1399,Funda De ARENA,consu,consu,True,True,True,True,Construcción,,True,category=Construcción; normalized=funda de arena,HIGH_CONFIDENCE,KEEP,Already Goods and name is not a service,,0,0,0,0,0,0,False,0.0,1050.0
908,908,FUNDA DE Cemento GRIS TITAN 94 LB,consu,consu,True,True,True,True,Construcción,,True,category=Construcción; normalized=funda de cemento gris titan 94 lb,DETERMINISTIC,KEEP,"Physical material, merchandise, food or tool",,0,0,0,0,0,0,False,0.0,600.0
1401,1401,Funda De Cemento TITAN,consu,consu,True,True,True,True,Construcción,,True,category=Construcción; normalized=funda de cemento titan,DETERMINISTIC,KEEP,"Physical material, merchandise, food or tool",,0,0,0,0,0,0,False,0.0,850.0
1597,1597,Gabinete TIPO Credenza 2 Puertas Thunder,consu,consu,True,True,True,True,Ferretería,,True,category=Ferretería; normalized=gabinete tipo credenza 2 puertas thunder,HIGH_CONFIDENCE,KEEP,Already Goods and name is not a service,,0,0,0,0,0,0,False,0.0,24014.0
390,390,GAFAS DE Proteccion,consu,consu,True,True,True,True,Ferretería,,True,category=Ferretería; normalized=gafas de proteccion,HIGH_CONFIDENCE,KEEP,Already Goods and name is not a service,,0,0,0,0,0,0,False,0.0,875.0
922,922,Ganchos Metálicos Macho/hembra 70mm 50 Sets ACCO #12992,consu,consu,True,True,True,True,Ferretería,,True,category=Ferretería; normalized=ganchos metalicos macho/hembra 70mm 50 sets acco 12992,HIGH_CONFIDENCE,KEEP,Already Goods and name is not a service,,0,0,0,0,0,0,False,0.0,665.5
1419,1419,Gato Hidraulico 3tone Truper Cod.14806,consu,consu,True,True,True,True,Herramientas,,True,category=Herramientas; normalized=gato hidraulico 3tone truper cod.14806,HIGH_CONFIDENCE,KEEP,Already Goods and name is not a service,,0,0,0,0,0,0,False,0.0,22900.0
1560,1560,Gavetero/biuro Plastico TIPO RATAN 5 Gavetas Duralon,consu,consu,True,True,True,True,Ferretería,,True,category=Ferretería; normalized=gavetero/biuro plastico tipo ratan 5 gavetas duralon,HIGH_CONFIDENCE,KEEP,Already Goods and name is not a service,,0,0,0,0,0,0,False,0.0,2288.3
1591,1591,Gavetero TIPO RATTAN DE 5 Gavetas Duralon,consu,consu,True,True,True,True,Ferretería,,True,category=Ferretería; normalized=gavetero tipo rattan de 5 gavetas duralon,HIGH_CONFIDENCE,KEEP,Already Goods and name is not a service,,0,0,0,0,0,0,False,0.0,2619.41
352,352,GLADE SPRAY Ambientador Lavanda Lavanda Y Vainilla,consu,consu,True,True,True,True,Ferretería,,True,category=Ferretería; normalized=glade spray ambientador lavanda lavanda y vainilla,HIGH_CONFIDENCE,KEEP,Already Goods and name is not a service,,0,0,0,0,0,0,False,0.0,640.0
353,353,GLADE SPRAY Ambientador Manzana Y CANELA,consu,consu,True,True,True,True,Ferretería,,True,category=Ferretería; normalized=glade spray ambientador manzana y canela,HIGH_CONFIDENCE,KEEP,Already Goods and name is not a service,,0,0,0,0,0,0,False,0.0,670.0
351,351,GLADE SPRAY Ambientador Paraiso AZUL,consu,consu,True,True,True,True,Ferretería,,True,category=Ferretería; normalized=glade spray ambientador paraiso azul,HIGH_CONFIDENCE,KEEP,Already Goods and name is not a service,,0,0,0,0,0,0,False,0.0,555.0
1444,1444,GL DE Thinner,consu,consu,True,True,True,True,Pinturas,,True,category=Pinturas; normalized=gl de thinner,DETERMINISTIC,KEEP,"Physical material, merchandise, food or tool",,0,0,0,0,0,0,False,0.0,690.0
1001,1001,GL DE Thinner TH-90,consu,consu,True,True,True,True,Pinturas,,True,category=Pinturas; normalized=gl de thinner th-90,DETERMINISTIC,KEEP,"Physical material, merchandise, food or tool",,0,0,0,0,0,0,False,0.0,630.0
260,260,GL DE Thinner TH-900 Tropical,consu,consu,True,True,True,True,Pinturas,,True,category=Pinturas; normalized=gl de thinner th-900 tropical,DETERMINISTIC,KEEP,"Physical material, merchandise, food or tool",,0,0,0,0,0,0,False,0.0,600.0
1144,1144,GLOBO LATEX 10''X 100 Balloons,consu,consu,True,True,True,True,Ferretería,,True,category=Ferretería; normalized=globo latex 10 x 100 balloons,HIGH_CONFIDENCE,KEEP,Already Goods and name is not a service,,0,0,0,0,0,0,False,0.0,460.0
279,279,Goma De 1/2 Blanca,consu,consu,True,True,True,True,Neumáticos,,True,category=Neumáticos; normalized=goma de 1/2 blanca,DETERMINISTIC,KEEP,"Physical material, merchandise, food or tool",,0,0,0,0,0,0,False,0.0,620.0
1448,1448,GOMA DE 1/2 BLANCA 94X42,consu,consu,True,True,True,True,Neumáticos,,True,category=Neumáticos; normalized=goma de 1/2 blanca 94x42,DETERMINISTIC,KEEP,"Physical material, merchandise, food or tool",,0,0,0,0,0,0,False,0.0,550.0
621,621,Granzote GRUESO,consu,consu,True,True,True,True,Ferretería,,True,category=Ferretería; normalized=granzote grueso,HIGH_CONFIDENCE,KEEP,Already Goods and name is not a service,,0,0,0,0,0,0,False,0.0,1260.0
299,299,GRAPA DE Alambre,consu,consu,True,True,True,True,Ferretería,,True,category=Ferretería; normalized=grapa de alambre,DETERMINISTIC,KEEP,"Physical material, merchandise, food or tool",,0,0,0,0,0,0,False,0.0,750.0
923,923,"Grapadora Estandar Talbot De Metal, Color Negro, Compatible Con Grapas Estándar 24/6 Y",consu,consu,True,True,True,True,Ferretería,,True,category=Ferretería; normalized=grapadora estandar talbot de metal color negro compatible con grapas estandar 24/6 y,HIGH_CONFIDENCE,KEEP,Already Goods and name is not a service,,0,0,0,0,0,0,False,0.0,795.0
933,933,"Grapadora Industrial De Metal Swingline, Con Base Antideslizante, Con Capacidad De 100",consu,consu,True,True,True,True,Oficina,,True,category=Oficina; normalized=grapadora industrial de metal swingline con base antideslizante con capacidad de 100,HIGH_CONFIDENCE,KEEP,Already Goods and name is not a service,,0,0,0,0,0,0,False,0.0,2220.0
281,281,Grapadora Neumatica,consu,consu,True,True,True,True,Neumáticos,,True,category=Neumáticos; normalized=grapadora neumatica,DETERMINISTIC,KEEP,"Physical material, merchandise, food or tool",,0,0,0,0,0,0,False,0.0,13390.0
831,831,Grapadoras Grandes 250 Páginas,consu,consu,True,True,True,True,Ferretería,,True,category=Ferretería; normalized=grapadoras grandes 250 paginas,HIGH_CONFIDENCE,KEEP,Already Goods and name is not a service,,0,0,0,0,0,0,False,0.0,9000.0
688,688,GRAPAS 7/10,consu,consu,True,True,True,True,Ferretería,,True,category=Ferretería; normalized=grapas 7/10,HIGH_CONFIDENCE,KEEP,Already Goods and name is not a service,,0,0,0,0,0,0,False,0.0,266.0
917,917,"Grapas Estándar Artesco 6 Mm, 26/6, 5000/1",consu,consu,True,True,True,True,Ferretería,,True,category=Ferretería; normalized=grapas estandar artesco 6 mm 26/6 5000/1,HIGH_CONFIDENCE,KEEP,Already Goods and name is not a service,,0,0,0,0,0,0,False,0.0,110.0
458,458,GRAPAS PARA Grapadora Neumatica 7/10,consu,consu,True,True,True,True,Neumáticos,,True,category=Neumáticos; normalized=grapas para grapadora neumatica 7/10,DETERMINISTIC,KEEP,"Physical material, merchandise, food or tool",,0,0,0,0,0,0,False,0.0,225.0
321,321,GRAVA 3/4,consu,consu,True,True,True,True,Construcción,,True,category=Construcción; normalized=grava 3/4,DETERMINISTIC,KEEP,"Physical material, merchandise, food or tool",,0,0,0,0,0,0,False,0.0,3530.0
910,910,GRAVA 3/4 A 1/2,consu,consu,True,True,True,True,Construcción,,True,category=Construcción; normalized=grava 3/4 a 1/2,DETERMINISTIC,KEEP,"Physical material, merchandise, food or tool",,0,0,0,0,0,0,False,0.0,1300.0
1068,1068,GRAVA CALIZA,consu,consu,True,True,True,True,Construcción,,True,category=Construcción; normalized=grava caliza,DETERMINISTIC,KEEP,"Physical material, merchandise, food or tool",,0,0,0,0,0,0,False,0.0,5800.0
1532,1532,Guandules LINDA (LATA 15OZ) 24/1,consu,consu,True,True,True,True,Ferretería,,True,category=Ferretería; normalized=guandules linda lata 15oz 24/1,HIGH_CONFIDENCE,KEEP,Already Goods and name is not a service,,0,0,0,0,0,0,False,0.0,1282.5
776,776,GUANTE DE Proteccion TRUPER,consu,consu,True,True,True,True,Herramientas,,True,category=Herramientas; normalized=guante de proteccion truper,HIGH_CONFIDENCE,KEEP,Already Goods and name is not a service,,0,0,0,0,0,0,False,0.0,280.0
579,579,GUANTE EXTRA GRIP XL 400XL GRX,consu,consu,True,True,True,True,Ferretería,,True,category=Ferretería; normalized=guante extra grip xl 400xl grx,HIGH_CONFIDENCE,KEEP,Already Goods and name is not a service,,0,0,0,0,0,0,False,0.0,476.8
364,364,GUANTE GOMA NEGRO IND,consu,consu,True,True,True,True,Neumáticos,,True,category=Neumáticos; normalized=guante goma negro ind,DETERMINISTIC,KEEP,"Physical material, merchandise, food or tool",,0,0,0,0,0,0,False,0.0,700.0
491,491,GUANTE GOMA NEGRO IND (10L Y 10M),consu,consu,True,True,True,True,Neumáticos,,True,category=Neumáticos; normalized=guante goma negro ind 10l y 10m,DETERMINISTIC,KEEP,"Physical material, merchandise, food or tool",,0,0,0,0,0,0,False,0.0,285.0
742,742,"GUANTE GOMA NEGRO IND (SIZE S,MY L)",consu,consu,True,True,True,True,Neumáticos,,True,category=Neumáticos; normalized=guante goma negro ind size s my l,DETERMINISTIC,KEEP,"Physical material, merchandise, food or tool",,0,0,0,0,0,0,False,0.0,700.0
492,492,GUANTE OBRERO Naranja TRUPER 14246,consu,consu,True,True,True,True,Herramientas,,True,category=Herramientas; normalized=guante obrero naranja truper 14246,HIGH_CONFIDENCE,KEEP,Already Goods and name is not a service,,0,0,0,0,0,0,False,0.0,595.0
403,403,Guantes DE Carnaza,consu,consu,True,True,True,True,Ferretería,,True,category=Ferretería; normalized=guantes de carnaza,HIGH_CONFIDENCE,KEEP,Already Goods and name is not a service,,0,0,0,0,0,0,False,0.0,560.0
411,411,Guantes DE CUERO (carnaza),consu,consu,True,True,True,True,Ferretería,,True,category=Ferretería; normalized=guantes de cuero carnaza,HIGH_CONFIDENCE,KEEP,Already Goods and name is not a service,,0,0,0,0,0,0,False,0.0,560.0
1121,1121,Guantes DE CUERO P/ OBRERO (carnaza),consu,consu,True,True,True,True,Ferretería,,True,category=Ferretería; normalized=guantes de cuero p/ obrero carnaza,HIGH_CONFIDENCE,KEEP,Already Goods and name is not a service,,0,0,0,0,0,0,False,0.0,420.0
1080,1080,Guantes DE CUERO Y TELA TIPO LONETA,consu,consu,True,True,True,True,Ferretería,,True,category=Ferretería; normalized=guantes de cuero y tela tipo loneta,HIGH_CONFIDENCE,KEEP,Already Goods and name is not a service,,0,0,0,0,0,0,False,0.0,617.96
578,578,Guantes DE Nitrilo MANGA CORTA,consu,consu,True,True,True,True,Ferretería,,True,category=Ferretería; normalized=guantes de nitrilo manga corta,HIGH_CONFIDENCE,KEEP,Already Goods and name is not a service,,0,0,0,0,0,0,False,0.0,85.0
1510,1510,Guantes DE Proteccion Trupper,consu,consu,True,True,True,True,Ferretería,,True,category=Ferretería; normalized=guantes de proteccion trupper,HIGH_CONFIDENCE,KEEP,Already Goods and name is not a service,,0,0,0,0,0,0,False,0.0,280.0
412,412,Guantes Plasticos Desechables 100PCS/1,consu,consu,True,True,True,True,Ferretería,,True,category=Ferretería; normalized=guantes plasticos desechables 100pcs/1,HIGH_CONFIDENCE,KEEP,Already Goods and name is not a service,,0,0,0,0,0,0,False,0.0,440.0
1148,1148,Guantes PROCT CORTE W-301 (NIVEL D) T9,consu,consu,True,True,True,True,Ferretería,,True,category=Ferretería; normalized=guantes proct corte w-301 nivel d t9,HIGH_CONFIDENCE,KEEP,Already Goods and name is not a service,,0,0,0,0,0,0,False,0.0,1300.0
580,580,Guantes PUNTO PVC 10 76133 KENDO,consu,consu,True,True,True,True,Plomería,,True,category=Plomería; normalized=guantes punto pvc 10 76133 kendo,HIGH_CONFIDENCE,KEEP,Already Goods and name is not a service,,0,0,0,0,0,0,False,0.0,44.88
51,51,GUIAS PLAST- 40X60MM,consu,consu,True,True,False,True,,,True,invoice_lines=1; normalized=guias plast- 40x60mm,HIGH_CONFIDENCE,FIX_PURCHASE_OK,Already Goods and name is not a service,,0,0,1,0,0,0,False,0.0,285.0
1522,1522,Habichuelas PINTAS DON Rodrigo 400G 30/1,consu,consu,True,True,True,True,Alimentos,"COMERCIALIZADORA DE ALIMENTOS PIÑARIA, S.R.L.",True,"category=Alimentos; company=COMERCIALIZADORA DE ALIMENTOS PIÑARIA, S.R.L.; normalized=habichuelas pintas don rodrigo 400g 30/1",DETERMINISTIC,KEEP,"Physical material, merchandise, food or tool",,0,0,0,0,0,0,False,0.0,1200.0
1153,1153,HACHA MEDIA LABOR MANGO DE MADERA DE 36''truper,consu,consu,True,True,True,True,Herramientas,,True,category=Herramientas; normalized=hacha media labor mango de madera de 36 truper,HIGH_CONFIDENCE,KEEP,Already Goods and name is not a service,,0,0,0,0,0,0,False,0.0,2909.4
1377,1377,Hidrolavadora Electrica,consu,consu,True,True,True,True,Electrodomésticos,,True,category=Electrodomésticos; normalized=hidrolavadora electrica,DETERMINISTIC,KEEP,"Physical material, merchandise, food or tool",,0,0,0,0,0,0,False,0.0,35000.0
397,397,"Hidrolavadora Karcher K4 1,800 PSI 1,500 W Electrica",consu,consu,True,True,True,True,Electrodomésticos,,True,category=Electrodomésticos; normalized=hidrolavadora karcher k4 1 800 psi 1 500 w electrica,DETERMINISTIC,KEEP,"Physical material, merchandise, food or tool",,0,0,0,0,0,0,False,0.0,20792.0
398,398,Hidrolavadora TRUPER 2000 PSI Electrica,consu,consu,True,True,True,True,Electrodomésticos,,True,category=Electrodomésticos; normalized=hidrolavadora truper 2000 psi electrica,DETERMINISTIC,KEEP,"Physical material, merchandise, food or tool",,0,0,0,0,0,0,False,0.0,31888.0
1311,1311,HIGADO,consu,consu,True,True,True,True,Ferretería,,True,category=Ferretería; normalized=higado,HIGH_CONFIDENCE,KEEP,Already Goods and name is not a service,,0,0,0,0,0,0,False,0.0,180.0
1143,1143,HILO DE LANA,consu,consu,True,True,True,True,Ferretería,,True,category=Ferretería; normalized=hilo de lana,HIGH_CONFIDENCE,KEEP,Already Goods and name is not a service,,0,0,0,0,0,0,False,0.0,90.0
883,883,Hilo Htr5-130 0.1x23/mp/podar Truper,consu,consu,True,True,True,True,Herramientas,,True,category=Herramientas; normalized=hilo htr5-130 0.1x23/mp/podar truper,HIGH_CONFIDENCE,KEEP,Already Goods and name is not a service,,0,0,0,0,0,0,False,0.0,2750.0
630,630,HILO NYLON BLANCO NO.18 NO.18 Ballena,consu,consu,True,True,True,True,Ferretería,,True,category=Ferretería; normalized=hilo nylon blanco no.18 no.18 ballena,HIGH_CONFIDENCE,KEEP,Already Goods and name is not a service,,0,0,0,0,0,0,False,0.0,126.0
38,38,HILO PARA CORTADORA DE GRAMA 3.3MM X 237M HTR5/PODAR TRUPER,consu,consu,True,True,False,True,,,True,invoice_lines=1; normalized=hilo para cortadora de grama 3.3mm x 237m htr5/podar truper,HIGH_CONFIDENCE,FIX_PURCHASE_OK,Already Goods and name is not a service,,0,0,1,0,0,0,False,0.0,4000.0
516,516,HILO PARA Cortagrama 15 MTS Hta-80(1153) TRUPER,consu,consu,True,True,True,True,Herramientas,,True,category=Herramientas; normalized=hilo para cortagrama 15 mts hta-80 1153 truper,HIGH_CONFIDENCE,KEEP,Already Goods and name is not a service,,0,0,0,0,0,0,False,0.0,155.0
719,719,HOJA DE Segueta BEYOTA,consu,consu,True,True,True,True,Ferretería,,True,category=Ferretería; normalized=hoja de segueta beyota,HIGH_CONFIDENCE,KEEP,Already Goods and name is not a service,,0,0,0,0,0,0,False,0.0,120.0
1064,1064,Hormigon 210 KG/CM,consu,consu,True,True,True,True,Construcción,,True,category=Construcción; normalized=hormigon 210 kg/cm,DETERMINISTIC,KEEP,"Physical material, merchandise, food or tool",,0,0,0,0,0,0,False,0.0,10750.0
174,174,Hormigon Asfaltico,consu,consu,True,True,True,True,Construcción,,True,category=Construcción; normalized=hormigon asfaltico,DETERMINISTIC,KEEP,"Physical material, merchandise, food or tool",,0,0,0,0,0,0,False,0.0,12000.0
130,130,IMPERMEABILIZANTE TROPICAL GOMA LIQUIDA ALUMINIO,consu,consu,True,True,False,True,,,True,invoice_lines=1; normalized=impermeabilizante tropical goma liquida aluminio,DETERMINISTIC,FIX_PURCHASE_OK,"Physical material, merchandise, food or tool",,0,0,1,0,0,0,False,0.0,17635.8
760,760,Impermiabilizante Tropical GOMA LIQ. ALUM,consu,consu,True,True,True,True,Neumáticos,,True,category=Neumáticos; normalized=impermiabilizante tropical goma liq. alum,DETERMINISTIC,KEEP,"Physical material, merchandise, food or tool",,0,0,0,0,0,0,False,0.0,10260.0
757,757,Impermiabilizante Tropical GOMA Liquida Aluminio,consu,consu,True,True,True,True,Neumáticos,,True,category=Neumáticos; normalized=impermiabilizante tropical goma liquida aluminio,DETERMINISTIC,KEEP,"Physical material, merchandise, food or tool",,0,0,0,0,0,0,False,0.0,17635.8
1034,1034,Impresiónes Serigrafiadas A UN COLOR,consu,consu,True,True,True,True,Ferretería,,True,category=Ferretería; normalized=impresiones serigrafiadas a un color,HIGH_CONFIDENCE,KEEP,Already Goods and name is not a service,,0,0,0,0,0,0,False,0.0,37.0
371,371,Impresiones Serigrafiadas A UN COLOR Espalda Y Tetilla,consu,consu,True,True,True,True,Ferretería,,True,category=Ferretería; normalized=impresiones serigrafiadas a un color espalda y tetilla,HIGH_CONFIDENCE,KEEP,Already Goods and name is not a service,,0,0,0,0,0,0,False,0.0,250.0
1461,1461,Imprevistos,consu,consu,True,True,True,True,Ferretería,,True,category=Ferretería; normalized=imprevistos,HIGH_CONFIDENCE,KEEP,Already Goods and name is not a service,,0,0,0,0,0,0,False,0.0,84066.35
1145,1145,Inflador Electrico,consu,consu,True,True,True,True,Ferretería,,True,category=Ferretería; normalized=inflador electrico,HIGH_CONFIDENCE,KEEP,Already Goods and name is not a service,,0,0,0,0,0,0,False,0.0,2200.0
391,391,ING-UMMA1605 Soldadora Inverter 160A 110/220V 40% MMA Ingco<4> Sustitucion DE,consu,consu,True,True,True,True,Ferretería,,True,category=Ferretería; normalized=ing-umma1605 soldadora inverter 160a 110/220v 40% mma ingco 4 sustitucion de,HIGH_CONFIDENCE,KEEP,Already Goods and name is not a service,,0,0,0,0,0,0,False,0.0,12189.82
392,392,ING-UMMAC2502 Soldadora 250A 110/220V 10% MMA Ingco<1>,consu,consu,True,True,True,True,Ferretería,,True,category=Ferretería; normalized=ing-ummac2502 soldadora 250a 110/220v 10% mma ingco 1,HIGH_CONFIDENCE,KEEP,Already Goods and name is not a service,,0,0,0,0,0,0,False,0.0,14092.2
393,393,ING-UMMAC3002 Soldadora 300A 110/220V 10% MMA Ingco<1>,consu,consu,True,True,True,True,Ferretería,,True,category=Ferretería; normalized=ing-ummac3002 soldadora 300a 110/220v 10% mma ingco 1,HIGH_CONFIDENCE,KEEP,Already Goods and name is not a service,,0,0,0,0,0,0,False,0.0,13842.38
1512,1512,Inodoro Completo C/ TAPAS Y Valvula ULTRA,consu,consu,True,True,True,True,Plomería,,True,category=Plomería; normalized=inodoro completo c/ tapas y valvula ultra,DETERMINISTIC,KEEP,"Physical material, merchandise, food or tool",,0,0,0,0,0,0,False,0.0,7286.0
67,67,INODORO FLUX BALTICO ENT SUP BLANCO / CORONA,consu,consu,True,True,False,True,,,True,invoice_lines=1; normalized=inodoro flux baltico ent sup blanco / corona,DETERMINISTIC,FIX_PURCHASE_OK,"Physical material, merchandise, food or tool",,0,0,1,0,0,0,False,0.0,11890.0
781,781,"Inodoros Completos Incluyendo Fluxometro, TAPAS Y Valvulas ULTRA",consu,consu,True,True,True,True,Plomería,,True,category=Plomería; normalized=inodoros completos incluyendo fluxometro tapas y valvulas ultra,DETERMINISTIC,KEEP,"Physical material, merchandise, food or tool",,0,0,0,0,0,0,False,0.0,7290.0
1012,1012,Inodoro TREBOL SAVONA BLANCO,consu,consu,True,True,True,True,Plomería,,True,category=Plomería; normalized=inodoro trebol savona blanco,DETERMINISTIC,KEEP,"Physical material, merchandise, food or tool",,0,0,0,0,0,0,False,0.0,13532.2
430,430,Interruptor TRIPLE Bticino NOBILE BCO,consu,consu,True,True,True,True,Ferretería,,True,category=Ferretería; normalized=interruptor triple bticino nobile bco,HIGH_CONFIDENCE,KEEP,Already Goods and name is not a service,,0,0,0,0,0,0,False,0.0,1020.0
1474,1474,Inversor 6 KW 48 DC Senoidal MITEC -PSW,consu,consu,True,True,True,True,Ferretería,,True,category=Ferretería; normalized=inversor 6 kw 48 dc senoidal mitec -psw,HIGH_CONFIDENCE,KEEP,Already Goods and name is not a service,,0,0,0,0,0,0,False,0.0,96356.0
978,978,"Ipermeabilizante De Techo, A Base De Lona Asfatica 4 Kg Granular (3mm) De Espesor Y",consu,consu,True,True,True,True,Ferretería,,True,category=Ferretería; normalized=ipermeabilizante de techo a base de lona asfatica 4 kg granular 3mm de espesor y,HIGH_CONFIDENCE,KEEP,Already Goods and name is not a service,,0,0,0,0,0,0,False,0.0,750.0
1507,1507,ITABO,consu,consu,True,True,True,True,Ferretería,,True,category=Ferretería; normalized=itabo,HIGH_CONFIDENCE,KEEP,Already Goods and name is not a service,,0,0,0,0,0,0,False,0.0,2495.0
1269,1269,JABON AZUL,consu,consu,True,True,True,True,Limpieza,,True,category=Limpieza; normalized=jabon azul,HIGH_CONFIDENCE,KEEP,Already Goods and name is not a service,,0,0,0,0,0,0,False,0.0,125.0
1252,1252,JABON Liquido Multiuso ACEL,consu,consu,True,True,True,True,Limpieza,,True,category=Limpieza; normalized=jabon liquido multiuso acel,HIGH_CONFIDENCE,KEEP,Already Goods and name is not a service,,0,0,0,0,0,0,False,0.0,175.0
1544,1544,JUEGO Comedor Plastico 4 SILLAS RIMAX,consu,consu,True,True,True,True,Mobiliario,,True,category=Mobiliario; normalized=juego comedor plastico 4 sillas rimax,HIGH_CONFIDENCE,KEEP,Already Goods and name is not a service,,0,0,0,0,0,0,False,0.0,8960.0
1539,1539,Juego De Comedor Plastico 80X80,consu,consu,True,True,True,True,Ferretería,,True,category=Ferretería; normalized=juego de comedor plastico 80x80,HIGH_CONFIDENCE,KEEP,Already Goods and name is not a service,,0,0,0,0,0,0,False,0.0,7560.0
1559,1559,JUEGO DE Comedor Platico DE 4 SILLAS RIMAX,consu,consu,True,True,True,True,Mobiliario,,True,category=Mobiliario; normalized=juego de comedor platico de 4 sillas rimax,HIGH_CONFIDENCE,KEEP,Already Goods and name is not a service,,0,0,0,0,0,0,False,0.0,8960.0
581,581,JUEGO DE Destornilladores 8 EN 1 85115 KENDO,consu,consu,True,True,True,True,Herramientas,,True,category=Herramientas; normalized=juego de destornilladores 8 en 1 85115 kendo,DETERMINISTIC,KEEP,"Physical material, merchandise, food or tool",,0,0,0,0,0,0,False,0.0,734.0
1088,1088,JUEGO DE LLAVE ALLEN TRUPER,consu,consu,True,True,True,True,Herramientas,,True,category=Herramientas; normalized=juego de llave allen truper,HIGH_CONFIDENCE,KEEP,Already Goods and name is not a service,,0,0,0,0,0,0,False,0.0,620.1
484,484,JUEGO DE LLAVE ALLEN TRUPER 15556,consu,consu,True,True,True,True,Herramientas,,True,category=Herramientas; normalized=juego de llave allen truper 15556,HIGH_CONFIDENCE,KEEP,Already Goods and name is not a service,,0,0,0,0,0,0,False,0.0,690.0
1543,1543,Juego De Sala Plastico Duralon,consu,consu,True,True,True,True,Ferretería,,True,category=Ferretería; normalized=juego de sala plastico duralon,HIGH_CONFIDENCE,KEEP,Already Goods and name is not a service,,0,0,0,0,0,0,False,0.0,17076.27
1570,1570,JUEGO DE SALA Plastico JGO FERR Confort,consu,consu,True,True,True,True,Ferretería,,True,category=Ferretería; normalized=juego de sala plastico jgo ferr confort,HIGH_CONFIDENCE,KEEP,Already Goods and name is not a service,,0,0,0,0,0,0,False,0.0,20399.16
792,792,JUEGO DE Valvula FAMA Economax,consu,consu,True,True,True,True,Plomería,,True,category=Plomería; normalized=juego de valvula fama economax,HIGH_CONFIDENCE,KEEP,Already Goods and name is not a service,,0,0,0,0,0,0,False,0.0,850.0
72,72,JUNTA DE CERA P/INODORO 40143 EASTMAN,consu,consu,True,True,False,True,,,True,invoice_lines=1; normalized=junta de cera p/inodoro 40143 eastman,DETERMINISTIC,FIX_PURCHASE_OK,"Physical material, merchandise, food or tool",,0,0,1,0,0,0,False,0.0,185.0
773,773,KIT DE Conectores,consu,consu,True,True,True,True,Ferretería,,True,category=Ferretería; normalized=kit de conectores,HIGH_CONFIDENCE,KEEP,Already Goods and name is not a service,,0,0,0,0,0,0,False,0.0,2445.0
52,52,KIT DE INSTALACION DE BOMBA,consu,consu,True,True,False,True,,,True,invoice_lines=1; normalized=kit de instalacion de bomba,DETERMINISTIC,FIX_PURCHASE_OK,"Physical material, merchandise, food or tool",,0,0,1,0,0,0,False,0.0,1125.0
1534,1534,KIT DE Raciones Alimenticias,consu,consu,True,True,True,True,Ferretería,,True,category=Ferretería; normalized=kit de raciones alimenticias,HIGH_CONFIDENCE,KEEP,Already Goods and name is not a service,,0,0,0,0,0,0,False,0.0,932.2
19,19,KIT DE UÑAS ACRILICAS,consu,consu,True,True,False,True,,,True,invoice_lines=1; normalized=kit de unas acrilicas,HIGH_CONFIDENCE,FIX_PURCHASE_OK,Already Goods and name is not a service,,0,0,1,0,0,0,False,0.0,1000.0
916,916,Label Para Folders 200/1 Pointer,consu,consu,True,True,True,True,Oficina,,True,category=Oficina; normalized=label para folders 200/1 pointer,HIGH_CONFIDENCE,KEEP,Already Goods and name is not a service,,0,0,0,0,0,0,False,0.0,180.0
679,679,LACA Natural Tropical,consu,consu,True,True,True,True,Ferretería,,True,category=Ferretería; normalized=laca natural tropical,HIGH_CONFIDENCE,KEEP,Already Goods and name is not a service,,0,0,0,0,0,0,False,0.0,2732.0
256,256,Laca Para Madera Blanca Terminacion Power Rider,consu,consu,True,True,True,True,Ferretería,,True,category=Ferretería; normalized=laca para madera blanca terminacion power rider,HIGH_CONFIDENCE,KEEP,Already Goods and name is not a service,,0,0,0,0,0,0,False,0.0,3180.0
456,456,LACA Pigmentada BLANCA Tropical (6159),consu,consu,True,True,True,True,Ferretería,,True,category=Ferretería; normalized=laca pigmentada blanca tropical 6159,HIGH_CONFIDENCE,KEEP,Already Goods and name is not a service,,0,0,0,0,0,0,False,0.0,2987.0
682,682,LACA Tropical Pigmentada BLANCA,consu,consu,True,True,True,True,Ferretería,,True,category=Ferretería; normalized=laca tropical pigmentada blanca,HIGH_CONFIDENCE,KEEP,Already Goods and name is not a service,,0,0,0,0,0,0,False,0.0,2993.0
1054,1054,Lampara Colgante 150W,consu,consu,True,True,True,True,Ferretería,,True,category=Ferretería; normalized=lampara colgante 150w,HIGH_CONFIDENCE,KEEP,Already Goods and name is not a service,,0,0,0,0,0,0,False,0.0,7395.0
282,282,Lampara Led 150 W Tipo Cobra,consu,consu,True,True,True,True,Material eléctrico,,True,category=Material eléctrico; normalized=lampara led 150 w tipo cobra,HIGH_CONFIDENCE,KEEP,Already Goods and name is not a service,,0,0,0,0,0,0,False,0.0,5300.0
429,429,Lampara LED 2X4,consu,consu,True,True,True,True,Material eléctrico,,True,category=Material eléctrico; normalized=lampara led 2x4,HIGH_CONFIDENCE,KEEP,Already Goods and name is not a service,,0,0,0,0,0,0,False,0.0,7975.0
1055,1055,Lampara LED Superf. REDON. 18W 3500K,consu,consu,True,True,True,True,Material eléctrico,,True,category=Material eléctrico; normalized=lampara led superf. redon. 18w 3500k,HIGH_CONFIDENCE,KEEP,Already Goods and name is not a service,,0,0,0,0,0,0,False,0.0,640.0
1056,1056,Lampara LED Superf. REDON. 18W ELITE,consu,consu,True,True,True,True,Material eléctrico,,True,category=Material eléctrico; normalized=lampara led superf. redon. 18w elite,HIGH_CONFIDENCE,KEEP,Already Goods and name is not a service,,0,0,0,0,0,0,False,0.0,580.0
583,583,Lampara LED T/cobra 100W EMSOL,consu,consu,True,True,True,True,Material eléctrico,,True,category=Material eléctrico; normalized=lampara led t/cobra 100w emsol,HIGH_CONFIDENCE,KEEP,Already Goods and name is not a service,,0,0,0,0,0,0,False,0.0,4600.0
585,585,Lampara LED T/cobra 200W EMSOL,consu,consu,True,True,True,True,Material eléctrico,,True,category=Material eléctrico; normalized=lampara led t/cobra 200w emsol,HIGH_CONFIDENCE,KEEP,Already Goods and name is not a service,,0,0,0,0,0,0,False,0.0,5760.0
1060,1060,Lampara OJO D/BUEY LED 3W,consu,consu,True,True,True,True,Material eléctrico,,True,category=Material eléctrico; normalized=lampara ojo d/buey led 3w,HIGH_CONFIDENCE,KEEP,Already Goods and name is not a service,,0,0,0,0,0,0,False,0.0,750.0
584,584,Lampara TIPO COBRA 150 W,consu,consu,True,True,True,True,Ferretería,,True,category=Ferretería; normalized=lampara tipo cobra 150 w,HIGH_CONFIDENCE,KEEP,Already Goods and name is not a service,,0,0,0,0,0,0,False,0.0,5300.0
245,245,LAMPRA LED 150 W TIPO COBRA,consu,consu,True,True,True,True,Material eléctrico,,True,category=Material eléctrico; normalized=lampra led 150 w tipo cobra,HIGH_CONFIDENCE,KEEP,Already Goods and name is not a service,,0,0,0,0,0,0,False,0.0,5300.0
1290,1290,Lapicero AZULES,consu,consu,True,True,True,True,Oficina,,True,category=Oficina; normalized=lapicero azules,HIGH_CONFIDENCE,KEEP,Already Goods and name is not a service,,0,0,0,0,0,0,False,0.0,14.0
1291,1291,Lapicero NEGRO,consu,consu,True,True,True,True,Oficina,,True,category=Oficina; normalized=lapicero negro,HIGH_CONFIDENCE,KEEP,Already Goods and name is not a service,,0,0,0,0,0,0,False,0.0,14.0
1292,1292,Lapicero ROJOS,consu,consu,True,True,True,True,Oficina,,True,category=Oficina; normalized=lapicero rojos,HIGH_CONFIDENCE,KEEP,Already Goods and name is not a service,,0,0,0,0,0,0,False,0.0,14.0
675,675,LAPIZ Carpintero,consu,consu,True,True,True,True,Ferretería,,True,category=Ferretería; normalized=lapiz carpintero,HIGH_CONFIDENCE,KEEP,Already Goods and name is not a service,,0,0,0,0,0,0,False,0.0,25.0
1293,1293,LAPIZ DE CARBON,consu,consu,True,True,True,True,Ferretería,,True,category=Ferretería; normalized=lapiz de carbon,HIGH_CONFIDENCE,KEEP,Already Goods and name is not a service,,0,0,0,0,0,0,False,0.0,6.0
1124,1124,LAPIZ DE CARBON Amarillo 12/1,consu,consu,True,True,True,True,Ferretería,,True,category=Ferretería; normalized=lapiz de carbon amarillo 12/1,HIGH_CONFIDENCE,KEEP,Already Goods and name is not a service,,0,0,0,0,0,0,False,0.0,68.0
1128,1128,LAPIZ DE COLOR 12/1,consu,consu,True,True,True,True,Ferretería,,True,category=Ferretería; normalized=lapiz de color 12/1,HIGH_CONFIDENCE,KEEP,Already Goods and name is not a service,,0,0,0,0,0,0,False,0.0,80.0
703,703,LAPIZ P/ Carpintero,consu,consu,True,True,True,True,Ferretería,,True,category=Ferretería; normalized=lapiz p/ carpintero,HIGH_CONFIDENCE,KEEP,Already Goods and name is not a service,,0,0,0,0,0,0,False,0.0,28.0
1236,1236,Laserjet W2111A CIAN,consu,consu,True,True,True,True,Ferretería,,True,category=Ferretería; normalized=laserjet w2111a cian,HIGH_CONFIDENCE,KEEP,Already Goods and name is not a service,,0,0,0,0,0,0,False,0.0,3894.0
1226,1226,Laserjet W2111A CIAN TONER HP PARA Impresora COLOR Laserjet,consu,consu,True,True,True,True,Tecnología,,True,category=Tecnología; normalized=laserjet w2111a cian toner hp para impresora color laserjet,DETERMINISTIC,KEEP,"Physical material, merchandise, food or tool",,0,0,0,0,0,0,False,0.0,6941.0
1235,1235,Laserjet W2111A NEGRO,consu,consu,True,True,True,True,Ferretería,,True,category=Ferretería; normalized=laserjet w2111a negro,HIGH_CONFIDENCE,KEEP,Already Goods and name is not a service,,0,0,0,0,0,0,False,0.0,3488.14
1225,1225,Laserjet W2111A NEGRO TONER HP PARA Impresora Laserjet,consu,consu,True,True,True,True,Tecnología,,True,category=Tecnología; normalized=laserjet w2111a negro toner hp para impresora laserjet,DETERMINISTIC,KEEP,"Physical material, merchandise, food or tool",,0,0,0,0,0,0,False,0.0,6832.21
1237,1237,Laserjet W2112A Amarillo,consu,consu,True,True,True,True,Ferretería,,True,category=Ferretería; normalized=laserjet w2112a amarillo,HIGH_CONFIDENCE,KEEP,Already Goods and name is not a service,,0,0,0,0,0,0,False,0.0,3894.0
1227,1227,Laserjet W2112A Amarillo TONER HP PARA Impresora COLOR Laserjet,consu,consu,True,True,True,True,Tecnología,,True,category=Tecnología; normalized=laserjet w2112a amarillo toner hp para impresora color laserjet,DETERMINISTIC,KEEP,"Physical material, merchandise, food or tool",,0,0,0,0,0,0,False,0.0,6665.0
943,943,LATA DE Pintura Popular ULTRA Esmalte NEGRO MATE 800 1 GL,consu,consu,True,True,True,True,Pinturas,,True,category=Pinturas; normalized=lata de pintura popular ultra esmalte negro mate 800 1 gl,DETERMINISTIC,KEEP,"Physical material, merchandise, food or tool",,0,0,0,0,0,0,False,0.0,2520.0
1586,1586,Lavadora SEMI Automatica 22 LB Dimensions,consu,consu,True,True,True,True,Electrodomésticos,,True,category=Electrodomésticos; normalized=lavadora semi automatica 22 lb dimensions,DETERMINISTIC,KEEP,"Physical material, merchandise, food or tool",,0,0,0,0,0,0,False,0.0,11695.0
1554,1554,Lavadora SEMI Automatica BLANCA XPB KGLG-140 22 LB,consu,consu,True,True,True,True,Electrodomésticos,,True,category=Electrodomésticos; normalized=lavadora semi automatica blanca xpb kglg-140 22 lb,DETERMINISTIC,KEEP,"Physical material, merchandise, food or tool",,0,0,0,0,0,0,False,0.0,9966.1
1571,1571,Lavadora SEMI Automatica M/DIMI11W 11 KG Dimensions,consu,consu,True,True,True,True,Electrodomésticos,,True,category=Electrodomésticos; normalized=lavadora semi automatica m/dimi11w 11 kg dimensions,DETERMINISTIC,KEEP,"Physical material, merchandise, food or tool",,0,0,0,0,0,0,False,0.0,11695.0
151,151,LAVADORA SEMI AUTOMATICA XPB KGLG-140 22 LB,consu,consu,True,True,False,True,,,True,invoice_lines=1; normalized=lavadora semi automatica xpb kglg-140 22 lb,DETERMINISTIC,FIX_PURCHASE_OK,"Physical material, merchandise, food or tool",,0,0,1,0,0,0,False,0.0,10150.0
1524,1524,LECHE EN POLVO MILEX 125GR 48/1,consu,consu,True,True,True,True,Alimentos,"COMERCIALIZADORA DE ALIMENTOS PIÑARIA, S.R.L.",True,"category=Alimentos; company=COMERCIALIZADORA DE ALIMENTOS PIÑARIA, S.R.L.; normalized=leche en polvo milex 125gr 48/1",DETERMINISTIC,KEEP,"Physical material, merchandise, food or tool",,0,0,0,0,0,0,False,0.0,3505.0
186,186,LENNOX I3 SEER 12 K BTU,consu,consu,True,True,True,True,Ferretería,,True,category=Ferretería; normalized=lennox i3 seer 12 k btu,HIGH_CONFIDENCE,KEEP,Already Goods and name is not a service,,0,0,0,0,0,0,False,0.0,65000.0
1008,1008,"LENNOX Inverte 12,000 BTU SEER 18",consu,consu,True,True,True,True,Ferretería,,True,category=Ferretería; normalized=lennox inverte 12 000 btu seer 18,HIGH_CONFIDENCE,KEEP,Already Goods and name is not a service,,0,0,0,0,0,0,False,0.0,52000.0
515,515,LENTE Seguridad Transparente,consu,consu,True,True,True,True,Ferretería,,True,category=Ferretería; normalized=lente seguridad transparente,HIGH_CONFIDENCE,KEEP,Already Goods and name is not a service,,0,0,0,0,0,0,False,0.0,140.0
508,508,LEY 686,consu,consu,True,True,True,True,Ferretería,,True,category=Ferretería; normalized=ley 686,HIGH_CONFIDENCE,KEEP,Already Goods and name is not a service,,0,0,0,0,0,0,False,0.0,11462.81
1436,1436,Libreta Marilla 8½x 11 Plg,consu,consu,True,True,True,True,Ferretería,,True,category=Ferretería; normalized=libreta marilla 81 2x 11 plg,HIGH_CONFIDENCE,KEEP,Already Goods and name is not a service,,0,0,0,0,0,0,False,0.0,245.0
355,355,Libreta RAYADA Amarilla 50 HOJAS Artesco 5x8,consu,consu,True,True,True,True,Ferretería,,True,category=Ferretería; normalized=libreta rayada amarilla 50 hojas artesco 5x8,HIGH_CONFIDENCE,KEEP,Already Goods and name is not a service,,0,0,0,0,0,0,False,0.0,245.0
1181,1181,Libreta RAYADA Amarilla 50 HOJAS Artesco 5x8 Plg,consu,consu,True,True,True,True,Ferretería,,True,category=Ferretería; normalized=libreta rayada amarilla 50 hojas artesco 5x8 plg,HIGH_CONFIDENCE,KEEP,Already Goods and name is not a service,,0,0,0,0,0,0,False,0.0,74.0
1180,1180,Libreta RAYADA Amarilla 50 HOJAS Artesco 8½x 11 Plg,consu,consu,True,True,True,True,Ferretería,,True,category=Ferretería; normalized=libreta rayada amarilla 50 hojas artesco 81 2x 11 plg,HIGH_CONFIDENCE,KEEP,Already Goods and name is not a service,,0,0,0,0,0,0,False,0.0,140.0
1437,1437,Libreta RAYADA Amarilla 5x8 Plg,consu,consu,True,True,True,True,Ferretería,,True,category=Ferretería; normalized=libreta rayada amarilla 5x8 plg,HIGH_CONFIDENCE,KEEP,Already Goods and name is not a service,,0,0,0,0,0,0,False,0.0,115.0
354,354,Libreta RAYADA Marilla 50 HOJAS Artesco 8½x 11,consu,consu,True,True,True,True,Ferretería,,True,category=Ferretería; normalized=libreta rayada marilla 50 hojas artesco 81 2x 11,HIGH_CONFIDENCE,KEEP,Already Goods and name is not a service,,0,0,0,0,0,0,False,0.0,296.0
1541,1541,Licuadora DAIWA 3 VEL 550W 1.25L,consu,consu,True,True,True,True,Electrodomésticos,,True,category=Electrodomésticos; normalized=licuadora daiwa 3 vel 550w 1.25l,DETERMINISTIC,KEEP,"Physical material, merchandise, food or tool",,0,0,0,0,0,0,False,0.0,1998.3
156,156,LICUADORA DAIWA 3 VEL 600W 1.25L,consu,consu,True,True,False,True,,,True,invoice_lines=1; normalized=licuadora daiwa 3 vel 600w 1.25l,DETERMINISTIC,FIX_PURCHASE_OK,"Physical material, merchandise, food or tool",,0,0,1,0,0,0,False,0.0,2668.0
57,57,LICUADORA DISCOVERY HOME 3-5 VEL 600W 1.5 LITROS,consu,consu,True,True,False,True,,,True,invoice_lines=1; normalized=licuadora discovery home 3-5 vel 600w 1.5 litros,DETERMINISTIC,FIX_PURCHASE_OK,"Physical material, merchandise, food or tool",,0,0,1,0,0,0,False,0.0,2230.0
17,17,LICUADORA NINJA,consu,consu,True,True,False,True,,,True,invoice_lines=1; normalized=licuadora ninja,DETERMINISTIC,FIX_PURCHASE_OK,"Physical material, merchandise, food or tool",,0,0,1,0,0,0,False,0.0,7200.15
1585,1585,Licuadoras Discovery HOME 3-5 VEL 600W 1.25 LITROS,consu,consu,True,True,True,True,Electrodomésticos,,True,category=Electrodomésticos; normalized=licuadoras discovery home 3-5 vel 600w 1.25 litros,DETERMINISTIC,KEEP,"Physical material, merchandise, food or tool",,0,0,0,0,0,0,False,0.0,2230.0
466,466,LIJA AGUA Deerfos #120 CC768,consu,consu,True,True,True,True,Ferretería,,True,category=Ferretería; normalized=lija agua deerfos 120 cc768,HIGH_CONFIDENCE,KEEP,Already Goods and name is not a service,,0,0,0,0,0,0,False,0.0,125.0
524,524,LIJA AGUA Deerfos #220 AC768,consu,consu,True,True,True,True,Ferretería,,True,category=Ferretería; normalized=lija agua deerfos 220 ac768,HIGH_CONFIDENCE,KEEP,Already Goods and name is not a service,,0,0,0,0,0,0,False,0.0,130.0
465,465,LIJA AGUA Deerfos #240 AC768,consu,consu,True,True,True,True,Ferretería,,True,category=Ferretería; normalized=lija agua deerfos 240 ac768,HIGH_CONFIDENCE,KEEP,Already Goods and name is not a service,,0,0,0,0,0,0,False,0.0,68.5
641,641,Lija De Agua,consu,consu,True,True,True,True,Ferretería,,True,category=Ferretería; normalized=lija de agua,HIGH_CONFIDENCE,KEEP,Already Goods and name is not a service,,0,0,0,0,0,0,False,0.0,100.0
1350,1350,Lija De Agua No.120 Norton,consu,consu,True,True,True,True,Ferretería,,True,category=Ferretería; normalized=lija de agua no.120 norton,HIGH_CONFIDENCE,KEEP,Already Goods and name is not a service,,0,0,0,0,0,0,False,0.0,75.0
514,514,LIMA TRIANG P/sierra DE 8 4081 Bellota 10/1,consu,consu,True,True,True,True,Herramientas,,True,category=Herramientas; normalized=lima triang p/sierra de 8 4081 bellota 10/1,HIGH_CONFIDENCE,KEEP,Already Goods and name is not a service,,0,0,0,0,0,0,False,0.0,2040.0
413,413,LIMA Triangulada TRUPER,consu,consu,True,True,True,True,Herramientas,,True,category=Herramientas; normalized=lima triangulada truper,HIGH_CONFIDENCE,KEEP,Already Goods and name is not a service,,0,0,0,0,0,0,False,0.0,5760.0
1369,1369,Limpiador Fresh Coil,consu,consu,True,True,True,True,Ferretería,,True,category=Ferretería; normalized=limpiador fresh coil,HIGH_CONFIDENCE,KEEP,Already Goods and name is not a service,,0,0,0,0,0,0,False,0.0,1915.25
994,994,Limpieza Final,consu,consu,True,True,True,True,Ferretería,,True,category=Ferretería; normalized=limpieza final,HIGH_CONFIDENCE,KEEP,Already Goods and name is not a service,,0,0,0,0,0,0,False,0.0,8000.0
1327,1327,Limpieza Trampa De Grasa,consu,consu,True,True,True,True,Ferretería,,True,category=Ferretería; normalized=limpieza trampa de grasa,HIGH_CONFIDENCE,KEEP,Already Goods and name is not a service,,0,0,0,0,0,0,False,0.0,8500.0
1420,1420,"Linterna Led Recargable Para Cabeza Truper, Distancia De Luz 165m",consu,consu,True,True,True,True,Material eléctrico,,True,category=Material eléctrico; normalized=linterna led recargable para cabeza truper distancia de luz 165m,HIGH_CONFIDENCE,KEEP,Already Goods and name is not a service,,0,0,0,0,0,0,False,0.0,1995.9
1157,1157,Linterna Recargable 11 LED Rayovac,consu,consu,True,True,True,True,Material eléctrico,,True,category=Material eléctrico; normalized=linterna recargable 11 led rayovac,HIGH_CONFIDENCE,KEEP,Already Goods and name is not a service,,0,0,0,0,0,0,False,0.0,1680.0
1132,1132,Linterna Tactica POLICE FORCE J2 LED PFCL2F54,consu,consu,True,True,True,True,Material eléctrico,,True,category=Material eléctrico; normalized=linterna tactica police force j2 led pfcl2f54,HIGH_CONFIDENCE,KEEP,Already Goods and name is not a service,,0,0,0,0,0,0,False,0.0,2670.5
586,586,LLANA LISA M/madera (llm-6l) 15406 TRUPER,consu,consu,True,True,True,True,Herramientas,,True,category=Herramientas; normalized=llana lisa m/madera llm-6l 15406 truper,HIGH_CONFIDENCE,KEEP,Already Goods and name is not a service,,0,0,0,0,0,0,False,0.0,376.0
1415,1415,Llave Ajustable 12' 'truper,consu,consu,True,True,True,True,Herramientas,,True,category=Herramientas; normalized=llave ajustable 12 truper,HIGH_CONFIDENCE,KEEP,Already Goods and name is not a service,,0,0,0,0,0,0,False,0.0,1125.0
721,721,LLAVE Angular DE 1/2 X 3/8 DOBLE Eastman,consu,consu,True,True,True,True,Ferretería,,True,category=Ferretería; normalized=llave angular de 1/2 x 3/8 doble eastman,HIGH_CONFIDENCE,KEEP,Already Goods and name is not a service,,0,0,0,0,0,0,False,0.0,568.0
720,720,LLAVE Angular DE 1/2 X 3/8 Eastman,consu,consu,True,True,True,True,Ferretería,,True,category=Ferretería; normalized=llave angular de 1/2 x 3/8 eastman,HIGH_CONFIDENCE,KEEP,Already Goods and name is not a service,,0,0,0,0,0,0,False,0.0,593.0
79,79,LLAVE ANGULAR DOBLE 1/2X3/8X3/8 04326 EASTMAN,consu,consu,True,True,False,True,,,True,invoice_lines=1; normalized=llave angular doble 1/2x3/8x3/8 04326 eastman,HIGH_CONFIDENCE,FIX_PURCHASE_OK,Already Goods and name is not a service,,0,0,1,0,0,0,False,0.0,578.0
787,787,LLAVE Angular EASTAM 1/2'' X 3/8'',consu,consu,True,True,True,True,Ferretería,,True,category=Ferretería; normalized=llave angular eastam 1/2 x 3/8,HIGH_CONFIDENCE,KEEP,Already Goods and name is not a service,,0,0,0,0,0,0,False,0.0,475.0
789,789,LLAVE Angular EASTAM 1/2'' X 3/8'' X 13/8'',consu,consu,True,True,True,True,Ferretería,,True,category=Ferretería; normalized=llave angular eastam 1/2 x 3/8 x 13/8,HIGH_CONFIDENCE,KEEP,Already Goods and name is not a service,,0,0,0,0,0,0,False,0.0,550.0
724,724,LLAVE DE CHORRO 1/2 URREAS,consu,consu,True,True,True,True,Ferretería,,True,category=Ferretería; normalized=llave de chorro 1/2 urreas,HIGH_CONFIDENCE,KEEP,Already Goods and name is not a service,,0,0,0,0,0,0,False,0.0,775.0
723,723,LLAVE DE CHORRO 3/4 URREAS,consu,consu,True,True,True,True,Ferretería,,True,category=Ferretería; normalized=llave de chorro 3/4 urreas,HIGH_CONFIDENCE,KEEP,Already Goods and name is not a service,,0,0,0,0,0,0,False,0.0,775.0
788,788,LLAVE Empotrar NIBCO 1/2'' DE UN PUÑO URREA Original,consu,consu,True,True,True,True,Ferretería,,True,category=Ferretería; normalized=llave empotrar nibco 1/2 de un puno urrea original,HIGH_CONFIDENCE,KEEP,Already Goods and name is not a service,,0,0,0,0,0,0,False,0.0,5250.0
708,708,LLAVE Lavamanos Vikingo Cromada,consu,consu,True,True,True,True,Plomería,,True,category=Plomería; normalized=llave lavamanos vikingo cromada,DETERMINISTIC,KEEP,"Physical material, merchandise, food or tool",,0,0,0,0,0,0,False,0.0,1550.0
815,815,LLAVE PASO BOLA 1'',consu,consu,True,True,True,True,Ferretería,,True,category=Ferretería; normalized=llave paso bola 1,HIGH_CONFIDENCE,KEEP,Already Goods and name is not a service,,0,0,0,0,0,0,False,0.0,885.0
814,814,LLAVE PASO BOLA 3/4'',consu,consu,True,True,True,True,Ferretería,,True,category=Ferretería; normalized=llave paso bola 3/4,HIGH_CONFIDENCE,KEEP,Already Goods and name is not a service,,0,0,0,0,0,0,False,0.0,525.0
1376,1376,Llave P/lavamanos,consu,consu,True,True,True,True,Plomería,,True,category=Plomería; normalized=llave p/lavamanos,DETERMINISTIC,KEEP,"Physical material, merchandise, food or tool",,0,0,0,0,0,0,False,0.0,3050.0
736,736,LLAVE Sencilla P/LAV NIQ 1/2'' VK-0380 Vikingo,consu,consu,True,True,True,True,Ferretería,,True,category=Ferretería; normalized=llave sencilla p/lav niq 1/2 vk-0380 vikingo,HIGH_CONFIDENCE,KEEP,Already Goods and name is not a service,,0,0,0,0,0,0,False,0.0,1099.2
80,80,"LLAVE SENCILLA P/LAV NIQ 1/2"" VK-0380 VIKINGO",consu,consu,True,True,False,True,,,True,"invoice_lines=1; normalized=llave sencilla p/lav niq 1/2"" vk-0380 vikingo",HIGH_CONFIDENCE,FIX_PURCHASE_OK,Already Goods and name is not a service,,0,0,1,0,0,0,False,0.0,1099.2
582,582,LLAVE Stilson 12'' 50183 KENDO,consu,consu,True,True,True,True,Ferretería,,True,category=Ferretería; normalized=llave stilson 12 50183 kendo,HIGH_CONFIDENCE,KEEP,Already Goods and name is not a service,,0,0,0,0,0,0,False,0.0,462.0
1517,1517,Lockers Metalico DE 10 Puertas,consu,consu,True,True,True,True,Ferretería,,True,category=Ferretería; normalized=lockers metalico de 10 puertas,HIGH_CONFIDENCE,KEEP,Already Goods and name is not a service,,0,0,0,0,0,0,False,0.0,20067.79
758,758,LONA Asfaltica 3MM 1X10 MT,consu,consu,True,True,True,True,Ferretería,,True,category=Ferretería; normalized=lona asfaltica 3mm 1x10 mt,HIGH_CONFIDENCE,KEEP,Already Goods and name is not a service,,0,0,0,0,0,0,False,0.0,3540.0
878,878,(LONA PARA CUBRIR AREA ENTRE Furgones DE Electronica Y Mecanica PARA SOMBRA EN AREA DE,consu,consu,True,True,True,True,Ferretería,,True,category=Ferretería; normalized=lona para cubrir area entre furgones de electronica y mecanica para sombra en area de,HIGH_CONFIDENCE,KEEP,Already Goods and name is not a service,,0,0,0,0,0,0,False,0.0,225000.0
1312,1312,Longaniza,consu,consu,True,True,True,True,Ferretería,,True,category=Ferretería; normalized=longaniza,HIGH_CONFIDENCE,KEEP,Already Goods and name is not a service,,0,0,0,0,0,0,False,0.0,140.0
1260,1260,LYSOL Desinfectante SPRAY,consu,consu,True,True,True,True,Limpieza,,True,category=Limpieza; normalized=lysol desinfectante spray,HIGH_CONFIDENCE,KEEP,Already Goods and name is not a service,,0,0,0,0,0,0,False,0.0,525.0
365,365,MACETA TRUPER 4LB MD-4 16536,consu,consu,True,True,True,True,Herramientas,,True,category=Herramientas; normalized=maceta truper 4lb md-4 16536,HIGH_CONFIDENCE,KEEP,Already Goods and name is not a service,,0,0,0,0,0,0,False,0.0,2250.0
1152,1152,Machete PULIDO Estandar CACHA Naranja TRUPER,consu,consu,True,True,True,True,Herramientas,,True,category=Herramientas; normalized=machete pulido estandar cacha naranja truper,HIGH_CONFIDENCE,KEEP,Already Goods and name is not a service,,0,0,0,0,0,0,False,0.0,1035.0
676,676,MADERA Americana 1 X 10 X 14,consu,consu,True,True,True,True,Ferretería,,True,category=Ferretería; normalized=madera americana 1 x 10 x 14,HIGH_CONFIDENCE,KEEP,Already Goods and name is not a service,,0,0,0,0,0,0,False,0.0,1265.0
448,448,MADERA BRUTA Americana 1 X 10 X 14,consu,consu,True,True,True,True,Ferretería,,True,category=Ferretería; normalized=madera bruta americana 1 x 10 x 14,HIGH_CONFIDENCE,KEEP,Already Goods and name is not a service,,0,0,0,0,0,0,False,0.0,1140.0
636,636,Madera Bruta Pino Americano 1x2'' De 2.10 Mt,consu,consu,True,True,True,True,Ferretería,,True,category=Ferretería; normalized=madera bruta pino americano 1x2 de 2.10 mt,HIGH_CONFIDENCE,KEEP,Already Goods and name is not a service,,0,0,0,0,0,0,False,0.0,450.0
1505,1505,MADERA Chilena 1/2X6X12,consu,consu,True,True,True,True,Ferretería,,True,category=Ferretería; normalized=madera chilena 1/2x6x12,HIGH_CONFIDENCE,KEEP,Already Goods and name is not a service,,0,0,0,0,0,0,False,0.0,86.22
1523,1523,MAIZ DULCE Rodrigo 15 OZ 24/1,consu,consu,True,True,True,True,Ferretería,,True,category=Ferretería; normalized=maiz dulce rodrigo 15 oz 24/1,HIGH_CONFIDENCE,KEEP,Already Goods and name is not a service,,0,0,0,0,0,0,False,0.0,1200.0
587,587,MALLA 6X50-C9,consu,consu,True,True,True,True,Ferretería,,True,category=Ferretería; normalized=malla 6x50-c9,HIGH_CONFIDENCE,KEEP,Already Goods and name is not a service,,0,0,0,0,0,0,False,0.0,16095.5
784,784,MALLA Ciclonica 6X50″ C-29,consu,consu,True,True,True,True,Ferretería,,True,category=Ferretería; normalized=malla ciclonica 6x50 c-29,HIGH_CONFIDENCE,KEEP,Already Goods and name is not a service,,0,0,0,0,0,0,False,0.0,12458.85
626,626,MALLA Elect/s D2.5X D2.5X20X20 ROLLO 40MT/ 2.74 QQ Generico,consu,consu,True,True,True,True,Ferretería,,True,category=Ferretería; normalized=malla elect/s d2.5x d2.5x20x20 rollo 40mt/ 2.74 qq generico,HIGH_CONFIDENCE,KEEP,Already Goods and name is not a service,,0,0,0,0,0,0,False,0.0,12113.6
623,623,MALLA Senalizacion MAMEY 4'x100' BFW4100E Griprite,consu,consu,True,True,True,True,Ferretería,,True,category=Ferretería; normalized=malla senalizacion mamey 4 x100 bfw4100e griprite,HIGH_CONFIDENCE,KEEP,Already Goods and name is not a service,,0,0,0,0,0,0,False,0.0,2864.0
588,588,Mandarria C/mango 16 LBS MD-16M TRUPER,consu,consu,True,True,True,True,Herramientas,,True,category=Herramientas; normalized=mandarria c/mango 16 lbs md-16m truper,HIGH_CONFIDENCE,KEEP,Already Goods and name is not a service,,0,0,0,0,0,0,False,0.0,3643.0
181,181,Manejadora De 5ton,consu,consu,True,True,True,True,Ferretería,,True,category=Ferretería; normalized=manejadora de 5ton,HIGH_CONFIDENCE,KEEP,Already Goods and name is not a service,,0,0,0,0,0,0,False,0.0,9500.0
187,187,"Manejadora Inverter 60,000 BTU",consu,consu,True,True,True,True,Ferretería,,True,category=Ferretería; normalized=manejadora inverter 60 000 btu,HIGH_CONFIDENCE,KEEP,Already Goods and name is not a service,,0,0,0,0,0,0,False,0.0,190000.0
794,794,Manguera Inodoro EASTAM 320'',consu,consu,True,True,True,True,Plomería,,True,category=Plomería; normalized=manguera inodoro eastam 320,DETERMINISTIC,KEEP,"Physical material, merchandise, food or tool",,0,0,0,0,0,0,False,0.0,400.0
709,709,Manguera Lavamanos EASTAM 1/2''x30,consu,consu,True,True,True,True,Plomería,,True,category=Plomería; normalized=manguera lavamanos eastam 1/2 x30,DETERMINISTIC,KEEP,"Physical material, merchandise, food or tool",,0,0,0,0,0,0,False,0.0,435.0
468,468,MANIJA TIPO PUNO PARA ATAUD,consu,consu,True,True,True,True,Ferretería,,True,category=Ferretería; normalized=manija tipo puno para ataud,HIGH_CONFIDENCE,KEEP,Already Goods and name is not a service,,0,0,0,0,0,0,False,0.0,730.0
800,800,Manometro G/glicerina Genebre 1/4'',consu,consu,True,True,True,True,Ferretería,,True,category=Ferretería; normalized=manometro g/glicerina genebre 1/4,HIGH_CONFIDENCE,KEEP,Already Goods and name is not a service,,0,0,0,0,0,0,False,0.0,610.0
1360,1360,Manómetro Para 410,consu,consu,True,True,True,True,Ferretería,,True,category=Ferretería; normalized=manometro para 410,HIGH_CONFIDENCE,KEEP,Already Goods and name is not a service,,0,0,0,0,0,0,False,0.0,3135.94
1359,1359,Manómetro Para Gas 22,consu,consu,True,True,True,True,Ferretería,,True,category=Ferretería; normalized=manometro para gas 22,HIGH_CONFIDENCE,KEEP,Already Goods and name is not a service,,0,0,0,0,0,0,False,0.0,3024.05
436,436,Manometro P/bomba DE AGUA 0-100PSI,consu,consu,True,True,True,True,Ferretería,,True,category=Ferretería; normalized=manometro p/bomba de agua 0-100psi,HIGH_CONFIDENCE,KEEP,Already Goods and name is not a service,,0,0,0,0,0,0,False,0.0,650.0
1321,1321,MANTEL BLANCO,consu,consu,True,True,True,True,Ferretería,,True,category=Ferretería; normalized=mantel blanco,HIGH_CONFIDENCE,KEEP,Already Goods and name is not a service,,0,0,0,0,0,0,False,0.0,1050.0
690,690,Manubrio P/ ATAUD,consu,consu,True,True,True,True,Ferretería,,True,category=Ferretería; normalized=manubrio p/ ataud,HIGH_CONFIDENCE,KEEP,Already Goods and name is not a service,,0,0,0,0,0,0,False,0.0,752.0
1165,1165,"MAPA DE RD Actualizado AL 2025 FULL COLOR , 48'' X 60'', SUELTO EN BANNER C/estuche",consu,consu,True,True,True,True,Ferretería,,True,category=Ferretería; normalized=mapa de rd actualizado al 2025 full color 48 x 60 suelto en banner c/estuche,HIGH_CONFIDENCE,KEEP,Already Goods and name is not a service,,0,0,0,0,0,0,False,0.0,17845.0
1361,1361,Map Gas Para Soldadura,consu,consu,True,True,True,True,Ferretería,,True,category=Ferretería; normalized=map gas para soldadura,HIGH_CONFIDENCE,KEEP,Already Goods and name is not a service,,0,0,0,0,0,0,False,0.0,1050.75
855,855,Marcadores De Páginas Set De Colores Varios (44x12mm),consu,consu,True,True,True,True,Ferretería,,True,category=Ferretería; normalized=marcadores de paginas set de colores varios 44x12mm,HIGH_CONFIDENCE,KEEP,Already Goods and name is not a service,,0,0,0,0,0,0,False,0.0,20.0
935,935,Marcadores De Pizarra Stabilo AZUL 24X12,consu,consu,True,True,True,True,Ferretería,,True,category=Ferretería; normalized=marcadores de pizarra stabilo azul 24x12,HIGH_CONFIDENCE,KEEP,Already Goods and name is not a service,,0,0,0,0,0,0,False,0.0,145.0
934,934,Marcadores De Pizarra Stabilo NEGRO 24X12,consu,consu,True,True,True,True,Ferretería,,True,category=Ferretería; normalized=marcadores de pizarra stabilo negro 24x12,HIGH_CONFIDENCE,KEEP,Already Goods and name is not a service,,0,0,0,0,0,0,False,0.0,145.0
936,936,Marcadores De Pizarra Stabilo ROJO 24X12,consu,consu,True,True,True,True,Ferretería,,True,category=Ferretería; normalized=marcadores de pizarra stabilo rojo 24x12,HIGH_CONFIDENCE,KEEP,Already Goods and name is not a service,,0,0,0,0,0,0,False,0.0,145.0
1146,1146,Marcadores Permanentes Pelikan,consu,consu,True,True,True,True,Ferretería,,True,category=Ferretería; normalized=marcadores permanentes pelikan,HIGH_CONFIDENCE,KEEP,Already Goods and name is not a service,,0,0,0,0,0,0,False,0.0,58.0
1089,1089,MARCO DE Segueta,consu,consu,True,True,True,True,Ferretería,,True,category=Ferretería; normalized=marco de segueta,HIGH_CONFIDENCE,KEEP,Already Goods and name is not a service,,0,0,0,0,0,0,False,0.0,690.0
485,485,MARCO DE Segueta TRUPER,consu,consu,True,True,True,True,Herramientas,,True,category=Herramientas; normalized=marco de segueta truper,HIGH_CONFIDENCE,KEEP,Already Goods and name is not a service,,0,0,0,0,0,0,False,0.0,650.06
961,961,Martillo M/fibra KENDO,consu,consu,True,True,True,True,Herramientas,,True,category=Herramientas; normalized=martillo m/fibra kendo,HIGH_CONFIDENCE,KEEP,Already Goods and name is not a service,,0,0,0,0,0,0,False,0.0,815.85
1090,1090,Martillo TRUPER 07OZ MA-7,consu,consu,True,True,True,True,Herramientas,,True,category=Herramientas; normalized=martillo truper 07oz ma-7,HIGH_CONFIDENCE,KEEP,Already Goods and name is not a service,,0,0,0,0,0,0,False,0.0,850.61
482,482,Martillo TRUPER 07OZ MA-7 16750,consu,consu,True,True,True,True,Herramientas,,True,category=Herramientas; normalized=martillo truper 07oz ma-7 16750,HIGH_CONFIDENCE,KEEP,Already Goods and name is not a service,,0,0,0,0,0,0,False,0.0,823.28
1091,1091,Martillo TRUPER 16OZ MAR-16,consu,consu,True,True,True,True,Herramientas,,True,category=Herramientas; normalized=martillo truper 16oz mar-16,HIGH_CONFIDENCE,KEEP,Already Goods and name is not a service,,0,0,0,0,0,0,False,0.0,899.2
481,481,Martillo TRUPER 16OZ MAR-16 19710,consu,consu,True,True,True,True,Herramientas,,True,category=Herramientas; normalized=martillo truper 16oz mar-16 19710,HIGH_CONFIDENCE,KEEP,Already Goods and name is not a service,,0,0,0,0,0,0,False,0.0,985.0
1122,1122,Mascarilla CON FILTRO DOBLE Pretul/truper,consu,consu,True,True,True,True,Herramientas,,True,category=Herramientas; normalized=mascarilla con filtro doble pretul/truper,HIGH_CONFIDENCE,KEEP,Already Goods and name is not a service,,0,0,0,0,0,0,False,0.0,2842.0
405,405,Mascarilla CON FILTRO DOBLE RES-PP P/ Pintura TRUPER,consu,consu,True,True,True,True,Pinturas,,True,category=Pinturas; normalized=mascarilla con filtro doble res-pp p/ pintura truper,DETERMINISTIC,KEEP,"Physical material, merchandise, food or tool",,0,0,0,0,0,0,False,0.0,4125.0
529,529,Mascarilla CON FILTRO DOBLE TRUPER,consu,consu,True,True,True,True,Herramientas,,True,category=Herramientas; normalized=mascarilla con filtro doble truper,HIGH_CONFIDENCE,KEEP,Already Goods and name is not a service,,0,0,0,0,0,0,False,0.0,4545.0
1123,1123,Mascarilla Desechables KN95,consu,consu,True,True,True,True,Ferretería,,True,category=Ferretería; normalized=mascarilla desechables kn95,HIGH_CONFIDENCE,KEEP,Already Goods and name is not a service,,0,0,0,0,0,0,False,0.0,65.0
406,406,Mascarilla KN95,consu,consu,True,True,True,True,Ferretería,,True,category=Ferretería; normalized=mascarilla kn95,HIGH_CONFIDENCE,KEEP,Already Goods and name is not a service,,0,0,0,0,0,0,False,0.0,45.0
471,471,Mascarilla Respirador PARA Particulas,consu,consu,True,True,True,True,Ferretería,,True,category=Ferretería; normalized=mascarilla respirador para particulas,HIGH_CONFIDENCE,KEEP,Already Goods and name is not a service,,0,0,0,0,0,0,False,0.0,320.0
1550,1550,Masilla Acrilica De Pared Lanco 1/4 Caja 6/1,consu,consu,True,True,True,True,Mobiliario,,True,category=Mobiliario; normalized=masilla acrilica de pared lanco 1/4 caja 6/1,HIGH_CONFIDENCE,KEEP,Already Goods and name is not a service,,0,0,0,0,0,0,False,0.0,1355.93
1582,1582,Masilla LANCO,consu,consu,True,True,True,True,Mobiliario,,True,category=Mobiliario; normalized=masilla lanco,HIGH_CONFIDENCE,KEEP,Already Goods and name is not a service,,0,0,0,0,0,0,False,0.0,1250.0
1323,1323,MASITA DE CERDO,consu,consu,True,True,True,True,Ferretería,,True,category=Ferretería; normalized=masita de cerdo,HIGH_CONFIDENCE,KEEP,Already Goods and name is not a service,,0,0,0,0,0,0,False,0.0,145.0
1104,1104,Masking TAPE BLANCO,consu,consu,True,True,True,True,Ferretería,,True,category=Ferretería; normalized=masking tape blanco,HIGH_CONFIDENCE,KEEP,Already Goods and name is not a service,,0,0,0,0,0,0,False,0.0,1440.0
1204,1204,Masking TAPE BYP VERDE 3/4'' X25 Mts 3M,consu,consu,True,True,True,True,Ferretería,,True,category=Ferretería; normalized=masking tape byp verde 3/4 x25 mts 3m,HIGH_CONFIDENCE,KEEP,Already Goods and name is not a service,,0,0,0,0,0,0,False,0.0,285.4
640,640,Material,consu,consu,True,True,True,True,Ferretería,,True,category=Ferretería; normalized=material,HIGH_CONFIDENCE,KEEP,Already Goods and name is not a service,,0,0,0,0,0,0,False,0.0,3000.0
1410,1410,Mecha Irwin 1/2x6 Metal,consu,consu,True,True,True,True,Ferretería,,True,category=Ferretería; normalized=mecha irwin 1/2x6 metal,HIGH_CONFIDENCE,KEEP,Already Goods and name is not a service,,0,0,0,0,0,0,False,0.0,1150.0
593,593,Medidor Distancia LASER 60MT 35532 KENDO,consu,consu,True,True,True,True,Ferretería,,True,category=Ferretería; normalized=medidor distancia laser 60mt 35532 kendo,HIGH_CONFIDENCE,KEEP,Already Goods and name is not a service,,0,0,0,0,0,0,False,0.0,2398.4
1154,1154,Megafono DE MANO 25W Grabadora Y BAT Recargable,consu,consu,True,True,True,True,Ferretería,,True,category=Ferretería; normalized=megafono de mano 25w grabadora y bat recargable,HIGH_CONFIDENCE,KEEP,Already Goods and name is not a service,,0,0,0,0,0,0,False,0.0,4692.82
131,131,MEMBRANA ASFALTICA ITALIANA FIBRA VIDRIO 2.5MM,consu,consu,True,True,False,True,,,True,invoice_lines=1; normalized=membrana asfaltica italiana fibra vidrio 2.5mm,HIGH_CONFIDENCE,FIX_PURCHASE_OK,Already Goods and name is not a service,,0,0,1,0,0,0,False,0.0,6956.0
1273,1273,"Memoria RAM 16GB (1x16gb) Kingston, Pc/desktop, DDR4, 3200mhz, NON ECC, (kcp432nd8/16)",consu,consu,True,True,True,True,Ferretería,,True,category=Ferretería; normalized=memoria ram 16gb 1x16gb kingston pc/desktop ddr4 3200mhz non ecc kcp432nd8/16,HIGH_CONFIDENCE,KEEP,Already Goods and name is not a service,,0,0,0,0,0,0,False,0.0,18735.59
18,18,MESA DE MANICURA PROFESIONAL,consu,consu,True,True,False,True,,,True,invoice_lines=1; normalized=mesa de manicura profesional,HIGH_CONFIDENCE,FIX_PURCHASE_OK,Already Goods and name is not a service,,0,0,1,0,0,0,False,0.0,5200.0
1245,1245,MESA DE NOCHE Imnovamed,consu,consu,True,True,True,True,Mobiliario,,True,category=Mobiliario; normalized=mesa de noche imnovamed,HIGH_CONFIDENCE,KEEP,Already Goods and name is not a service,,0,0,0,0,0,0,False,0.0,10754.0
1514,1514,MESA DE Trabajo 220 Cm X 90 Cm X 73cm IRON MASTER,consu,consu,True,True,True,True,Mobiliario,,True,category=Mobiliario; normalized=mesa de trabajo 220 cm x 90 cm x 73cm iron master,HIGH_CONFIDENCE,KEEP,Already Goods and name is not a service,,0,0,0,0,0,0,False,0.0,53559.32
809,809,Mezcladora BAÑERA Monomando Aquavita,consu,consu,True,True,True,True,Ferretería,,True,category=Ferretería; normalized=mezcladora banera monomando aquavita,HIGH_CONFIDENCE,KEEP,Already Goods and name is not a service,,0,0,0,0,0,0,False,0.0,4950.0
808,808,Mezcladora Fregadero URREA T/nibco,consu,consu,True,True,True,True,Ferretería,,True,category=Ferretería; normalized=mezcladora fregadero urrea t/nibco,HIGH_CONFIDENCE,KEEP,Already Goods and name is not a service,,0,0,0,0,0,0,False,0.0,7000.0
786,786,Mezcladora P/lavamanos Monomando UREA,consu,consu,True,True,True,True,Plomería,,True,category=Plomería; normalized=mezcladora p/lavamanos monomando urea,DETERMINISTIC,KEEP,"Physical material, merchandise, food or tool",,0,0,0,0,0,0,False,0.0,5450.0
71,71,MEZCLADORA P/LAV MONOMANDO 1H T-4119 AQUAVITA,consu,consu,True,True,False,True,,,True,invoice_lines=1; normalized=mezcladora p/lav monomando 1h t-4119 aquavita,HIGH_CONFIDENCE,FIX_PURCHASE_OK,Already Goods and name is not a service,,0,0,1,0,0,0,False,0.0,3090.0
1117,1117,MEZCLA PAÑETE 42.5 KG/94 LB,consu,consu,True,True,True,True,Ferretería,,True,category=Ferretería; normalized=mezcla panete 42.5 kg/94 lb,HIGH_CONFIDENCE,KEEP,Already Goods and name is not a service,,0,0,0,0,0,0,False,0.0,585.0
1576,1576,Microonda 21 L American 700-900 VATIOS,consu,consu,True,True,True,True,Ferretería,,True,category=Ferretería; normalized=microonda 21 l american 700-900 vatios,DETERMINISTIC,KEEP,"Physical material, merchandise, food or tool",,0,0,0,0,0,0,False,0.0,8574.0
58,58,MICROONDA 21 L TECNOMASTER 700-900 VATIOS,consu,consu,True,True,False,True,,,True,invoice_lines=1; normalized=microonda 21 l tecnomaster 700-900 vatios,DETERMINISTIC,FIX_PURCHASE_OK,"Physical material, merchandise, food or tool",,0,0,1,0,0,0,False,0.0,7266.1
1547,1547,Microondas American HMG-70 | 21 Litros,consu,consu,True,True,True,True,Electrodomésticos,,True,category=Electrodomésticos; normalized=microondas american hmg-70 21 litros,DETERMINISTIC,KEEP,"Physical material, merchandise, food or tool",,0,0,0,0,0,0,False,0.0,6906.93
1542,1542,Microondas Digital Whirlpool 0.9' Ft,consu,consu,True,True,True,True,Electrodomésticos,,True,category=Electrodomésticos; normalized=microondas digital whirlpool 0.9 ft,DETERMINISTIC,KEEP,"Physical material, merchandise, food or tool",,0,0,0,0,0,0,False,0.0,8002.09
1103,1103,MINI PORTA ROLO,consu,consu,True,True,True,True,Ferretería,,True,category=Ferretería; normalized=mini porta rolo,HIGH_CONFIDENCE,KEEP,Already Goods and name is not a service,,0,0,0,0,0,0,False,0.0,205.0
766,766,MINI PORTA ROLO CON JAULA,consu,consu,True,True,True,True,Ferretería,,True,category=Ferretería; normalized=mini porta rolo con jaula,HIGH_CONFIDENCE,KEEP,Already Goods and name is not a service,,0,0,0,0,0,0,False,0.0,178.0
385,385,Minirolo CON MOTA 2,consu,consu,True,True,True,True,Ferretería,,True,category=Ferretería; normalized=minirolo con mota 2,HIGH_CONFIDENCE,KEEP,Already Goods and name is not a service,,0,0,0,0,0,0,False,0.0,338.0
1445,1445,Minirolo DE 2'',consu,consu,True,True,True,True,Ferretería,,True,category=Ferretería; normalized=minirolo de 2,HIGH_CONFIDENCE,KEEP,Already Goods and name is not a service,,0,0,0,0,0,0,False,0.0,370.0
1391,1391,Minirolos Con Base,consu,consu,True,True,True,True,Ferretería,,True,category=Ferretería; normalized=minirolos con base,HIGH_CONFIDENCE,KEEP,Already Goods and name is not a service,,0,0,0,0,0,0,False,0.0,320.0
1459,1459,Mocheta Muro,consu,consu,True,True,True,True,Ferretería,,True,category=Ferretería; normalized=mocheta muro,HIGH_CONFIDENCE,KEEP,Already Goods and name is not a service,,0,0,0,0,0,0,False,0.0,25935.0
633,633,Mocheta Y Canto (1 Hueco),consu,consu,True,True,True,True,Ferretería,,True,category=Ferretería; normalized=mocheta y canto 1 hueco,HIGH_CONFIDENCE,KEEP,Already Goods and name is not a service,,0,0,0,0,0,0,False,0.0,7865.61
503,503,Mocheta Y Canto Muro (pandereta) En Sheetrock,consu,consu,True,True,True,True,Ferretería,,True,category=Ferretería; normalized=mocheta y canto muro pandereta en sheetrock,HIGH_CONFIDENCE,KEEP,Already Goods and name is not a service,,0,0,0,0,0,0,False,0.0,1050.0
1271,1271,"Monitor AOC 27"" 27G4H, Gaming, FHD (1920 X 1080) 200HZ, PANEL FAST IPS, 0.3 MS,",consu,consu,True,True,True,True,Tecnología,,True,"category=Tecnología; normalized=monitor aoc 27"" 27g4h gaming fhd 1920 x 1080 200hz panel fast ips 0.3 ms",HIGH_CONFIDENCE,KEEP,Already Goods and name is not a service,,0,0,0,0,0,0,False,0.0,14342.0
1013,1013,Monomando LAVAM SML,consu,consu,True,True,True,True,Ferretería,,True,category=Ferretería; normalized=monomando lavam sml,HIGH_CONFIDENCE,KEEP,Already Goods and name is not a service,,0,0,0,0,0,0,False,0.0,1560.0
589,589,Mortero P/panete NORMAL100L P.50 NORMAL (A-12) Antillana,consu,consu,True,True,True,True,Ferretería,,True,category=Ferretería; normalized=mortero p/panete normal100l p.50 normal a-12 antillana,HIGH_CONFIDENCE,KEEP,Already Goods and name is not a service,,0,0,0,0,0,0,False,0.0,417.6
965,965,MOTA 6'' Anti-gota LANCO,consu,consu,True,True,True,True,Ferretería,,True,category=Ferretería; normalized=mota 6 anti-gota lanco,HIGH_CONFIDENCE,KEEP,Already Goods and name is not a service,,0,0,0,0,0,0,False,0.0,372.78
658,658,MOTA 9'',consu,consu,True,True,True,True,Ferretería,,True,category=Ferretería; normalized=mota 9,HIGH_CONFIDENCE,KEEP,Already Goods and name is not a service,,0,0,0,0,0,0,False,0.0,225.0
765,765,MOTA Antigota NO. 4'',consu,consu,True,True,True,True,Ferretería,,True,category=Ferretería; normalized=mota antigota no. 4,HIGH_CONFIDENCE,KEEP,Already Goods and name is not a service,,0,0,0,0,0,0,False,0.0,65.0
1344,1344,Mota Anti-goteo 10mm,consu,consu,True,True,True,True,Ferretería,,True,category=Ferretería; normalized=mota anti-goteo 10mm,HIGH_CONFIDENCE,KEEP,Already Goods and name is not a service,,0,0,0,0,0,0,False,0.0,540.0
762,762,MOTA ATLAS 1 1/4 BLANCA 723/200,consu,consu,True,True,True,True,Ferretería,,True,category=Ferretería; normalized=mota atlas 1 1/4 blanca 723/200,HIGH_CONFIDENCE,KEEP,Already Goods and name is not a service,,0,0,0,0,0,0,False,0.0,147.0
128,128,"MOTA LANCO 9""X1 1/4""",consu,consu,True,True,False,True,,,True,"invoice_lines=1; normalized=mota lanco 9""x1 1/4""",HIGH_CONFIDENCE,FIX_PURCHASE_OK,Already Goods and name is not a service,,0,0,1,0,0,0,False,0.0,422.0
756,756,MOTA LANCO 9''X1 1/4'',consu,consu,True,True,True,True,Ferretería,,True,category=Ferretería; normalized=mota lanco 9 x1 1/4,HIGH_CONFIDENCE,KEEP,Already Goods and name is not a service,,0,0,0,0,0,0,False,0.0,422.0
738,738,MOTA Microfibra 9'' X 3/8'' FAN89 BYP,consu,consu,True,True,True,True,Ferretería,,True,category=Ferretería; normalized=mota microfibra 9 x 3/8 fan89 byp,HIGH_CONFIDENCE,KEEP,Already Goods and name is not a service,,0,0,0,0,0,0,False,0.0,105.98
85,85,"MOTA MICROFIBRA 9"" X 3/8"" FAN89 BYP",consu,consu,True,True,False,True,,,True,"invoice_lines=1; normalized=mota microfibra 9"" x 3/8"" fan89 byp",HIGH_CONFIDENCE,FIX_PURCHASE_OK,Already Goods and name is not a service,,0,0,1,0,0,0,False,0.0,105.98
1003,1003,MOTA ROLO 4,consu,consu,True,True,True,True,Ferretería,,True,category=Ferretería; normalized=mota rolo 4,HIGH_CONFIDENCE,KEEP,Already Goods and name is not a service,,0,0,0,0,0,0,False,0.0,220.0
386,386,MOTA ROLO Antigota 4,consu,consu,True,True,True,True,Ferretería,,True,category=Ferretería; normalized=mota rolo antigota 4,HIGH_CONFIDENCE,KEEP,Already Goods and name is not a service,,0,0,0,0,0,0,False,0.0,210.0
1202,1202,MOTA RUGOSA 23cm PELO Sintetico TRUPER,consu,consu,True,True,True,True,Herramientas,,True,category=Herramientas; normalized=mota rugosa 23cm pelo sintetico truper,HIGH_CONFIDENCE,KEEP,Already Goods and name is not a service,,0,0,0,0,0,0,False,0.0,950.0
235,235,MOTAS Antigotas 9'' EM,consu,consu,True,True,True,True,Ferretería,,True,category=Ferretería; normalized=motas antigotas 9 em,HIGH_CONFIDENCE,KEEP,Already Goods and name is not a service,,0,0,0,0,0,0,False,0.0,180.0
1002,1002,MOTAS DE ROLO 9'',consu,consu,True,True,True,True,Ferretería,,True,category=Ferretería; normalized=motas de rolo 9,HIGH_CONFIDENCE,KEEP,Already Goods and name is not a service,,0,0,0,0,0,0,False,0.0,175.0
382,382,MOTAS DE ROLO PARA PINTAR 9'',consu,consu,True,True,True,True,Ferretería,,True,category=Ferretería; normalized=motas de rolo para pintar 9,HIGH_CONFIDENCE,KEEP,Already Goods and name is not a service,,0,0,0,0,0,0,False,0.0,190.0
1005,1005,"Motosierra 18"" 45.7CC 2.82HP Husqvarna",consu,consu,True,True,True,True,Herramientas,,True,"category=Herramientas; normalized=motosierra 18"" 45.7cc 2.82hp husqvarna",HIGH_CONFIDENCE,KEEP,Already Goods and name is not a service,,0,0,0,0,0,0,False,0.0,74545.81
1150,1150,Motosierra 18”48cc 2.4hp Gasoli. 2T,consu,consu,True,True,True,True,Herramientas,,True,category=Herramientas; normalized=motosierra 18 48cc 2.4hp gasoli. 2t,HIGH_CONFIDENCE,KEEP,Already Goods and name is not a service,,0,0,0,0,0,0,False,0.0,34828.23
1006,1006,"Motosierra 20"" 59.8CC 4.3HP Husqvarna",consu,consu,True,True,True,True,Herramientas,,True,"category=Herramientas; normalized=motosierra 20"" 59.8cc 4.3hp husqvarna",HIGH_CONFIDENCE,KEEP,Already Goods and name is not a service,,0,0,0,0,0,0,False,0.0,113562.51
1007,1007,"Motosierra 24"" 94CC 6.6HP S/cadena Husqvarna",consu,consu,True,True,True,True,Herramientas,,True,"category=Herramientas; normalized=motosierra 24"" 94cc 6.6hp s/cadena husqvarna",HIGH_CONFIDENCE,KEEP,Already Goods and name is not a service,,0,0,0,0,0,0,False,0.0,217011.47
1011,1011,MUEBLE BAÑO MDF BLANCO + LAV,consu,consu,True,True,True,True,Ferretería,,True,category=Ferretería; normalized=mueble bano mdf blanco lav,HIGH_CONFIDENCE,KEEP,Already Goods and name is not a service,,0,0,0,0,0,0,False,0.0,22055.0
1045,1045,Multimetro Digital TRUPER MUT-202,consu,consu,True,True,True,True,Herramientas,,True,category=Herramientas; normalized=multimetro digital truper mut-202,HIGH_CONFIDENCE,KEEP,Already Goods and name is not a service,,0,0,0,0,0,0,False,0.0,4400.0
1458,1458,Muro En Sheetrock,consu,consu,True,True,True,True,Ferretería,,True,category=Ferretería; normalized=muro en sheetrock,HIGH_CONFIDENCE,KEEP,Already Goods and name is not a service,,0,0,0,0,0,0,False,0.0,649750.0
502,502,Muro (pandereta) En Sheetrock,consu,consu,True,True,True,True,Ferretería,,True,category=Ferretería; normalized=muro pandereta en sheetrock,HIGH_CONFIDENCE,KEEP,Already Goods and name is not a service,,0,0,0,0,0,0,False,0.0,2100.0
1417,1417,Navaja Plastica Pretul 22405,consu,consu,True,True,True,True,Ferretería,,True,category=Ferretería; normalized=navaja plastica pretul 22405,HIGH_CONFIDENCE,KEEP,Already Goods and name is not a service,,0,0,0,0,0,0,False,0.0,150.0
1112,1112,NEGRO 53 Positivo 'pintura Contractor Tropical,consu,consu,True,True,True,True,Pinturas,,True,category=Pinturas; normalized=negro 53 positivo pintura contractor tropical,DETERMINISTIC,KEEP,"Physical material, merchandise, food or tool",,0,0,0,0,0,0,False,0.0,11790.13
1569,1569,Neumatico 215/65R17 Annaite,consu,consu,True,True,True,True,Neumáticos,,True,category=Neumáticos; normalized=neumatico 215/65r17 annaite,DETERMINISTIC,KEEP,"Physical material, merchandise, food or tool",,0,0,0,0,0,0,False,0.0,7595.76
1568,1568,Neumaticos 215/75R17.5 Annaite,consu,consu,True,True,True,True,Neumáticos,,True,category=Neumáticos; normalized=neumaticos 215/75r17.5 annaite,DETERMINISTIC,KEEP,"Physical material, merchandise, food or tool",,0,0,0,0,0,0,False,0.0,7355.93
1565,1565,Neumaticos 255/70R16 Annaite LT AN616,consu,consu,True,True,True,True,Neumáticos,,True,category=Neumáticos; normalized=neumaticos 255/70r16 annaite lt an616,DETERMINISTIC,KEEP,"Physical material, merchandise, food or tool",,0,0,0,0,0,0,False,0.0,7038.13
1566,1566,Neumaticos 265/60R18 Annaite,consu,consu,True,True,True,True,Neumáticos,,True,category=Neumáticos; normalized=neumaticos 265/60r18 annaite,DETERMINISTIC,KEEP,"Physical material, merchandise, food or tool",,0,0,0,0,0,0,False,0.0,6085.72
1564,1564,Neumaticos 265/65R17 Annaite AN906.AT,consu,consu,True,True,True,True,Neumáticos,,True,category=Neumáticos; normalized=neumaticos 265/65r17 annaite an906.at,DETERMINISTIC,KEEP,"Physical material, merchandise, food or tool",,0,0,0,0,0,0,False,0.0,8344.06
1567,1567,Neumaticos 7.00R16 Firestone,consu,consu,True,True,True,True,Neumáticos,,True,category=Neumáticos; normalized=neumaticos 7.00r16 firestone,DETERMINISTIC,KEEP,"Physical material, merchandise, food or tool",,0,0,0,0,0,0,False,0.0,9250.0
1255,1255,Neutralizantes DE MALOS OLORES LIMA,consu,consu,True,True,True,True,Ferretería,,True,category=Ferretería; normalized=neutralizantes de malos olores lima,HIGH_CONFIDENCE,KEEP,Already Goods and name is not a service,,0,0,0,0,0,0,False,0.0,900.0
1610,1610,"NEVERA Ejecutiva Nedoca, 4 P.C.,1 PUERTA",consu,consu,True,True,True,True,Electrodomésticos,,True,category=Electrodomésticos; normalized=nevera ejecutiva nedoca 4 p.c. 1 puerta,DETERMINISTIC,KEEP,"Physical material, merchandise, food or tool",,0,0,0,0,0,0,False,0.0,17930.1
1609,1609,NEVERA Frigidaire 12 P.C. 2 Puertas,consu,consu,True,True,True,True,Electrodomésticos,,True,category=Electrodomésticos; normalized=nevera frigidaire 12 p.c. 2 puertas,DETERMINISTIC,KEEP,"Physical material, merchandise, food or tool",,0,0,0,0,0,0,False,0.0,29695.0
1535,1535,Nevera MIDEA 10'',consu,consu,True,True,True,True,Electrodomésticos,,True,category=Electrodomésticos; normalized=nevera midea 10,DETERMINISTIC,KEEP,"Physical material, merchandise, food or tool",,0,0,0,0,0,0,False,0.0,22300.0
152,152,NEVERA MIDEA 10 PIES,consu,consu,True,True,False,True,,,True,invoice_lines=1; normalized=nevera midea 10 pies,DETERMINISTIC,FIX_PURCHASE_OK,"Physical material, merchandise, food or tool",,0,0,1,0,0,0,False,0.0,18936.44
1211,1211,"NEVERA PARA HIELO GRIS, Ruedas, ASA, 70QT IGLOO",consu,consu,True,True,True,True,Electrodomésticos,,True,category=Electrodomésticos; normalized=nevera para hielo gris ruedas asa 70qt igloo,DETERMINISTIC,KEEP,"Physical material, merchandise, food or tool",,0,0,0,0,0,0,False,0.0,15000.5
55,55,NEVERA TECNOMASTER 10 PC,consu,consu,True,True,False,True,,,True,invoice_lines=1; normalized=nevera tecnomaster 10 pc,DETERMINISTIC,FIX_PURCHASE_OK,"Physical material, merchandise, food or tool",,0,0,1,0,0,0,False,0.0,23540.0
737,737,NIPLE COBRE NIQ 1/2'' X 3'' 25866 Eastman,consu,consu,True,True,True,True,Ferretería,,True,category=Ferretería; normalized=niple cobre niq 1/2 x 3 25866 eastman,HIGH_CONFIDENCE,KEEP,Already Goods and name is not a service,,0,0,0,0,0,0,False,0.0,398.82
81,81,"NIPLE COBRE NIQ 1/2"" X 3"" 25866 EASTMAN",consu,consu,True,True,False,True,,,True,"invoice_lines=1; normalized=niple cobre niq 1/2"" x 3"" 25866 eastman",HIGH_CONFIDENCE,FIX_PURCHASE_OK,Already Goods and name is not a service,,0,0,1,0,0,0,False,0.0,398.82
795,795,NIPLE HG Galv.1/2'' X 21/2'',consu,consu,True,True,True,True,Ferretería,,True,category=Ferretería; normalized=niple hg galv.1/2 x 21/2,HIGH_CONFIDENCE,KEEP,Already Goods and name is not a service,,0,0,0,0,0,0,False,0.0,60.0
967,967,"NIVEL GRANDE KENDO MODELO 35256 DE 48""",consu,consu,True,True,True,True,Ferretería,,True,"category=Ferretería; normalized=nivel grande kendo modelo 35256 de 48""",HIGH_CONFIDENCE,KEEP,Already Goods and name is not a service,,0,0,0,0,0,0,False,0.0,1418.95
594,594,"NIVEL Mediano KENDO MODELO 35256 DE 32""",consu,consu,True,True,True,True,Ferretería,,True,"category=Ferretería; normalized=nivel mediano kendo modelo 35256 de 32""",HIGH_CONFIDENCE,KEEP,Already Goods and name is not a service,,0,0,0,0,0,0,False,0.0,705.95
595,595,Odometro MEDIR Distancia METRO 15830 TRUPER,consu,consu,True,True,True,True,Herramientas,,True,category=Herramientas; normalized=odometro medir distancia metro 15830 truper,HIGH_CONFIDENCE,KEEP,Already Goods and name is not a service,,0,0,0,0,0,0,False,0.0,1947.2
1141,1141,OJOS Moviles P/ Manualidades 10MM 60/1,consu,consu,True,True,True,True,Ferretería,,True,category=Ferretería; normalized=ojos moviles p/ manualidades 10mm 60/1,HIGH_CONFIDENCE,KEEP,Already Goods and name is not a service,,0,0,0,0,0,0,False,0.0,70.0
859,859,OREGON GRIS 45X45,consu,consu,True,True,True,True,Ferretería,,True,category=Ferretería; normalized=oregon gris 45x45,HIGH_CONFIDENCE,KEEP,Already Goods and name is not a service,,0,0,0,0,0,0,False,0.0,725.0
69,69,ORINAL ARRECIFE ENT SUP BLANCO,consu,consu,True,True,False,True,,,True,invoice_lines=1; normalized=orinal arrecife ent sup blanco,DETERMINISTIC,FIX_PURCHASE_OK,"Physical material, merchandise, food or tool",,0,0,1,0,0,0,False,0.0,8960.0
732,732,OXIDO NEGRO GL DOM,consu,consu,True,True,True,True,Ferretería,,True,category=Ferretería; normalized=oxido negro gl dom,HIGH_CONFIDENCE,KEEP,Already Goods and name is not a service,,0,0,0,0,0,0,False,0.0,1778.0
620,620,PAB2612 PINO AMER BRUTO 336 PIES 2.0x06x12 American,consu,consu,True,True,True,True,Ferretería,,True,category=Ferretería; normalized=pab2612 pino amer bruto 336 pies 2.0x06x12 american,HIGH_CONFIDENCE,KEEP,Already Goods and name is not a service,,0,0,0,0,0,0,False,0.0,96.0
960,960,PALA Cuadrada Tramotina,consu,consu,True,True,True,True,Ferretería,,True,category=Ferretería; normalized=pala cuadrada tramotina,HIGH_CONFIDENCE,KEEP,Already Goods and name is not a service,,0,0,0,0,0,0,False,0.0,1476.3
1078,1078,PALA Cuadrada TRUPER,consu,consu,True,True,True,True,Herramientas,,True,category=Herramientas; normalized=pala cuadrada truper,HIGH_CONFIDENCE,KEEP,Already Goods and name is not a service,,0,0,0,0,0,0,False,0.0,1518.8
358,358,PALA Cuadrada TRUPER 17161,consu,consu,True,True,True,True,Herramientas,,True,category=Herramientas; normalized=pala cuadrada truper 17161,HIGH_CONFIDENCE,KEEP,Already Goods and name is not a service,,0,0,0,0,0,0,False,0.0,4200.0
596,596,PALA DE CORTE C/mango 77424/404 Tramontina,consu,consu,True,True,True,True,Ferretería,,True,category=Ferretería; normalized=pala de corte c/mango 77424/404 tramontina,HIGH_CONFIDENCE,KEEP,Already Goods and name is not a service,,0,0,0,0,0,0,False,0.0,930.0
360,360,PALA DE CORTE TRUPER 17162,consu,consu,True,True,True,True,Herramientas,,True,category=Herramientas; normalized=pala de corte truper 17162,HIGH_CONFIDENCE,KEEP,Already Goods and name is not a service,,0,0,0,0,0,0,False,0.0,1980.0
1082,1082,PALA Pequeña TRUPER,consu,consu,True,True,True,True,Herramientas,,True,category=Herramientas; normalized=pala pequena truper,HIGH_CONFIDENCE,KEEP,Already Goods and name is not a service,,0,0,0,0,0,0,False,0.0,2261.98
597,597,PALA Redonda C/mango 17160PRY-P TRUPER,consu,consu,True,True,True,True,Herramientas,,True,category=Herramientas; normalized=pala redonda c/mango 17160pry-p truper,HIGH_CONFIDENCE,KEEP,Already Goods and name is not a service,,0,0,0,0,0,0,False,0.0,1096.0
1081,1081,PALA Redonda CON MANGO DE MADERA TRUPER,consu,consu,True,True,True,True,Herramientas,,True,category=Herramientas; normalized=pala redonda con mango de madera truper,HIGH_CONFIDENCE,KEEP,Already Goods and name is not a service,,0,0,0,0,0,0,False,0.0,1210.24
359,359,PALA Redonda TRUPER,consu,consu,True,True,True,True,Herramientas,,True,category=Herramientas; normalized=pala redonda truper,HIGH_CONFIDENCE,KEEP,Already Goods and name is not a service,,0,0,0,0,0,0,False,0.0,1980.0
1464,1464,PALA TRUPER PALY-14 GRANOS Aluminio,consu,consu,True,True,True,True,Herramientas,,True,category=Herramientas; normalized=pala truper paly-14 granos aluminio,HIGH_CONFIDENCE,KEEP,Already Goods and name is not a service,,0,0,0,0,0,0,False,0.0,2050.0
1267,1267,PALOS DE ESCOBA,consu,consu,True,True,True,True,Ferretería,,True,category=Ferretería; normalized=palos de escoba,HIGH_CONFIDENCE,KEEP,Already Goods and name is not a service,,0,0,0,0,0,0,False,0.0,45.0
1247,1247,PALOS PARA Cortina,consu,consu,True,True,True,True,Ferretería,,True,category=Ferretería; normalized=palos para cortina,HIGH_CONFIDENCE,KEEP,Already Goods and name is not a service,,0,0,0,0,0,0,False,0.0,700.0
177,177,Pandereta En Sheetrock,consu,consu,True,True,True,True,Ferretería,,True,category=Ferretería; normalized=pandereta en sheetrock,HIGH_CONFIDENCE,KEEP,Already Goods and name is not a service,,0,0,0,0,0,0,False,0.0,55000.0
306,306,PANEL 6-12 CIR TL612 G.E,consu,consu,True,True,True,True,Ferretería,,True,category=Ferretería; normalized=panel 6-12 cir tl612 g.e,HIGH_CONFIDENCE,KEEP,Already Goods and name is not a service,,0,0,0,0,0,0,False,0.0,5525.69
1473,1473,PANEL BOARD NEMA 3-R (amperes Industrial DE 3 POLOS),consu,consu,True,True,True,True,Ferretería,,True,category=Ferretería; normalized=panel board nema 3-r amperes industrial de 3 polos,HIGH_CONFIDENCE,KEEP,Already Goods and name is not a service,,0,0,0,0,0,0,False,0.0,117985.0
1057,1057,PANEL Cuadrado LED 2X2 40W 6000K,consu,consu,True,True,True,True,Material eléctrico,,True,category=Material eléctrico; normalized=panel cuadrado led 2x2 40w 6000k,HIGH_CONFIDENCE,KEEP,Already Goods and name is not a service,,0,0,0,0,0,0,False,0.0,2900.0
1475,1475,PANEL LED 2X4 65W,consu,consu,True,True,True,True,Material eléctrico,,True,category=Material eléctrico; normalized=panel led 2x4 65w,HIGH_CONFIDENCE,KEEP,Already Goods and name is not a service,,0,0,0,0,0,0,False,0.0,4658.87
982,982,Pañete,consu,consu,True,True,True,True,Ferretería,,True,category=Ferretería; normalized=panete,HIGH_CONFIDENCE,KEEP,Already Goods and name is not a service,,0,0,0,0,0,0,False,0.0,2895.0
1278,1278,PAPEL BOND 8.5X11 ABBY Premiun RESMA,consu,consu,True,True,True,True,Oficina,,True,category=Oficina; normalized=papel bond 8.5x11 abby premiun resma,HIGH_CONFIDENCE,KEEP,Already Goods and name is not a service,,0,0,0,0,0,0,False,0.0,197.0
1136,1136,PAPEL CREPE META (50x200) CM,consu,consu,True,True,True,True,Oficina,,True,category=Oficina; normalized=papel crepe meta 50x200 cm,HIGH_CONFIDENCE,KEEP,Already Goods and name is not a service,,0,0,0,0,0,0,False,0.0,45.0
1425,1425,"PAPEL FILM 18""",consu,consu,True,True,True,True,Oficina,,True,"category=Oficina; normalized=papel film 18""",HIGH_CONFIDENCE,KEEP,Already Goods and name is not a service,,0,0,0,0,0,0,False,0.0,4235.0
1135,1135,PAPEL FOAMI 10/1 Colores Surtidos,consu,consu,True,True,True,True,Oficina,,True,category=Oficina; normalized=papel foami 10/1 colores surtidos,HIGH_CONFIDENCE,KEEP,Already Goods and name is not a service,,0,0,0,0,0,0,False,0.0,260.0
911,911,"PAPEL Higienico NATURA BLANCO PARA BAÑO JUMBO 700 FTS, FARDOS DE 12/1 (1 Espliego SIN",consu,consu,True,True,True,True,Oficina,,True,category=Oficina; normalized=papel higienico natura blanco para bano jumbo 700 fts fardos de 12/1 1 espliego sin,HIGH_CONFIDENCE,KEEP,Already Goods and name is not a service,,0,0,0,0,0,0,False,0.0,1175.0
694,694,PAPEL Plastico 18X15000 Stretch FILM,consu,consu,True,True,True,True,Oficina,,True,category=Oficina; normalized=papel plastico 18x15000 stretch film,HIGH_CONFIDENCE,KEEP,Already Goods and name is not a service,,0,0,0,0,0,0,False,0.0,975.0
473,473,PAPEL Plastico EN ROLLO 18X15000 Stretch FILM,consu,consu,True,True,True,True,Oficina,,True,category=Oficina; normalized=papel plastico en rollo 18x15000 stretch film,HIGH_CONFIDENCE,KEEP,Already Goods and name is not a service,,0,0,0,0,0,0,False,0.0,975.0
1286,1286,PAPEL PUNTO DE VENTAS TRES PARTES,consu,consu,True,True,True,True,Oficina,,True,category=Oficina; normalized=papel punto de ventas tres partes,HIGH_CONFIDENCE,KEEP,Already Goods and name is not a service,,0,0,0,0,0,0,False,0.0,526.0
912,912,"PAPEL TOALLA SLIM ROLL 6/580""1, SCOOT",consu,consu,True,True,True,True,Oficina,,True,"category=Oficina; normalized=papel toalla slim roll 6/580""1 scoot",HIGH_CONFIDENCE,KEEP,Already Goods and name is not a service,,0,0,0,0,0,0,False,0.0,2225.0
635,635,Paral De Metal 2 1/2,consu,consu,True,True,True,True,Ferretería,,True,category=Ferretería; normalized=paral de metal 2 1/2,HIGH_CONFIDENCE,KEEP,Already Goods and name is not a service,,0,0,0,0,0,0,False,0.0,500.0
459,459,PAR Bisagras DE Presion CAOBA AC,consu,consu,True,True,True,True,Ferretería,,True,category=Ferretería; normalized=par bisagras de presion caoba ac,HIGH_CONFIDENCE,KEEP,Already Goods and name is not a service,,0,0,0,0,0,0,False,0.0,65.0
1138,1138,Parchis Clasico,consu,consu,True,True,True,True,Ferretería,,True,category=Ferretería; normalized=parchis clasico,HIGH_CONFIDENCE,KEEP,Already Goods and name is not a service,,0,0,0,0,0,0,False,0.0,160.0
1421,1421,Pares De Guantes Mediano Dielectricos Para 30kv,consu,consu,True,True,True,True,Ferretería,,True,category=Ferretería; normalized=pares de guantes mediano dielectricos para 30kv,HIGH_CONFIDENCE,KEEP,Already Goods and name is not a service,,0,0,0,0,0,0,False,0.0,7500.0
691,691,PASTA Acrilica CANO BLANCA (32 OZ) 1/4,consu,consu,True,True,True,True,Ferretería,,True,category=Ferretería; normalized=pasta acrilica cano blanca 32 oz 1/4,HIGH_CONFIDENCE,KEEP,Already Goods and name is not a service,,0,0,0,0,0,0,False,0.0,810.0
692,692,PASTA Acrilica CANO MARRON (32 OZ) 1/4,consu,consu,True,True,True,True,Ferretería,,True,category=Ferretería; normalized=pasta acrilica cano marron 32 oz 1/4,HIGH_CONFIDENCE,KEEP,Already Goods and name is not a service,,0,0,0,0,0,0,False,0.0,810.0
1525,1525,PASTA DE TOMATE Victorina 8 OZ 24/1,consu,consu,True,True,True,True,Ferretería,,True,category=Ferretería; normalized=pasta de tomate victorina 8 oz 24/1,HIGH_CONFIDENCE,KEEP,Already Goods and name is not a service,,0,0,0,0,0,0,False,0.0,2002.99
30,30,PEAJE (Agosto-Diciembre) y horas fuera de proyecto — total documento PDF,service,service,True,True,False,False,,,True,invoice_lines=1; normalized=peaje agosto-diciembre y horas fuera de proyecto total documento pdf,HIGH_CONFIDENCE,KEEP,"Construction/haulage/petty-cash activity, not a SKU",,0,0,1,0,0,0,False,0.0,42000.0
891,891,PECHA DE Cometida,consu,consu,True,True,True,True,Ferretería,,True,category=Ferretería; normalized=pecha de cometida,HIGH_CONFIDENCE,KEEP,Already Goods and name is not a service,,0,0,0,0,0,0,False,0.0,275.0
862,862,PEGA FORTE BLANCO,consu,consu,True,True,True,True,Ferretería,,True,category=Ferretería; normalized=pega forte blanco,HIGH_CONFIDENCE,KEEP,Already Goods and name is not a service,,0,0,0,0,0,0,False,0.0,975.0
725,725,Pegatod Pegamento GRIS,consu,consu,True,True,True,True,Ferretería,,True,category=Ferretería; normalized=pegatod pegamento gris,HIGH_CONFIDENCE,KEEP,Already Goods and name is not a service,,0,0,0,0,0,0,False,0.0,590.0
1140,1140,PELOTA Inflable Multicolor,consu,consu,True,True,True,True,Ferretería,,True,category=Ferretería; normalized=pelota inflable multicolor,HIGH_CONFIDENCE,KEEP,Already Goods and name is not a service,,0,0,0,0,0,0,False,0.0,185.0
528,528,Penetrante (9.6onz) WD-40,consu,consu,True,True,True,True,Ferretería,,True,category=Ferretería; normalized=penetrante 9.6onz wd-40,HIGH_CONFIDENCE,KEEP,Already Goods and name is not a service,,0,0,0,0,0,0,False,0.0,765.0
697,697,Penetrante WD-40,consu,consu,True,True,True,True,Ferretería,,True,category=Ferretería; normalized=penetrante wd-40,HIGH_CONFIDENCE,KEEP,Already Goods and name is not a service,,0,0,0,0,0,0,False,0.0,796.0
892,892,PERCHA DE METAL 2/0,consu,consu,True,True,True,True,Ferretería,,True,category=Ferretería; normalized=percha de metal 2/0,HIGH_CONFIDENCE,KEEP,Already Goods and name is not a service,,0,0,0,0,0,0,False,0.0,550.0
53,53,PERFIL 1 1/2 H.GALV.1.6,consu,consu,True,True,False,True,,,True,invoice_lines=1; normalized=perfil 1 1/2 h.galv.1.6,HIGH_CONFIDENCE,FIX_PURCHASE_OK,Already Goods and name is not a service,,0,0,1,0,0,0,False,0.0,1680.0
1018,1018,PERFIL 2X1 H.GALV.1.6,consu,consu,True,True,True,True,Ferretería,,True,category=Ferretería; normalized=perfil 2x1 h.galv.1.6,HIGH_CONFIDENCE,KEEP,Already Goods and name is not a service,,0,0,0,0,0,0,False,0.0,1436.98
1017,1017,PERFIL 2X2 H.GALV.1.6,consu,consu,True,True,True,True,Ferretería,,True,category=Ferretería; normalized=perfil 2x2 h.galv.1.6,HIGH_CONFIDENCE,KEEP,Already Goods and name is not a service,,0,0,0,0,0,0,False,0.0,1825.0
50,50,PERFIL 2X3 GALV.,consu,consu,True,True,False,True,,,True,invoice_lines=1; normalized=perfil 2x3 galv.,HIGH_CONFIDENCE,FIX_PURCHASE_OK,Already Goods and name is not a service,,0,0,1,0,0,0,False,0.0,2630.02
1019,1019,PERFIL 4X4 H.GALV.1.6,consu,consu,True,True,True,True,Ferretería,,True,category=Ferretería; normalized=perfil 4x4 h.galv.1.6,HIGH_CONFIDENCE,KEEP,Already Goods and name is not a service,,0,0,0,0,0,0,False,0.0,5267.19
1304,1304,Perforaddora DOS HOYOS AJUST,consu,consu,True,True,True,True,Ferretería,,True,category=Ferretería; normalized=perforaddora dos hoyos ajust,HIGH_CONFIDENCE,KEEP,Already Goods and name is not a service,,0,0,0,0,0,0,False,0.0,430.0
959,959,PICO Tramotina,consu,consu,True,True,True,True,Ferretería,,True,category=Ferretería; normalized=pico tramotina,HIGH_CONFIDENCE,KEEP,Already Goods and name is not a service,,0,0,0,0,0,0,False,0.0,1509.6
1083,1083,PICO TRUPER MANGO DE MADERA,consu,consu,True,True,True,True,Herramientas,,True,category=Herramientas; normalized=pico truper mango de madera,HIGH_CONFIDENCE,KEEP,Already Goods and name is not a service,,0,0,0,0,0,0,False,0.0,1956.55
357,357,PICO TRUPER M H,consu,consu,True,True,True,True,Herramientas,,True,category=Herramientas; normalized=pico truper m h,HIGH_CONFIDENCE,KEEP,Already Goods and name is not a service,,0,0,0,0,0,0,False,0.0,2900.0
301,301,PIE DE Alambre STR No.10 AWG THHN,consu,consu,True,True,True,True,Ferretería,,True,category=Ferretería; normalized=pie de alambre str no.10 awg thhn,DETERMINISTIC,KEEP,"Physical material, merchandise, food or tool",,0,0,0,0,0,0,False,0.0,30.0
302,302,PIE DE Alambre STR No.12 AWG THHN,consu,consu,True,True,True,True,Ferretería,,True,category=Ferretería; normalized=pie de alambre str no.12 awg thhn,DETERMINISTIC,KEEP,"Physical material, merchandise, food or tool",,0,0,0,0,0,0,False,0.0,23.0
1288,1288,PILAS AA,consu,consu,True,True,True,True,Ferretería,,True,category=Ferretería; normalized=pilas aa,HIGH_CONFIDENCE,KEEP,Already Goods and name is not a service,,0,0,0,0,0,0,False,0.0,77.0
1289,1289,PILAS AAA,consu,consu,True,True,True,True,Ferretería,,True,category=Ferretería; normalized=pilas aaa,HIGH_CONFIDENCE,KEEP,Already Goods and name is not a service,,0,0,0,0,0,0,False,0.0,40.0
1309,1309,PILAS Cuadradas Powerone,consu,consu,True,True,True,True,Ferretería,,True,category=Ferretería; normalized=pilas cuadradas powerone,HIGH_CONFIDENCE,KEEP,Already Goods and name is not a service,,0,0,0,0,0,0,False,0.0,175.0
243,243,"Pinceles Windsor & Newton, ROYAL Y Langnikel Y Pricenton (16 UND)",consu,consu,True,True,True,True,Ferretería,,True,category=Ferretería; normalized=pinceles windsor newton royal y langnikel y pricenton 16 und,HIGH_CONFIDENCE,KEEP,Already Goods and name is not a service,,0,0,0,0,0,0,False,0.0,8000.0
1197,1197,PINCEL PUNTA Redonda CERDA BLANCA DE 10 KEPP Smiling,consu,consu,True,True,True,True,Ferretería,,True,category=Ferretería; normalized=pincel punta redonda cerda blanca de 10 kepp smiling,HIGH_CONFIDENCE,KEEP,Already Goods and name is not a service,,0,0,0,0,0,0,False,0.0,45.0
1201,1201,PINCEL PUNTA Redonda CERDA BLANCA DE 2 KEPP Smiling,consu,consu,True,True,True,True,Ferretería,,True,category=Ferretería; normalized=pincel punta redonda cerda blanca de 2 kepp smiling,HIGH_CONFIDENCE,KEEP,Already Goods and name is not a service,,0,0,0,0,0,0,False,0.0,35.0
1200,1200,PINCEL PUNTA Redonda CERDA BLANCA DE 4 KEPP Smiling,consu,consu,True,True,True,True,Ferretería,,True,category=Ferretería; normalized=pincel punta redonda cerda blanca de 4 kepp smiling,HIGH_CONFIDENCE,KEEP,Already Goods and name is not a service,,0,0,0,0,0,0,False,0.0,40.0
1199,1199,PINCEL PUNTA Redonda CERDA BLANCA DE 6 KEPP Smiling,consu,consu,True,True,True,True,Ferretería,,True,category=Ferretería; normalized=pincel punta redonda cerda blanca de 6 kepp smiling,HIGH_CONFIDENCE,KEEP,Already Goods and name is not a service,,0,0,0,0,0,0,False,0.0,40.0
1198,1198,PINCEL PUNTA Redonda CERDA BLANCA DE 8 KEPP Smiling,consu,consu,True,True,True,True,Ferretería,,True,category=Ferretería; normalized=pincel punta redonda cerda blanca de 8 kepp smiling,HIGH_CONFIDENCE,KEEP,Already Goods and name is not a service,,0,0,0,0,0,0,False,0.0,45.0
619,619,PINO AMER BRUTO 1680 PIES 1.0x04x12 American,consu,consu,True,True,True,True,Ferretería,,True,category=Ferretería; normalized=pino amer bruto 1680 pies 1.0x04x12 american,HIGH_CONFIDENCE,KEEP,Already Goods and name is not a service,,0,0,0,0,0,0,False,0.0,114.0
1396,1396,PINTAR Entrada,consu,consu,True,True,True,True,Ferretería,,True,category=Ferretería; normalized=pintar entrada,HIGH_CONFIDENCE,KEEP,Already Goods and name is not a service,,0,0,0,0,0,0,False,0.0,6500.0
1397,1397,PINTAR Estribo,consu,consu,True,True,True,True,Ferretería,,True,category=Ferretería; normalized=pintar estribo,HIGH_CONFIDENCE,KEEP,Already Goods and name is not a service,,0,0,0,0,0,0,False,0.0,6500.0
1395,1395,PINTAR PUERTA Izquierda,consu,consu,True,True,True,True,Ferretería,,True,category=Ferretería; normalized=pintar puerta izquierda,HIGH_CONFIDENCE,KEEP,Already Goods and name is not a service,,0,0,0,0,0,0,False,0.0,6500.0
504,504,Pintura,consu,consu,True,True,True,True,Pinturas,,True,category=Pinturas; normalized=pintura,DETERMINISTIC,KEEP,"Physical material, merchandise, food or tool",,0,0,0,0,0,0,False,0.0,198.9
659,659,Pintura Acrilica Amarillo Positivo Popular,consu,consu,True,True,True,True,Pinturas,,True,category=Pinturas; normalized=pintura acrilica amarillo positivo popular,DETERMINISTIC,KEEP,"Physical material, merchandise, food or tool",,0,0,0,0,0,0,False,0.0,11790.13
750,750,Pintura Acrilica Amarillo Positivo Popular PRO,consu,consu,True,True,True,True,Pinturas,,True,category=Pinturas; normalized=pintura acrilica amarillo positivo popular pro,DETERMINISTIC,KEEP,"Physical material, merchandise, food or tool",,0,0,0,0,0,0,False,0.0,11932.5
44,44,PINTURA ACRILICA AMARILLO POSITIVO POPULAR PRO/TROPICAL,consu,consu,True,True,False,True,,,True,invoice_lines=1; normalized=pintura acrilica amarillo positivo popular pro/tropical,DETERMINISTIC,FIX_PURCHASE_OK,"Physical material, merchandise, food or tool",,0,0,1,0,0,0,False,0.0,2386.5
652,652,Pintura Acrilica Amarillo Positivo Tropical/popular,consu,consu,True,True,True,True,Pinturas,,True,category=Pinturas; normalized=pintura acrilica amarillo positivo tropical/popular,DETERMINISTIC,KEEP,"Physical material, merchandise, food or tool",,0,0,0,0,0,0,False,0.0,10932.5
973,973,Pintura Acrilica Amarillo Positvo Tropical/popular,consu,consu,True,True,True,True,Pinturas,,True,category=Pinturas; normalized=pintura acrilica amarillo positvo tropical/popular,DETERMINISTIC,KEEP,"Physical material, merchandise, food or tool",,0,0,0,0,0,0,False,0.0,2386.5
660,660,Pintura Acrilica AZUL Positivo Popular,consu,consu,True,True,True,True,Pinturas,,True,category=Pinturas; normalized=pintura acrilica azul positivo popular,DETERMINISTIC,KEEP,"Physical material, merchandise, food or tool",,0,0,0,0,0,0,False,0.0,11790.13
747,747,Pintura Acrilica AZUL Positivo Popular PRO,consu,consu,True,True,True,True,Pinturas,,True,category=Pinturas; normalized=pintura acrilica azul positivo popular pro,DETERMINISTIC,KEEP,"Physical material, merchandise, food or tool",,0,0,0,0,0,0,False,0.0,11932.5
43,43,PINTURA ACRILICA AZUL POSITIVO POPULAR PRO /TROPICAL,consu,consu,True,True,False,True,,,True,invoice_lines=1; normalized=pintura acrilica azul positivo popular pro /tropical,DETERMINISTIC,FIX_PURCHASE_OK,"Physical material, merchandise, food or tool",,0,0,1,0,0,0,False,0.0,2386.5
649,649,Pintura Acrilica AZUL Positivo Popular/tropical,consu,consu,True,True,True,True,Pinturas,,True,category=Pinturas; normalized=pintura acrilica azul positivo popular/tropical,DETERMINISTIC,KEEP,"Physical material, merchandise, food or tool",,0,0,0,0,0,0,False,0.0,10932.5
1440,1440,Pintura Acrilica AZUL Positvo,consu,consu,True,True,True,True,Pinturas,,True,category=Pinturas; normalized=pintura acrilica azul positvo,DETERMINISTIC,KEEP,"Physical material, merchandise, food or tool",,0,0,0,0,0,0,False,0.0,13722.37
212,212,Pintura Acrilica AZUL Positvo Popular,consu,consu,True,True,True,True,Pinturas,,True,category=Pinturas; normalized=pintura acrilica azul positvo popular,DETERMINISTIC,KEEP,"Physical material, merchandise, food or tool",,0,0,0,0,0,0,False,0.0,12529.13
996,996,Pintura Acrilica AZUL Positvo Popular/tropical,consu,consu,True,True,True,True,Pinturas,,True,category=Pinturas; normalized=pintura acrilica azul positvo popular/tropical,DETERMINISTIC,KEEP,"Physical material, merchandise, food or tool",,0,0,0,0,0,0,False,0.0,11932.5
970,970,Pintura Acrilica AZUL Positvo Tropical/popular,consu,consu,True,True,True,True,Pinturas,,True,category=Pinturas; normalized=pintura acrilica azul positvo tropical/popular,DETERMINISTIC,KEEP,"Physical material, merchandise, food or tool",,0,0,0,0,0,0,False,0.0,2386.5
1439,1439,Pintura Acrilica BLANCA,consu,consu,True,True,True,True,Pinturas,,True,category=Pinturas; normalized=pintura acrilica blanca,DETERMINISTIC,KEEP,"Physical material, merchandise, food or tool",,0,0,0,0,0,0,False,0.0,6960.0
974,974,Pintura Acrilica BLANCA 00 Tropical/popular,consu,consu,True,True,True,True,Pinturas,,True,category=Pinturas; normalized=pintura acrilica blanca 00 tropical/popular,DETERMINISTIC,KEEP,"Physical material, merchandise, food or tool",,0,0,0,0,0,0,False,0.0,2386.5
945,945,Pintura Acrilica BLANCA 50 Popular PRO,consu,consu,True,True,True,True,Pinturas,,True,category=Pinturas; normalized=pintura acrilica blanca 50 popular pro,DETERMINISTIC,KEEP,"Physical material, merchandise, food or tool",,0,0,0,0,0,0,False,0.0,6050.0
213,213,Pintura Acrilica BLANCA Popular 50,consu,consu,True,True,True,True,Pinturas,,True,category=Pinturas; normalized=pintura acrilica blanca popular 50,DETERMINISTIC,KEEP,"Physical material, merchandise, food or tool",,0,0,0,0,0,0,False,0.0,11932.5
698,698,Pintura Acrilica BLANCO 00 Tropical,consu,consu,True,True,True,True,Pinturas,,True,category=Pinturas; normalized=pintura acrilica blanco 00 tropical,DETERMINISTIC,KEEP,"Physical material, merchandise, food or tool",,0,0,0,0,0,0,False,0.0,2545.0
84,84,PINTURA ACRILICA BLANCO 00 TROPICAL 5GL,consu,consu,True,True,False,True,,,True,invoice_lines=1; normalized=pintura acrilica blanco 00 tropical 5gl,DETERMINISTIC,FIX_PURCHASE_OK,"Physical material, merchandise, food or tool",,0,0,1,0,0,0,False,0.0,8050.0
46,46,PINTURA ACRILICA CONTRACTOR GRIS CLARO 26 POPULAR,consu,consu,True,True,False,True,,,True,invoice_lines=1; normalized=pintura acrilica contractor gris claro 26 popular,DETERMINISTIC,FIX_PURCHASE_OK,"Physical material, merchandise, food or tool",,0,0,1,0,0,0,False,0.0,11932.5
668,668,Pintura Acrilica Contractor GRIS CLARO 26 Popular Pro/tropical,consu,consu,True,True,True,True,Pinturas,,True,category=Pinturas; normalized=pintura acrilica contractor gris claro 26 popular pro/tropical,DETERMINISTIC,KEEP,"Physical material, merchandise, food or tool",,0,0,0,0,0,0,False,0.0,11932.5
947,947,Pintura Acrilica Naranja OSCURO Popular PRO,consu,consu,True,True,True,True,Pinturas,,True,category=Pinturas; normalized=pintura acrilica naranja oscuro popular pro,DETERMINISTIC,KEEP,"Physical material, merchandise, food or tool",,0,0,0,0,0,0,False,0.0,6050.0
40,40,PINTURA ACRILICA NARANJA POSITIVO POPULAR PRO/TROPICAL,consu,consu,True,True,False,True,,,True,invoice_lines=1; normalized=pintura acrilica naranja positivo popular pro/tropical,DETERMINISTIC,FIX_PURCHASE_OK,"Physical material, merchandise, food or tool",,0,0,1,0,0,0,False,0.0,2386.5
1465,1465,Pintura Acrilica PARA Exterior 00,consu,consu,True,True,True,True,Pinturas,,True,category=Pinturas; normalized=pintura acrilica para exterior 00,DETERMINISTIC,KEEP,"Physical material, merchandise, food or tool",,0,0,0,0,0,0,False,0.0,8250.0
1478,1478,Pintura Acrilica PARA Exterior BLANCA 00 Tropical,consu,consu,True,True,True,True,Pinturas,,True,category=Pinturas; normalized=pintura acrilica para exterior blanca 00 tropical,DETERMINISTIC,KEEP,"Physical material, merchandise, food or tool",,0,0,0,0,0,0,False,0.0,2386.5
47,47,PINTURA ACRILICA PARA EXTERIOR BLANCA 50 POPULAR,consu,consu,True,True,False,True,,,True,invoice_lines=1; normalized=pintura acrilica para exterior blanca 50 popular,DETERMINISTIC,FIX_PURCHASE_OK,"Physical material, merchandise, food or tool",,0,0,1,0,0,0,False,0.0,9352.5
648,648,Pintura Acrilica PARA Exterior BLANCA 50 POPULAR/00 Tropical,consu,consu,True,True,True,True,Pinturas,,True,category=Pinturas; normalized=pintura acrilica para exterior blanca 50 popular/00 tropical,DETERMINISTIC,KEEP,"Physical material, merchandise, food or tool",,0,0,0,0,0,0,False,0.0,8050.0
939,939,Pintura Acrilica PARA Exterior BLANCA 50 Popular PRO,consu,consu,True,True,True,True,Pinturas,,True,category=Pinturas; normalized=pintura acrilica para exterior blanca 50 popular pro,DETERMINISTIC,KEEP,"Physical material, merchandise, food or tool",,0,0,0,0,0,0,False,0.0,6050.0
669,669,Pintura Acrilica PARA Exterior BLANCA 50 Popular PRO/00 Tropical,consu,consu,True,True,True,True,Pinturas,,True,category=Pinturas; normalized=pintura acrilica para exterior blanca 50 popular pro/00 tropical,DETERMINISTIC,KEEP,"Physical material, merchandise, food or tool",,0,0,0,0,0,0,False,0.0,8050.0
417,417,Pintura Acrilica PARA Exterior BLANCA MATE POPULAR/50 Ext-int PRO,consu,consu,True,True,True,True,Pinturas,,True,category=Pinturas; normalized=pintura acrilica para exterior blanca mate popular/50 ext-int pro,DETERMINISTIC,KEEP,"Physical material, merchandise, food or tool",,0,0,0,0,0,0,False,0.0,2565.5
1118,1118,Pintura Acrilica PARA Exterior BLANCO Colonial Popular 66 /tropical 01 PRO,consu,consu,True,True,True,True,Pinturas,,True,category=Pinturas; normalized=pintura acrilica para exterior blanco colonial popular 66 /tropical 01 pro,DETERMINISTIC,KEEP,"Physical material, merchandise, food or tool",,0,0,0,0,0,0,False,0.0,8050.0
942,942,Pintura Acrilica PARA Exterior Naranja OSCURO Popular PRO,consu,consu,True,True,True,True,Pinturas,,True,category=Pinturas; normalized=pintura acrilica para exterior naranja oscuro popular pro,DETERMINISTIC,KEEP,"Physical material, merchandise, food or tool",,0,0,0,0,0,0,False,0.0,6050.0
1107,1107,Pintura Acrilica PARA Exterior POPULAR/00,consu,consu,True,True,True,True,Pinturas,,True,category=Pinturas; normalized=pintura acrilica para exterior popular/00,DETERMINISTIC,KEEP,"Physical material, merchandise, food or tool",,0,0,0,0,0,0,False,0.0,9352.5
41,41,PINTURA ACRILICA ROJO POSITIVO POPULAR PRO/TROPICAL,consu,consu,True,True,False,True,,,True,invoice_lines=1; normalized=pintura acrilica rojo positivo popular pro/tropical,DETERMINISTIC,FIX_PURCHASE_OK,"Physical material, merchandise, food or tool",,0,0,1,0,0,0,False,0.0,2386.5
1441,1441,Pintura Acrilica ROJO Positvo,consu,consu,True,True,True,True,Pinturas,,True,category=Pinturas; normalized=pintura acrilica rojo positvo,DETERMINISTIC,KEEP,"Physical material, merchandise, food or tool",,0,0,0,0,0,0,False,0.0,13722.37
211,211,Pintura Acrilica ROJO Positvo Popular,consu,consu,True,True,True,True,Pinturas,,True,category=Pinturas; normalized=pintura acrilica rojo positvo popular,DETERMINISTIC,KEEP,"Physical material, merchandise, food or tool",,0,0,0,0,0,0,False,0.0,12529.13
748,748,Pintura Acrilica ROJO Positvo Popular PRO,consu,consu,True,True,True,True,Pinturas,,True,category=Pinturas; normalized=pintura acrilica rojo positvo popular pro,DETERMINISTIC,KEEP,"Physical material, merchandise, food or tool",,0,0,0,0,0,0,False,0.0,11932.5
666,666,Pintura Acrilica ROJO Positvo Popular Pro/tropical,consu,consu,True,True,True,True,Pinturas,,True,category=Pinturas; normalized=pintura acrilica rojo positvo popular pro/tropical,DETERMINISTIC,KEEP,"Physical material, merchandise, food or tool",,0,0,0,0,0,0,False,0.0,2386.5
650,650,Pintura Acrilica ROJO Positvo Popular/tropical,consu,consu,True,True,True,True,Pinturas,,True,category=Pinturas; normalized=pintura acrilica rojo positvo popular/tropical,DETERMINISTIC,KEEP,"Physical material, merchandise, food or tool",,0,0,0,0,0,0,False,0.0,11932.5
972,972,Pintura Acrilica ROJO Positvo Tropical/popular,consu,consu,True,True,True,True,Pinturas,,True,category=Pinturas; normalized=pintura acrilica rojo positvo tropical/popular,DETERMINISTIC,KEEP,"Physical material, merchandise, food or tool",,0,0,0,0,0,0,False,0.0,2386.5
1577,1577,Pintura Acrilica Superior MATE PARA Exterior Popular,consu,consu,True,True,True,True,Pinturas,,True,category=Pinturas; normalized=pintura acrilica superior mate para exterior popular,DETERMINISTIC,KEEP,"Physical material, merchandise, food or tool",,0,0,0,0,0,0,False,0.0,5847.46
1551,1551,Pintura Acrílica Superior Mate P/exteriores,consu,consu,True,True,True,True,Pinturas,,True,category=Pinturas; normalized=pintura acrilica superior mate p/exteriores,DETERMINISTIC,KEEP,"Physical material, merchandise, food or tool",,0,0,0,0,0,0,False,0.0,6326.27
49,49,PINTURA ACRILICA VERDE LIMON 25 POPULAR PRO/TROPICAL,consu,consu,True,True,False,True,,,True,invoice_lines=1; normalized=pintura acrilica verde limon 25 popular pro/tropical,DETERMINISTIC,FIX_PURCHASE_OK,"Physical material, merchandise, food or tool",,0,0,1,0,0,0,False,0.0,11932.5
661,661,Pintura Acrilica VERDE Positivo Popular,consu,consu,True,True,True,True,Pinturas,,True,category=Pinturas; normalized=pintura acrilica verde positivo popular,DETERMINISTIC,KEEP,"Physical material, merchandise, food or tool",,0,0,0,0,0,0,False,0.0,11790.13
749,749,Pintura Acrilica VERDE Positivo Popular PRO,consu,consu,True,True,True,True,Pinturas,,True,category=Pinturas; normalized=pintura acrilica verde positivo popular pro,DETERMINISTIC,KEEP,"Physical material, merchandise, food or tool",,0,0,0,0,0,0,False,0.0,11932.5
651,651,Pintura Acrilica VERDE Positivo Tropical/popular,consu,consu,True,True,True,True,Pinturas,,True,category=Pinturas; normalized=pintura acrilica verde positivo tropical/popular,DETERMINISTIC,KEEP,"Physical material, merchandise, food or tool",,0,0,0,0,0,0,False,0.0,10932.5
42,42,PINTURA ACRILICA VERDE POSITIVO TROPICAL/POPULAR PRO,consu,consu,True,True,False,True,,,True,invoice_lines=1; normalized=pintura acrilica verde positivo tropical/popular pro,DETERMINISTIC,FIX_PURCHASE_OK,"Physical material, merchandise, food or tool",,0,0,1,0,0,0,False,0.0,2386.5
971,971,Pintura Acrilica VERDE Positvo Tropical/popular,consu,consu,True,True,True,True,Pinturas,,True,category=Pinturas; normalized=pintura acrilica verde positvo tropical/popular,DETERMINISTIC,KEEP,"Physical material, merchandise, food or tool",,0,0,0,0,0,0,False,0.0,2386.5
83,83,PINTURA ACRIL PORCELANA 90 (5GL) ACRI PORCELA 90 POPULAR,consu,consu,True,True,False,True,,,True,invoice_lines=1; normalized=pintura acril porcelana 90 5gl acri porcela 90 popular,DETERMINISTIC,FIX_PURCHASE_OK,"Physical material, merchandise, food or tool",,0,0,1,0,0,0,False,0.0,10958.99
1471,1471,Pintura ALTO Transito Amarillo Trafico,consu,consu,True,True,True,True,Pinturas,,True,category=Pinturas; normalized=pintura alto transito amarillo trafico,DETERMINISTIC,KEEP,"Physical material, merchandise, food or tool",,0,0,0,0,0,0,False,0.0,13690.0
214,214,Pintura ALTO Transito (amarillo Trafico) Popular,consu,consu,True,True,True,True,Pinturas,,True,category=Pinturas; normalized=pintura alto transito amarillo trafico popular,DETERMINISTIC,KEEP,"Physical material, merchandise, food or tool",,0,0,0,0,0,0,False,0.0,18453.75
39,39,PINTURA ALTO TRANSITO (AMARILLO TRAFICO) POPULAR PRO,consu,consu,True,True,False,True,,,True,invoice_lines=1; normalized=pintura alto transito amarillo trafico popular pro,DETERMINISTIC,FIX_PURCHASE_OK,"Physical material, merchandise, food or tool",,0,0,1,0,0,0,False,0.0,3515.0
665,665,Pintura ALTO Transito (amarillo Trafico) Popular PRO /tropical,consu,consu,True,True,True,True,Pinturas,,True,category=Pinturas; normalized=pintura alto transito amarillo trafico popular pro /tropical,DETERMINISTIC,KEEP,"Physical material, merchandise, food or tool",,0,0,0,0,0,0,False,0.0,3515.0
653,653,Pintura ALTO Transito (amarillo Trafico) Popular/tropical,consu,consu,True,True,True,True,Pinturas,,True,category=Pinturas; normalized=pintura alto transito amarillo trafico popular/tropical,DETERMINISTIC,KEEP,"Physical material, merchandise, food or tool",,0,0,0,0,0,0,False,0.0,17575.0
968,968,Pintura ALTO Transito (amarillo Trafico) Tropical/popular,consu,consu,True,True,True,True,Pinturas,,True,category=Pinturas; normalized=pintura alto transito amarillo trafico tropical/popular,DETERMINISTIC,KEEP,"Physical material, merchandise, food or tool",,0,0,0,0,0,0,False,0.0,3515.0
1472,1472,Pintura ALTO Transito BLANCO Trafico,consu,consu,True,True,True,True,Pinturas,,True,category=Pinturas; normalized=pintura alto transito blanco trafico,DETERMINISTIC,KEEP,"Physical material, merchandise, food or tool",,0,0,0,0,0,0,False,0.0,13690.0
662,662,Pintura ALTO Transito (blanco Trafico) Popular,consu,consu,True,True,True,True,Pinturas,,True,category=Pinturas; normalized=pintura alto transito blanco trafico popular,DETERMINISTIC,KEEP,"Physical material, merchandise, food or tool",,0,0,0,0,0,0,False,0.0,14100.75
654,654,Pintura ALTO Transito (blanco Trafico) Tropical/popular,consu,consu,True,True,True,True,Pinturas,,True,category=Pinturas; normalized=pintura alto transito blanco trafico tropical/popular,DETERMINISTIC,KEEP,"Physical material, merchandise, food or tool",,0,0,0,0,0,0,False,0.0,13575.0
1113,1113,Pintura ALTO Transito Popular Amarillo Trafico,consu,consu,True,True,True,True,Pinturas,,True,category=Pinturas; normalized=pintura alto transito popular amarillo trafico,DETERMINISTIC,KEEP,"Physical material, merchandise, food or tool",,0,0,0,0,0,0,False,0.0,14100.75
1114,1114,Pintura ALTO Transito Tropical BLANCO Trafico,consu,consu,True,True,True,True,Pinturas,,True,category=Pinturas; normalized=pintura alto transito tropical blanco trafico,DETERMINISTIC,KEEP,"Physical material, merchandise, food or tool",,0,0,0,0,0,0,False,0.0,14100.75
1442,1442,Pintura Amarillo Trafico,consu,consu,True,True,True,True,Pinturas,,True,category=Pinturas; normalized=pintura amarillo trafico,DETERMINISTIC,KEEP,"Physical material, merchandise, food or tool",,0,0,0,0,0,0,False,0.0,20211.25
379,379,Pintura Amarillo Trafico Popular,consu,consu,True,True,True,True,Pinturas,,True,category=Pinturas; normalized=pintura amarillo trafico popular,DETERMINISTIC,KEEP,"Physical material, merchandise, food or tool",,0,0,0,0,0,0,False,0.0,17575.0
997,997,Pintura Amarillo Trafico Popular/tropical,consu,consu,True,True,True,True,Pinturas,,True,category=Pinturas; normalized=pintura amarillo trafico popular/tropical,DETERMINISTIC,KEEP,"Physical material, merchandise, food or tool",,0,0,0,0,0,0,False,0.0,18455.0
422,422,Pintura Antioxido,consu,consu,True,True,True,True,Pinturas,,True,category=Pinturas; normalized=pintura antioxido,DETERMINISTIC,KEEP,"Physical material, merchandise, food or tool",,0,0,0,0,0,0,False,0.0,1455.0
1338,1338,Pintura Azul Glacial 981,consu,consu,True,True,True,True,Pinturas,,True,category=Pinturas; normalized=pintura azul glacial 981,DETERMINISTIC,KEEP,"Physical material, merchandise, food or tool",,0,0,0,0,0,0,False,0.0,9540.0
1384,1384,Pintura Azul Positivo 93 Exterior Tropical Plus,consu,consu,True,True,True,True,Pinturas,,True,category=Pinturas; normalized=pintura azul positivo 93 exterior tropical plus,DETERMINISTIC,KEEP,"Physical material, merchandise, food or tool",,0,0,0,0,0,0,False,0.0,1794.45
999,999,Pintura AZUL Positvo Popular/tropical,consu,consu,True,True,True,True,Pinturas,,True,category=Pinturas; normalized=pintura azul positvo popular/tropical,DETERMINISTIC,KEEP,"Physical material, merchandise, food or tool",,0,0,0,0,0,0,False,0.0,2505.83
1381,1381,Pintura Blanco 00 Interior Tropical Plus,consu,consu,True,True,True,True,Pinturas,,True,category=Pinturas; normalized=pintura blanco 00 interior tropical plus,DETERMINISTIC,KEEP,"Physical material, merchandise, food or tool",,0,0,0,0,0,0,False,0.0,8972.26
1383,1383,Pintura Blanco 00 Semigloss Tropical Plus,consu,consu,True,True,True,True,Pinturas,,True,category=Pinturas; normalized=pintura blanco 00 semigloss tropical plus,DETERMINISTIC,KEEP,"Physical material, merchandise, food or tool",,0,0,0,0,0,0,False,0.0,9375.98
1336,1336,Pintura Blanco 50,consu,consu,True,True,True,True,Pinturas,,True,category=Pinturas; normalized=pintura blanco 50,DETERMINISTIC,KEEP,"Physical material, merchandise, food or tool",,0,0,0,0,0,0,False,0.0,8247.0
1443,1443,Pintura BLANCO Trafico,consu,consu,True,True,True,True,Pinturas,,True,category=Pinturas; normalized=pintura blanco trafico,DETERMINISTIC,KEEP,"Physical material, merchandise, food or tool",,0,0,0,0,0,0,False,0.0,21907.5
998,998,Pintura BLANCO Trafico Popular/tropical,consu,consu,True,True,True,True,Pinturas,,True,category=Pinturas; normalized=pintura blanco trafico popular/tropical,DETERMINISTIC,KEEP,"Physical material, merchandise, food or tool",,0,0,0,0,0,0,False,0.0,20002.0
380,380,Pintura BLANCO Trafico Tropical,consu,consu,True,True,True,True,Pinturas,,True,category=Pinturas; normalized=pintura blanco trafico tropical,DETERMINISTIC,KEEP,"Physical material, merchandise, food or tool",,0,0,0,0,0,0,False,0.0,19050.0
1382,1382,Pintura Colonial 66 Acrilica Exterior Tropical Plus,consu,consu,True,True,True,True,Pinturas,,True,category=Pinturas; normalized=pintura colonial 66 acrilica exterior tropical plus,DETERMINISTIC,KEEP,"Physical material, merchandise, food or tool",,0,0,0,0,0,0,False,0.0,8972.26
1337,1337,Pintura Colonial 966,consu,consu,True,True,True,True,Pinturas,,True,category=Pinturas; normalized=pintura colonial 966,DETERMINISTIC,KEEP,"Physical material, merchandise, food or tool",,0,0,0,0,0,0,False,0.0,9759.0
45,45,PINTURA CONTRACTOR ACRILICA ROJO TEJA 18 POPULAR,consu,consu,True,True,False,True,,,True,invoice_lines=1; normalized=pintura contractor acrilica rojo teja 18 popular,DETERMINISTIC,FIX_PURCHASE_OK,"Physical material, merchandise, food or tool",,0,0,1,0,0,0,False,0.0,2386.5
667,667,Pintura Contractor Acrilica ROJO TEJA 18 Popular Pro/tropical,consu,consu,True,True,True,True,Pinturas,,True,category=Pinturas; normalized=pintura contractor acrilica rojo teja 18 popular pro/tropical,DETERMINISTIC,KEEP,"Physical material, merchandise, food or tool",,0,0,0,0,0,0,False,0.0,2386.5
946,946,Pintura CREMA Acrlico,consu,consu,True,True,True,True,Pinturas,,True,category=Pinturas; normalized=pintura crema acrlico,DETERMINISTIC,KEEP,"Physical material, merchandise, food or tool",,0,0,0,0,0,0,False,0.0,6050.0
1120,1120,Pintura EN Aerosol NEGRO CON BRILLO 12/1,consu,consu,True,True,True,True,Pinturas,,True,category=Pinturas; normalized=pintura en aerosol negro con brillo 12/1,DETERMINISTIC,KEEP,"Physical material, merchandise, food or tool",,0,0,0,0,0,0,False,0.0,2880.0
1341,1341,Pintura Esmalte Blanca,consu,consu,True,True,True,True,Pinturas,,True,category=Pinturas; normalized=pintura esmalte blanca,DETERMINISTIC,KEEP,"Physical material, merchandise, food or tool",,0,0,0,0,0,0,False,0.0,2500.0
1386,1386,Pintura Esmalte Blanca 00 Tropical Plus,consu,consu,True,True,True,True,Pinturas,,True,category=Pinturas; normalized=pintura esmalte blanca 00 tropical plus,DETERMINISTIC,KEEP,"Physical material, merchandise, food or tool",,0,0,0,0,0,0,False,0.0,1995.85
1218,1218,Pintura Esmalte OXIDO NEGRO Tropical,consu,consu,True,True,True,True,Pinturas,,True,category=Pinturas; normalized=pintura esmalte oxido negro tropical,DETERMINISTIC,KEEP,"Physical material, merchandise, food or tool",,0,0,0,0,0,0,False,0.0,499.0
48,48,PINTURA ESMALTE PLUS AZUL 54 TROPICA/ POPULAR PRO,consu,consu,True,True,False,True,,,True,invoice_lines=1; normalized=pintura esmalte plus azul 54 tropica/ popular pro,DETERMINISTIC,FIX_PURCHASE_OK,"Physical material, merchandise, food or tool",,0,0,1,0,0,0,False,0.0,11932.5
1339,1339,Pintura Grafito 42,consu,consu,True,True,True,True,Pinturas,,True,category=Pinturas; normalized=pintura grafito 42,DETERMINISTIC,KEEP,"Physical material, merchandise, food or tool",,0,0,0,0,0,0,False,0.0,8253.0
1385,1385,Pintura Grafito 42 Acrilica Exterior Tropical Plus,consu,consu,True,True,True,True,Pinturas,,True,category=Pinturas; normalized=pintura grafito 42 acrilica exterior tropical plus,DETERMINISTIC,KEEP,"Physical material, merchandise, food or tool",,0,0,0,0,0,0,False,0.0,1794.45
1335,1335,Pintura Gris 26 Claro Acrilica,consu,consu,True,True,True,True,Pinturas,,True,category=Pinturas; normalized=pintura gris 26 claro acrilica,DETERMINISTIC,KEEP,"Physical material, merchandise, food or tool",,0,0,0,0,0,0,False,0.0,8247.0
381,381,Pintura GRIS Industrial,consu,consu,True,True,True,True,Pinturas,,True,category=Pinturas; normalized=pintura gris industrial,DETERMINISTIC,KEEP,"Physical material, merchandise, food or tool",,0,0,0,0,0,0,False,0.0,2744.48
1000,1000,Pintura GRIS Industrial Popular/tropical,consu,consu,True,True,True,True,Pinturas,,True,category=Pinturas; normalized=pintura gris industrial popular/tropical,DETERMINISTIC,KEEP,"Physical material, merchandise, food or tool",,0,0,0,0,0,0,False,0.0,1505.83
1342,1342,Pintura Gris Perla Esmalte,consu,consu,True,True,True,True,Pinturas,,True,category=Pinturas; normalized=pintura gris perla esmalte,DETERMINISTIC,KEEP,"Physical material, merchandise, food or tool",,0,0,0,0,0,0,False,0.0,2500.0
1470,1470,Pintura 'NEGRO Contractor Positivo,consu,consu,True,True,True,True,Pinturas,,True,category=Pinturas; normalized=pintura negro contractor positivo,DETERMINISTIC,KEEP,"Physical material, merchandise, food or tool",,0,0,0,0,0,0,False,0.0,11630.8
663,663,Pintura NEGRO Positivo,consu,consu,True,True,True,True,Pinturas,,True,category=Pinturas; normalized=pintura negro positivo,DETERMINISTIC,KEEP,"Physical material, merchandise, food or tool",,0,0,0,0,0,0,False,0.0,11790.13
1027,1027,Pintura OXIDO GRIS Tropical GALON,consu,consu,True,True,True,True,Pinturas,,True,category=Pinturas; normalized=pintura oxido gris tropical galon,DETERMINISTIC,KEEP,"Physical material, merchandise, food or tool",,0,0,0,0,0,0,False,0.0,1760.0
64,64,PINTURA OXIDO NEGRO,consu,consu,True,True,False,True,,,True,invoice_lines=1; normalized=pintura oxido negro,DETERMINISTIC,FIX_PURCHASE_OK,"Physical material, merchandise, food or tool",,0,0,1,0,0,0,False,0.0,1874.0
1119,1119,Pintura Popular Esmalte GRIS ARENA 62,consu,consu,True,True,True,True,Pinturas,,True,category=Pinturas; normalized=pintura popular esmalte gris arena 62,DETERMINISTIC,KEEP,"Physical material, merchandise, food or tool",,0,0,0,0,0,0,False,0.0,2386.5
418,418,Pintura Popular Esmalte GRIS PLATA,consu,consu,True,True,True,True,Pinturas,,True,category=Pinturas; normalized=pintura popular esmalte gris plata,DETERMINISTIC,KEEP,"Physical material, merchandise, food or tool",,0,0,0,0,0,0,False,0.0,2565.5
207,207,Pintura Popular Ext-int PRO ARENA 23,consu,consu,True,True,True,True,Pinturas,,True,category=Pinturas; normalized=pintura popular ext-int pro arena 23,DETERMINISTIC,KEEP,"Physical material, merchandise, food or tool",,0,0,0,0,0,0,False,0.0,11932.5
206,206,Pintura Popular Ext-int PRO BLANCO 50,consu,consu,True,True,True,True,Pinturas,,True,category=Pinturas; normalized=pintura popular ext-int pro blanco 50,DETERMINISTIC,KEEP,"Physical material, merchandise, food or tool",,0,0,0,0,0,0,False,0.0,11932.5
93,93,PINTURA PRO SEMIGLOSS (POP) PORCELANA 90 5 GL,consu,consu,True,True,False,True,,,True,invoice_lines=1; normalized=pintura pro semigloss pop porcelana 90 5 gl,DETERMINISTIC,FIX_PURCHASE_OK,"Physical material, merchandise, food or tool",,0,0,1,0,0,0,False,0.0,10958.99
993,993,Pinturas Acrilicas General (dos Mano),consu,consu,True,True,True,True,Pinturas,,True,category=Pinturas; normalized=pinturas acrilicas general dos mano,DETERMINISTIC,KEEP,"Physical material, merchandise, food or tool",,0,0,0,0,0,0,False,0.0,198.9
92,92,PINTURA SEMI CONTRACTOR BLANCO 00 1 GL,consu,consu,True,True,False,True,,,True,invoice_lines=1; normalized=pintura semi contractor blanco 00 1 gl,DETERMINISTIC,FIX_PURCHASE_OK,"Physical material, merchandise, food or tool",,0,0,1,0,0,0,False,0.0,2386.5
90,90,PINTURA SEMI CONTRACTOR MARMOL 939 1 GL,consu,consu,True,True,False,True,,,True,invoice_lines=1; normalized=pintura semi contractor marmol 939 1 gl,DETERMINISTIC,FIX_PURCHASE_OK,"Physical material, merchandise, food or tool",,0,0,1,0,0,0,False,0.0,2386.5
91,91,PINTURA SEMI CONTRACTOR MARMOL 939 5 GL,consu,consu,True,True,False,True,,,True,invoice_lines=1; normalized=pintura semi contractor marmol 939 5 gl,DETERMINISTIC,FIX_PURCHASE_OK,"Physical material, merchandise, food or tool",,0,0,1,0,0,0,False,0.0,8050.0
1460,1460,Pintura Semi-gloss,consu,consu,True,True,True,True,Pinturas,,True,category=Pinturas; normalized=pintura semi-gloss,DETERMINISTIC,KEEP,"Physical material, merchandise, food or tool",,0,0,0,0,0,0,False,0.0,98992.0
505,505,Pintura Semi-gloss (dos Manos),consu,consu,True,True,True,True,Pinturas,,True,category=Pinturas; normalized=pintura semi-gloss dos manos,DETERMINISTIC,KEEP,"Physical material, merchandise, food or tool",,0,0,0,0,0,0,False,0.0,250.0
233,233,Pintura Sherwin Williams DE 1/4 (SW 7558),consu,consu,True,True,True,True,Pinturas,,True,category=Pinturas; normalized=pintura sherwin williams de 1/4 sw 7558,DETERMINISTIC,KEEP,"Physical material, merchandise, food or tool",,0,0,0,0,0,0,False,0.0,30663.1
608,608,Pintura SPRAY ROJO CHINO 23 Scarlata Smartlife,consu,consu,True,True,True,True,Pinturas,,True,category=Pinturas; normalized=pintura spray rojo chino 23 scarlata smartlife,DETERMINISTIC,KEEP,"Physical material, merchandise, food or tool",,0,0,0,0,0,0,False,0.0,182.0
1340,1340,Pintura Trafico Amarillo,consu,consu,True,True,True,True,Pinturas,,True,category=Pinturas; normalized=pintura trafico amarillo,DETERMINISTIC,KEEP,"Physical material, merchandise, food or tool",,0,0,0,0,0,0,False,0.0,2850.0
1387,1387,Pintura Trafico Blanco,consu,consu,True,True,True,True,Pinturas,,True,category=Pinturas; normalized=pintura trafico blanco,DETERMINISTIC,KEEP,"Physical material, merchandise, food or tool",,0,0,0,0,0,0,False,0.0,2426.24
1552,1552,Pintura Trafico Esmalte CANO,consu,consu,True,True,True,True,Pinturas,,True,category=Pinturas; normalized=pintura trafico esmalte cano,DETERMINISTIC,KEEP,"Physical material, merchandise, food or tool",,0,0,0,0,0,0,False,0.0,1564.07
89,89,PINTURA TRAFIC PAINT AMARILLO 1 GL,consu,consu,True,True,False,True,,,True,invoice_lines=1; normalized=pintura trafic paint amarillo 1 gl,DETERMINISTIC,FIX_PURCHASE_OK,"Physical material, merchandise, food or tool",,0,0,1,0,0,0,False,0.0,3515.0
208,208,Pintura Tropical Contractor NEGRO 53 Positivo,consu,consu,True,True,True,True,Pinturas,,True,category=Pinturas; normalized=pintura tropical contractor negro 53 positivo,DETERMINISTIC,KEEP,"Physical material, merchandise, food or tool",,0,0,0,0,0,0,False,0.0,10932.5
447,447,Pinturatropical ULTRA Esmalte NEGRO MATE,consu,consu,True,True,True,True,Pinturas,,True,category=Pinturas; normalized=pinturatropical ultra esmalte negro mate,DETERMINISTIC,KEEP,"Physical material, merchandise, food or tool",,0,0,0,0,0,0,False,0.0,2565.5
419,419,Pintura Tropical ULTRA Esmalte NEGRO MATE,consu,consu,True,True,True,True,Pinturas,,True,category=Pinturas; normalized=pintura tropical ultra esmalte negro mate,DETERMINISTIC,KEEP,"Physical material, merchandise, food or tool",,0,0,0,0,0,0,False,0.0,2565.5
478,478,PINZA DE CORTE Diagonal 8,consu,consu,True,True,True,True,Ferretería,,True,category=Ferretería; normalized=pinza de corte diagonal 8,DETERMINISTIC,KEEP,"Physical material, merchandise, food or tool",,0,0,0,0,0,0,False,0.0,680.9
539,539,PINZA DE CORTE PICO LARGO 8 10306 KENDO,consu,consu,True,True,True,True,Ferretería,,True,category=Ferretería; normalized=pinza de corte pico largo 8 10306 kendo,DETERMINISTIC,KEEP,"Physical material, merchandise, food or tool",,0,0,0,0,0,0,False,0.0,286.0
1495,1495,PINZA DE CORTE PUNTA LARGA 8'' 84-102 Stanley,consu,consu,True,True,True,True,Ferretería,,True,category=Ferretería; normalized=pinza de corte punta larga 8 84-102 stanley,DETERMINISTIC,KEEP,"Physical material, merchandise, food or tool",,0,0,0,0,0,0,False,0.0,872.0
121,121,"PINZA DE CORTE PUNTA LARGA 8"" 84-102 STANLEY",service,consu,True,True,False,True,,,True,"invoice_lines=1; normalized=pinza de corte punta larga 8"" 84-102 stanley",DETERMINISTIC,FIX_TYPE_AND_FLAGS,"Physical material, merchandise, food or tool",PHYSICAL_AS_SERVICE,0,0,1,0,0,0,False,0.0,872.0
1413,1413,"Pinza De Extencion 13""truper",consu,consu,True,True,True,True,Herramientas,,True,"category=Herramientas; normalized=pinza de extencion 13""truper",HIGH_CONFIDENCE,KEEP,Already Goods and name is not a service,,0,0,0,0,0,0,False,0.0,775.0
119,119,"PINZA DE EXTENSION 10"" TRUPER",consu,consu,True,True,False,True,,,True,"invoice_lines=1; normalized=pinza de extension 10"" truper",DETERMINISTIC,FIX_PURCHASE_OK,"Physical material, merchandise, food or tool",,0,0,1,0,0,0,False,0.0,1350.0
599,599,PINZA DE PUNTA 8 PRETUL 22627,consu,consu,True,True,True,True,Ferretería,,True,category=Ferretería; normalized=pinza de punta 8 pretul 22627,HIGH_CONFIDENCE,KEEP,Already Goods and name is not a service,,0,0,0,0,0,0,False,0.0,650.0
1044,1044,"PINZA DE PUNTA CURVA 6"" TRUPER 17337",consu,consu,True,True,True,True,Herramientas,,True,"category=Herramientas; normalized=pinza de punta curva 6"" truper 17337",HIGH_CONFIDENCE,KEEP,Already Goods and name is not a service,,0,0,0,0,0,0,False,0.0,650.0
120,120,"PINZA LAGARTO 10"" TRUPER",consu,consu,True,True,False,True,,,True,"invoice_lines=1; normalized=pinza lagarto 10"" truper",DETERMINISTIC,FIX_PURCHASE_OK,"Physical material, merchandise, food or tool",,0,0,1,0,0,0,False,0.0,1385.0
530,530,Pistola Mecanica PARA Sopletear PISO-1 TRUPER,consu,consu,True,True,True,True,Herramientas,,True,category=Herramientas; normalized=pistola mecanica para sopletear piso-1 truper,HIGH_CONFIDENCE,KEEP,Already Goods and name is not a service,,0,0,0,0,0,0,False,0.0,750.0
489,489,Pistola PARA PINTAR TRUPER COD.1900,consu,consu,True,True,True,True,Herramientas,,True,category=Herramientas; normalized=pistola para pintar truper cod.1900,HIGH_CONFIDENCE,KEEP,Already Goods and name is not a service,,0,0,0,0,0,0,False,0.0,2890.0
1515,1515,Pizarras DE TIZA PARA AULA 190 Cm X 120cm,consu,consu,True,True,True,True,Ferretería,,True,category=Ferretería; normalized=pizarras de tiza para aula 190 cm x 120cm,HIGH_CONFIDENCE,KEEP,Already Goods and name is not a service,,0,0,0,0,0,0,False,0.0,11440.68
601,601,PLANA P/albañil 7'' 45204 KENDO,consu,consu,True,True,True,True,Ferretería,,True,category=Ferretería; normalized=plana p/albanil 7 45204 kendo,HIGH_CONFIDENCE,KEEP,Already Goods and name is not a service,,0,0,0,0,0,0,False,0.0,212.0
1555,1555,Plancha DE ROPA A VAPOR Black&decker 1100 W,consu,consu,True,True,True,True,Ferretería,,True,category=Ferretería; normalized=plancha de ropa a vapor black decker 1100 w,HIGH_CONFIDENCE,KEEP,Already Goods and name is not a service,,0,0,0,0,0,0,False,0.0,2250.0
1587,1587,Plancha DE ROPA A VAPOR Discovery HOME 1000W,consu,consu,True,True,True,True,Ferretería,,True,category=Ferretería; normalized=plancha de ropa a vapor discovery home 1000w,HIGH_CONFIDENCE,KEEP,Already Goods and name is not a service,,0,0,0,0,0,0,False,0.0,1646.1
953,953,Plancha PLAFON PVC Machihembrado,consu,consu,True,True,True,True,Plomería,,True,category=Plomería; normalized=plancha plafon pvc machihembrado,HIGH_CONFIDENCE,KEEP,Already Goods and name is not a service,,0,0,0,0,0,0,False,0.0,1750.0
423,423,Plancha Playwood DE 1/2,consu,consu,True,True,True,True,Ferretería,,True,category=Ferretería; normalized=plancha playwood de 1/2,HIGH_CONFIDENCE,KEEP,Already Goods and name is not a service,,0,0,0,0,0,0,False,0.0,2399.0
1069,1069,Planchas DE Aluzinc DE 16,consu,consu,True,True,True,True,Ferretería,,True,category=Ferretería; normalized=planchas de aluzinc de 16,HIGH_CONFIDENCE,KEEP,Already Goods and name is not a service,,0,0,0,0,0,0,False,0.0,3904.9
1070,1070,Planchas DE Aluzinc DE 20,consu,consu,True,True,True,True,Ferretería,,True,category=Ferretería; normalized=planchas de aluzinc de 20,HIGH_CONFIDENCE,KEEP,Already Goods and name is not a service,,0,0,0,0,0,0,False,0.0,4880.0
1071,1071,Planchas DE Aluzinc DE 25,consu,consu,True,True,True,True,Ferretería,,True,category=Ferretería; normalized=planchas de aluzinc de 25,HIGH_CONFIDENCE,KEEP,Already Goods and name is not a service,,0,0,0,0,0,0,False,0.0,5200.0
166,166,PLANCHAS DE ALUZINC PARED CALIBRE 26 ( 1.00 X 2.50 MTS),consu,consu,True,True,False,True,,,True,invoice_lines=1; normalized=planchas de aluzinc pared calibre 26 1.00 x 2.50 mts,HIGH_CONFIDENCE,FIX_PURCHASE_OK,Already Goods and name is not a service,,0,0,1,0,0,0,False,0.0,711.86
1277,1277,Planchas DE Aluzinc TECHO- Calibre 26 ( 1.00 MTS X 4.50 ),consu,consu,True,True,True,True,Ferretería,,True,category=Ferretería; normalized=planchas de aluzinc techo- calibre 26 1.00 mts x 4.50,HIGH_CONFIDENCE,KEEP,Already Goods and name is not a service,,0,0,0,0,0,0,False,0.0,1423.73
163,163,PLANCHAS DE ALUZINC TECHO - CALIBRE 26 ( 1.00 MTS X 4.50 ),consu,consu,True,True,False,True,,,True,invoice_lines=1; normalized=planchas de aluzinc techo - calibre 26 1.00 mts x 4.50,HIGH_CONFIDENCE,FIX_PURCHASE_OK,Already Goods and name is not a service,,0,0,1,0,0,0,False,0.0,1060.76
164,164,PLANCHAS DE ALUZINC TECHO - CALIBRE 26 ( 1.00 MTS X 5.00 MTS ),consu,consu,True,True,False,True,,,True,invoice_lines=1; normalized=planchas de aluzinc techo - calibre 26 1.00 mts x 5.00 mts,HIGH_CONFIDENCE,FIX_PURCHASE_OK,Already Goods and name is not a service,,0,0,1,0,0,0,False,0.0,1623.73
165,165,PLANCHAS DE ALUZINC TECHO CALIBRE 26 ( 1.00 MTS X 6.20 MTS ),consu,consu,True,True,False,True,,,True,invoice_lines=1; normalized=planchas de aluzinc techo calibre 26 1.00 mts x 6.20 mts,HIGH_CONFIDENCE,FIX_PURCHASE_OK,Already Goods and name is not a service,,0,0,1,0,0,0,False,0.0,1979.66
1020,1020,Planchas DE ALUZIN DE 16,consu,consu,True,True,True,True,Ferretería,,True,category=Ferretería; normalized=planchas de aluzin de 16,HIGH_CONFIDENCE,KEEP,Already Goods and name is not a service,,0,0,0,0,0,0,False,0.0,4034.6
1021,1021,Planchas DE ALUZIN DE 20,consu,consu,True,True,True,True,Ferretería,,True,category=Ferretería; normalized=planchas de aluzin de 20,HIGH_CONFIDENCE,KEEP,Already Goods and name is not a service,,0,0,0,0,0,0,False,0.0,5390.0
1022,1022,Planchas DE ALUZIN DE 25,consu,consu,True,True,True,True,Ferretería,,True,category=Ferretería; normalized=planchas de aluzin de 25,HIGH_CONFIDENCE,KEEP,Already Goods and name is not a service,,0,0,0,0,0,0,False,0.0,5800.0
634,634,Plancha Sheetrock,consu,consu,True,True,True,True,Ferretería,,True,category=Ferretería; normalized=plancha sheetrock,HIGH_CONFIDENCE,KEEP,Already Goods and name is not a service,,0,0,0,0,0,0,False,0.0,650.0
136,136,"PLANCHUELA 2""X1/4""",consu,consu,True,True,False,True,,,True,"invoice_lines=1; normalized=planchuela 2""x1/4""",HIGH_CONFIDENCE,FIX_PURCHASE_OK,Already Goods and name is not a service,,0,0,1,0,0,0,False,0.0,2700.0
1504,1504,Planchuela 2''x1/4'',consu,consu,True,True,True,True,Ferretería,,True,category=Ferretería; normalized=planchuela 2 x1/4,HIGH_CONFIDENCE,KEEP,Already Goods and name is not a service,,0,0,0,0,0,0,False,0.0,2700.0
1219,1219,Planchuela 2x1/4x20 -34 LBS,consu,consu,True,True,True,True,Ferretería,,True,category=Ferretería; normalized=planchuela 2x1/4x20 -34 lbs,HIGH_CONFIDENCE,KEEP,Already Goods and name is not a service,,0,0,0,0,0,0,False,0.0,3837.29
176,176,Platea En Hormigon 210 Kg/cm2-h:0.10 Con Malla Electrosold. D2.3 20x20,consu,consu,True,True,True,True,Construcción,,True,category=Construcción; normalized=platea en hormigon 210 kg/cm2-h 0.10 con malla electrosold. d2.3 20x20,DETERMINISTIC,KEEP,"Physical material, merchandise, food or tool",,0,0,0,0,0,0,False,0.0,10000.0
1422,1422,Plato Foami Con Division 200/1,consu,consu,True,True,True,True,Ferretería,,True,category=Ferretería; normalized=plato foami con division 200/1,HIGH_CONFIDENCE,KEEP,Already Goods and name is not a service,,0,0,0,0,0,0,False,0.0,14.0
779,779,Playwood 1/2 Ferremix,consu,consu,True,True,True,True,Ferretería,,True,category=Ferretería; normalized=playwood 1/2 ferremix,HIGH_CONFIDENCE,KEEP,Already Goods and name is not a service,,0,0,0,0,0,0,False,0.0,1886.0
273,273,Pliego De Lija #100 SILOX LIJA Esmeril,consu,consu,True,True,True,True,Ferretería,,True,category=Ferretería; normalized=pliego de lija 100 silox lija esmeril,HIGH_CONFIDENCE,KEEP,Already Goods and name is not a service,,0,0,0,0,0,0,False,0.0,60.0
276,276,Pliego De Lija #120 De Agua GRINCO,consu,consu,True,True,True,True,Ferretería,,True,category=Ferretería; normalized=pliego de lija 120 de agua grinco,HIGH_CONFIDENCE,KEEP,Already Goods and name is not a service,,0,0,0,0,0,0,False,0.0,125.0
274,274,Pliego De Lija #120 SILOX LIJA Esmeril,consu,consu,True,True,True,True,Ferretería,,True,category=Ferretería; normalized=pliego de lija 120 silox lija esmeril,HIGH_CONFIDENCE,KEEP,Already Goods and name is not a service,,0,0,0,0,0,0,False,0.0,60.0
277,277,Pliego De Lija #220 De Agua GRINCO,consu,consu,True,True,True,True,Ferretería,,True,category=Ferretería; normalized=pliego de lija 220 de agua grinco,HIGH_CONFIDENCE,KEEP,Already Goods and name is not a service,,0,0,0,0,0,0,False,0.0,130.0
275,275,Pliego De Lija #240 SILOX LIJA Esmeril,consu,consu,True,True,True,True,Ferretería,,True,category=Ferretería; normalized=pliego de lija 240 silox lija esmeril,HIGH_CONFIDENCE,KEEP,Already Goods and name is not a service,,0,0,0,0,0,0,False,0.0,60.0
271,271,Pliego De Lija #60 SILOX LIJA Esmeril,consu,consu,True,True,True,True,Ferretería,,True,category=Ferretería; normalized=pliego de lija 60 silox lija esmeril,HIGH_CONFIDENCE,KEEP,Already Goods and name is not a service,,0,0,0,0,0,0,False,0.0,60.0
272,272,Pliego De Lija #80 SILOX LIJA Esmeril,consu,consu,True,True,True,True,Ferretería,,True,category=Ferretería; normalized=pliego de lija 80 silox lija esmeril,HIGH_CONFIDENCE,KEEP,Already Goods and name is not a service,,0,0,0,0,0,0,False,0.0,60.0
464,464,PLIEGO DE LIJA Esmeril NORTON #100,consu,consu,True,True,True,True,Ferretería,,True,category=Ferretería; normalized=pliego de lija esmeril norton 100,HIGH_CONFIDENCE,KEEP,Already Goods and name is not a service,,0,0,0,0,0,0,False,0.0,68.5
523,523,PLIEGO DE LIJA Esmeril NORTON #120,consu,consu,True,True,True,True,Ferretería,,True,category=Ferretería; normalized=pliego de lija esmeril norton 120,HIGH_CONFIDENCE,KEEP,Already Goods and name is not a service,,0,0,0,0,0,0,False,0.0,68.5
522,522,PLIEGO DE LIJA Esmeril NORTON #60,consu,consu,True,True,True,True,Ferretería,,True,category=Ferretería; normalized=pliego de lija esmeril norton 60,HIGH_CONFIDENCE,KEEP,Already Goods and name is not a service,,0,0,0,0,0,0,False,0.0,68.5
251,251,Pl Mdf 1/2 Hidrofugo Brazil Duratex,consu,consu,True,True,True,True,Ferretería,,True,category=Ferretería; normalized=pl mdf 1/2 hidrofugo brazil duratex,HIGH_CONFIDENCE,KEEP,Already Goods and name is not a service,,0,0,0,0,0,0,False,0.0,2550.0
449,449,PL MDF 3/8 Hidrofugo BRAZIL,consu,consu,True,True,True,True,Ferretería,,True,category=Ferretería; normalized=pl mdf 3/8 hidrofugo brazil,HIGH_CONFIDENCE,KEEP,Already Goods and name is not a service,,0,0,0,0,0,0,False,0.0,2380.0
677,677,PL Plywood 1/2 PINO,consu,consu,True,True,True,True,Construcción,,True,category=Construcción; normalized=pl plywood 1/2 pino,DETERMINISTIC,KEEP,"Physical material, merchandise, food or tool",,0,0,0,0,0,0,False,0.0,2725.0
450,450,PL Plywood 1/2 PINO S/CARA,consu,consu,True,True,True,True,Construcción,,True,category=Construcción; normalized=pl plywood 1/2 pino s/cara,DETERMINISTIC,KEEP,"Physical material, merchandise, food or tool",,0,0,0,0,0,0,False,0.0,2450.0
678,678,PL Plywood 3/8 PINO,consu,consu,True,True,True,True,Construcción,,True,category=Construcción; normalized=pl plywood 3/8 pino,DETERMINISTIC,KEEP,"Physical material, merchandise, food or tool",,0,0,0,0,0,0,False,0.0,1860.0
451,451,PL Plywood 3/8 PINO S/CARA,consu,consu,True,True,True,True,Construcción,,True,category=Construcción; normalized=pl plywood 3/8 pino s/cara,DETERMINISTIC,KEEP,"Physical material, merchandise, food or tool",,0,0,0,0,0,0,False,0.0,1895.0
867,867,Ply-mel MDP HDR Teca Limo SW 6x8-18mm(3/4),consu,consu,True,True,True,True,Ferretería,,True,category=Ferretería; normalized=ply-mel mdp hdr teca limo sw 6x8-18mm 3/4,HIGH_CONFIDENCE,KEEP,Already Goods and name is not a service,,0,0,0,0,0,0,False,0.0,11590.37
1319,1319,POLLO ENTERO Descongelado,consu,consu,True,True,True,True,Carnes,"COMERCIALIZADORA DE ALIMENTOS PIÑARIA, S.R.L.",True,"category=Carnes; company=COMERCIALIZADORA DE ALIMENTOS PIÑARIA, S.R.L.; normalized=pollo entero descongelado",DETERMINISTIC,KEEP,"Physical material, merchandise, food or tool",,0,0,0,0,0,0,False,0.0,150.0
1322,1322,Poncherita Pequeña,consu,consu,True,True,True,True,Ferretería,,True,category=Ferretería; normalized=poncherita pequena,HIGH_CONFIDENCE,KEEP,Already Goods and name is not a service,,0,0,0,0,0,0,False,0.0,1000.0
1098,1098,Popular LACA Natural BRILLO,consu,consu,True,True,True,True,Ferretería,,True,category=Ferretería; normalized=popular laca natural brillo,HIGH_CONFIDENCE,KEEP,Already Goods and name is not a service,,0,0,0,0,0,0,False,0.0,1460.0
195,195,Porcelanato 60x60,consu,consu,True,True,True,True,Ferretería,,True,category=Ferretería; normalized=porcelanato 60x60,HIGH_CONFIDENCE,KEEP,Already Goods and name is not a service,,0,0,0,0,0,0,False,0.0,2450.55
172,172,Porcelanato 60x60 Español,consu,consu,True,True,True,True,Ferretería,,True,category=Ferretería; normalized=porcelanato 60x60 espanol,HIGH_CONFIDENCE,KEEP,Already Goods and name is not a service,,0,0,0,0,0,0,False,0.0,1650.0
1175,1175,Porcelanato 60X60 LISO COLOR CREMA ANTI MANCHA,consu,consu,True,True,True,True,Ferretería,,True,category=Ferretería; normalized=porcelanato 60x60 liso color crema anti mancha,HIGH_CONFIDENCE,KEEP,Already Goods and name is not a service,,0,0,0,0,0,0,False,0.0,1150.0
75,75,PORTAROLLO C/CUBIERTA FOSTER AQA,consu,consu,True,True,False,True,,,True,invoice_lines=1; normalized=portarollo c/cubierta foster aqa,HIGH_CONFIDENCE,FIX_PURCHASE_OK,Already Goods and name is not a service,,0,0,1,0,0,0,False,0.0,984.0
664,664,PORTA ROLO,consu,consu,True,True,True,True,Ferretería,,True,category=Ferretería; normalized=porta rolo,HIGH_CONFIDENCE,KEEP,Already Goods and name is not a service,,0,0,0,0,0,0,False,0.0,340.0
1203,1203,PORTA ROLO 9 Profesional LANCO,consu,consu,True,True,True,True,Ferretería,,True,category=Ferretería; normalized=porta rolo 9 profesional lanco,HIGH_CONFIDENCE,KEEP,Already Goods and name is not a service,,0,0,0,0,0,0,False,0.0,195.3
763,763,PORTA ROLO CANO Reforzado,consu,consu,True,True,True,True,Ferretería,,True,category=Ferretería; normalized=porta rolo cano reforzado,HIGH_CONFIDENCE,KEEP,Already Goods and name is not a service,,0,0,0,0,0,0,False,0.0,335.0
127,127,PORTA ROLO LANCO HEAVY DUTY ROLLER FRAME,consu,consu,True,True,False,True,,,True,invoice_lines=1; normalized=porta rolo lanco heavy duty roller frame,HIGH_CONFIDENCE,FIX_PURCHASE_OK,Already Goods and name is not a service,,0,0,1,0,0,0,False,0.0,608.48
600,600,PORTA ROLO PA-576-19 LANCO,consu,consu,True,True,True,True,Ferretería,,True,category=Ferretería; normalized=porta rolo pa-576-19 lanco,HIGH_CONFIDENCE,KEEP,Already Goods and name is not a service,,0,0,0,0,0,0,False,0.0,225.0
240,240,PORTA ROLO PINTAR SML,consu,consu,True,True,True,True,Ferretería,,True,category=Ferretería; normalized=porta rolo pintar sml,HIGH_CONFIDENCE,KEEP,Already Goods and name is not a service,,0,0,0,0,0,0,False,0.0,220.0
1102,1102,PORTA ROLO Refolsado TRUPER,consu,consu,True,True,True,True,Herramientas,,True,category=Herramientas; normalized=porta rolo refolsado truper,HIGH_CONFIDENCE,KEEP,Already Goods and name is not a service,,0,0,0,0,0,0,False,0.0,225.0
1345,1345,"Porta Rolo Reforzado Negro 9""",consu,consu,True,True,True,True,Ferretería,,True,"category=Ferretería; normalized=porta rolo reforzado negro 9""",HIGH_CONFIDENCE,KEEP,Already Goods and name is not a service,,0,0,0,0,0,0,False,0.0,320.0
1281,1281,Post-in 3X3 TALBOT,consu,consu,True,True,True,True,Ferretería,,True,category=Ferretería; normalized=post-in 3x3 talbot,HIGH_CONFIDENCE,KEEP,Already Goods and name is not a service,,0,0,0,0,0,0,False,0.0,28.0
1431,1431,Post-it Amarillos,consu,consu,True,True,True,True,Ferretería,,True,category=Ferretería; normalized=post-it amarillos,HIGH_CONFIDENCE,KEEP,Already Goods and name is not a service,,0,0,0,0,0,0,False,0.0,530.0
349,349,Post-it Amarillos 12/1,consu,consu,True,True,True,True,Ferretería,,True,category=Ferretería; normalized=post-it amarillos 12/1,HIGH_CONFIDENCE,KEEP,Already Goods and name is not a service,,0,0,0,0,0,0,False,0.0,590.0
1432,1432,Post-it DE Colores,consu,consu,True,True,True,True,Ferretería,,True,category=Ferretería; normalized=post-it de colores,HIGH_CONFIDENCE,KEEP,Already Goods and name is not a service,,0,0,0,0,0,0,False,0.0,530.0
350,350,Post-it DE Colores 12/1,consu,consu,True,True,True,True,Ferretería,,True,category=Ferretería; normalized=post-it de colores 12/1,HIGH_CONFIDENCE,KEEP,Already Goods and name is not a service,,0,0,0,0,0,0,False,0.0,590.0
1364,1364,Power Pack,consu,consu,True,True,True,True,Ferretería,,True,category=Ferretería; normalized=power pack,HIGH_CONFIDENCE,KEEP,Already Goods and name is not a service,,0,0,0,0,0,0,False,0.0,610.05
1476,1476,POWER RIDER 2 Tiempos,consu,consu,True,True,True,True,Ferretería,,True,category=Ferretería; normalized=power rider 2 tiempos,HIGH_CONFIDENCE,KEEP,Already Goods and name is not a service,,0,0,0,0,0,0,False,0.0,1413.0
1477,1477,POWER RIDER 4 Tiempos 10W-30,consu,consu,True,True,True,True,Ferretería,,True,category=Ferretería; normalized=power rider 4 tiempos 10w-30,HIGH_CONFIDENCE,KEEP,Already Goods and name is not a service,,0,0,0,0,0,0,False,0.0,1585.0
949,949,POWER ROYAL Breaker Europeo 2P 20 AMP C20,consu,consu,True,True,True,True,Material eléctrico,,True,category=Material eléctrico; normalized=power royal breaker europeo 2p 20 amp c20,DETERMINISTIC,KEEP,"Physical material, merchandise, food or tool",,0,0,0,0,0,0,False,0.0,600.0
1332,1332,"Power Supplay Dc 12 Volt 90-260 Volt 60 Hz, Con Bateria De 12 V. 4amp H.",consu,consu,True,True,True,True,Ferretería,,True,category=Ferretería; normalized=power supplay dc 12 volt 90-260 volt 60 hz con bateria de 12 v. 4amp h.,HIGH_CONFIDENCE,KEEP,Already Goods and name is not a service,,0,0,0,0,0,0,False,0.0,4850.0
455,455,PRIMER PARA MADERA BLANCO /relleno POWER RIDER 2014,consu,consu,True,True,True,True,Ferretería,,True,category=Ferretería; normalized=primer para madera blanco /relleno power rider 2014,HIGH_CONFIDENCE,KEEP,Already Goods and name is not a service,,0,0,0,0,0,0,False,0.0,3798.0
255,255,Primer Para Madera Blanco /relleno POWER RIDER 2014 GL,consu,consu,True,True,True,True,Ferretería,,True,category=Ferretería; normalized=primer para madera blanco /relleno power rider 2014 gl,HIGH_CONFIDENCE,KEEP,Already Goods and name is not a service,,0,0,0,0,0,0,False,0.0,3750.0
759,759,PRIMER P/LONA Asfaltica,consu,consu,True,True,True,True,Ferretería,,True,category=Ferretería; normalized=primer p/lona asfaltica,HIGH_CONFIDENCE,KEEP,Already Goods and name is not a service,,0,0,0,0,0,0,False,0.0,2380.5
1092,1092,Proteccion Auditiva TRUPER,consu,consu,True,True,True,True,Herramientas,,True,category=Herramientas; normalized=proteccion auditiva truper,HIGH_CONFIDENCE,KEEP,Already Goods and name is not a service,,0,0,0,0,0,0,False,0.0,1050.0
493,493,Proteccion Auditiva TRUPER 14257,consu,consu,True,True,True,True,Herramientas,,True,category=Herramientas; normalized=proteccion auditiva truper 14257,HIGH_CONFIDENCE,KEEP,Already Goods and name is not a service,,0,0,0,0,0,0,False,0.0,996.0
472,472,Protector Auditivo 100/1,consu,consu,True,True,True,True,Ferretería,,True,category=Ferretería; normalized=protector auditivo 100/1,HIGH_CONFIDENCE,KEEP,Already Goods and name is not a service,,0,0,0,0,0,0,False,0.0,7890.0
495,495,Puerta Comercial 2.10X2 M Con Dintel Y Panos Fijo Laterales,consu,consu,True,True,True,True,Ferretería,,True,category=Ferretería; normalized=puerta comercial 2.10x2 m con dintel y panos fijo laterales,HIGH_CONFIDENCE,KEEP,Already Goods and name is not a service,,0,0,0,0,0,0,False,0.0,125800.0
1010,1010,PUERTA Comercial TRAD. LBCO C/ VID. LISO 1/4 CLARO 100 0/0 X 191 0/0 Pulgds,consu,consu,True,True,True,True,Ferretería,,True,category=Ferretería; normalized=puerta comercial trad. lbco c/ vid. liso 1/4 claro 100 0/0 x 191 0/0 pulgds,HIGH_CONFIDENCE,KEEP,Already Goods and name is not a service,,0,0,0,0,0,0,False,0.0,27459.0
424,424,PUERTA DE Polimetal BLANCA 0.90 X 2.10M,consu,consu,True,True,True,True,Ferretería,,True,category=Ferretería; normalized=puerta de polimetal blanca 0.90 x 2.10m,HIGH_CONFIDENCE,KEEP,Already Goods and name is not a service,,0,0,0,0,0,0,False,0.0,18745.0
496,496,Puerta Polimetal 2.10x0.90 M,consu,consu,True,True,True,True,Ferretería,,True,category=Ferretería; normalized=puerta polimetal 2.10x0.90 m,HIGH_CONFIDENCE,KEEP,Already Goods and name is not a service,,0,0,0,0,0,0,False,0.0,20000.0
602,602,Pulidora 4 1/2 - 1 000W STGS1011 Stanley,consu,consu,True,True,True,True,Ferretería,,True,category=Ferretería; normalized=pulidora 4 1/2 - 1 000w stgs1011 stanley,HIGH_CONFIDENCE,KEEP,Already Goods and name is not a service,,0,0,0,0,0,0,False,0.0,4512.0
361,361,Pulidora 41/2 TRUPER 16452,consu,consu,True,True,True,True,Herramientas,,True,category=Herramientas; normalized=pulidora 41/2 truper 16452,HIGH_CONFIDENCE,KEEP,Already Goods and name is not a service,,0,0,0,0,0,0,False,0.0,7650.0
362,362,Pulidora 41/2 TRUPER GRANDE,consu,consu,True,True,True,True,Herramientas,,True,category=Herramientas; normalized=pulidora 41/2 truper grande,HIGH_CONFIDENCE,KEEP,Already Goods and name is not a service,,0,0,0,0,0,0,False,0.0,26880.0
395,395,Pulidora Angular Stanley 9'' (2200w) 110-120V,consu,consu,True,True,True,True,Ferretería,,True,category=Ferretería; normalized=pulidora angular stanley 9 2200w 110-120v,HIGH_CONFIDENCE,KEEP,Already Goods and name is not a service,,0,0,0,0,0,0,False,0.0,8855.93
394,394,Pulidora Stanley 7'' (180mm) 110-120V,consu,consu,True,True,True,True,Ferretería,,True,category=Ferretería; normalized=pulidora stanley 7 180mm 110-120v,HIGH_CONFIDENCE,KEEP,Already Goods and name is not a service,,0,0,0,0,0,0,False,0.0,6421.19
1094,1094,"PUNTA PARA DES #2 2"" 5/1",consu,consu,True,True,True,True,Ferretería,,True,"category=Ferretería; normalized=punta para des 2 2"" 5/1",HIGH_CONFIDENCE,KEEP,Already Goods and name is not a service,,0,0,0,0,0,0,False,0.0,275.55
700,700,"PUNTA PARA DES #2 2"" TRUPER 5/1",consu,consu,True,True,True,True,Herramientas,,True,"category=Herramientas; normalized=punta para des 2 2"" truper 5/1",HIGH_CONFIDENCE,KEEP,Already Goods and name is not a service,,0,0,0,0,0,0,False,0.0,324.0
1414,1414,"Punta Para Des #2 2""truper 5/1 Cod.12147",consu,consu,True,True,True,True,Herramientas,,True,"category=Herramientas; normalized=punta para des 2 2""truper 5/1 cod.12147",HIGH_CONFIDENCE,KEEP,Already Goods and name is not a service,,0,0,0,0,0,0,False,0.0,275.0
477,477,"PUNTA PARA DES #2 2"" TRUPER 5/1 COD.12147",consu,consu,True,True,True,True,Herramientas,,True,"category=Herramientas; normalized=punta para des 2 2"" truper 5/1 cod.12147",HIGH_CONFIDENCE,KEEP,Already Goods and name is not a service,,0,0,0,0,0,0,False,0.0,255.75
1093,1093,"PUNTA P/ DES. #3 2"" 5/1",consu,consu,True,True,True,True,Ferretería,,True,"category=Ferretería; normalized=punta p/ des. 3 2"" 5/1",HIGH_CONFIDENCE,KEEP,Already Goods and name is not a service,,0,0,0,0,0,0,False,0.0,299.9
699,699,"PUNTA P/ DES. #3 2"" 5/1 TRUPER",consu,consu,True,True,True,True,Herramientas,,True,"category=Herramientas; normalized=punta p/ des. 3 2"" 5/1 truper",HIGH_CONFIDENCE,KEEP,Already Goods and name is not a service,,0,0,0,0,0,0,False,0.0,312.15
476,476,"PUNTA P/ DES. #3 2"" 5/1 TRUPER COD.12149",consu,consu,True,True,True,True,Herramientas,,True,"category=Herramientas; normalized=punta p/ des. 3 2"" 5/1 truper cod.12149",HIGH_CONFIDENCE,KEEP,Already Goods and name is not a service,,0,0,0,0,0,0,False,0.0,275.19
873,873,Punta Ph 2 X 50mm - Bianditz 239202,consu,consu,True,True,True,True,Ferretería,,True,category=Ferretería; normalized=punta ph 2 x 50mm - bianditz 239202,HIGH_CONFIDENCE,KEEP,Already Goods and name is not a service,,0,0,0,0,0,0,False,0.0,85.37
874,874,Punta Ph 2 X 75mm - Bianditz 240205,consu,consu,True,True,True,True,Ferretería,,True,category=Ferretería; normalized=punta ph 2 x 75mm - bianditz 240205,HIGH_CONFIDENCE,KEEP,Already Goods and name is not a service,,0,0,0,0,0,0,False,0.0,350.55
33,33,RAMPA DE ACCESO A EXCAVACION CUADRANTE #2,service,service,True,True,False,False,,,True,invoice_lines=2; normalized=rampa de acceso a excavacion cuadrante 2,HIGH_CONFIDENCE,KEEP,"Construction/haulage/petty-cash activity, not a SKU",,0,0,2,0,0,0,False,0.0,65415.0
169,169,Rampa En Hormigon 210 Kg/cm2-h:0.20 Con Malla Electrosoldada,consu,consu,True,True,True,True,Construcción,,True,category=Construcción; normalized=rampa en hormigon 210 kg/cm2-h 0.20 con malla electrosoldada,DETERMINISTIC,KEEP,"Physical material, merchandise, food or tool",,0,0,0,0,0,0,False,0.0,10500.0
603,603,Rastrillo DE Asfalto PRETUL,consu,consu,True,True,True,True,Ferretería,,True,category=Ferretería; normalized=rastrillo de asfalto pretul,HIGH_CONFIDENCE,KEEP,Already Goods and name is not a service,,0,0,0,0,0,0,False,0.0,885.0
410,410,Rastrillo Plastico,consu,consu,True,True,True,True,Ferretería,,True,category=Ferretería; normalized=rastrillo plastico,HIGH_CONFIDENCE,KEEP,Already Goods and name is not a service,,0,0,0,0,0,0,False,0.0,966.0
1262,1262,Recogedores DE BASURA PALITA REINA,consu,consu,True,True,True,True,Ferretería,,True,category=Ferretería; normalized=recogedores de basura palita reina,HIGH_CONFIDENCE,KEEP,Already Goods and name is not a service,,0,0,0,0,0,0,False,0.0,100.0
409,409,Recogedor Plastico,consu,consu,True,True,True,True,Ferretería,,True,category=Ferretería; normalized=recogedor plastico,HIGH_CONFIDENCE,KEEP,Already Goods and name is not a service,,0,0,0,0,0,0,False,0.0,348.0
798,798,Reduccion Bushing PVC 2'' X11/2'',consu,consu,True,True,True,True,Plomería,,True,category=Plomería; normalized=reduccion bushing pvc 2 x11/2,HIGH_CONFIDENCE,KEEP,Already Goods and name is not a service,,0,0,0,0,0,0,False,0.0,59.0
715,715,"Reduccion PVC 1/2 X 3/4""",consu,consu,True,True,True,True,Plomería,,True,"category=Plomería; normalized=reduccion pvc 1/2 x 3/4""",HIGH_CONFIDENCE,KEEP,Already Goods and name is not a service,,0,0,0,0,0,0,False,0.0,28.0
714,714,"Reduccion PVC 1 X 3/4""",consu,consu,True,True,True,True,Plomería,,True,"category=Plomería; normalized=reduccion pvc 1 x 3/4""",HIGH_CONFIDENCE,KEEP,Already Goods and name is not a service,,0,0,0,0,0,0,False,0.0,30.0
813,813,Reduccion PVC 2x11/2'',consu,consu,True,True,True,True,Plomería,,True,category=Plomería; normalized=reduccion pvc 2x11/2,HIGH_CONFIDENCE,KEEP,Already Goods and name is not a service,,0,0,0,0,0,0,False,0.0,65.0
904,904,Reetructuracion Pasamanos DE ACERO Inoxidable EN RAMPAS Y Escalones,consu,consu,True,True,True,True,Ferretería,,True,category=Ferretería; normalized=reetructuracion pasamanos de acero inoxidable en rampas y escalones,HIGH_CONFIDENCE,KEEP,Already Goods and name is not a service,,0,0,0,0,0,0,False,0.0,65000.0
432,432,Reflector LED 50W,consu,consu,True,True,True,True,Material eléctrico,,True,category=Material eléctrico; normalized=reflector led 50w,HIGH_CONFIDENCE,KEEP,Already Goods and name is not a service,,0,0,0,0,0,0,False,0.0,3425.0
1372,1372,Refrigerante R-22 30 Lb,consu,consu,True,True,True,True,Ferretería,,True,category=Ferretería; normalized=refrigerante r-22 30 lb,HIGH_CONFIDENCE,KEEP,Already Goods and name is not a service,,0,0,0,0,0,0,False,0.0,8500.98
1366,1366,Refrigerante R404 24 Lb,consu,consu,True,True,True,True,Ferretería,,True,category=Ferretería; normalized=refrigerante r404 24 lb,HIGH_CONFIDENCE,KEEP,Already Goods and name is not a service,,0,0,0,0,0,0,False,0.0,23000.0
1371,1371,Refrigerante R-410 25lb,consu,consu,True,True,True,True,Ferretería,,True,category=Ferretería; normalized=refrigerante r-410 25lb,HIGH_CONFIDENCE,KEEP,Already Goods and name is not a service,,0,0,0,0,0,0,False,0.0,22000.0
884,884,Registro 12 X 12 X 4 NEMA 1,consu,consu,True,True,True,True,Ferretería,,True,category=Ferretería; normalized=registro 12 x 12 x 4 nema 1,HIGH_CONFIDENCE,KEEP,Already Goods and name is not a service,,0,0,0,0,0,0,False,0.0,1050.0
791,791,"Rejilla P/PISO Decorativa 11/2""",consu,consu,True,True,True,True,Ferretería,,True,"category=Ferretería; normalized=rejilla p/piso decorativa 11/2""",HIGH_CONFIDENCE,KEEP,Already Goods and name is not a service,,0,0,0,0,0,0,False,0.0,510.0
1328,1328,Remozamiento De RAMPA Y Descanso DE Escalera DE Granito PULIDO,consu,consu,True,True,True,True,Ferretería,,True,category=Ferretería; normalized=remozamiento de rampa y descanso de escalera de granito pulido,HIGH_CONFIDENCE,KEEP,Already Goods and name is not a service,,0,0,0,0,0,0,False,0.0,185000.0
1298,1298,Resaltadores VARIOS Colores Blister,consu,consu,True,True,True,True,Ferretería,,True,category=Ferretería; normalized=resaltadores varios colores blister,HIGH_CONFIDENCE,KEEP,Already Goods and name is not a service,,0,0,0,0,0,0,False,0.0,415.0
979,979,Resane De Grieta En Entrada,consu,consu,True,True,True,True,Ferretería,,True,category=Ferretería; normalized=resane de grieta en entrada,HIGH_CONFIDENCE,KEEP,Already Goods and name is not a service,,0,0,0,0,0,0,False,0.0,378.9
197,197,Resane De Pared Y Hueco En Distribucion Red Agua Potable,consu,consu,True,True,True,True,Ferretería,,True,category=Ferretería; normalized=resane de pared y hueco en distribucion red agua potable,HIGH_CONFIDENCE,KEEP,Already Goods and name is not a service,,0,0,0,0,0,0,False,0.0,65455.0
875,875,Resbalardores Blanco/negro C/goma 1,consu,consu,True,True,True,True,Neumáticos,,True,category=Neumáticos; normalized=resbalardores blanco/negro c/goma 1,DETERMINISTIC,KEEP,"Physical material, merchandise, food or tool",,0,0,0,0,0,0,False,0.0,10.77
1320,1320,RES Deshuesada,consu,consu,True,True,True,True,Carnes,"COMERCIALIZADORA DE ALIMENTOS PIÑARIA, S.R.L.",True,"category=Carnes; company=COMERCIALIZADORA DE ALIMENTOS PIÑARIA, S.R.L.; normalized=res deshuesada",DETERMINISTIC,KEEP,"Physical material, merchandise, food or tool",,0,0,0,0,0,0,False,0.0,270.0
1182,1182,"RESMA DE PAPEL ABBY TAMAÑO CARTA Calibre 20, 8 1/2 * 11",consu,consu,True,True,True,True,Oficina,,True,category=Oficina; normalized=resma de papel abby tamano carta calibre 20 8 1/2 11,HIGH_CONFIDENCE,KEEP,Already Goods and name is not a service,,0,0,0,0,0,0,False,0.0,570.0
914,914,"Resma De Papel Abby Tamaño Carta Calibre 20, 8 1/2 * 11 Pulgadas.",consu,consu,True,True,True,True,Oficina,,True,category=Oficina; normalized=resma de papel abby tamano carta calibre 20 8 1/2 11 pulgadas.,HIGH_CONFIDENCE,KEEP,Already Goods and name is not a service,,0,0,0,0,0,0,False,0.0,460.0
915,915,"Resma De Papel Abby Tamaño Carta Calibre 20, 8 1/2 * 14 Pulgadas.",consu,consu,True,True,True,True,Oficina,,True,category=Oficina; normalized=resma de papel abby tamano carta calibre 20 8 1/2 14 pulgadas.,HIGH_CONFIDENCE,KEEP,Already Goods and name is not a service,,0,0,0,0,0,0,False,0.0,545.0
1438,1438,RESMA DE PAPEL BOND ABBY 8 1/2 X 11*,consu,consu,True,True,True,True,Oficina,,True,category=Oficina; normalized=resma de papel bond abby 8 1/2 x 11,HIGH_CONFIDENCE,KEEP,Already Goods and name is not a service,,0,0,0,0,0,0,False,0.0,30.0
16,16,RESMA DE PAPEL BOND INFOPRINT 8.5x11 500/1,consu,consu,True,True,False,True,,,True,invoice_lines=1; normalized=resma de papel bond infoprint 8.5x11 500/1,HIGH_CONFIDENCE,FIX_PURCHASE_OK,Already Goods and name is not a service,,0,0,1,0,0,0,False,0.0,362.63
345,345,RESMA DE PAPEL Ofi-nota 8 1/2 X11,consu,consu,True,True,True,True,Oficina,,True,category=Oficina; normalized=resma de papel ofi-nota 8 1/2 x11,HIGH_CONFIDENCE,KEEP,Already Goods and name is not a service,,0,0,0,0,0,0,False,0.0,594.0
1315,1315,RES MOLIDA,consu,consu,True,True,True,True,Carnes,"COMERCIALIZADORA DE ALIMENTOS PIÑARIA, S.R.L.",True,"category=Carnes; company=COMERCIALIZADORA DE ALIMENTOS PIÑARIA, S.R.L.; normalized=res molida",DETERMINISTIC,KEEP,"Physical material, merchandise, food or tool",,0,0,0,0,0,0,False,0.0,230.0
1095,1095,Retardador Popular,consu,consu,True,True,True,True,Ferretería,,True,category=Ferretería; normalized=retardador popular,HIGH_CONFIDENCE,KEEP,Already Goods and name is not a service,,0,0,0,0,0,0,False,0.0,1435.87
454,454,Retardador Tropical,consu,consu,True,True,True,True,Ferretería,,True,category=Ferretería; normalized=retardador tropical,HIGH_CONFIDENCE,KEEP,Already Goods and name is not a service,,0,0,0,0,0,0,False,0.0,2600.0
680,680,Retardador Tropical TODO USO,consu,consu,True,True,True,True,Ferretería,,True,category=Ferretería; normalized=retardador tropical todo uso,HIGH_CONFIDENCE,KEEP,Already Goods and name is not a service,,0,0,0,0,0,0,False,0.0,2456.0
191,191,Rodamiento C-6206 Z DE ALTA Temperatura SKF,consu,consu,True,True,True,True,Ferretería,,True,category=Ferretería; normalized=rodamiento c-6206 z de alta temperatura skf,HIGH_CONFIDENCE,KEEP,Already Goods and name is not a service,,0,0,0,0,0,0,False,0.0,5000.0
1467,1467,ROJO Positivo Pintura Acrilica,consu,consu,True,True,True,True,Pinturas,,True,category=Pinturas; normalized=rojo positivo pintura acrilica,DETERMINISTIC,KEEP,"Physical material, merchandise, food or tool",,0,0,0,0,0,0,False,0.0,11630.8
1109,1109,ROJO Positivo Pintura Acrilica Popular,consu,consu,True,True,True,True,Pinturas,,True,category=Pinturas; normalized=rojo positivo pintura acrilica popular,DETERMINISTIC,KEEP,"Physical material, merchandise, food or tool",,0,0,0,0,0,0,False,0.0,11790.13
1354,1354,Rollo De Estaño 60/40,consu,consu,True,True,True,True,Ferretería,,True,category=Ferretería; normalized=rollo de estano 60/40,HIGH_CONFIDENCE,KEEP,Already Goods and name is not a service,,0,0,0,0,0,0,False,0.0,850.0
1249,1249,ROLLOS DE PAPEL Higienico JUMBO JUNIOR JF,consu,consu,True,True,True,True,Oficina,,True,category=Oficina; normalized=rollos de papel higienico jumbo junior jf,HIGH_CONFIDENCE,KEEP,Already Goods and name is not a service,,0,0,0,0,0,0,False,0.0,65.0
1250,1250,ROLLOS DE PAPEL TOALLA,consu,consu,True,True,True,True,Oficina,,True,category=Oficina; normalized=rollos de papel toalla,HIGH_CONFIDENCE,KEEP,Already Goods and name is not a service,,0,0,0,0,0,0,False,0.0,145.0
1452,1452,ROLLOS Plastico P/paletizar 18,consu,consu,True,True,True,True,Ferretería,,True,category=Ferretería; normalized=rollos plastico p/paletizar 18,HIGH_CONFIDENCE,KEEP,Already Goods and name is not a service,,0,0,0,0,0,0,False,0.0,800.0
1446,1446,ROLO Antigota 4'',consu,consu,True,True,True,True,Ferretería,,True,category=Ferretería; normalized=rolo antigota 4,HIGH_CONFIDENCE,KEEP,Already Goods and name is not a service,,0,0,0,0,0,0,False,0.0,245.0
420,420,Rondana DE 3'',consu,consu,True,True,True,True,Ferretería,,True,category=Ferretería; normalized=rondana de 3,HIGH_CONFIDENCE,KEEP,Already Goods and name is not a service,,0,0,0,0,0,0,False,0.0,800.0
202,202,Roseta Porcelana Leviton,consu,consu,True,True,True,True,Ferretería,,True,category=Ferretería; normalized=roseta porcelana leviton,HIGH_CONFIDENCE,KEEP,Already Goods and name is not a service,,0,0,0,0,0,0,False,0.0,325.0
342,342,ROSETA Porselana Leviton,consu,consu,True,True,True,True,Ferretería,,True,category=Ferretería; normalized=roseta porselana leviton,HIGH_CONFIDENCE,KEEP,Already Goods and name is not a service,,0,0,0,0,0,0,False,0.0,230.0
729,729,ROST OFF SPRAY 300 ML WURTH,consu,consu,True,True,True,True,Ferretería,,True,category=Ferretería; normalized=rost off spray 300 ml wurth,HIGH_CONFIDENCE,KEEP,Already Goods and name is not a service,,0,0,0,0,0,0,False,0.0,690.0
1479,1479,Rotomartillo SDS MAX 1050 W,consu,consu,True,True,True,True,Herramientas,,True,category=Herramientas; normalized=rotomartillo sds max 1050 w,HIGH_CONFIDENCE,KEEP,Already Goods and name is not a service,,0,0,0,0,0,0,False,0.0,87340.8
743,743,Rotomartillo SDS MAX 1050 W 1 9 / 16 DEWALT,consu,consu,True,True,True,True,Herramientas,,True,category=Herramientas; normalized=rotomartillo sds max 1050 w 1 9 / 16 dewalt,HIGH_CONFIDENCE,KEEP,Already Goods and name is not a service,,0,0,0,0,0,0,False,0.0,85025.76
1480,1480,Rotomartillo SDS PLUS 800 W,consu,consu,True,True,True,True,Herramientas,,True,category=Herramientas; normalized=rotomartillo sds plus 800 w,HIGH_CONFIDENCE,KEEP,Already Goods and name is not a service,,0,0,0,0,0,0,False,0.0,24985.96
744,744,Rotomartillo SDS PLUS 800 W DEWALT,consu,consu,True,True,True,True,Herramientas,,True,category=Herramientas; normalized=rotomartillo sds plus 800 w dewalt,HIGH_CONFIDENCE,KEEP,Already Goods and name is not a service,,0,0,0,0,0,0,False,0.0,25193.22
628,628,Rotulos DE CALLE,consu,consu,True,True,True,True,Ferretería,,True,category=Ferretería; normalized=rotulos de calle,HIGH_CONFIDENCE,KEEP,Already Goods and name is not a service,,0,0,0,0,0,0,False,0.0,2400.0
854,854,Saca Grapas,consu,consu,True,True,True,True,Ferretería,,True,category=Ferretería; normalized=saca grapas,HIGH_CONFIDENCE,KEEP,Already Goods and name is not a service,,0,0,0,0,0,0,False,0.0,50.0
919,919,"Sacagrapas Artesco Con Mango Plástico Ergonómico, Con Seguro Para Mantenerlo Plegado",consu,consu,True,True,True,True,Ferretería,,True,category=Ferretería; normalized=sacagrapas artesco con mango plastico ergonomico con seguro para mantenerlo plegado,HIGH_CONFIDENCE,KEEP,Already Goods and name is not a service,,0,0,0,0,0,0,False,0.0,70.0
1294,1294,SACA GRAPA STD NUSTAR NEGRO,consu,consu,True,True,True,True,Ferretería,,True,category=Ferretería; normalized=saca grapa std nustar negro,HIGH_CONFIDENCE,KEEP,Already Goods and name is not a service,,0,0,0,0,0,0,False,0.0,27.0
1131,1131,Sacapunta,consu,consu,True,True,True,True,Ferretería,,True,category=Ferretería; normalized=sacapunta,HIGH_CONFIDENCE,KEEP,Already Goods and name is not a service,,0,0,0,0,0,0,False,0.0,6.0
928,928,Sacapunta Electrico Bostitch,consu,consu,True,True,True,True,Ferretería,,True,category=Ferretería; normalized=sacapunta electrico bostitch,HIGH_CONFIDENCE,KEEP,Already Goods and name is not a service,,0,0,0,0,0,0,False,0.0,1990.0
927,927,Saca Puntas Manual De Metal,consu,consu,True,True,True,True,Ferretería,,True,category=Ferretería; normalized=saca puntas manual de metal,HIGH_CONFIDENCE,KEEP,Already Goods and name is not a service,,0,0,0,0,0,0,False,0.0,390.0
1033,1033,SACO NUEVO DE 45X74 CM,consu,consu,True,True,True,True,Ferretería,,True,category=Ferretería; normalized=saco nuevo de 45x74 cm,HIGH_CONFIDENCE,KEEP,Already Goods and name is not a service,,0,0,0,0,0,0,False,0.0,30.0
388,388,SACOS 45X74 CM,consu,consu,True,True,True,True,Ferretería,,True,category=Ferretería; normalized=sacos 45x74 cm,HIGH_CONFIDENCE,KEEP,Already Goods and name is not a service,,0,0,0,0,0,0,False,0.0,35.0
1527,1527,Salchichas DE CERDO JAJA 10 OZ 24/1,consu,consu,True,True,True,True,Ferretería,,True,category=Ferretería; normalized=salchichas de cerdo jaja 10 oz 24/1,HIGH_CONFIDENCE,KEEP,Already Goods and name is not a service,,0,0,0,0,0,0,False,0.0,1292.0
225,225,SALIDA Cenital (roseta Porcelana Leviton),consu,consu,True,True,True,True,Ferretería,,True,category=Ferretería; normalized=salida cenital roseta porcelana leviton,HIGH_CONFIDENCE,KEEP,Already Goods and name is not a service,,0,0,0,0,0,0,False,0.0,230.0
1533,1533,SAL MARINA MOLIDA Refisal FDA 1LB 25/1,consu,consu,True,True,True,True,Ferretería,,True,category=Ferretería; normalized=sal marina molida refisal fda 1lb 25/1,HIGH_CONFIDENCE,KEEP,Already Goods and name is not a service,,0,0,0,0,0,0,False,0.0,260.0
683,683,Sanding SEALER Tropical,consu,consu,True,True,True,True,Ferretería,,True,category=Ferretería; normalized=sanding sealer tropical,HIGH_CONFIDENCE,KEEP,Already Goods and name is not a service,,0,0,0,0,0,0,False,0.0,2118.0
1526,1526,Sardinas EN ACEITE AGUSTO 125 GR 24/1,consu,consu,True,True,True,True,Ferretería,,True,category=Ferretería; normalized=sardinas en aceite agusto 125 gr 24/1,HIGH_CONFIDENCE,KEEP,Already Goods and name is not a service,,0,0,0,0,0,0,False,0.0,1053.89
1530,1530,SAZON EN POLVO Constanza 8OZ 24/1,consu,consu,True,True,True,True,Ferretería,,True,category=Ferretería; normalized=sazon en polvo constanza 8oz 24/1,HIGH_CONFIDENCE,KEEP,Already Goods and name is not a service,,0,0,0,0,0,0,False,0.0,875.0
257,257,Sealer Tropical (6158),consu,consu,True,True,True,True,Ferretería,,True,category=Ferretería; normalized=sealer tropical 6158,HIGH_CONFIDENCE,KEEP,Already Goods and name is not a service,,0,0,0,0,0,0,False,0.0,2125.0
1389,1389,Secante P/ Pintura Esmalte,consu,consu,True,True,True,True,Pinturas,,True,category=Pinturas; normalized=secante p/ pintura esmalte,DETERMINISTIC,KEEP,"Physical material, merchandise, food or tool",,0,0,0,0,0,0,False,0.0,885.0
751,751,Sellador P/ TECHO Urethanizer ROOF SEALER LANCO 5GL,consu,consu,True,True,True,True,Ferretería,,True,category=Ferretería; normalized=sellador p/ techo urethanizer roof sealer lanco 5gl,HIGH_CONFIDENCE,KEEP,Already Goods and name is not a service,,0,0,0,0,0,0,False,0.0,15505.0
129,129,SELLATODO SILBOND CANO,consu,consu,True,True,False,True,,,True,invoice_lines=1; normalized=sellatodo silbond cano,HIGH_CONFIDENCE,FIX_PURCHASE_OK,Already Goods and name is not a service,,0,0,1,0,0,0,False,0.0,2780.0
416,416,Semiglos BLANCO HUESO Ext-int PRO Tropical,consu,consu,True,True,True,True,Ferretería,,True,category=Ferretería; normalized=semiglos blanco hueso ext-int pro tropical,HIGH_CONFIDENCE,KEEP,Already Goods and name is not a service,,0,0,0,0,0,0,False,0.0,3675.72
1163,1163,Señalizacion DE PARE,consu,consu,True,True,True,True,Ferretería,,True,category=Ferretería; normalized=senalizacion de pare,HIGH_CONFIDENCE,KEEP,Already Goods and name is not a service,,0,0,0,0,0,0,False,0.0,2900.0
1162,1162,Señalizacion DE RUTA DE Evacuacion A LA Derecha Medidas 12X6,consu,consu,True,True,True,True,Ferretería,,True,category=Ferretería; normalized=senalizacion de ruta de evacuacion a la derecha medidas 12x6,HIGH_CONFIDENCE,KEEP,Already Goods and name is not a service,,0,0,0,0,0,0,False,0.0,2250.0
389,389,Serigrafia A COLOR,consu,consu,True,True,True,True,Ferretería,,True,category=Ferretería; normalized=serigrafia a color,HIGH_CONFIDENCE,KEEP,Already Goods and name is not a service,,0,0,0,0,0,0,False,0.0,40.0
13,13,Service on Timesheets,service,service,True,True,True,True,Services,,True,category=Services; normalized=service on timesheets,DETERMINISTIC,KEEP,Canonical or system service; keep type=service,,0,0,0,0,0,0,False,0.0,40.0
5,5,Servicio de verificación interna,service,service,True,True,True,True,,,True,normalized=servicio de verificacion interna,DETERMINISTIC,KEEP,Canonical or system service; keep type=service,,6,3,0,0,0,0,False,0.0,100.0
28,28,SERVICIO MATERIAL CALICHE ESPONJADO (35% de 5000 M3),service,service,True,True,False,False,,,True,invoice_lines=1; normalized=servicio material caliche esponjado 35% de 5000 m3,HIGH_CONFIDENCE,KEEP,"Construction/haulage/petty-cash activity, not a SKU",,0,0,1,0,0,0,False,0.0,833.68
168,168,Servicios profesionales,service,service,True,True,True,True,Servicios,,True,category=Servicios; normalized=servicios profesionales,DETERMINISTIC,KEEP,Canonical or system service; keep type=service,,0,0,0,0,0,0,False,0.0,0.0
913,913,Servilletas DE MESA 500/1 VELVET PLUS,consu,consu,True,True,True,True,Mobiliario,,True,category=Mobiliario; normalized=servilletas de mesa 500/1 velvet plus,HIGH_CONFIDENCE,KEEP,Already Goods and name is not a service,,0,0,0,0,0,0,False,0.0,950.0
1254,1254,Servilletas OCEAN BREEZE 500/1,consu,consu,True,True,True,True,Ferretería,,True,category=Ferretería; normalized=servilletas ocean breeze 500/1,HIGH_CONFIDENCE,KEEP,Already Goods and name is not a service,,0,0,0,0,0,0,False,0.0,100.0
1268,1268,Servilletas PARA Dispensadores C-FOLD,consu,consu,True,True,True,True,Ferretería,,True,category=Ferretería; normalized=servilletas para dispensadores c-fold,HIGH_CONFIDENCE,KEEP,Already Goods and name is not a service,,0,0,0,0,0,0,False,0.0,95.0
1130,1130,SET DE Geometria,consu,consu,True,True,True,True,Ferretería,,True,category=Ferretería; normalized=set de geometria,HIGH_CONFIDENCE,KEEP,Already Goods and name is not a service,,0,0,0,0,0,0,False,0.0,50.0
1538,1538,Set De Muebles Plasticos,consu,consu,True,True,True,True,Ferretería,,True,category=Ferretería; normalized=set de muebles plasticos,HIGH_CONFIDENCE,KEEP,Already Goods and name is not a service,,0,0,0,0,0,0,False,0.0,17699.15
1558,1558,SET DE Muebles Platicos Duralon,consu,consu,True,True,True,True,Ferretería,,True,category=Ferretería; normalized=set de muebles platicos duralon,HIGH_CONFIDENCE,KEEP,Already Goods and name is not a service,,0,0,0,0,0,0,False,0.0,16076.27
1590,1590,SET DE Muebles Platicos FERR Confort,consu,consu,True,True,True,True,Ferretería,,True,category=Ferretería; normalized=set de muebles platicos ferr confort,HIGH_CONFIDENCE,KEEP,Already Goods and name is not a service,,0,0,0,0,0,0,False,0.0,20399.16
1506,1506,SHEET ROCK 4'x8''x1/2',consu,consu,True,True,True,True,Ferretería,,True,category=Ferretería; normalized=sheet rock 4 x8 x1/2,HIGH_CONFIDENCE,KEEP,Already Goods and name is not a service,,0,0,0,0,0,0,False,0.0,1788.0
605,605,SIERRA Circular 7-1/4 1500W 10A DWE.5615,consu,consu,True,True,True,True,Herramientas,,True,category=Herramientas; normalized=sierra circular 7-1/4 1500w 10a dwe.5615,HIGH_CONFIDENCE,KEEP,Already Goods and name is not a service,,0,0,0,0,0,0,False,0.0,16108.8
735,735,SIFON PARA Lavamano PVC 1 1/2'' 35376 Eastman,consu,consu,True,True,True,True,Plomería,,True,category=Plomería; normalized=sifon para lavamano pvc 1 1/2 35376 eastman,HIGH_CONFIDENCE,KEEP,Already Goods and name is not a service,,0,0,0,0,0,0,False,0.0,215.12
74,74,"SIFON PARA LAVAMANO PVC 1 1/2"" 35376 EASTMAN",consu,consu,True,True,False,True,,,True,"invoice_lines=1; normalized=sifon para lavamano pvc 1 1/2"" 35376 eastman",HIGH_CONFIDENCE,FIX_PURCHASE_OK,Already Goods and name is not a service,,0,0,1,0,0,0,False,0.0,215.12
797,797,SIFON Sencillo Americano EASTAM 11/2'',consu,consu,True,True,True,True,Ferretería,,True,category=Ferretería; normalized=sifon sencillo americano eastam 11/2,HIGH_CONFIDENCE,KEEP,Already Goods and name is not a service,,0,0,0,0,0,0,False,0.0,165.0
1158,1158,Silbato C/cordon,consu,consu,True,True,True,True,Ferretería,,True,category=Ferretería; normalized=silbato c/cordon,HIGH_CONFIDENCE,KEEP,Already Goods and name is not a service,,0,0,0,0,0,0,False,0.0,970.0
78,78,SILICON 100% RTV CLEAR TUBO 10.3 SS-888-18 LANCO,consu,consu,True,True,False,True,,,True,invoice_lines=1; normalized=silicon 100% rtv clear tubo 10.3 ss-888-18 lanco,DETERMINISTIC,FIX_PURCHASE_OK,"Physical material, merchandise, food or tool",,0,0,1,0,0,0,False,0.0,570.0
805,805,Silicon LANCO Transparente Industrial,consu,consu,True,True,True,True,Ferretería,,True,category=Ferretería; normalized=silicon lanco transparente industrial,HIGH_CONFIDENCE,KEEP,Already Goods and name is not a service,,0,0,0,0,0,0,False,0.0,800.0
1137,1137,Silicon Liquido 30 ML Barrilito,consu,consu,True,True,True,True,Ferretería,,True,category=Ferretería; normalized=silicon liquido 30 ml barrilito,HIGH_CONFIDENCE,KEEP,Already Goods and name is not a service,,0,0,0,0,0,0,False,0.0,110.0
807,807,Silicon Uretano WEST NEGRO 310 ML,consu,consu,True,True,True,True,Ferretería,,True,category=Ferretería; normalized=silicon uretano west negro 310 ml,HIGH_CONFIDENCE,KEEP,Already Goods and name is not a service,,0,0,0,0,0,0,False,0.0,870.0
1606,1606,SILLA DE VISITA PARA Directores Tapizada EN Pielina,consu,consu,True,True,True,True,Mobiliario,,True,category=Mobiliario; normalized=silla de visita para directores tapizada en pielina,HIGH_CONFIDENCE,KEEP,Already Goods and name is not a service,,0,0,0,0,0,0,False,0.0,12047.8
1246,1246,SILLAS DE Acompañante Imnovamed,consu,consu,True,True,True,True,Mobiliario,,True,category=Mobiliario; normalized=sillas de acompanante imnovamed,HIGH_CONFIDENCE,KEEP,Already Goods and name is not a service,,0,0,0,0,0,0,False,0.0,42222.0
1600,1600,SILLAS DE VISITA PARA Usuario Beiramar,consu,consu,True,True,True,True,Mobiliario,,True,category=Mobiliario; normalized=sillas de visita para usuario beiramar,HIGH_CONFIDENCE,KEEP,Already Goods and name is not a service,,0,0,0,0,0,0,False,0.0,6100.6
1604,1604,SILLAS PARA VISITA DELUXE,consu,consu,True,True,True,True,Mobiliario,,True,category=Mobiliario; normalized=sillas para visita deluxe,HIGH_CONFIDENCE,KEEP,Already Goods and name is not a service,,0,0,0,0,0,0,False,0.0,12465.52
1516,1516,"SILLAS Plasticas SIN BRAZOS , COLOR OSCURO RIMAX",consu,consu,True,True,True,True,Mobiliario,,True,category=Mobiliario; normalized=sillas plasticas sin brazos color oscuro rimax,HIGH_CONFIDENCE,KEEP,Already Goods and name is not a service,,0,0,0,0,0,0,False,0.0,1205.84
1607,1607,SILLON Ejecutivo CELIO EN PIEL Genuina COLOR NEGRO,consu,consu,True,True,True,True,Ferretería,,True,category=Ferretería; normalized=sillon ejecutivo celio en piel genuina color negro,HIGH_CONFIDENCE,KEEP,Already Goods and name is not a service,,0,0,0,0,0,0,False,0.0,21860.68
1500,1500,SILLON Ejecutivo DELUXE EN MALLA,consu,consu,True,True,True,True,Ferretería,,True,category=Ferretería; normalized=sillon ejecutivo deluxe en malla,HIGH_CONFIDENCE,KEEP,Already Goods and name is not a service,,0,0,0,0,0,0,False,0.0,12358.6
1499,1499,"SILLON Ejecutivo Roberto Tapizado EN Pielina COLOR NEGRO, DISENO Italiano, Ergonomico,",consu,consu,True,True,True,True,Ferretería,,True,category=Ferretería; normalized=sillon ejecutivo roberto tapizado en pielina color negro diseno italiano ergonomico,HIGH_CONFIDENCE,KEEP,Already Goods and name is not a service,,0,0,0,0,0,0,False,0.0,18895.6
1595,1595,SILLON Tecnico Creative,consu,consu,True,True,True,True,Ferretería,,True,category=Ferretería; normalized=sillon tecnico creative,HIGH_CONFIDENCE,KEEP,Already Goods and name is not a service,,0,0,0,0,0,0,False,0.0,11086.1
1303,1303,SOBRE MANILA 85X11,consu,consu,True,True,True,True,Ferretería,,True,category=Ferretería; normalized=sobre manila 85x11,HIGH_CONFIDENCE,KEEP,Already Goods and name is not a service,,0,0,0,0,0,0,False,0.0,6.0
1302,1302,SOBRES MANILA 14X17,consu,consu,True,True,True,True,Ferretería,,True,category=Ferretería; normalized=sobres manila 14x17,HIGH_CONFIDENCE,KEEP,Already Goods and name is not a service,,0,0,0,0,0,0,False,0.0,12.0
822,822,Sobres Manila Tamaño 10 X 13,consu,consu,True,True,True,True,Ferretería,,True,category=Ferretería; normalized=sobres manila tamano 10 x 13,HIGH_CONFIDENCE,KEEP,Already Goods and name is not a service,,0,0,0,0,0,0,False,0.0,4.56
825,825,Sobres Manila Tamaño 6 1/2 X 9 1/2,consu,consu,True,True,True,True,Ferretería,,True,category=Ferretería; normalized=sobres manila tamano 6 1/2 x 9 1/2,HIGH_CONFIDENCE,KEEP,Already Goods and name is not a service,,0,0,0,0,0,0,False,0.0,12.0
823,823,Sobres Manila Tamaño #7 De Pago Amarillo,consu,consu,True,True,True,True,Ferretería,,True,category=Ferretería; normalized=sobres manila tamano 7 de pago amarillo,HIGH_CONFIDENCE,KEEP,Already Goods and name is not a service,,0,0,0,0,0,0,False,0.0,9.6
824,824,Sobres Manila Tamaño #7 De Pago Blanco,consu,consu,True,True,True,True,Ferretería,,True,category=Ferretería; normalized=sobres manila tamano 7 de pago blanco,HIGH_CONFIDENCE,KEEP,Already Goods and name is not a service,,0,0,0,0,0,0,False,0.0,9.6
821,821,Sobres Manila Tamaño 9 X 12,consu,consu,True,True,True,True,Ferretería,,True,category=Ferretería; normalized=sobres manila tamano 9 x 12,HIGH_CONFIDENCE,KEEP,Already Goods and name is not a service,,0,0,0,0,0,0,False,0.0,10.2
173,173,Socalo,consu,consu,True,True,True,True,Ferretería,,True,category=Ferretería; normalized=socalo,HIGH_CONFIDENCE,KEEP,Already Goods and name is not a service,,0,0,0,0,0,0,False,0.0,400.0
1155,1155,SOGA DE CABUYA (R/ 33.07 LB),consu,consu,True,True,True,True,Ferretería,,True,category=Ferretería; normalized=soga de cabuya r/ 33.07 lb,HIGH_CONFIDENCE,KEEP,Already Goods and name is not a service,,0,0,0,0,0,0,False,0.0,12317.8
1073,1073,Soldadura,consu,consu,True,True,True,True,Ferretería,,True,category=Ferretería; normalized=soldadura,HIGH_CONFIDENCE,KEEP,Already Goods and name is not a service,,0,0,0,0,0,0,False,0.0,8500.0
135,135,SOLDADURA 1/8 UNIVERSAL,consu,consu,True,True,False,True,,,True,invoice_lines=1; normalized=soldadura 1/8 universal,HIGH_CONFIDENCE,FIX_PURCHASE_OK,Already Goods and name is not a service,,0,0,1,0,0,0,False,0.0,215.0
65,65,SOLDADURA 3/32,consu,consu,True,True,False,True,,,True,invoice_lines=1; normalized=soldadura 3/32,HIGH_CONFIDENCE,FIX_PURCHASE_OK,Already Goods and name is not a service,,0,0,1,0,0,0,False,0.0,218.0
1026,1026,Soldadura 3/32 LIBRA,consu,consu,True,True,True,True,Ferretería,,True,category=Ferretería; normalized=soldadura 3/32 libra,HIGH_CONFIDENCE,KEEP,Already Goods and name is not a service,,0,0,0,0,0,0,False,0.0,9200.0
733,733,Soldadura 3/32 Universal 6013,consu,consu,True,True,True,True,Ferretería,,True,category=Ferretería; normalized=soldadura 3/32 universal 6013,HIGH_CONFIDENCE,KEEP,Already Goods and name is not a service,,0,0,0,0,0,0,False,0.0,205.0
1215,1215,Soldadura Universal 7018 Universal,consu,consu,True,True,True,True,Ferretería,,True,category=Ferretería; normalized=soldadura universal 7018 universal,HIGH_CONFIDENCE,KEEP,Already Goods and name is not a service,,0,0,0,0,0,0,False,0.0,411.95
1353,1353,Solución Para Baterías,consu,consu,True,True,True,True,Ferretería,,True,category=Ferretería; normalized=solucion para baterias,HIGH_CONFIDENCE,KEEP,Already Goods and name is not a service,,0,0,0,0,0,0,False,0.0,475.0
1208,1208,Sombrero PARA SOL CON CUBRE NUCA Y TAPA BOCA CON FILTRO UV,consu,consu,True,True,True,True,Ferretería,,True,category=Ferretería; normalized=sombrero para sol con cubre nuca y tapa boca con filtro uv,HIGH_CONFIDENCE,KEEP,Already Goods and name is not a service,,0,0,0,0,0,0,False,0.0,900.0
1358,1358,Soplete De 2 Salidas,consu,consu,True,True,True,True,Ferretería,,True,category=Ferretería; normalized=soplete de 2 salidas,HIGH_CONFIDENCE,KEEP,Already Goods and name is not a service,,0,0,0,0,0,0,False,0.0,4350.0
672,672,SPRAY Adhesivo SUPER 77,consu,consu,True,True,True,True,Ferretería,,True,category=Ferretería; normalized=spray adhesivo super 77,HIGH_CONFIDENCE,KEEP,Already Goods and name is not a service,,0,0,0,0,0,0,False,0.0,1446.4
1435,1435,SPRAY Ambientador GLADE APPLE Cinamon,consu,consu,True,True,True,True,Ferretería,,True,category=Ferretería; normalized=spray ambientador glade apple cinamon,HIGH_CONFIDENCE,KEEP,Already Goods and name is not a service,,0,0,0,0,0,0,False,0.0,564.0
1433,1433,SPRAY Ambientador GLADE CLEAN LINEN,consu,consu,True,True,True,True,Ferretería,,True,category=Ferretería; normalized=spray ambientador glade clean linen,HIGH_CONFIDENCE,KEEP,Already Goods and name is not a service,,0,0,0,0,0,0,False,0.0,525.0
1434,1434,SPRAY Ambientador GLADE Lavanda,consu,consu,True,True,True,True,Ferretería,,True,category=Ferretería; normalized=spray ambientador glade lavanda,HIGH_CONFIDENCE,KEEP,Already Goods and name is not a service,,0,0,0,0,0,0,False,0.0,560.0
287,287,SPRAY Decorativo AZUL,consu,consu,True,True,True,True,Ferretería,,True,category=Ferretería; normalized=spray decorativo azul,HIGH_CONFIDENCE,KEEP,Already Goods and name is not a service,,0,0,0,0,0,0,False,0.0,675.0
289,289,SPRAY Decorativo BLANCO,consu,consu,True,True,True,True,Ferretería,,True,category=Ferretería; normalized=spray decorativo blanco,HIGH_CONFIDENCE,KEEP,Already Goods and name is not a service,,0,0,0,0,0,0,False,0.0,675.0
291,291,SPRAY Decorativo CREMA,consu,consu,True,True,True,True,Ferretería,,True,category=Ferretería; normalized=spray decorativo crema,HIGH_CONFIDENCE,KEEP,Already Goods and name is not a service,,0,0,0,0,0,0,False,0.0,675.0
288,288,SPRAY Decorativo MARRON,consu,consu,True,True,True,True,Ferretería,,True,category=Ferretería; normalized=spray decorativo marron,HIGH_CONFIDENCE,KEEP,Already Goods and name is not a service,,0,0,0,0,0,0,False,0.0,675.0
286,286,SPRAY Decorativo Naranja,consu,consu,True,True,True,True,Ferretería,,True,category=Ferretería; normalized=spray decorativo naranja,HIGH_CONFIDENCE,KEEP,Already Goods and name is not a service,,0,0,0,0,0,0,False,0.0,675.0
290,290,SPRAY Decorativo NEGRO,consu,consu,True,True,True,True,Ferretería,,True,category=Ferretería; normalized=spray decorativo negro,HIGH_CONFIDENCE,KEEP,Already Goods and name is not a service,,0,0,0,0,0,0,False,0.0,675.0
285,285,SPRAY DORADO,consu,consu,True,True,True,True,Ferretería,,True,category=Ferretería; normalized=spray dorado,HIGH_CONFIDENCE,KEEP,Already Goods and name is not a service,,0,0,0,0,0,0,False,0.0,675.0
995,995,Sub-total,consu,consu,True,True,True,True,Ferretería,,True,category=Ferretería; normalized=sub-total,HIGH_CONFIDENCE,KEEP,Already Goods and name is not a service,,0,0,0,0,0,0,False,0.0,770414.94
991,991,Sumimistro Y Colocacion De Tope En Ceramica 0.60x2.00,consu,consu,True,True,True,True,Ferretería,,True,category=Ferretería; normalized=sumimistro y colocacion de tope en ceramica 0.60x2.00,HIGH_CONFIDENCE,KEEP,Already Goods and name is not a service,,0,0,0,0,0,0,False,0.0,7400.0
183,183,Suministro De Refigerante R-22,consu,consu,True,True,True,True,Ferretería,,True,category=Ferretería; normalized=suministro de refigerante r-22,HIGH_CONFIDENCE,KEEP,Already Goods and name is not a service,,0,0,0,0,0,0,False,0.0,20000.0
178,178,Suministro De Refigerante R-404,consu,consu,True,True,True,True,Ferretería,,True,category=Ferretería; normalized=suministro de refigerante r-404,HIGH_CONFIDENCE,KEEP,Already Goods and name is not a service,,0,0,0,0,0,0,False,0.0,22000.0
989,989,Suministro Y Colocacion Ceramica En Baño,consu,consu,True,True,True,True,Ferretería,,True,category=Ferretería; normalized=suministro y colocacion ceramica en bano,HIGH_CONFIDENCE,KEEP,Already Goods and name is not a service,,0,0,0,0,0,0,False,0.0,1340.0
990,990,Suministro Y Colocacion Rejilla De Piso,consu,consu,True,True,True,True,Ferretería,,True,category=Ferretería; normalized=suministro y colocacion rejilla de piso,HIGH_CONFIDENCE,KEEP,Already Goods and name is not a service,,0,0,0,0,0,0,False,0.0,285.0
984,984,Sumunistro Y Colocacion De Inodoro,consu,consu,True,True,True,True,Plomería,,True,category=Plomería; normalized=sumunistro y colocacion de inodoro,DETERMINISTIC,KEEP,"Physical material, merchandise, food or tool",,0,0,0,0,0,0,False,0.0,8750.0
987,987,Sumunistro Y Colocacion De Kit De Inodoro,consu,consu,True,True,True,True,Plomería,,True,category=Plomería; normalized=sumunistro y colocacion de kit de inodoro,DETERMINISTIC,KEEP,"Physical material, merchandise, food or tool",,0,0,0,0,0,0,False,0.0,640.0
986,986,Sumunistro Y Colocacion De Lavamano,consu,consu,True,True,True,True,Ferretería,,True,category=Ferretería; normalized=sumunistro y colocacion de lavamano,HIGH_CONFIDENCE,KEEP,Already Goods and name is not a service,,0,0,0,0,0,0,False,0.0,8000.0
988,988,Sumunistro Y Colocacion De Llavines De Puño,consu,consu,True,True,True,True,Ferretería,,True,category=Ferretería; normalized=sumunistro y colocacion de llavines de puno,HIGH_CONFIDENCE,KEEP,Already Goods and name is not a service,,0,0,0,0,0,0,False,0.0,700.0
985,985,"Sumunistro Y Colocacion De Orinal ,incluye Fluxometro",consu,consu,True,True,True,True,Ferretería,,True,category=Ferretería; normalized=sumunistro y colocacion de orinal incluye fluxometro,DETERMINISTIC,KEEP,"Physical material, merchandise, food or tool",,0,0,0,0,0,0,False,0.0,24915.0
59,59,SUPER GRAMASAN 5 LT,consu,consu,True,True,False,True,,,True,invoice_lines=1; normalized=super gramasan 5 lt,HIGH_CONFIDENCE,FIX_PURCHASE_OK,Already Goods and name is not a service,,0,0,1,0,0,0,False,0.0,1435.86
506,506,Supervision,consu,consu,True,True,True,True,Ferretería,,True,category=Ferretería; normalized=supervision,HIGH_CONFIDENCE,KEEP,Already Goods and name is not a service,,0,0,0,0,0,0,False,0.0,84066.35
525,525,Sustache BLANCO 54 Y/D,consu,consu,True,True,True,True,Ferretería,,True,category=Ferretería; normalized=sustache blanco 54 y/d,HIGH_CONFIDENCE,KEEP,Already Goods and name is not a service,,0,0,0,0,0,0,False,0.0,205.0
1447,1447,Sustache CREMA 54 Y/D,consu,consu,True,True,True,True,Ferretería,,True,category=Ferretería; normalized=sustache crema 54 y/d,HIGH_CONFIDENCE,KEEP,Already Goods and name is not a service,,0,0,0,0,0,0,False,0.0,175.0
278,278,Sustache Dorado Yute 5 Metros,consu,consu,True,True,True,True,Ferretería,,True,category=Ferretería; normalized=sustache dorado yute 5 metros,HIGH_CONFIDENCE,KEEP,Already Goods and name is not a service,,0,0,0,0,0,0,False,0.0,175.0
194,194,Sustitucion DE Calbles Electrico #4 POR 1/0 EN LINEA DE Alimentacion DEL EDIF DE VIH,consu,consu,True,True,True,True,Ferretería,,True,category=Ferretería; normalized=sustitucion de calbles electrico 4 por 1/0 en linea de alimentacion del edif de vih,HIGH_CONFIDENCE,KEEP,Already Goods and name is not a service,,0,0,0,0,0,0,False,0.0,95000.0
1380,1380,Sustitucion DE Calbles Electrico EN LINEA DE Alimentacion DEL EDIF DE VIH,consu,consu,True,True,True,True,Ferretería,,True,category=Ferretería; normalized=sustitucion de calbles electrico en linea de alimentacion del edif de vih,HIGH_CONFIDENCE,KEEP,Already Goods and name is not a service,,0,0,0,0,0,0,False,0.0,83500.0
249,249,Tabla Madera De Pino 1x10x10 Cepillada,consu,consu,True,True,True,True,Ferretería,,True,category=Ferretería; normalized=tabla madera de pino 1x10x10 cepillada,HIGH_CONFIDENCE,KEEP,Already Goods and name is not a service,,0,0,0,0,0,0,False,0.0,1120.0
250,250,Tabla Madera De Pino 1x10x12 Bandeada,consu,consu,True,True,True,True,Ferretería,,True,category=Ferretería; normalized=tabla madera de pino 1x10x12 bandeada,HIGH_CONFIDENCE,KEEP,Already Goods and name is not a service,,0,0,0,0,0,0,False,0.0,1150.0
1171,1171,"Tableta Samsung GALAXY TAB S6 LITE (2024) 10.4"", Velocidad2.3ghz, 1.7GHZ ,memoria",consu,consu,True,True,True,True,Ferretería,,True,"category=Ferretería; normalized=tableta samsung galaxy tab s6 lite 2024 10.4"" velocidad2.3ghz 1.7ghz memoria",HIGH_CONFIDENCE,KEEP,Already Goods and name is not a service,,0,0,0,0,0,0,False,0.0,30480.62
1058,1058,Taladro BOSCH Profesional 650W GBH-220D,consu,consu,True,True,True,True,Herramientas,,True,category=Herramientas; normalized=taladro bosch profesional 650w gbh-220d,DETERMINISTIC,KEEP,"Physical material, merchandise, food or tool",,0,0,0,0,0,0,False,0.0,16150.0
369,369,Taladro BOSCH Profesional GBH2-24D,consu,consu,True,True,True,True,Herramientas,,True,category=Herramientas; normalized=taladro bosch profesional gbh2-24d,DETERMINISTIC,KEEP,"Physical material, merchandise, food or tool",,0,0,0,0,0,0,False,0.0,21600.0
1167,1167,Taladro DE Impacto 1100W EMTOP,consu,consu,True,True,True,True,Herramientas,,True,category=Herramientas; normalized=taladro de impacto 1100w emtop,DETERMINISTIC,KEEP,"Physical material, merchandise, food or tool",,0,0,0,0,0,0,False,0.0,5825.76
1481,1481,"Taladro DE Martillo,1/2 '' 7.8 900W",consu,consu,True,True,True,True,Herramientas,,True,category=Herramientas; normalized=taladro de martillo 1/2 7.8 900w,DETERMINISTIC,KEEP,"Physical material, merchandise, food or tool",,0,0,0,0,0,0,False,0.0,28570.87
1482,1482,Taladro Destornillador 20 V MAX 500 W,consu,consu,True,True,True,True,Herramientas,,True,category=Herramientas; normalized=taladro destornillador 20 v max 500 w,DETERMINISTIC,KEEP,"Physical material, merchandise, food or tool",,0,0,0,0,0,0,False,0.0,32612.0
746,746,Taladro Destornillador 20 V MAX DEWALT 500 W,consu,consu,True,True,True,True,Herramientas,,True,category=Herramientas; normalized=taladro destornillador 20 v max dewalt 500 w,DETERMINISTIC,KEEP,"Physical material, merchandise, food or tool",,0,0,0,0,0,0,False,0.0,29350.0
609,609,Taladro Rotamartillo 1/2 1200W,consu,consu,True,True,True,True,Herramientas,,True,category=Herramientas; normalized=taladro rotamartillo 1/2 1200w,DETERMINISTIC,KEEP,"Physical material, merchandise, food or tool",,0,0,0,0,0,0,False,0.0,14931.0
248,248,Taladros Profesionales DEWALT,consu,consu,True,True,True,True,Herramientas,,True,category=Herramientas; normalized=taladros profesionales dewalt,DETERMINISTIC,KEEP,"Physical material, merchandise, food or tool",,0,0,0,0,0,0,False,0.0,13500.0
401,401,"Taladro TOTAL UTH1153256 Rotomartillo SDS PLUS 1-1/4"" 1500W",consu,consu,True,True,True,True,Herramientas,,True,"category=Herramientas; normalized=taladro total uth1153256 rotomartillo sds plus 1-1/4"" 1500w",DETERMINISTIC,KEEP,"Physical material, merchandise, food or tool",,0,0,0,0,0,0,False,0.0,8312.0
610,610,Taladro TRUPER 1/2 600W,consu,consu,True,True,True,True,Herramientas,,True,category=Herramientas; normalized=taladro truper 1/2 600w,DETERMINISTIC,KEEP,"Physical material, merchandise, food or tool",,0,0,0,0,0,0,False,0.0,6400.0
741,741,TANQUE Precargado FIBRA 120 GAL C2N-120GV GLOBAL WATER,consu,consu,True,True,True,True,Ferretería,,True,category=Ferretería; normalized=tanque precargado fibra 120 gal c2n-120gv global water,HIGH_CONFIDENCE,KEEP,Already Goods and name is not a service,,0,0,0,0,0,0,False,0.0,98900.12
435,435,TANQUE Presurisado METAL 30GL I/f,consu,consu,True,True,True,True,Ferretería,,True,category=Ferretería; normalized=tanque presurisado metal 30gl i/f,HIGH_CONFIDENCE,KEEP,Already Goods and name is not a service,,0,0,0,0,0,0,False,0.0,39855.0
1593,1593,Tanques O Cilindros DE GAS 25 LB Duragas,consu,consu,True,True,True,True,Ferretería,,True,category=Ferretería; normalized=tanques o cilindros de gas 25 lb duragas,HIGH_CONFIDENCE,KEEP,Already Goods and name is not a service,,0,0,0,0,0,0,False,0.0,3849.14
1562,1562,Tanques O Cilindros DE GAS 25 LBS EURO Kitchen,consu,consu,True,True,True,True,Ferretería,,True,category=Ferretería; normalized=tanques o cilindros de gas 25 lbs euro kitchen,HIGH_CONFIDENCE,KEEP,Already Goods and name is not a service,,0,0,0,0,0,0,False,0.0,3038.15
425,425,TAPAS DE METAL PARA Cisterna 33X33 PULG,consu,consu,True,True,True,True,Ferretería,,True,category=Ferretería; normalized=tapas de metal para cisterna 33x33 pulg,HIGH_CONFIDENCE,KEEP,Already Goods and name is not a service,,0,0,0,0,0,0,False,0.0,12895.0
300,300,TAPA Waterproof DOBLE 110 V Leviton,consu,consu,True,True,True,True,Ferretería,,True,category=Ferretería; normalized=tapa waterproof doble 110 v leviton,HIGH_CONFIDENCE,KEEP,Already Goods and name is not a service,,0,0,0,0,0,0,False,0.0,450.0
1365,1365,TAPE DE Aluminio 3´´,consu,consu,True,True,True,True,Ferretería,,True,category=Ferretería; normalized=tape de aluminio 3,HIGH_CONFIDENCE,KEEP,Already Goods and name is not a service,,0,0,0,0,0,0,False,0.0,1000.17
611,611,TAPE DE VINIL 3M-33 SCOTCH,consu,consu,True,True,True,True,Ferretería,,True,category=Ferretería; normalized=tape de vinil 3m-33 scotch,HIGH_CONFIDENCE,KEEP,Already Goods and name is not a service,,0,0,0,0,0,0,False,0.0,939.8
705,705,TAPE GOMA SCOTCH 3M,consu,consu,True,True,True,True,Neumáticos,,True,category=Neumáticos; normalized=tape goma scotch 3m,DETERMINISTIC,KEEP,"Physical material, merchandise, food or tool",,0,0,0,0,0,0,False,0.0,1335.0
247,247,TAPE NEGRO DE GOMA Electrico SCOTCH 3M,consu,consu,True,True,True,True,Neumáticos,,True,category=Neumáticos; normalized=tape negro de goma electrico scotch 3m,DETERMINISTIC,KEEP,"Physical material, merchandise, food or tool",,0,0,0,0,0,0,False,0.0,1375.0
296,296,TAPE NEGRO Electrico SCOTCH SUPER 33 +,consu,consu,True,True,True,True,Ferretería,,True,category=Ferretería; normalized=tape negro electrico scotch super 33,HIGH_CONFIDENCE,KEEP,Already Goods and name is not a service,,0,0,0,0,0,0,False,0.0,7000.0
772,772,TAPE NEGRO VOLECK,consu,consu,True,True,True,True,Ferretería,,True,category=Ferretería; normalized=tape negro voleck,HIGH_CONFIDENCE,KEEP,Already Goods and name is not a service,,0,0,0,0,0,0,False,0.0,55.0
894,894,"TAPE Plastico 3 M, Amarillo",consu,consu,True,True,True,True,Ferretería,,True,category=Ferretería; normalized=tape plastico 3 m amarillo,HIGH_CONFIDENCE,KEEP,Already Goods and name is not a service,,0,0,0,0,0,0,False,0.0,680.0
895,895,"TAPE Plastico 3 M, AZUL",consu,consu,True,True,True,True,Ferretería,,True,category=Ferretería; normalized=tape plastico 3 m azul,HIGH_CONFIDENCE,KEEP,Already Goods and name is not a service,,0,0,0,0,0,0,False,0.0,680.0
896,896,"TAPE Plastico 3 M, ROJO",consu,consu,True,True,True,True,Ferretería,,True,category=Ferretería; normalized=tape plastico 3 m rojo,HIGH_CONFIDENCE,KEEP,Already Goods and name is not a service,,0,0,0,0,0,0,False,0.0,680.0
897,897,"TAPE Platico SUPER 33, 3M",consu,consu,True,True,True,True,Ferretería,,True,category=Ferretería; normalized=tape platico super 33 3m,HIGH_CONFIDENCE,KEEP,Already Goods and name is not a service,,0,0,0,0,0,0,False,0.0,590.0
201,201,Tape Scotch Super 33 3m,consu,consu,True,True,True,True,Ferretería,,True,category=Ferretería; normalized=tape scotch super 33 3m,HIGH_CONFIDENCE,KEEP,Already Goods and name is not a service,,0,0,0,0,0,0,False,0.0,939.8
305,305,TAPE Tenflex 1600 GRAN,consu,consu,True,True,True,True,Ferretería,,True,category=Ferretería; normalized=tape tenflex 1600 gran,HIGH_CONFIDENCE,KEEP,Already Goods and name is not a service,,0,0,0,0,0,0,False,0.0,350.0
1067,1067,TAPE TRUPER BLANCO,consu,consu,True,True,True,True,Herramientas,,True,category=Herramientas; normalized=tape truper blanco,HIGH_CONFIDENCE,KEEP,Already Goods and name is not a service,,0,0,0,0,0,0,False,0.0,7200.0
100,100,TAPE VINIL SCOTCH 3M SUPER33+,consu,consu,True,True,False,True,,,True,invoice_lines=1; normalized=tape vinil scotch 3m super33,HIGH_CONFIDENCE,FIX_PURCHASE_OK,Already Goods and name is not a service,,0,0,1,0,0,0,False,0.0,1658.0
890,890,TARUGO DE PLOMO 5/6 X 11/2,consu,consu,True,True,True,True,Ferretería,,True,category=Ferretería; normalized=tarugo de plomo 5/6 x 11/2,HIGH_CONFIDENCE,KEEP,Already Goods and name is not a service,,0,0,0,0,0,0,False,0.0,30.0
160,160,TARUGO PARA TORNILLO EXPANSIVO ( 1/2 X3 ),consu,consu,True,True,False,True,,,True,invoice_lines=1; normalized=tarugo para tornillo expansivo 1/2 x3,DETERMINISTIC,FIX_PURCHASE_OK,"Physical material, merchandise, food or tool",,0,0,1,0,0,0,False,0.0,215.0
246,246,TARUGO PLOMO 1/2X5/16X11/4,consu,consu,True,True,True,True,Ferretería,,True,category=Ferretería; normalized=tarugo plomo 1/2x5/16x11/4,HIGH_CONFIDENCE,KEEP,Already Goods and name is not a service,,0,0,0,0,0,0,False,0.0,38.0
1214,1214,Tarugos VERDES,consu,consu,True,True,True,True,Ferretería,,True,category=Ferretería; normalized=tarugos verdes,HIGH_CONFIDENCE,KEEP,Already Goods and name is not a service,,0,0,0,0,0,0,False,0.0,2.61
1133,1133,TASER TYPE 928,consu,consu,True,True,True,True,Ferretería,,True,category=Ferretería; normalized=taser type 928,HIGH_CONFIDENCE,KEEP,Already Goods and name is not a service,,0,0,0,0,0,0,False,0.0,2955.0
437,437,T DE 5 VIAS,consu,consu,True,True,True,True,Ferretería,,True,category=Ferretería; normalized=t de 5 vias,HIGH_CONFIDENCE,KEEP,Already Goods and name is not a service,,0,0,0,0,0,0,False,0.0,1500.0
799,799,T DE 5 VIAS Aquavita,consu,consu,True,True,True,True,Ferretería,,True,category=Ferretería; normalized=t de 5 vias aquavita,HIGH_CONFIDENCE,KEEP,Already Goods and name is not a service,,0,0,0,0,0,0,False,0.0,860.0
906,906,Techado EN Aluzinc TEJA CAL 26-1m UTIL,consu,consu,True,True,True,True,Ferretería,,True,category=Ferretería; normalized=techado en aluzinc teja cal 26-1m util,HIGH_CONFIDENCE,KEEP,Already Goods and name is not a service,,0,0,0,0,0,0,False,0.0,125870.15
1015,1015,TEE DE 12,consu,consu,True,True,True,True,Plomería,,True,category=Plomería; normalized=tee de 12,HIGH_CONFIDENCE,KEEP,Already Goods and name is not a service,,0,0,0,0,0,0,False,0.0,43862.0
802,802,TEE Presion PVC 1'',consu,consu,True,True,True,True,Plomería,,True,category=Plomería; normalized=tee presion pvc 1,HIGH_CONFIDENCE,KEEP,Already Goods and name is not a service,,0,0,0,0,0,0,False,0.0,45.0
806,806,TEFLON Aquaflex Amarillo 1'',consu,consu,True,True,True,True,Ferretería,,True,category=Ferretería; normalized=teflon aquaflex amarillo 1,HIGH_CONFIDENCE,KEEP,Already Goods and name is not a service,,0,0,0,0,0,0,False,0.0,85.0
673,673,TELA GUATA,consu,consu,True,True,True,True,Ferretería,,True,category=Ferretería; normalized=tela guata,HIGH_CONFIDENCE,KEEP,Already Goods and name is not a service,,0,0,0,0,0,0,False,0.0,9600.0
1596,1596,Televisor 55 Pulgadas TCL 4K,consu,consu,True,True,True,True,Electrodomésticos,,True,category=Electrodomésticos; normalized=televisor 55 pulgadas tcl 4k,DETERMINISTIC,KEEP,"Physical material, merchandise, food or tool",,0,0,0,0,0,0,False,0.0,45991.68
1574,1574,Televisor AIWA 43'',consu,consu,True,True,True,True,Electrodomésticos,,True,category=Electrodomésticos; normalized=televisor aiwa 43,DETERMINISTIC,KEEP,"Physical material, merchandise, food or tool",,0,0,0,0,0,0,False,0.0,14200.0
1583,1583,Televisor DAIWA 43'',consu,consu,True,True,True,True,Electrodomésticos,,True,category=Electrodomésticos; normalized=televisor daiwa 43,DETERMINISTIC,KEEP,"Physical material, merchandise, food or tool",,0,0,0,0,0,0,False,0.0,14200.0
1546,1546,Televisor De 43'' Konka,consu,consu,True,True,True,True,Electrodomésticos,,True,category=Electrodomésticos; normalized=televisor de 43 konka,DETERMINISTIC,KEEP,"Physical material, merchandise, food or tool",,0,0,0,0,0,0,False,0.0,13423.73
154,154,"TELEVISOR DE 43"" KONKA",consu,consu,True,True,False,True,,,True,"invoice_lines=1; normalized=televisor de 43"" konka",DETERMINISTIC,FIX_PURCHASE_OK,"Physical material, merchandise, food or tool",,0,0,1,0,0,0,False,0.0,13423.73
1563,1563,Televisor KONKA 32'' SMART TV,consu,consu,True,True,True,True,Electrodomésticos,,True,category=Electrodomésticos; normalized=televisor konka 32 smart tv,DETERMINISTIC,KEEP,"Physical material, merchandise, food or tool",,0,0,0,0,0,0,False,0.0,9865.23
1594,1594,"Televisor KTC 32"" SMART TV",consu,consu,True,True,True,True,Electrodomésticos,,True,"category=Electrodomésticos; normalized=televisor ktc 32"" smart tv",DETERMINISTIC,KEEP,"Physical material, merchandise, food or tool",,0,0,0,0,0,0,False,0.0,11568.72
1584,1584,"Televisor LG 40"" PULG",consu,consu,True,True,True,True,Electrodomésticos,,True,"category=Electrodomésticos; normalized=televisor lg 40"" pulg",DETERMINISTIC,KEEP,"Physical material, merchandise, food or tool",,0,0,0,0,0,0,False,0.0,17449.99
1553,1553,Televisor TCL 40 Pulgadas SMART TV,consu,consu,True,True,True,True,Electrodomésticos,,True,category=Electrodomésticos; normalized=televisor tcl 40 pulgadas smart tv,DETERMINISTIC,KEEP,"Physical material, merchandise, food or tool",,0,0,0,0,0,0,False,0.0,15723.73
1540,1540,Televisor TCL Smart TV 32'',consu,consu,True,True,True,True,Electrodomésticos,,True,category=Electrodomésticos; normalized=televisor tcl smart tv 32,DETERMINISTIC,KEEP,"Physical material, merchandise, food or tool",,0,0,0,0,0,0,False,0.0,12313.3
1127,1127,Tempera 6/1,consu,consu,True,True,True,True,Ferretería,,True,category=Ferretería; normalized=tempera 6/1,HIGH_CONFIDENCE,KEEP,Already Goods and name is not a service,,0,0,0,0,0,0,False,0.0,125.0
1424,1424,Tenedores Bambino 40/1,consu,consu,True,True,True,True,Ferretería,,True,category=Ferretería; normalized=tenedores bambino 40/1,HIGH_CONFIDENCE,KEEP,Already Goods and name is not a service,,0,0,0,0,0,0,False,0.0,9.0
1453,1453,Thinner,consu,consu,True,True,True,True,Pinturas,,True,category=Pinturas; normalized=thinner,DETERMINISTIC,KEEP,"Physical material, merchandise, food or tool",,0,0,0,0,0,0,False,0.0,940.0
969,969,Thinner AAA-3000 GL Popular/tropical,consu,consu,True,True,True,True,Pinturas,,True,category=Pinturas; normalized=thinner aaa-3000 gl popular/tropical,DETERMINISTIC,KEEP,"Physical material, merchandise, food or tool",,0,0,0,0,0,0,False,0.0,1110.0
1343,1343,Thinner TH-1000-GL,consu,consu,True,True,True,True,Pinturas,,True,category=Pinturas; normalized=thinner th-1000-gl,DETERMINISTIC,KEEP,"Physical material, merchandise, food or tool",,0,0,0,0,0,0,False,0.0,5700.0
1217,1217,Thinner TH-1000-GL Tropical,consu,consu,True,True,True,True,Pinturas,,True,category=Pinturas; normalized=thinner th-1000-gl tropical,DETERMINISTIC,KEEP,"Physical material, merchandise, food or tool",,0,0,0,0,0,0,False,0.0,359.0
453,453,Thinner TH-900 Tropical,consu,consu,True,True,True,True,Pinturas,,True,category=Pinturas; normalized=thinner th-900 tropical,DETERMINISTIC,KEEP,"Physical material, merchandise, food or tool",,0,0,0,0,0,0,False,0.0,680.0
681,681,Thinner TH Tropical,consu,consu,True,True,True,True,Pinturas,,True,category=Pinturas; normalized=thinner th tropical,DETERMINISTIC,KEEP,"Physical material, merchandise, food or tool",,0,0,0,0,0,0,False,0.0,698.0
63,63,THINNER TROPICAL,consu,consu,True,True,False,True,,,True,invoice_lines=1; normalized=thinner tropical,DETERMINISTIC,FIX_PURCHASE_OK,"Physical material, merchandise, food or tool",,0,0,1,0,0,0,False,0.0,755.0
88,88,THINNER TROPICAL 1GL,consu,consu,True,True,False,True,,,True,invoice_lines=1; normalized=thinner tropical 1gl,DETERMINISTIC,FIX_PURCHASE_OK,"Physical material, merchandise, food or tool",,0,0,1,0,0,0,False,0.0,698.0
1306,1306,TICKET DE TURNO,consu,consu,True,True,True,True,Ferretería,,True,category=Ferretería; normalized=ticket de turno,HIGH_CONFIDENCE,KEEP,Already Goods and name is not a service,,0,0,0,0,0,0,False,0.0,296.0
1379,1379,TIJERA CORTE Derecho,consu,consu,True,True,True,True,Ferretería,,True,category=Ferretería; normalized=tijera corte derecho,HIGH_CONFIDENCE,KEEP,Already Goods and name is not a service,,0,0,0,0,0,0,False,0.0,2100.0
1134,1134,Tijeras 8'' Universal P/ Oficina Artesco,consu,consu,True,True,True,True,Ferretería,,True,category=Ferretería; normalized=tijeras 8 universal p/ oficina artesco,HIGH_CONFIDENCE,KEEP,Already Goods and name is not a service,,0,0,0,0,0,0,False,0.0,205.0
930,930,"Tijeras De Escritorio Pelikan 5 Pulgadas, Mango Grueso",consu,consu,True,True,True,True,Mobiliario,,True,category=Mobiliario; normalized=tijeras de escritorio pelikan 5 pulgadas mango grueso,HIGH_CONFIDENCE,KEEP,Already Goods and name is not a service,,0,0,0,0,0,0,False,0.0,115.0
1310,1310,Tijeras Grandes,consu,consu,True,True,True,True,Ferretería,,True,category=Ferretería; normalized=tijeras grandes,HIGH_CONFIDENCE,KEEP,Already Goods and name is not a service,,0,0,0,0,0,0,False,0.0,42.0
426,426,TINACO DE 400GL,consu,consu,True,True,True,True,Ferretería,,True,category=Ferretería; normalized=tinaco de 400gl,HIGH_CONFIDENCE,KEEP,Already Goods and name is not a service,,0,0,0,0,0,0,False,0.0,24698.0
684,684,TINTA P/madera CAOBA #2 MD,consu,consu,True,True,True,True,Ferretería,,True,category=Ferretería; normalized=tinta p/madera caoba 2 md,HIGH_CONFIDENCE,KEEP,Already Goods and name is not a service,,0,0,0,0,0,0,False,0.0,3378.2
685,685,TINTA P/madera CAOBA #3 MD,consu,consu,True,True,True,True,Ferretería,,True,category=Ferretería; normalized=tinta p/madera caoba 3 md,HIGH_CONFIDENCE,KEEP,Already Goods and name is not a service,,0,0,0,0,0,0,False,0.0,3378.2
1305,1305,TINTAS PARA SELLOS AZUL Pointer,consu,consu,True,True,True,True,Ferretería,,True,category=Ferretería; normalized=tintas para sellos azul pointer,HIGH_CONFIDENCE,KEEP,Already Goods and name is not a service,,0,0,0,0,0,0,False,0.0,34.0
870,870,Tirador Inox Barra 96mm 9609 SS201,consu,consu,True,True,True,True,Ferretería,,True,category=Ferretería; normalized=tirador inox barra 96mm 9609 ss201,HIGH_CONFIDENCE,KEEP,Already Goods and name is not a service,,0,0,0,0,0,0,False,0.0,36.64
554,554,TIZA DE CERA P/marcar ROJA ROJA Generico,consu,consu,True,True,True,True,Ferretería,,True,category=Ferretería; normalized=tiza de cera p/marcar roja roja generico,HIGH_CONFIDENCE,KEEP,Already Goods and name is not a service,,0,0,0,0,0,0,False,0.0,95.0
1264,1264,Toallitas DE TELA PAÑITO Lanilla,consu,consu,True,True,True,True,Ferretería,,True,category=Ferretería; normalized=toallitas de tela panito lanilla,HIGH_CONFIDENCE,KEEP,Already Goods and name is not a service,,0,0,0,0,0,0,False,0.0,35.0
421,421,TOLA 1/16 Galvaniz 4X8,consu,consu,True,True,True,True,Ferretería,,True,category=Ferretería; normalized=tola 1/16 galvaniz 4x8,HIGH_CONFIDENCE,KEEP,Already Goods and name is not a service,,0,0,0,0,0,0,False,0.0,4995.0
1072,1072,TOLA 1/16 Galvanizada 4X8,consu,consu,True,True,True,True,Ferretería,,True,category=Ferretería; normalized=tola 1/16 galvanizada 4x8,HIGH_CONFIDENCE,KEEP,Already Goods and name is not a service,,0,0,0,0,0,0,False,0.0,4780.68
162,162,TOLA GALVANIZADO LISA CALIBRE 14 ( 4X8X2 105 LBS ),consu,consu,True,True,False,True,,,True,invoice_lines=1; normalized=tola galvanizado lisa calibre 14 4x8x2 105 lbs,HIGH_CONFIDENCE,FIX_PURCHASE_OK,Already Goods and name is not a service,,0,0,1,0,0,0,False,0.0,3460.37
428,428,Tomacorriente 110V Bticino NOBILE,consu,consu,True,True,True,True,Material eléctrico,,True,category=Material eléctrico; normalized=tomacorriente 110v bticino nobile,HIGH_CONFIDENCE,KEEP,Already Goods and name is not a service,,0,0,0,0,0,0,False,0.0,485.0
427,427,Tomacorriente 220V 15A Bticino NOBILE,consu,consu,True,True,True,True,Material eléctrico,,True,category=Material eléctrico; normalized=tomacorriente 220v 15a bticino nobile,HIGH_CONFIDENCE,KEEP,Already Goods and name is not a service,,0,0,0,0,0,0,False,0.0,999.0
227,227,Tomacorriente 220V KOLNY,consu,consu,True,True,True,True,Material eléctrico,,True,category=Material eléctrico; normalized=tomacorriente 220v kolny,HIGH_CONFIDENCE,KEEP,Already Goods and name is not a service,,0,0,0,0,0,0,False,0.0,450.0
304,304,TOMA Corriente DOBLE 20 AMP Leviton,consu,consu,True,True,True,True,Ferretería,,True,category=Ferretería; normalized=toma corriente doble 20 amp leviton,HIGH_CONFIDENCE,KEEP,Already Goods and name is not a service,,0,0,0,0,0,0,False,0.0,472.75
226,226,TOMA Corriente DOBLE HOME Solution 110 V,consu,consu,True,True,True,True,Ferretería,,True,category=Ferretería; normalized=toma corriente doble home solution 110 v,HIGH_CONFIDENCE,KEEP,Already Goods and name is not a service,,0,0,0,0,0,0,False,0.0,180.0
147,147,TONER CANON MF455 DW 057 (NEGRO),consu,consu,True,True,False,True,,,True,invoice_lines=1; normalized=toner canon mf455 dw 057 negro,DETERMINISTIC,FIX_PURCHASE_OK,"Physical material, merchandise, food or tool",,0,0,1,0,0,0,False,0.0,6590.0
144,144,TONER HP LASERJET 2727N FMP Q7553A,consu,consu,True,True,False,True,,,True,invoice_lines=1; normalized=toner hp laserjet 2727n fmp q7553a,DETERMINISTIC,FIX_PURCHASE_OK,"Physical material, merchandise, food or tool",,0,0,1,0,0,0,False,0.0,6000.0
150,150,TONER HP LASERJET M 1536 DNF MFP,consu,consu,True,True,False,True,,,True,invoice_lines=1; normalized=toner hp laserjet m 1536 dnf mfp,DETERMINISTIC,FIX_PURCHASE_OK,"Physical material, merchandise, food or tool",,0,0,1,0,0,0,False,0.0,5530.0
145,145,TONER HP LASERJET MFP 137 MNW WW 1105A,consu,consu,True,True,False,True,,,True,invoice_lines=1; normalized=toner hp laserjet mfp 137 mnw ww 1105a,DETERMINISTIC,FIX_PURCHASE_OK,"Physical material, merchandise, food or tool",,0,0,1,0,0,0,False,0.0,3160.0
142,142,TONER HP LASERJET PRO 201A (CF402A) YELLOW,consu,consu,True,True,False,True,,,True,invoice_lines=1; normalized=toner hp laserjet pro 201a cf402a yellow,DETERMINISTIC,FIX_PURCHASE_OK,"Physical material, merchandise, food or tool",,0,0,1,0,0,0,False,0.0,6947.0
143,143,TONER HP LASERJET PRO 201A (CF403A) MAGENTA,consu,consu,True,True,False,True,,,True,invoice_lines=1; normalized=toner hp laserjet pro 201a cf403a magenta,DETERMINISTIC,FIX_PURCHASE_OK,"Physical material, merchandise, food or tool",,0,0,1,0,0,0,False,0.0,6947.0
149,149,TONER HP LASERJET PRO M402-MFP M426 CF226A,consu,consu,True,True,False,True,,,True,invoice_lines=1; normalized=toner hp laserjet pro m402-mfp m426 cf226a,DETERMINISTIC,FIX_PURCHASE_OK,"Physical material, merchandise, food or tool",,0,0,1,0,0,0,False,0.0,6050.0
148,148,TONER LASERJET ENTERPRISE MFP M 528,consu,consu,True,True,False,True,,,True,invoice_lines=1; normalized=toner laserjet enterprise mfp m 528,DETERMINISTIC,FIX_PURCHASE_OK,"Physical material, merchandise, food or tool",,0,0,1,0,0,0,False,0.0,8530.0
24,24,TONER STANDARD CANON 057A WITHOUT CHIP,consu,consu,True,True,False,True,,,True,invoice_lines=1; normalized=toner standard canon 057a without chip,DETERMINISTIC,FIX_PURCHASE_OK,"Physical material, merchandise, food or tool",,0,0,1,0,0,0,False,0.0,5878.9
161,161,TORNILLO AUTOPERFORANTES ( 1/2 32 MM ),consu,consu,True,True,False,True,,,True,invoice_lines=1; normalized=tornillo autoperforantes 1/2 32 mm,DETERMINISTIC,FIX_PURCHASE_OK,"Physical material, merchandise, food or tool",,0,0,1,0,0,0,False,0.0,88.92
638,638,Tornillo De 2'',consu,consu,True,True,True,True,Ferretería,,True,category=Ferretería; normalized=tornillo de 2,DETERMINISTIC,KEEP,"Physical material, merchandise, food or tool",,0,0,0,0,0,0,False,0.0,200.0
263,263,Tornillo Diablito 6x 1 1/2 Pulgada,consu,consu,True,True,True,True,Ferretería,,True,category=Ferretería; normalized=tornillo diablito 6x 1 1/2 pulgada,DETERMINISTIC,KEEP,"Physical material, merchandise, food or tool",,0,0,0,0,0,0,False,0.0,4240.0
264,264,Tornillo Diablito 6x 2 Pulgada,consu,consu,True,True,True,True,Ferretería,,True,category=Ferretería; normalized=tornillo diablito 6x 2 pulgada,DETERMINISTIC,KEEP,"Physical material, merchandise, food or tool",,0,0,0,0,0,0,False,0.0,2950.0
872,872,Tornillo Diab. Negro 2.5' 'x8 Mipecker,consu,consu,True,True,True,True,Ferretería,,True,category=Ferretería; normalized=tornillo diab. negro 2.5 x8 mipecker,DETERMINISTIC,KEEP,"Physical material, merchandise, food or tool",,0,0,0,0,0,0,False,0.0,10.77
889,889,Tornillo Hexagonal 11/2,consu,consu,True,True,True,True,Ferretería,,True,category=Ferretería; normalized=tornillo hexagonal 11/2,DETERMINISTIC,KEEP,"Physical material, merchandise, food or tool",,0,0,0,0,0,0,False,0.0,16.0
244,244,Tornillo Hexagonal 5/16X2,consu,consu,True,True,True,True,Ferretería,,True,category=Ferretería; normalized=tornillo hexagonal 5/16x2,DETERMINISTIC,KEEP,"Physical material, merchandise, food or tool",,0,0,0,0,0,0,False,0.0,24.0
612,612,Tornillo Hexagonal 5/8X2,consu,consu,True,True,True,True,Ferretería,,True,category=Ferretería; normalized=tornillo hexagonal 5/8x2,DETERMINISTIC,KEEP,"Physical material, merchandise, food or tool",,0,0,0,0,0,0,False,0.0,10.0
1031,1031,Tornillo P/aluzinc 14X1 1000/1,consu,consu,True,True,True,True,Ferretería,,True,category=Ferretería; normalized=tornillo p/aluzinc 14x1 1000/1,DETERMINISTIC,KEEP,"Physical material, merchandise, food or tool",,0,0,0,0,0,0,False,0.0,6520.0
1454,1454,Tornillo Para Aluzinc 14X1 1000/1,consu,consu,True,True,True,True,Ferretería,,True,category=Ferretería; normalized=tornillo para aluzinc 14x1 1000/1,DETERMINISTIC,KEEP,"Physical material, merchandise, food or tool",,0,0,0,0,0,0,False,0.0,6940.0
1450,1450,Tornillos 1-1/4 X 6 FMB P/diablito,consu,consu,True,True,True,True,Ferretería,,True,category=Ferretería; normalized=tornillos 1-1/4 x 6 fmb p/diablito,DETERMINISTIC,KEEP,"Physical material, merchandise, food or tool",,0,0,0,0,0,0,False,0.0,5500.0
1449,1449,Tornillos 1 X 8 FMB P/diablito,consu,consu,True,True,True,True,Ferretería,,True,category=Ferretería; normalized=tornillos 1 x 8 fmb p/diablito,DETERMINISTIC,KEEP,"Physical material, merchandise, food or tool",,0,0,0,0,0,0,False,0.0,3800.0
1451,1451,Tornillos 2 X 6 FMB P/diablito,consu,consu,True,True,True,True,Ferretería,,True,category=Ferretería; normalized=tornillos 2 x 6 fmb p/diablito,DETERMINISTIC,KEEP,"Physical material, merchandise, food or tool",,0,0,0,0,0,0,False,0.0,2400.0
467,467,Tornillos 8X1 FMB P/diablito,consu,consu,True,True,True,True,Ferretería,,True,category=Ferretería; normalized=tornillos 8x1 fmb p/diablito,DETERMINISTIC,KEEP,"Physical material, merchandise, food or tool",,0,0,0,0,0,0,False,0.0,3662.0
861,861,Torobon AZUL,consu,consu,True,True,True,True,Ferretería,,True,category=Ferretería; normalized=torobon azul,HIGH_CONFIDENCE,KEEP,Already Goods and name is not a service,,0,0,0,0,0,0,False,0.0,1450.0
1556,1556,Tostadora P/USO Domestico Universal,consu,consu,True,True,True,True,Ferretería,,True,category=Ferretería; normalized=tostadora p/uso domestico universal,HIGH_CONFIDENCE,KEEP,Already Goods and name is not a service,,0,0,0,0,0,0,False,0.0,2250.0
1589,1589,Tostadoras Eutronic GDE SWP-02,consu,consu,True,True,True,True,Ferretería,,True,category=Ferretería; normalized=tostadoras eutronic gde swp-02,HIGH_CONFIDENCE,KEEP,Already Goods and name is not a service,,0,0,0,0,0,0,False,0.0,2625.5
644,644,Total 22,consu,consu,True,True,True,True,Ferretería,,True,category=Ferretería; normalized=total 22,HIGH_CONFIDENCE,KEEP,Already Goods and name is not a service,,0,0,0,0,0,0,False,0.0,7865.61
1462,1462,TOTAL Indirectos,consu,consu,True,True,True,True,Ferretería,,True,category=Ferretería; normalized=total indirectos,HIGH_CONFIDENCE,KEEP,Already Goods and name is not a service,,0,0,0,0,0,0,False,0.0,517848.72
643,643,Trabajador De 2da Categoría (T2),consu,consu,True,True,True,True,Ferretería,,True,category=Ferretería; normalized=trabajador de 2da categoria t2,HIGH_CONFIDENCE,KEEP,Already Goods and name is not a service,,0,0,0,0,0,0,False,0.0,520.0
1579,1579,Trafico Amarillo Positivo,consu,consu,True,True,True,True,Ferretería,,True,category=Ferretería; normalized=trafico amarillo positivo,HIGH_CONFIDENCE,KEEP,Already Goods and name is not a service,,0,0,0,0,0,0,False,0.0,1398.31
1578,1578,Trafico Blanco,consu,consu,True,True,True,True,Ferretería,,True,category=Ferretería; normalized=trafico blanco,HIGH_CONFIDENCE,KEEP,Already Goods and name is not a service,,0,0,0,0,0,0,False,0.0,1398.31
1212,1212,"Transformadores, Inversor DE Corriente 1000W Compuesto DE CARGA USB, 12V A 110V",consu,consu,True,True,True,True,Ferretería,,True,category=Ferretería; normalized=transformadores inversor de corriente 1000w compuesto de carga usb 12v a 110v,HIGH_CONFIDENCE,KEEP,Already Goods and name is not a service,,0,0,0,0,0,0,False,0.0,5500.0
315,315,Transformador LED DRIVER MODELO SS M 13648 600 IMPUT AC85 265V 50/60,consu,consu,True,True,True,True,Material eléctrico,,True,category=Material eléctrico; normalized=transformador led driver modelo ss m 13648 600 imput ac85 265v 50/60,HIGH_CONFIDENCE,KEEP,Already Goods and name is not a service,,0,0,0,0,0,0,False,0.0,700.0
27,27,TRANSPORTE CALICHE,service,service,True,True,False,False,,,True,invoice_lines=1; normalized=transporte caliche,HIGH_CONFIDENCE,KEEP,"Construction/haulage/petty-cash activity, not a SKU",,0,0,1,0,0,0,False,0.0,3000.0
1276,1276,Transporte IDA Y VUELTA DE LOWBOY,consu,consu,True,True,True,True,Ferretería,,True,category=Ferretería; normalized=transporte ida y vuelta de lowboy,HIGH_CONFIDENCE,KEEP,Already Goods and name is not a service,,0,0,0,0,0,0,False,0.0,16000.0
29,29,TRASLADO Y REGADO DE STACKED MATERIAL,service,service,True,True,False,False,,,True,invoice_lines=1; normalized=traslado y regado de stacked material,HIGH_CONFIDENCE,KEEP,"Construction/haulage/petty-cash activity, not a SKU",,0,0,1,0,0,0,False,0.0,18500.0
234,234,Tropical Acrilica US Satinada BLANCO 00,consu,consu,True,True,True,True,Ferretería,,True,category=Ferretería; normalized=tropical acrilica us satinada blanco 00,HIGH_CONFIDENCE,KEEP,Already Goods and name is not a service,,0,0,0,0,0,0,False,0.0,12930.0
944,944,Tropical BARNIZ Natural CON BRILLO GL,consu,consu,True,True,True,True,Ferretería,,True,category=Ferretería; normalized=tropical barniz natural con brillo gl,HIGH_CONFIDENCE,KEEP,Already Goods and name is not a service,,0,0,0,0,0,0,False,0.0,2512.0
452,452,Tropical LACA Natural BRILLO,consu,consu,True,True,True,True,Ferretería,,True,category=Ferretería; normalized=tropical laca natural brillo,HIGH_CONFIDENCE,KEEP,Already Goods and name is not a service,,0,0,0,0,0,0,False,0.0,2725.0
1096,1096,Tropical SEALER (6158),consu,consu,True,True,True,True,Ferretería,,True,category=Ferretería; normalized=tropical sealer 6158,HIGH_CONFIDENCE,KEEP,Already Goods and name is not a service,,0,0,0,0,0,0,False,0.0,1215.0
1097,1097,Tropical Thinner TH-900,consu,consu,True,True,True,True,Pinturas,,True,category=Pinturas; normalized=tropical thinner th-900,DETERMINISTIC,KEEP,"Physical material, merchandise, food or tool",,0,0,0,0,0,0,False,0.0,475.0
1184,1184,Tuberia Licuaty 3/4 Plastica,consu,consu,True,True,True,True,Ferretería,,True,category=Ferretería; normalized=tuberia licuaty 3/4 plastica,HIGH_CONFIDENCE,KEEP,Already Goods and name is not a service,,0,0,0,0,0,0,False,0.0,8450.0
866,866,Tuberia MT 3 Pulgadas,consu,consu,True,True,True,True,Ferretería,,True,category=Ferretería; normalized=tuberia mt 3 pulgadas,HIGH_CONFIDENCE,KEEP,Already Goods and name is not a service,,0,0,0,0,0,0,False,0.0,2325.0
1025,1025,TUBO 1/2 H.galvanizado,consu,consu,True,True,True,True,Plomería,,True,category=Plomería; normalized=tubo 1/2 h.galvanizado,DETERMINISTIC,KEEP,"Physical material, merchandise, food or tool",,0,0,0,0,0,0,False,0.0,1578.0
158,158,TUBO CUADRADO GALVANIZADO ( 3X3X1.5 MM ),consu,consu,True,True,False,True,,,True,invoice_lines=1; normalized=tubo cuadrado galvanizado 3x3x1.5 mm,DETERMINISTIC,FIX_PURCHASE_OK,"Physical material, merchandise, food or tool",,0,0,1,0,0,0,False,0.0,1265.0
157,157,TUBO CUADRADO GALVANIZADO ( 4X4 1.5 MM ),consu,consu,True,True,False,True,,,True,invoice_lines=1; normalized=tubo cuadrado galvanizado 4x4 1.5 mm,DETERMINISTIC,FIX_PURCHASE_OK,"Physical material, merchandise, food or tool",,0,0,1,0,0,0,False,0.0,1895.73
1065,1065,TUBO DE 10X2 P/malla,consu,consu,True,True,True,True,Plomería,,True,category=Plomería; normalized=tubo de 10x2 p/malla,DETERMINISTIC,KEEP,"Physical material, merchandise, food or tool",,0,0,0,0,0,0,False,0.0,1958.0
1455,1455,TUBO DE 1-1/2 *15 Para MALLA,consu,consu,True,True,True,True,Plomería,,True,category=Plomería; normalized=tubo de 1-1/2 15 para malla,DETERMINISTIC,KEEP,"Physical material, merchandise, food or tool",,0,0,0,0,0,0,False,0.0,1356.0
1024,1024,TUBO DE 1-1/2 *15 P/malla,consu,consu,True,True,True,True,Plomería,,True,category=Plomería; normalized=tubo de 1-1/2 15 p/malla,DETERMINISTIC,KEEP,"Physical material, merchandise, food or tool",,0,0,0,0,0,0,False,0.0,840.0
785,785,TUBO DE 20X20″ P/malla,consu,consu,True,True,True,True,Plomería,,True,category=Plomería; normalized=tubo de 20x20 p/malla,DETERMINISTIC,KEEP,"Physical material, merchandise, food or tool",,0,0,0,0,0,0,False,0.0,929.97
1456,1456,TUBO DE 2 Para MALLA,consu,consu,True,True,True,True,Plomería,,True,category=Plomería; normalized=tubo de 2 para malla,DETERMINISTIC,KEEP,"Physical material, merchandise, food or tool",,0,0,0,0,0,0,False,0.0,2230.6
1023,1023,TUBO DE 2 P/malla,consu,consu,True,True,True,True,Plomería,,True,category=Plomería; normalized=tubo de 2 p/malla,DETERMINISTIC,KEEP,"Physical material, merchandise, food or tool",,0,0,0,0,0,0,False,0.0,1958.6
646,646,TUBO DE 2X20 P/malla,consu,consu,True,True,True,True,Plomería,,True,category=Plomería; normalized=tubo de 2x20 p/malla,DETERMINISTIC,KEEP,"Physical material, merchandise, food or tool",,0,0,0,0,0,0,False,0.0,1985.0
1014,1014,TUBO DE Presion DE 12,consu,consu,True,True,True,True,Plomería,,True,category=Plomería; normalized=tubo de presion de 12,DETERMINISTIC,KEEP,"Physical material, merchandise, food or tool",,0,0,0,0,0,0,False,0.0,49780.0
885,885,TUBO EMT 3/4,consu,consu,True,True,True,True,Plomería,,True,category=Plomería; normalized=tubo emt 3/4,DETERMINISTIC,KEEP,"Physical material, merchandise, food or tool",,0,0,0,0,0,0,False,0.0,300.0
200,200,Tubo Led 18w 48'' 6000k,consu,consu,True,True,True,True,Plomería,,True,category=Plomería; normalized=tubo led 18w 48 6000k,DETERMINISTIC,KEEP,"Physical material, merchandise, food or tool",,0,0,0,0,0,0,False,0.0,480.0
1059,1059,TUBO LED 2C. 32W,consu,consu,True,True,True,True,Plomería,,True,category=Plomería; normalized=tubo led 2c. 32w,DETERMINISTIC,KEEP,"Physical material, merchandise, food or tool",,0,0,0,0,0,0,False,0.0,480.0
624,624,TUBO PARA MALLA 1 1/2 X 15 S/rosca Generico,consu,consu,True,True,True,True,Plomería,,True,category=Plomería; normalized=tubo para malla 1 1/2 x 15 s/rosca generico,DETERMINISTIC,KEEP,"Physical material, merchandise, food or tool",,0,0,0,0,0,0,False,0.0,708.0
625,625,TUBO PARA MALLA 1 1/4 X20 S/rosca Generico,consu,consu,True,True,True,True,Plomería,,True,category=Plomería; normalized=tubo para malla 1 1/4 x20 s/rosca generico,DETERMINISTIC,KEEP,"Physical material, merchandise, food or tool",,0,0,0,0,0,0,False,0.0,881.6
712,712,TUBO Presion 3/4''X 19 SCH 40,consu,consu,True,True,True,True,Plomería,,True,category=Plomería; normalized=tubo presion 3/4 x 19 sch 40,DETERMINISTIC,KEEP,"Physical material, merchandise, food or tool",,0,0,0,0,0,0,False,0.0,565.0
616,616,TUBO PVC 12X19 SDR41 CORVI,consu,consu,True,True,True,True,Plomería,,True,category=Plomería; normalized=tubo pvc 12x19 sdr41 corvi,DETERMINISTIC,KEEP,"Physical material, merchandise, food or tool",,0,0,0,0,0,0,False,0.0,20351.68
617,617,TUBO PVC 8X19 SDR41 CORVI,consu,consu,True,True,True,True,Plomería,,True,category=Plomería; normalized=tubo pvc 8x19 sdr41 corvi,DETERMINISTIC,KEEP,"Physical material, merchandise, food or tool",,0,0,0,0,0,0,False,0.0,8309.12
962,962,"TUBO PVC DE 12''x19 , SDR-41 CORVI",consu,consu,True,True,True,True,Plomería,,True,category=Plomería; normalized=tubo pvc de 12 x19 sdr-41 corvi,DETERMINISTIC,KEEP,"Physical material, merchandise, food or tool",,0,0,0,0,0,0,False,0.0,16656.29
963,963,"TUBO PVC DE 8''X19 , SDR-41 CORVI",consu,consu,True,True,True,True,Plomería,,True,category=Plomería; normalized=tubo pvc de 8 x19 sdr-41 corvi,DETERMINISTIC,KEEP,"Physical material, merchandise, food or tool",,0,0,0,0,0,0,False,0.0,12956.29
1485,1485,"TUBO PVC Drenaje 10""x19 Sdr-41",consu,consu,True,True,True,True,Plomería,,True,"category=Plomería; normalized=tubo pvc drenaje 10""x19 sdr-41",DETERMINISTIC,KEEP,"Physical material, merchandise, food or tool",,0,0,0,0,0,0,False,0.0,14199.82
1483,1483,"TUBO PVC Drenaje 6""X19 Sdr-41",consu,consu,True,True,True,True,Plomería,,True,"category=Plomería; normalized=tubo pvc drenaje 6""x19 sdr-41",DETERMINISTIC,KEEP,"Physical material, merchandise, food or tool",,0,0,0,0,0,0,False,0.0,6168.07
1484,1484,"TUBO PVC Drenaje 8""X19 Sdr-41",consu,consu,True,True,True,True,Plomería,,True,"category=Plomería; normalized=tubo pvc drenaje 8""x19 sdr-41",DETERMINISTIC,KEEP,"Physical material, merchandise, food or tool",,0,0,0,0,0,0,False,0.0,9293.55
376,376,TUBO PVC SDR-26 X 1/2,consu,consu,True,True,True,True,Plomería,,True,category=Plomería; normalized=tubo pvc sdr-26 x 1/2,DETERMINISTIC,KEEP,"Physical material, merchandise, food or tool",,0,0,0,0,0,0,False,0.0,180.0
159,159,TUBO RECTANGULAR GALVANIZADO ( 2X2X1.5 MM ),consu,consu,True,True,False,True,,,True,invoice_lines=1; normalized=tubo rectangular galvanizado 2x2x1.5 mm,DETERMINISTIC,FIX_PURCHASE_OK,"Physical material, merchandise, food or tool",,0,0,1,0,0,0,False,0.0,942.0
711,711,TUBO SCH-40 1'',consu,consu,True,True,True,True,Plomería,,True,category=Plomería; normalized=tubo sch-40 1,DETERMINISTIC,KEEP,"Physical material, merchandise, food or tool",,0,0,0,0,0,0,False,0.0,780.0
728,728,TUBO SCH-40 2'',consu,consu,True,True,True,True,Plomería,,True,category=Plomería; normalized=tubo sch-40 2,DETERMINISTIC,KEEP,"Physical material, merchandise, food or tool",,0,0,0,0,0,0,False,0.0,880.0
713,713,TUBO SCH-40 DE 1/2'',consu,consu,True,True,True,True,Plomería,,True,category=Plomería; normalized=tubo sch-40 de 1/2,DETERMINISTIC,KEEP,"Physical material, merchandise, food or tool",,0,0,0,0,0,0,False,0.0,595.0
940,940,TUBOS DE OLEO MARRON,consu,consu,True,True,True,True,Plomería,,True,category=Plomería; normalized=tubos de oleo marron,DETERMINISTIC,KEEP,"Physical material, merchandise, food or tool",,0,0,0,0,0,0,False,0.0,520.0
316,316,TUBOS SKTG4F-18 T8 18W 10% 100-265V 25000 H,consu,consu,True,True,True,True,Plomería,,True,category=Plomería; normalized=tubos sktg4f-18 t8 18w 10% 100-265v 25000 h,DETERMINISTIC,KEEP,"Physical material, merchandise, food or tool",,0,0,0,0,0,0,False,0.0,480.0
613,613,TUERCA DE 5/8,consu,consu,True,True,True,True,Ferretería,,True,category=Ferretería; normalized=tuerca de 5/8,HIGH_CONFIDENCE,KEEP,Already Goods and name is not a service,,0,0,0,0,0,0,False,0.0,10.0
317,317,UND.,consu,consu,True,True,True,True,Ferretería,,True,category=Ferretería; normalized=und.,HIGH_CONFIDENCE,KEEP,Already Goods and name is not a service,,0,0,0,0,0,0,False,0.0,1750.0
475,475,Uniforme TIPO OVEROL SIZE (8 L Y 4 M),consu,consu,True,True,True,True,Ferretería,,True,category=Ferretería; normalized=uniforme tipo overol size 8 l y 4 m,HIGH_CONFIDENCE,KEEP,Already Goods and name is not a service,,0,0,0,0,0,0,False,0.0,2250.34
1412,1412,Union Universal 3/4 Pvc,consu,consu,True,True,True,True,Plomería,,True,category=Plomería; normalized=union universal 3/4 pvc,HIGH_CONFIDENCE,KEEP,Already Goods and name is not a service,,0,0,0,0,0,0,False,0.0,85.0
803,803,UNION Universal PVC 1'',consu,consu,True,True,True,True,Plomería,,True,category=Plomería; normalized=union universal pvc 1,HIGH_CONFIDENCE,KEEP,Already Goods and name is not a service,,0,0,0,0,0,0,False,0.0,155.0
1388,1388,Vainilla Blanca,consu,consu,True,True,True,True,Ferretería,,True,category=Ferretería; normalized=vainilla blanca,HIGH_CONFIDENCE,KEEP,Already Goods and name is not a service,,0,0,0,0,0,0,False,0.0,650.0
23,23,"VALLA DE SEGURIDAD 2MT X 1.10MT EN TUBOS GALVANIZADOS DE 1 1/4"" Y BARRAS DE 5/8"" CON ESMALTE ALUMINIO",consu,consu,True,True,False,True,,,True,"invoice_lines=1; normalized=valla de seguridad 2mt x 1.10mt en tubos galvanizados de 1 1/4"" y barras de 5/8"" con esmalte aluminio",DETERMINISTIC,FIX_PURCHASE_OK,"Physical material, merchandise, food or tool",,0,0,1,0,0,0,False,0.0,10408.0
618,618,VALLA DE Senalizacion EN METAL (hombres Trabajando),consu,consu,True,True,True,True,Ferretería,,True,category=Ferretería; normalized=valla de senalizacion en metal hombres trabajando,HIGH_CONFIDENCE,KEEP,Already Goods and name is not a service,,0,0,0,0,0,0,False,0.0,9600.0
1248,1248,VALLAS DE Seguridad DE Aluminio,consu,consu,True,True,True,True,Ferretería,,True,category=Ferretería; normalized=vallas de seguridad de aluminio,HIGH_CONFIDENCE,KEEP,Already Goods and name is not a service,,0,0,0,0,0,0,False,0.0,6525.0
1362,1362,Válvula De Servicio AVX-1/4,consu,consu,True,True,True,True,Plomería,,True,category=Plomería; normalized=valvula de servicio avx-1/4,DETERMINISTIC,KEEP,"Physical material, merchandise, food or tool",,0,0,0,0,0,0,False,0.0,62.73
114,114,VALVULA ENTRADA INODORO 200AM133 FLUIDMASTER,consu,consu,True,True,False,True,,,True,invoice_lines=1; normalized=valvula entrada inodoro 200am133 fluidmaster,DETERMINISTIC,FIX_PURCHASE_OK,"Physical material, merchandise, food or tool",,0,0,1,0,0,0,False,0.0,740.0
1491,1491,Valvula Fluxometro PARA Inodoro,consu,consu,True,True,True,True,Plomería,,True,category=Plomería; normalized=valvula fluxometro para inodoro,DETERMINISTIC,KEEP,"Physical material, merchandise, food or tool",,0,0,0,0,0,0,False,0.0,12340.0
734,734,Valvula Fluxometro P/inodoro Z6000-WS1-YB YC ZURN,consu,consu,True,True,True,True,Plomería,,True,category=Plomería; normalized=valvula fluxometro p/inodoro z6000-ws1-yb yc zurn,DETERMINISTIC,KEEP,"Physical material, merchandise, food or tool",,0,0,0,0,0,0,False,0.0,11232.0
68,68,VALVULA FLUXOMETRO P/INODORO Z6000-WS1-YBYC ZURN,consu,consu,True,True,False,True,,,True,invoice_lines=1; normalized=valvula fluxometro p/inodoro z6000-ws1-ybyc zurn,DETERMINISTIC,FIX_PURCHASE_OK,"Physical material, merchandise, food or tool",,0,0,1,0,0,0,False,0.0,11232.0
115,115,VALVULA SALIDA P/INODORO 507A133 FLUIDMASTER,consu,consu,True,True,False,True,,,True,invoice_lines=1; normalized=valvula salida p/inodoro 507a133 fluidmaster,DETERMINISTIC,FIX_PURCHASE_OK,"Physical material, merchandise, food or tool",,0,0,1,0,0,0,False,0.0,544.0
782,782,Valvula TIPO Fluxometro PARA Inodoro,consu,consu,True,True,True,True,Plomería,,True,category=Plomería; normalized=valvula tipo fluxometro para inodoro,DETERMINISTIC,KEEP,"Physical material, merchandise, food or tool",,0,0,0,0,0,0,False,0.0,9130.0
1004,1004,VARA PARA Extension,consu,consu,True,True,True,True,Ferretería,,True,category=Ferretería; normalized=vara para extension,HIGH_CONFIDENCE,KEEP,Already Goods and name is not a service,,0,0,0,0,0,0,False,0.0,1898.0
387,387,VARA PARA Extension BYP,consu,consu,True,True,True,True,Ferretería,,True,category=Ferretería; normalized=vara para extension byp,HIGH_CONFIDENCE,KEEP,Already Goods and name is not a service,,0,0,0,0,0,0,False,0.0,1650.0
966,966,VARA PARA PINTAR BYP,consu,consu,True,True,True,True,Ferretería,,True,category=Ferretería; normalized=vara para pintar byp,HIGH_CONFIDENCE,KEEP,Already Goods and name is not a service,,0,0,0,0,0,0,False,0.0,1425.0
209,209,Varilla 1/2,consu,consu,True,True,True,True,Construcción,,True,category=Construcción; normalized=varilla 1/2,DETERMINISTIC,KEEP,"Physical material, merchandise, food or tool",,0,0,0,0,0,0,False,0.0,110325.62
319,319,Varilla 3/4,consu,consu,True,True,True,True,Construcción,,True,category=Construcción; normalized=varilla 3/4,DETERMINISTIC,KEEP,"Physical material, merchandise, food or tool",,0,0,0,0,0,0,False,0.0,118143.51
1190,1190,Varilla 3/4X40 (at-37) 40 AT 0 UD GDO 60 Metaldom,consu,consu,True,True,True,True,Construcción,,True,category=Construcción; normalized=varilla 3/4x40 at-37 40 at 0 ud gdo 60 metaldom,DETERMINISTIC,KEEP,"Physical material, merchandise, food or tool",,0,0,0,0,0,0,False,0.0,66945.74
1487,1487,Varilla 3/5,consu,consu,True,True,True,True,Construcción,,True,category=Construcción; normalized=varilla 3/5,DETERMINISTIC,KEEP,"Physical material, merchandise, food or tool",,0,0,0,0,0,0,False,0.0,104906.65
336,336,Varilla 3/8,consu,consu,True,True,True,True,Construcción,,True,category=Construcción; normalized=varilla 3/8,DETERMINISTIC,KEEP,"Physical material, merchandise, food or tool",,0,0,0,0,0,0,False,0.0,110325.62
607,607,Varilla P/soldar 1/8 C/10LBS E-7018 Universal,consu,consu,True,True,True,True,Construcción,,True,category=Construcción; normalized=varilla p/soldar 1/8 c/10lbs e-7018 universal,DETERMINISTIC,KEEP,"Physical material, merchandise, food or tool",,0,0,0,0,0,0,False,0.0,2016.0
606,606,Varilla P/soldar 3/32 C/10LBS E-6013 Universal,consu,consu,True,True,True,True,Construcción,,True,category=Construcción; normalized=varilla p/soldar 3/32 c/10lbs e-6013 universal,DETERMINISTIC,KEEP,"Physical material, merchandise, food or tool",,0,0,0,0,0,0,False,0.0,1649.4
1261,1261,VASOS Higienicos NO.7,consu,consu,True,True,True,True,Ferretería,,True,category=Ferretería; normalized=vasos higienicos no.7,HIGH_CONFIDENCE,KEEP,Already Goods and name is not a service,,0,0,0,0,0,0,False,0.0,60.0
1457,1457,Ventana Salomonica,consu,consu,True,True,True,True,Ferretería,,True,category=Ferretería; normalized=ventana salomonica,HIGH_CONFIDENCE,KEEP,Already Goods and name is not a service,,0,0,0,0,0,0,False,0.0,108500.0
497,497,Ventana Salomonica AA 1.10X1.30 M,consu,consu,True,True,True,True,Ferretería,,True,category=Ferretería; normalized=ventana salomonica aa 1.10x1.30 m,HIGH_CONFIDENCE,KEEP,Already Goods and name is not a service,,0,0,0,0,0,0,False,0.0,8200.0
500,500,Ventana Salomonica AA 1.50X1.50 M,consu,consu,True,True,True,True,Ferretería,,True,category=Ferretería; normalized=ventana salomonica aa 1.50x1.50 m,HIGH_CONFIDENCE,KEEP,Already Goods and name is not a service,,0,0,0,0,0,0,False,0.0,9400.0
498,498,Ventana Salomonica AA 1.50X1.60 M,consu,consu,True,True,True,True,Ferretería,,True,category=Ferretería; normalized=ventana salomonica aa 1.50x1.60 m,HIGH_CONFIDENCE,KEEP,Already Goods and name is not a service,,0,0,0,0,0,0,False,0.0,10850.0
501,501,Ventana Salomonica AA 1.60X1.60 M,consu,consu,True,True,True,True,Ferretería,,True,category=Ferretería; normalized=ventana salomonica aa 1.60x1.60 m,HIGH_CONFIDENCE,KEEP,Already Goods and name is not a service,,0,0,0,0,0,0,False,0.0,12750.0
499,499,Ventana Salomonica AA 1X1.60 M,consu,consu,True,True,True,True,Ferretería,,True,category=Ferretería; normalized=ventana salomonica aa 1x1.60 m,HIGH_CONFIDENCE,KEEP,Already Goods and name is not a service,,0,0,0,0,0,0,False,0.0,8500.0
1468,1468,VERDE Positivo Pintura Acrilica,consu,consu,True,True,True,True,Pinturas,,True,category=Pinturas; normalized=verde positivo pintura acrilica,DETERMINISTIC,KEEP,"Physical material, merchandise, food or tool",,0,0,0,0,0,0,False,0.0,11630.8
1110,1110,VERDE Positivo Pintura Acrilica Popular,consu,consu,True,True,True,True,Pinturas,,True,category=Pinturas; normalized=verde positivo pintura acrilica popular,DETERMINISTIC,KEEP,"Physical material, merchandise, food or tool",,0,0,0,0,0,0,False,0.0,11790.13
1028,1028,VIGA 6X4X30 FINA,consu,consu,True,True,True,True,Ferretería,,True,category=Ferretería; normalized=viga 6x4x30 fina,HIGH_CONFIDENCE,KEEP,Already Goods and name is not a service,,0,0,0,0,0,0,False,0.0,19938.5
1221,1221,VIGA H 4x4-30 (13.0# )-390 LBS,consu,consu,True,True,True,True,Ferretería,,True,category=Ferretería; normalized=viga h 4x4-30 13.0 -390 lbs,HIGH_CONFIDENCE,KEEP,Already Goods and name is not a service,,0,0,0,0,0,0,False,0.0,20796.85
1223,1223,VIGA H 6X4-30 (16.0#) -480 LBS FINA,consu,consu,True,True,True,True,Ferretería,,True,category=Ferretería; normalized=viga h 6x4-30 16.0 -480 lbs fina,HIGH_CONFIDENCE,KEEP,Already Goods and name is not a service,,0,0,0,0,0,0,False,0.0,24898.95
1222,1222,VIGA H 6x6-30 (25.0# )-750 LBS,consu,consu,True,True,True,True,Ferretería,,True,category=Ferretería; normalized=viga h 6x6-30 25.0 -750 lbs,HIGH_CONFIDENCE,KEEP,Already Goods and name is not a service,,0,0,0,0,0,0,False,0.0,41999.88
647,647,Viga H 6X6 De 30'',consu,consu,True,True,True,True,Ferretería,,True,category=Ferretería; normalized=viga h 6x6 de 30,HIGH_CONFIDENCE,KEEP,Already Goods and name is not a service,,0,0,0,0,0,0,False,0.0,17294.95
137,137,VIGA H 6X6X30,consu,consu,True,True,False,True,,,True,invoice_lines=1; normalized=viga h 6x6x30,HIGH_CONFIDENCE,FIX_PURCHASE_OK,Already Goods and name is not a service,,0,0,1,0,0,0,False,0.0,19655.0
783,783,VIGA H 6x6x30' (15.0# Lb/p)-450 Lbs,consu,consu,True,True,True,True,Ferretería,,True,category=Ferretería; normalized=viga h 6x6x30 15.0 lb/p -450 lbs,HIGH_CONFIDENCE,KEEP,Already Goods and name is not a service,,0,0,0,0,0,0,False,0.0,2288.0
66,66,VIGA H 6X6X30 15 LB/P,consu,consu,True,True,False,True,,,True,invoice_lines=1; normalized=viga h 6x6x30 15 lb/p,HIGH_CONFIDENCE,FIX_PURCHASE_OK,Already Goods and name is not a service,,0,0,1,0,0,0,False,0.0,35360.0
1266,1266,WD-40 AKFIX A40 MAGIC,consu,consu,True,True,True,True,Ferretería,,True,category=Ferretería; normalized=wd-40 akfix a40 magic,HIGH_CONFIDENCE,KEEP,Already Goods and name is not a service,,0,0,0,0,0,0,False,0.0,295.0
356,356,Zafacon 200 LT,consu,consu,True,True,True,True,Ferretería,,True,category=Ferretería; normalized=zafacon 200 lt,HIGH_CONFIDENCE,KEEP,Already Goods and name is not a service,,0,0,0,0,0,0,False,0.0,9560.0
1426,1426,Zafacon DE 2 RUEDA 200 LT,consu,consu,True,True,True,True,Ferretería,,True,category=Ferretería; normalized=zafacon de 2 rueda 200 lt,HIGH_CONFIDENCE,KEEP,Already Goods and name is not a service,,0,0,0,0,0,0,False,0.0,8500.0
76,76,ZAFACON EKO 20L-WH 5GL,consu,consu,True,True,False,True,,,True,invoice_lines=1; normalized=zafacon eko 20l-wh 5gl,HIGH_CONFIDENCE,FIX_PURCHASE_OK,Already Goods and name is not a service,,0,0,1,0,0,0,False,0.0,2500.0
77,77,ZAFACON EKO 55L-WH 15GL,consu,consu,True,True,False,True,,,True,invoice_lines=1; normalized=zafacon eko 55l-wh 15gl,HIGH_CONFIDENCE,FIX_PURCHASE_OK,Already Goods and name is not a service,,0,0,1,0,0,0,False,0.0,7700.0
598,598,Zapapico CON MANGO 5LBS 77303/553 Tramontina,consu,consu,True,True,True,True,Ferretería,,True,category=Ferretería; normalized=zapapico con mango 5lbs 77303/553 tramontina,HIGH_CONFIDENCE,KEEP,Already Goods and name is not a service,,0,0,0,0,0,0,False,0.0,1571.2
1333,1333,Z Bracket P/ Cerradura De 600 Lbs,consu,consu,True,True,True,True,Ferretería,,True,category=Ferretería; normalized=z bracket p/ cerradura de 600 lbs,HIGH_CONFIDENCE,KEEP,Already Goods and name is not a service,,0,0,0,0,0,0,False,0.0,1350.0
